step,mean_energy,finite_energy,finite_grad,grad_norm_mean,grad_norm_median,grad_norm_p95,grad_norm_max,x_abs_max
1,-5.698844909667969,True,True,3.4527249336242676,1.9858245849609375,10.613353729248047,34.39070510864258,1.4622118473052979
2,-5.7727813720703125,True,True,2.6493377685546875,1.3027868270874023,7.90150260925293,22.334854125976562,1.6198619604110718
3,-5.81866455078125,True,True,2.040806770324707,1.2191983461380005,5.520424842834473,16.755916595458984,1.5910848379135132
4,-5.8222198486328125,True,True,2.1298418045043945,1.1630746126174927,7.156371593475342,16.25916290283203,1.55861234664917
5,-5.850013732910156,True,True,1.9606337547302246,1.0979950428009033,7.034571170806885,18.313051223754883,1.5805131196975708
6,-5.868400573730469,True,True,1.9728374481201172,0.9958975911140442,7.040538787841797,17.873615264892578,1.6208611726760864
7,-5.871429443359375,True,True,1.980391263961792,0.9827622771263123,7.573119163513184,16.211397171020508,1.6201335191726685
8,-5.888389587402344,True,True,1.70032799243927,0.9385796785354614,6.438704013824463,14.386778831481934,1.5904020071029663
9,-5.9035797119140625,True,True,1.9508297443389893,0.9206678867340088,8.971434593200684,23.92064666748047,1.5447200536727905
10,-5.890312194824219,True,True,1.868770956993103,0.8400646448135376,7.863290786743164,21.379554748535156,1.5925633907318115
11,-5.878013610839844,True,True,1.764552116394043,0.7887174487113953,7.970761775970459,19.946609497070312,1.6546602249145508
12,-5.886085510253906,True,True,1.7375619411468506,0.8096145987510681,7.555208683013916,17.930932998657227,1.617946982383728
13,-5.8908843994140625,True,True,1.6744012832641602,0.7421466708183289,7.796421051025391,15.322970390319824,1.602704405784607
14,-5.900909423828125,True,True,1.9394629001617432,0.8167793154716492,7.715220928192139,22.52591323852539,1.5636096000671387
15,-5.90185546875,True,True,1.8665180206298828,0.7684173583984375,9.321314811706543,19.679126739501953,1.620627760887146
16,-5.89892578125,True,True,1.7400472164154053,0.7349819540977478,8.053156852722168,19.7364444732666,1.6096630096435547
17,-5.9063720703125,True,True,1.5971112251281738,0.672290563583374,7.158760070800781,15.42805290222168,1.5739318132400513
18,-5.915313720703125,True,True,1.633325219154358,0.6645287871360779,8.867548942565918,16.66038703918457,1.5646955966949463
19,-5.916252136230469,True,True,1.5772068500518799,0.6460198760032654,6.64886999130249,18.284393310546875,1.5505259037017822
20,-5.897315979003906,True,True,1.614612340927124,0.6806493997573853,7.608943462371826,14.205272674560547,1.6086065769195557
21,-5.90374755859375,True,True,1.7270877361297607,0.707517147064209,7.980315208435059,20.94011878967285,1.564102292060852
22,-5.919456481933594,True,True,1.6316956281661987,0.6663199663162231,7.409524917602539,20.424259185791016,1.58528470993042
23,-5.90838623046875,True,True,1.5042120218276978,0.6018373370170593,7.2160773277282715,19.79376220703125,1.594481348991394
24,-5.916538238525391,True,True,1.5765485763549805,0.6328845620155334,7.211299419403076,15.666877746582031,1.6141479015350342
25,-5.906181335449219,True,True,1.6930592060089111,0.650199294090271,8.294368743896484,20.9974365234375,1.604176640510559
26,-5.913658142089844,True,True,1.7072203159332275,0.6084049940109253,7.508637428283691,23.51942253112793,1.6396020650863647
27,-5.917667388916016,True,True,1.5482137203216553,0.6704993844032288,7.397583961486816,16.459775924682617,1.6003942489624023
28,-5.9206085205078125,True,True,1.6612657308578491,0.6388551592826843,7.956432819366455,19.545385360717773,1.6107896566390991
29,-5.924476623535156,True,True,1.7072137594223022,0.6310933828353882,7.546849727630615,19.440303802490234,1.5877829790115356
30,-5.9217071533203125,True,True,1.6163533926010132,0.6173609495162964,7.500277996063232,19.660022735595703,1.5858912467956543
31,-5.925788879394531,True,True,1.7874956130981445,0.6466169953346252,8.616782188415527,21.05475616455078,1.6411062479019165
32,-5.928382873535156,True,True,1.5207207202911377,0.601240336894989,6.97008752822876,17.78763771057129,1.6118342876434326
33,-5.9350738525390625,True,True,1.5930379629135132,0.6699023246765137,7.754626750946045,20.481576919555664,1.6083427667617798
34,-5.933998107910156,True,True,1.6338762044906616,0.6734846830368042,7.979119777679443,19.965715408325195,1.6560101509094238
35,-5.933258056640625,True,True,1.5798125267028809,0.6093006134033203,7.282946586608887,19.58359718322754,1.6470117568969727
36,-5.941368103027344,True,True,1.4053912162780762,0.5809402465820312,6.515127182006836,13.603435516357422,1.6479146480560303
37,-5.940635681152344,True,True,1.557596206665039,0.594672679901123,6.324069023132324,20.32872772216797,1.6300581693649292
38,-5.9384002685546875,True,True,1.375302791595459,0.5860152840614319,6.587968826293945,14.606497764587402,1.6413019895553589
39,-5.9593048095703125,True,True,1.3503508567810059,0.6024343967437744,6.124650001525879,15.122358322143555,1.6566269397735596
40,-5.960468292236328,True,True,1.3509926795959473,0.5770593285560608,5.691183090209961,16.57440948486328,1.6483763456344604
41,-5.9542236328125,True,True,1.4967525005340576,0.5734769701957703,7.934938907623291,20.538894653320312,1.6678308248519897
42,-5.948478698730469,True,True,1.6455953121185303,0.6269139647483826,7.312800407409668,22.430383682250977,1.664963722229004
43,-5.953033447265625,True,True,1.5740904808044434,0.5382503867149353,7.262648582458496,20.882802963256836,1.6798927783966064
44,-5.961578369140625,True,True,1.4207690954208374,0.5621328353881836,7.131295680999756,22.812503814697266,1.678683876991272
45,-5.9569854736328125,True,True,1.449980616569519,0.614972710609436,7.214883804321289,17.75897979736328,1.6931443214416504
46,-5.972908020019531,True,True,1.473105549812317,0.5630283951759338,7.1050238609313965,19.660022735595703,1.6939599514007568
47,-5.958782196044922,True,True,1.5503864288330078,0.5633269548416138,7.342653751373291,20.080352783203125,1.7016956806182861
48,-5.952720642089844,True,True,1.269653081893921,0.565118134021759,5.472659111022949,12.92517375946045,1.6993424892425537
49,-5.9656982421875,True,True,1.515838384628296,0.600344717502594,7.93613338470459,16.39290428161621,1.7274664640426636
50,-5.950771331787109,True,True,1.7208452224731445,0.5125767588615417,10.419903755187988,20.768165588378906,1.7183035612106323
51,-5.9340972900390625,True,True,1.456173062324524,0.5522813200950623,6.881723403930664,16.211397171020508,1.7331280708312988
52,-5.957923889160156,True,True,1.3285870552062988,0.47973841428756714,6.794552803039551,18.446792602539062,1.7322396039962769
53,-5.967098236083984,True,True,1.4288382530212402,0.5289959907531738,7.599390506744385,20.38604736328125,1.7333474159240723
54,-5.9514923095703125,True,True,1.4529640674591064,0.543026864528656,6.376609802246094,21.494192123413086,1.7539572715759277
55,-5.9620513916015625,True,True,1.2737354040145874,0.5734769701957703,5.882241249084473,13.584329605102539,1.7667032480239868
56,-5.9810028076171875,True,True,1.24116051197052,0.5122782588005066,5.662524700164795,15.131911277770996,1.7887595891952515
57,-5.977958679199219,True,True,1.3891041278839111,0.49347081780433655,7.645960330963135,17.204906463623047,1.7950406074523926
58,-5.9715576171875,True,True,1.4328182935714722,0.5522813200950623,7.094276428222656,19.354326248168945,1.7993907928466797
59,-5.969261169433594,True,True,1.4067766666412354,0.5636254549026489,6.78261137008667,14.329462051391602,1.7925758361816406
60,-5.972175598144531,True,True,1.5063719749450684,0.4686927795410156,8.340940475463867,17.204906463623047,1.8042303323745728
61,-5.964927673339844,True,True,1.380661129951477,0.48511195182800293,5.984935760498047,19.459409713745117,1.8083093166351318
62,-5.9647216796875,True,True,1.108858346939087,0.543026864528656,4.602741718292236,12.304230690002441,1.795198917388916
63,-5.980033874511719,True,True,1.374192714691162,0.4883958101272583,6.290633678436279,18.570981979370117,1.7926701307296753
64,-5.964668273925781,True,True,1.2964398860931396,0.4848134517669678,6.842316627502441,14.692474365234375,1.7881269454956055
65,-5.966102600097656,True,True,1.356554627418518,0.4857090413570404,6.976059436798096,18.274839401245117,1.8070049285888672
66,-5.97552490234375,True,True,1.3128163814544678,0.4734692871570587,6.488856792449951,16.679492950439453,1.8155876398086548
67,-5.975547790527344,True,True,1.4915287494659424,0.5436239242553711,7.92657995223999,22.678760528564453,1.8196966648101807
68,-5.977378845214844,True,True,1.39111328125,0.4869031608104706,7.324742317199707,18.85757064819336,1.8270739316940308
69,-5.956451416015625,True,True,1.428574562072754,0.5092929601669312,7.817914009094238,16.82278823852539,1.8543609380722046
70,-5.978309631347656,True,True,1.4116735458374023,0.48750022053718567,7.384448051452637,20.51978874206543,1.8510797023773193
71,-5.964622497558594,True,True,1.3160128593444824,0.5182488560676575,5.952696323394775,14.740239143371582,1.8647422790527344
72,-5.989494323730469,True,True,1.4135044813156128,0.47645458579063416,6.5509514808654785,19.220584869384766,1.876340389251709
73,-5.972068786621094,True,True,1.3354251384735107,0.4863061010837555,6.082855224609375,15.628665924072266,1.8874531984329224
74,-5.976734161376953,True,True,1.2634665966033936,0.49138113856315613,6.074497222900391,15.055487632751465,1.8765181303024292
75,-5.9788055419921875,True,True,1.4538042545318604,0.4916796386241913,8.034049987792969,18.32260513305664,1.870865821838379
76,-5.970420837402344,True,True,1.4305850267410278,0.5110840797424316,8.05793285369873,18.370370864868164,1.8648606538772583
77,-5.9726715087890625,True,True,1.3598872423171997,0.4227190911769867,6.4960222244262695,14.864428520202637,1.8599202632904053
78,-5.974884033203125,True,True,1.3018379211425781,0.46749868988990784,7.312801361083984,15.208334922790527,1.8528517484664917
79,-5.973114013671875,True,True,1.414552927017212,0.5113826394081116,7.52535343170166,17.19535255432129,1.877866506576538
80,-5.9541473388671875,True,True,1.3958849906921387,0.446601539850235,6.672752380371094,19.373432159423828,1.884285807609558
81,-5.976112365722656,True,True,1.2418471574783325,0.4719766080379486,6.0219550132751465,13.326398849487305,1.909250259399414
82,-5.967063903808594,True,True,1.341961145401001,0.49436643719673157,6.1604743003845215,16.889659881591797,1.904675841331482
83,-5.9645233154296875,True,True,1.4166886806488037,0.47645458579063416,7.095471382141113,17.902273178100586,1.9139717817306519
84,-5.964019775390625,True,True,1.3492188453674316,0.43943679332733154,6.915158271789551,17.415071487426758,1.9145889282226562
85,-5.955047607421875,True,True,1.299706220626831,0.4895899295806885,6.972476482391357,14.033319473266602,1.9233049154281616
86,-5.961204528808594,True,True,1.3402738571166992,0.461229532957077,7.003523349761963,15.724196434020996,1.918580174446106
87,-5.969154357910156,True,True,1.282642126083374,0.4809325635433197,5.95747184753418,16.545751571655273,1.9000072479248047
88,-5.97943115234375,True,True,1.2467992305755615,0.44690006971359253,5.865525245666504,18.704723358154297,1.9189358949661255
89,-5.962528228759766,True,True,1.2494601011276245,0.5298914909362793,5.839254379272461,20.4433650970459,1.9330981969833374
90,-5.96502685546875,True,True,1.263613224029541,0.4427206516265869,6.075686931610107,17.75897979736328,1.929880976676941
91,-5.959892272949219,True,True,1.231759786605835,0.4209279417991638,6.356308460235596,20.768165588378906,1.9409559965133667
92,-5.974853515625,True,True,1.2552661895751953,0.44570595026016235,6.033897399902344,14.940852165222168,1.9569679498672485
93,-5.951141357421875,True,True,1.4498441219329834,0.4803355038166046,7.8071675300598145,16.889659881591797,1.9834792613983154
94,-5.960151672363281,True,True,1.2719154357910156,0.4704839885234833,6.263167858123779,14.09063720703125,1.977858304977417
95,-5.970390319824219,True,True,1.2083029747009277,0.4624236524105072,4.68692684173584,16.134973526000977,1.9747949838638306
96,-5.9656829833984375,True,True,1.158310890197754,0.42510735988616943,5.76999568939209,16.33558464050293,1.965909719467163
97,-5.965675354003906,True,True,1.195345163345337,0.4952619969844818,5.027252674102783,16.746362686157227,1.9658604860305786
98,-5.969841003417969,True,True,1.31551194190979,0.45943835377693176,5.475047588348389,22.98445701599121,1.9728596210479736
99,-5.940959930419922,True,True,1.4205553531646729,0.47436487674713135,6.822013854980469,16.784574508666992,1.9697989225387573
100,-5.955833435058594,True,True,1.275179147720337,0.4427206516265869,5.680436611175537,16.497987747192383,1.9692001342773438
101,-5.959651947021484,True,True,1.3159887790679932,0.4322721064090729,5.789100170135498,20.233200073242188,1.9830631017684937
102,-5.945659637451172,True,True,1.2200583219528198,0.44242212176322937,6.193909645080566,13.890024185180664,1.9855016469955444
103,-5.963336944580078,True,True,1.1614484786987305,0.46331924200057983,5.090540885925293,15.466265678405762,1.982053279876709
104,-5.966876983642578,True,True,1.2624890804290771,0.43555593490600586,7.072782039642334,15.85793685913086,1.998206615447998
105,-5.962150573730469,True,True,1.362882137298584,0.4734692871570587,6.565279960632324,20.558000564575195,1.997719645500183
106,-5.929386138916016,True,True,1.2260096073150635,0.4967546761035919,6.265556335449219,13.488800048828125,1.9802130460739136
107,-5.969566345214844,True,True,1.10523521900177,0.46063247323036194,5.127557277679443,11.482675552368164,1.969791054725647
108,-5.975257873535156,True,True,1.104093074798584,0.45048245787620544,4.696477890014648,14.15750789642334,1.976094365119934
109,-5.970497131347656,True,True,1.343617558479309,0.4910826086997986,7.552820205688477,16.975635528564453,1.975029706954956
110,-5.957725524902344,True,True,1.417668104171753,0.44421330094337463,7.218466281890869,21.761676788330078,1.9783384799957275
111,-5.955360412597656,True,True,1.347468614578247,0.47705164551734924,5.861943244934082,19.774656295776367,1.9884833097457886
112,-5.9602203369140625,True,True,1.141958475112915,0.47914135456085205,4.837386608123779,12.820091247558594,1.99850332736969
113,-5.952629089355469,True,True,1.179964542388916,0.4397353529930115,5.269659042358398,17.778085708618164,2.0067386627197266
114,-5.947265625,True,True,1.1587011814117432,0.4263014793395996,4.64752197265625,13.937789916992188,2.0088489055633545
115,-5.954734802246094,True,True,1.2946062088012695,0.50063556432724,6.246450901031494,17.138036727905273,2.01975679397583
116,-5.951469421386719,True,True,1.1965599060058594,0.4680957496166229,5.324588775634766,15.79106616973877,2.0211753845214844
117,-5.957897186279297,True,True,1.2546119689941406,0.44152653217315674,5.815372943878174,17.835403442382812,2.0175888538360596
118,-5.941600799560547,True,True,1.163989543914795,0.4576471745967865,4.440938472747803,18.20796775817871,2.0089104175567627
119,-5.939098358154297,True,True,1.1690425872802734,0.4734692871570587,5.338917255401611,13.641647338867188,2.0229756832122803
120,-5.937110900878906,True,True,1.320786476135254,0.43675002455711365,7.138459205627441,12.715008735656738,2.056032180786133
121,-5.942848205566406,True,True,1.2903939485549927,0.4776487350463867,6.253615856170654,19.15371322631836,2.0689098834991455
122,-5.960960388183594,True,True,1.1073918342590332,0.43615296483039856,4.0713582038879395,15.294312477111816,2.059668779373169
123,-5.963512420654297,True,True,1.136655569076538,0.450780987739563,4.413473129272461,16.326032638549805,2.057776927947998
124,-5.957386016845703,True,True,1.269200086593628,0.43077942728996277,6.2333149909973145,19.564491271972656,2.05539608001709
125,-5.928882598876953,True,True,1.134147047996521,0.42391324043273926,5.371158123016357,18.656957626342773,2.073070764541626
126,-5.929645538330078,True,True,1.3087387084960938,0.47436487674713135,5.64341926574707,16.42156219482422,2.079650402069092
127,-5.9289398193359375,True,True,1.2747337818145752,0.41913676261901855,5.784326076507568,19.71733856201172,2.0964365005493164
128,-5.9334259033203125,True,True,1.2160766124725342,0.45107951760292053,5.211146354675293,15.179676055908203,2.098787546157837
129,-5.935420989990234,True,True,1.3343021869659424,0.46212512254714966,5.887018203735352,15.170123100280762,2.108466863632202
130,-5.946464538574219,True,True,1.3572797775268555,0.4680957496166229,5.5526652336120605,18.399028778076172,2.1105875968933105
131,-5.950382232666016,True,True,1.2237486839294434,0.45406481623649597,5.146664619445801,20.405153274536133,2.1148924827575684
132,-5.944484710693359,True,True,1.3683195114135742,0.4328691363334656,6.8458991050720215,17.042505264282227,2.1309032440185547
133,-5.949363708496094,True,True,1.279663324356079,0.4495868384838104,5.481017112731934,20.65353012084961,2.1289350986480713
134,-5.9470672607421875,True,True,1.2611218690872192,0.418838232755661,4.885748386383057,17.720767974853516,2.13360595703125
135,-5.944179534912109,True,True,1.194771409034729,0.3904778063297272,6.183162212371826,17.959592819213867,2.134322166442871
136,-5.940044403076172,True,True,1.3029848337173462,0.4830222725868225,7.439378261566162,14.692474365234375,2.134983777999878
137,-5.963130950927734,True,True,1.2090873718261719,0.4206293821334839,6.090020179748535,14.06197738647461,2.1442320346832275
138,-5.951881408691406,True,True,1.3242735862731934,0.44898977875709534,5.845226287841797,20.538894653320312,2.1443233489990234
139,-5.952247619628906,True,True,1.2613656520843506,0.49765026569366455,6.827988147735596,14.807109832763672,2.153884172439575
140,-5.954841613769531,True,True,1.370932698249817,0.5239208936691284,7.273395538330078,16.249608993530273,2.147523880004883
141,-5.946430206298828,True,True,1.264113187789917,0.4618266224861145,5.673269271850586,15.313417434692383,2.1591503620147705
142,-5.953453063964844,True,True,1.2011103630065918,0.4537662863731384,4.463029384613037,16.1445255279541,2.1641786098480225
143,-5.932918548583984,True,True,1.36307692527771,0.5890005230903625,5.935976028442383,20.156774520874023,2.167121171951294
144,-5.943233489990234,True,True,1.3016172647476196,0.5170547366142273,6.459003925323486,18.8480167388916,2.182938814163208
145,-5.949634552001953,True,True,1.278168797492981,0.5042179226875305,5.661328315734863,19.71733856201172,2.1864750385284424
146,-5.951896667480469,True,True,1.3323067426681519,0.44421330094337463,6.254805088043213,14.95040512084961,2.197680711746216
147,-5.9423370361328125,True,True,1.397658109664917,0.4863061010837555,7.413107872009277,19.44985580444336,2.206242561340332
148,-5.941047668457031,True,True,1.1739757061004639,0.4585427939891815,5.6052069664001465,17.262224197387695,2.220309257507324
149,-5.947650909423828,True,True,1.2404237985610962,0.3851042687892914,5.86552619934082,14.596944808959961,2.221189498901367
150,-5.935630798339844,True,True,1.3043566942214966,0.5069047212600708,6.590356349945068,16.622175216674805,2.228959321975708
151,-5.936504364013672,True,True,1.2835294008255005,0.3839101493358612,6.431540012359619,18.656957626342773,2.2389657497406006
152,-5.921409606933594,True,True,1.3077374696731567,0.4543633460998535,6.0673322677612305,18.97220802307129,2.217623710632324
153,-5.9259796142578125,True,True,1.3465323448181152,0.4501838982105255,7.00949239730835,16.383350372314453,2.2122128009796143
154,-5.942974090576172,True,True,1.1736663579940796,0.3770439326763153,4.768721580505371,19.478513717651367,2.2281668186187744
155,-5.941082000732422,True,True,1.2252928018569946,0.4564530551433563,6.055389881134033,15.332523345947266,2.22994065284729
156,-5.943634033203125,True,True,1.3409684896469116,0.4364514946937561,7.512219429016113,15.074593544006348,2.238192558288574
157,-5.938385009765625,True,True,1.4379186630249023,0.45585599541664124,7.398777008056641,15.380289077758789,2.251220464706421
158,-5.935108184814453,True,True,1.396182894706726,0.41436025500297546,6.5318427085876465,17.405519485473633,2.2494633197784424
159,-5.957054138183594,True,True,1.3568980693817139,0.43346619606018066,8.056734085083008,15.533135414123535,2.266422748565674
160,-5.925556182861328,True,True,1.3675072193145752,0.42242059111595154,6.660809516906738,18.895782470703125,2.2662692070007324
161,-5.926383972167969,True,True,1.2541052103042603,0.4310779571533203,6.061361312866211,16.985187530517578,2.282388925552368
162,-5.938545227050781,True,True,1.1945164203643799,0.40659844875335693,5.27921199798584,15.5904541015625,2.292875289916992
163,-5.943126678466797,True,True,1.189361810684204,0.37465569376945496,6.106739044189453,15.733748435974121,2.301614761352539
164,-5.938453674316406,True,True,1.2789275646209717,0.44570595026016235,5.44877290725708,17.080718994140625,2.312340021133423
165,-5.943408966064453,True,True,1.2421784400939941,0.4734692871570587,5.915675640106201,15.437605857849121,2.3326611518859863
166,-5.947715759277344,True,True,1.1838555335998535,0.446601539850235,5.620730876922607,14.109743118286133,2.3254740238189697
167,-5.936241149902344,True,True,1.155121088027954,0.41077789664268494,4.935305118560791,19.27790069580078,2.334573745727539
168,-5.929843902587891,True,True,1.203216314315796,0.4233161509037018,5.104869842529297,18.551876068115234,2.3466637134552
169,-5.939243316650391,True,True,1.252280354499817,0.38002923130989075,6.448256492614746,13.1639986038208,2.35227370262146
170,-5.9261932373046875,True,True,1.327209711074829,0.43615296483039856,6.320486545562744,22.83160972595215,2.3451104164123535
171,-5.9234619140625,True,True,1.243971347808838,0.4206293821334839,5.123976707458496,16.966081619262695,2.3204028606414795
172,-5.916439056396484,True,True,1.1973189115524292,0.4119720160961151,5.742527008056641,16.220951080322266,2.324411392211914
173,-5.931266784667969,True,True,1.2107576131820679,0.41286760568618774,4.640953063964844,14.06197738647461,2.323915958404541
174,-5.935394287109375,True,True,1.3199238777160645,0.3668939173221588,7.487143039703369,20.51978874206543,2.3273849487304688
175,-5.936592102050781,True,True,1.1987240314483643,0.3976425528526306,5.9013495445251465,16.784574508666992,2.317711114883423
176,-5.944286346435547,True,True,1.2327666282653809,0.4018220007419586,5.430862903594971,15.905702590942383,2.3193516731262207
177,-5.920337677001953,True,True,1.2295241355895996,0.36987924575805664,6.070911884307861,16.669940948486328,2.314082622528076
178,-5.929851531982422,True,True,1.230502724647522,0.4215250015258789,5.559828758239746,17.472389221191406,2.3032259941101074
179,-5.941661834716797,True,True,1.3729369640350342,0.3961499035358429,6.296603679656982,17.606130599975586,2.3210608959198
180,-5.921741485595703,True,True,1.2984910011291504,0.33166733384132385,6.86739444732666,16.297374725341797,2.335362434387207
181,-5.923999786376953,True,True,1.410585880279541,0.4125691056251526,6.786193370819092,16.784574508666992,2.3377797603607178
182,-5.934074401855469,True,True,1.2114094495773315,0.3537585735321045,6.57483434677124,15.542689323425293,2.32169771194458
183,-5.936927795410156,True,True,1.2183120250701904,0.4092852473258972,6.314515590667725,14.921745300292969,2.3284835815429688
184,-5.935447692871094,True,True,1.3086730241775513,0.396746963262558,6.787387371063232,17.911827087402344,2.343716621398926
185,-5.9345855712890625,True,True,1.2688337564468384,0.3594306707382202,6.675140380859375,15.42805290222168,2.3523073196411133
186,-5.926582336425781,True,True,1.181792974472046,0.3877910375595093,5.900151252746582,15.131911277770996,2.359809637069702
187,-5.9235992431640625,True,True,1.2630834579467773,0.40659844875335693,5.363994121551514,15.829278945922852,2.3763248920440674
188,-5.927581787109375,True,True,1.3490712642669678,0.418838232755661,7.274589538574219,16.784574508666992,2.382728338241577
189,-5.9295501708984375,True,True,1.3066647052764893,0.3877910375595093,6.118678092956543,21.226709365844727,2.4043095111846924
190,-5.930210113525391,True,True,1.1881343126296997,0.3654012680053711,4.971127033233643,17.157140731811523,2.404388904571533
191,-5.929027557373047,True,True,1.145116925239563,0.3352496922016144,5.30786657333374,17.692108154296875,2.400800943374634
192,-5.935585021972656,True,True,1.1655441522598267,0.3743571639060974,5.471464157104492,18.97220802307129,2.4086754322052
193,-5.925346374511719,True,True,1.2912261486053467,0.39853814244270325,6.991581439971924,16.12541961669922,2.418604850769043
194,-5.926292419433594,True,True,1.2428728342056274,0.3552512228488922,6.295407772064209,18.07422637939453,2.428717851638794
195,-5.92938232421875,True,True,1.268628716468811,0.4331676661968231,5.930008411407471,14.845321655273438,2.4419126510620117
196,-5.916473388671875,True,True,1.1752383708953857,0.3734615743160248,4.310777187347412,16.316478729248047,2.4305577278137207
197,-5.929847717285156,True,True,1.0961167812347412,0.3388320505619049,4.415860176086426,19.92750358581543,2.4325919151306152
198,-5.918125152587891,True,True,1.1327091455459595,0.3913734257221222,4.880375385284424,16.23050308227539,2.415386438369751
199,-5.909252166748047,True,True,1.2765741348266602,0.415554404258728,6.546173572540283,14.749792098999023,2.4080467224121094
200,-5.8955078125,True,True,1.3741748332977295,0.41585293412208557,6.266750812530518,19.27790069580078,2.39532732963562
201,-5.89288330078125,True,True,1.400608777999878,0.39017927646636963,7.564761161804199,18.838464736938477,2.385970115661621
202,-5.894477844238281,True,True,1.2533609867095947,0.4036131501197815,5.466689109802246,16.746362686157227,2.389739751815796
203,-5.913200378417969,True,True,1.2446699142456055,0.4042102098464966,6.086438179016113,14.940852165222168,2.365511894226074
204,-5.913417816162109,True,True,1.1811250448226929,0.3689836263656616,4.609903812408447,16.76546859741211,2.3604588508605957
205,-5.911281585693359,True,True,1.1665852069854736,0.35495269298553467,5.194428443908691,16.956527709960938,2.3472025394439697
206,-5.931529998779297,True,True,1.243499517440796,0.346892386674881,5.72342586517334,20.347835540771484,2.339596748352051
207,-5.90423583984375,True,True,1.257689118385315,0.3689836263656616,5.50848388671875,20.78727149963379,2.3236277103424072
208,-5.911273956298828,True,True,1.192430019378662,0.39644843339920044,7.247124671936035,14.95040512084961,2.3369643688201904
209,-5.909496307373047,True,True,1.3173189163208008,0.38749250769615173,7.235182762145996,17.73031997680664,2.326565980911255
210,-5.901912689208984,True,True,1.1483163833618164,0.34659385681152344,5.330558776855469,15.065040588378906,2.3253846168518066
211,-5.924266815185547,True,True,1.2098867893218994,0.3806263208389282,5.272045135498047,17.233566284179688,2.3433008193969727
212,-5.890617370605469,True,True,1.1712971925735474,0.35614684224128723,5.427282810211182,16.15407943725586,2.355194568634033
213,-5.905292510986328,True,True,1.3426895141601562,0.37256601452827454,8.350491523742676,12.886962890625,2.3523097038269043
214,-5.921546936035156,True,True,1.3479691743850708,0.3988366723060608,7.741486549377441,19.086841583251953,2.3635241985321045
215,-5.899463653564453,True,True,1.175673246383667,0.35077327489852905,5.083370685577393,12.963386535644531,2.381202459335327
216,-5.9170074462890625,True,True,1.0677481889724731,0.37823808193206787,3.888657331466675,16.12541961669922,2.378558397293091
217,-5.923057556152344,True,True,1.2733159065246582,0.4137631952762604,6.014791488647461,12.170489311218262,2.369983673095703
218,-5.924964904785156,True,True,1.240092396736145,0.3743571639060974,6.577221870422363,16.39290428161621,2.3923003673553467
219,-5.922149658203125,True,True,1.241278886795044,0.37555131316185,6.716932773590088,16.727258682250977,2.390256643295288
220,-5.9029388427734375,True,True,1.3328535556793213,0.35495269298553467,6.818434238433838,17.233566284179688,2.396949052810669
221,-5.9037628173828125,True,True,1.2826042175292969,0.41764408349990845,6.190327167510986,20.405153274536133,2.392521381378174
222,-5.913921356201172,True,True,1.1817080974578857,0.4018220007419586,5.492957592010498,20.72995376586914,2.3977363109588623
223,-5.909336090087891,True,True,1.1559733152389526,0.35763946175575256,5.7007365226745605,15.695536613464355,2.3906900882720947
224,-5.915473937988281,True,True,1.205615758895874,0.3382349908351898,5.064269542694092,14.616050720214844,2.3922276496887207
225,-5.914306640625,True,True,1.2602237462997437,0.3707748055458069,7.3939995765686035,17.529708862304688,2.3963632583618164
226,-5.904796600341797,True,True,1.2794098854064941,0.3642071485519409,6.742011070251465,16.832340240478516,2.4128782749176025
227,-5.891143798828125,True,True,1.2564163208007812,0.3824175000190735,5.295929431915283,17.816295623779297,2.419023036956787
228,-5.9087066650390625,True,True,1.2432224750518799,0.3662968575954437,4.969933986663818,17.797189712524414,2.428884267807007
229,-5.909679412841797,True,True,1.1157870292663574,0.37883514165878296,5.187264442443848,17.673002243041992,2.4125940799713135
230,-5.891246795654297,True,True,1.2863128185272217,0.38629841804504395,5.619531154632568,18.914888381958008,2.4213640689849854
231,-5.899066925048828,True,True,1.1963715553283691,0.3543556332588196,6.423179626464844,17.0329532623291,2.436434030532837
232,-5.89971923828125,True,True,1.2923336029052734,0.3776410222053528,6.431539535522461,14.635156631469727,2.4385530948638916
233,-5.879207611083984,True,True,1.3776248693466187,0.3877910375595093,7.710443496704102,21.66614532470703,2.4361701011657715
234,-5.898017883300781,True,True,1.1670377254486084,0.446601539850235,4.733497619628906,16.134973526000977,2.4506378173828125
235,-5.908061981201172,True,True,1.1345568895339966,0.3859998881816864,5.287570476531982,14.95040512084961,2.4692535400390625
236,-5.892398834228516,True,True,1.3270626068115234,0.41764408349990845,6.8363447189331055,19.7364444732666,2.4751412868499756
237,-5.886875152587891,True,True,1.1929364204406738,0.35763946175575256,5.077404975891113,16.641281127929688,2.49464750289917
238,-5.886466979980469,True,True,1.3792459964752197,0.3871939778327942,6.2930216789245605,16.412010192871094,2.487720012664795
239,-5.887565612792969,True,True,1.3745876550674438,0.35286298394203186,6.400492191314697,20.13766860961914,2.513993740081787
240,-5.892494201660156,True,True,1.2731634378433228,0.40659844875335693,6.881722450256348,13.08757495880127,2.526252269744873
241,-5.894752502441406,True,True,1.3956788778305054,0.4310779571533203,7.257871627807617,15.609560012817383,2.5185022354125977
242,-5.88494873046875,True,True,1.2216582298278809,0.372267484664917,6.552143573760986,18.437238693237305,2.5204451084136963
243,-5.89373779296875,True,True,1.1872873306274414,0.4630207121372223,5.43922233581543,15.103251457214355,2.519369125366211
244,-5.890434265136719,True,True,1.2001383304595947,0.40480729937553406,4.336452007293701,21.32223892211914,2.5215418338775635
245,-5.883872985839844,True,True,1.3256540298461914,0.3797307312488556,5.519229888916016,18.40858268737793,2.5137939453125
246,-5.886016845703125,True,True,1.2703094482421875,0.3904778063297272,6.209432601928711,15.963019371032715,2.499142646789551
247,-5.898372650146484,True,True,1.08052396774292,0.3686850965023041,5.5646071434021,11.826582908630371,2.495039224624634
248,-5.912109375,True,True,1.413772463798523,0.4242117702960968,7.470424652099609,19.249244689941406,2.477034091949463
249,-5.876853942871094,True,True,1.213536024093628,0.3379364609718323,6.971282005310059,16.412010192871094,2.50093412399292
250,-5.889495849609375,True,True,1.210491418838501,0.37555131316185,6.541399002075195,14.768898963928223,2.511481761932373
251,-5.898265838623047,True,True,1.1902185678482056,0.4018220007419586,6.0231499671936035,17.902273178100586,2.5063252449035645
252,-5.888332366943359,True,True,1.2660300731658936,0.32629379630088806,5.977773666381836,19.23969078063965,2.508373975753784
253,-5.880012512207031,True,True,1.390332818031311,0.4427206516265869,6.872170448303223,15.771960258483887,2.504415273666382
254,-5.8952484130859375,True,True,1.262775182723999,0.4113749563694,7.322353839874268,16.7368106842041,2.5173444747924805
255,-5.8869171142578125,True,True,1.2419908046722412,0.3865969181060791,6.172415256500244,15.924808502197266,2.5016517639160156
256,-5.886577606201172,True,True,1.3907036781311035,0.35405710339546204,7.994643211364746,18.313051223754883,2.512810468673706
257,-5.872097015380859,True,True,1.398863673210144,0.36838656663894653,7.094277381896973,19.029525756835938,2.5087692737579346
258,-5.866661071777344,True,True,1.4390913248062134,0.3639086186885834,7.003523826599121,18.905336380004883,2.517800807952881
259,-5.880802154541016,True,True,1.2699027061462402,0.36838656663894653,7.748655796051025,14.510968208312988,2.5257387161254883
260,-5.882240295410156,True,True,1.2736423015594482,0.3758498430252075,7.619690895080566,21.303133010864258,2.5277340412139893
261,-5.875240325927734,True,True,1.3383867740631104,0.310770183801651,7.774926662445068,16.345138549804688,2.5373520851135254
262,-5.863239288330078,True,True,1.333057165145874,0.38211897015571594,6.325260639190674,20.9974365234375,2.5501575469970703
263,-5.895175933837891,True,True,1.378949761390686,0.3886866569519043,7.963597297668457,17.89272117614746,2.5572357177734375
264,-5.864372253417969,True,True,1.4224475622177124,0.3701777458190918,6.943817138671875,16.755916595458984,2.554633617401123
265,-5.8783416748046875,True,True,1.4188543558120728,0.40212053060531616,7.457289218902588,16.861000061035156,2.5624964237213135
266,-5.894054412841797,True,True,1.3586797714233398,0.34808650612831116,6.0971856117248535,19.44985580444336,2.5695250034332275
267,-5.877388000488281,True,True,1.2256746292114258,0.3313687741756439,5.34250020980835,19.774656295776367,2.591120958328247
268,-5.880744934082031,True,True,1.3598203659057617,0.38570135831832886,7.586255073547363,18.580535888671875,2.597614288330078
269,-5.8815765380859375,True,True,1.3184901475906372,0.36719244718551636,5.706705570220947,20.577106475830078,2.604552984237671
270,-5.88372802734375,True,True,1.2032212018966675,0.35763946175575256,6.095989227294922,16.497987747192383,2.615758180618286
271,-5.866092681884766,True,True,1.451950192451477,0.3570424020290375,7.013073921203613,20.4433650970459,2.6338508129119873
272,-5.869930267333984,True,True,1.2221648693084717,0.3633115589618683,5.015310764312744,15.877042770385742,2.648118734359741
273,-5.8653717041015625,True,True,1.2099056243896484,0.3233084976673126,6.368250846862793,15.838830947875977,2.639190673828125
274,-5.884437561035156,True,True,1.3330028057098389,0.4257044196128845,5.619536876678467,17.11893081665039,2.653857946395874
275,-5.878993988037109,True,True,1.3759733438491821,0.39734402298927307,6.253615379333496,21.226709365844727,2.639847755432129
276,-5.866809844970703,True,True,1.3200689554214478,0.3564453721046448,7.28772497177124,15.322970390319824,2.647307872772217
277,-5.8790130615234375,True,True,1.1709282398223877,0.37405863404273987,5.409371376037598,16.775022506713867,2.658504009246826
278,-5.872886657714844,True,True,1.2521603107452393,0.34719088673591614,7.304441452026367,15.036381721496582,2.6447346210479736
279,-5.8776092529296875,True,True,1.194090485572815,0.3567439019680023,5.972996711730957,15.504477500915527,2.6612026691436768
280,-5.8671722412109375,True,True,1.2764266729354858,0.3397276699542999,7.180253028869629,16.1445255279541,2.6738646030426025
281,-5.868930816650391,True,True,1.3626177310943604,0.37405863404273987,7.380865097045898,21.32223892211914,2.676583766937256
282,-5.853755950927734,True,True,1.3467888832092285,0.3886866569519043,6.386160850524902,20.9974365234375,2.6752638816833496
283,-5.860240936279297,True,True,1.268611192703247,0.3522659242153168,6.564084529876709,20.366941452026367,2.6852681636810303
284,-5.857883453369141,True,True,1.2047785520553589,0.3415188193321228,5.691181182861328,17.290884017944336,2.6940672397613525
285,-5.847511291503906,True,True,1.2761213779449463,0.3785366117954254,6.9032158851623535,21.264921188354492,2.6985692977905273
286,-5.858219146728516,True,True,1.306188702583313,0.3907763361930847,6.3025736808776855,18.75248908996582,2.7027018070220947
287,-5.854389190673828,True,True,1.2339998483657837,0.39853814244270325,5.8380608558654785,20.04214096069336,2.696072578430176
288,-5.878574371337891,True,True,1.221366047859192,0.3871939778327942,6.42318058013916,14.042872428894043,2.679701328277588
289,-5.8642425537109375,True,True,1.3311998844146729,0.3525644540786743,6.806494235992432,20.825483322143555,2.687474489212036
290,-5.866878509521484,True,True,1.2119061946868896,0.3833130896091461,6.731263637542725,17.453283309936523,2.6942782402038574
291,-5.868488311767578,True,True,1.2436716556549072,0.371371865272522,7.9958391189575195,16.001232147216797,2.6929945945739746
292,-5.845771789550781,True,True,1.2100558280944824,0.3304731845855713,6.843511581420898,15.65732479095459,2.6902618408203125
293,-5.86993408203125,True,True,1.175093650817871,0.34002619981765747,5.442806243896484,16.641281127929688,2.678079128265381
294,-5.865596771240234,True,True,1.2614563703536987,0.35017621517181396,5.6231184005737305,16.755916595458984,2.6851165294647217
295,-5.853679656982422,True,True,1.3330674171447754,0.3531615436077118,6.94978666305542,16.622175216674805,2.678565740585327
296,-5.858695983886719,True,True,1.2928450107574463,0.3367423415184021,6.974864959716797,17.109376907348633,2.6584300994873047
297,-5.846309661865234,True,True,1.1445602178573608,0.3654012680053711,5.355636119842529,17.176246643066406,2.6429786682128906
298,-5.861721038818359,True,True,1.165785789489746,0.3654012680053711,5.594459056854248,15.38984203338623,2.6331682205200195
299,-5.853710174560547,True,True,1.323237419128418,0.3161437511444092,6.081662178039551,17.128482818603516,2.63460111618042
300,-5.852382659912109,True,True,1.3065693378448486,0.38570135831832886,5.270850658416748,19.870187759399414,2.645435333251953
301,-5.868133544921875,True,True,1.2570501565933228,0.36838656663894653,5.90731954574585,16.106313705444336,2.6481428146362305
302,-5.847225189208984,True,True,1.2195005416870117,0.3833130896091461,6.0780792236328125,18.284393310546875,2.6343207359313965
303,-5.8551025390625,True,True,1.1345460414886475,0.3039039969444275,5.49534797668457,18.599641799926758,2.6285531520843506
304,-5.859657287597656,True,True,1.248985767364502,0.3570424020290375,6.410045146942139,15.256099700927734,2.627309560775757
305,-5.847454071044922,True,True,1.2643373012542725,0.37734246253967285,6.061359882354736,16.708152770996094,2.6476547718048096
306,-5.862720489501953,True,True,1.3596351146697998,0.3537585735321045,7.939715385437012,17.16669464111328,2.6388609409332275
307,-5.848304748535156,True,True,1.3243969678878784,0.3212187588214874,7.6173014640808105,16.1445255279541,2.6270439624786377
308,-5.852573394775391,True,True,1.3982455730438232,0.3686850965023041,7.202942371368408,20.156774520874023,2.6324055194854736
309,-5.836124420166016,True,True,1.2226979732513428,0.296888530254364,5.793878078460693,22.793397903442383,2.639904260635376
310,-5.8476409912109375,True,True,1.1802420616149902,0.372267484664917,5.624312400817871,15.915255546569824,2.6420083045959473
311,-5.838497161865234,True,True,1.2088127136230469,0.3749542534351349,4.930526256561279,20.13766860961914,2.6422195434570312
312,-5.852142333984375,True,True,1.1772711277008057,0.3027098774909973,5.647000789642334,17.099824905395508,2.6402716636657715
313,-5.834526062011719,True,True,1.292867660522461,0.3546541631221771,6.451839923858643,19.01997184753418,2.6609644889831543
314,-5.829891204833984,True,True,1.210811972618103,0.3495791554450989,6.13300895690918,17.472389221191406,2.662412166595459
315,-5.832115173339844,True,True,1.3657100200653076,0.32748788595199585,6.7682785987854,19.058183670043945,2.672926664352417
316,-5.821865081787109,True,True,1.15229070186615,0.3570424020290375,7.116962432861328,13.192657470703125,2.6675682067871094
317,-5.849052429199219,True,True,1.3642914295196533,0.35286298394203186,7.92538595199585,21.608827590942383,2.6672825813293457
318,-5.8299713134765625,True,True,1.2541005611419678,0.32689085602760315,5.8189544677734375,16.412010192871094,2.6991400718688965
319,-5.835624694824219,True,True,1.222508192062378,0.34450411796569824,5.921648979187012,17.529708862304688,2.709157705307007
320,-5.8351593017578125,True,True,1.2343811988830566,0.3504747450351715,5.301900386810303,20.156774520874023,2.7181358337402344
321,-5.830009460449219,True,True,1.198387622833252,0.32271140813827515,6.257197856903076,21.169389724731445,2.704732894897461
322,-5.841579437255859,True,True,1.2441234588623047,0.35196739435195923,6.93068265914917,19.28745460510254,2.7102878093719482
323,-5.829692840576172,True,True,1.1851272583007812,0.34659385681152344,5.539530277252197,18.905336380004883,2.7101218700408936
324,-5.836200714111328,True,True,1.2514011859893799,0.35554975271224976,6.992770671844482,16.326032638549805,2.6871893405914307
325,-5.831275939941406,True,True,1.3162444829940796,0.40600141882896423,6.1449503898620605,17.806743621826172,2.689340114593506
326,-5.821315765380859,True,True,1.3096932172775269,0.40749406814575195,7.645961284637451,11.912559509277344,2.6797616481781006
327,-5.836490631103516,True,True,1.0950067043304443,0.3818204402923584,4.730512619018555,17.701662063598633,2.691777467727661
328,-5.837074279785156,True,True,1.1296314001083374,0.3310702443122864,4.967543601989746,16.631729125976562,2.702489137649536
329,-5.836761474609375,True,True,1.2633404731750488,0.33077171444892883,6.441089630126953,16.899211883544922,2.695204973220825
330,-5.83941650390625,True,True,1.2812275886535645,0.36032623052597046,6.839929103851318,14.873981475830078,2.6904406547546387
331,-5.840976715087891,True,True,1.3964757919311523,0.36032623052597046,6.60110330581665,22.048263549804688,2.6942341327667236
332,-5.8300323486328125,True,True,1.1901146173477173,0.33077171444892883,5.5646071434021,17.099824905395508,2.704332113265991
333,-5.839439392089844,True,True,1.2376073598861694,0.3695807158946991,6.88888692855835,15.351629257202148,2.7089450359344482
334,-5.8240509033203125,True,True,1.4407505989074707,0.3859998881816864,8.081815719604492,19.42119789123535,2.7095558643341064
335,-5.8131561279296875,True,True,1.3053886890411377,0.3585350811481476,6.124650001525879,19.946609497070312,2.702437400817871
336,-5.8476409912109375,True,True,1.0723906755447388,0.3612218499183655,4.389590740203857,12.629032135009766,2.704225778579712
337,-5.839408874511719,True,True,1.2556369304656982,0.3871939778327942,6.284662246704102,18.580535888671875,2.699110507965088
338,-5.8401641845703125,True,True,1.2412371635437012,0.4173455536365509,6.175997257232666,16.927871704101562,2.685164451599121
339,-5.841407775878906,True,True,1.4436780214309692,0.396746963262558,8.468710899353027,17.386411666870117,2.6929728984832764
340,-5.831317901611328,True,True,1.273144245147705,0.38958224654197693,5.918066024780273,19.01997184753418,2.6871654987335205
341,-5.85748291015625,True,True,1.1517589092254639,0.3845072090625763,6.251226902008057,12.543055534362793,2.6736180782318115
342,-5.845523834228516,True,True,1.3487107753753662,0.4379441738128662,5.968216896057129,20.366941452026367,2.674692392349243
343,-5.830913543701172,True,True,1.3851280212402344,0.46540895104408264,7.03456974029541,16.526643753051758,2.690680503845215
344,-5.841072082519531,True,True,1.2933762073516846,0.4260029196739197,5.107852935791016,17.65389633178711,2.697244167327881
345,-5.830665588378906,True,True,1.2280330657958984,0.3845072090625763,5.397430419921875,20.59621238708496,2.699882745742798
346,-5.850944519042969,True,True,1.1814181804656982,0.3525644540786743,5.229057312011719,17.78763771057129,2.71736478805542
347,-5.843944549560547,True,True,1.2121562957763672,0.38301458954811096,5.321004390716553,17.78763771057129,2.718803882598877
348,-5.838710784912109,True,True,1.2515418529510498,0.39107489585876465,6.949787616729736,13.441034317016602,2.7179222106933594
349,-5.864688873291016,True,True,1.3989859819412231,0.36719244718551636,7.070390701293945,18.953100204467773,2.71459698677063
350,-5.843513488769531,True,True,1.2350234985351562,0.4322721064090729,5.958667278289795,18.609193801879883,2.7045345306396484
351,-5.851032257080078,True,True,1.2343692779541016,0.4227190911769867,4.677373886108398,21.264921188354492,2.69811749458313
352,-5.851234436035156,True,True,1.1755623817443848,0.3928660750389099,5.022475719451904,15.112805366516113,2.6918134689331055
353,-5.835811614990234,True,True,1.2279646396636963,0.3982396125793457,4.938887119293213,21.551509857177734,2.703575849533081
354,-5.8469390869140625,True,True,1.3912358283996582,0.4304808974266052,6.800522804260254,17.78763771057129,2.6989586353302
355,-5.841259002685547,True,True,1.2233357429504395,0.3662968575954437,6.238092422485352,21.092967987060547,2.697653293609619
356,-5.8444976806640625,True,True,1.1499805450439453,0.38958224654197693,4.680956840515137,19.411643981933594,2.6951003074645996
357,-5.8515167236328125,True,True,1.1566565036773682,0.3871939778327942,5.620728015899658,12.95383358001709,2.7074480056762695
358,-5.851387023925781,True,True,1.2546312808990479,0.3812233805656433,6.000461578369141,17.30998992919922,2.710059881210327
359,-5.8386993408203125,True,True,1.2654057741165161,0.3955528438091278,5.098899841308594,19.908397674560547,2.71083402633667
360,-5.842254638671875,True,True,1.1613047122955322,0.37525278329849243,5.146663188934326,15.943913459777832,2.7217869758605957
361,-5.823780059814453,True,True,1.270727515220642,0.4337647259235382,5.210545539855957,17.386411666870117,2.7141623497009277
362,-5.841426849365234,True,True,1.115114688873291,0.42928677797317505,4.8182806968688965,20.32872772216797,2.720761299133301
363,-5.853736877441406,True,True,1.0014241933822632,0.3907763361930847,4.513779640197754,13.288187026977539,2.717907667160034
364,-5.84136962890625,True,True,1.3549600839614868,0.3642071485519409,6.689469814300537,19.42119789123535,2.7261109352111816
365,-5.844219207763672,True,True,1.298372745513916,0.3477879762649536,4.962768077850342,21.742570877075195,2.72782826423645
366,-5.839710235595703,True,True,1.0366592407226562,0.35405710339546204,4.559154987335205,11.778817176818848,2.735678195953369
367,-5.848674774169922,True,True,1.0838122367858887,0.3982396125793457,4.873806953430176,11.58775806427002,2.729294538497925
368,-5.844043731689453,True,True,1.2226810455322266,0.4104793667793274,5.501316547393799,20.749059677124023,2.725890636444092
369,-5.839282989501953,True,True,1.1191089153289795,0.3818204402923584,5.294734954833984,15.752854347229004,2.7277238368988037
370,-5.826534271240234,True,True,1.2372833490371704,0.43406325578689575,6.211820602416992,16.784574508666992,2.738236427307129
371,-5.844593048095703,True,True,1.2564951181411743,0.4704839885234833,6.395716190338135,20.080352783203125,2.7469570636749268
372,-5.8477630615234375,True,True,1.0945525169372559,0.3674909770488739,5.8273138999938965,12.772327423095703,2.7290031909942627
373,-5.858654022216797,True,True,1.1175310611724854,0.34719088673591614,4.297046184539795,16.82278823852539,2.747791051864624
374,-5.84906005859375,True,True,1.1864873170852661,0.3451012074947357,4.774098873138428,22.010051727294922,2.757906198501587
375,-5.8395843505859375,True,True,1.2152776718139648,0.4089867174625397,5.821343421936035,19.889291763305664,2.759186267852783
376,-5.852550506591797,True,True,1.114774227142334,0.3791336715221405,4.907839775085449,17.214458465576172,2.745168685913086
377,-5.862651824951172,True,True,1.1100963354110718,0.4003293216228485,4.2725677490234375,15.236993789672852,2.762993812561035
378,-5.860843658447266,True,True,1.2636089324951172,0.3770439326763153,4.680358409881592,20.424259185791016,2.7556421756744385
379,-5.851306915283203,True,True,1.1617246866226196,0.35823652148246765,5.086958885192871,17.873615264892578,2.739942789077759
380,-5.864902496337891,True,True,1.15677011013031,0.346892386674881,5.2529401779174805,20.72995376586914,2.7252886295318604
381,-5.863574981689453,True,True,1.1301251649856567,0.3633115589618683,3.7943215370178223,21.131179809570312,2.718100070953369
382,-5.8657073974609375,True,True,0.9206671714782715,0.3552512228488922,3.0038132667541504,18.733383178710938,2.703500270843506
383,-5.849460601806641,True,True,1.1708900928497314,0.3880895674228668,5.604011058807373,12.313783645629883,2.6880054473876953
384,-5.8583831787109375,True,True,1.293442726135254,0.36778950691223145,5.974186420440674,17.720767974853516,2.6944713592529297
385,-5.846179962158203,True,True,1.2953041791915894,0.35554975271224976,5.766413688659668,19.478513717651367,2.6963565349578857
386,-5.868755340576172,True,True,1.156728982925415,0.3734615743160248,5.275629997253418,20.90190887451172,2.6954221725463867
387,-5.868762969970703,True,True,1.2729570865631104,0.3776410222053528,6.235702991485596,19.42119789123535,2.696251630783081
388,-5.843719482421875,True,True,1.1935760974884033,0.4182411730289459,5.940753936767578,14.329462051391602,2.699845314025879
389,-5.862621307373047,True,True,1.1016079187393188,0.38480573892593384,3.7608864307403564,12.705455780029297,2.7103166580200195
390,-5.8643646240234375,True,True,1.1616358757019043,0.3489820957183838,4.427203178405762,19.85108184814453,2.697474956512451
391,-5.864887237548828,True,True,1.094031572341919,0.371371865272522,3.7292416095733643,17.099824905395508,2.7044267654418945
392,-5.871280670166016,True,True,1.0987244844436646,0.3737601041793823,5.460717678070068,15.982126235961914,2.6971912384033203
393,-5.868312835693359,True,True,1.2323858737945557,0.37196892499923706,5.976578712463379,22.201112747192383,2.7008469104766846
394,-5.8509368896484375,True,True,1.1813688278198242,0.35286298394203186,4.829028606414795,19.182373046875,2.7252984046936035
395,-5.8597412109375,True,True,1.2457343339920044,0.3797307312488556,5.692375183105469,17.911827087402344,2.734661102294922
396,-5.86578369140625,True,True,1.22117018699646,0.3639086186885834,6.570057392120361,17.673002243041992,2.7243757247924805
397,-5.867652893066406,True,True,1.4047787189483643,0.34062322974205017,8.23227310180664,18.35126304626465,2.720900774002075
398,-5.856483459472656,True,True,1.1770293712615967,0.36510273814201355,5.475047588348389,14.339015007019043,2.710637092590332
399,-5.870372772216797,True,True,1.3147026300430298,0.3498776853084564,5.551467418670654,19.755550384521484,2.7237112522125244
400,-5.875579833984375,True,True,1.172924280166626,0.34271296858787537,6.026731967926025,16.33558464050293,2.7158124446868896
401,-5.892665863037109,True,True,1.2781982421875,0.3833130896091461,6.264359951019287,20.825483322143555,2.730689764022827
402,-5.861629486083984,True,True,1.2487835884094238,0.3456982672214508,6.648863315582275,14.95995807647705,2.7473301887512207
403,-5.884284973144531,True,True,1.0989923477172852,0.4036131501197815,5.642223358154297,11.35848617553711,2.74314284324646
404,-5.887660980224609,True,True,1.1751503944396973,0.4260029196739197,5.6637187004089355,15.714643478393555,2.7410624027252197
405,-5.866474151611328,True,True,1.3777446746826172,0.3749542534351349,7.18025016784668,19.459409713745117,2.7479395866394043
406,-5.865970611572266,True,True,1.2770695686340332,0.3976425528526306,6.5819993019104,17.367305755615234,2.74074387550354
407,-5.8680572509765625,True,True,1.3129960298538208,0.35346007347106934,7.8191094398498535,14.491861343383789,2.725933074951172
408,-5.870719909667969,True,True,1.346218228340149,0.3731630742549896,7.01188325881958,20.94011878967285,2.722224235534668
409,-5.86993408203125,True,True,1.2100002765655518,0.34331002831459045,6.0124006271362305,15.991678237915039,2.7216243743896484
410,-5.87158203125,True,True,1.1933095455169678,0.310770183801651,5.348470687866211,20.290517807006836,2.7373244762420654
411,-5.887840270996094,True,True,1.3101533651351929,0.42660000920295715,4.931722640991211,22.162900924682617,2.7344822883605957
412,-5.867710113525391,True,True,1.2571582794189453,0.3946572542190552,6.13062047958374,19.698232650756836,2.7272725105285645
413,-5.873737335205078,True,True,1.1519509553909302,0.4062999188899994,5.509677410125732,12.189595222473145,2.706496000289917
414,-5.873943328857422,True,True,1.2248107194900513,0.37256601452827454,5.518035888671875,17.78763771057129,2.705801010131836
415,-5.874752044677734,True,True,1.250664234161377,0.4071955382823944,6.2177910804748535,21.417768478393555,2.7038824558258057
416,-5.8748321533203125,True,True,1.1577270030975342,0.36450567841529846,4.414071083068848,21.11207389831543,2.701686143875122
417,-5.869739532470703,True,True,1.201108694076538,0.36838656663894653,6.138978004455566,17.319543838500977,2.703232765197754
418,-5.857566833496094,True,True,1.340661883354187,0.3797307312488556,6.806492805480957,16.88010597229004,2.7016777992248535
419,-5.87249755859375,True,True,1.2296171188354492,0.3424144387245178,6.585579872131348,19.06773567199707,2.7044718265533447
420,-5.872596740722656,True,True,1.256618857383728,0.38152191042900085,5.775964260101318,18.656957626342773,2.695998191833496
421,-5.88018798828125,True,True,1.1090192794799805,0.3758498430252075,5.422506332397461,21.226709365844727,2.681544303894043
422,-5.859989166259766,True,True,1.303390383720398,0.4077925980091095,6.564084053039551,18.11244010925293,2.6815202236175537
423,-5.856689453125,True,True,1.198395013809204,0.3922690153121948,5.06427001953125,18.475452423095703,2.6715774536132812
424,-5.862983703613281,True,True,1.1274958848953247,0.4242117702960968,6.660810470581055,11.979429244995117,2.676791191101074
425,-5.857929229736328,True,True,1.1733360290527344,0.37465569376945496,4.885151386260986,17.071165084838867,2.677401542663574
426,-5.855339050292969,True,True,1.269455075263977,0.3940601944923401,5.3950419425964355,18.94354820251465,2.693800926208496
427,-5.853816986083984,True,True,1.2285411357879639,0.38092485070228577,6.263166904449463,20.424259185791016,2.6940600872039795
428,-5.852550506591797,True,True,1.2370247840881348,0.40271759033203125,4.887539386749268,19.7364444732666,2.695842981338501
429,-5.854156494140625,True,True,1.1706217527389526,0.4215250015258789,4.583038330078125,18.50411033630371,2.692671060562134
430,-5.861560821533203,True,True,1.1173244714736938,0.36032623052597046,5.7891011238098145,11.43490982055664,2.6846506595611572
431,-5.864433288574219,True,True,1.2613375186920166,0.415554404258728,6.224956035614014,18.924442291259766,2.676316022872925
432,-5.860252380371094,True,True,1.2501955032348633,0.346892386674881,6.362278938293457,18.418132781982422,2.666781425476074
433,-5.855445861816406,True,True,1.1226180791854858,0.4071955382823944,5.1430816650390625,16.4788818359375,2.689464569091797
434,-5.860198974609375,True,True,1.162429928779602,0.37555131316185,5.78790807723999,13.460140228271484,2.691526412963867
435,-5.8461761474609375,True,True,1.1839146614074707,0.3859998881816864,5.358023166656494,16.8514461517334,2.695258378982544
436,-5.847785949707031,True,True,1.1713290214538574,0.41436025500297546,5.476242542266846,15.332523345947266,2.6908504962921143
437,-5.846687316894531,True,True,1.2090566158294678,0.40062785148620605,5.478629112243652,17.9213809967041,2.685455083847046
438,-5.847652435302734,True,True,1.2119320631027222,0.3961499035358429,4.741857051849365,18.570981979370117,2.693128824234009
439,-5.849094390869141,True,True,1.0175552368164062,0.35554975271224976,5.599236965179443,13.1639986038208,2.702817916870117
440,-5.854026794433594,True,True,1.3727293014526367,0.4077925980091095,6.812464237213135,19.71733856201172,2.722729444503784
441,-5.836956024169922,True,True,1.1967010498046875,0.3892837166786194,5.411754608154297,19.640914916992188,2.7271127700805664
442,-5.845058441162109,True,True,0.9894436001777649,0.3448026478290558,4.40869665145874,12.829644203186035,2.7263126373291016
443,-5.8460540771484375,True,True,1.298363447189331,0.36301302909851074,7.677008152008057,18.97220802307129,2.728789806365967
444,-5.824077606201172,True,True,1.3337208032608032,0.4036131501197815,6.611850261688232,20.061246871948242,2.6982274055480957
445,-5.840972900390625,True,True,1.1436614990234375,0.3689836263656616,5.058298587799072,18.370370864868164,2.6983790397644043
446,-5.837978363037109,True,True,1.1812853813171387,0.3642071485519409,6.042255878448486,20.749059677124023,2.698310375213623
447,-5.830257415771484,True,True,1.386397123336792,0.364804208278656,7.5014729499816895,18.19841766357422,2.7065842151641846
448,-5.828857421875,True,True,1.0922988653182983,0.3477879762649536,3.940600872039795,17.701662063598633,2.7024149894714355
449,-5.845848083496094,True,True,1.1606786251068115,0.3779395520687103,5.209952354431152,18.485004425048828,2.7073111534118652
450,-5.834903717041016,True,True,1.3255897760391235,0.3474894165992737,6.7026047706604,19.249244689941406,2.7004659175872803
451,-5.837333679199219,True,True,1.2069368362426758,0.3230099380016327,6.0697197914123535,19.000865936279297,2.7087018489837646
452,-5.848175048828125,True,True,1.2849842309951782,0.42928677797317505,7.351012229919434,20.271411895751953,2.7230050563812256
453,-5.857566833496094,True,True,1.2279109954833984,0.3474894165992737,6.746788024902344,17.835403442382812,2.718487501144409
454,-5.846000671386719,True,True,1.0781103372573853,0.36241596937179565,4.42840051651001,13.450587272644043,2.7020881175994873
455,-5.848392486572266,True,True,1.3390427827835083,0.33763793110847473,6.688274383544922,20.04214096069336,2.709047794342041
456,-5.837543487548828,True,True,1.1994961500167847,0.32898056507110596,4.738275051116943,21.761676788330078,2.7080588340759277
457,-5.842594146728516,True,True,1.3984248638153076,0.37555131316185,7.737907886505127,18.85757064819336,2.707831382751465
458,-5.823005676269531,True,True,1.2577481269836426,0.3477879762649536,6.530651569366455,20.424259185791016,2.6998291015625
459,-5.822498321533203,True,True,1.3630077838897705,0.36241596937179565,7.155176639556885,18.2939453125,2.699289560317993
460,-5.827304840087891,True,True,1.2869935035705566,0.35554975271224976,5.537142753601074,18.26528549194336,2.7124953269958496
461,-5.831733703613281,True,True,1.2868815660476685,0.37943220138549805,6.512736797332764,17.16669464111328,2.707886219024658
462,-5.851615905761719,True,True,1.101073980331421,0.36778950691223145,5.304288864135742,12.667243957519531,2.7234017848968506
463,-5.841499328613281,True,True,1.1987922191619873,0.36569979786872864,6.322874546051025,20.13766860961914,2.7211477756500244
464,-5.838825225830078,True,True,1.3264905214309692,0.360624760389328,7.383254051208496,15.85793685913086,2.7092463970184326
465,-5.830635070800781,True,True,1.3133115768432617,0.37883514165878296,7.605360984802246,16.5553035736084,2.703864336013794
466,-5.836181640625,True,True,1.3060609102249146,0.39435872435569763,6.442285537719727,20.17588233947754,2.6987452507019043
467,-5.833477020263672,True,True,1.1748642921447754,0.4062999188899994,6.055389881134033,14.979063987731934,2.692258596420288
468,-5.823551177978516,True,True,1.2165539264678955,0.3812233805656433,5.5490827560424805,18.8480167388916,2.679058313369751
469,-5.842964172363281,True,True,1.292297124862671,0.39435872435569763,6.041061878204346,17.30998992919922,2.6709582805633545
470,-5.821659088134766,True,True,1.3354506492614746,0.3743571639060974,5.939558029174805,22.468595504760742,2.6666107177734375
471,-5.818042755126953,True,True,1.2539188861846924,0.3668939173221588,5.737753868103027,20.099456787109375,2.661137342453003
472,-5.818355560302734,True,True,1.173959732055664,0.3707748055458069,6.252421855926514,11.033684730529785,2.66066575050354
473,-5.818790435791016,True,True,1.212726354598999,0.35017621517181396,6.591552257537842,14.014213562011719,2.6675236225128174
474,-5.8177032470703125,True,True,1.3307244777679443,0.3674909770488739,7.029792785644531,20.65353012084961,2.669435739517212
475,-5.814579010009766,True,True,1.0448778867721558,0.3859998881816864,5.005758285522461,11.52088737487793,2.676499843597412
476,-5.815036773681641,True,True,1.253496766090393,0.32808494567871094,7.834630966186523,20.863697052001953,2.670602321624756
477,-5.828071594238281,True,True,1.114061713218689,0.29360470175743103,5.820147514343262,18.876676559448242,2.668107509613037
478,-5.819610595703125,True,True,1.1994903087615967,0.346892386674881,5.584906578063965,18.494558334350586,2.678701877593994
479,-5.805194854736328,True,True,1.2419850826263428,0.40540435910224915,6.285857200622559,20.94011878967285,2.6569690704345703
480,-5.821678161621094,True,True,1.1626636981964111,0.33913058042526245,5.398623943328857,19.640914916992188,2.6406898498535156
481,-5.8203277587890625,True,True,1.124952793121338,0.3188305199146271,4.965157508850098,19.7364444732666,2.6271207332611084
482,-5.813144683837891,True,True,1.1276668310165405,0.37107333540916443,4.84276008605957,16.115867614746094,2.621626138687134
483,-5.803173065185547,True,True,1.1561663150787354,0.34599679708480835,5.746114253997803,16.15407943725586,2.6292920112609863
484,-5.801300048828125,True,True,1.152789831161499,0.3325629234313965,5.812983989715576,16.87055206298828,2.614989757537842
485,-5.813148498535156,True,True,1.1441775560379028,0.3212187588214874,3.9406015872955322,20.17588233947754,2.6245410442352295
486,-5.8119354248046875,True,True,1.2192257642745972,0.368088036775589,6.479302406311035,18.313051223754883,2.63801908493042
487,-5.794353485107422,True,True,1.1697425842285156,0.3854027986526489,5.43086576461792,21.99094581604004,2.6401538848876953
488,-5.804901123046875,True,True,1.2776978015899658,0.3477879762649536,6.775446891784668,15.074593544006348,2.6408379077911377
489,-5.814144134521484,True,True,1.1278860569000244,0.3639086186885834,4.311369895935059,16.79412841796875,2.6306211948394775
490,-5.804958343505859,True,True,1.1638578176498413,0.3298761546611786,5.60520601272583,18.8480167388916,2.628836154937744
491,-5.817707061767578,True,True,1.1903858184814453,0.36032623052597046,5.755664825439453,18.08378028869629,2.626108407974243
492,-5.797401428222656,True,True,1.2565897703170776,0.35077327489852905,4.975903034210205,19.58359718322754,2.6195547580718994
493,-5.803981781005859,True,True,1.14375638961792,0.3337570130825043,4.665432453155518,15.294312477111816,2.647550106048584
494,-5.812950134277344,True,True,1.2214584350585938,0.3543556332588196,6.456615924835205,19.889291763305664,2.6459381580352783
495,-5.817699432373047,True,True,1.1077277660369873,0.3477879762649536,4.983067512512207,20.061246871948242,2.649437189102173
496,-5.806201934814453,True,True,1.1567199230194092,0.361520379781723,4.7961883544921875,20.290517807006836,2.6576552391052246
497,-5.800209045410156,True,True,1.1683861017227173,0.35823652148246765,5.012922286987305,19.870187759399414,2.67006516456604
498,-5.801795959472656,True,True,1.2180461883544922,0.3579379916191101,5.213535785675049,17.558366775512695,2.6687119007110596
499,-5.812900543212891,True,True,1.2239519357681274,0.3462953269481659,5.759247303009033,20.46247100830078,2.6751177310943604
500,-5.7932281494140625,True,True,1.3158292770385742,0.37465569376945496,5.877464771270752,19.134607315063477,2.665325403213501
501,-5.797966003417969,True,True,1.3361101150512695,0.34719088673591614,7.530131816864014,18.418132781982422,2.6965668201446533
502,-5.798549652099609,True,True,1.125610113143921,0.35017621517181396,5.261300563812256,17.854509353637695,2.6992440223693848
503,-5.806964874267578,True,True,1.2043083906173706,0.3421158790588379,4.961575984954834,20.080352783203125,2.699864625930786
504,-5.810756683349609,True,True,1.0564254522323608,0.3477879762649536,5.520422458648682,16.39290428161621,2.699031352996826
505,-5.808872222900391,True,True,1.032571792602539,0.3654012680053711,4.073746681213379,14.36767292022705,2.6955790519714355
506,-5.793972015380859,True,True,1.264093279838562,0.3250996470451355,5.686407089233398,16.115867614746094,2.6957530975341797
507,-5.797206878662109,True,True,1.3204312324523926,0.36241596937179565,6.240479469299316,18.570981979370117,2.681398868560791
508,-5.789070129394531,True,True,1.1441724300384521,0.32420405745506287,5.315035820007324,11.759711265563965,2.682239294052124
509,-5.802494049072266,True,True,1.348912000656128,0.33166733384132385,6.399294853210449,20.825483322143555,2.6896538734436035
510,-5.80029296875,True,True,1.091041088104248,0.3250996470451355,4.714392185211182,18.762041091918945,2.7020084857940674
511,-5.790706634521484,True,True,1.161423683166504,0.34868356585502625,4.796186923980713,15.418499946594238,2.704486131668091
512,-5.800624847412109,True,True,1.1362855434417725,0.3662968575954437,6.048225402832031,15.189229011535645,2.711577892303467
513,-5.806728363037109,True,True,1.0761046409606934,0.3043517768383026,4.011054992675781,15.810173034667969,2.7171900272369385
514,-5.802635192871094,True,True,1.1961671113967896,0.4042102098464966,5.343692302703857,17.233566284179688,2.7250118255615234
515,-5.801448822021484,True,True,1.372411847114563,0.3662968575954437,6.823211669921875,22.143795013427734,2.7266314029693604
516,-5.805210113525391,True,True,1.1546533107757568,0.30987462401390076,5.033222675323486,20.634424209594727,2.7191245555877686
517,-5.805973052978516,True,True,1.0673496723175049,0.3346526324748993,3.7399888038635254,16.927871704101562,2.7378575801849365
518,-5.794868469238281,True,True,1.1841174364089966,0.3250996470451355,5.527585983276367,20.806377410888672,2.748560905456543
519,-5.793251037597656,True,True,1.2935962677001953,0.37107333540916443,5.73655891418457,17.080718994140625,2.743391990661621
520,-5.803150177001953,True,True,1.203352689743042,0.34331002831459045,5.1036763191223145,19.40209197998047,2.7620861530303955
521,-5.787078857421875,True,True,1.1585156917572021,0.35913214087486267,6.2560038566589355,13.192657470703125,2.760286331176758
522,-5.806858062744141,True,True,1.2166826725006104,0.36032623052597046,5.193235397338867,20.4433650970459,2.7654597759246826
523,-5.796230316162109,True,True,1.1043164730072021,0.3059937059879303,4.340033531188965,17.43417739868164,2.760958433151245
524,-5.800300598144531,True,True,1.1089731454849243,0.33286145329475403,5.221893787384033,15.16057014465332,2.763507604598999
525,-5.804599761962891,True,True,1.253342628479004,0.3403246998786926,6.346757411956787,14.36767292022705,2.783186197280884
526,-5.8016815185546875,True,True,1.1447272300720215,0.360624760389328,4.355558395385742,17.46283721923828,2.784579277038574
527,-5.797084808349609,True,True,1.206470251083374,0.3851042687892914,5.583712577819824,18.838464736938477,2.786752462387085
528,-5.806831359863281,True,True,1.2229900360107422,0.35495269298553467,5.778355121612549,15.561795234680176,2.7882261276245117
529,-5.80242919921875,True,True,1.1765702962875366,0.357340931892395,5.445192813873291,19.459409713745117,2.784313201904297
530,-5.804370880126953,True,True,1.228817343711853,0.3970454931259155,5.25174617767334,21.85720443725586,2.797764539718628
531,-5.7906951904296875,True,True,1.0503661632537842,0.36450567841529846,3.8994038105010986,13.966447830200195,2.802449941635132
532,-5.808261871337891,True,True,1.1694855690002441,0.3833130896091461,4.9048542976379395,19.191925048828125,2.8157706260681152
533,-5.803749084472656,True,True,1.1417162418365479,0.3310702443122864,5.039193630218506,17.3290958404541,2.8000991344451904
534,-5.809513092041016,True,True,1.0683114528656006,0.3448026478290558,4.394964218139648,14.807109832763672,2.790250539779663
535,-5.790988922119141,True,True,1.1677415370941162,0.35823652148246765,5.528783321380615,15.494924545288086,2.7888529300689697
536,-5.820697784423828,True,True,1.2105894088745117,0.34808650612831116,5.131141185760498,19.2587947845459,2.783449172973633
537,-5.798774719238281,True,True,1.1702556610107422,0.289425253868103,5.223088264465332,20.405153274536133,2.7796239852905273
538,-5.795143127441406,True,True,1.217895746231079,0.3031576871871948,5.399818420410156,16.87055206298828,2.784024715423584
539,-5.807231903076172,True,True,1.0951640605926514,0.285395085811615,4.936496734619141,18.20796775817871,2.7708775997161865
540,-5.814430236816406,True,True,1.0601434707641602,0.3209202289581299,5.33294677734375,11.444462776184082,2.7650034427642822
541,-5.806903839111328,True,True,1.2761361598968506,0.3388320505619049,5.661331653594971,17.481943130493164,2.787945032119751
542,-5.800006866455078,True,True,1.2458019256591797,0.2997245788574219,6.480497360229492,16.813234329223633,2.8071861267089844
543,-5.801719665527344,True,True,1.1729036569595337,0.34450411796569824,6.042255401611328,13.718070983886719,2.805079221725464
544,-5.799152374267578,True,True,1.0676848888397217,0.3012171983718872,5.00098180770874,14.988616943359375,2.795318603515625
545,-5.792560577392578,True,True,1.3378084897994995,0.3734615743160248,5.978966236114502,17.911827087402344,2.796914577484131
546,-5.79547119140625,True,True,1.2629127502441406,0.41346466541290283,6.177191257476807,20.118562698364258,2.7864255905151367
547,-5.813568115234375,True,True,1.073000192642212,0.346892386674881,4.070154190063477,14.310355186462402,2.7861902713775635
548,-5.795719146728516,True,True,1.2388648986816406,0.361520379781723,5.961055755615234,19.211030960083008,2.790625810623169
549,-5.797950744628906,True,True,1.2186808586120605,0.3448026478290558,5.99568510055542,15.017274856567383,2.7940077781677246
550,-5.801624298095703,True,True,1.3483608961105347,0.34539973735809326,5.473853588104248,20.844589233398438,2.778560161590576
551,-5.791023254394531,True,True,1.117650032043457,0.3403246998786926,5.422505855560303,19.755550384521484,2.7848618030548096
552,-5.7865142822265625,True,True,1.0383251905441284,0.35554975271224976,4.2851057052612305,14.405884742736816,2.773662567138672
553,-5.794410705566406,True,True,1.2024555206298828,0.4257044196128845,5.1287522315979,18.2939453125,2.7665438652038574
554,-5.810321807861328,True,True,1.1375703811645508,0.3600277304649353,5.238610744476318,22.487701416015625,2.7874233722686768
555,-5.800025939941406,True,True,1.051214337348938,0.3934631049633026,4.750813007354736,18.360816955566406,2.7888617515563965
556,-5.789867401123047,True,True,1.2248454093933105,0.3188305199146271,5.699542045593262,15.666877746582031,2.797184467315674
557,-5.803653717041016,True,True,1.1584221124649048,0.3564453721046448,4.600353240966797,19.27790069580078,2.797806978225708
558,-5.797096252441406,True,True,1.1614493131637573,0.3639086186885834,5.09412145614624,18.53277015686035,2.8042995929718018
559,-5.814281463623047,True,True,1.16811203956604,0.34539973735809326,6.293021202087402,20.51978874206543,2.7833189964294434
560,-5.804115295410156,True,True,1.0250792503356934,0.38152191042900085,4.782454967498779,19.182373046875,2.799023151397705
561,-5.809139251708984,True,True,1.0134395360946655,0.31584522128105164,4.762157440185547,16.268714904785156,2.8051726818084717
562,-5.794040679931641,True,True,1.2312641143798828,0.3806263208389282,5.596845626831055,15.8674898147583,2.8090827465057373
563,-5.802116394042969,True,True,1.1230766773223877,0.36987924575805664,5.941949844360352,14.186166763305664,2.797288179397583
564,-5.804779052734375,True,True,1.1124818325042725,0.34450411796569824,5.170547008514404,17.415071487426758,2.791116952896118
565,-5.797279357910156,True,True,1.1948654651641846,0.3662968575954437,5.325781345367432,19.172819137573242,2.7885842323303223
566,-5.7982940673828125,True,True,1.1251094341278076,0.3313687741756439,5.020682334899902,16.57440948486328,2.7908413410186768
567,-5.797283172607422,True,True,1.1334116458892822,0.41973379254341125,5.378324508666992,15.628665924072266,2.7799735069274902
568,-5.808818817138672,True,True,1.1149306297302246,0.30420249700546265,4.049863815307617,17.071165084838867,2.790419101715088
569,-5.7940216064453125,True,True,1.0353273153305054,0.35495269298553467,4.607516288757324,11.186532974243164,2.785160779953003
570,-5.808788299560547,True,True,1.068042516708374,0.3379364609718323,4.732901096343994,17.749427795410156,2.774811267852783
571,-5.813655853271484,True,True,1.0733890533447266,0.3334585130214691,4.914407253265381,17.099824905395508,2.775792360305786
572,-5.778598785400391,True,True,1.1837480068206787,0.4131661355495453,7.487142086029053,10.92860221862793,2.77811336517334
573,-5.8131103515625,True,True,1.147223711013794,0.3340555429458618,6.265554428100586,13.249975204467773,2.7728965282440186
574,-5.79522705078125,True,True,1.1349248886108398,0.3877910375595093,5.681628704071045,14.147954940795898,2.7620744705200195
575,-5.796504974365234,True,True,1.0691279172897339,0.33286145329475403,5.418922424316406,12.972939491271973,2.7657721042633057
576,-5.798564910888672,True,True,1.287158489227295,0.3737601041793823,5.987324237823486,20.72995376586914,2.758969306945801
577,-5.7773284912109375,True,True,1.1727259159088135,0.3731630742549896,4.940081596374512,15.131911277770996,2.743633270263672
578,-5.7906341552734375,True,True,1.0314651727676392,0.3022620677947998,5.051133155822754,14.549180030822754,2.7396838665008545
579,-5.791820526123047,True,True,1.2740527391433716,0.3659983277320862,5.432059288024902,21.073862075805664,2.7428698539733887
580,-5.785820007324219,True,True,1.1429731845855713,0.3224128782749176,5.054717063903809,23.863330841064453,2.736032247543335
581,-5.804573059082031,True,True,0.982988715171814,0.31047168374061584,3.6904327869415283,15.447158813476562,2.735818862915039
582,-5.796417236328125,True,True,1.2133721113204956,0.36241596937179565,4.989636421203613,19.83197593688965,2.740377187728882
583,-5.791881561279297,True,True,1.073808193206787,0.29882895946502686,4.642147064208984,15.380289077758789,2.7423973083496094
584,-5.799110412597656,True,True,1.1458799839019775,0.2962914705276489,4.6988677978515625,19.382984161376953,2.738452196121216
585,-5.8206634521484375,True,True,1.003157615661621,0.30778488516807556,4.381231784820557,12.839197158813477,2.7502729892730713
586,-5.803089141845703,True,True,1.126579761505127,0.3662968575954437,5.420118808746338,14.06197738647461,2.735489845275879
587,-5.802143096923828,True,True,1.1821317672729492,0.36450567841529846,5.525201797485352,17.042505264282227,2.7319142818450928
588,-5.805828094482422,True,True,1.1309640407562256,0.3668939173221588,5.293541431427002,16.564857482910156,2.703662872314453
589,-5.7932281494140625,True,True,1.2096948623657227,0.271513432264328,5.804625511169434,17.14759063720703,2.6946327686309814
590,-5.796897888183594,True,True,1.2127876281738281,0.2809171676635742,6.380192279815674,22.411277770996094,2.6885740756988525
591,-5.809818267822266,True,True,1.0042129755020142,0.278976708650589,4.49885368347168,14.749792098999023,2.6984877586364746
592,-5.810520172119141,True,True,1.0323823690414429,0.35554975271224976,4.599753379821777,12.036747932434082,2.6959681510925293
593,-5.807945251464844,True,True,1.0946738719940186,0.33166733384132385,4.751410484313965,20.749059677124023,2.6994881629943848
594,-5.808441162109375,True,True,1.0359787940979004,0.32360702753067017,4.6194586753845215,16.287822723388672,2.6805548667907715
595,-5.802387237548828,True,True,1.0315603017807007,0.37405863404273987,4.378843784332275,15.771960258483887,2.6483030319213867
596,-5.786121368408203,True,True,1.0299768447875977,0.3013664782047272,5.180099964141846,22.888925552368164,2.649948835372925
597,-5.7973175048828125,True,True,1.1001213788986206,0.33763793110847473,6.159279823303223,13.679859161376953,2.6447548866271973
598,-5.783214569091797,True,True,1.169572353363037,0.3415188193321228,5.218311786651611,20.424259185791016,2.6275124549865723
599,-5.801143646240234,True,True,0.95628821849823,0.33644381165504456,4.122108459472656,12.896514892578125,2.6181867122650146
600,-5.803539276123047,True,True,1.0496190786361694,0.3403246998786926,4.882763385772705,15.265652656555176,2.626802682876587
601,-5.8005828857421875,True,True,1.0980641841888428,0.34928062558174133,5.442803382873535,19.086841583251953,2.633934736251831
602,-5.80145263671875,True,True,1.043290615081787,0.3415188193321228,4.256446838378906,17.386411666870117,2.62776255607605
603,-5.791233062744141,True,True,1.1190400123596191,0.3218158185482025,5.6505818367004395,14.272143363952637,2.6157150268554688
604,-5.7855377197265625,True,True,1.082996129989624,0.3277864158153534,4.6355743408203125,16.87055206298828,2.607698440551758
605,-5.7941131591796875,True,True,1.1508510112762451,0.3092775344848633,4.906645774841309,19.335220336914062,2.6176109313964844
606,-5.801582336425781,True,True,1.104482889175415,0.33704087138175964,5.280405521392822,23.25193977355957,2.6042654514312744
607,-5.802177429199219,True,True,1.0114381313323975,0.3776410222053528,3.839698314666748,15.084146499633789,2.6109461784362793
608,-5.798057556152344,True,True,1.1226246356964111,0.41077789664268494,4.5579609870910645,14.463203430175781,2.6301329135894775
609,-5.788841247558594,True,True,1.1417409181594849,0.35913214087486267,4.838581085205078,16.918317794799805,2.6322925090789795
610,-5.8047637939453125,True,True,1.2419934272766113,0.3797307312488556,5.258903980255127,19.06773567199707,2.632697820663452
611,-5.796108245849609,True,True,1.149788737297058,0.4418250620365143,5.476242542266846,20.94011878967285,2.621107816696167
612,-5.788974761962891,True,True,1.0198827981948853,0.38480573892593384,4.712003707885742,14.501415252685547,2.6304333209991455
613,-5.813011169433594,True,True,0.9759881496429443,0.30241134762763977,4.666029930114746,10.670672416687012,2.6291604042053223
614,-5.8032379150390625,True,True,1.0742969512939453,0.3659983277320862,4.671403884887695,19.889291763305664,2.62800931930542
615,-5.796932220458984,True,True,1.2701200246810913,0.3734615743160248,5.865523815155029,19.564491271972656,2.6134555339813232
616,-5.7901611328125,True,True,1.1376785039901733,0.34331002831459045,5.084570407867432,18.64740562438965,2.6329519748687744
617,-5.7939453125,True,True,1.058426856994629,0.3403246998786926,4.719766139984131,18.45634651184082,2.616307497024536
618,-5.804466247558594,True,True,0.9945608377456665,0.3382349908351898,3.9603025913238525,17.262224197387695,2.631800889968872
619,-5.793621063232422,True,True,1.0736700296401978,0.32360702753067017,5.274435520172119,12.399760246276855,2.6220412254333496
620,-5.7786102294921875,True,True,1.196956753730774,0.3946572542190552,5.206367015838623,20.194988250732422,2.635023832321167
621,-5.782840728759766,True,True,1.0968133211135864,0.30897900462150574,4.183008670806885,18.02646255493164,2.6377158164978027
622,-5.778507232666016,True,True,1.0799742937088013,0.34062322974205017,4.917989730834961,15.294312477111816,2.622304677963257
623,-5.7841644287109375,True,True,1.2119226455688477,0.3397276699542999,6.562892436981201,17.65389633178711,2.6280224323272705
624,-5.770298004150391,True,True,1.1960844993591309,0.33435410261154175,7.133683681488037,13.278634071350098,2.6206471920013428
625,-5.791393280029297,True,True,1.1372820138931274,0.307486355304718,5.404592037200928,19.602703094482422,2.609760046005249
626,-5.786716461181641,True,True,1.1842405796051025,0.3886866569519043,6.012401580810547,15.380289077758789,2.5939464569091797
627,-5.802585601806641,True,True,1.102414846420288,0.4042102098464966,5.024864196777344,15.676430702209473,2.5927155017852783
628,-5.802154541015625,True,True,1.0809520483016968,0.3949557840824127,5.195623874664307,13.097127914428711,2.588446617126465
629,-5.7986907958984375,True,True,1.1841554641723633,0.4036131501197815,4.656477928161621,16.746362686157227,2.605104923248291
630,-5.803447723388672,True,True,1.1774301528930664,0.3686850965023041,6.049415588378906,14.444097518920898,2.597604513168335
631,-5.803031921386719,True,True,1.1889209747314453,0.36510273814201355,5.00456428527832,18.733383178710938,2.5999133586883545
632,-5.7906646728515625,True,True,1.1390297412872314,0.3913734257221222,4.8212666511535645,18.704723358154297,2.599053382873535
633,-5.778926849365234,True,True,1.1758840084075928,0.4125691056251526,5.599236488342285,12.466631889343262,2.609398365020752
634,-5.794498443603516,True,True,1.274342656135559,0.3585350811481476,6.103153705596924,14.616050720214844,2.610175132751465
635,-5.79205322265625,True,True,1.2943731546401978,0.3334585130214691,6.442286491394043,16.889659881591797,2.599670886993408
636,-5.798366546630859,True,True,1.0532355308532715,0.360624760389328,4.7526044845581055,16.8514461517334,2.5987093448638916
637,-5.787509918212891,True,True,1.0670483112335205,0.32360702753067017,4.3776469230651855,20.424259185791016,2.6005427837371826
638,-5.793796539306641,True,True,1.0625150203704834,0.33913058042526245,3.9698572158813477,18.37992286682129,2.5942041873931885
639,-5.778522491455078,True,True,1.0663878917694092,0.357340931892395,4.067775249481201,12.915620803833008,2.603973627090454
640,-5.784999847412109,True,True,1.01420259475708,0.3230099380016327,4.2534613609313965,16.841894149780273,2.6023147106170654
641,-5.792083740234375,True,True,1.1645925045013428,0.3695807158946991,5.5646071434021,16.39290428161621,2.5863215923309326
642,-5.798583984375,True,True,1.248215913772583,0.34002619981765747,6.783804893493652,17.19535255432129,2.5935161113739014
643,-5.798053741455078,True,True,1.1641123294830322,0.3642071485519409,5.5060954093933105,19.946609497070312,2.5938308238983154
644,-5.796516418457031,True,True,1.0529093742370605,0.3770439326763153,4.786035537719727,14.386778831481934,2.605576992034912
645,-5.812931060791016,True,True,0.9970555901527405,0.3155466914176941,3.6916263103485107,19.564491271972656,2.5993189811706543
646,-5.807853698730469,True,True,1.168519139289856,0.38838812708854675,5.535948276519775,17.052059173583984,2.5797972679138184
647,-5.79998779296875,True,True,1.137744665145874,0.36928218603134155,4.7537970542907715,13.880471229553223,2.577756643295288
648,-5.80633544921875,True,True,1.153717279434204,0.3737601041793823,5.020678997039795,17.97869873046875,2.5709471702575684
649,-5.790748596191406,True,True,1.3898566961288452,0.44242212176322937,6.913962364196777,19.230138778686523,2.5782060623168945
650,-5.783863067626953,True,True,1.1667656898498535,0.3791336715221405,5.080987930297852,16.927871704101562,2.5869662761688232
651,-5.794460296630859,True,True,1.1242411136627197,0.41436025500297546,4.899480819702148,16.029891967773438,2.5910451412200928
652,-5.798744201660156,True,True,1.1342861652374268,0.425405889749527,4.520944595336914,16.211397171020508,2.601757049560547
653,-5.783840179443359,True,True,1.106821894645691,0.4110764265060425,4.873210906982422,12.896514892578125,2.6066250801086426
654,-5.805873870849609,True,True,1.1464056968688965,0.40540435910224915,4.996204853057861,15.275205612182617,2.59580135345459
655,-5.792049407958984,True,True,1.1972458362579346,0.3594306707382202,5.513258934020996,16.010784149169922,2.593381881713867
656,-5.789249420166016,True,True,1.1594395637512207,0.3564453721046448,5.132335186004639,16.755916595458984,2.5909743309020996
657,-5.815986633300781,True,True,1.1592583656311035,0.3355482220649719,4.464820861816406,16.746362686157227,2.583933115005493
658,-5.793373107910156,True,True,1.1081238985061646,0.3600277304649353,4.319735527038574,17.529708862304688,2.5841264724731445
659,-5.7918853759765625,True,True,1.108718752861023,0.3567439019680023,4.793203830718994,18.05512046813965,2.581604242324829
660,-5.7961273193359375,True,True,1.0650447607040405,0.37405863404273987,4.156737804412842,14.873981475830078,2.582207679748535
661,-5.794345855712891,True,True,1.1621769666671753,0.36778950691223145,4.983070373535156,16.90876579284668,2.5652549266815186
662,-5.801536560058594,True,True,1.0392098426818848,0.3373394012451172,5.085764408111572,13.918684005737305,2.563959836959839
663,-5.806919097900391,True,True,1.0813884735107422,0.35346007347106934,5.063075542449951,15.342076301574707,2.566338062286377
664,-5.782581329345703,True,True,1.187849521636963,0.37047627568244934,5.073821544647217,17.501049041748047,2.5681557655334473
665,-5.78704833984375,True,True,1.2177586555480957,0.38152191042900085,5.641029357910156,19.373432159423828,2.5643961429595947
666,-5.801795959472656,True,True,1.064967155456543,0.31793493032455444,5.729394912719727,18.656957626342773,2.5605268478393555
667,-5.802326202392578,True,True,1.183876872062683,0.38480573892593384,5.126363754272461,16.841894149780273,2.5543572902679443
668,-5.783023834228516,True,True,1.266770362854004,0.3474894165992737,6.075691223144531,20.59621238708496,2.540945529937744
669,-5.791767120361328,True,True,1.004372477531433,0.37405863404273987,3.596097230911255,17.959592819213867,2.546967029571533
670,-5.7850341796875,True,True,0.9236660599708557,0.3642071485519409,3.3698108196258545,10.680224418640137,2.5445556640625
671,-5.790306091308594,True,True,1.036943793296814,0.310770183801651,4.813503742218018,14.348567962646484,2.5340964794158936
672,-5.788108825683594,True,True,1.190096139907837,0.40003079175949097,5.0194878578186035,17.424625396728516,2.5410654544830322
673,-5.782989501953125,True,True,1.0563080310821533,0.3567439019680023,3.6462507247924805,16.04899787902832,2.553974151611328
674,-5.7761688232421875,True,True,1.1411428451538086,0.3430114984512329,5.430861473083496,13.36461067199707,2.5524888038635254
675,-5.773403167724609,True,True,1.2044422626495361,0.39794108271598816,4.8481340408325195,19.545385360717773,2.563861846923828
676,-5.773094177246094,True,True,1.1371986865997314,0.35405710339546204,4.820669174194336,16.57440948486328,2.562995672225952
677,-5.76080322265625,True,True,1.1747589111328125,0.4570501148700714,5.034417152404785,14.902639389038086,2.5543200969696045
678,-5.785667419433594,True,True,1.0344356298446655,0.33077171444892883,4.055833339691162,14.673369407653809,2.557727575302124
679,-5.768257141113281,True,True,1.1936553716659546,0.346892386674881,5.416535377502441,17.262224197387695,2.551860809326172
680,-5.756740570068359,True,True,1.174126148223877,0.3188305199146271,5.537142276763916,17.3290958404541,2.5462570190429688
681,-5.757839202880859,True,True,1.176391839981079,0.35614684224128723,5.212340831756592,17.97869873046875,2.559936285018921
682,-5.7515106201171875,True,True,1.132019281387329,0.3737601041793823,4.921572208404541,15.676430702209473,2.5537490844726562
683,-5.758510589599609,True,True,1.2152793407440186,0.37943220138549805,6.170027256011963,18.676063537597656,2.5763871669769287
684,-5.7609405517578125,True,True,1.0679714679718018,0.3791336715221405,4.620654106140137,19.7364444732666,2.5753672122955322
685,-5.767398834228516,True,True,0.9900763630867004,0.38570135831832886,3.9185097217559814,18.18886375427246,2.5677289962768555
686,-5.744731903076172,True,True,1.1762176752090454,0.3791336715221405,4.541243076324463,20.061246871948242,2.5663185119628906
687,-5.7449188232421875,True,True,1.2242505550384521,0.3277864158153534,5.617147445678711,20.46247100830078,2.5649819374084473
688,-5.7442779541015625,True,True,1.0640677213668823,0.3621174395084381,4.2462944984436035,14.568285942077637,2.5474307537078857
689,-5.723712921142578,True,True,1.159319281578064,0.3865969181060791,5.07859992980957,15.370736122131348,2.553697109222412
690,-5.755443572998047,True,True,1.11197829246521,0.3277864158153534,5.56938362121582,15.42805290222168,2.558590888977051
691,-5.739154815673828,True,True,1.1531896591186523,0.32211434841156006,5.471466064453125,18.64740562438965,2.5624759197235107
692,-5.741283416748047,True,True,1.1097437143325806,0.3785366117954254,4.7800679206848145,16.192291259765625,2.577415704727173
693,-5.721164703369141,True,True,1.0908007621765137,0.3564453721046448,5.102482318878174,15.848383903503418,2.5645735263824463
694,-5.751903533935547,True,True,1.0118565559387207,0.3558483123779297,4.882763385772705,15.695536613464355,2.5675368309020996
695,-5.7520751953125,True,True,1.1362799406051636,0.34539973735809326,5.233835697174072,14.45365047454834,2.5793771743774414
696,-5.740833282470703,True,True,1.1051464080810547,0.3770439326763153,4.026577949523926,19.325666427612305,2.595249652862549
697,-5.749626159667969,True,True,1.0375924110412598,0.3325629234313965,4.235546588897705,14.864428520202637,2.5988874435424805
698,-5.748378753662109,True,True,1.1620064973831177,0.3388320505619049,4.820668697357178,21.264921188354492,2.5956647396087646
699,-5.741596221923828,True,True,0.9742477536201477,0.3271893560886383,3.8982093334198,15.877042770385742,2.6003072261810303
700,-5.7486419677734375,True,True,1.0367889404296875,0.33913058042526245,5.654166221618652,16.42156219482422,2.5986669063568115
701,-5.749294281005859,True,True,1.0990395545959473,0.31733784079551697,4.597367763519287,15.829278945922852,2.5974204540252686
702,-5.736988067626953,True,True,1.1303224563598633,0.35763946175575256,4.065983295440674,21.379554748535156,2.5996134281158447
703,-5.7198486328125,True,True,1.0746363401412964,0.4083896577358246,4.464223861694336,13.63209342956543,2.5989632606506348
704,-5.736713409423828,True,True,1.0042405128479004,0.31106871366500854,3.9907538890838623,17.204906463623047,2.614271640777588
705,-5.726554870605469,True,True,1.046630620956421,0.33913058042526245,4.172260761260986,13.125786781311035,2.6054253578186035
706,-5.730838775634766,True,True,1.2292860746383667,0.36181890964508057,4.93888521194458,18.97220802307129,2.6074461936950684
707,-5.736431121826172,True,True,1.1643847227096558,0.34390705823898315,6.012402057647705,13.1639986038208,2.605757713317871
708,-5.749794006347656,True,True,1.1252678632736206,0.33704087138175964,5.101286888122559,18.045568466186523,2.612072467803955
709,-5.736782073974609,True,True,1.0583064556121826,0.3498776853084564,4.123898029327393,19.640914916992188,2.611872434616089
710,-5.738460540771484,True,True,1.1786115169525146,0.3612218499183655,5.695960521697998,13.66075325012207,2.6180403232574463
711,-5.739501953125,True,True,1.2762484550476074,0.3776410222053528,5.213533401489258,18.742935180664062,2.632885456085205
712,-5.74188232421875,True,True,1.0311226844787598,0.3319658637046814,5.1442766189575195,13.450587272644043,2.6306581497192383
713,-5.755409240722656,True,True,1.0534734725952148,0.35346007347106934,4.589006423950195,17.59657859802246,2.64290714263916
714,-5.739326477050781,True,True,1.1444411277770996,0.3218158185482025,6.121068000793457,17.262224197387695,2.664236545562744
715,-5.746337890625,True,True,1.1487133502960205,0.31584522128105164,4.7657389640808105,17.01384735107422,2.6669669151306152
716,-5.751853942871094,True,True,1.149109125137329,0.372267484664917,5.035610675811768,12.95383358001709,2.6981940269470215
717,-5.7479095458984375,True,True,1.1262609958648682,0.3594306707382202,5.390264511108398,14.09063720703125,2.6987767219543457
718,-5.7341766357421875,True,True,1.2259557247161865,0.371371865272522,5.850002288818359,17.988250732421875,2.693114995956421
719,-5.739574432373047,True,True,1.0855510234832764,0.34599679708480835,4.908437252044678,15.084146499633789,2.702287435531616
720,-5.734500885009766,True,True,1.227749228477478,0.346892386674881,6.184356689453125,15.676430702209473,2.701849937438965
721,-5.742561340332031,True,True,1.1467688083648682,0.38002923130989075,4.805741786956787,15.447158813476562,2.697286605834961
722,-5.752082824707031,True,True,1.129988431930542,0.37823808193206787,4.381231307983398,14.788003921508789,2.684075355529785
723,-5.747932434082031,True,True,1.1958024501800537,0.4089867174625397,6.137786388397217,15.896149635314941,2.67438006401062
724,-5.748134613037109,True,True,1.3488574028015137,0.3922690153121948,7.324742794036865,19.12505340576172,2.6750853061676025
725,-5.735713958740234,True,True,1.160576581954956,0.3639086186885834,5.61953592300415,15.437605857849121,2.676982879638672
726,-5.747753143310547,True,True,1.197776436805725,0.3525644540786743,5.362799167633057,16.994741439819336,2.688690423965454
727,-5.740055084228516,True,True,1.1297595500946045,0.3510718047618866,4.860672473907471,14.549180030822754,2.68965220451355
728,-5.742134094238281,True,True,1.2064337730407715,0.368088036775589,6.628568172454834,14.014213562011719,2.6761436462402344
729,-5.737590789794922,True,True,1.153050184249878,0.33644381165504456,4.636176586151123,20.844589233398438,2.658017873764038
730,-5.738056182861328,True,True,1.0862674713134766,0.36450567841529846,4.5424394607543945,15.179676055908203,2.644625186920166
731,-5.75555419921875,True,True,0.9662758111953735,0.3277864158153534,4.707824230194092,14.7211332321167,2.651355028152466
732,-5.734302520751953,True,True,1.1829259395599365,0.3567439019680023,6.140173435211182,18.93399429321289,2.645293712615967
733,-5.7393646240234375,True,True,1.2009201049804688,0.34122028946876526,5.221893787384033,19.984821319580078,2.6486692428588867
734,-5.739994049072266,True,True,1.0944761037826538,0.38271602988243103,4.328094005584717,13.469694137573242,2.6474320888519287
735,-5.742889404296875,True,True,1.126578688621521,0.36569979786872864,5.360410213470459,18.26528549194336,2.65639066696167
736,-5.7330322265625,True,True,1.191110610961914,0.38838812708854675,5.599236965179443,21.685251235961914,2.6623339653015137
737,-5.7368621826171875,True,True,1.1024750471115112,0.3970454931259155,4.706033706665039,18.64740562438965,2.642838478088379
738,-5.739490509033203,True,True,1.2139705419540405,0.3164422810077667,6.720517158508301,19.92750358581543,2.6444263458251953
739,-5.7375946044921875,True,True,1.130934238433838,0.3558483123779297,5.8464179039001465,16.39290428161621,2.6342434883117676
740,-5.729221343994141,True,True,1.2184343338012695,0.39107489585876465,4.64333963394165,22.7742919921875,2.6354856491088867
741,-5.753185272216797,True,True,1.0591844320297241,0.38301458954811096,5.06068754196167,16.268714904785156,2.6286139488220215
742,-5.753612518310547,True,True,1.0998554229736328,0.3659983277320862,4.157334804534912,15.638218879699707,2.632429599761963
743,-5.759819030761719,True,True,1.015244722366333,0.30718785524368286,3.657594919204712,19.621809005737305,2.627901077270508
744,-5.746238708496094,True,True,0.9991083145141602,0.3633115589618683,4.76096248626709,12.972939491271973,2.619635820388794
745,-5.755687713623047,True,True,0.9435813426971436,0.3149496018886566,4.35436487197876,15.198782920837402,2.614236831665039
746,-5.758758544921875,True,True,1.1653623580932617,0.3239055275917053,5.23025369644165,18.18886375427246,2.616020917892456
747,-5.743110656738281,True,True,1.0528128147125244,0.37047627568244934,5.1287522315979,13.689412117004395,2.6123015880584717
748,-5.742103576660156,True,True,1.054503083229065,0.39376166462898254,3.934630870819092,19.000865936279297,2.620600700378418
749,-5.743595123291016,True,True,1.0728535652160645,0.35614684224128723,3.6468474864959717,18.274839401245117,2.634063720703125
750,-5.741336822509766,True,True,1.0708434581756592,0.3352496922016144,5.1717400550842285,14.835768699645996,2.6488664150238037
751,-5.734043121337891,True,True,1.1298089027404785,0.4018220007419586,4.649909019470215,16.68904685974121,2.651541233062744
752,-5.736385345458984,True,True,1.0434772968292236,0.30405327677726746,4.211667537689209,17.386411666870117,2.648900270462036
753,-5.753150939941406,True,True,0.9614232182502747,0.2980826497077942,4.703047275543213,13.765835762023926,2.6400532722473145
754,-5.743427276611328,True,True,1.0880866050720215,0.34599679708480835,5.046358108520508,14.893086433410645,2.6340548992156982
755,-5.732265472412109,True,True,1.0436761379241943,0.3448026478290558,4.485716819763184,18.360816955566406,2.6357009410858154
756,-5.745765686035156,True,True,1.0047050714492798,0.32271140813827515,4.457656383514404,13.498353004455566,2.635167121887207
757,-5.723533630371094,True,True,1.0690221786499023,0.34719088673591614,3.800291061401367,16.775022506713867,2.6216180324554443
758,-5.718467712402344,True,True,1.1750710010528564,0.33077171444892883,5.983743190765381,17.386411666870117,2.623082399368286
759,-5.730152130126953,True,True,1.266494631767273,0.3770439326763153,5.753278732299805,19.163267135620117,2.627439260482788
760,-5.7103424072265625,True,True,1.2642621994018555,0.3627144992351532,6.392131805419922,19.889291763305664,2.6439573764801025
761,-5.734779357910156,True,True,1.0699445009231567,0.32539817690849304,4.636772632598877,15.666877746582031,2.6522462368011475
762,-5.724330902099609,True,True,0.9932893514633179,0.3892837166786194,3.4557876586914062,15.600007057189941,2.652482032775879
763,-5.727287292480469,True,True,1.0431333780288696,0.38271602988243103,4.96993350982666,16.087209701538086,2.6578097343444824
764,-5.729072570800781,True,True,1.2339935302734375,0.3642071485519409,6.5294575691223145,19.92750358581543,2.657766580581665
765,-5.716896057128906,True,True,1.173149585723877,0.4095837473869324,5.230252742767334,15.571348190307617,2.664613723754883
766,-5.738597869873047,True,True,1.0096642971038818,0.3689836263656616,4.234355926513672,14.788003921508789,2.6640126705169678
767,-5.72332763671875,True,True,1.0520226955413818,0.39107489585876465,5.122782230377197,15.055487632751465,2.6496777534484863
768,-5.724231719970703,True,True,1.1721367835998535,0.36032623052597046,5.095315456390381,18.02646255493164,2.6682772636413574
769,-5.726474761962891,True,True,1.0953189134597778,0.37465569376945496,5.239805221557617,18.628299713134766,2.6776864528656006
770,-5.7228546142578125,True,True,1.1289465427398682,0.34599679708480835,5.482213020324707,14.854875564575195,2.6897132396698
771,-5.7134246826171875,True,True,1.2819859981536865,0.31584522128105164,6.810075759887695,18.714277267456055,2.6951494216918945
772,-5.722862243652344,True,True,1.2685554027557373,0.4042102098464966,5.599236011505127,15.399394989013672,2.6921520233154297
773,-5.7276763916015625,True,True,1.2166473865509033,0.3621174395084381,5.706707954406738,16.268714904785156,2.6838293075561523
774,-5.719627380371094,True,True,1.1909937858581543,0.36659541726112366,7.216076374053955,14.73068618774414,2.6826045513153076
775,-5.7313690185546875,True,True,1.1662976741790771,0.3913734257221222,4.772904872894287,15.22744083404541,2.672832489013672
776,-5.740329742431641,True,True,1.2665581703186035,0.3442055881023407,7.046511173248291,17.778085708618164,2.667534112930298
777,-5.720249176025391,True,True,1.1586271524429321,0.36032623052597046,4.880972385406494,20.214094161987305,2.6658518314361572
778,-5.744686126708984,True,True,1.0037236213684082,0.40122491121292114,3.836113929748535,15.112805366516113,2.6580498218536377
779,-5.726161956787109,True,True,1.159804344177246,0.3271893560886383,5.926424503326416,16.669940948486328,2.6447880268096924
780,-5.734630584716797,True,True,1.119520664215088,0.35286298394203186,5.592072010040283,16.57440948486328,2.638507604598999
781,-5.737998962402344,True,True,1.2975929975509644,0.3907763361930847,6.605881214141846,19.564491271972656,2.6330020427703857
782,-5.729373931884766,True,True,1.26105797290802,0.3095760643482208,6.718128204345703,13.584329605102539,2.638211727142334
783,-5.746776580810547,True,True,1.1075372695922852,0.37107333540916443,5.398624420166016,16.306928634643555,2.6332290172576904
784,-5.734977722167969,True,True,1.1369655132293701,0.3991352319717407,4.553782939910889,16.33558464050293,2.6430394649505615
785,-5.737705230712891,True,True,1.1174134016036987,0.3525644540786743,5.555054187774658,16.526643753051758,2.631107807159424
786,-5.732067108154297,True,True,1.1727705001831055,0.37823808193206787,5.491765975952148,19.42119789123535,2.6461596488952637
787,-5.733211517333984,True,True,1.1471915245056152,0.33166733384132385,6.17002534866333,15.141464233398438,2.648963451385498
788,-5.7275390625,True,True,1.1150596141815186,0.3456982672214508,5.3018999099731445,17.587024688720703,2.65450119972229
789,-5.727062225341797,True,True,1.1957812309265137,0.40122491121292114,4.442132949829102,20.156774520874023,2.6559348106384277
790,-5.7344512939453125,True,True,1.0533545017242432,0.37107333540916443,4.847535133361816,14.329462051391602,2.6529879570007324
791,-5.713623046875,True,True,1.1034190654754639,0.38838812708854675,4.467209339141846,16.029891967773438,2.6549088954925537
792,-5.711277008056641,True,True,1.159754753112793,0.4089867174625397,5.7735772132873535,15.332523345947266,2.6413750648498535
793,-5.725978851318359,True,True,1.1891014575958252,0.36181890964508057,6.6321516036987305,16.66038703918457,2.6396467685699463
794,-5.735008239746094,True,True,1.238152027130127,0.360624760389328,4.979485988616943,20.65353012084961,2.627300262451172
795,-5.718025207519531,True,True,1.1532211303710938,0.33704087138175964,5.127557754516602,19.029525756835938,2.6415750980377197
796,-5.726249694824219,True,True,0.9459854364395142,0.3456982672214508,4.2110700607299805,10.938155174255371,2.6350557804107666
797,-5.734638214111328,True,True,1.190762996673584,0.3355482220649719,5.328171253204346,16.803682327270508,2.6328179836273193
798,-5.714897155761719,True,True,1.1767983436584473,0.33435410261154175,5.607594013214111,18.121992111206055,2.6485981941223145
799,-5.726718902587891,True,True,1.156378149986267,0.45107951760292053,5.1800994873046875,19.000865936279297,2.668128490447998
800,-5.7338104248046875,True,True,1.068709135055542,0.3310702443122864,4.317346572875977,19.602703094482422,2.6605064868927
801,-5.704502105712891,True,True,1.2239463329315186,0.34331002831459045,6.006431579589844,20.003929138183594,2.6710054874420166
802,-5.727321624755859,True,True,1.156268835067749,0.34390705823898315,5.090540409088135,15.915255546569824,2.661278486251831
803,-5.721652984619141,True,True,1.2681642770767212,0.33913058042526245,7.294889450073242,17.539260864257812,2.6592304706573486
804,-5.698673248291016,True,True,1.21050226688385,0.3701777458190918,6.633346080780029,15.447158813476562,2.6589510440826416
805,-5.7072906494140625,True,True,1.102278232574463,0.3600277304649353,6.364668369293213,19.430749893188477,2.645185708999634
806,-5.725677490234375,True,True,1.1886951923370361,0.4036131501197815,4.5340776443481445,19.15371322631836,2.6569151878356934
807,-5.715782165527344,True,True,1.1658979654312134,0.37196892499923706,5.790295600891113,21.761676788330078,2.6452314853668213
808,-5.720130920410156,True,True,1.0829713344573975,0.3674909770488739,4.48930025100708,16.68904685974121,2.6452043056488037
809,-5.728183746337891,True,True,1.115457534790039,0.34331002831459045,5.4320597648620605,19.870187759399414,2.6531410217285156
810,-5.720344543457031,True,True,1.0397450923919678,0.35614684224128723,4.116137504577637,15.408947944641113,2.6657052040100098
811,-5.736042022705078,True,True,1.0994349718093872,0.3833130896091461,4.556171894073486,19.679126739501953,2.6660757064819336
812,-5.722347259521484,True,True,1.109694004058838,0.33644381165504456,5.233834743499756,18.23662757873535,2.669877052307129
813,-5.724239349365234,True,True,1.0660182237625122,0.34122028946876526,4.479150772094727,17.62523651123047,2.6438989639282227
814,-5.718479156494141,True,True,1.069702386856079,0.32539817690849304,5.4189229011535645,14.873981475830078,2.6480774879455566
815,-5.721073150634766,True,True,1.2103215456008911,0.34719088673591614,5.987326145172119,20.46247100830078,2.6409542560577393
816,-5.732952117919922,True,True,1.0796380043029785,0.3982396125793457,4.35436487197876,14.167060852050781,2.635974884033203
817,-5.712642669677734,True,True,1.060506820678711,0.42868971824645996,4.5675153732299805,15.38984203338623,2.6549293994903564
818,-5.71673583984375,True,True,1.0504982471466064,0.34002619981765747,5.033222675323486,12.199148178100586,2.6380577087402344
819,-5.7173614501953125,True,True,1.0798735618591309,0.38689544796943665,3.8767142295837402,13.995107650756836,2.6439857482910156
820,-5.717357635498047,True,True,1.0829097032546997,0.3662968575954437,5.116811752319336,13.374163627624512,2.647634506225586
821,-5.708885192871094,True,True,1.1585853099822998,0.39256754517555237,4.181812763214111,20.806377410888672,2.6665196418762207
822,-5.707366943359375,True,True,1.2787299156188965,0.3489820957183838,5.018892288208008,16.564857482910156,2.666146993637085
823,-5.720745086669922,True,True,1.0728471279144287,0.35913214087486267,4.013442516326904,12.609926223754883,2.65385103225708
824,-5.713874816894531,True,True,1.2103631496429443,0.41346466541290283,5.163381099700928,15.991678237915039,2.6529204845428467
825,-5.709892272949219,True,True,1.11261785030365,0.4024190604686737,4.648715972900391,12.351996421813965,2.6420812606811523
826,-5.722999572753906,True,True,1.1389468908309937,0.37943220138549805,5.687601089477539,18.905336380004883,2.6485438346862793
827,-5.720832824707031,True,True,1.1184269189834595,0.3546541631221771,4.169871807098389,16.058549880981445,2.648249626159668
828,-5.717338562011719,True,True,1.0386378765106201,0.36092329025268555,5.3759355545043945,10.72799015045166,2.6505630016326904
829,-5.713809967041016,True,True,1.0912506580352783,0.31375551223754883,5.673272132873535,13.297740936279297,2.6312007904052734
830,-5.722515106201172,True,True,1.1514209508895874,0.3743571639060974,5.483407497406006,16.66038703918457,2.6537327766418457
831,-5.710395812988281,True,True,1.1354527473449707,0.38092485070228577,6.838735580444336,21.264921188354492,2.651550054550171
832,-5.714698791503906,True,True,1.095900058746338,0.37823808193206787,3.9232871532440186,15.628665924072266,2.6544582843780518
833,-5.710285186767578,True,True,1.1161917448043823,0.3525644540786743,4.566917896270752,19.06773567199707,2.6660008430480957
834,-5.719226837158203,True,True,0.9708412885665894,0.37196892499923706,4.384814739227295,13.173551559448242,2.6828298568725586
835,-5.713169097900391,True,True,1.1202077865600586,0.3892837166786194,4.202114105224609,15.112805366516113,2.680643320083618
836,-5.718772888183594,True,True,1.173675298690796,0.4137631952762604,4.833804607391357,15.38984203338623,2.678396701812744
837,-5.710899353027344,True,True,1.150223731994629,0.3659983277320862,3.975827932357788,19.535831451416016,2.6810479164123535
838,-5.707828521728516,True,True,0.9495975971221924,0.3504747450351715,4.026577949523926,12.629032135009766,2.668975353240967
839,-5.703300476074219,True,True,1.0681030750274658,0.3451012074947357,4.6003522872924805,20.672636032104492,2.6628291606903076
840,-5.710357666015625,True,True,1.1318696737289429,0.30778488516807556,5.252941608428955,16.24005699157715,2.6771843433380127
841,-5.702571868896484,True,True,1.2554237842559814,0.3877910375595093,6.013596057891846,18.523216247558594,2.693563938140869
842,-5.697872161865234,True,True,1.139111042022705,0.36241596937179565,5.054716110229492,15.370736122131348,2.6823971271514893
843,-5.719688415527344,True,True,1.1428589820861816,0.3409217596054077,5.295929908752441,11.58775806427002,2.699384927749634
844,-5.7221832275390625,True,True,1.117899775505066,0.3695807158946991,4.603935718536377,17.883167266845703,2.678938150405884
845,-5.722660064697266,True,True,1.0109539031982422,0.3161437511444092,4.721557140350342,16.469327926635742,2.6797854900360107
846,-5.7229156494140625,True,True,1.0829999446868896,0.40062785148620605,3.839099884033203,15.8865966796875,2.681623935699463
847,-5.713539123535156,True,True,1.0704448223114014,0.3797307312488556,4.472582817077637,15.619112968444824,2.673853635787964
848,-5.722934722900391,True,True,1.1649188995361328,0.3224128782749176,5.838061332702637,15.915255546569824,2.6830506324768066
849,-5.709434509277344,True,True,1.042366862297058,0.36569979786872864,4.781859397888184,13.030257225036621,2.687410593032837
850,-5.716243743896484,True,True,1.1295077800750732,0.31853199005126953,4.907840251922607,21.51329803466797,2.685192346572876
851,-5.716495513916016,True,True,1.156346321105957,0.40600141882896423,5.304287910461426,15.351629257202148,2.6882450580596924
852,-5.717609405517578,True,True,1.1473408937454224,0.36569979786872864,4.701854705810547,15.179676055908203,2.6768527030944824
853,-5.727882385253906,True,True,1.0285216569900513,0.3886866569519043,4.177635192871094,16.708152770996094,2.6713125705718994
854,-5.7243499755859375,True,True,0.9788918495178223,0.3758498430252075,3.5543031692504883,15.151017189025879,2.687656879425049
855,-5.7189788818359375,True,True,1.138669490814209,0.364804208278656,5.789102554321289,13.966447830200195,2.7030656337738037
856,-5.737934112548828,True,True,1.1615208387374878,0.3522659242153168,4.617669105529785,17.042505264282227,2.7001824378967285
857,-5.712123870849609,True,True,1.1909974813461304,0.36838656663894653,5.428476333618164,21.341344833374023,2.69460129737854
858,-5.72198486328125,True,True,1.1221764087677002,0.34181734919548035,5.515647888183594,16.39290428161621,2.6949915885925293
859,-5.705921173095703,True,True,1.134796142578125,0.26434871554374695,5.994487762451172,16.66038703918457,2.6620445251464844
860,-5.721672058105469,True,True,1.1247069835662842,0.310770183801651,5.589684009552002,16.25916290283203,2.640393018722534
861,-5.735271453857422,True,True,1.129132628440857,0.3451012074947357,4.71439266204834,19.870187759399414,2.6406455039978027
862,-5.748046875,True,True,0.902633786201477,0.27912595868110657,4.195546627044678,10.030623435974121,2.633023500442505
863,-5.738094329833984,True,True,1.0647629499435425,0.31375551223754883,4.484523773193359,17.54881477355957,2.6297690868377686
864,-5.729228973388672,True,True,1.10792875289917,0.3340555429458618,5.4953484535217285,15.829278945922852,2.6315274238586426
865,-5.73614501953125,True,True,1.0177406072616577,0.2949480712413788,4.632593154907227,15.017274856567383,2.631412982940674
866,-5.737033843994141,True,True,1.207350492477417,0.3749542534351349,4.384814739227295,22.793397903442383,2.6272878646850586
867,-5.732917785644531,True,True,1.0080009698867798,0.3337570130825043,4.214055061340332,19.44985580444336,2.6307525634765625
868,-5.731590270996094,True,True,1.057814359664917,0.36301302909851074,4.683343410491943,13.259528160095215,2.6300811767578125
869,-5.740070343017578,True,True,1.014156460762024,0.28718629479408264,4.577068328857422,18.150651931762695,2.6256635189056396
870,-5.736595153808594,True,True,1.0545120239257812,0.3833130896091461,4.414668083190918,14.596944808959961,2.632901668548584
871,-5.736175537109375,True,True,1.0546960830688477,0.3271893560886383,5.279209613800049,12.590819358825684,2.649204730987549
872,-5.74005126953125,True,True,1.1156437397003174,0.3331599831581116,5.045162677764893,14.444097518920898,2.6516547203063965
873,-5.734901428222656,True,True,1.0293033123016357,0.3155466914176941,4.310776233673096,14.29124927520752,2.6569812297821045
874,-5.742988586425781,True,True,0.9706915616989136,0.3031576871871948,4.089866638183594,18.590087890625,2.6723597049713135
875,-5.741706848144531,True,True,1.1480433940887451,0.3997322618961334,4.655880928039551,20.118562698364258,2.672597885131836
876,-5.743610382080078,True,True,1.053999423980713,0.3367423415184021,3.788351058959961,17.19535255432129,2.676358938217163
877,-5.739082336425781,True,True,1.0211204290390015,0.3510718047618866,4.1871867179870605,17.357755661010742,2.6764743328094482
878,-5.742927551269531,True,True,1.0299272537231445,0.34599679708480835,4.5412445068359375,15.838830947875977,2.668954610824585
879,-5.74407958984375,True,True,1.0384949445724487,0.3086804747581482,4.983070373535156,13.574776649475098,2.668835401535034
880,-5.7398223876953125,True,True,0.9600268006324768,0.3382349908351898,3.416381359100342,17.78763771057129,2.66286563873291
881,-5.744331359863281,True,True,0.9511846303939819,0.3170393407344818,4.624236583709717,11.883899688720703,2.6573073863983154
882,-5.750675201416016,True,True,0.9907503724098206,0.32360702753067017,4.174052715301514,14.214825630187988,2.6611580848693848
883,-5.747539520263672,True,True,1.1607890129089355,0.4182411730289459,4.0271759033203125,20.290517807006836,2.664733409881592
884,-5.747230529785156,True,True,0.9896720051765442,0.3325629234313965,3.6767005920410156,17.109376907348633,2.670377492904663
885,-5.748950958251953,True,True,1.063742756843567,0.3477879762649536,4.351975440979004,11.731053352355957,2.6895647048950195
886,-5.7434234619140625,True,True,1.2307031154632568,0.3818204402923584,5.287569999694824,19.01997184753418,2.6761817932128906
887,-5.741020202636719,True,True,0.982278048992157,0.3456982672214508,3.8653714656829834,13.249975204467773,2.6879498958587646
888,-5.739429473876953,True,True,0.9440242052078247,0.32898056507110596,4.13285493850708,17.042505264282227,2.695103168487549
889,-5.739055633544922,True,True,0.9589412808418274,0.32002463936805725,3.7537217140197754,12.285124778747559,2.690706491470337
890,-5.738452911376953,True,True,0.9660388827323914,0.3065907657146454,3.7346158027648926,17.587024688720703,2.6768579483032227
891,-5.727699279785156,True,True,1.1236270666122437,0.36569979786872864,4.633787631988525,14.93129825592041,2.6892483234405518
892,-5.748043060302734,True,True,1.0193208456039429,0.3259952664375305,3.8576102256774902,16.631729125976562,2.6962697505950928
893,-5.731861114501953,True,True,1.026391863822937,0.34002619981765747,4.725736618041992,14.233931541442871,2.7105982303619385
894,-5.750667572021484,True,True,1.0041075944900513,0.38092485070228577,4.040310382843018,11.941218376159668,2.721802234649658
895,-5.7328033447265625,True,True,1.0110876560211182,0.364804208278656,4.026578426361084,10.909496307373047,2.7157504558563232
896,-5.725578308105469,True,True,1.0978965759277344,0.3639086186885834,4.637372016906738,22.12468910217285,2.7225708961486816
897,-5.721485137939453,True,True,0.9642560482025146,0.361520379781723,3.299954652786255,16.163631439208984,2.7142817974090576
898,-5.722225189208984,True,True,1.0764992237091064,0.3259952664375305,4.652895450592041,15.332523345947266,2.720911979675293
899,-5.7234954833984375,True,True,1.0520812273025513,0.3442055881023407,4.626027584075928,19.086841583251953,2.7349133491516113
900,-5.736236572265625,True,True,0.857794463634491,0.3668939173221588,2.779318332672119,11.63552188873291,2.7137746810913086
901,-5.736076354980469,True,True,0.9404094219207764,0.35495269298553467,3.8211894035339355,12.06540584564209,2.722541570663452
902,-5.737018585205078,True,True,1.052680253982544,0.34868356585502625,4.1919636726379395,17.749427795410156,2.7296345233917236
903,-5.7313995361328125,True,True,1.0549283027648926,0.3558483123779297,4.242115020751953,13.269081115722656,2.719592809677124
904,-5.7226715087890625,True,True,1.1299540996551514,0.3188305199146271,5.089346885681152,19.812868118286133,2.7436881065368652
905,-5.7193450927734375,True,True,0.8946295976638794,0.34599679708480835,3.455190420150757,9.653280258178711,2.7484548091888428
906,-5.723663330078125,True,True,0.994865894317627,0.368088036775589,4.258834362030029,14.119296073913574,2.753422260284424
907,-5.721641540527344,True,True,1.0017218589782715,0.40062785148620605,4.185396671295166,11.339380264282227,2.7549514770507812
908,-5.720554351806641,True,True,0.9849582314491272,0.33286145329475403,4.114346504211426,13.469694137573242,2.7705724239349365
909,-5.722637176513672,True,True,1.0015132427215576,0.3489820957183838,3.740586280822754,17.357755661010742,2.7683355808258057
910,-5.725154876708984,True,True,0.9942989945411682,0.3448026478290558,4.1877851486206055,15.972573280334473,2.782198429107666
911,-5.710418701171875,True,True,1.1293354034423828,0.30987462401390076,5.240997791290283,16.23050308227539,2.7684454917907715
912,-5.720516204833984,True,True,0.9816504716873169,0.2947987914085388,4.254655361175537,14.558732986450195,2.7660515308380127
913,-5.722919464111328,True,True,0.9977784156799316,0.371371865272522,4.133451461791992,20.32872772216797,2.7913944721221924
914,-5.726200103759766,True,True,0.9458340406417847,0.31106871366500854,3.661176919937134,23.079984664916992,2.777758836746216
915,-5.722461700439453,True,True,0.865291953086853,0.32420405745506287,3.1644225120544434,12.839197158813477,2.7764506340026855
916,-5.718173980712891,True,True,0.9538177251815796,0.3397276699542999,3.9716477394104004,13.38371753692627,2.7794785499572754
917,-5.7042999267578125,True,True,1.1095569133758545,0.35077327489852905,5.083375930786133,15.896149635314941,2.772601842880249
918,-5.701194763183594,True,True,0.99812251329422,0.34002619981765747,4.097628116607666,15.647771835327148,2.7802984714508057
919,-5.713050842285156,True,True,0.9518347382545471,0.3474894165992737,3.5937092304229736,14.66381549835205,2.793109655380249
920,-5.713573455810547,True,True,0.9361417293548584,0.32062169909477234,3.4820590019226074,14.06197738647461,2.8030741214752197
921,-5.711139678955078,True,True,0.9857557415962219,0.3779395520687103,3.50414776802063,15.848383903503418,2.795699119567871
922,-5.711231231689453,True,True,1.0028936862945557,0.36032623052597046,4.900078296661377,13.412376403808594,2.805307626724243
923,-5.724311828613281,True,True,0.9485860466957092,0.2904701232910156,3.8158156871795654,19.086841583251953,2.809595823287964
924,-5.711696624755859,True,True,0.9273446202278137,0.30091866850852966,4.356154918670654,17.73031997680664,2.8129587173461914
925,-5.7003631591796875,True,True,0.9545356035232544,0.30987462401390076,4.277940273284912,13.192657470703125,2.8195416927337646
926,-5.716987609863281,True,True,0.9392145872116089,0.2800215780735016,3.9788131713867188,17.59657859802246,2.8329498767852783
927,-5.7086181640625,True,True,0.9377299547195435,0.368088036775589,3.267714023590088,17.0329532623291,2.8438074588775635
928,-5.706031799316406,True,True,0.9621645212173462,0.36719244718551636,3.5990829467773438,11.549545288085938,2.8532612323760986
929,-5.716583251953125,True,True,0.9349926710128784,0.33435410261154175,4.479747295379639,8.712312698364258,2.861043930053711
930,-5.722873687744141,True,True,0.9462239742279053,0.328682005405426,3.0444133281707764,18.82891273498535,2.871194362640381
931,-5.709758758544922,True,True,0.911294162273407,0.37107333540916443,3.6128153800964355,17.233566284179688,2.869680643081665
932,-5.699611663818359,True,True,0.9929007291793823,0.3833130896091461,3.553107738494873,13.335951805114746,2.871234178543091
933,-5.715671539306641,True,True,0.8931924104690552,0.35077327489852905,3.0324723720550537,15.638218879699707,2.8689780235290527
934,-5.709468841552734,True,True,0.8531143665313721,0.37047627568244934,2.9070894718170166,11.024131774902344,2.8739013671875
935,-5.714378356933594,True,True,1.0223182439804077,0.38420867919921875,4.004487037658691,15.85793685913086,2.8809587955474854
936,-5.709484100341797,True,True,0.9668711423873901,0.31047168374061584,4.586022853851318,13.890024185180664,2.8760569095611572
937,-5.711597442626953,True,True,0.9199517965316772,0.26972225308418274,3.6181886196136475,17.615684509277344,2.8561267852783203
938,-5.709163665771484,True,True,0.9343218207359314,0.31047168374061584,3.6175894737243652,12.074958801269531,2.858787775039673
939,-5.706642150878906,True,True,1.036563754081726,0.36301302909851074,3.7274506092071533,13.412376403808594,2.873300075531006
940,-5.710475921630859,True,True,0.9284271001815796,0.39644843339920044,2.971571445465088,15.5904541015625,2.878390312194824
941,-5.711948394775391,True,True,0.8830888271331787,0.361520379781723,3.6958067417144775,11.511334419250488,2.8714075088500977
942,-5.714397430419922,True,True,1.0624032020568848,0.3319658637046814,3.8229806423187256,15.972573280334473,2.861656427383423
943,-5.7196044921875,True,True,1.0249452590942383,0.37405863404273987,3.7793943881988525,15.781513214111328,2.863663673400879
944,-5.713138580322266,True,True,0.9977318048477173,0.3489820957183838,3.3883204460144043,17.138036727905273,2.859917640686035
945,-5.724735260009766,True,True,0.8647974133491516,0.34928062558174133,3.482656240463257,11.22474479675293,2.8636438846588135
946,-5.732994079589844,True,True,0.8877689242362976,0.3245025873184204,3.1136715412139893,16.278268814086914,2.870173215866089
947,-5.718799591064453,True,True,0.9395267963409424,0.39256754517555237,3.8767151832580566,12.390207290649414,2.861696481704712
948,-5.715339660644531,True,True,1.0870429277420044,0.3430114984512329,4.8111162185668945,18.590087890625,2.869245767593384
949,-5.713962554931641,True,True,0.9297593832015991,0.30897900462150574,3.768648147583008,10.766201972961426,2.86637020111084
950,-5.728282928466797,True,True,0.9434313774108887,0.34271296858787537,3.4438459873199463,12.008089065551758,2.8819918632507324
951,-5.7267913818359375,True,True,1.0684642791748047,0.3668939173221588,3.5746030807495117,18.61874771118164,2.8915810585021973
952,-5.717983245849609,True,True,0.9395471811294556,0.41018083691596985,4.110167026519775,11.348933219909668,2.8913302421569824
953,-5.713554382324219,True,True,1.0829640626907349,0.3256967067718506,4.931125164031982,13.202211380004883,2.8743085861206055
954,-5.725318908691406,True,True,1.020270824432373,0.357340931892395,3.7119274139404297,15.924808502197266,2.872816562652588
955,-5.7183837890625,True,True,1.0019038915634155,0.33495116233825684,4.1244964599609375,14.969511032104492,2.868408203125
956,-5.727642059326172,True,True,0.9512608051300049,0.336145281791687,3.7877540588378906,15.580901145935059,2.870910167694092
957,-5.720176696777344,True,True,0.9987008571624756,0.3504747450351715,3.7047617435455322,12.218254089355469,2.8821861743927
958,-5.717319488525391,True,True,1.0240411758422852,0.38211897015571594,3.7310335636138916,19.06773567199707,2.8647654056549072
959,-5.719276428222656,True,True,0.9223338961601257,0.3588336110115051,3.4086198806762695,9.935093879699707,2.8810436725616455
960,-5.730045318603516,True,True,0.97390216588974,0.3233084976673126,4.181217670440674,11.454015731811523,2.8888509273529053
961,-5.71990966796875,True,True,1.1009496450424194,0.3633115589618683,4.5287065505981445,15.399394989013672,2.8921866416931152
962,-5.7146759033203125,True,True,1.0367522239685059,0.33763793110847473,4.9723219871521,15.475818634033203,2.896869421005249
963,-5.711997985839844,True,True,1.021254539489746,0.3880895674228668,4.06837272644043,17.0329532623291,2.8884501457214355
964,-5.713100433349609,True,True,0.9356911182403564,0.346892386674881,3.5214650630950928,19.40209197998047,2.883997678756714
965,-5.715507507324219,True,True,0.9973403215408325,0.36032623052597046,4.020009994506836,16.354690551757812,2.8704495429992676
966,-5.722160339355469,True,True,0.9140977263450623,0.3701777458190918,4.742454528808594,12.208701133728027,2.8801534175872803
967,-5.717689514160156,True,True,1.0656147003173828,0.40212053060531616,3.8629817962646484,18.819360733032227,2.886747360229492
968,-5.721462249755859,True,True,0.9611842632293701,0.3346526324748993,4.675583362579346,12.266018867492676,2.908648729324341
969,-5.722179412841797,True,True,1.0338504314422607,0.39256754517555237,3.559675455093384,16.841894149780273,2.911501407623291
970,-5.730648040771484,True,True,0.972558856010437,0.3355482220649719,4.0504608154296875,13.880471229553223,2.9276676177978516
971,-5.72564697265625,True,True,1.136575698852539,0.38211897015571594,3.865967273712158,23.06087875366211,2.9117014408111572
972,-5.725963592529297,True,True,0.9978842735290527,0.34331002831459045,3.7322275638580322,14.921745300292969,2.901353359222412
973,-5.732135772705078,True,True,1.0772974491119385,0.3707748055458069,4.830221176147461,13.995107650756836,2.88441801071167
974,-5.732608795166016,True,True,0.9326522350311279,0.34868356585502625,4.022996425628662,13.679859161376953,2.8889453411102295
975,-5.737098693847656,True,True,1.0148965120315552,0.35286298394203186,4.321526527404785,15.733748435974121,2.8815245628356934
976,-5.733997344970703,True,True,0.8556656837463379,0.3113672435283661,3.9143311977386475,11.79792308807373,2.876495122909546
977,-5.734027862548828,True,True,1.0115141868591309,0.3716703951358795,3.9764249324798584,15.322970390319824,2.8703670501708984
978,-5.717784881591797,True,True,0.9591739773750305,0.3379364609718323,3.7202861309051514,13.393270492553711,2.8658409118652344
979,-5.730525970458984,True,True,1.0772837400436401,0.40600141882896423,4.654088497161865,17.806743621826172,2.8703479766845703
980,-5.7342071533203125,True,True,0.9183676242828369,0.3403246998786926,3.6217708587646484,18.66651153564453,2.8864097595214844
981,-5.731109619140625,True,True,1.0863347053527832,0.34122028946876526,4.483926296234131,20.863697052001953,2.884718894958496
982,-5.727626800537109,True,True,0.9316469430923462,0.32271140813827515,3.661174774169922,12.533502578735352,2.869845151901245
983,-5.735012054443359,True,True,0.882446825504303,0.3791336715221405,3.0975518226623535,12.151383399963379,2.8748655319213867
984,-5.733928680419922,True,True,0.9932237267494202,0.3707748055458069,3.8850739002227783,14.09063720703125,2.868647336959839
985,-5.730525970458984,True,True,1.0220961570739746,0.3016650080680847,4.351377964019775,14.29124927520752,2.8706281185150146
986,-5.7294769287109375,True,True,0.9424009323120117,0.3662968575954437,3.722076416015625,16.039443969726562,2.885890007019043
987,-5.731925964355469,True,True,0.9216675758361816,0.3668939173221588,4.0343403816223145,15.332523345947266,2.8683359622955322
988,-5.727375030517578,True,True,1.0980477333068848,0.3546541631221771,4.498852729797363,18.341711044311523,2.874863624572754
989,-5.731201171875,True,True,1.0524427890777588,0.3743571639060974,4.2833147048950195,11.740605354309082,2.872389793395996
990,-5.733955383300781,True,True,0.993781566619873,0.3504747450351715,4.167484283447266,12.772327423095703,2.850999116897583
991,-5.73992919921875,True,True,1.0133178234100342,0.38152191042900085,3.5208680629730225,16.287822723388672,2.8399384021759033
992,-5.725128173828125,True,True,0.9571573138237,0.3053966462612152,4.648715496063232,11.024131774902344,2.8180313110351562
993,-5.7437896728515625,True,True,1.0165657997131348,0.4248088300228119,4.42601203918457,13.173551559448242,2.8096699714660645
994,-5.7396240234375,True,True,1.0559148788452148,0.33077171444892883,3.7328238487243652,18.676063537597656,2.8151471614837646
995,-5.751502990722656,True,True,0.9436236619949341,0.35823652148246765,3.771036386489868,13.565223693847656,2.8253438472747803
996,-5.741432189941406,True,True,1.0539852380752563,0.33077171444892883,4.103001594543457,19.965715408325195,2.8348517417907715
997,-5.7459869384765625,True,True,1.0612871646881104,0.3397276699542999,4.658865928649902,17.061613082885742,2.826075792312622
998,-5.727184295654297,True,True,1.0871756076812744,0.38271602988243103,4.600352764129639,17.14759063720703,2.820849657058716
999,-5.738071441650391,True,True,1.0244121551513672,0.34062322974205017,4.183605670928955,14.272143363952637,2.820904493331909
1000,-5.743129730224609,True,True,0.9276301264762878,0.3451012074947357,4.295853137969971,13.565223693847656,2.813101291656494
