V1,V2,V3,V4,V5,V6,V7,V8,V9,V10,V11,V12,V13,V14,V15,V16,V17,V18,V19,V20,V21,V22,V23,V24,V25,V26,V27,V28,V29,V30,V31,V32,V33,V34,V35,V36,V37,V38,V39,V40,V41,target
3.798840469386257,2.1592254789692302,0,0,1,0,0,29.4489776793907,0,0,0,-0.1037249914866163,1.948860538020076,0.9840997279726441,8.389606912575221,2,1.0437466884350584,1.160106615691398,0,0,0,0.9978772558817177,0,0,0,0,1.8899136069260445,0.027018642400029515,0,0.8330490933417884,0.444,0,0,0,1,2.7057099911832494,1.5,1,8.014920424865746,0,0,1
4.359235019237816,1.251570259111028,0,0,0,0,0,31.72693868289818,0,0,0,-0.1039899190302597,1.6787596312056676,0.8245643804842149,8.381989693143446,2,1.0437466884350584,1.147141538141632,0,0,0,0.9978772558817177,1,0,0,0,2.175962338927188,0.01751244406490726,0,9.965660052248355,0.5698443446861521,0,0,0,1,2.7057099911832494,1.5,2,7.998747923958137,0,0,1
4.38426318197396,2.990013520825232,0,0,0,0,0,19.77001158912546,0,0,0,-0.12644869233872424,2.250839271146852,1.5891635524933867,9.522826002364761,2,1.0299983638540267,1.1527810113051147,0,0,0,0.9978772558817177,1,0,0,0,2.1988356453051328,0.0336651904789627,0,3.5501948317566865,0.7940135534068664,0,0,0,2,2.612492856288521,2.3328533270553926,0,9.0471929538419,0,0,1
2.993746384711279,3.7709688711190292,0,0,0,0,0,11.967980310311454,0,3,0,-0.00875480669545107,1.6787596312056676,2.405885252002843,9.802289553368709,8,1.0057237565520298,1.1418566884227235,0,0,0,0.9978772558817177,0,0,0,0,2.152134257264166,0.04262522661100191,0,0.32096529277494834,1.3748057360281047,0,0,0,1,2.9982232097187524,2.4856575370874583,0,8.416676246755353,0,0,1
3.5239180925058333,2.8269163387773357,0,0,0,0,0,15.498622759100058,0,2,0,-0.04819272063433379,1.6787596312056676,1.249891969470421,8.902723448629187,2,1.0437466884350584,1.1427792859559658,0,0,0,0.9978772558817177,0,0,0,0,1.0,0.01877458553983295,0,2.0511269300670065,2.3529826037430652,0,0,0,1,2.8895145685879244,1.5,1,9.101985484010655,0,0,1
4.287776886419082,3.0190411411968094,0,0,0,0,0,37.48714684759407,2,2,0,-0.07698887920650829,2.25329049994976,1.5237431284031802,9.654683908068272,2,1.0437466884350584,1.1359426311737588,0,0,0,0.9213368401012894,0,0,0,0,1.9005154157362232,0.03299004998421779,0,0.4297152181432922,1.0338702212685915,0,0,0,1,3.43851291712988,3.028539979098563,2,8.3816398381412,0,0,1
4.5615989494125415,2.8383660419345196,0,0,0,0,0,24.442500377529228,1,3,0,-0.19387403623948368,1.6787596312056676,3.0253956492534653,8.294575049744068,1,1.0437466884350584,1.116994408296836,0,0,0,0.9978772558817177,0,0,0,0,1.0,0.003124087808531303,0,0.7052759089305816,0.8650021619662486,0,0,0,2,2.7057099911832494,1.5,1,8.437408453397213,0,0,1
3.5787776620993004,2.7369939807629855,0,0,0,0,1,13.211262451909704,1,4,0,-0.1572269620953101,1.6787596312056676,1.8134269252820157,8.067304219066678,2,1.0437466884350584,1.1403371101175084,0,0,0,0.9978772558817177,0,0,0,0,1.0,0.028268375536162203,0,0.38829779623605654,1.0390016610783497,0,0,0,1,2.840725659205345,1.5,1,8.661982268609409,0,0,1
4.685970041785459,3.323934282068364,0,0,0,0,0,8.725041402098697,0,2,0,-0.06139638753493448,1.6787596312056676,2.749508762855591,8.653469893243333,1,1.0865111644716805,1.1157570502274112,0,0,0,0.9978772558817177,0,0,0,0,1.9313373321302496,0.015206071042632675,0,19.85982034864912,0.6065562025477886,0,0,0,1,2.7057099911832494,1.60488079437834,0,9.452497351359685,0,0,1
3.718963851323821,3.2555902281689355,0,0,0,0,0,23.66848300474979,0,2,0,-0.1329158034249622,1.6787596312056676,1.3565601696766973,9.43532718141707,1,1.0437466884350584,1.1124373645234151,0,0,0,0.9978772558817177,0,0,0,0,2.185337123606365,0.02736474162265644,0,0.0,0.9497207133495806,0,0,0,1,3.318521110064814,1.5,0,7.936022000472205,0,0,1
4.188844772314065,2.703450777889571,0,0,0,0,0,14.752874086670237,0,1,0,-0.12594570427857593,1.6787596312056676,2.406297966851315,8.716978364385144,2,1.0397175483370706,1.1539133047992536,0,0,0,0.9978772558817177,0,0,0,0,1.0,0.027395267198498496,0,0.0,0.6633176641817443,0,0,0,1,2.7057099911832494,1.5655790461063819,0,8.060259304713146,0,0,1
4.002306832069722,2.448064052593891,0,0,0,0,1,26.882304155582272,1,3,0,-0.18318976924367922,1.6787596312056676,0.9682280712529607,8.067304219066678,19,1.0437466884350584,1.1094151874349194,0,0,0,0.9978772558817177,0,0,0,0,1.8899136069260445,0.02121950792949918,0,0.0,2.1453270679904675,0,0,0,1,2.891868154201971,1.5,1,7.354489830956251,0,0,1
5.2298680332844185,2.244685240746699,0,0,0,0,0,24.1367761760116,0,3,0,-0.1262414488666353,1.8866171042380604,1.2778865080565902,9.359253058029386,1,1.0744985844548292,1.130269712788003,0,0,0,1.033746156955307,0,0,0,0,1.1539675189057759,0.049971597498486585,0,0.0,1.0801393738418714,0,0,0,1,2.8025468309122745,1.6920631616436803,1,8.155963814357875,0,0,1
4.695193007109891,2.126274109391356,0,0,0,0,1,32.897684664124824,0,2,0,-0.18711643190010924,1.7582143974058888,0.9304710460628116,8.712806955093956,2,1.01491274970307,1.1159961217449166,0,0,0,0.9978772558817177,0,0,0,0,1.2447210515805716,0.01296540503323626,0,1.0310879100852992,1.0471404940959306,0,0,0,0,2.7057099911832494,1.7982700430743646,1,7.450587231747023,0,0,1
4.410996599761225,2.840276832910121,4,0,0,0,0,27.920919998459404,0,3,0,-0.09752869266363928,2.5137215828346475,2.097447171159594,9.066023743205754,1,1.0334247579835019,1.1491615129462116,0,0,0,0.9978772558817177,0,0,0,0,1.7893598043756476,0.04193547796116829,0,1.2864056648481408,1.562291188623997,0,0,0,1,3.0623392925771857,1.8685502937791092,5,8.715330991641364,0,0,1
5.27875401204339,1.6853921741201705,0,0,0,0,0,40.19858664998393,1,1,10,-0.09032541582093953,1.6787596312056676,1.428249403667517,9.510732222170908,0,1.0437466884350584,1.11079646851764,0,0,0,1.0157978843561946,0,0,0,0,1.6762019667855173,0.011465198282635168,0,1.8559739987846744,3.2362321041340376,0,2,0,1,3.063736861038305,1.7090613046697918,0,7.39992918414365,0,0,2
3.6562812425008238,2.062027686432634,0,0,0,0,0,22.632152731978152,0,4,0,-0.10130217986873263,1.9750527790488457,2.2431034953583975,8.067304219066678,5,1.0723788313986935,1.1268649537866005,0,0,0,0.9978772558817177,2,0,0,0,1.8899136069260445,0.006144499639694505,0,0.0,3.329209032900434,0,0,0,1,3.4985252861991487,2.2365566655530738,1,8.303306302673343,0,0,1
3.916011809685326,3.5418966045476825,0,0,0,0,0,21.833808511435077,0,0,0,-0.11463688542559206,1.6787596312056676,1.174321337484694,9.124349039961094,1,1.0437466884350584,1.1069260871288698,0,0,0,0.9978772558817177,0,0,0,0,1.0,0.01837583758884459,0,0.8962786036465822,1.463071975058405,0,0,0,0,3.0437837383467876,1.5,0,9.054547947620222,0,0,1
5.161486677453319,2.781396776500163,0,0,0,0,0,29.852469382082287,0,0,0,-0.14335275097163452,2.0074052829814777,1.5845781628830988,8.357093633151921,7,1.0437466884350584,1.1401099749617907,0,0,0,0.9978772558817177,0,0,0,0,1.8899136069260445,0.03585403894058668,0,0.7577278393590624,0.444,0,0,0,1,2.7057099911832494,1.5,0,8.378543500446266,0,0,1
5.115679613767709,1.8526126975346955,0,0,0,0,0,34.71946073158458,0,2,0,-0.0748943451178182,1.6787596312056676,0.9773853579001961,8.350430342113075,2,1.0437466884350584,1.1356589690216812,0,0,0,0.9978772558817177,0,0,0,0,1.8899136069260445,0.012993658923784311,0,0.0,1.1780299951596565,0,0,0,1,2.7057099911832494,1.5,1,9.014855274863164,0,0,1
2.3942852512059445,1.8182611424998207,0,0,0,0,0,26.882304155582272,1,1,0,-0.16361797488950738,1.6787596312056676,1.8387908776642754,8.179376534658319,2,1.0437466884350584,1.1404081995698323,0,0,0,0.9978772558817177,0,0,0,0,1.1634434052936355,-0.0013912607055181659,0,0.16268236923082646,1.4793261676784204,0,0,0,1,3.013497490272605,1.6933409628727276,1,7.886427447295528,0,0,1
5.0466234380774955,1.8277468499446345,0,0,0,0,0,35.90441862230252,0,0,0,-0.11798297615482202,1.6787596312056676,1.6963162339268276,10.081558447721303,1,1.0280700181806177,1.1420525828470744,0,0,0,0.9978772558817177,0,0,0,0,1.4876186326626666,0.039594517202278315,0,1.1408361867596652,0.9799552039348245,0,0,0,1,2.9412969185257385,1.5,1,7.84366520455678,0,0,1
4.246150319071066,2.065121931737628,0,0,0,0,0,8.874240741768727,0,1,0,-0.19387403623948368,1.6787596312056676,1.3190996078673172,8.483367373810314,2,1.0437466884350584,1.103297807693672,0,0,0,0.9978772558817177,0,0,0,0,1.0,0.003530118745075388,0,0.0,0.444,0,0,0,1,2.9608576773382254,1.5,0,8.60929403678216,0,0,1
4.423247759695729,2.5528925155626077,0,0,0,0,2,26.71668175082241,0,0,0,-0.15892947712235428,1.7440325246538708,1.6087511069012814,9.179438121755894,8,1.0266389411162462,1.1519974146911316,0,0,0,0.9978772558817177,0,0,0,0,1.2955302205317603,0.03519383469853141,0,0.6360436540950781,0.7786728723068025,0,0,0,1,3.040320178328879,1.5,0,7.951282695384601,0,0,1
4.519173034463098,2.7662404831212024,0,0,0,0,0,36.10146620603678,0,3,0,0.024629728797780692,2.0748247718804387,2.5668389371560947,9.320235664230673,2,1.0177833673629586,1.141836784397568,0,0,0,1.0499284369099702,0,0,0,0,1.5672432534185716,0.03197015077990115,0,2.0456733311890263,0.7924975321524413,0,0,0,1,2.8537212409601427,1.5480468014480229,2,8.737584649515387,0,0,1
4.249260954336612,2.1972801021393145,0,0,0,0,0,32.61499308271961,0,2,0,-0.15566543850129466,2.001627795450198,1.642913478761831,9.693309395342567,0,1.0389204097264233,1.1364310449657153,0,0,0,0.9978772558817177,0,0,0,0,2.1511074210516083,-0.006368267151386296,0,1.2841942957315349,1.8634512168596538,0,0,0,1,2.7209906069345386,1.5,1,8.033426664544956,0,0,1
4.479297887391599,2.613344921645319,0,0,0,0,0,26.895298751811588,0,3,0,-0.19387403623948368,1.6787596312056676,1.763266094716504,8.37941885172388,2,1.0363158286031164,1.1152287858228396,0,0,0,0.9978772558817177,0,0,0,0,1.0,0.03369740966337333,0,21.370318781902533,0.444,0,0,0,1,2.7057099911832494,1.8542034232330091,1,8.363131201468377,0,0,1
3.552560771274698,1.5699332447026508,0,0,0,0,0,26.882304155582272,0,0,0,-0.19387403623948368,1.6787596312056676,1.9073077119593396,8.33788983625953,1,1.0437466884350584,1.1654103403735263,0,0,0,0.9978772558817177,0,0,0,0,1.0,0.042208170813882055,0,1.044341128541577,0.9738986816413285,0,0,0,1,2.7057099911832494,1.5,0,9.903890926262628,0,0,1
5.101677565709847,2.9934340009610265,0,0,0,0,0,30.84228241345695,0,0,0,-0.018889174857404486,2.392423974364193,0.9558120997679692,9.147258409226813,2,1.040226978537649,1.1570814876164697,0,0,0,0.9978772558817177,0,0,0,0,1.9399651605818549,0.038490409405130516,0,0.5976878778159217,1.1690495041257796,0,0,0,0,3.1488485651628064,1.6818033719539038,0,8.208209380811581,0,0,1
5.141414297428129,3.1255699128208874,0,0,0,0,0,26.882304155582272,0,1,0,-0.19387403623948368,1.6787596312056676,2.0353808146586068,9.275940168414452,2,1.0437466884350584,1.1486281079611078,0,0,0,0.9978772558817177,1,0,0,0,1.8899136069260445,0.01609518273137378,0,18.313119548414498,1.5564649329856115,0,0,0,1,2.794165962362591,1.5,0,8.396436287030163,0,0,2
5.150355494215047,1.2507647349685236,0,0,0,0,0,26.882304155582272,0,3,0,-0.13512027006447255,1.6787596312056676,1.3986745598809753,8.54968821746999,2,1.0437466884350584,1.118081426849132,0,0,0,0.9978772558817177,0,0,0,0,1.8899136069260445,0.006030526344981513,0,0.0,0.8183266748989122,0,0,0,1,2.7057099911832494,1.5,0,8.286308997449357,0,0,1
5.150722212620223,1.389615060976399,0,0,0,0,0,29.919882930447535,0,0,0,-0.12907889713780651,1.6787596312056676,0.9290543020462565,8.608829891852231,2,1.0437466884350584,1.0866604185861515,0,0,0,0.9978772558817177,0,0,0,0,1.0,0.05121578422279415,0,0.0,0.6602915986646041,0,0,0,1,2.7057099911832494,1.5,1,7.660051917575442,0,0,1
5.336910535849475,2.372182926673995,0,0,0,0,0,36.658189468916206,0,1,0,-0.05554375173118832,2.2285665856519765,1.5135617179171716,10.204915002555309,2,1.0437466884350584,1.1086585658635817,0,0,0,0.9978772558817177,0,0,0,0,1.9549850206821955,0.013918083288601895,0,0.20332850707630107,0.444,0,0,0,1,3.423279755593358,1.5,1,7.289697197581367,0,0,1
3.306568072771774,2.5692011678734836,0,0,0,0,0,10.204266685500713,3,1,0,-0.06583120897383825,1.6787596312056676,1.7212453675461605,9.217468331057825,2,1.0253104008679819,1.1601182002048034,0,0,0,0.9978772558817177,0,0,0,0,1.2440264544258,0.03593168870613845,0,0.7351136616795599,1.9664180728407954,0,0,0,1,2.7057099911832494,1.821968007298117,1,8.308720209482344,0,0,1
3.61130102150714,2.257338723267109,0,0,0,0,0,39.75514842682488,0,2,0,0.0038956094707042754,1.6787596312056676,1.632231244426647,9.087707980237294,19,1.0564008058469314,1.1244159575753339,0,0,0,1.0455055161165197,0,0,0,0,1.164662359253526,0.014470965243025746,0,1.5295081928802305,1.3882214903541599,0,0,0,1,3.5901848725911654,2.2896105527452915,0,8.123170598689413,0,0,1
4.600515015534648,2.38073795031686,0,0,0,0,0,8.523594749613007,0,2,0,-0.17472195713224198,1.6857523376382533,0.7700513065064987,8.067304219066678,2,1.0408017204789812,1.161809115430609,0,0,0,0.9978772558817177,0,0,0,0,1.0,0.023700491370245904,0,0.4153797008788423,1.646930933676582,0,0,0,1,2.9552401501915653,1.6526262166169503,1,9.433711580605367,0,0,1
4.548667920718827,1.5863398041664794,0,0,0,0,0,32.105021197893265,1,0,0,-0.07335972309919728,1.9937633735994424,2.3157704540163406,9.053478585269628,18,1.0437466884350584,1.1336535424265164,0,0,0,0.9978772558817177,1,0,0,0,1.074781583840521,0.025484186165815888,0,1.6188140730066134,3.2839117580248587,0,0,0,1,3.551890270059075,2.0986408955803366,3,9.101237005413388,0,0,2
3.460701500359207,2.913510260131945,0,0,0,0,0,18.44278442209437,0,2,0,-0.15282940670862236,1.6787596312056676,1.0050429820903484,8.887467509600196,2,1.0437466884350584,1.1316759953229638,0,0,0,0.9978772558817177,0,0,0,0,1.8899136069260445,0.017199338961976958,0,25.03201320981442,0.69891430919704,0,0,0,1,2.943341932211768,1.5,1,8.629638732025704,0,0,1
2.5827911935162735,3.208834937149099,0,0,0,0,0,18.999553008033644,0,2,0,-0.06816895126918797,2.017028000731586,1.632965280783028,8.466515896188165,2,1.0344392316724211,1.1935720541131882,0,0,0,0.9978772558817177,0,0,0,0,2.1832395842973855,0.05121578422279415,0,11.070437457359663,2.56831056094086,0,0,3,1,3.0785934966893898,1.9650495680848534,2,8.82780428284247,0,0,1
4.0223659430393255,3.7341838081951164,0,0,0,0,1,19.32698899564553,1,0,0,-0.1443267238907234,1.6787596312056676,1.0363451695809927,9.761973945633116,2,1.0195120315480815,1.1393184707445805,0,0,0,0.9978772558817177,0,0,0,0,1.7883239405817606,0.035771727064362754,0,14.873956749108812,0.8718648462640488,0,0,0,1,3.6350947286295576,2.1420996226359583,0,8.823490650053483,0,0,1
4.614047119661046,2.9530368765164656,0,0,0,0,0,37.791122711201425,0,2,0,-0.183532269138289,1.6787596312056676,1.8643907659859553,8.897743331360758,1,1.0437466884350584,1.1649445158152132,0,0,0,0.9978772558817177,0,0,0,0,1.1999667781721823,0.008851903234838154,0,1.6523939128174026,0.9765381333783747,0,0,0,1,2.8291171270932796,1.5,1,8.779387015776424,0,0,1
5.1202658841589805,2.696185390033748,0,0,0,0,0,18.63097082563989,0,2,0,-0.14154433402364514,1.6787596312056676,1.7740946340721506,8.342633954635968,0,1.107149586037566,1.1370828667938828,0,0,0,0.9978772558817177,0,0,0,0,1.93076577028602,0.011079746877516592,0,1.2067133205332763,0.9630500147598315,0,0,0,0,2.8286275239101846,1.9223018587003649,0,8.441273328132752,0,0,1
5.422402459208814,2.3158289030027612,0,0,0,0,0,37.4478381508519,0,0,0,-0.09425344889152708,1.8253015316189731,1.0765740942419764,8.947268648121215,1,1.0278256431877455,1.1277561034519283,0,0,0,1.065223507441758,0,0,0,0,1.9176243101476411,0.014378115184334078,0,14.119151968683218,1.565794544374545,0,0,0,1,3.086424756978363,1.9102254455435237,1,7.832357128990172,0,0,1
3.493281960589229,2.491711785479239,0,0,0,0,0,31.20848380690872,2,0,0,-0.1802900995633228,1.6787596312056676,1.8732049138384348,9.133356980620523,2,1.0437466884350584,1.1412670340420668,0,0,0,0.9978772558817177,0,0,0,0,1.0,0.015349696548621459,0,1.6507886855651672,0.8231181486000888,0,0,0,1,3.188189065461469,1.5,2,8.476399999741922,0,0,1
4.707396852303718,2.8199960283673993,0,0,0,0,0,13.54318640327984,0,2,0,-0.06816340051604579,1.6787596312056676,1.5097923020598882,8.981185850628139,8,1.040311889309844,1.107261341887494,0,0,0,0.9978772558817177,1,0,0,0,1.8899136069260445,0.050678216614485766,0,12.659146834019037,0.5963054628213807,0,2,0,1,2.7057099911832494,1.837607618942159,1,8.413692868347855,0,0,1
3.155881540847182,1.5361033105945026,0,0,0,0,0,23.93733228633025,0,0,0,-0.1374746761353342,1.6787596312056676,2.1962946111344928,8.155642363724269,2,1.0437466884350584,1.1212157631761284,0,0,0,0.9213368401012894,1,0,0,0,1.0,0.026364434532223487,0,0.0,1.754940487603565,0,0,0,1,2.7057099911832494,1.8114914591341245,0,8.511275696100219,0,0,1
4.586794166611228,2.0126734661322487,0,0,0,0,0,22.57261572159483,0,0,0,-0.14547024813452697,1.6787596312056676,1.0534688560324659,8.962516540304662,2,1.013956690906701,1.1404881812333567,0,0,0,0.9978772558817177,0,0,0,0,1.0,0.05121578422279415,0,1.3068766905879876,0.444,0,0,0,1,2.9696232597172036,1.5,1,8.971430352025221,0,0,1
3.303845360552164,2.034660174975037,0,0,0,0,0,10.695981988738215,0,2,0,-0.11399731659310683,1.6787596312056676,0.9360630997716447,7.4863602110328555,1,1.0437466884350584,1.1406657034025929,0,0,0,0.9978772558817177,0,0,0,0,1.2856699160080751,0.029708452151916052,0,0.9552525366406223,1.6069813767268257,0,0,0,1,2.8819311579571902,1.5,1,7.653763192878803,0,0,1
3.737124994409444,3.1547578697979013,0,0,0,0,0,34.712132582322695,5,0,0,-0.05212582366149987,2.4238926096852453,1.829940218375781,10.15659708982244,1,1.0395418112733523,1.1364386125434225,0,0,0,0.9978772558817177,1,0,0,0,1.9973299260635042,0.020785711342884608,0,12.554387482687389,1.299672541140723,0,0,0,1,2.958460582066306,1.6784468215504267,1,8.270752940513683,0,0,1
3.5951489210000744,1.4737438254926833,0,0,0,0,0,32.77486424181475,0,2,0,-0.08184622581716933,1.6787596312056676,1.271617364189815,9.27032642492536,2,1.107149586037566,1.1256393883129578,0,0,0,0.9978772558817177,0,0,0,0,1.0,0.006601468509966643,0,0.7891029167898297,0.7886415186435798,0,0,0,1,2.7057099911832494,1.5,0,7.5325621935892215,0,0,1
3.7857639279253976,2.965279531322137,0,0,1,0,0,26.25723978606586,0,1,0,-0.08450056833116039,1.6787596312056676,2.175624830372891,9.132673250213148,2,1.0437466884350584,1.1349624657593587,0,0,0,0.9978772558817177,0,0,0,0,1.0,0.018960129420263462,0,0.1974775864009794,2.7440133502197734,0,0,0,1,2.7057099911832494,1.6991021446709476,1,8.402365855760968,0,0,1
3.6167872322479186,3.6848956595405045,0,0,0,0,0,32.613646850144384,0,0,0,-0.13898179774212202,1.8567499785774204,2.51179639170518,8.082381870174071,2,1.0437466884350584,1.15575999805885,0,0,0,0.8651752986817899,0,0,0,0,1.8914954726052557,0.04604615968256799,0,3.143666599419841,2.2115807025712373,0,0,0,1,3.1356397980376354,1.7121673050073904,1,9.052443094347717,0,0,1
5.417131906477711,2.9342766845767443,0,0,0,0,3,15.480648712274183,0,0,0,-0.07297772303181216,1.6787596312056676,0.9507336748372506,8.767581078324858,2,1.0437466884350584,1.108116829070951,0,0,0,0.9978772558817177,0,0,0,0,1.31017812168469,0.016698783887791734,0,0.7523142479415074,1.855167990700509,0,0,0,1,3.0071857808784292,1.5,2,7.905852498558658,0,0,1
3.070065712187988,3.021666160124595,0,0,0,0,4,26.690939923791916,0,0,0,-0.8484483733387065,1.6787596312056676,1.0352563689939442,8.717645498173583,2,1.0421279261974994,1.184986510936298,0,0,0,0.9978772558817177,1,0,0,0,2.0725891370845964,0.04017749976803255,0,29.38766066652695,1.1955502350785143,0,0,0,1,3.0064223895872098,1.7925496086036077,0,9.674191544846117,0,0,1
4.777957961659209,2.3299291235221258,0,0,0,0,0,20.9147125651927,0,3,0,-0.14058733581437285,1.6787596312056676,2.369507203725029,9.519850492626672,1,1.0363236826773816,1.1251097486730424,0,0,0,0.9978772558817177,0,0,0,0,1.8899136069260445,0.026855590391327032,0,0.0,2.731069277533731,0,0,0,1,3.3229679405378345,1.736683469415955,0,8.075781587931736,0,0,1
5.008564934397477,3.37210360086135,0,0,0,0,0,26.882304155582272,1,0,0,-0.18993015703544455,1.6787596312056676,1.0015769554542437,8.282200132883997,1,1.0437466884350584,1.1174840563956174,0,0,0,0.9978772558817177,0,0,0,0,1.8899136069260445,0.050120728794692766,0,0.0,1.5585640921174502,0,0,0,1,2.7635510012138202,1.5,0,7.575743964161878,0,0,1
5.041837650124632,2.947307252658172,0,0,0,0,0,25.064758629899206,0,0,6,-1.0097469303114415,2.18777996637258,1.8100972501186041,7.331915193611101,2,1.0055385901229565,1.1406321898441758,0,0,0,0.9978772558817177,1,0,0,0,2.1480457856591326,0.04226094140706669,0,15.165008925441288,0.7968822044790749,0,0,0,1,3.3236060024986154,2.8121211620946815,0,8.460271635532164,0,0,2
4.575713696286714,2.669009427845201,0,0,0,0,0,28.56894889684465,0,1,0,-0.12033611545629438,1.6787596312056676,1.9904877038311968,9.213579755814337,2,1.0401879664107645,1.1158078639437887,0,0,0,0.9978772558817177,0,0,0,0,1.8899136069260445,0.019726104517008656,0,21.285673866430844,1.0239795292405403,0,0,0,0,2.7057099911832494,1.5,1,7.951726578523388,0,0,1
4.5315267862295885,2.20356830450145,0,0,0,0,3,8.302125878359412,0,0,0,-0.06628411357876793,1.6787596312056676,1.3319537635551169,8.892060498158747,14,1.0437466884350584,1.148437803386057,0,0,0,0.9978772558817177,1,0,0,0,1.0,0.03190380632025548,0,1.5589424627878308,1.044850269445936,0,0,0,1,2.7057099911832494,1.5,1,8.38964583534565,0,0,1
5.1398081271260745,1.120958507874017,0,0,0,0,0,22.37078872052671,0,1,0,-0.13135152748654638,1.6787596312056676,1.208910079499226,8.067304219066678,2,1.0437466884350584,1.1509611190556304,0,0,0,0.9978772558817177,1,0,0,0,1.9673264893109548,0.03578400103937633,0,1.5544489380912194,0.444,0,0,0,2,2.7057099911832494,1.5,1,7.299228815707833,0,0,1
4.312475183653033,1.446302906610192,0,0,0,0,0,29.99399562262246,0,0,0,-0.049250337760393656,1.6787596312056676,1.7525665021585533,8.067304219066678,1,1.0437466884350584,1.1568925450351568,0,0,0,0.9978772558817177,0,0,0,0,2.0256430857051257,0.02851382066430408,0,24.219150851923928,1.1027477109229389,0,0,0,1,2.7788941919813084,1.5,0,8.93929247903499,0,0,1
4.249318281749359,1.2433288075181688,0,0,0,0,0,30.02137851098429,0,0,0,-0.19387403623948368,1.6787596312056676,1.4716315446925599,8.067304219066678,2,1.0382915741828531,1.1000041587699687,0,0,0,0.9978772558817177,1,0,0,0,1.8899136069260445,0.01974469515202476,0,23.540959465652197,1.512853820597842,0,0,0,1,3.0712052220929333,1.5,1,7.990755492148755,0,0,1
4.519014182987999,1.4410419188137409,0,0,0,0,2,8.302125878359412,1,0,0,-0.17043398881381377,1.6787596312056676,1.6655325859457049,8.067304219066678,2,1.0437466884350584,1.0724021601402798,0,0,0,0.9978772558817177,0,0,0,0,1.0,0.0284582003091,0,16.680839120133673,0.4551948485108446,0,0,0,1,2.809074654211488,1.5,0,7.252166720966527,0,0,1
4.610075427236477,2.8422447794316144,0,0,0,0,0,26.981650941816262,0,0,0,-0.17204021785118603,1.6787596312056676,0.8507966867830501,8.067304219066678,2,1.0437466884350584,1.1428261063823697,0,0,0,0.9978772558817177,0,0,0,0,1.8899136069260445,0.029671948950259083,0,12.116873026391339,0.78777759938265,0,0,0,1,2.7057099911832494,1.5,0,7.96036290797432,0,0,1
4.682206902155735,2.4648100244921416,0,0,0,0,3,32.86180066223829,1,1,0,-0.10604213150526193,1.6787596312056676,2.324870816425141,9.173424990690666,2,1.0437466884350584,1.157459894876695,0,0,0,0.9978772558817177,0,0,0,0,1.0,0.04604972188509229,0,11.387369462375244,1.9548376209079559,0,0,0,1,2.7057099911832494,1.5,0,9.040526136159146,0,0,1
4.838978873283371,3.3424640745227876,0,0,0,0,2,22.739819279411886,0,0,0,-0.10060257768328008,1.6787596312056676,1.4018506515080191,9.229108218870174,1,1.107149586037566,1.1331660818232765,0,0,0,0.9978772558817177,1,0,0,0,2.042148543303747,0.02432535793831225,0,12.215111622107386,1.0295873502278123,0,0,0,1,3.021977630170814,2.4013137805383686,1,7.781714557795722,0,0,1
4.192151227145206,2.634593962471028,0,0,0,0,0,16.285242187000236,0,0,0,-0.007195990821005255,1.6787596312056676,1.5003725466907152,9.293074165754396,1,1.0437466884350584,1.1326888729421738,0,0,0,0.9978772558817177,0,0,0,0,1.4190980626742673,0.010751821918426508,0,2.8827265118240417,0.6439105550687448,0,0,0,1,3.2780785543590865,2.491784564902023,0,8.14901503006953,0,0,1
4.514738559635071,1.9205877282952044,0,0,0,0,0,18.29021192990796,0,2,0,-0.18602804667299616,1.6787596312056676,2.2945904172938834,8.272197400944107,5,1.0367514835317948,1.14605984460652,0,0,0,0.9978772558817177,0,0,0,0,1.2684900339913407,0.03530152258063243,0,29.4430460248495,1.7154408060119755,0,0,0,1,3.298886510342572,1.5,2,7.884295094109162,0,0,1
4.001544128230575,2.4390452538052445,0,0,0,0,0,28.016415351370817,0,2,0,-0.09724492480435144,2.3726684060596335,1.942795338588557,8.067304219066678,8,1.0375845904281822,1.1353554981367182,0,0,0,0.9978772558817177,0,0,0,0,1.1254952336311237,0.014548936856700318,0,1.0840298925781753,1.1158392134487305,0,0,0,1,2.7716493558173996,1.6604261789953063,0,8.606309432902044,0,0,1
5.038041395314426,1.731597804818359,0,0,0,0,0,14.000234209854199,0,3,0,-0.031460931122282515,1.6787596312056676,1.3131361056517437,9.77401699298045,1,1.0233502016035922,1.1450262389086516,0,0,0,0.9978772558817177,1,0,0,0,2.200720592381223,0.021154066519440805,0,0.0,1.7013386124849488,0,0,0,1,3.372034819156966,2.885312799112177,0,8.88148923239975,0,1,1
3.7257953755624578,2.737290292289675,0,0,0,0,6,18.59339881490982,2,0,0,-0.09028013457331484,1.9634115263570433,1.9452770525395087,9.481188291619578,1,1.032365029538745,1.13656985908375,0,0,0,0.9978772558817177,0,0,0,0,1.3625040963402058,0.02152399968922049,0,23.73053916699287,0.444,0,0,0,1,2.7447306237773317,2.0451381453065727,0,8.728346404909457,0,0,1
5.22344626576382,2.6130635265165583,0,0,0,0,0,19.89301547541072,1,0,0,-0.09508753592178151,1.8900021201411787,1.682178386221997,8.470135090703849,2,1.0289394721212586,1.1451895239870948,0,0,0,0.9978772558817177,0,0,0,0,1.0142663734656563,0.03025930927543135,0,2.0032538875665553,0.932448671060963,0,0,0,0,2.7057099911832494,2.0937733072060247,0,8.35770016887221,0,0,1
4.8833181835558435,0.9538134348937701,0,0,0,0,2,8.302125878359412,0,3,0,-0.1432441082223743,2.1861323549289047,1.9924814728881661,8.067304219066678,7,1.107149586037566,1.1337911976084731,0,0,0,0.9978772558817177,0,0,0,0,1.1588496705512317,0.030565568075089054,0,11.194639215590945,1.0025242026520869,0,4,0,1,2.8133056098435243,1.5,1,8.435948059989496,0,0,1
4.367373187191486,2.9625200490781602,0,0,1,0,6,36.59226924360478,1,1,0,-0.019759914708329687,2.2553741197619432,3.3638483237710837,9.613176675666274,24,1.0092696403843477,1.1485599117996481,0,0,0,1.0178477394885148,0,0,0,0,1.9318388735795295,0.024643687604944866,0,25.566806472094587,0.7763442851283839,0,0,0,1,3.3914698028864345,3.3465861347486054,0,8.650406438836637,0,0,2
4.470054856079009,3.05821119741579,0,0,0,0,1,36.829123035307376,0,2,0,-0.03899001529386673,2.3815997979400265,2.421494382859577,9.296656143609436,1,1.0437466884350584,1.1387061637597384,0,0,0,0.9978772558817177,0,0,0,0,1.0,-0.0063050880524047614,0,0.32637395535727404,0.7513580201924354,0,0,0,1,2.7057099911832494,1.5,2,8.024864634188654,0,0,2
4.065106905441208,3.2317107094502813,0,0,0,0,0,26.882304155582272,0,1,0,-0.14060990734167306,1.6787596312056676,2.215545099570539,9.20298080291237,1,1.0437466884350584,1.1498534738648345,0,0,0,0.9978772558817177,0,0,0,0,1.9851127672590576,0.008420745490356719,0,1.8154394675964933,1.2303687123670044,0,0,0,1,2.8215153682963816,1.5,0,7.824019784028749,0,0,1
4.6476317400449725,0.8039,0,0,0,0,0,26.882304155582272,0,0,0,-0.17926074578975093,1.6787596312056676,2.5816199790707275,8.067304219066678,2,1.0437466884350584,1.1194105766756992,0,0,0,0.9978772558817177,0,0,0,0,1.9968211043483362,0.030427220253366548,0,0.14036439357483874,0.549934863320962,0,0,0,1,3.006520465615464,1.5,0,8.77172955377511,0,0,1
4.627288148932934,1.4081173429459528,0,0,0,0,0,28.03059049001225,0,1,0,-0.11572945099168983,1.6787596312056676,1.3239318432183704,8.526927714846849,2,1.0437466884350584,1.1524448258507693,0,0,0,0.9978772558817177,1,0,0,0,1.8899136069260445,0.03920763076074808,0,13.378526627344616,1.4457342087321197,0,0,0,1,2.7057099911832494,1.5,1,8.382419685754561,0,0,1
4.786413791319004,3.3139589575614883,0,0,0,0,0,26.882304155582272,0,0,0,-0.19387403623948368,1.6787596312056676,0.9510810225719645,8.067304219066678,2,1.0337519777930413,1.127581754538936,0,0,0,0.9978772558817177,0,0,0,0,1.0,0.016036214218270756,0,0.0,0.444,0,0,0,1,2.7057099911832494,1.5,0,7.846602700961131,0,0,1
3.4577801135328934,2.9393201573645547,0,0,0,0,0,17.526795979553714,0,0,0,-0.12145075735802198,1.7883474871669223,1.24914797764707,9.576591063737556,2,1.0437466884350584,1.1723241951362136,0,0,0,0.9978772558817177,1,0,0,0,1.3457427218497005,0.05121578422279415,0,3.5501948317566865,1.0414916880226475,0,0,0,1,2.7057099911832494,1.5835226243841136,0,8.571615994766308,0,0,1
4.360848196771161,2.5965896692666366,0,0,0,0,0,32.34794196233578,0,2,0,-0.12952556002447257,1.6787596312056676,0.890191141058478,9.343934881679386,1,1.0437466884350584,1.0797077621351934,0,0,0,0.9978772558817177,0,0,0,0,1.0,0.011342067158932606,0,0.33514586633617893,0.9740544493640546,0,0,0,1,3.2851636060857397,1.517168579817832,0,7.061292531840399,0,0,1
5.104804863056468,1.4023417691009943,0,0,0,0,1,12.795121951993956,0,2,0,-0.08438214842543186,1.6787596312056676,1.4528165209473094,8.572297716007208,1,1.0248837638351824,1.148261787449479,0,0,0,0.9978772558817177,0,0,0,0,1.9679368949272773,0.008836377187651621,0,0.9191350807685807,1.0566761439771506,0,0,0,1,2.7057099911832494,1.5,0,7.534576161496178,0,0,1
5.031515883704721,2.374757722688582,0,0,0,0,0,27.209932289972812,0,1,0,-0.1302919094406557,1.6787596312056676,2.562166430674441,9.143516500316572,2,1.0284415458497111,1.1485718746446474,0,0,0,0.9978772558817177,0,0,0,0,1.9409270864859938,0.02137403721242531,0,0.450870513029336,1.038202390911425,0,0,0,1,2.8385566908071893,1.5,2,8.439798053710827,0,0,1
4.463160349271782,2.399415093191944,0,0,0,0,1,30.726403962507916,0,1,0,-0.19387403623948368,1.6787596312056676,1.797707693966723,8.067304219066678,2,1.0434762169806102,1.1618919889662542,0,0,0,0.9978772558817177,0,0,0,0,1.0,0.0398433526722964,0,0.6279560122623701,0.49761294877908435,0,0,0,1,2.7057099911832494,1.5,0,8.555347522040812,0,0,1
3.923092855453277,3.3624197812794945,0,0,0,0,0,34.1048565921465,0,2,0,-0.01627876908807265,1.7005176641135284,1.8974881035127418,9.171453262068294,2,1.0425884827768068,1.152380339230588,0,0,0,0.9978772558817177,6,0,0,0,1.8899136069260445,0.036496329053631565,0,2.576053335167989,1.5076942663651003,0,0,0,0,2.885118479460418,1.5,2,9.074292392501757,0,0,1
3.7315205033941448,1.9701957931372336,0,0,0,0,2,8.302125878359412,0,2,0,-0.0988665623639317,1.6787596312056676,2.0573007597537365,8.420791708091878,2,1.0334792303442533,1.1095309871691823,0,0,0,0.9978772558817177,0,0,0,0,1.8899136069260445,0.018243236162246813,0,0.15247435821279423,2.0606416877651172,0,0,0,1,3.0210321916022864,1.5,0,8.169635310212197,0,0,1
4.9463635870589115,2.6191025336109988,0,0,0,0,0,14.36888427302615,0,0,0,-0.1417612164591781,1.6787596312056676,1.700042535117377,9.170111073377834,2,1.0312403474521923,1.114645080706497,0,0,0,0.9978772558817177,0,0,0,0,1.8899136069260445,0.016588135315434762,0,9.947977703619538,0.7185708052396507,0,0,0,1,3.1392609012672916,1.6944378718253827,1,7.602092740274479,0,0,1
5.2758477101984935,2.6077712029256053,0,0,0,0,1,36.326827265068616,0,0,0,-0.15517629277574574,1.6787596312056676,1.8895028955608137,9.615688800259756,1,1.020980529953581,1.1208042414973174,0,0,0,0.9978772558817177,0,0,0,0,1.0961915804353526,0.03096167874631381,0,1.0404012064231685,0.8573373409850916,0,0,0,0,3.2243322633326392,1.5,1,8.340572963550622,0,0,1
4.742661005454598,1.854636662584734,0,0,0,0,0,16.768973666402523,0,1,0,-0.062407211927166535,1.6787596312056676,0.9346991627003202,8.44216639303387,1,1.107149586037566,1.122593058535507,0,0,0,0.9978772558817177,0,0,0,0,1.0,0.029663730886540726,0,1.0344219000770067,3.5722587126283667,0,0,0,0,2.7057099911832494,1.5,2,8.554562179069103,0,0,1
5.744044996211593,1.3150545906536408,0,0,0,0,0,9.898636092483894,0,2,0,-0.08742125486729378,1.708775407496437,0.8791237773849458,8.067304219066678,2,1.0437466884350584,1.0968422335573156,0,0,0,0.9978772558817177,0,0,0,0,1.9144240271166717,0.03321753411226343,0,0.6998937257290091,0.49312215435474394,0,0,0,1,3.072080734425594,1.5,1,7.195691886650161,0,0,1
4.884198744864311,2.1968942543622147,0,0,0,0,0,26.882304155582272,0,0,0,-0.06982674933678996,1.6787596312056676,1.3651397455138181,8.067304219066678,2,1.0437466884350584,1.1281223951157733,0,0,0,0.9978772558817177,0,0,0,0,1.8899136069260445,0.004533628302448776,0,0.20588172237670999,1.0100710085418285,0,0,0,1,2.7057099911832494,1.5,1,7.704065899666948,0,0,1
5.310371478291578,1.61433237984705,0,0,2,0,0,34.47933275718526,0,1,0,-0.09100405873104189,1.6787596312056676,0.6197511967435955,8.067304219066678,1,1.040664906017408,1.1191118498324666,0,0,0,0.9978772558817177,0,0,0,0,1.0,0.0291915984388126,0,0.0036724752618921795,0.7411396750795665,0,0,0,1,2.9381066087218324,1.5,1,7.868545967430702,0,0,1
4.679462627287705,1.5733931813293256,0,0,0,0,0,34.98894650962781,0,1,0,-0.04413210287302829,1.6787596312056676,1.4619480895980352,8.856927341850843,2,1.0437466884350584,1.1021106712516804,0,0,0,0.9978772558817177,0,0,0,0,1.168763278485366,0.0032572540317135235,0,1.9931726367524258,1.0538084687403233,0,0,0,1,2.7386153652697325,1.5,1,8.523266991920295,0,0,1
3.4161789923052384,3.051175272030623,0,0,0,0,0,25.324104075448943,0,0,0,-0.07336210692886623,1.985243583261124,1.6553209430261533,9.38030637207744,7,1.0341907798606405,1.1429801544949476,0,0,0,0.9978772558817177,0,0,0,0,1.3848626732651805,0.04090034877869072,0,0.696442020470389,1.3897316718437256,0,0,0,1,2.8149142718645423,2.0916276398968563,1,8.502217056453018,0,0,1
4.532332356422266,2.7478415085068266,0,0,0,0,0,35.315756980322824,0,0,0,-0.0828560483099753,2.199582123327536,1.4591262714876423,9.268509535213743,1,1.0437466884350584,1.1145640345124503,0,0,0,0.9978772558817177,0,0,0,0,2.130863329637167,0.025520814357035113,0,1.3262774250012317,1.0435885142980281,0,0,0,1,3.179401548955514,1.5,2,7.78785086144512,0,0,1
4.343474161328452,1.8383026541258423,0,0,0,0,1,28.007661387753455,0,1,0,-0.14634509059086068,1.6787596312056676,2.158937322419815,8.067304219066678,2,1.0437466884350584,1.119271327949246,0,0,0,0.9978772558817177,0,0,0,0,1.0,0.017501249687237673,0,1.444562024817425,0.444,0,0,0,1,2.7057099911832494,1.5,1,7.893185643615826,0,0,1
3.8577396955585526,3.135269930982906,0,0,0,0,0,16.6605406502364,0,0,0,-0.11925788741646638,1.6787596312056676,2.5470235186787513,8.884641306566547,2,1.0437466884350584,1.1145631643497844,0,0,0,0.9978772558817177,0,0,0,0,1.0336632366053737,0.0371009316889171,0,1.3481881949722105,1.9339096113636252,0,0,0,1,2.7057099911832494,1.5,1,7.932388497279325,0,0,1
3.9981792130338656,3.5963016151741654,0,0,0,0,0,24.306445486505694,0,0,0,-0.022664118847295522,2.008183689997357,1.1901101438919437,10.377238742113825,2,1.017500142076385,1.1354294314603421,0,0,0,0.9978772558817177,0,0,0,0,1.6370583938328482,0.046290045565920715,0,23.81505438477093,0.8306555010845749,0,2,2,1,3.209921840738803,1.8816121418102543,1,7.704997813788301,0,0,1
5.143727107019275,3.2099545023238805,0,0,0,0,0,36.86812278893292,1,1,6,-0.020039041585218555,2.579794929794212,2.8754162560758,10.183827112217807,1,1.0318447634014232,1.1228773822949596,0,0,0,1.0756190124830052,0,0,0,0,1.0,-0.0006475384379631894,0,2.320085079023713,2.162359931881142,0,0,0,2,3.1636539813402695,1.5495321120750702,2,8.045227703814106,0,0,1
4.87014919529333,3.3655439717633606,0,0,0,0,0,39.19205547746033,0,0,0,-0.013055661513394025,1.7343245336706679,1.0526119895291428,10.472650221170145,1,1.0146076011850866,1.1811838471195208,0,0,0,0.9978772558817177,1,0,0,0,2.244143138117686,0.0339405831062212,0,1.2327289712995937,1.5058753064985637,0,0,0,2,2.7057099911832494,2.9027883321630763,1,8.610668909157305,0,0,1
3.7583504576492874,3.0688567528647313,0,0,0,0,0,27.87987802727664,0,0,0,-0.1249033603607211,1.6787596312056676,1.2327505234794331,8.529553123937765,2,1.0324814805653322,1.1236867082948154,0,0,0,0.9978772558817177,0,0,0,0,1.8899136069260445,0.013495921667863862,0,19.248792284463427,1.4382697008340983,0,0,0,1,2.7057099911832494,1.5,2,7.435120564946153,0,0,1
2.9055658569239347,2.621578894856767,0,0,0,0,0,36.32878059675709,1,1,0,-0.1501839315803564,1.6787596312056676,1.4779141780831153,8.181410877797584,8,1.0437466884350584,1.1450135392628733,0,0,0,0.9978772558817177,1,0,0,0,1.9267701043285606,0.05121578422279415,0,0.5913212384289204,1.137102574920786,0,0,0,1,2.7057099911832494,1.5,1,8.237980950955864,0,0,1
4.960929027436487,2.06825379834788,0,0,0,0,3,32.26414157343684,0,0,0,-0.0815198714742304,1.6787596312056676,1.3901473268653024,8.744001180507736,1,1.0437466884350584,1.1439713728668637,0,0,0,0.9978772558817177,0,0,0,0,1.8899136069260445,0.010020556423119907,0,1.2471910128130683,0.5611221450797399,0,0,0,2,2.9226520738710797,1.513375048220015,1,8.395122549553214,0,0,2
4.454276739839756,3.4800601166053786,0,0,0,0,0,19.818482380954322,0,2,0,-0.08202152366847729,1.6787596312056676,0.9268960945098755,8.548010324441963,2,1.0437466884350584,1.157386880662387,0,0,0,0.9978772558817177,0,0,0,0,2.0566259561008993,0.014351448661226684,0,2.646184368350999,0.8978578683648522,0,0,0,1,2.7057099911832494,1.6524077260197805,1,8.70711640974833,0,0,1
5.408978764135959,1.221283579056809,0,0,0,0,0,12.89748486011009,0,0,0,-0.13019965408085882,2.507070371092899,0.91738851772373,8.406653400469866,0,1.107149586037566,1.11976529659483,0,0,0,0.9978772558817177,0,0,0,0,1.0,0.013172625228501083,0,0.0,1.553832022395105,0,0,0,1,2.793589339863751,1.5,0,7.61060688747302,0,0,1
4.611180051040234,2.8497011924934568,0,0,0,0,3,35.1084423415558,0,1,0,-0.02879589016499457,1.855738852973697,1.9964106139784423,9.158345453603848,2,1.012150415658915,1.1608708190278776,0,0,0,0.9978772558817177,0,0,0,0,2.060602431820671,0.05121578422279415,0,1.567151490296665,1.3010556353193137,0,0,0,1,3.111198845387795,1.7547831210882716,1,9.051796599735942,0,0,1
4.642366146186074,2.5122601294945133,0,0,0,0,0,27.42017268072744,0,0,0,-0.051568456646294634,1.6787596312056676,1.4678477113368427,8.067304219066678,2,1.0924780068079771,1.1505824356133416,0,0,0,0.9978772558817177,0,0,0,0,2.0007178686487905,0.04123519581597551,0,2.2755233748466814,1.574387077005296,0,0,0,1,2.845366430392372,2.79843216167043,0,8.783645463760687,0,0,1
3.353527788934442,2.410177967484207,0,0,0,0,2,29.3545058084243,0,2,0,-0.06411259445946466,1.791719445920097,1.4471148054820213,8.849784760574243,1,1.0437466884350584,1.159883040635979,0,0,0,0.9213368401012894,1,0,0,0,1.0956090994979089,0.03527881197717045,0,1.0020086211830441,1.5180348203378282,0,0,0,2,2.7057099911832494,1.5,0,9.522207536596047,0,0,1
4.909429094411833,1.8899674726676958,0,0,0,0,0,29.788772822164635,0,3,0,0.012700806175586676,1.6787596312056676,1.4236153099821662,8.067304219066678,8,1.107149586037566,1.1301673878063716,0,0,0,0.9978772558817177,0,0,0,0,1.987790207753168,0.01721845611552407,0,12.036670764960789,1.2269226107079634,0,0,0,1,2.9535828386355085,1.5,1,8.68449313700065,0,0,1
5.056906794249995,2.2456154963386696,0,0,1,0,2,40.569976727863676,0,2,0,-0.015513430208379619,2.23739110978206,1.2706459685261668,9.55353735417988,2,1.107149586037566,1.1473877932302767,0,0,0,0.9978772558817177,1,0,0,0,1.0418108075142292,0.011674915144406063,0,0.6475393233167678,1.1485444582294932,0,0,0,1,3.319264688922538,1.9613265673181952,0,7.738986659119802,0,0,1
4.816639266068595,3.056230117849754,0,0,0,0,0,29.4569636000645,0,0,0,-0.08628728897433673,1.6787596312056676,0.8071301652907173,8.067304219066678,1,1.0371295189608012,1.1384104621505136,0,0,0,0.9978772558817177,0,0,0,0,2.147532526049099,0.017770664688681263,0,0.2552915521061725,2.261089649647347,0,3,0,1,2.986963232997777,1.5,0,7.2996096216899335,0,0,1
3.612797425593217,3.454848004598946,0,0,0,0,0,27.48696451674449,0,3,0,-2.4951398912232334,1.6787596312056676,1.2554532070305247,9.362957561681041,2,1.0437466884350584,1.1315757034007352,0,0,0,0.9978772558817177,0,0,0,0,1.15559437480377,0.04018431482391458,0,25.97681552902312,1.2640992246900093,0,0,0,1,2.267,1.532338026438312,0,9.024204012396543,0,0,1
4.980653768107184,2.1504936657780784,0,0,0,0,0,37.45483424539507,0,2,0,-0.15940276519836627,1.6787596312056676,1.122586936550046,8.401239382201833,19,1.0354125515272252,1.1215522096792734,0,0,0,0.9978772558817177,0,0,0,0,1.4825717500639874,-0.004316382447379028,0,25.195464191633132,1.7148336229408716,0,0,0,1,2.7057099911832494,1.5,0,7.3117974316770855,0,0,1
4.312475183653033,2.369574730281081,0,0,0,0,0,18.57942451239903,0,0,0,-0.16772106397361042,1.6787596312056676,2.522465815126817,8.281060246919807,2,1.0437466884350584,1.160410843476006,0,0,0,0.9213368401012894,0,0,0,0,1.0,0.03505604620509999,0,1.145539134519105,0.444,0,0,0,1,2.7057099911832494,1.6599220704394717,1,9.378540895791499,0,0,1
4.337034992820138,2.8235194031005606,0,0,0,0,0,10.957987433169524,0,1,0,-0.19387403623948368,1.8817992167880342,1.4195727786783667,9.211941091158339,2,1.0437466884350584,1.1481129158589347,0,0,0,0.9978772558817177,0,0,0,0,1.0,0.014515891178809267,0,0.3037291035436318,0.5519911924280223,0,0,0,1,2.7057099911832494,1.5,1,8.21047578066328,0,0,1
5.091916978327705,2.226522072191582,0,0,0,0,0,28.878247556941744,0,0,0,-0.1757333458126565,1.6787596312056676,1.879637096025827,8.854824223328563,1,1.0326127513795724,1.1360161691408672,0,0,0,0.9978772558817177,0,0,0,0,1.0,0.03128230197141383,0,0.20741182421751125,2.2355676689735033,0,0,0,0,3.0354317367816543,1.5,2,8.096768399998078,0,0,1
4.93558196228669,2.578776574871922,0,0,0,0,3,26.882304155582272,2,0,0,-0.18292097229535578,1.6787596312056676,2.0398892988989346,8.067304219066678,2,1.0337380566960428,1.1043990779971105,0,0,0,0.9978772558817177,0,0,0,0,1.0,0.011720673823148117,0,0.0,0.444,0,0,0,1,2.7057099911832494,1.5,1,7.623203327838202,0,0,1
4.190322935859723,2.138599277203927,0,0,0,0,1,37.34427316921554,0,2,0,-0.009854651867005283,1.9071836219937437,2.2630006058469845,8.623378588597022,1,1.0437466884350584,1.1409220419740442,0,0,0,1.0060114313293647,2,0,0,0,2.0400524914210685,0.01590878423481134,0,1.5188107327936025,2.166927695321175,0,0,0,1,2.997318949933569,2.115525808665366,0,8.230826795954291,0,0,1
4.229449144308794,3.0074903408101203,0,0,0,0,2,29.983670191364407,0,4,0,-0.17173970560378876,1.6787596312056676,2.46354545201717,8.175250514605281,2,1.0437466884350584,1.1714691695173007,0,0,0,0.9213368401012894,1,0,0,0,1.0637515655875285,0.028010222094277913,0,0.3037916578035102,0.444,0,0,0,1,3.158067412988634,1.5,0,8.562450769830763,0,0,1
5.114343926130597,2.1391662883883797,0,0,0,0,0,28.28919400098654,0,1,0,-0.185778470071134,1.6787596312056676,2.131686867221216,8.293136927566879,2,1.0354191935742474,1.152172657885429,0,0,0,0.9978772558817177,0,0,0,0,1.2640403010980972,0.030696466518901087,0,26.09376758807215,0.444,0,0,0,1,2.972104146940136,1.8691652740104714,1,7.743056769689504,0,0,1
5.4472759100387735,2.1687195059221986,0,0,0,0,2,10.268523674458294,0,0,0,-0.08723760785410181,2.1638129650130757,0.8469472103352966,8.147621670427604,2,1.107149586037566,1.1290619428502515,0,0,0,0.9978772558817177,0,0,0,0,1.451183823331714,0.03885170735852781,0,0.0,1.1005070099185408,0,0,0,1,2.7471786396928053,1.5,0,7.656214939683577,0,0,1
3.193731047421239,2.835317667980754,0,0,0,0,0,33.607891385123864,0,0,0,-0.1358665699760487,2.067447281282971,1.5740514611490743,9.369327331455448,2,1.0431789535262248,1.1372887822763273,0,0,0,0.9978772558817177,0,0,0,0,1.0,0.022542708367956635,0,2.12514922622914,0.48840630789561135,0,0,0,1,3.309849539625168,2.4976763130822213,1,8.835867646038759,0,0,1
3.8297882086467703,1.5614001209415458,0,0,0,0,0,28.88372482498979,1,0,0,-0.17180019960017034,1.7367168044195989,0.9314653790302607,8.291273202699553,2,1.0437466884350584,1.14465816010094,0,0,0,0.9978772558817177,0,0,0,0,1.0,0.03822201306861931,0,0.0,0.444,0,0,0,1,2.7057099911832494,1.5,2,8.416281494278259,0,0,1
4.212025485532521,2.234091387050255,0,0,0,0,0,8.302125878359412,0,0,0,-0.1239701428677115,1.6787596312056676,1.555788442225094,9.458118111174928,1,1.0437466884350584,1.1383291558534963,0,0,0,0.9978772558817177,0,0,0,0,1.8899136069260445,0.011055974643960197,0,0.0,0.8447329604260521,0,0,0,1,3.881222281483046,1.752546004940375,0,8.375159731616892,0,0,1
4.2374362351068156,3.3610796579421947,0,0,0,0,0,15.95419024254997,0,1,0,-0.1301830939501151,1.6787596312056676,2.2348788755649234,8.892660491079672,2,1.0437466884350584,1.130993672283467,0,0,0,0.9978772558817177,0,0,1,0,1.0,0.012609876910506622,0,0.2834425420839627,0.444,0,0,0,1,3.436592097220031,1.5835737979815594,0,8.007005351563718,0,0,1
4.6703361067199065,2.3346078680934585,0,0,0,0,2,26.395309344262614,0,3,0,-0.05264103028821223,1.8674176700814915,1.2806440389152962,9.427246262510781,1,1.0053025133847877,1.1472099187397435,0,0,0,0.9978772558817177,0,0,0,0,1.6474918133200478,0.005332514322713216,0,0.915263113655036,1.5036003891702112,0,0,0,1,2.771600766048374,1.7392350384676893,1,8.067340686680332,0,0,1
4.079765864766322,1.489317210683964,0,0,0,0,0,13.108018399076638,0,0,0,-0.19387403623948368,1.6787596312056676,2.157796399877365,8.589692607167546,1,1.0437466884350584,1.1383032661496106,0,0,0,0.9978772558817177,0,0,0,0,1.0,0.030420970775253728,0,0.16777232231599737,0.8861229599880801,0,0,0,1,2.7143211979491983,1.5,0,9.37619063970022,0,0,1
5.270069578725186,4.504713117214421,0,0,0,0,0,25.062547283009597,0,2,0,-0.19308462010433,1.6787596312056676,2.69620589558683,9.54705128234096,19,1.107149586037566,1.1099583997207663,0,0,0,0.9978772558817177,0,0,0,0,1.8899136069260445,0.015877408729945936,0,0.5071749049681137,0.682858279772836,0,0,0,1,3.653024443048948,3.2265304572759446,0,8.934660994102586,0,0,1
5.1020366216769,1.971786837898959,0,0,0,0,0,26.650016299638544,3,3,0,-0.09322014510067769,2.184695655147448,1.5453022553796076,8.572933416805238,2,1.013652289575967,1.1188573480609036,0,0,0,0.9978772558817177,0,0,0,0,2.0704899640450893,0.025318225025051887,0,10.074621744992733,0.9168017606203323,0,0,0,1,3.18441436357696,1.6362649782398075,0,8.320400828725093,0,0,1
4.781176129638565,2.741445534869018,0,0,0,0,0,14.72562125962515,0,0,0,-0.15324125646925346,1.6787596312056676,2.2025314983575055,8.898633890845023,2,1.0410296298062964,1.1365515272628246,0,0,0,0.9978772558817177,1,0,0,0,1.8899136069260445,0.04006191879507504,0,0.5600978013330803,0.444,0,0,0,1,2.9218853954491144,1.5,0,8.234504154110702,0,0,1
5.154672346558007,2.214667721250425,0,0,12,0,2,36.626980604834976,0,0,0,-0.04259532734644557,1.6787596312056676,1.7882282561606953,9.332976083903219,1,1.0245705477608626,1.131567200161705,0,0,0,0.9978772558817177,0,0,0,0,1.4453451715987486,0.006295326106838786,0,1.746649706808864,1.2265490182312373,0,0,0,1,2.7537771661860617,2.5969478831702673,1,8.062896552618493,0,0,1
5.281450290241514,2.737970717448168,0,0,0,0,2,17.174125312648417,0,0,0,0.05699545349358515,1.7052924629687403,1.1773200788268645,9.162779014035047,2,1.0437466884350584,1.1556525708027603,0,0,0,0.9978772558817177,0,0,0,0,1.99105225555169,0.03827114959028135,0,0.5612162798892125,0.5257049317951645,0,0,0,1,2.7057099911832494,1.5,0,8.433576001661294,0,0,1
5.197531675900807,3.2628537608147035,0,0,0,0,4,36.030839048074256,0,0,0,-0.13969034792589716,1.901753555090584,2.0251753497396296,9.5756827760467,19,1.038930860018135,1.1795141525128177,0,0,0,0.9978772558817177,1,0,0,0,1.8916230859974807,0.015434411349179765,0,25.061654498551956,4.851980214761913,0,0,0,1,2.8304904305528926,2.2267865002418246,1,8.81528161747042,0,0,1
3.2034699098712087,0.8039,0,0,0,0,0,8.302125878359412,0,1,0,-0.19387403623948368,1.6787596312056676,1.9794136230739159,8.75644550141063,2,1.0437466884350584,1.1434399342602193,0,0,0,0.9978772558817177,0,0,0,0,1.8899136069260445,0.0059878931864806315,0,0.9034058566914174,1.5182815160964271,0,0,0,1,2.7433709469688106,1.5,1,8.098596281043962,0,0,1
3.9890227336520416,2.7692293734782596,0,0,0,0,4,31.874989747388923,0,0,0,-0.04139523033332454,1.6787596312056676,1.3533862909557408,9.53787341493538,2,1.0641804565699269,1.128527187694272,0,0,0,0.9978772558817177,0,0,0,0,1.1972136639092135,0.03592942951980067,0,19.61144221323346,1.08411761073223,0,0,0,1,3.4205990108210766,1.5,1,8.204260322273026,0,0,1
4.844930612561207,2.688666789038506,0,0,0,0,0,26.882304155582272,0,2,0,-0.08921258194461301,1.6787596312056676,2.1121484357194964,8.435457084097067,1,1.0437466884350584,1.156592475114766,0,0,0,0.9978772558817177,1,0,0,0,1.0,0.0229846808343123,0,0.6656430924172776,4.527991163996499,0,0,0,1,2.7563069420080875,1.6094346975648057,0,9.23179432629331,0,0,1
4.752141709373127,1.8429466525160585,0,0,0,0,0,8.302125878359412,0,1,0,-0.18804838262372953,1.6787596312056676,1.066436549566443,8.067304219066678,2,1.0437466884350584,1.1131043479902085,0,0,0,0.9978772558817177,0,0,0,0,1.8899136069260445,0.00026037431743985203,0,0.0,0.444,0,0,0,1,2.7057099911832494,1.5,0,6.389800744999065,0,0,1
3.964019552525602,2.332232140851773,0,0,0,0,3,8.302125878359412,0,3,0,-0.19387403623948368,1.6787596312056676,1.6959208041718807,8.067304219066678,2,1.0437466884350584,1.1357426436744764,0,0,0,0.9978772558817177,0,0,0,0,1.0,0.0002832578556789861,0,1.7675516385903542,1.7673733317418938,0,0,0,1,2.8847919179623185,1.5,0,6.907552105325088,0,0,1
3.609859180428926,3.3494646693889645,0,0,0,0,0,17.043202872506974,0,0,0,-0.14830587686421176,1.6787596312056676,1.3164643395741107,8.773582893513538,2,1.0437466884350584,1.1080400693738635,0,0,0,0.9978772558817177,0,0,0,0,1.8899136069260445,-0.004803315026351645,0,24.29740409334989,1.247105508949027,0,0,0,0,3.3138799503986993,2.0923225098885374,0,8.355808902374642,0,0,1
4.40243552429822,1.1633724615578636,0,0,0,0,0,28.94874268055555,1,2,0,-0.11193673192404988,1.6787596312056676,2.4700403923902834,8.158642454060859,2,1.0437466884350584,1.1608551296166782,0,0,0,0.9978772558817177,0,0,0,0,1.9253122314811713,0.03032152907952257,0,12.32978220533173,1.4435298118533884,0,0,0,1,3.0592565615976905,1.5016584997544014,1,8.839282198123732,0,0,1
5.316164113415473,2.9866535406421217,0,0,0,0,1,36.00993706140469,1,0,0,-0.17913395368996768,1.6787596312056676,2.3726043733752737,8.78189704520866,19,1.1065630471553065,1.14612529218895,0,0,0,0.9978772558817177,1,0,0,0,2.0595864465048996,0.043426731553188005,0,2.023606830998568,1.5902340899144551,0,0,0,6,3.491612838719661,1.960532662436921,1,8.243003122725069,0,0,1
4.065018716393616,1.4602400403005833,0,0,1,0,0,33.32130522191609,0,0,0,-0.10515150049590342,1.6787596312056676,0.9056117574339188,9.219587606137177,2,1.027865560891803,1.1217316523542633,0,0,0,1.0844541396524716,0,0,0,0,1.8899136069260445,0.005707308024095145,0,24.861048653569412,0.8306200660622945,0,0,0,1,3.237398847111548,1.5,2,8.043704572374201,0,0,1
4.675909977793783,2.103053933921712,0,0,0,0,0,23.375092637034008,0,3,0,-0.05967396119630764,2.1681976564038132,1.3290100973261825,8.538492540678101,16,1.0109129048544672,1.1286594230988032,0,0,0,0.9978772558817177,1,0,0,0,1.9947780877477055,-0.018951781159443255,0,0.0,0.444,0,0,0,1,3.0364771638908694,1.5783506267961964,1,7.547173958359354,0,0,1
3.9749800100253685,2.836906828890104,0,0,0,0,0,9.900073337422182,0,0,0,-0.19387403623948368,1.6787596312056676,2.0187258292738095,8.17829825735533,2,1.0437466884350584,1.1159535443073383,0,0,0,0.9978772558817177,1,0,0,0,1.0,0.027750840629944453,0,0.7111858445426117,0.444,0,0,0,1,2.7057099911832494,1.5,1,8.55396747801707,0,0,1
4.8905268821538,1.3129727560836446,0,0,0,0,0,8.302125878359412,0,2,0,-0.13622931514871653,1.6787596312056676,2.360276857412921,8.408610418452726,2,1.0437466884350584,1.157998135885398,0,0,0,0.9978772558817177,0,0,0,0,1.8899136069260445,0.03301310118423692,0,25.6603411986305,2.0119412203023423,0,0,0,1,2.7057099911832494,1.5,0,10.450701556553735,0,0,1
4.696863087093024,3.585064628747607,0,0,0,0,0,31.967356217304378,1,2,0,-0.07605753883541194,1.6787596312056676,1.8073766295826865,10.583458993413327,1,1.0246000255029861,1.1380319413908102,0,0,0,0.9978772558817177,0,0,0,0,1.1272408858896155,0.029296930267665094,0,28.607008715517964,2.632990283462282,0,0,0,1,3.317891206164884,2.0156828875124484,1,8.994005099140143,0,0,1
4.6761771376853085,1.7630508065084367,0,0,0,0,0,26.882304155582272,0,3,0,-0.07532035966343871,2.0518362532497987,2.0763506347350873,8.751349082077688,7,1.107149586037566,1.1499686720518631,0,0,0,0.9978772558817177,0,0,0,0,1.4069533557888008,0.01104985484251822,0,28.020307247463474,0.7578414704652119,0,0,0,1,2.721422117552452,1.5,1,8.189793240345672,0,0,1
3.3005806437029515,2.990228360870943,0,0,0,0,0,24.004678876247578,0,0,0,-0.04019664192738531,1.6787596312056676,2.2253668620057145,8.430818580568403,2,1.0437466884350584,1.1166217724850758,0,0,0,0.9978772558817177,0,0,0,0,1.1173708710547248,0.015342442466902006,0,0.43532543862584633,1.438476516945204,0,0,0,0,2.7103614604867037,2.358340187682723,2,7.804132475244925,0,0,1
4.7202080820039924,2.2248715788821904,0,0,0,0,0,29.630058905302427,0,2,0,-0.19387403623948368,1.6787596312056676,1.8740948302304519,8.067304219066678,2,1.0437466884350584,1.1459611974808959,0,0,0,0.9978772558817177,1,0,0,0,1.1264723939552415,0.0070394061570157205,0,11.795099385788813,0.8527106614839174,0,0,0,1,2.7057099911832494,1.6114825531062913,1,7.888676582627312,0,0,1
4.913045176865289,1.3410129242446882,0,0,0,0,0,36.145881093899206,0,3,0,-0.19387403623948368,1.6787596312056676,1.5474085334587215,8.92800990636159,2,1.0343914943266905,1.137331178587655,0,0,0,0.9978772558817177,0,0,0,0,1.2646042566900488,0.038101929346681516,0,0.6252442615011546,0.7486000044565719,0,0,0,1,2.7487398474990554,1.7926250543675393,0,8.308677248574309,0,0,1
4.724146185603246,2.187100694529251,0,0,0,0,0,38.84848958902136,0,2,0,-0.11463367243777739,1.7824392272569751,1.3081815279276001,8.571411192887595,1,1.0010230173526746,1.1484958394525622,0,0,0,0.9978772558817177,0,0,0,0,1.5515647507961634,0.013841266266008663,0,11.406047203271763,0.444,0,0,0,1,3.1954723909381118,2.0436564385586102,0,8.517309376052005,0,0,1
3.852372580818326,2.8879162484320173,0,0,0,0,0,18.18976665377579,0,0,0,-0.09667987656021293,1.6787596312056676,2.414246663367228,8.739850139794333,2,1.0437466884350584,1.1384537290974217,0,0,0,0.9978772558817177,0,0,0,0,1.934995620541772,0.02095562840329402,0,2.8246014920466243,0.6048773227893749,0,0,0,1,2.7057099911832494,1.5,0,8.294257335781719,0,0,1
4.195795233939858,2.447565408921285,0,0,0,0,2,12.378151217944922,0,0,0,-0.035401551274165534,1.6787596312056676,2.1489841932738503,9.280743255080898,1,1.0437466884350584,1.1029709102799572,0,0,0,0.9978772558817177,0,0,0,0,1.0546251126681712,0.031211635997653135,0,0.23636855052364858,0.5418760488046406,0,0,0,1,3.160888069998663,1.5384749139119802,0,7.288564768393013,0,0,2
3.3111535407016843,2.4417579028464975,0,0,0,0,0,10.806435763455173,0,2,0,-0.18095918412257864,1.6787596312056676,1.8793015524718313,9.114986660901815,1,1.0437466884350584,1.112214856363091,0,0,0,0.9978772558817177,1,0,0,0,1.0,0.02320137836313521,0,1.6723908265557237,1.1941532352457416,0,0,0,1,2.8145115684651656,1.5,1,8.936152771941147,0,0,1
3.4418219745487963,2.4125478107939564,0,0,2,0,0,29.217154703997792,0,3,6,-0.19387403623948368,1.6787596312056676,1.186884850150252,8.240982681220581,1,1.0437466884350584,1.1356035278369956,0,0,0,0.9213368401012894,0,0,0,0,1.0,0.026872276497888255,0,26.362551493951745,2.254907061620541,0,0,0,1,2.8987791374141265,1.5,2,8.449388972380248,0,0,1
3.9498039402984326,1.4296144626347702,0,0,0,0,0,24.20367007212208,0,3,0,-0.07119969703308054,1.6787596312056676,1.5603659418139373,8.543804841789171,1,1.0333996600670976,1.157199061725908,0,0,0,0.9978772558817177,0,0,0,0,1.5535358062360523,0.023786423256666682,0,1.6705630676363268,2.259538437329487,0,0,0,1,2.7057099911832494,1.583628131943693,0,8.277734342412868,0,0,1
4.0567827385198605,1.6926363858458435,0,0,0,0,0,8.302125878359412,1,2,0,-0.11028272264853042,1.6787596312056676,2.595722381621121,8.067304219066678,1,1.0434512533513152,1.1442187998376205,0,0,0,0.9978772558817177,0,0,0,0,1.2277783490801006,0.0205244159758791,0,0.0,1.3521199725085093,0,0,0,0,2.7057099911832494,1.5,1,8.389392848469912,0,0,1
3.7202051144345916,3.1357281887638386,0,0,0,0,0,22.37078872052671,0,0,0,-0.11995993101201466,1.6787596312056676,2.7569263549286127,8.87303373186834,2,1.0437466884350584,1.16988239762935,0,0,0,0.9978772558817177,0,0,0,0,1.0,0.04734566366239116,0,0.09531177871982796,0.444,0,0,0,1,2.7057099911832494,1.6390588317882366,0,8.679000537893291,0,0,1
4.323316052941344,1.7541338842608438,0,0,0,0,0,15.410466514620065,0,0,0,-0.19387403623948368,1.6787596312056676,1.384082359841734,8.20317017681022,0,1.113884388051627,1.1117515174433497,0,0,0,0.9978772558817177,0,0,0,0,1.24693424499351,0.013705672901764377,0,11.191130686547918,1.5916570866116806,0,0,0,1,3.234409769475303,1.5,0,8.031272391584201,0,0,1
5.148194042291036,2.7321694209154903,0,0,0,1,2,38.63315709970536,0,0,0,-2.9926373221980205,2.244941356517245,1.7753379641456233,9.338716188013754,1,1.0276941244588418,1.137111413804301,0,0,0,1.0570230046480888,0,0,0,0,2.1319164030743147,0.023816273888872558,0,0.0,0.9108389185234327,0,0,0,1,3.449710647547731,2.2635950235636173,2,8.864268397887127,0,0,1
4.720069152164623,2.648065378787459,0,0,0,0,0,41.38224384300234,0,0,0,-0.1593144598558469,2.028383201400005,2.3708841608676745,9.18730303315209,1,1.107149586037566,1.1562187440330414,0,0,0,0.9978772558817177,0,0,0,0,2.0093349681237975,0.0014168721731440774,0,0.9765817040545426,1.3572696235368742,0,0,0,1,3.3509278861831615,1.536950214042771,0,7.975025788055197,0,0,1
4.199367683434332,3.042650466036166,0,0,0,0,0,17.40491865310655,0,0,0,-0.09147670190627387,1.8382273065463992,1.8160775201839006,9.733112551035525,2,1.0332886493900673,1.1812490185198872,0,0,0,0.9978772558817177,0,0,0,0,2.0600949756116154,0.04937289437053956,0,2.439164060262503,0.9224673998539413,0,0,0,0,3.2690246607306883,1.6345542485237745,1,8.035727161823484,0,0,1
4.7317004810898355,1.6481210834515494,0,0,0,0,0,8.302125878359412,0,2,0,-0.12717934189029992,1.6787596312056676,0.8527959319120899,8.067304219066678,1,1.0254795888526766,1.1194895552875852,0,0,0,0.9978772558817177,0,0,0,0,1.0,0.017389598073643594,0,0.052020603077741,0.444,0,0,0,1,2.7057099911832494,1.5,0,7.284176620702897,0,0,1
4.874211408147795,1.6215578726793751,0,0,0,0,0,10.478601628971195,0,4,0,-0.18974207632939005,1.6787596312056676,1.6340153054104818,8.131990672957054,1,1.0437466884350584,1.0951109768336518,0,0,0,0.9978772558817177,0,0,0,0,1.0,0.03139810480084435,0,0.005948672981228184,0.656862513135023,0,0,0,1,2.9065781838217903,1.5,0,7.3905747739823,0,0,1
4.493423514840955,2.3402517979564403,0,0,1,0,2,26.882304155582272,0,1,0,-0.19387403623948368,1.6787596312056676,1.080028178872786,8.484476203979979,2,1.0343674672639016,1.1513570846851289,0,0,0,0.9978772558817177,0,0,0,0,1.900429052505871,0.04413869084823459,0,0.8943872417789602,1.3541782990286155,0,0,0,1,2.9574355949337283,1.5,2,8.276905343752492,0,0,1
4.304494553988837,2.528710549894716,0,0,0,0,0,38.959472657335056,0,1,0,-0.111321254742132,1.6787596312056676,0.7467507278542524,10.049731099014707,1,1.0403466731144146,1.1661840133498014,0,0,0,0.9978772558817177,1,0,0,0,1.972014515635524,0.04233511958752678,0,3.0213326992906824,2.292291199055886,0,0,0,1,2.985767195534387,1.855756619554104,0,9.038403525094733,0,0,1
4.794889820678567,3.023633203833913,0,0,0,0,0,38.05782950671505,0,0,0,-0.06668617466684537,1.6946855374317151,2.2519345294176283,8.067304219066678,19,1.0437466884350584,1.1427198878957225,0,0,0,0.9978772558817177,0,0,0,0,1.8899136069260445,0.045120465111323976,0,16.590249299054,1.5939753207866016,0,0,0,1,2.947841416542736,1.5432755016367792,0,8.978814972952895,0,0,1
4.199685725950264,2.1047005236349405,0,0,0,0,0,26.882304155582272,0,2,0,-0.11224819596862189,1.6787596312056676,2.0336334778503993,8.23696177308747,2,1.0359783409946035,1.138183945566952,0,0,0,0.9978772558817177,0,0,0,0,1.153681787833483,0.019333831025345177,0,1.9827247644923034,1.6399644143952496,0,0,0,1,2.7388549074520863,1.5160586840499553,1,6.787108895141727,0,0,1
4.954832668394144,3.1830359614083723,0,0,0,0,0,36.492072135859864,0,2,0,-0.04101386940867675,1.6787596312056676,1.2405954484814807,8.576761326377238,2,1.0408439348369338,1.149732876885961,0,0,0,0.9978772558817177,0,0,0,0,1.416646243528503,0.05121578422279415,0,1.3506325826394445,1.580210979765464,0,0,3,0,2.7057099911832494,1.5,2,9.099598664132557,0,0,1
4.740241508096369,2.22195230705979,0,0,0,0,0,40.48627741427907,0,0,0,-0.07831579710962597,1.6787596312056676,0.9950037964800331,9.180528343595237,1,1.0260715195440009,1.1474241348173584,0,0,0,1.007241084665304,1,0,0,0,1.5197402043969013,0.020500819508894628,0,2.348390226188463,1.7408599759189145,0,0,0,1,3.1042114812103083,1.9079078614163487,0,9.013732341160765,0,0,1
3.282138890862604,2.82909672569537,0,0,0,0,0,27.77911597089946,1,2,0,-0.15479718324578529,1.6787596312056676,1.7661278280967139,8.509123188955503,2,1.106287032595663,1.1444303316525766,0,0,0,0.9978772558817177,1,0,0,0,1.0,0.015029787326395828,0,1.5234046169649893,0.9245476979175525,0,0,0,1,2.7057099911832494,1.5,1,8.623867942926482,0,0,1
4.603152363433565,1.35888885566348,0,0,0,0,0,8.302125878359412,0,2,0,-0.09325182585149547,1.6787596312056676,0.9331997659474889,9.024110490866645,2,1.0437466884350584,1.103030088907876,0,0,0,0.9978772558817177,0,0,0,0,1.0,-0.0002124911745412894,0,0.0,0.444,0,0,0,1,2.7057099911832494,1.5,0,6.466100304214566,0,0,1
4.949224295996162,3.3623858598315373,0,0,0,0,2,27.518399047375986,0,2,0,-0.11933161339492346,1.6787596312056676,1.5461185543021208,8.154782357106681,2,1.0413065160526587,1.1483465583180674,0,0,0,0.9978772558817177,0,0,0,0,1.4539374196668704,0.012122091082475413,0,1.3786147337934223,0.8544210569483378,0,0,0,1,2.9044922901824846,1.5,0,8.250378648950289,0,0,1
4.247923763259965,2.8539557363677326,0,0,0,0,0,11.042790106126844,0,2,0,-0.09798530544805399,1.6787596312056676,2.1342332540144024,8.657094242769444,1,1.0437466884350584,1.1308290275758583,0,0,0,0.9978772558817177,0,0,0,0,1.0,-0.01325999006853298,0,1.8780314802553515,2.818073980040018,0,2,0,1,2.7057099911832494,1.5,1,9.217011211163031,0,0,1
5.307558603560144,0.8039,0,0,0,0,0,34.63914091949964,1,0,0,-0.19387403623948368,1.6787596312056676,1.4822799667255642,9.311431409349094,1,1.0437466884350584,1.1295279766732278,0,0,0,1.0196293167401416,0,0,0,0,1.0,0.037582050886171454,0,0.5158708384763029,0.7061399432669401,0,0,0,1,3.192179462888921,1.5,1,8.169710410873822,0,0,2
3.623134487132715,1.868174765747972,0,0,0,0,0,26.882304155582272,0,2,0,-0.19387403623948368,1.6787596312056676,1.3284871301734733,8.067304219066678,2,1.0425981101295667,1.142816599855244,0,0,0,0.9978772558817177,0,0,0,0,1.0,0.007796011723700273,0,0.0,1.305267554288617,0,0,0,1,2.7057099911832494,1.5,1,7.4457381213752045,0,0,1
4.622039252745411,2.2359926393550116,0,0,0,0,0,8.302125878359412,1,1,0,-0.12927330017472216,1.6787596312056676,3.0155367978011247,8.729815974864035,17,1.0393841031148738,1.1437482565385022,0,0,0,0.9978772558817177,0,0,0,0,1.1037871098220338,0.00941269312262901,0,9.490045683038087,0.444,0,0,0,1,2.868421767783805,1.789958379528927,1,8.114600860958149,0,0,1
3.692857717967007,2.6291164457109595,0,0,0,0,0,26.882304155582272,0,3,0,-0.15868705200949892,1.6787596312056676,1.596101297073931,8.85990027408372,1,1.0437466884350584,1.134138994177664,0,0,0,0.9978772558817177,1,0,0,0,2.128863594703495,0.009355066684950715,0,22.27110502299014,3.060599933065279,0,0,0,1,2.710532510817516,1.5,0,7.4533343251603235,0,0,1
4.821741709182799,0.9733584433308915,0,0,0,0,0,13.487139072284926,0,2,0,-2.8860246751970995,1.8297348357833474,1.7819289830462837,8.603136497165444,4,1.0437466884350584,1.0949176456058498,0,0,0,0.9978772558817177,0,0,0,0,1.8899136069260445,0.008011130478114933,0,21.17755025733271,3.1591881068989838,0,0,0,1,3.1315255056640705,1.91267382506659,0,8.139393173997012,0,0,1
4.57047852450786,2.4358932001531466,0,0,0,0,4,17.433955961378373,0,3,0,-0.08266986775800474,1.6787596312056676,0.7385380089330212,9.43649328249526,2,1.0437466884350584,1.1593652030501354,0,0,0,0.9978772558817177,0,0,0,0,1.2088948928201,0.01954589612851696,0,12.303936507495091,1.6907310379323226,0,0,0,1,2.7057099911832494,1.5,0,7.781256616405005,0,0,1
4.899563432169796,3.561963923861978,0,0,0,0,2,41.00404396414172,0,0,0,-0.08900766472176622,2.2542629563017273,2.01286761856125,10.236777088645432,2,1.0395683484721077,1.1348661285845727,0,0,0,0.9978772558817177,1,0,0,0,1.0,0.03930444455093281,0,0.4075453172818531,0.444,0,0,0,1,3.070208862880852,1.8706380793129007,0,9.147773580500314,0,0,1
4.36319878702358,2.378227018761931,0,0,0,0,0,33.6320373346791,0,3,0,0.01703723418119816,2.0687305982432154,1.661914390391716,10.000189586405941,0,1.0130696660142957,1.1700344907134164,0,0,0,0.9978772558817177,0,0,1,0,2.275465050269971,0.05121578422279415,0,0.0,2.7155603947717495,0,0,0,2,3.025384532007866,2.158730664304553,0,8.438245865467318,0,0,1
5.068698375994461,3.591181730636885,0,0,0,0,2,46.337890348113525,0,0,0,-0.08072761086599348,2.1231482794262315,2.049266754653165,10.439268071025962,0,1.0202188465830508,1.1618430858244257,0,0,0,0.9978772558817177,0,0,0,0,1.2952201103802694,-0.08488745151819066,0,14.945898213403357,2.3658527746064557,0,0,0,0,3.372865539354984,2.6709631008817962,1,8.523575903508753,0,0,1
5.2501896316581504,1.9805452612816348,0,0,0,0,0,8.839120271451101,0,3,0,-0.10600420903618052,2.111459920555016,1.3466480726835155,9.144795823026216,2,1.0384195084789158,1.1353883335357533,0,0,0,0.9982274302546912,0,0,0,0,2.0393657637666727,0.023605286820675232,0,0.0,0.92312932119096,0,0,0,0,3.004337213140067,1.5,2,8.322058176392579,0,0,1
3.3339730232426694,2.763262683055792,0,0,0,0,0,15.776333465886083,0,3,0,-0.15057391229489409,1.6787596312056676,2.311758184922436,9.50683057080341,2,1.0391982635286243,1.149235427589713,0,0,0,0.9978772558817177,1,0,0,0,1.0106678423206752,0.03990481628953596,0,1.195545313985501,2.026536180202026,0,0,0,1,3.0693369365090053,1.6329958240751985,1,9.335461972430329,0,0,1
4.1959059460895345,1.7528951951386103,0,0,0,0,0,33.44870887576913,0,2,0,-0.06074537171360415,1.8123125801737423,2.0853615401367835,9.990357347006029,1,1.0208895521586523,1.154616725381856,0,0,0,0.9978772558817177,0,0,0,0,2.224676854834546,0.0450236981922251,0,0.7772867684094001,2.0062466109558534,0,1,0,1,3.095203487880325,1.9498417412662894,2,8.321058822740312,0,0,1
4.767018790027177,2.538478689735036,0,0,0,0,0,8.302125878359412,0,2,0,-0.0977198942288256,1.6787596312056676,2.2940231471168473,8.067304219066678,2,1.0437466884350584,1.177977778176491,0,0,0,0.9978772558817177,0,0,0,0,1.0,0.02912528210181843,0,1.0861571568893789,0.6626404344271828,0,0,0,1,2.758053543988405,1.8903410083018635,1,9.22887483431687,0,0,1
4.100413068886288,1.2100628871246233,0,0,0,0,0,28.071615201803027,0,2,0,-0.17198491760930054,1.6787596312056676,1.8241936427749412,8.722118286976812,13,1.0437466884350584,1.1252662847887647,0,0,0,0.9978772558817177,0,0,0,0,1.0,0.026052907422516675,0,0.0,0.444,0,0,0,6,2.8171981105407626,1.5,2,8.166423215452715,0,0,1
4.927309610898449,2.240990155668947,0,0,0,0,0,29.051963337321713,0,0,0,-0.18931213479866274,1.6787596312056676,2.060165830486619,8.402988062324262,2,1.0347767881461183,1.1567666135808092,0,0,0,0.9978772558817177,0,0,0,0,1.0,-0.012732502868420566,0,0.2955291996234136,1.340662445338847,0,0,0,1,3.0174611722919944,1.5,1,7.717301250586945,0,0,1
4.7931676427885925,2.104020521908872,0,0,0,0,0,18.447952499034137,0,1,0,0.03493536993920971,2.29373421838371,0.8968482824014169,9.398728933426206,2,1.0437466884350584,1.1616550701555182,0,0,0,1.0221263016736182,0,0,0,0,1.7507757794977872,0.03279963151085928,0,13.567932394640856,2.2355947557196836,0,0,0,1,3.125206863412322,1.5,1,7.736192704866735,0,0,1
5.481330110405829,2.600364172002196,0,0,0,0,3,32.66966393278733,0,0,0,-0.0625980219454507,1.6787596312056676,0.1422609958132126,8.19994867248919,2,1.0437466884350584,1.1330508680596267,0,0,0,0.9978772558817177,0,0,0,0,1.0,0.01717455353178152,0,0.8181146701625599,0.630710246897948,0,0,0,0,2.7127192297216998,1.5,1,8.429267387112805,0,0,2
4.756504506755584,2.726166053559026,0,0,3,0,0,26.862724914721777,0,0,0,-0.1014583264700915,2.0368409200562834,1.827412393113795,9.136079203321897,2,1.0330446772585231,1.0963870098502637,0,0,0,0.9978772558817177,0,0,0,0,1.0,0.03303246206743043,0,0.0,0.9120799981592012,0,0,0,1,2.9905004247443934,1.5046912777014518,0,7.639576011980553,0,0,1
4.840325697370773,2.822559116223721,0,0,0,0,0,21.991632626134415,0,0,0,-0.07007292869347176,1.6787596312056676,1.5881935217329755,8.616138942246039,1,1.0970483872534682,1.1201374840836513,0,0,0,0.9978772558817177,0,0,0,0,1.0,0.020765780194813305,0,1.7485279076377354,0.9967318267983428,0,0,0,1,3.1419082368379923,1.5,2,8.531155258972206,0,0,1
4.189810229390073,2.3066470411241546,0,0,0,0,2,31.236822865586802,0,0,0,-0.10323771136689526,1.6787596312056676,2.387083856889026,9.245543146503424,1,1.0437466884350584,1.138612126604586,0,0,0,1.0546129873885923,0,0,0,0,1.007474389548128,0.013347562182204616,0,1.5535530436366662,1.3641205215729608,0,0,0,1,3.172343362051957,1.5,0,9.128860759823526,0,0,1
5.43235519588481,2.478125615745909,0,0,0,0,0,33.92843712801128,0,0,0,-0.14793443704709922,2.251648513124522,2.1722403558758105,9.3582072195725,1,1.0549586663106754,1.134247525216179,0,0,0,0.9978772558817177,0,0,0,0,2.17433470440917,-0.007874374190510652,0,2.049260474547618,0.824620142220909,0,0,0,1,2.9065196131285,2.290730208790536,0,8.018902825508386,0,0,1
4.433959259851414,3.119417363180876,0,0,2,1,0,47.86115725331318,0,0,0,-0.10962685855526469,1.9568277095969278,1.8611448647540416,9.460040427136375,14,1.0869392984054103,1.1237947541230613,0,0,0,0.9978772558817177,0,0,0,0,1.317325943744069,0.0183469556257462,0,0.0,2.431188838117689,0,1,0,0,3.0676181854910074,2.631806408989561,0,8.23815012783627,0,0,2
4.055333283998689,3.378979767679988,0,0,0,0,0,24.143301215815445,0,2,0,0.06705369457328451,2.1216021119936577,1.5031354492246398,10.3883164823257,19,1.033827540116473,1.1279641328621537,0,0,0,0.9978772558817177,1,0,0,0,2.0519072546568746,0.04802681927981966,0,1.5814542360502817,0.4526281574994102,0,0,0,1,2.7057099911832494,1.6997032825003238,1,7.38432415454747,0,0,2
4.233480167787126,2.2123966484563375,0,0,0,0,0,17.66198054932596,0,0,0,-0.12772561891530612,2.1289555975231518,3.0747424683430715,8.067304219066678,1,1.107149586037566,1.1135115046682547,0,0,0,0.9978772558817177,0,0,0,0,1.8899136069260445,0.021335326382624982,0,23.916848984045874,0.7238821552401682,0,0,0,1,2.788200298186936,1.5,1,8.27124289833999,0,0,1
3.635153575748495,2.676761190741163,0,0,0,0,2,28.31525302770978,0,1,0,-0.036606683695609016,1.6787596312056676,1.3239291573807612,9.844475926961481,2,1.0544599480765704,1.1359527281346284,0,0,0,1.0091108200817367,0,0,0,0,2.124169374833344,0.0162339742660423,0,28.680082174468076,2.880932034555193,0,0,0,1,2.9072705730888986,2.348473156032014,1,8.10457640244714,0,0,1
4.30874865886323,1.7756015798068492,0,0,0,0,0,30.04170144505259,0,2,0,-0.12059412183263807,1.6787596312056676,1.2694742596373108,9.499038269615056,0,1.0232609454382704,1.1290594803844898,0,0,0,0.9978772558817177,0,0,0,0,2.1044817027757063,0.01633713596362012,0,0.45170401052726283,1.2486285745151102,0,0,0,1,3.1508454074419054,1.7241670273984406,0,7.9307892478043005,0,0,1
3.659846146529509,2.7043537647755214,0,0,0,0,0,39.22935086612685,0,2,0,-0.09575223285251626,1.6787596312056676,1.3348094323509505,9.297166301043772,2,1.0292215439159957,1.1098237212399673,0,0,0,0.9978772558817177,0,0,0,0,1.0,0.007513675926258431,0,0.0,0.49829334999863484,0,0,0,1,3.0790866858332984,1.5,1,7.68612060273744,0,0,1
3.773655016120206,3.6944693139853273,0,0,0,0,1,15.898101138768476,0,2,0,-0.06013473128753631,2.0205998343185154,1.2717507004254673,9.998017661067655,1,1.023933252129406,1.1157226447522612,0,0,0,0.9978772558817177,0,0,0,0,2.1895394442835276,0.0051599709191268925,0,0.08297962651557458,1.0154196842456773,0,0,0,2,2.7057099911832494,2.282167268978652,0,8.172643961102194,0,0,1
4.9520205956272125,3.385204105582466,0,0,0,0,0,31.740663467822056,0,2,0,-0.1334340733303796,1.6787596312056676,2.8080026894117536,8.067304219066678,8,1.0436384840142867,1.1652697410032828,0,0,0,0.9978772558817177,1,0,0,0,1.0442204109098572,0.05121578422279415,0,1.8701101079600067,0.4588641115236265,0,0,0,1,2.9404722670706187,2.0286049577794305,0,8.388957613005832,0,0,1
4.679687570946211,1.8648921080524163,0,0,0,0,0,37.495516789739646,0,0,0,-0.041176683823457454,1.6787596312056676,1.380773020285404,8.690366440313177,1,1.0319252185961965,1.1615460236402064,0,0,0,0.9213368401012894,0,0,0,0,2.1675920059139386,0.05121578422279415,0,23.713584489650952,1.434221699337697,0,0,0,1,2.7057099911832494,1.6395140762438976,0,8.623058853532516,0,0,2
5.1684713049853155,1.7828556403620288,0,0,0,0,0,33.431013684131315,0,0,0,-0.1261009295931062,2.3561047082786395,1.667092618821231,8.839692004549821,2,1.018467043696016,1.1221847621335344,0,0,0,0.9978772558817177,0,0,0,0,2.033042446336241,-0.0005879035742563866,0,24.226013331663662,1.3596427179571329,0,0,0,1,3.2257747758359563,2.0787332775013194,1,6.590857054698416,0,0,1
4.348208034748396,1.4137129462542128,0,0,0,0,0,33.96286788909226,0,0,0,-0.0456273744279835,1.887786020476874,0.9590835671396126,8.994553169861401,7,1.0202221383388586,1.1289351208979146,0,0,0,0.9978772558817177,0,0,0,0,1.1205488975172715,0.005702606073000013,0,8.137236498003226,1.0274230693317055,0,0,0,1,2.8471766234111184,1.553466340677741,0,6.674216322742711,0,0,1
3.597654650095392,2.190681416956304,0,0,0,0,0,31.638247845278848,0,2,0,-0.13406450990717653,1.6787596312056676,1.0400045873035981,9.740272954817687,2,1.0285682715617903,1.145710479971101,0,0,0,0.9978772558817177,0,0,0,0,1.0134354876167253,0.03524507104483935,0,0.5804252092038519,1.7020454222495032,0,0,0,1,2.8092770816994204,1.5,1,8.159101640852228,0,0,1
5.1218195240351445,1.822980016463429,0,0,0,0,0,8.302125878359412,1,3,0,-1.5506242214427517,1.6787596312056676,1.3284677708687256,8.067304219066678,2,1.0437466884350584,1.0867239669439799,0,0,0,0.9978772558817177,0,0,0,0,1.0,0.010502706784262881,0,0.09776694165982398,0.444,0,0,0,1,2.7057099911832494,1.5,1,7.569916387123939,0,0,1
4.034037033866584,1.1899805732049316,0,0,0,0,0,10.161658443188522,0,2,0,-0.19387403623948368,1.6787596312056676,1.4500891858173688,8.067304219066678,2,1.0396013107925548,1.108184323427304,0,0,0,0.9978772558817177,0,0,0,0,1.0,0.021982942613391517,0,0.12590853932260937,0.444,0,0,0,1,2.7057099911832494,1.5,1,7.716585266282515,0,0,1
5.458745739422627,2.227888857270256,0,0,0,0,1,31.367890688359328,0,3,0,-0.19387403623948368,1.8542835833926548,0.5857169240946245,9.56519660471432,1,1.0437466884350584,1.1083376763555781,0,0,0,0.9978772558817177,0,0,0,0,1.0,-0.002245975657318703,0,0.8774255467223825,0.6640416730448927,0,0,0,1,3.037289204717128,1.5,0,7.9475607423566625,0,0,1
4.280833653032287,3.1534023601788483,0,0,1,0,0,8.38099551022271,0,1,0,-0.1254982813302763,2.2865522837165537,0.7379212404308175,9.448050375810872,2,1.019351155591127,1.1033237234078546,0,0,0,0.9978772558817177,0,0,0,0,1.5226027490464387,0.029936939321198796,0,0.7059027099553813,1.104027884963667,0,0,0,0,2.7907052113473196,1.8966803655963569,0,7.936526987679687,0,0,1
4.229879847653254,2.5660526928333494,0,0,0,0,2,31.043113657902868,2,2,0,-0.10803780000116008,2.0375689063854567,1.9327591080314148,8.960349298481947,1,1.0433769064983858,1.1173868157176936,0,0,0,0.9978772558817177,0,0,0,0,1.605314973296001,0.03427543951772317,0,0.0,0.44594600274713425,0,0,0,0,3.453497481932993,1.6078499570025788,1,7.759230541898847,0,0,1
3.5866641013686977,3.3852473547903,0,0,0,0,3,20.70606075972165,0,0,0,-0.04746257203247115,1.6787596312056676,1.059511024217398,9.858832285237959,1,1.0135007069756286,1.1039473273740905,0,0,0,0.9978772558817177,0,0,0,0,1.4234120578129943,0.037336318282036395,0,2.236962055651579,1.1427138723216037,0,0,0,1,2.7057099911832494,1.8752464684021102,1,8.423710282318149,0,0,1
4.949771340847338,3.510524089570886,0,0,0,0,0,26.882304155582272,0,2,0,-0.16305648511574428,1.6787596312056676,1.954264131104592,9.054015837941698,2,1.0437466884350584,1.1270980817147658,0,0,0,0.9978772558817177,0,0,0,0,1.0300339905753015,0.02433873807095179,0,1.1717086278658777,1.002170401336686,0,0,0,1,3.1320954343693916,1.5,0,8.76745448869043,0,0,1
4.474879425020404,1.5710878211505268,0,0,0,0,0,28.458158135417627,0,0,0,-0.011349377847416698,1.7631108286348076,1.0690376054225585,8.312372408913602,2,1.0325859938122275,1.193464971138849,0,0,0,0.9978772558817177,0,0,0,0,2.152593701302945,0.05121578422279415,0,14.75872961745505,1.843084617608077,0,0,0,1,2.7057099911832494,1.9585586810867797,1,8.907365418164707,0,0,1
4.4874684523396,3.111272236992494,0,0,0,0,0,22.300105726738085,0,2,0,-0.021160334026239964,1.9985476137784597,2.8487748720361084,9.441468433351204,1,1.033207144001234,1.1490801678702056,0,0,0,1.0312375454101266,1,0,0,0,2.1218378706824113,0.05052619180991335,0,2.680076717289093,1.6554570666085098,0,0,0,1,3.311915590947971,3.034565593284581,1,7.638284255423166,0,0,2
4.446274632978527,1.4494178283398644,0,0,0,0,0,26.882304155582272,0,2,0,-0.12660262785169452,1.6787596312056676,2.006570153733546,8.980568255232585,19,1.0437466884350584,1.177690442897551,0,0,0,0.9978772558817177,1,0,0,0,1.0433065397772159,0.017372157342600246,0,1.3492233552392003,1.5719030451495184,0,0,0,1,2.916662204459932,1.5,0,8.252493953423238,0,0,1
4.757956728842847,2.9576723982483335,0,0,0,0,3,32.71546777022015,0,0,0,-0.07736497152210516,1.6787596312056676,1.639966370315834,9.616672024199747,1,1.107149586037566,1.1480340847963704,0,0,0,0.9978772558817177,0,0,0,0,1.2319192114360502,0.0026625911913664285,0,1.0064851571284394,2.0364826872735917,0,0,0,1,2.7057099911832494,1.8328013689358569,1,7.768779486204227,0,0,1
4.026148464645883,2.9766748717527167,0,0,0,0,0,15.755270843652406,0,0,0,-0.06539728287757732,1.7555072484640826,1.542999511951824,8.921393387612472,1,1.0437466884350584,1.1386309060390787,0,0,0,0.9978772558817177,1,0,0,0,1.2569284278504167,0.015981904691100838,0,0.6042833934345819,0.6743733911331924,0,0,0,1,3.055627449722217,1.5,0,8.63076849446232,0,0,1
4.635251599889861,0.8039,0,0,0,0,0,8.302125878359412,0,0,0,-0.15091097659721525,1.856803211573345,0.9981514950793218,8.759818135549546,1,1.0437466884350584,1.1256199997645993,0,0,0,1.0043479755051528,0,0,0,0,1.0501550638755959,0.04409961911107325,0,0.0752068042016855,0.7840099599654995,0,0,0,1,2.7057099911832494,1.5,0,8.491767759726754,0,0,1
4.931843757099124,2.0478506328085473,0,0,0,0,0,13.072237396571207,1,1,0,-0.16926049971591065,1.6787596312056676,2.625261276832612,8.35356697736,2,1.042958323248886,1.1426847919654137,0,0,0,0.9978772558817177,0,0,0,0,1.0,0.02109462460837074,0,0.0,0.8628045806877578,0,0,0,0,3.260010152905227,1.5,1,8.953010835729078,0,0,1
4.684288618945284,1.7623345335600327,0,0,0,0,0,29.729172689744555,1,0,0,-0.16333173107186774,1.6787596312056676,1.6793628546428871,9.31372708637062,0,1.0260627908818958,1.1342500809643246,0,0,0,0.9978772558817177,0,0,0,0,1.15279140050312,0.017537623212223803,0,10.516256406182274,0.6122833034356653,0,0,0,1,3.191455158570571,1.7868844950170282,0,8.360666999545666,0,0,1
4.766439438020769,3.139578583006641,0,0,0,0,0,9.097422297272125,0,3,0,-0.15857265121756006,1.6787596312056676,2.055339726004658,8.39030095300345,1,1.0437466884350584,1.1097478430554935,0,0,0,0.9978772558817177,1,0,0,0,1.0,0.014042499461241406,0,0.25477208433365356,1.7275346083450442,0,0,0,1,2.9711888304424434,1.5,0,8.705632246796231,0,0,1
4.492192606918968,2.4923072694976343,0,0,0,0,0,16.617724849390886,1,3,0,-0.19387403623948368,1.6787596312056676,1.1382195219490707,9.054041235797948,1,1.0121586898108041,1.110183469185981,0,0,0,1.0012319044202962,0,0,0,0,1.0,0.01317428915204862,0,0.0,0.8319805025631276,0,0,0,1,3.191582639477497,1.5,0,8.000416532515576,0,0,1
4.053754944764591,1.6631489095220946,0,0,0,0,0,35.45327636382123,0,0,0,-0.16113031619497709,1.6787596312056676,0.9778081632532762,8.510129799040357,19,1.0437466884350584,1.1398457992513715,0,0,0,1.0550309888168101,0,0,0,0,2.01252108402885,0.04213942030516294,0,2.7467938504283804,1.5440330875538057,0,0,2,1,3.240838859320113,1.7346374979380335,0,8.35923244125882,0,0,2
5.45299413406338,3.12797543517118,0,0,0,0,0,22.60059435080675,0,1,0,-0.0295482878437674,2.854183202012469,1.0661848136985956,10.460293126815637,1,1.107149586037566,1.1447407725877854,0,0,0,0.9978772558817177,0,0,0,0,1.9442953511528376,0.010567232645777727,0,1.4794541932252265,1.161974819591411,0,0,0,0,3.1228760486494425,1.9161241598749765,2,8.319304309782664,0,0,1
4.631307262234949,2.1700698355031256,0,0,0,0,0,24.54635965383378,2,2,0,-0.04998788544709832,1.6787596312056676,1.4892533518393343,10.054659273266484,2,1.0437466884350584,1.132963171505531,0,0,0,0.9978772558817177,4,0,0,0,2.0494243012476434,0.03246135975956866,0,2.040129964588572,0.8853842526045022,0,0,0,1,2.8949921237308236,1.570967757046146,1,8.806586588651781,0,0,1
5.153398252596267,2.6344470816501984,0,0,0,0,0,9.990567552551106,0,2,0,-0.16528451366589553,1.943609755829606,1.7471545127834525,9.62836145040498,2,1.0374670065693141,1.1554452526559316,0,0,0,0.9978772558817177,0,0,0,0,1.946879888463223,0.04124143279513211,0,0.913315070182277,1.1311270469639305,0,0,0,1,3.1385765206460006,1.7208067366237816,1,7.701707812882708,0,0,1
5.262895288339496,1.7867373638175743,0,0,0,0,1,24.78789512744102,0,0,0,-0.11729887462026033,2.083962968928018,1.634502060292256,10.30079166629494,16,1.0378212800664908,1.1218281798771326,0,0,0,0.9978772558817177,0,0,0,0,1.9171340934532557,0.016324304222684976,0,1.6757792434726226,0.9936856346764651,0,0,0,1,3.4189665619266614,1.5232820622015097,0,8.473495446654027,0,0,1
4.7586088345458055,2.132001631852174,0,0,0,0,1,27.163756512642603,0,2,0,-0.06816484002671544,1.6787596312056676,1.7507404516936786,8.428158343724114,2,1.0437466884350584,1.1328341734371574,0,0,0,0.9978772558817177,1,0,0,0,2.0463833679031946,0.0339341242705916,0,28.478248647298106,0.7370747177176266,0,0,0,1,2.7057099911832494,1.5,0,8.262144080147115,0,0,1
4.672591189445914,3.578774852230682,0,0,0,0,1,33.92409897983458,1,3,0,-0.09914118645144587,2.303054311573967,1.4228994010317604,9.87849644970788,7,1.0275737274571966,1.1613837420863162,0,0,0,0.9978772558817177,0,0,0,0,2.098428779939586,0.02473199585541804,0,0.18847273552307225,3.4537738248254954,0,0,0,1,3.0525951612581674,2.0166397562949707,0,8.551788271698312,0,0,1
5.000617291081814,2.5998194736162685,0,0,0,0,0,34.66947688983097,0,2,0,-0.03647143878917355,1.7248108933423973,2.6050884558060767,8.313039542702041,1,1.0211119832605595,1.1378560474661712,0,0,0,0.9978772558817177,0,0,0,0,1.2937654231206777,0.03267893221532737,0,1.040466015362992,2.173670473846509,0,0,0,1,3.4245429700559913,1.9789241464388512,1,8.62875935137209,1,0,1
4.044151447517684,2.457028023613684,0,0,0,0,1,30.387023908111345,1,2,0,-0.1363449827100447,1.6787596312056676,1.2547974258278871,8.42824799061276,1,1.0437466884350584,1.1398635203032301,0,0,0,0.9978772558817177,0,0,0,0,1.4501809754467465,0.027806729712707385,0,0.3471418123336436,1.335967335381565,0,0,0,1,2.7057099911832494,1.5,1,7.189094743637061,0,0,1
4.60328479428882,0.9560802930421539,0,0,0,0,1,33.621737732347896,0,0,0,-0.19387403623948368,1.6787596312056676,2.4130242615531463,8.719974431298962,1,1.0437466884350584,1.1129090153882746,0,0,0,0.9978772558817177,0,0,0,0,1.0,0.03142389014753784,0,0.0,1.1465789732974527,0,0,0,1,2.7057099911832494,1.5,2,7.864518771524785,0,0,1
5.248366426648483,2.7677515375788135,0,0,0,0,1,8.302125878359412,0,0,0,-0.19387403623948368,1.6787596312056676,2.3524321905675762,8.067304219066678,2,1.0437466884350584,1.1247221801132707,0,0,0,0.9978772558817177,0,0,0,0,1.9753152121338373,0.19105624747792965,0,0.4298753528538275,0.6218630793730293,0,0,0,1,3.115168085646446,1.5,0,8.022712426804388,0,0,1
3.1587869756977756,0.9118863316503338,0,0,0,0,1,8.302125878359412,0,3,0,-0.1258965536262712,1.6787596312056676,1.3077631805880094,8.894128788927654,5,1.0437466884350584,1.15083374615791,0,0,0,1.0341932712955435,1,0,0,0,1.1792538579605152,-0.0009568071425169837,0,2.4088991243155116,1.7675791415227626,0,0,0,1,2.9813665044238364,1.5,0,8.050468040538973,0,0,1
4.790351132399384,1.7390155639310523,0,0,0,0,0,19.695145617775992,1,1,0,-0.13254518124991005,1.6787596312056676,1.2371089514050095,8.067304219066678,2,1.0276072475856362,1.132165216616416,0,0,0,0.9978772558817177,0,0,0,0,1.8899136069260445,0.007819808955169118,0,10.816811872380534,0.5841290499243214,0,0,0,1,2.8277131039026955,1.5,1,7.508865468486395,0,0,1
3.362241736944353,1.1271227740337897,0,0,0,0,0,16.254181509378412,0,3,0,-0.19387403623948368,1.6787596312056676,1.5781657079838856,8.067304219066678,2,1.0437466884350584,1.1768828260106707,0,0,0,0.9978772558817177,0,0,0,0,1.0,0.016736540109810325,0,0.31280744125743126,0.9626430914058658,0,0,0,1,2.767401785233593,1.5,0,7.866642739087193,0,0,1
4.618318988041779,2.7941384702761543,0,0,1,0,3,29.015728158233628,0,0,0,-0.021481690388133846,2.5104053680677714,1.3576954014345102,9.996681570377334,7,1.0004856003412121,1.1476129232285466,0,0,0,1.0388636904934514,0,0,0,0,1.793625454560711,0.0505401093976706,0,0.0,0.8305327897853874,0,0,0,1,3.0685192179114584,5.052417872495811,1,8.828311212308442,0,0,1
5.1095006565333225,3.06364757430042,0,0,0,0,0,8.302125878359412,0,2,0,-0.19387403623948368,1.6787596312056676,1.2677000035555874,8.067304219066678,2,1.0274746476733396,1.103961522375494,0,0,0,0.9978772558817177,0,0,0,0,1.3709601934490787,0.014834475511674982,0,8.464795045140466,0.444,0,0,0,1,3.081853135069027,1.5,1,7.834890019038541,0,0,1
5.012595152720547,2.9948109893523176,0,0,0,0,0,27.796314955017557,0,0,0,-0.1115038422754711,1.6787596312056676,2.2528686690566175,8.31628179279674,2,1.0413239182847218,1.1109996136669882,0,0,0,0.9978772558817177,0,0,0,0,1.4219210774044275,0.02421877933857625,0,0.0,0.444,0,0,0,1,2.7057099911832494,1.5,0,7.643896951361005,0,0,1
4.700576469903343,2.7850983153140203,0,0,0,0,0,28.775380924594668,0,1,0,-0.05902508736685375,1.6787596312056676,1.2201701701612095,9.55978667273504,1,1.0144858544258297,1.1826800123740473,0,0,0,0.9978772558817177,0,0,0,0,2.191703381327227,0.04960694670008176,0,2.7054480539352217,1.7785665904923815,0,0,0,0,2.8424856487727,2.17846559198598,1,9.38708695646688,0,0,1
4.848433733586825,2.1285568356141455,0,0,0,0,0,34.4131067441802,0,3,0,-0.118054410432293,2.099042972716938,1.6718798185465351,9.078639436772358,1,1.0293338664747864,1.1379336172657843,0,0,0,0.9978772558817177,0,0,0,0,1.8899136069260445,0.014577695392605982,0,0.0,0.5344989162918072,0,0,0,1,2.8247072917826537,1.5549808846781508,1,8.844235111421531,0,0,1
4.958173092466289,1.2978069044462344,0,0,0,0,0,8.302125878359412,0,0,0,-0.17495795626946797,1.6787596312056676,1.4832369758729094,8.067304219066678,2,1.0437466884350584,1.1131606058982224,0,0,0,0.9978772558817177,0,0,0,0,1.8919820316939826,0.007882331858948807,0,16.92306535359915,0.5128441533473185,0,0,0,1,2.7057099911832494,1.5,1,5.716418107110904,0,0,1
4.678348283223911,2.877747084123055,0,0,0,0,0,8.302125878359412,0,0,0,-0.19387403623948368,1.6787596312056676,2.239129944873988,8.131866198315034,2,1.0437466884350584,1.1216954271041466,0,0,0,0.9978772558817177,0,0,0,0,1.0,0.018492504408624207,0,1.4399271369316835,0.8829319782915148,0,0,0,1,2.7057099911832494,1.5,0,8.47002439366103,0,0,1
4.6041053933623175,2.0410328570486547,0,0,0,0,0,26.882304155582272,0,0,0,-0.18741550463683687,1.7736022486146374,1.3179673863714845,8.080910806222933,2,1.0437466884350584,1.1916184783949972,0,0,0,0.9978772558817177,1,0,0,0,1.0,0.04791660035908294,0,11.76526314510424,1.2886731381876844,0,0,0,1,2.7057099911832494,1.5,1,9.041944169834075,0,0,1
4.7345093880231,2.7582054440312174,0,0,0,0,0,34.10562118321165,0,2,0,-0.14691057644624278,1.6787596312056676,2.6942679440857207,8.067304219066678,2,1.0437466884350584,1.1729495356444655,0,0,0,0.9978772558817177,0,0,0,0,2.0589179093426453,0.03150843933692615,0,2.618005063787849,1.2819269137436606,0,0,0,1,2.7057099911832494,1.8401534446388357,1,8.422046984557195,0,0,1
5.436234939051898,1.7569538916610044,0,0,0,0,0,14.130711508738646,0,0,0,-0.18606971186981866,2.063228717015365,0.6875414491610871,8.73286811823274,8,1.0283083915726814,1.130330337115525,0,0,0,0.9213368401012894,0,0,0,0,1.8899136069260445,0.011152493927488853,0,7.916092833389836,0.8574233974677723,0,0,0,1,2.730536315088534,1.5,0,8.052278410428945,0,0,1
4.546830475436868,2.8957897766565526,0,0,0,0,0,29.48091806834236,0,0,0,-0.10581587497624816,1.9782544926546763,1.1706231449969209,9.405476213415426,1,1.0205611099920924,1.1651623099638773,0,0,0,0.9978772558817177,1,0,0,0,1.2281158684788251,0.024034418171878586,0,1.675889775224361,2.59752225406717,0,0,0,1,3.082458803850458,1.6330759575529088,1,8.931350244943596,0,0,1
4.337750642289771,2.7780852452174822,0,0,0,0,0,18.640604674545035,0,0,0,-0.06248153674206218,2.35487562871047,1.233615865950012,9.026046134416028,0,1.0437466884350584,1.1257276492905004,0,0,0,0.9978772558817177,0,0,0,0,2.0534617370617227,0.01671449507576736,0,13.461585643123861,1.523562630447555,0,0,0,1,2.824968469261917,1.748943939568583,1,8.423809784528903,0,0,1
5.471788595911825,2.2818608100036766,0,0,0,0,0,43.50865228286909,0,0,0,-1.1281679132061941,1.6787596312056676,1.4797206692971372,8.761660737447318,1,1.0291942801895464,1.1413317504986913,0,0,0,0.9978772558817177,0,0,0,0,1.7311322331329664,0.02478308533899033,0,0.0,0.444,0,0,1,1,2.7057099911832494,1.6419131576994428,0,7.304106412537509,0,0,1
3.4208230112369415,3.429537394758444,0,0,0,0,2,14.293376045083008,0,0,0,-0.05273920491588273,1.6787596312056676,2.4069331009647748,8.611607059420841,2,1.0437466884350584,1.1547442836620576,0,0,0,0.9978772558817177,0,0,0,0,1.8899136069260445,0.038067544718104786,0,27.419533426343516,0.7214661698054198,0,0,0,1,3.027576151725161,1.501834064918656,0,8.520504267950573,0,0,1
5.467643595106154,2.059132069384833,0,0,0,0,0,16.2378418228275,0,2,0,-0.1596651476871457,1.6787596312056676,1.1419630842747897,8.857920750079728,2,1.0437466884350584,1.1321849187070832,0,0,0,0.9978772558817177,0,0,0,0,1.0,0.030675408902399948,0,0.8694066988452154,0.49020367468838244,0,0,0,1,2.7376457214657126,1.5089799813891631,1,8.622950117886559,0,0,1
4.02524876415161,2.302853284232774,0,0,0,0,0,29.03725501319317,0,0,0,-0.08801877847213972,2.185364494072595,1.0388082184356906,10.279388157300742,1,1.033958370193534,1.1109631803344948,0,0,0,0.9978772558817177,0,0,0,0,1.4864177219760806,0.03450752013692078,0,1.1548097492412648,1.0017974492519288,0,0,0,1,3.3843578265706724,1.704790983437817,0,7.273634041617472,0,0,1
3.890565779960184,2.094019682139997,0,0,0,0,0,32.98230059150674,0,0,0,-0.1180487560343826,1.6787596312056676,0.5746245827048355,9.784419426826378,1,1.0437466884350584,1.133198791279271,0,0,0,0.9978772558817177,0,0,0,0,1.0532357806237171,0.03370350602927239,0,0.17050625283574472,0.7778531095968726,0,0,0,1,3.1269305750094456,1.5764220443718822,0,7.894442993937556,0,0,1
4.262695379823196,2.937096952756799,0,0,0,0,1,21.408254122443523,0,0,0,-0.1453312029199236,1.6787596312056676,1.4898039459414163,9.002935594011692,2,1.0437466884350584,1.159347281482532,0,0,0,0.9978772558817177,1,0,0,0,1.1697576556733242,0.05121578422279415,0,14.70765715103077,1.4109165090624491,0,0,0,1,2.8874427797278193,1.5,1,8.636740769757786,0,0,1
4.756336382329858,2.2187790264273266,0,0,1,0,0,22.766699920445692,0,0,0,-0.10441406797005233,1.8228196687335048,1.9581786364023501,8.87382169407191,8,1.0854522384580294,1.1754559408376206,0,0,0,0.9978772558817177,1,0,0,0,1.8494754285576434,0.05121578422279415,0,0.8023665172607393,1.4677218458973107,0,0,0,1,2.7630027675714217,1.8877875855746873,1,9.60170707457759,0,0,1
5.476216854782015,1.04825995401299,0,0,0,0,0,12.17989235123516,0,2,0,-0.13443282886515726,1.837614022257501,1.1496105507696364,8.366719043474943,2,1.003973799251933,1.1150328895068307,0,0,0,1.000258577674031,0,0,1,0,1.0267515610504279,0.01806271373747995,0,0.39791552680096154,1.5401117998063976,0,0,0,0,3.04311352227071,1.6549638830270446,0,8.512818635493774,0,0,1
3.805204582609031,2.5165993800189246,0,0,0,0,0,30.406281937693855,0,1,0,-0.19126828008961483,1.6787596312056676,1.0747003231034795,9.802604543365598,1,1.0429945256762525,1.121558761436651,0,0,0,0.9978772558817177,0,0,0,0,1.39239202102726,-0.008760722828741128,0,0.0,0.444,0,0,0,1,2.8963950711331634,1.5,1,7.6141199706395,0,0,1
4.049380160741288,3.007727472670507,0,0,0,0,0,13.219325905119337,1,0,0,-0.14863645761047678,1.6787596312056676,0.5027735235179627,10.31138470979471,0,1.0234311560709515,1.1144107913003385,0,0,0,1.04835179415054,0,0,0,0,1.761564968259382,-0.011607220277057007,0,0.0,3.7872674660535433,0,0,0,1,2.8687645258715797,1.5,1,6.726806640078449,0,0,1
3.783801925547971,2.053159029566909,0,0,0,0,0,35.25099111188012,0,1,0,-0.11491826945521094,2.0215789196850693,2.303158930671148,8.754797658321433,16,1.0437466884350584,1.1599529979310081,0,0,0,0.9978772558817177,0,0,0,0,2.039624697863254,0.03156175988418472,0,0.7410514924016113,1.0586533389337656,0,0,0,1,2.7517677132781015,1.5,0,8.313379379305609,0,0,1
4.005332269283124,1.9538309535598866,0,0,0,0,3,34.86829386695169,0,0,0,-0.19387403623948368,2.0563883774786613,2.6273785678271553,9.449431227079536,1,1.0437466884350584,1.1466092795012577,0,0,0,0.9978772558817177,0,0,0,0,1.8899136069260445,0.010360456944643678,0,0.2710986937274929,0.6126845547464776,0,0,0,1,3.352465456531048,1.6523632985854184,0,8.370836426072326,0,0,1
4.709808489136108,2.008058364131939,0,0,0,0,0,26.908714477205464,0,0,21,-0.1430916007039883,1.6787596312056676,1.6650383112033378,8.874420681137142,2,1.0392222217262292,1.1457375155468017,0,0,0,0.9991030439877024,1,0,0,0,1.9172954426308695,0.03136863851154241,0,0.0,1.0550297877096222,0,0,0,0,3.531417691060689,1.6174369232831844,1,8.295928140525888,0,0,1
4.175930152470394,3.616331551763994,0,0,0,0,0,41.2838536585694,0,0,0,-0.13181909206813583,1.6787596312056676,1.3160810552219906,8.797346862922495,2,1.0258695999372263,1.165090801509313,0,0,0,0.9978772558817177,0,0,0,0,2.092758979104171,0.025181270836948537,0,15.33739814609644,1.6659386669123926,0,0,0,1,2.7958582968025945,1.9196176543502403,1,9.487234675288454,0,0,1
3.4392602322660046,2.2986396980438535,0,0,0,0,0,10.447621886123372,0,4,0,-0.04421032588281736,2.0006963184611317,1.2564758084091556,9.295152326482292,2,1.0437466884350584,1.1527221126425753,0,0,0,0.9978772558817177,0,0,0,0,2.0622711778262897,0.04367213605972215,0,2.0783066248981186,1.149751780060043,0,0,0,1,2.7057099911832494,1.5,1,8.503979733106728,0,0,1
4.761287073795679,2.704837626758068,0,0,0,0,0,25.237299166770924,0,3,0,-0.032031999400041526,1.6787596312056676,1.5423614958814245,10.774781830372444,1,1.107149586037566,1.1205918139823128,0,0,0,0.9978772558817177,0,0,0,0,1.1088382622029456,0.026642876904801042,0,0.2750905783534785,1.814537864809496,0,0,0,1,2.770545178716853,2.291398443593285,0,8.3610408380608,0,0,1
4.4602326139661725,3.5278239610237816,0,0,0,0,0,14.700400939727125,1,0,0,-0.05774980759047796,2.4609932959751264,1.0416877103838578,10.210670728862079,15,1.107149586037566,1.1457602324673577,0,0,0,0.9978772558817177,0,0,0,0,1.9640812177303861,0.012673735640232926,0,0.4915608268714137,0.9692601091464458,0,0,0,1,3.0524716846741495,1.6138348368539588,1,7.71956820536964,0,0,1
5.507791380909065,0.8039,0,0,0,0,0,26.882304155582272,0,1,0,-0.19387403623948368,1.6787596312056676,1.7530312052498576,8.06837432379216,1,1.043148046831528,1.1043578058035313,0,0,0,0.9978772558817177,0,0,0,0,1.0,0.011287778723751318,0,0.0,0.7754493830941006,0,0,0,1,2.8926210864408173,1.5,0,7.295589701545981,0,0,1
4.727574622279751,2.5790072910813535,0,0,0,0,0,23.63569201998382,0,2,0,-0.0872865512168701,2.048197828198156,1.3672810494921355,6.505038137671535,24,1.0087011514017463,1.1271008676540404,0,0,0,0.9978772558817177,0,1,0,0,1.0,0.019843300980058334,0,19.740955018658646,1.0055944857099384,0,0,1,0,3.1817865117266804,1.9677591249828585,0,7.910422478638868,0,0,1
4.790688058996707,3.401199768912891,0,0,0,0,3,13.654837229412248,0,0,0,-0.18581612767025216,1.6787596312056676,1.3864935006630885,8.63236188579197,1,1.080282107244654,1.1325899895957607,0,0,0,0.9978772558817177,0,0,0,0,1.9207074278773508,0.06681075102742204,0,13.570735872311769,0.9651978894235917,0,0,0,1,3.3431746504248925,2.0906108063215,1,8.32012699059015,0,0,1
4.773949848139355,1.9083787889053818,0,0,0,0,0,15.464683675402917,0,2,0,-0.11895020064789155,1.6787596312056676,1.8757258250630107,9.38447954161609,2,1.03803341926661,1.1222093262580977,0,0,0,0.9978772558817177,0,0,0,0,1.0,0.029208406410197025,0,2.6511738177667463,0.444,0,0,0,1,2.713413949863337,1.5,1,9.186763094024876,0,0,1
4.729654736183921,0.8039,0,0,0,0,0,26.882304155582272,0,2,0,-0.1614427706228898,1.6787596312056676,1.9546486313619407,8.067304219066678,2,1.0437466884350584,1.174014119133243,0,0,0,0.9978772558817177,0,0,0,0,1.8899136069260445,0.05121578422279415,0,1.2435353901054398,1.1372992057501004,0,0,0,1,2.7057099911832494,1.5,0,7.820206729828765,0,0,1
5.054012325759039,2.2946493927723193,0,0,0,0,0,16.788743943051365,0,1,0,-0.1462458104189959,1.985680194267321,2.1848963418000396,9.392149694203715,6,1.0177998640178485,1.1428126954731948,0,0,0,0.9978772558817177,0,0,0,0,1.3686490016471617,0.01166507143519361,0,23.8372848147497,4.122629611741117,0,0,0,1,3.381020313075365,1.7322760369775225,0,7.593744322578112,0,0,1
4.992084724975877,2.126704276901235,0,0,0,0,0,13.023253582707152,2,2,0,-0.04543691565030273,1.6787596312056676,4.331575097920643,8.067304219066678,1,1.0418520178367534,1.1395058011603887,0,0,0,0.9978772558817177,0,0,0,0,1.9774992172405828,0.04215902179326379,0,0.6945762465984255,0.8737626631113734,0,0,0,1,2.994097741100652,1.803941773328549,1,8.361208643028464,0,0,1
4.3852062745612805,2.0366300632220695,0,0,0,0,2,26.882304155582272,0,0,0,-0.12248803419831962,1.8299089980756746,1.9742544747284074,8.067304219066678,1,1.0437466884350584,1.0800259995387236,0,0,0,0.9978772558817177,0,0,0,0,1.0091271396093378,0.03364018631703332,0,0.0,1.162879784928063,0,0,0,1,2.7057099911832494,1.600371257849992,1,7.32639059161638,0,0,1
5.023459257265474,1.5100522389566724,0,0,0,0,0,30.61623035967856,0,3,0,-0.07662138940667329,1.8362163045758266,2.7291608571278747,8.448258232307083,24,1.0363371802534969,1.1272694025562633,0,0,0,0.9978772558817177,0,0,0,0,1.8899136069260445,0.017221582416950005,0,0.0,1.0254152270451493,0,0,0,1,2.9080906823269874,2.4019561249207255,1,7.55511347945476,0,0,1
4.1776527165986135,2.036391489091164,0,0,1,0,0,30.728211020849276,0,0,0,-0.08202641800475412,1.829236052655495,2.0679185938193148,8.895220016622691,7,1.0338393780416475,1.1541620313390355,0,0,0,0.9978772558817177,0,0,0,0,1.341923057305555,0.0325307602140115,0,1.3161487734738329,0.7456481634181151,0,0,0,1,2.819014459458906,1.5222812597916082,0,8.398003581728597,0,0,1
3.52186086153256,2.1913935607370574,0,0,2,0,1,28.756937331430798,0,3,0,-0.13225679544039395,1.7032650893409305,1.5231574910507346,8.370610573419528,2,1.035295308551019,1.120002968285438,0,0,0,0.9978772558817177,0,0,0,0,1.2965988368365977,0.039262198078890156,0,0.7292246998344631,0.54505940678729,0,0,0,1,3.001977949754732,1.666712730525175,1,8.86711947920341,0,0,1
3.634445163008533,2.5611535577619855,0,0,0,0,3,10.0313887028374,0,1,0,-0.053349177408999846,1.6787596312056676,2.284908424784195,8.067304219066678,2,1.0437466884350584,1.1556575118133767,0,0,0,0.9978772558817177,0,0,0,0,1.1657539084209987,0.03594085044105184,0,1.30795348378234,2.479713883612982,0,0,0,0,2.8664674191403483,1.5025331740533554,0,8.8955156374563,0,0,1
4.701552891451699,1.7969057603139031,0,0,0,0,0,18.729724303915543,0,0,0,-0.05332970370866075,1.6787596312056676,2.5750486651766855,8.371558843874185,2,1.0417551314090152,1.1247495751039855,0,0,0,0.9978772558817177,0,0,0,0,1.9085266012891116,0.03152534417522133,0,0.9477351190964116,1.4804324676758727,0,0,0,1,2.8858155902425975,1.5990635354079044,1,8.30782666267355,0,0,1
3.5893101353413774,3.186467019549093,0,0,0,0,0,29.86196041092889,0,0,0,-0.19387403623948368,1.6787596312056676,1.1538535643369037,8.067304219066678,2,1.0437466884350584,1.1509252986203193,0,0,0,0.9978772558817177,0,0,0,0,1.4913000113564472,0.04358958045385182,0,1.6877729872245595,0.5373604315677905,0,0,0,1,2.7057099911832494,1.5,1,8.584146298146946,0,0,1
3.7804799719222375,1.735027460882265,0,0,0,0,0,16.089600646449668,0,0,0,-0.11831445515574492,1.7200601999947742,0.881248667136692,9.095136350262694,2,1.0437466884350584,1.1290711679932546,0,0,0,0.9978772558817177,0,0,0,0,1.0,0.043418372876212113,0,1.358093895357109,1.2540429056432014,0,0,0,1,3.0905569791559966,1.5,0,7.382136616556379,0,0,1
4.853825036256911,2.7625714423860743,0,0,0,0,0,37.277765396636234,0,0,0,0.003952897316946886,1.6787596312056676,0.9808072820775674,9.42565185550528,1,1.0950194546583953,1.106271236756293,0,0,0,0.9978772558817177,0,0,0,0,1.8899136069260445,0.03859619119640713,0,14.739449762251125,1.3559088210977732,0,0,0,1,3.11878763495975,1.5,0,8.539908570960305,0,0,1
5.4414019438074845,2.106794042220066,0,0,0,0,3,16.430270775010108,0,2,0,-0.1624477678759311,1.718128244001169,1.6908788753529227,8.654696911456936,2,1.0437466884350584,1.1448429287389432,0,0,0,0.9978772558817177,0,0,0,0,2.0211881463971517,0.017062950351642816,0,0.7725147120879156,0.7990501447578613,0,0,0,0,3.176165876747315,2.269902735128988,2,8.056882241299986,0,0,1
4.72989589986716,1.9273171704538075,0,0,0,0,0,29.32164737795362,0,1,0,-0.17321344207912592,1.6787596312056676,0.8822253953161344,9.330141142498237,1,1.0437466884350584,1.1703424261476445,0,0,0,0.9978772558817177,1,0,0,0,1.956289566700382,0.025288333771238278,0,0.0,1.407250326030089,0,0,0,0,3.1645329601017167,1.503869400553878,1,7.928330718509561,0,0,1
4.552111699782948,2.6264948221637376,0,0,0,0,0,13.626213732807486,0,2,0,-0.11071837615759494,1.6787596312056676,1.5592114371768442,9.040060344591904,1,1.0437466884350584,1.11478646322314,0,0,0,0.9978772558817177,2,0,0,0,1.8899136069260445,0.011630971939055781,0,48.92494771359697,2.588213163687797,0,0,0,1,2.9887400765809566,1.5,2,8.011206518337268,0,0,1
4.379704562008181,3.195913211663555,0,0,0,0,0,31.871668177400437,0,0,0,-0.17503946712162652,1.6787596312056676,1.3144348012093992,8.334358905580913,2,1.0322864440337245,1.1489099839151478,0,0,0,0.9213368401012894,0,0,0,0,1.221788739884984,0.017502476147317314,0,21.4587539438328,0.9944198898111162,0,0,0,1,2.7057099911832494,1.6830377569564348,1,8.36849346115776,0,0,1
4.599921113806194,1.3578275066452197,0,0,0,0,0,16.41610588416055,0,2,0,-0.09424451240928985,2.2347146953624293,1.7065490358860254,9.361411435748806,1,1.0083432710905438,1.115382361966754,0,0,0,0.9978772558817177,0,0,0,0,1.5058680951286136,0.017892263909061422,0,0.6887568652251297,1.3712080749364193,0,0,0,1,3.025946033705275,1.8650300729505476,0,8.514368819819794,0,0,1
3.7859922858960138,3.2635548040724878,0,0,0,0,0,37.859518229779646,0,0,0,-0.046647999008854565,1.6787596312056676,2.223769081145175,10.111734762890176,0,1.074963049750191,1.1485622678596492,0,0,0,1.0601163327198921,0,0,0,0,2.0353101936695785,0.023134085545185916,0,29.482016811789165,2.2592641056079437,0,0,0,2,3.30334403893202,2.3160814387916218,0,9.228739616130543,0,0,1
4.953910290147945,2.6344596039436516,0,0,0,0,0,30.356611133485657,0,0,0,-0.05644376835011297,1.6787596312056676,1.4838931512636795,9.403428668420188,2,1.0437466884350584,1.1243264745867432,0,0,0,0.9978772558817177,0,0,0,0,1.0,0.03316191063232029,0,0.0,1.7873647092040645,0,0,0,1,2.8725514797888687,1.5,1,8.182532307371382,0,0,1
4.8270799893889516,3.747774938803785,0,0,0,0,2,34.35233383607439,0,2,0,-0.07064025712251101,1.6787596312056676,1.3270359269060252,8.87850583830265,2,1.0437466884350584,1.145066451773768,0,0,0,0.9978772558817177,1,0,0,0,1.941540418186843,0.029990700456664313,0,0.10243673775890479,1.0321815475990548,0,0,0,1,3.1912677323520424,1.810826111202965,1,8.244877402168223,0,0,1
4.4449421807271765,3.4990901159147554,0,0,0,0,0,33.249717779798445,0,2,0,0.023494438555007553,1.9501552046568096,0.7408574193512389,9.89522581016229,2,1.0437466884350584,1.1657640501473014,0,0,0,0.9978772558817177,1,0,0,0,1.2056194189082174,0.04521469474230905,0,3.071816556298983,2.1580215507454046,0,0,0,1,2.735536817911186,2.270558180322041,0,8.204787352572897,0,0,1
5.182308659651922,1.5990225273111391,0,0,0,0,0,27.476696904449604,0,0,0,-0.16817888594698763,1.6787596312056676,3.0637363395165256,8.589774835870456,2,1.0432301134716129,1.1373085203084958,0,0,0,0.9978772558817177,0,0,0,0,1.8899136069260445,0.032149317067917536,0,0.18892146926660885,0.5544479799796476,0,0,0,1,2.8802112116189207,1.5,1,8.105794321838566,0,0,1
5.576579651427233,2.582526662136764,0,0,1,0,0,15.243687358797514,0,2,0,-0.01969258303626722,2.2091244893856827,2.1330495232619144,9.039490527341771,1,1.027739644345639,1.1208030563735996,0,0,0,0.9978772558817177,0,0,0,0,1.4295066898775368,-0.011976444131070888,0,8.800880248772735,0.4946389684754162,0,1,0,2,2.975672775609885,1.5,1,6.389800744999065,0,0,1
4.132244783255918,1.3253044693916023,0,0,0,0,3,30.962800676778194,0,3,0,-0.1563946715743714,1.6787596312056676,1.7286115564102842,9.399958089083157,1,1.0263246645180888,1.0985235088941085,0,0,0,0.9978772558817177,0,0,0,0,1.8899136069260445,-0.009779461973683073,0,16.19885305567916,0.6163727855594819,0,0,0,1,3.1178564804684634,1.5,1,7.257645986315202,0,0,1
5.026952432530456,3.520987172756816,0,0,0,0,2,45.303234672728514,0,0,0,-0.05782474275789754,1.6787596312056676,1.1520224289829304,8.993291198162463,1,1.0355286237952988,1.131838271556566,0,0,0,0.9978772558817177,0,0,0,0,2.108611700396982,0.05121578422279415,0,2.5973758958453255,1.7844266649256972,0,0,0,1,2.8085343096828796,1.7799190816331196,0,7.826417394231793,0,0,1
4.7710615992508245,2.7420959858264338,0,0,0,0,0,35.35574440265499,0,0,0,-0.05099420704995569,2.265772231339483,0.9056211125277563,10.014626098807963,5,1.0437466884350584,1.1696123369709877,0,0,0,0.9978772558817177,1,0,0,0,2.2453837979570377,0.04150022055904485,0,3.3033338046901606,2.740873254032808,0,0,0,1,3.4503334392920473,1.5,0,9.021490708115074,0,0,1
5.11429992664587,3.277449581949766,0,0,0,0,0,18.904213149661373,0,2,0,-0.02966732673908389,2.491189562253965,0.9423372741013294,8.184892395815277,2,1.0437466884350584,1.1620766715338195,0,0,0,0.9978772558817177,1,0,0,0,2.1762663591095195,0.05121578422279415,0,23.044381030901977,0.444,0,0,0,1,2.981979823255003,1.7063332717936117,1,8.19796099222844,0,0,1
5.048242299730446,3.0879389995796287,0,0,0,0,0,28.321832374209343,0,0,0,-0.19323350005582843,1.6787596312056676,1.099722669311639,8.399577079937046,2,1.0437466884350584,1.127992834515611,0,0,0,0.9978772558817177,0,0,0,0,1.8899136069260445,-0.000860308560384577,0,0.0,1.133029499029316,0,0,0,1,2.7260763360925298,1.5,0,8.10977610589121,0,0,1
4.945926533915495,2.2377043475714067,0,0,0,0,0,26.882304155582272,0,0,0,-0.10661960560550089,2.0629920812825375,1.4294396873487196,9.541357133262402,1,1.0144928270257363,1.1270718387437544,0,0,0,0.9978772558817177,1,0,0,0,2.0704805518065283,0.005007689104767089,0,0.0,1.6521860359158294,0,0,0,1,3.247688940964449,1.645683229667077,1,8.553151821939636,0,0,1
4.514223509315291,3.291902359270276,0,0,0,0,0,31.89100861743088,0,1,0,-0.046870230666035975,1.6787596312056676,1.123696688600764,8.921656544608176,2,1.0437466884350584,1.1548929868950424,0,0,0,0.9978772558817177,0,0,0,0,1.987795230864939,0.0198165047802801,0,2.86873155610017,0.756802510732777,0,0,0,1,2.7057099911832494,1.5,0,8.14574608571233,0,0,1
4.982410469597674,1.196866189659997,0,0,0,0,0,28.750031043788262,0,2,0,-0.02062947991854845,1.8936763016957445,0.8251224811973088,9.525441164300803,1,1.0433519222095355,1.1296463727080537,0,0,0,1.0798456568993573,0,0,0,0,1.0042354842550423,0.021375160556116088,0,1.950722990905571,0.5139466033692435,0,1,0,1,3.032942960444932,1.6752486236506843,0,8.251863968008632,0,0,1
4.222932988817432,1.9874834252183535,0,0,0,0,0,16.246039732193942,0,2,0,-0.14100540426109687,1.9921252034795724,1.840716330713144,8.933950867280839,1,1.0188166274741444,1.1423667806150108,0,0,0,0.9978772558817177,0,0,0,0,1.8899136069260445,0.03559939458066274,0,9.67934907957594,1.3865833829450884,0,0,0,1,2.9110351745171155,1.571901841874386,0,8.885065146086916,0,0,1
4.911479518027681,3.0988891612555602,0,0,0,0,3,32.3235019665301,0,0,0,-0.09643033450660682,1.6787596312056676,0.9902634235405086,9.219234990850769,1,1.0287588043103473,1.1441957906559082,0,0,0,0.9978772558817177,0,0,0,0,1.0,0.029671758341176642,0,0.0,1.039789526169256,0,0,0,1,3.054683744368083,1.6415944166877996,0,8.455477247522575,0,0,1
4.8479001645409046,1.4153455273838573,0,0,0,0,0,12.95340817814484,0,1,0,-0.061382372459054715,2.3201577718457145,1.246103316301825,9.40209062888446,1,1.027414982877695,1.1250721018419618,0,0,0,0.9978772558817177,0,0,0,0,1.4296345078746868,0.02705526121703157,0,11.579210695356506,0.8950375211440138,0,0,0,1,2.916689457762116,1.5,1,8.605617819317244,0,0,1
4.886930214945755,3.106989268001118,0,0,0,0,0,11.464894976726551,0,0,0,-1.7183486585253878,1.6787596312056676,1.8472217485121787,9.119762715196508,2,1.0259773842803739,1.1461409220129233,0,0,0,0.9978772558817177,1,0,0,0,2.1394613607946744,0.025023065298522544,0,0.9242621180954105,1.3517768443925904,0,0,0,0,2.7057099911832494,2.1133542689305393,0,8.391638430701839,0,0,1
4.925136607110909,3.1834316278778796,0,0,0,0,0,33.343500800015306,0,2,0,-0.19387403623948368,1.6787596312056676,1.2732420195846688,9.536726425115358,1,0.999287521741273,1.1518483331265528,0,0,0,0.9978772558817177,0,0,0,0,1.5998314710303327,0.010544982941326567,0,0.5268877290333241,0.8716188137685607,0,0,0,1,3.157161539521084,2.094402150587597,1,8.210726994842776,0,0,1
4.0334467654468025,3.0802323648790435,0,0,0,0,0,30.831665542376903,0,0,0,-0.0590761151410717,1.6787596312056676,2.058055240789873,8.774815695397375,1,1.0437466884350584,1.147666732385319,0,0,0,0.9978772558817177,0,0,0,0,1.8899136069260445,0.0012695348677486597,0,12.660588562793302,3.1455160348950004,0,0,0,1,3.1882836750609367,1.6394976425571717,1,8.662623892160209,0,0,1
2.9055658569239347,1.2814544217854111,0,0,0,0,0,28.13110918896237,0,2,0,-0.14925861412190186,1.6787596312056676,0.8871924085722255,8.158327746960886,1,1.0290294410412377,1.18041625393196,0,0,0,0.9978772558817177,1,0,0,0,1.6426942309097754,0.0400375208325226,0,1.5476045687278963,1.4225768727645531,0,0,0,0,2.7057099911832494,1.5,1,8.977122926683332,0,0,1
3.9853442171144593,2.95439391076217,0,0,0,0,0,33.74555315860619,1,0,0,-0.08434530846837403,1.6787596312056676,1.6538568893875505,8.230667882551911,1,1.0437466884350584,1.1741827869244383,0,0,0,0.9978772558817177,0,0,0,0,1.0,-0.01875141976640725,0,2.7041889987062193,0.9092090904676737,0,0,0,1,3.2738904808417804,1.5,1,8.720165612148255,0,0,1
4.927609972869639,3.1888524260234474,0,0,0,0,0,25.60435664245449,1,0,0,-0.09260967741589021,1.6787596312056676,1.3963830441121066,9.372015920857084,1,1.0385748442317964,1.13930732887914,0,0,0,0.9978772558817177,0,0,0,0,1.1285140385368755,0.03902391172792651,0,0.4240228853631945,1.6194460574944665,0,0,0,0,3.0172347188666104,1.7949118213241777,0,8.153889204824722,0,0,1
4.4642218280857415,1.9954585913774094,0,0,0,0,0,32.06113542552554,0,0,0,-0.12136196833991764,1.6787596312056676,1.7279742683082466,8.076325110118155,2,1.0437466884350584,1.1483980095231807,0,0,0,0.9978772558817177,0,0,0,0,1.07989423485907,0.05121578422279415,0,25.0743473955332,1.4087385969658608,0,0,0,1,3.0076867396041003,1.5,1,8.007004303360723,0,0,1
4.699098557889144,2.1446534322263586,0,0,0,0,0,14.965256071442974,0,1,0,-0.987958395949778,2.5889440245400137,1.145131916440846,9.417387682264907,1,1.107149586037566,1.1384343060263051,0,0,0,0.9978772558817177,0,0,0,0,1.9229813613152194,-0.014878085411884744,0,2.3816537815938985,1.0456872312544596,0,0,0,1,2.819331279096795,1.9462660925032025,1,9.550435026655279,0,0,1
4.313486916810591,1.7128420242393574,0,0,0,0,2,8.302125878359412,0,0,0,-0.10381869787316819,1.6787596312056676,1.4615005785266753,9.023048810182594,1,1.0250485788806767,1.0960196763557921,0,0,0,0.9978772558817177,0,0,0,0,1.1310834144289408,0.008712284425504448,0,0.0,1.7000088843037682,0,0,0,1,2.7503158772766687,1.5,1,7.493372411633657,0,0,1
4.835013484509909,3.355414494605214,0,0,0,0,2,34.73759971001574,0,0,0,-0.12167525192597609,1.6787596312056676,2.3759962937587953,9.380062137741962,2,1.086427005554552,1.1610377200105293,0,0,0,0.9978772558817177,0,0,0,0,1.0513069409339648,-0.0006930932274818129,0,9.834172523580762,0.805744619431825,0,0,0,1,2.726396562393192,1.977021151074933,1,8.273924217015368,0,0,1
4.312475183653033,2.6945359868477388,0,0,0,0,0,8.302125878359412,0,3,0,-0.1204843274748421,1.6787596312056676,1.3452935783770283,8.067304219066678,1,1.0318215592775861,1.1770599268130941,0,0,0,0.9978772558817177,1,0,0,0,1.4713064805834817,0.05121578422279415,0,2.016780289337138,1.1391027629985708,0,0,0,1,2.708844479530489,2.09617200501153,1,9.663355098968157,0,0,1
3.4287660075111672,1.7833544438141842,0,0,0,0,0,26.882304155582272,0,0,0,-0.091711157888062,1.6787596312056676,2.601178620835645,8.067304219066678,19,1.107149586037566,1.1660637947025216,0,0,0,0.9978772558817177,0,0,0,0,1.9044939691304639,0.04908980551098512,0,1.250500044022125,0.91457374547589,0,0,0,1,2.7289324343486006,1.9727270813989624,0,8.296861503633732,0,0,1
4.798092859895267,2.2078364262897816,0,0,0,0,0,39.94233602562269,0,2,0,-0.05478797408136314,1.988639647521887,2.056954845143626,9.048404294761934,2,1.0376986897087268,1.179038718332019,0,0,0,0.9978772558817177,2,0,0,0,1.5557038225982736,0.03759301247078134,0,30.131886269076738,1.1654369310496748,0,0,0,1,2.7057099911832494,1.9613978645013541,2,9.003715959978715,0,0,1
4.323765144110091,1.8451259354426017,0,0,0,0,0,34.65024992715404,0,3,0,-0.09780951240507567,1.9565697806657305,1.1437268866932595,8.666411609786458,2,1.0322902281755997,1.1378788495113359,0,0,0,0.9978772558817177,1,0,0,0,1.0,0.03607207073298668,0,1.0704025021198087,0.7085368389220434,0,0,0,1,2.858856217313308,1.5607931599965785,0,7.756415376949887,0,0,1
4.2556073028591515,1.877438481475998,0,0,0,0,0,32.677245983688564,0,0,0,-0.10411907192754118,1.6787596312056676,0.9974129695141314,8.067304219066678,2,1.0437466884350584,1.114154838627113,0,0,0,0.9978772558817177,0,0,0,0,1.0362903234250318,0.017709269815700937,0,0.0,0.444,0,0,0,1,2.7057099911832494,1.5,1,7.366857763068573,0,0,1
5.031651594308997,2.0339882523458397,0,0,0,0,0,22.37078872052671,0,0,0,-0.17825663527528215,1.6787596312056676,2.2333657650702046,8.067304219066678,1,1.0437466884350584,1.1111554976336253,0,0,0,0.9978772558817177,0,0,0,0,1.0,0.02670840268281394,0,0.6782129855468704,0.444,0,0,0,1,2.7057099911832494,1.5,0,7.900869341521508,0,0,1
3.6178333555647875,1.5698383044331212,0,0,0,0,0,27.779488773766445,0,0,0,-0.12753295480727944,1.6787596312056676,1.3745304177164823,8.072500343845197,2,1.0346018533617967,1.1134736601589161,0,0,0,0.9978772558817177,0,0,0,0,1.0,0.03569324299348293,0,1.1165962799707505,0.7128669254570404,0,0,0,1,2.7057099911832494,1.5,0,8.691251826592945,0,0,1
4.567903831848634,2.850960619213223,0,0,0,0,0,31.86225059016106,0,2,0,-0.1577210942858187,2.0432944666358055,1.5490836089202455,9.445480854576903,19,1.0437466884350584,1.1564193430107625,0,0,0,0.9978772558817177,0,0,0,0,1.9700117326971365,0.017709869765599767,0,0.0,0.8310047281716263,0,0,0,1,3.2030380510628182,1.5,2,8.163831965161139,0,0,1
4.7848907731791055,2.0290864103756827,0,0,0,0,0,26.882304155582272,0,1,0,-0.14165447386400182,1.6787596312056676,1.247369307974,8.573316019164496,2,1.0437466884350584,1.130149837713102,0,0,0,0.9978772558817177,0,0,0,0,1.8899136069260445,0.024017111804614664,0,0.0,0.444,0,0,0,1,2.7057099911832494,1.5,0,8.146078427720674,0,0,1
3.7409414592825208,3.3947218064299634,0,0,0,0,0,26.882304155582272,0,2,0,-0.15997061185124659,1.6787596312056676,1.5760526586205332,9.01837195840563,2,1.0437466884350584,1.1746273189806467,0,0,0,0.9978772558817177,1,0,0,0,2.346624713236894,0.04625103944827956,0,0.6022350429214647,0.5732245164672498,0,0,0,1,2.859886882217174,1.5,0,8.577895678712116,0,0,1
4.705581902897244,1.9853426200170257,0,0,3,0,1,32.43032967000034,0,1,0,-0.19387403623948368,1.6787596312056676,1.9978307572624487,8.425075898952652,2,1.0437466884350584,1.1122330881626012,0,0,0,0.9978772558817177,0,0,0,0,1.0,-0.009314166455010368,0,9.734881164731686,0.6214290155975237,0,0,0,2,2.7057099911832494,1.5,1,8.580288972785182,0,0,1
4.387582597785374,2.3892360220325783,0,0,0,0,0,18.81596291641157,0,0,0,-1.4279672501867333,1.6787596312056676,2.435056320424124,9.015254308684911,2,1.062860285893403,1.1516183907504083,0,0,0,0.9978772558817177,0,0,0,0,2.0816193265426706,0.04706174987172584,0,2.1921002168697328,1.159424992235158,0,0,0,1,3.3773181671313193,1.7067937430062565,1,8.674022082354869,0,0,2
4.0550078999484755,1.7608496237001334,0,0,0,0,0,16.718512140213182,0,0,0,-0.1426249458931421,1.6909674637654155,0.9465012954911545,8.750826414313169,1,1.0369033278198334,1.1517549608891766,0,0,0,0.9978772558817177,0,0,0,0,1.0732204274949413,0.01968510637821904,0,24.076322416619735,0.8011131217434561,0,0,1,1,2.8801030351343746,1.5,0,7.070122717186363,0,0,1
3.050298495183208,2.5590506950233998,0,0,0,0,0,21.110436998616642,0,3,0,-0.03385498419600782,1.6787596312056676,1.176766956353637,9.448369420663521,1,1.107149586037566,1.1383098566859766,0,0,0,0.9978772558817177,0,0,0,0,1.0,0.0004467608032865452,0,1.6917758306437676,1.3052375168557888,0,0,0,1,2.7057099911832494,1.9046343653651236,0,8.001398297938179,0,0,1
5.359575495510051,1.8565498741665953,0,0,0,0,1,13.648047846193322,0,3,5,-0.10737891869353075,1.6787596312056676,1.2499867449678406,8.238356392005933,2,1.067578288785393,1.1304959186667431,0,0,0,0.9978772558817177,0,0,0,0,1.1118646425287873,0.0206414530772369,0,23.073782700850934,0.8806275430387813,0,0,0,1,3.090110407502666,1.6072749529581214,0,8.31309861505051,0,0,2
5.448566827744913,2.539059299940967,0,0,3,0,0,30.895155078781947,0,2,0,-0.1334257817489224,1.6787596312056676,1.0814520305341766,8.840225610995004,17,1.0437466884350584,1.116892200125084,0,0,0,0.9213368401012894,0,0,0,0,1.0,0.014698821215019092,0,0.0,0.4669485417187049,0,0,0,1,3.309625237776272,1.5,1,7.5648272999253185,0,0,1
4.390868772761018,2.5450303050786074,0,0,0,0,0,24.207928285554136,0,0,0,-0.1686434793785549,1.6787596312056676,1.7173723764173887,8.388432073125696,2,1.0437466884350584,1.0925665568819412,0,0,0,0.9978772558817177,0,0,0,0,1.0,0.05055195528343344,0,0.0,1.0761103630168343,0,0,0,1,3.016119425287542,1.5,1,8.314310522689466,0,0,1
3.567735994541319,1.8781299136749836,0,0,0,0,0,21.81396513240972,0,3,0,-0.07330127896600927,1.6787596312056676,2.022311449074617,8.158788428868318,2,1.065280220283754,1.1296778699955328,0,0,0,0.9978772558817177,0,0,0,0,1.1645682174420475,0.05121578422279415,0,1.2755640101138468,0.44591489799435813,0,0,0,1,2.7057099911832494,1.5,0,8.593093165442452,0,0,1
4.871841324528654,2.8764575871388107,0,0,0,0,0,27.378269354188795,0,2,0,-0.13147822745764678,1.9897860652869512,1.380830634862925,8.92227791196258,2,1.0363904474735235,1.1129155491749014,0,0,0,0.9978772558817177,0,0,0,0,1.2868363240995255,0.020553396368257766,0,0.8012442109921417,0.8480029266563912,0,0,0,1,3.1347174889163565,1.6454728830866026,0,7.361688642488351,0,0,1
4.712319639607307,1.9442493882527319,0,0,0,0,0,22.37078872052671,0,4,0,-0.17819016443060015,1.6787596312056676,2.0542117805785773,8.067304219066678,2,1.0437466884350584,1.101771519677639,0,0,0,0.9978772558817177,0,0,0,0,1.0,0.0017137563650401766,0,0.0,1.0519965863962568,0,0,0,1,3.25886124094353,1.5,0,8.18987200971778,0,0,1
4.054826355588426,1.6702663907021815,0,0,0,0,2,29.190410562780045,0,0,0,-0.10547566678262447,1.612026979389789,2.5001387927829497,8.462637316635625,2,1.0798596763974246,1.1377256181220865,0,0,0,0.9978772558817177,0,0,0,0,1.42717263408044,0.03740120036380367,0,2.0704443986255257,1.9369671475718095,0,0,0,0,3.041543767924521,1.9105808802124804,0,8.672465901691128,0,0,1
4.860541114243636,1.5779939916845624,0,0,0,0,1,8.302125878359412,0,0,0,-0.19387403623948368,1.6787596312056676,1.6603811511187132,8.067304219066678,2,1.0437466884350584,1.1584092272120208,0,0,0,0.9978772558817177,0,0,0,0,1.8899136069260445,0.04260100988331474,0,12.457809950862098,1.3151289502180277,0,0,0,1,2.7057099911832494,1.5,0,8.16952851682473,0,0,1
3.569520259280175,1.5164999801222447,0,0,0,0,1,31.763294729155643,0,0,0,-0.1452435885425257,1.6787596312056676,1.945625200915552,9.39769221053654,2,1.0287176676925283,1.1497412153142907,0,0,0,0.9978772558817177,0,0,0,0,1.946764600732868,0.0189094070935303,0,12.142111687733161,1.2051097319368627,0,0,0,1,3.005740399606461,1.5,1,8.407187951783545,0,0,1
5.792396633727383,3.1131903097037013,0,0,0,0,0,26.882304155582272,0,0,0,-0.19127394600361058,1.8154882799193004,0.8906957984795176,8.067304219066678,0,1.0394257837676486,1.1055391802553476,0,0,0,0.9978772558817177,0,0,0,0,2.0950569308191964,-0.004233737786445592,0,0.12209194295376832,1.4389871075609957,0,0,0,1,3.4704580007934656,1.6352617447801459,0,7.822087822591384,0,0,1
5.031363727575112,2.917919507694635,0,0,0,0,1,39.90455500081404,0,0,0,-0.13833194504541277,1.6787596312056676,1.085973604373586,9.32899063218329,2,1.017141065232606,1.1413707659443129,0,0,0,0.9978772558817177,0,0,0,0,2.1736641189877473,0.04678514484571345,0,0.0,1.0119792546297897,0,0,0,1,2.962263075147121,2.0595650753984076,1,8.366715423705752,0,0,1
5.277231473681382,3.0926392418770594,0,0,0,0,0,31.441594332944085,0,3,0,-0.11723996984365803,1.8160750481498509,1.396892447889475,9.092432735891641,2,1.0402148410489227,1.1014655175178554,0,0,0,0.9978772558817177,0,0,0,0,1.0,0.002327821881965662,0,24.76497485705496,0.444,0,1,0,1,3.1283383634588837,1.71135035073558,0,9.200151544241109,0,0,1
4.788293175868148,3.4123937263804036,0,0,0,0,0,20.665090141183374,0,2,0,-0.19387403623948368,1.6787596312056676,1.0591982500859998,9.33937464629684,1,1.0437466884350584,1.1354757196214849,0,0,0,0.9978772558817177,0,0,0,0,1.996494407010922,0.05121578422279415,0,1.3934680409290365,0.6838050840514575,0,0,0,1,3.5274818600036184,2.027983262385522,0,8.801654300289378,1,0,1
3.8879139452690605,1.6067582017464779,8,0,0,0,0,17.12243148925495,1,0,0,-0.12518113985562315,1.6787596312056676,1.9624500854734732,8.067304219066678,1,1.0437466884350584,1.138597944371874,0,0,0,0.9978772558817177,0,0,0,0,2.023252303958488,0.03701801361331623,0,24.870716804102365,1.20945823736468,0,0,0,1,3.256714983630528,1.5,1,9.167936381694764,0,0,1
3.217203040868263,2.23683407196286,0,0,0,0,0,36.117484647742764,0,1,0,-0.12153374226910628,1.9972269332814534,1.967730176288753,8.867256222499217,1,1.018074877131199,1.1316542125267588,0,0,0,0.9978772558817177,0,0,0,0,2.133094347168643,0.015491451898284986,0,2.2271199057804885,1.3828167651056027,0,0,0,1,3.047481401839816,1.5,2,8.808322844424122,0,0,1
4.023167620455519,3.6442815852822203,0,0,0,0,1,8.302125878359412,0,0,0,-0.16826878050928626,1.6787596312056676,1.3014544661606378,8.935222771804744,2,1.0437466884350584,1.1045989316615916,0,0,0,0.9978772558817177,0,0,0,0,1.0,0.03833067899404499,0,1.104326626314807,0.444,0,0,0,1,2.7057099911832494,1.5,1,8.5331418811128,0,0,1
5.554957427724657,1.305021141473409,0,0,0,0,2,33.42816502148336,0,2,0,-0.041021429718713774,1.9250734240109513,1.4717946029575157,9.499865837386542,1,1.0437466884350584,1.1251222118615747,0,0,0,1.0327399912153468,0,0,0,0,1.0,0.01796381730871413,0,24.648948158855493,1.310493183249866,0,0,0,1,3.2218440846560523,1.9030337318150916,1,7.252837324247183,0,0,1
4.575182785239741,3.063393088059745,0,0,1,0,0,43.254197929729216,0,1,0,0.024975530929866662,2.1264756429903677,0.6330506438954877,9.536096885183449,2,1.0992227300205886,1.1616558343853378,0,0,0,0.9978772558817177,0,0,0,0,1.0705317731701904,0.05121578422279415,0,2.004757496917999,1.520224823644687,0,0,0,1,2.7461507837915766,1.7570165568908025,0,8.111506411570081,0,0,1
3.58139070448583,2.4716793427288346,0,0,0,0,1,25.068956794950555,1,3,0,-0.09639921804397156,1.701277088042182,0.8720785605828608,9.299307076288562,1,1.0437466884350584,1.1390949864887439,0,0,0,0.9978772558817177,1,0,0,0,1.9941792401652638,0.02143618983462681,0,0.6461964778888674,0.8850698506426177,0,0,0,1,3.0710575402734235,1.8860639035046436,0,8.688284949675241,0,0,1
4.646957557555026,1.7991116833755112,0,0,0,0,0,32.119217047805094,0,2,0,-0.11693146543302282,1.6787596312056676,0.6102154998890865,9.443005695180144,2,1.0437466884350584,1.1334200849360643,0,0,0,0.9978772558817177,0,0,0,0,1.0,0.03584151811118765,0,1.1708167184270417,0.7503319902788017,0,0,0,1,3.146937522552159,1.5,1,8.211013924997847,0,0,1
4.865394141141641,3.127546124081258,0,0,0,0,0,12.927885005544105,0,2,0,-0.12166457651484992,1.6787596312056676,1.8147617256798814,8.796642763937335,1,1.0437466884350584,1.1456246980113276,0,0,0,0.9978772558817177,0,0,0,0,2.0744164281034907,0.026832304835878673,0,1.1313578268760316,1.1715073894922088,0,0,0,1,2.8162524926741948,1.923500040816781,0,7.931616526603174,0,0,1
4.674253808715639,2.6893556032243535,0,0,0,0,0,29.29926108357291,1,0,0,-0.03075972820096531,1.6787596312056676,1.2334217607357647,8.300605406088039,1,1.0437466884350584,1.1302265614686884,0,0,0,0.9978772558817177,0,0,0,0,1.0,0.010948604704058161,0,0.37670218701493,1.5229417399388305,0,0,0,1,2.789398068864719,1.7323008640731952,1,7.910405584072952,0,0,1
5.25517532239573,3.0675098284865077,0,0,0,0,2,12.090800135255847,0,0,0,-0.07130886952226721,1.6955574537291151,1.8360372824884026,8.41727749976416,1,1.0360177766423713,1.1423929980486396,0,0,0,0.9978772558817177,1,0,0,0,1.9182774609820923,0.017177595465252934,0,25.68038731095112,1.2239737581653616,0,0,0,1,2.7057099911832494,1.5,3,7.918485564369657,0,0,1
5.224517704346528,3.4083928077644043,0,0,0,0,0,32.242330879779,0,2,0,-0.1400538416441132,2.6927016119523315,0.7032511588057899,9.102323063457828,6,1.0243628021594995,1.1221285174671263,0,0,0,0.9978772558817177,0,0,0,0,1.8899136069260445,0.010145314754686094,0,0.0,0.444,0,0,0,1,2.882816710980129,1.7917102199547714,1,6.486165499212503,0,0,1
3.4040832254425277,3.6191072810328437,0,0,0,0,0,24.516226462614,0,3,0,-0.12762116802111592,2.096281485943443,1.2058727663791788,9.05862265701603,2,1.024858872514331,1.137179310610887,0,0,0,0.9978772558817177,0,0,0,0,2.0736747875961425,0.027912561499808905,0,0.6944372953924929,0.6662968896005863,0,0,0,1,3.465499184765272,2.1194541229797923,0,9.270349513824039,0,0,1
4.6418655522395,3.4923533163504348,0,0,0,0,0,28.559410772187636,0,1,0,-0.13650082989318427,1.7107318707560903,0.9128306033526635,9.682322747936897,1,1.0437466884350584,1.1111445600672456,0,0,0,1.060154706722882,1,0,0,0,2.019472363582765,0.016205009497358917,0,0.5293369931013702,0.8874341777918732,0,0,0,1,3.0430175978189444,1.5420063113333857,0,7.680225817389837,0,0,1
4.3739913558579,2.4481994043809534,0,0,0,0,0,20.924168227055087,0,2,0,-0.020981097673739825,1.6787596312056676,2.394941713590353,8.751650964517577,8,1.0437466884350584,1.1574896847063991,0,0,0,0.9978772558817177,1,0,0,0,1.1721521082287727,0.05031329396378303,0,14.247456420195398,1.6683267190593538,0,0,0,0,2.9428185014649975,2.3557732886850493,1,9.70676416321208,0,0,1
4.856348934111459,2.3474634045508895,0,0,0,0,0,39.68379119658117,2,0,0,-0.04939160557947096,1.9403828318804224,0.5812698751130336,10.299327824073348,18,1.0437466884350584,1.1448271210991208,0,0,0,0.9978772558817177,0,0,0,0,1.1282565431212803,0.026081151938847556,0,0.5459343738263176,3.722604422307624,0,0,0,2,3.0562417248096008,1.5,0,7.374144253698237,0,0,1
4.563491613653352,2.1251220410304974,0,0,0,0,3,37.22828315128553,0,0,0,-0.018829544567424677,1.9223492003346032,2.0470729837678867,9.229087095900619,2,1.011776828920812,1.1509869969366537,0,0,0,0.9978772558817177,0,0,0,0,2.1280137134526935,0.03906589572188843,0,1.3226429857982056,2.304254568930771,0,0,0,2,2.8283655097067317,1.510063350684608,1,8.188874767886253,0,0,1
4.47367533427595,1.6741698305209245,0,0,0,0,0,26.882304155582272,0,2,0,-0.16252165507958316,1.6787596312056676,1.3643346191536536,9.037007446831428,1,1.041435700251816,1.0795935135604655,0,0,0,0.9978772558817177,0,0,0,0,1.8899136069260445,0.03072144255817897,0,0.12014618037816328,1.0843525735951125,0,0,0,1,2.9649682044529357,1.5,1,8.282229268075701,0,0,1
4.603225571765147,2.925257925615589,0,0,0,0,0,32.73725184482704,0,0,0,-0.05274689766090137,1.6787596312056676,1.223476442825628,9.9054084016733,2,1.0437466884350584,1.1495656997212456,0,0,0,0.9978772558817177,0,0,0,0,1.1317193365117448,0.03350744740191706,0,2.3540309110674875,1.7363882407793634,0,0,0,1,2.9179386869775756,1.6310276158014712,1,9.020321591821904,0,0,1
4.0185508377096335,3.847871396465322,0,0,0,0,0,10.040570883487643,0,2,0,-0.19387403623948368,1.6787596312056676,2.0411348893307912,8.375189731462301,2,1.004677377623242,1.1276831620664522,0,0,0,0.9978772558817177,0,0,0,0,1.0,0.004106444835454711,0,9.557663093622484,1.654455996734236,0,0,0,1,2.775847021779882,1.5,2,8.104373790974151,0,0,1
4.9541490724518775,3.1851157747087377,0,0,0,0,0,22.045078948464898,0,0,0,-0.0398750264535709,2.033736632876956,1.8571611559531298,9.658714371830465,1,1.0021317227164788,1.1389043622234962,0,0,0,0.9978772558817177,0,0,0,0,1.682800984093124,0.006127798690622762,0,1.3097180067944332,1.6431864398548797,0,0,0,1,3.1646771157264264,2.079874612078706,1,7.424869201316276,0,0,1
4.897817712128398,1.7791722392994058,0,0,0,0,0,39.563320400117014,0,1,0,-0.1909183062556082,1.8805280530211994,2.390097951720545,8.105284952841707,2,1.0294864338472598,1.1515577404125892,0,0,0,0.9978772558817177,1,0,0,0,1.0,0.035976019379131724,0,0.0,1.212889762482714,0,0,0,1,3.2929401804723044,1.5,1,8.501489881040145,0,0,1
3.3045717192648123,1.8809511445322253,0,0,0,0,1,15.502409723283504,0,1,0,-0.06526938523359976,1.6787596312056676,0.6547206942521937,9.389919146338316,2,1.0437466884350584,1.1318776445255438,0,0,0,0.9978772558817177,1,0,0,0,1.90212188994076,0.04588404509558243,0,2.133832994952508,1.9497039816355717,0,0,0,1,2.7057099911832494,1.8374350093398388,0,8.942786170446066,0,0,1
4.1722286369905435,3.277435749537099,0,0,0,0,0,34.30215215386329,0,2,0,-0.1257623681996886,1.893656515091599,0.8061191053984774,9.014484074687932,2,1.0437466884350584,1.140100856697463,0,0,0,0.9978772558817177,0,0,0,0,2.3780260320080244,0.03812617732175925,0,0.8891014854708633,0.9105439112897499,0,0,0,1,3.088934212355778,1.5,0,7.619024574111042,0,0,1
4.688676073132657,2.4924632481119513,0,0,0,0,0,30.89632785446767,0,1,0,-0.0696926330067195,1.6787596312056676,1.680282886986315,8.067304219066678,2,1.0932934475659501,1.1699165307057522,0,0,0,0.9978772558817177,1,0,0,0,1.5492439864179515,0.05121578422279415,0,1.2707562983885756,0.789730733898147,0,0,0,1,2.8720357588578476,1.7974095730118524,0,9.470610237450357,0,0,1
3.4409183313787057,2.459360636298975,0,0,0,0,0,17.788792286187956,0,0,0,-0.11107767802074094,1.6787596312056676,1.6077319312502625,9.910077866697517,8,1.0437466884350584,1.1423271976719984,0,0,0,0.9978772558817177,0,0,0,0,1.8899136069260445,1.073,0,14.195001469350643,1.456800319181921,0,0,0,1,3.287134719096,1.5,0,8.361143060974916,0,0,1
5.137183566967405,2.0087737194875315,0,0,0,0,0,23.636064711564096,0,2,0,-0.09356047997124031,1.6787596312056676,1.2653990887686801,8.894470025471534,1,1.0119851977520928,1.1360737133763004,0,0,0,0.9978772558817177,4,0,0,0,1.2679926732287234,0.01587624007753884,0,1.2180651621482212,1.3572686172066375,0,0,0,1,2.7484254782677224,2.097759434922554,0,7.3394155620294255,0,0,1
3.924068146559772,2.5714975279961263,0,0,0,0,0,33.02961599908065,0,0,0,-0.07983900668765785,2.3175407172385203,1.384718743800418,8.443310302420832,15,1.1024835134136672,1.1355163640210755,0,0,0,0.9978772558817177,1,0,0,0,1.8899136069260445,0.022462422885010786,0,22.114444926557827,0.852606491056973,0,0,0,1,2.7920881371351163,1.5,0,7.969087841407809,0,0,1
4.38171174956184,4.229358747798733,0,0,0,0,0,32.0778721742929,0,2,0,-0.03529666852677444,2.273480067830528,1.441204554671985,10.000897677380882,1,1.031669401652959,1.126851853582247,0,0,0,0.9978772558817177,1,0,0,0,1.2136750517641661,0.02493885514332185,0,0.5233690650237697,1.2783438856654343,0,0,0,1,3.2157227300150697,1.5,0,8.971829039117232,0,0,1
4.054353551717135,2.7618197197687318,0,0,0,0,0,30.004419432414856,0,1,4,-0.1321373275708979,1.9880468529144393,2.1085127157399186,8.231854415073867,2,1.0437466884350584,1.1166644218056567,0,0,0,0.9978772558817177,0,0,0,0,1.0,0.02472136393077861,0,0.05885798227780339,1.6009503176378084,0,0,0,1,3.039539036531632,2.1374368468383045,0,8.229422650969044,0,0,1
3.841138039372084,2.8757662421284436,0,0,0,0,0,35.976219113212906,0,0,0,-0.11607410439426141,1.9888781916073983,2.448355418197286,8.977563512813415,15,1.033801753548226,1.1123976056562115,0,0,0,0.9978772558817177,0,0,0,0,1.902734807112968,0.002334705291514549,0,24.858237003804504,0.7652673337573944,0,0,0,1,3.5443782798145462,1.5,0,8.130949313113621,0,0,1
3.5278990168104176,2.032521266132185,0,0,0,0,0,27.944919183021582,0,0,0,-0.1844865150031609,1.6787596312056676,1.6915402828085404,9.013583456646735,2,1.0437466884350584,1.131081125995971,0,0,0,0.9978772558817177,0,0,0,0,1.8899136069260445,0.012794322445158808,0,0.0,0.509432022957486,0,0,0,1,2.7057099911832494,1.5,0,8.607468837902763,0,0,1
4.740473482457105,2.9492304465837726,0,0,0,0,3,18.099487829577672,0,3,0,-0.05216079801272982,1.9294499797928775,1.7371340781425468,9.51118114813993,2,1.0185938210569832,1.1446616237266822,0,0,0,0.9978772558817177,2,0,0,0,2.1665693149877936,0.013666276191741171,0,15.475023128444422,0.8995519795763486,0,0,1,1,3.1408578491496515,1.8555130297386608,1,8.447927788966597,0,0,1
4.867416576546573,3.3641082150698196,0,0,0,0,0,18.264398958600324,0,0,0,-0.19387403623948368,1.6787596312056676,2.3724017388942586,10.1114384126566,2,1.0437466884350584,1.1590785828179078,0,0,0,0.9978772558817177,0,0,0,0,1.2794363094186143,0.03149627472777955,0,0.8871080862271111,0.5050052677300376,0,0,0,1,2.9171007674674456,1.5,0,8.589543503074404,0,0,1
3.823047003407029,2.9251021795291052,0,0,0,0,0,26.882304155582272,0,0,0,-0.039619683171966076,1.6787596312056676,1.8967501895739376,8.067304219066678,2,1.0222488372684306,1.1576072096327303,0,0,0,0.9978772558817177,0,0,0,0,1.9286451880613922,0.037000036989524705,0,24.43060531108118,1.46626513713715,0,0,0,1,2.7057099911832494,1.611487475982055,2,8.193043563684963,0,0,1
4.375652448247867,2.271424874030036,0,0,0,0,1,13.384783996566277,0,0,0,-0.05811971576823798,3.023409916770703,0.8371665302066372,10.029448765497158,1,1.107149586037566,1.1541963649311826,0,0,0,1.0103898865174166,0,0,0,0,2.2312975051249637,0.03882902487771734,0,0.6929337909098838,0.7326202731612363,0,0,0,1,3.1391007881169606,1.8678722132248324,1,7.850934369007529,0,0,1
4.776197421945601,3.122061446773495,0,0,0,0,0,41.32360861846571,1,2,0,-0.05500527109596897,1.9546500783051495,2.3364971426243173,9.443034990727204,2,1.0367366671874008,1.159602288326773,0,0,0,0.9978772558817177,0,0,0,0,1.9025069626644833,0.04819557393730009,0,1.3991485759652342,0.92000481827974,0,0,0,1,3.034734088105352,1.8551563643507634,1,8.983548780995287,0,0,1
4.9075657351446145,2.822487041381034,0,0,0,0,0,34.664101452195666,0,2,0,-0.07426463405439876,1.9028001358783857,2.379861240670965,9.080899845978644,2,1.0379734204748217,1.1781216841648652,0,0,0,0.9978772558817177,0,0,0,0,1.0,0.05078636383322808,0,36.9092460107332,0.444,0,0,0,1,2.7057099911832494,1.7178670967997762,1,8.94069808842148,0,0,2
3.8602593826326257,1.7336184053614228,0,0,0,0,0,28.17827220351441,0,1,0,-0.19387403623948368,1.6787596312056676,2.1854893534702016,8.712056586746915,1,1.0437466884350584,1.143123494877589,0,0,1,0.9978772558817177,0,0,0,0,1.0,0.010363832444009364,0,0.8694784291281271,0.45561287199227163,0,0,0,1,2.7057099911832494,1.5,0,8.560787579973058,0,0,1
2.0,3.4612303794739425,0,0,0,0,0,23.277793880457843,0,3,0,0.04687565030058731,1.6972193275981138,1.3273812564822012,10.66823986654634,1,1.0437466884350584,1.1221670420275047,0,0,0,0.9978772558817177,0,0,0,0,1.0,0.020940526539434397,0,0.056526597334224306,3.193642939632916,0,0,0,1,3.0629015712327714,1.9492252270471817,0,8.872281940611664,0,0,1
4.653428521570485,5.254439734268699,0,0,0,0,0,32.08610009523316,0,0,3,-0.10438902048440032,2.1857646454985646,2.611223547124453,9.81228301257643,24,1.0388629417301565,1.171226273067381,0,0,0,0.9213368401012894,0,0,0,0,2.0234124583182536,-0.0010630138983052711,0,13.035734498514797,1.4215093088575066,0,0,0,1,2.99031090671539,1.5,0,8.557888820835263,0,0,1
4.6681636623301275,2.3084997527692,0,0,0,0,0,29.68437829968119,0,0,0,-0.1578058872223041,2.8009625099406454,1.8288340521675415,10.308784824292006,1,1.0333716732562135,1.1501197512072578,0,0,0,1.0377734328105972,0,0,0,0,2.0590176888250085,0.020865339068259083,0,24.931968456254673,1.4690580618590334,0,0,0,2,2.986868563632296,2.5145920899695438,2,8.615409391786415,0,0,1
5.192044165506715,2.7896130648450135,0,0,0,0,2,13.753850482204449,0,3,0,-0.07423221627411812,1.6787596312056676,2.139292733851401,8.973579318413103,2,1.06403454334011,1.1375482501229748,0,0,0,0.9978772558817177,0,0,0,0,1.8899136069260445,-0.004036915160390971,0,1.592321583649069,1.2180199120508828,0,0,0,1,2.9447181044400317,1.5185856994991145,0,8.323190559336682,0,0,1
4.940449781752626,2.9271625764059985,0,0,0,0,0,19.538036862046848,0,0,0,-0.15705609793686467,1.6787596312056676,1.1480975776316167,9.78055920414024,1,1.0325436692699799,1.1291868182865377,0,0,0,0.9978772558817177,0,0,0,0,1.9384527162580412,0.021442111215138705,0,1.275846002410264,1.4436737170772616,0,0,0,0,3.1723520281239233,1.9647957292060405,0,8.43817148929894,0,0,1
4.839280215132815,2.2248901945497597,0,0,0,0,1,26.882304155582272,0,0,0,-0.11401916260702952,1.6787596312056676,1.3269927939495676,8.658498668780915,2,1.0437466884350584,1.0934901399689856,0,0,0,0.9978772558817177,0,0,0,0,1.0,0.002469899470344379,0,10.346833868324117,0.444,0,0,0,1,2.8384230540008657,1.5,2,6.389800744999065,0,0,1
4.429269154985267,2.0537180882803314,0,0,0,0,1,8.302125878359412,0,0,0,-0.1105038314873895,1.6787596312056676,1.628830016685073,8.451098643052394,1,1.0437466884350584,1.0893318595872004,0,0,0,1.0633178408476665,0,0,0,0,1.8899136069260445,0.016312113053256395,0,0.6873624243305735,1.400728650455739,0,0,0,1,3.1698251210705486,1.5,0,7.731900313603141,0,0,1
4.258200881116215,2.8564175456688194,0,0,0,0,0,29.8527109209543,0,0,0,-0.08448018486007806,1.6787596312056676,1.6378531014295914,8.790914415765211,1,1.0344366630010482,1.1292767325731456,0,0,0,0.9978772558817177,0,0,0,0,2.024079215445754,0.014559146941567137,0,0.07626407868418564,1.24110988488229,0,0,0,1,3.160221977777521,1.5,0,7.922400355919135,0,0,1
4.983888437644327,3.4144402670367895,0,0,0,0,0,30.575316107996517,0,0,0,-0.14220190249754375,1.6787596312056676,1.8362360876563906,9.31998111987434,2,1.0435015111627897,1.1179799044033942,0,0,0,0.9978772558817177,0,0,0,0,1.0,0.040953713072296075,0,0.0,0.444,0,0,0,1,3.183234164107164,1.8291516681742195,0,8.25602314500339,0,0,1
5.327003185461449,3.309425467353395,0,0,0,0,2,8.302125878359412,1,0,0,-0.7170051182875845,1.7480420740827618,2.257054640044222,8.135027351294479,1,1.0380869722771513,1.107305538584294,0,0,0,0.9978772558817177,1,0,0,0,1.8929181349021726,0.03200741329314883,0,0.7205556651823658,1.212641076934783,0,0,0,1,2.8283553494844265,1.9452316200541262,1,7.964587443508752,0,0,1
3.886810041358317,2.9518213751544176,0,0,0,0,0,38.53584605875659,1,2,0,-0.049961663320739876,1.9335249154111025,2.4928567158431636,9.542812166388432,1,1.0360373756738122,1.1616289614922226,0,0,0,0.9978772558817177,0,0,0,0,1.9695908642060358,0.024301963016996914,0,1.702476017320097,2.2189091652944324,0,0,0,1,2.9348055524947974,1.891602935844099,0,8.628707434494348,0,0,1
4.826177334566661,3.0999016787865883,0,0,0,0,0,37.71791397968198,0,0,0,-0.10459587240958713,1.6787596312056676,2.1215121266657437,8.738329788914236,19,1.0437466884350584,1.1285933853190868,0,0,0,0.9978772558817177,0,0,0,0,1.8899136069260445,0.04111390594476194,0,11.233403580391517,0.8457302670432584,0,0,0,1,2.9555906778611027,1.6256197759987228,0,9.035934452111045,0,0,1
3.7527120686855824,3.0652167971964994,0,0,0,0,0,31.73948626087495,0,3,4,-0.07709171784874848,1.6787596312056676,2.326997255223027,10.093567327408062,2,1.0437466884350584,1.1498926463180676,0,0,0,0.9978772558817177,0,0,0,0,1.3435379302663164,0.014167256230438066,0,2.3187993871107055,1.9776372500831494,0,0,0,0,3.4017677260871126,1.5,0,9.39421572337533,0,0,1
4.093905397694017,1.1223098162206089,0,0,0,0,0,36.70093925693639,1,2,0,-0.03706283871563078,2.1030041102514225,0.6758334309506672,10.201999451246424,1,1.1673499745353688,1.1220385908847414,0,0,0,0.9978772558817177,0,0,0,0,1.9826874333309663,0.0113147131932328,0,0.0,1.231990245822023,0,0,0,2,2.850577907242896,1.8891393061699944,1,7.538574870944236,0,0,2
4.503932823720723,1.9796564808847297,0,0,0,0,0,26.882304155582272,0,0,0,-0.12233834812084617,1.6787596312056676,1.5964559921608112,8.067304219066678,2,1.0437466884350584,1.1316112247176298,0,0,0,0.9978772558817177,1,0,0,0,1.8899136069260445,0.03279439444820074,0,1.493066167964897,0.7456723763335115,0,0,0,1,2.7057099911832494,1.5,1,9.901559846120252,0,0,1
3.671458958263651,2.5944243566906438,0,0,0,0,0,32.061724042513916,0,2,0,-0.07664348877447384,1.6787596312056676,2.504959472404789,9.262145863439475,1,1.041069805754795,1.1699857805207008,0,0,0,0.9978772558817177,0,0,0,0,1.9545860978250456,0.05057436278720695,0,26.321813233753836,2.2455246290553634,0,0,0,1,3.0291419615144557,1.5486553060507817,1,8.616345483304995,0,0,1
4.4827076958438425,3.0420401814969167,0,0,0,0,0,37.305744596991325,0,0,0,-0.13501019932062802,2.1190652081991956,2.283095245065884,9.57739606262193,1,1.0375781653064906,1.1445165827991164,0,0,0,1.0645831934474672,0,0,0,0,1.9597075016520678,0.014181378488603506,0,0.6704729839010807,0.9369999062892272,0,0,0,0,3.6092025525799234,2.576044983299475,0,8.062256233956731,0,2,1
3.7372125490034565,1.9360849532831574,0,0,0,0,4,33.38580011790455,0,3,0,-0.05425033412037487,1.544,1.3399584002622675,9.857930189846215,2,1.0316344732315015,1.151588911152611,0,0,0,0.9978772558817177,0,0,0,0,2.0113243642254752,0.01762222552217608,0,11.54219395186866,0.4869098643385219,0,0,0,1,2.7562152609432844,1.8818957237647451,0,8.852631988147158,0,0,1
3.36116334713114,0.8039,0,0,0,0,0,9.243783698253836,0,3,0,-0.056818639960661964,1.6787596312056676,1.9810770606973984,8.097082702592441,2,1.0437466884350584,1.1105821285364281,0,0,0,0.9978772558817177,0,0,0,0,1.0738091065033675,0.042818985430411724,0,1.487517977398048,0.8962994592610556,0,0,0,1,2.7057099911832494,1.5,1,7.8118990428461945,0,0,1
3.4233912793279826,3.550728856309084,0,0,0,0,0,37.91019870841926,0,2,0,0.04333196657879776,2.097394557756343,1.0766704494828663,9.406441583416864,2,1.033956658893705,1.1567350342426659,0,0,0,0.9978772558817177,0,0,0,0,1.8899136069260445,0.023746731258802643,0,1.6929180619909516,0.5101363321438761,0,0,0,2,3.013854950799715,2.037051662961252,0,8.860268331941075,0,0,1
4.878540587630697,2.429936493487262,0,0,0,0,0,17.70641635105105,0,0,0,-0.11877947468247041,1.8397745788147375,0.5936246527110156,9.01227408399826,1,1.0048316683469516,1.133672302530629,0,0,0,1.0070609649494162,0,0,0,0,2.1908432587805824,-0.004978661320871567,0,0.5470192943553566,1.3956064295500428,0,0,0,0,2.924310640513421,2.3902917245401905,0,8.12808374193241,0,0,1
5.065275787613762,3.6870303823266215,0,0,0,0,0,22.200974335283835,0,3,0,-0.03408498057374135,1.6787596312056676,1.3649139625253635,8.067304219066678,2,1.0817183212899226,1.1628105402430997,0,0,0,0.9978772558817177,1,0,0,0,1.0444874789017473,0.03366304065849189,0,1.783447761417889,1.6410806328445064,0,0,0,0,3.084511348054196,1.9724040254006492,0,8.41401347202413,0,0,1
2.295725366044664,3.025702489821413,0,0,0,0,3,39.21308345769142,0,1,0,-0.028557904503044455,1.6787596312056676,1.1025982144636748,8.99244929694735,2,1.0275735036453477,1.1212753778312092,0,0,0,0.9978772558817177,0,0,0,0,1.3039441337532403,0.03296142737446108,0,1.69135562122326,0.6122264000349983,0,0,0,1,2.8133760142074995,1.5,0,7.705973135845437,0,0,1
3.394963589686445,2.3020150020269106,0,0,0,0,0,20.886654306606356,0,0,0,-0.19387403623948368,1.6787596312056676,1.4425814586297276,9.019603754433776,1,1.0437466884350584,1.1446550057612759,0,0,0,0.9978772558817177,0,0,0,0,1.8899136069260445,0.009712413405811183,0,0.5977808440378533,1.2716458476106172,0,0,0,1,2.7057099911832494,1.5,1,7.990400397969525,0,0,1
4.064043515923347,1.5465955561803226,0,0,0,0,0,31.4843818824716,0,0,0,-0.19387403623948368,1.7831797685380175,1.3360541583087973,9.533255279984502,2,1.0416981179229647,1.1648440801269788,0,0,0,0.9978772558817177,0,0,0,0,1.94613337114833,0.02794084663774752,0,0.7406282942193159,1.5783033588220439,0,0,0,1,2.737574121781466,1.5,1,8.388079334506838,0,0,1
4.436713391439071,2.036059381666372,0,0,1,0,0,29.607203155459587,0,3,0,-0.13737055920761937,1.6787596312056676,0.8601061253886633,8.3494391970595,2,1.0437466884350584,1.112843424039839,0,0,0,0.9978772558817177,1,0,0,0,1.8899136069260445,0.05121578422279415,0,18.29135271870231,0.444,0,0,0,1,2.7986112389192583,1.5,0,7.854964462886431,0,0,1
3.9398394389646176,2.8431967746785807,0,0,0,0,0,26.882304155582272,0,0,0,-0.10986569064948856,1.8939245884239064,1.757404865760691,8.32091614717067,1,1.04140461450764,1.1340615920262385,0,0,0,0.9978772558817177,0,0,0,0,1.973752000243484,0.024509740978183307,0,0.0,1.013749724959866,0,0,0,1,3.0749560773380313,1.5,0,8.72829559789371,0,0,1
4.213190159549313,1.7590245927715582,0,0,0,0,0,32.53066283048657,0,0,0,-0.06132736011930316,1.9641651247880294,1.979390939712721,8.415996668270976,2,1.0353791105937475,1.1346129999202383,0,0,0,0.9978772558817177,0,0,0,0,1.0367545589416207,0.024626645278131208,0,0.0,0.444,0,0,0,1,2.7057099911832494,1.5,1,7.889845883897481,0,0,1
5.0618618422391375,1.3335039564065638,0,0,0,0,0,29.738064728497832,0,2,0,-0.144640076573294,1.8825155521218733,0.8062715739187842,8.71303100944959,2,1.0330815201321033,1.1446534158227526,0,0,0,0.9978772558817177,0,0,0,0,1.1658494275815845,0.007659805910600929,0,0.0,1.5162807714875266,0,0,0,1,2.9739245599472017,1.5,1,7.253786872842447,0,0,1
4.843788166850807,2.956995493180174,0,0,0,0,0,33.32823879352625,0,0,5,-0.11898101769230754,1.6787596312056676,1.6607245510345903,9.428576192334983,1,1.0437466884350584,1.1516800247503716,0,0,0,0.9978772558817177,0,0,0,0,1.5721528831787164,0.03391585392132878,0,1.674982764673333,1.4649251245658972,0,0,0,1,3.5833904779299646,2.136446427687965,0,9.608967051837386,0,0,1
3.415378130615076,2.5443337603756437,0,0,0,0,0,10.720424290486179,0,1,0,-0.09192168344447776,1.6981562283263878,0.8201243923157124,8.83031101716022,1,1.0348678141466758,1.141035807230161,0,0,0,0.9978772558817177,0,0,0,0,1.9303905974816122,0.05058250898192701,0,0.5334446004864098,0.444,0,0,0,1,2.9192614283897163,1.7889402514702333,0,7.7423977583007915,0,0,1
4.809899234207663,2.6478635587356125,0,0,1,0,0,33.72876581098706,1,0,0,-0.06100220344924139,1.6787596312056676,1.167445039343714,8.980964185179776,0,1.0437466884350584,1.1346056244640437,0,0,0,0.9978772558817177,1,0,0,0,2.0922121426741924,0.02255627598493956,0,0.0,0.5410416485639924,0,0,0,1,2.7057099911832494,1.6462048113930607,1,7.151755409921269,0,0,1
4.191901025844199,3.3712367525021603,0,0,0,0,0,54.7091602280792,0,0,0,-0.1619756659567109,1.6787596312056676,1.7175068145563352,9.275150131633515,8,1.0437466884350584,1.1467825960419131,0,0,0,0.9978772558817177,0,0,0,0,1.0,0.0166514253426528,0,0.0,0.444,0,0,0,0,3.3559495760576215,1.5,1,8.349605529148327,0,0,1
4.4971928566556985,1.6814225452733145,0,0,0,0,0,10.118657275602555,0,0,0,-0.12814527658180944,1.6787596312056676,2.012888573413093,9.50008863442256,2,1.0437466884350584,1.130025022809871,0,0,0,0.9978772558817177,0,0,0,0,1.8899136069260445,0.03852076312032447,0,28.35981717602272,2.0025625274432195,0,0,0,1,2.980494279221922,1.581927925623912,0,8.21967800099864,0,0,1
4.032980940564889,1.7772820592812373,0,0,0,0,0,26.882304155582272,0,1,0,-0.09259521321268151,1.6787596312056676,0.6459997650294982,8.669226874139444,2,1.0437466884350584,1.1214726891073792,0,0,0,0.9978772558817177,0,0,0,0,1.8899136069260445,0.015452533273337411,0,0.17990153038511408,1.0583326245367588,0,0,0,1,2.7057099911832494,1.5386772925684393,0,7.170956145743517,0,0,1
4.577301372336224,1.5863502035516728,0,0,0,0,0,26.882304155582272,0,2,0,-0.19387403623948368,1.6787596312056676,1.0651380933408516,8.710349649635749,2,1.0218045741917194,1.1290430967348155,0,0,0,0.9978772558817177,0,0,0,0,1.2179857412650357,0.010027429286674478,0,0.0,1.0910864781174483,0,0,0,1,2.7057099911832494,1.5,0,8.727229143835029,0,0,1
4.691320580845052,1.8768717104122987,0,0,0,0,0,26.882304155582272,0,0,0,-0.17168425565279363,1.6787596312056676,1.9724849066306818,8.067304219066678,2,1.0308962418994718,1.1178073577675323,0,0,0,0.9978772558817177,0,0,0,0,1.0,0.011011731463660501,0,0.3696730911993424,1.2910941247787615,0,0,0,1,2.7057099911832494,1.5,1,8.415321899119732,0,0,1
3.582713630835944,2.6850450962947523,0,0,0,0,0,21.5496204119299,0,1,0,-0.04374391290976364,1.7561580971689728,1.50949111163262,9.738232105049407,6,1.0184401828308944,1.1472513309160126,0,0,0,0.9978772558817177,0,0,0,0,1.6669237988619994,0.036146327031923185,0,0.4106923261413506,2.473946028931777,0,0,0,1,3.11528445007485,2.2416523585666526,0,7.96435307765092,0,0,1
5.079740070241437,3.015688342341783,0,0,0,0,0,20.0545325655237,0,0,0,-0.19387403623948368,1.6787596312056676,0.42328076990350993,8.703793356496254,2,1.0824706680129377,1.0851423479323379,0,0,0,0.9213368401012894,0,0,0,0,1.1434990458837975,0.014864624556460744,0,9.424341865081072,0.444,0,0,0,1,3.0991334618680666,1.5363307825639516,2,8.07520973153909,0,0,1
4.716119536527041,1.771459321165784,0,0,0,0,0,31.89209984563827,0,0,0,-0.10054500877257923,1.6787596312056676,2.0401520323205133,9.165574789933979,2,1.1010097924401898,1.1483258314216953,0,0,0,0.9978772558817177,0,0,0,0,1.3213226665159479,0.04037104922992559,0,0.7972647008886468,2.77480812278435,0,0,0,1,2.7194738650423784,2.18075147009005,0,8.987451487380826,0,0,1
5.001074459876318,3.4036467197822065,0,0,0,0,0,30.797519561263766,0,2,0,-0.07774458775982133,1.6787596312056676,2.49701354150384,9.0086059797495,0,1.0437466884350584,1.124770533728459,0,0,0,0.9978772558817177,1,0,0,0,1.8899136069260445,0.01821160911588737,0,11.245116189135597,2.4674809486224847,0,0,0,1,2.9040301793656282,1.8521095600748179,2,8.18914205964992,0,0,1
4.75805198401513,2.390001416782807,0,0,0,0,0,22.15858409470161,0,2,0,-0.17643437599269338,1.8569280580147307,1.7641993435083654,9.186518591443447,2,1.04206469418531,1.1821423010295757,0,0,0,0.9978772558817177,0,0,0,0,1.9081876631647603,0.05121578422279415,0,1.2684190866703704,1.2003153307295424,0,0,0,1,2.8576154151057604,2.502746427986192,1,8.422066838755095,0,0,1
4.766746876141127,2.6937982970450114,12,0,0,0,0,23.31266045055703,0,0,0,-0.10075378388402069,1.8879151858217025,2.087385012962164,9.724312948236527,0,1.0194597146675977,1.1259476964038062,0,0,0,1.0133844966161774,0,0,0,0,2.013173869102735,0.0046210073336450525,0,3.033701978339559,1.7842221359287662,0,0,0,1,3.1019040947247443,3.8262667543372,2,8.547515403215495,0,0,1
3.6364041743905116,2.116598215543212,0,0,0,0,0,30.887484142011964,0,3,0,-0.16482881065222404,1.6787596312056676,1.7864926998085364,8.395270257323178,2,1.0405377843305195,1.1334377559772153,0,0,0,0.9978772558817177,0,0,0,0,1.4300256750211378,0.03845706843939863,0,1.647953871226471,1.3817957515957255,0,0,0,0,2.850908712127958,1.5,1,7.975211998234268,0,0,1
5.410890059167819,3.170381065864256,0,0,0,0,0,38.14767629211291,2,2,0,0.052289739178822944,3.043973094909189,1.7755987297257851,8.843244938321723,1,1.0437466884350584,1.1476975408728398,0,0,0,0.9978772558817177,0,0,0,0,2.0005669314552845,0.016784990751249475,0,1.8457750851380494,1.1228011280068577,0,0,0,1,2.862363167457062,1.5,0,7.4830333689062165,0,0,1
5.202688041494135,3.1384516534692315,0,0,0,0,0,26.882304155582272,0,0,0,-0.14823091866462146,1.544,1.8286326675317504,8.248793402141313,2,1.0437466884350584,1.144708585081605,0,0,0,0.9978772558817177,1,0,0,0,1.2277994913888968,0.013512154687261907,0,23.25710533166243,2.2837543513581617,0,0,0,0,2.786775297125592,1.5778563555228475,1,8.931980122454956,0,0,1
4.032782401912524,2.2213826348561847,0,0,0,0,0,21.355009484348248,0,0,0,-0.13732814546524863,1.6787596312056676,0.7704598444188273,8.333552586510944,8,1.0317999459395055,1.1241205704542465,0,0,0,0.9978772558817177,0,0,0,0,1.51259864927596,0.02943713418438711,0,0.0,0.444,0,0,0,1,2.7057099911832494,1.5271251264381847,0,7.242626470580103,0,0,1
4.54612973356359,3.425812350735427,0,0,0,0,0,12.559643532440898,0,0,0,-0.182070175425248,1.6787596312056676,1.2224944324679046,8.067304219066678,2,1.0437466884350584,1.1556238857013104,0,0,0,0.9978772558817177,0,0,0,0,1.9883496263466116,0.04352351097124311,0,2.782717718431628,1.0414280757537346,0,0,0,0,3.1167435775299372,1.5,0,8.808305888199207,0,0,1
2.2420856236658695,1.869715954633623,0,0,0,0,1,14.412979365460695,0,3,0,-0.029841680271392553,1.6787596312056676,1.3941907027242215,9.01616900870581,2,1.0302694068895044,1.150590792958251,0,0,0,0.9978772558817177,1,0,0,0,1.9360375260896427,0.029710608221864974,0,1.0007770415887245,2.1326684326958314,0,0,0,1,3.2879331930371802,1.9129413535590265,1,8.241562321464505,0,0,1
4.972194931879218,2.6759860304687884,0,0,0,0,0,28.936146776281205,0,0,0,-0.07290810829582763,1.6787596312056676,0.9781398933275095,8.331623983951415,2,1.0437466884350584,1.0828081252308859,0,0,0,0.9213368401012894,1,0,0,0,1.0,0.02551858954282695,0,0.14008100521205985,0.5852569936455805,0,0,0,0,3.1186710314672914,1.5,1,7.839021356994938,0,0,1
4.176479362679938,1.6631125924548362,0,0,0,0,0,29.73214820892364,0,0,0,-0.0641860325357878,1.7043892095114752,2.0735689579303496,9.265417471947217,2,1.0437466884350584,1.0984454477363377,0,0,0,0.9978772558817177,0,0,0,0,1.0,0.02077131567005173,0,11.693039834508948,1.810684968388071,0,0,0,1,2.899872616398245,1.5,1,8.190631401957992,0,0,1
4.346688712303846,3.317355947321316,0,0,0,0,0,37.89526113613666,0,0,0,-0.08093789458461674,1.6787596312056676,2.7502422890398854,8.5333684603136,2,1.0437466884350584,1.14741863671347,0,0,0,0.9978772558817177,1,0,0,0,1.0,0.04504284659316277,0,0.9606557984779627,0.444,0,0,0,1,2.8159445781723265,1.5772373883348998,0,9.23244809666705,0,0,1
3.7449097398336213,2.40053082487748,0,0,0,0,1,26.882304155582272,0,0,0,-0.06798330045714385,2.3621521774949104,2.8511527714081115,8.067304219066678,2,1.042972185810478,1.1477322594173835,0,0,0,0.9978772558817177,0,0,0,0,1.0,0.05121578422279415,0,2.7717650076014224,1.506140454360795,0,0,0,1,2.7057099911832494,1.5,1,9.054229663863808,0,0,1
4.902333872823194,3.6870362117902706,0,0,0,0,0,39.12530477893876,0,0,0,0.017565361855681347,1.6787596312056676,1.434844238584979,8.555709521112725,2,1.0198842960746468,1.1607997153881187,0,0,0,0.9978772558817177,0,0,0,0,2.1882269734530815,0.04059003719247685,0,1.4164411321951837,1.1418185738541968,0,0,0,1,2.774533006205722,2.2357347124351947,0,8.779343392034141,0,0,1
4.117864824892523,2.148611377058086,0,0,0,0,0,26.882304155582272,0,2,0,-0.12283208876445263,1.6787596312056676,0.740475381355792,10.017775621580956,1,1.0437466884350584,1.1412936799362254,0,0,0,0.9978772558817177,0,0,0,0,1.3042885080347575,0.006190250506588918,0,0.4128116204211195,1.443723522800273,0,0,0,1,2.912484500345979,1.9731464224151358,0,8.570232937158954,0,0,1
3.307472803576572,3.20770525067866,0,0,0,0,0,18.72338528355194,0,2,0,-0.12024397525735107,1.6787596312056676,1.1961095068269392,8.255130293007753,1,1.0403813777240236,1.116266927716519,0,0,0,0.9978772558817177,0,0,0,0,1.0723949133075283,0.0043940380063589605,0,1.0807240074341584,0.6421386209855967,0,0,0,0,2.7874897400517047,1.5,0,8.503543487976529,0,0,1
4.911287298693259,3.2891495725157416,0,0,0,0,0,21.27591467105729,0,2,0,-0.08182641815035487,2.0263017912593506,3.075085681684019,9.922317527399859,19,1.0252748216705327,1.143846814756202,0,0,0,0.9978772558817177,0,0,0,0,2.078896970651074,0.047079310905222854,0,25.737648689380357,0.444,0,0,0,1,3.25801644834184,1.7465539568748074,0,8.726147336685424,0,0,1
4.550586456755741,2.590035900251733,0,0,0,0,0,8.302125878359412,0,0,0,-0.19387403623948368,1.8897512219830284,1.9285021617905516,8.435269869206191,2,1.018753588284471,1.1091730514315032,0,0,0,1.068353261440654,0,0,0,0,2.0377226697687387,0.003671631927462042,0,1.1083312525042046,1.8028117084562991,0,0,0,1,3.2314763937636974,1.782101465390693,1,8.630420475653304,0,0,1
4.885378732319081,2.483687329293009,0,0,0,0,0,16.706646058025136,0,0,0,-0.0978113895269889,1.6787596312056676,1.5894564085144889,8.7980590087532,2,1.018766173396895,1.1411029024466823,0,0,0,0.9978772558817177,0,0,0,0,1.3522439473706944,0.033230586147302045,0,1.8656473098319526,1.1881575806841487,0,0,0,1,2.909760126383797,1.5,0,8.022738878515256,0,0,1
4.103877683931252,2.9837517932542847,0,0,0,0,0,18.737076314353725,0,0,0,-0.1425792385503592,1.6787596312056676,1.1640266242538804,8.640806421531309,1,1.0118715460952459,1.158002108367134,0,0,0,0.9978772558817177,0,0,0,0,1.4605752782193009,0.008722042985577614,0,30.448894566665338,0.8384868849673626,0,0,0,0,3.2163338375037345,1.5577265122769681,1,7.599302881400392,0,0,1
3.8301672946607024,2.172829893506289,0,0,0,0,0,33.01772520111393,0,0,0,-0.02317156651149844,1.8031021670430125,1.315824629098608,9.903354035719143,2,1.0437466884350584,1.1616222801562741,0,0,0,0.9978772558817177,1,0,0,0,1.4127895971608289,0.03254045002982543,0,1.797597713279397,1.3246669786979892,0,0,0,1,2.7057099911832494,1.7856236006709403,1,7.517584174360915,0,0,1
5.300100162092693,1.8649060554631463,0,0,0,0,0,27.603601761874124,0,0,0,-0.19008009646679588,1.8317775766722448,1.016676115957128,8.886147449734981,2,1.0437466884350584,1.087507745157128,0,0,0,0.9978772558817177,0,0,0,0,1.0,0.007407719149594657,0,0.7836441269045336,0.6292761348258334,0,0,0,1,2.7057099911832494,1.5,0,6.923710462784507,0,0,1
4.347205507456081,1.2499440399582076,0,0,0,0,1,27.227343564612386,0,2,0,-0.18432357391144127,2.1024826277705904,1.745894668797551,8.700906299193175,2,1.0437466884350584,1.0869880915796337,0,0,0,0.9978772558817177,0,0,0,0,1.8899136069260445,0.0063768942951672875,0,0.21070668502528372,1.2525619839676443,0,0,0,1,2.7057099911832494,1.5,1,7.067378891700047,0,0,1
4.616745939243851,1.8446566784789664,0,0,0,0,0,12.021304577781144,0,2,0,-0.14861333331107943,2.494239411161988,1.191884179521534,9.658269154954313,2,1.0429163499190783,1.1110161278410622,0,0,0,0.9978772558817177,0,0,0,0,1.8899136069260445,0.0012699217495030812,0,0.0,1.0296576669061794,0,0,0,1,3.0549828732659576,1.909907783629879,2,7.781857113403011,0,0,1
4.609728586344458,1.84213641806379,0,0,0,0,0,29.00945518078939,0,3,0,-0.08165170761940013,1.6787596312056676,1.177768774879914,9.189262565774184,2,1.0322686113942598,1.1454235126196362,0,0,0,0.9978772558817177,1,0,0,0,2.099115336905718,0.028277556019509934,0,1.9180127234718338,1.5818537223925961,0,1,0,1,3.4345989903167795,1.5328849518580427,0,8.937965330725607,0,0,1
3.6729671450590677,2.51319140973179,0,0,0,0,3,30.800855801735445,0,0,0,-0.14800914189281167,1.6787596312056676,0.6457893855290238,9.186871269595834,2,1.016514106265307,1.1358473273171386,0,0,0,0.9978772558817177,0,0,0,0,1.3531451468915492,0.01944813398002862,0,0.0,1.0024213130090802,0,0,0,1,2.770635783993412,1.5,2,7.02863286956527,0,0,1
4.51564819049792,2.3928686806056696,0,0,0,0,0,26.882304155582272,0,1,0,-0.08489879456281386,1.6787596312056676,2.535832138617565,8.62324933614046,0,1.1069173904572995,1.1783901823137446,0,0,0,0.9978772558817177,0,0,0,0,1.8899136069260445,0.021987575039042643,0,24.408251928915305,1.9692221967984211,0,0,0,0,2.7700916144399357,1.5,0,9.231531720613619,0,0,1
4.638703272320631,2.303613051080428,0,0,0,0,0,42.22644417732983,0,0,0,0.009081382599913203,2.378663646676129,1.1774259080941913,9.602183553064581,1,1.0355286444548542,1.167862254467211,0,0,0,1.0495351420316226,0,0,0,0,2.1450480120614537,0.026163766914759953,0,13.61520538125817,1.6644877826696634,0,0,0,1,3.094121603502837,1.5,0,9.487298923966133,0,0,1
4.265446680883407,3.056947996196525,0,0,0,0,0,12.96874531781782,0,2,0,-3.0882071145545185,1.6787596312056676,2.4151508067208387,8.138833257773193,1,1.0437466884350584,1.1499512801484912,0,0,0,0.9978772558817177,0,0,0,0,1.191533131853757,0.0035715371612680905,0,11.984718084262495,1.6563037867708457,0,0,0,0,3.1436410328691773,1.5,1,7.619093554979408,0,0,1
4.64570713730522,1.9194154117196458,0,0,0,0,0,8.302125878359412,0,3,0,-0.11844437963074535,1.758365157267932,2.098686060293653,8.067304219066678,2,1.0333552385799896,1.1282736672202809,0,0,0,0.9978772558817177,0,0,0,0,1.015509362167468,0.0327587849219139,0,0.6820444208558167,0.444,0,0,0,1,2.7057099911832494,1.5,2,7.489950213832723,0,0,1
4.711380983933139,2.237384015921025,0,0,0,0,0,28.705381801617285,0,1,0,-0.12386076308898841,1.6787596312056676,0.9850150367400035,10.380792603158943,1,1.0190477390325277,1.1645066348284259,0,0,0,0.9978772558817177,0,0,0,0,1.747355201857459,0.014905521141231023,0,1.3823325437200078,0.444,0,0,0,0,3.3389517034386733,1.5,1,8.7056382277192,0,0,1
4.7733176899901215,3.2559815286887215,0,0,0,0,0,36.2702410539748,0,3,0,-0.19387403623948368,1.6787596312056676,1.986948620820649,8.227112308408815,2,1.107149586037566,1.1264117059162977,0,0,0,0.9978772558817177,1,0,0,0,1.8899136069260445,0.006765232177989221,0,1.3713226793749091,0.8659781803165951,0,0,0,1,3.1493465355878,1.5,0,8.791987803101083,0,0,1
4.959365553864596,2.8289748201796003,0,0,0,0,0,12.60805297048947,0,1,0,-0.18710134582829127,1.6787596312056676,2.5193901321774463,8.769753475158,1,1.0437466884350584,1.1532501122150312,0,0,0,1.0078596606063297,1,0,0,0,1.9351420466882994,0.01882458448947455,0,1.6439916120462785,1.0642252064862112,0,0,0,1,2.982007076557187,2.2997723811870836,0,8.36149521093691,0,0,1
3.7805449127779416,3.713831223187051,0,0,0,0,0,36.79992575336259,0,2,0,-0.09071172290424825,2.7558311742372625,1.8238332319478048,9.795391929386366,2,1.0337403671229748,1.1717700225840912,0,0,0,0.9978772558817177,0,0,0,0,1.6582343099469077,0.05121578422279415,0,2.987926102794762,1.2884464394306865,0,0,0,1,2.757570634598829,2.1294815954768898,0,8.796997257701602,0,0,1
3.945908395318445,2.242362201613072,2,0,0,8,0,18.9248136604435,0,0,0,-0.019285405927269825,2.354327529731676,1.3559942823071434,8.924969330333353,1,1.0323821597533303,1.1471313383218602,0,0,0,0.9978772558817177,1,0,0,0,2.1706824388549655,0.036846371696947676,0,12.356218952721463,0.9194781111327305,0,0,0,1,2.8287576942877215,1.7653836224018964,0,8.887030002600618,0,0,1
3.9748527114463927,3.224556982113542,0,0,0,0,2,37.6897419056214,1,1,0,-0.09510148190114913,1.6787596312056676,2.0368442504537803,9.504480891904361,2,1.0437466884350584,1.1255994473736748,0,0,0,0.9978772558817177,0,0,0,0,1.8899136069260445,0.0187390306964796,0,3.328982834010485,1.2132024262378258,0,8,0,1,3.396625398514279,1.788882909084022,1,8.853659350400033,0,0,1
3.5501076111902785,1.9202647967985245,0,0,0,0,0,38.521487950756594,0,1,0,-0.0962430138621859,2.0374929740365526,2.0162374140250603,9.31830769033095,1,1.0437466884350584,1.118328407388608,0,0,0,0.9978772558817177,0,0,0,0,2.1535133940537476,0.021882204150951944,0,12.093060673509779,1.5263684926119534,0,0,0,1,2.9636607631402674,1.9487890676493813,0,8.286865377433083,0,0,1
4.790678253317208,2.846846836535731,0,0,1,0,0,26.882304155582272,1,2,0,-0.11450113381140087,1.6787596312056676,1.9356492820385858,8.207333539255863,1,1.0437466884350584,1.1421504449346411,0,0,0,0.9978772558817177,1,0,0,0,2.1292205282476857,0.029274632129758556,0,8.9051013477254,0.444,0,0,0,1,2.7057099911832494,1.7029598863705475,1,8.87195015353432,0,0,1
3.102787746202532,3.146961592718641,0,0,0,0,4,11.260821860284604,0,0,0,-0.06970875552621965,1.6787596312056676,1.762113351829328,8.74730290182029,19,1.0235007822154996,1.1671919530323391,0,0,0,0.9978772558817177,1,0,0,0,2.0955434899079237,0.03879915862181618,0,2.4696083219167733,1.6441886380388129,0,0,0,1,3.0970897630343353,2.962375725690385,0,7.493480253224119,0,0,1
4.793786261491441,2.3164822596707455,0,0,0,0,0,26.882304155582272,0,1,0,-0.15037170135210623,1.6787596312056676,1.6559269071239293,8.296279597947963,2,1.0437466884350584,1.1281775586996519,0,0,0,0.9978772558817177,0,0,0,0,1.0,0.03998956233748483,0,1.2157077107449255,0.444,0,0,0,1,2.7057099911832494,1.5,1,8.217947417854269,0,0,1
5.0186956301482795,1.5785126151414393,0,0,0,0,0,8.302125878359412,0,0,0,-0.12605536044334759,1.943342887772678,1.2602402624468168,9.031913793601642,1,1.0437466884350584,1.1317407943031674,0,0,0,0.9978772558817177,0,0,0,0,1.4808531627154522,0.022155854736186496,0,0.08835318753264688,2.023410409980563,0,0,0,1,3.083989770053846,1.5,0,7.422065504941258,0,0,1
4.633711205308715,2.4985284754209713,6,0,0,0,0,34.22298159686568,0,0,0,-0.041648307825135324,1.544,1.516300434616387,9.638635134722195,2,1.0064932871103065,1.1520758882303397,0,0,0,1.1249509114726277,0,0,0,0,2.0285857687257596,-0.0022028077778467933,0,1.162774642102996,1.2803925345861265,0,0,0,1,3.6505938190434204,1.8427607758944373,1,7.339029578421057,0,0,1
4.465102821332918,1.9851427071298975,0,0,0,0,1,31.753148795574283,0,2,0,-0.16381361014755624,1.6787596312056676,1.45108854344385,8.656168226871998,1,1.104582048022629,1.1225121239492806,0,0,0,0.9978772558817177,0,0,0,0,1.0,-0.009425025166068884,0,0.0,1.5393648206932211,0,0,0,1,3.0142903462085098,1.5,0,8.416156434136962,0,0,1
5.299976113242964,1.5512220591342725,0,0,0,0,0,37.21506331999074,0,0,0,-0.08330592418445602,1.6787596312056676,1.7506426978416822,8.86397499549641,2,1.012978361109742,1.1593630692599457,0,0,0,1.0194836594145298,0,0,0,0,1.9376386307746176,0.008141752382520472,0,0.9498892298292897,1.382379438380541,0,0,0,5,3.1930775070086943,2.458941768258972,0,8.793150938471284,0,0,1
3.4238236141245055,1.574675364350809,0,0,0,0,0,30.60665916385047,0,0,0,-0.02152266174081358,1.6787596312056676,1.7478190315559048,8.891399902432314,1,1.0343322564951885,1.1497458914927914,0,0,0,0.9978772558817177,0,0,0,0,1.0,0.03396598411001075,0,27.50031699925093,1.655781242171634,0,0,0,1,2.7057099911832494,1.5085568899246495,0,7.897418410626718,0,0,1
3.7441132286822922,1.9697073278974178,0,0,0,0,0,28.82573844572078,0,3,0,-0.14192419209915383,1.6787596312056676,2.684914740647328,8.534806833954713,1,1.0240098061114908,1.1373366114293435,0,0,0,0.9978772558817177,0,0,0,0,1.2569590738680523,-0.008525218276722455,0,1.1682786828904508,1.728950789442029,0,3,0,1,3.1321394221553733,2.0067910267314693,2,8.735585849722355,0,0,1
3.7788252716679995,2.737193522633636,0,0,0,0,5,32.29238311655018,1,2,0,-0.04819459199820434,1.6787596312056676,1.4329539673495464,9.042690280033439,1,1.0437466884350584,1.169182234481771,0,0,0,0.9978772558817177,0,0,0,0,2.0341522126610947,0.05121578422279415,0,15.17950323084386,1.7071336108962798,0,0,0,1,3.436263682975511,2.2056831616788233,0,9.292908753700539,0,0,1
5.246056359145568,2.508582662198736,0,0,0,0,0,34.70403795932147,0,2,0,-0.08225901989679972,1.6787596312056676,2.6893394054802857,8.827743696235581,2,1.107149586037566,1.141576148925039,0,0,0,0.9978772558817177,1,0,0,0,1.8899136069260445,0.024584723778950424,0,0.36270240732466386,2.2606776641473414,0,0,0,0,3.033492568705642,1.5,1,8.005718867364633,0,0,1
4.772696838647694,3.1619753823459407,0,0,0,0,0,21.13696467619468,0,3,0,-0.053481301456303504,2.5593855498161213,1.6460677756461757,9.393462084419268,19,1.0437466884350584,1.1390272381773086,0,0,0,0.9978772558817177,1,0,0,0,1.9922101803510472,0.019653296534624796,0,1.2831036598510066,0.7587217349687769,0,0,0,1,3.432702794004518,1.8177137613826793,1,8.223149125215828,0,0,1
4.808387030331443,1.8720734952569509,0,0,0,0,0,11.12778336742294,1,2,0,-0.11059531526946743,1.7680071594241114,1.3514606698958873,8.74016811592531,1,1.0364705893317085,1.119411895161304,0,0,0,0.9978772558817177,0,0,0,0,1.0,0.021743818832360755,0,16.12674481738989,0.5963702338948088,0,0,0,1,3.1205877275222047,1.5183153667658151,2,7.5053773572147895,0,0,1
3.8551353995678017,2.4295587205269005,0,0,0,0,0,32.2727229431343,0,3,0,-0.10115043241198023,1.7826446262695523,1.9773052671431022,8.557981749123405,1,1.0437466884350584,1.130902970121315,0,0,0,0.9978772558817177,0,0,0,0,1.8899136069260445,0.035129121352673175,0,0.3370909734815673,1.5242401956455287,0,0,0,1,2.765448153782299,2.616476260145858,0,7.792127776299792,0,0,1
4.909490393916821,3.053559698123318,0,0,0,0,0,34.49288742068465,0,0,0,-0.07955533095705287,1.821283846581271,1.9311548120202389,9.36179215212864,1,1.0437466884350584,1.1658431592835872,0,0,0,0.9978772558817177,1,0,0,0,2.0824345580758674,0.013492073551715894,0,0.0,3.1390754850509417,0,0,0,1,2.7167292901676134,1.833907409267,0,8.421450210221295,0,0,1
5.021577547369477,2.1556222143454495,0,0,0,0,2,12.91378538467358,0,1,0,-0.11564129535828012,1.6787596312056676,1.3433934757199362,8.442098497774587,1,1.0374670651047206,1.1278594863432791,0,0,0,0.9978772558817177,0,0,0,0,1.4228003082070222,0.011957350152312944,0,0.0,1.1381735237568111,0,0,0,1,2.7057099911832494,1.5,1,7.900222908568732,0,0,1
3.9522875994727955,2.596205006713585,0,0,0,0,0,12.034978638388385,0,2,0,-0.13675859443173544,1.6787596312056676,0.7562270150406797,8.944510591810774,2,1.0437466884350584,1.1099621679034415,0,0,0,0.9978772558817177,0,0,0,0,1.0102825289079302,0.05121578422279415,0,22.442910429619452,1.0509218257032737,0,0,0,1,2.8447459396395773,1.5,1,8.271442473107244,0,0,2
4.863866892551445,1.9751964904395813,0,0,0,0,0,26.882304155582272,0,0,0,-0.07801056326723223,1.6787596312056676,2.0597157798361336,8.067304219066678,2,1.0437466884350584,1.111237292924228,0,0,0,0.9213368401012894,0,0,0,0,1.0,0.018468173627961475,0,0.9162485660943941,1.3517661711931084,0,0,0,1,2.7057099911832494,1.5,1,8.365014282733735,0,0,1
2.9079736988955114,1.9119837663690764,0,0,0,0,0,11.321411981820159,0,2,0,-0.040368847709774856,1.7073644317855887,1.859869224851903,8.067304219066678,2,1.0437466884350584,1.1513297199609416,0,0,0,0.9978772558817177,0,0,0,0,1.8899136069260445,0.02322465766910546,0,13.803756984371251,0.444,0,0,0,1,2.7057099911832494,1.5,0,8.647295875921197,0,0,1
3.7129932805929755,2.9252730931251136,0,0,0,0,4,38.39242741507598,1,1,0,-0.048796077136413166,1.6787596312056676,1.8395981713092433,9.130456092801664,2,1.0716948422835066,1.1181235474513105,0,0,0,0.9978772558817177,0,0,0,0,1.8899136069260445,0.027705103824375795,0,0.332173044611062,1.6903193573808735,0,0,0,1,2.7057099911832494,1.5,1,7.430311964537133,0,0,1
4.16288320373722,3.4508006816933356,0,0,0,0,0,33.391703692934755,0,0,0,-0.08280543511483021,1.6787596312056676,1.3686233832628283,8.981061375986119,1,1.0437466884350584,1.1118462819409913,0,0,0,0.9978772558817177,0,0,0,0,1.0,-0.004699743206772674,0,0.6861017960690513,0.835288157577459,0,0,0,1,2.7665300979258003,1.5,1,7.7386902026492805,0,0,1
3.5668702373135655,4.307411980388797,0,0,0,0,0,53.48057948537151,2,0,3,-0.8031139493242798,1.6787596312056676,1.5141016692824156,9.320197567446296,1,1.0437466884350584,1.1519870484054584,0,0,0,0.9978772558817177,2,0,0,0,2.121811828530123,0.012620507272776525,0,0.7665943944612534,3.1102918967841835,0,0,0,1,3.0467762226458053,1.8486142271181731,1,9.359293454587691,0,0,2
5.176007361908035,2.978777352160965,0,0,0,0,0,37.53352487398293,0,0,0,-0.0686751177688949,2.0291248475168118,1.2841470232458843,7.292741007749194,1,1.061874773362264,1.1635999858635246,0,0,0,0.9978772558817177,1,0,0,0,1.6144583676093776,0.040168013060257295,0,0.0,1.2879833140577341,0,0,0,1,5.013493166922567,3.046367805088829,1,8.851599785662804,0,0,1
4.770554169344827,3.7478180044930562,0,0,0,0,4,17.73530092757194,0,3,0,0.021185581480755136,1.6787596312056676,1.8417203021299737,9.151519339674685,2,1.0221196324097181,1.1316085807709315,0,0,0,0.9978772558817177,0,0,0,0,1.8258919062041614,0.048054963804500736,0,30.440655697948916,0.8948649202609618,0,0,0,1,3.411573745113174,3.0958298905809967,0,7.759773881004138,0,0,1
5.196253078330553,3.0145251968304922,0,0,0,0,2,18.775968084059826,0,0,0,-1.8220510622459263,1.6787596312056676,1.3087309064933401,9.526326945970528,0,1.0437466884350584,1.1320461698512485,0,0,0,0.9978772558817177,0,0,0,0,1.9750032427552078,0.0030133650236217405,0,2.4601663515187684,1.0591207640813662,0,0,0,1,3.1718061253560537,1.5,0,8.658736693013095,0,0,1
2.977411742845682,3.200366785135571,0,0,0,0,1,38.33074795740589,0,1,0,0.014912314901292972,1.6787596312056676,1.1749353907098599,9.128022927880089,1,1.107149586037566,1.1663567936054224,0,0,0,0.9978772558817177,1,0,0,0,2.0771122541620444,0.024114172449184842,0,3.5501948317566865,2.2839172447406306,0,0,0,1,3.0860445853660994,1.6474605075109572,0,9.051977753877038,0,0,1
4.547303652822036,1.8297591309795438,0,0,0,0,0,29.72183399627038,0,0,0,-0.14541854091127293,1.6787596312056676,1.8692560145566373,8.518881623693934,2,1.0437466884350584,1.1373087709531768,0,0,0,0.9978772558817177,0,0,0,0,1.0,0.03754132616204928,0,0.9638230470225507,1.490990373732338,0,0,0,1,2.708923609732444,1.5,1,9.320504851775146,0,0,1
4.833621694377945,2.469479811587591,0,0,0,0,1,22.278304901041555,1,2,0,-0.02015985395768006,1.6787596312056676,1.5955131983591975,10.008536208380157,2,1.032789655708164,1.1645405484725035,0,0,0,0.9978772558817177,0,0,0,0,1.2134729257826815,0.03661976874531595,0,0.7717990871601534,1.0502882950768773,0,0,0,0,2.974572244236166,1.722274850205954,1,8.177284294101053,0,0,1
4.759656633920867,2.0552645992042877,0,0,0,0,0,14.12426675100901,0,2,0,-0.1112647222791133,1.757283322175282,1.4932179872043525,8.49670527176455,1,1.0437466884350584,1.1072040435675967,0,0,0,1.010766746437997,1,0,0,0,1.0893243243891144,0.011103051962584055,0,1.2029372035346162,1.4342932402690822,0,0,0,1,3.1204780568873196,1.5,1,8.083655283648733,0,0,1
4.258272438416395,2.3560012997946127,0,0,0,0,0,34.00632962703203,0,0,0,-0.19251812083343647,1.6787596312056676,1.9909885992490972,8.801992658904934,2,1.0388171429393631,1.1311408501307567,0,0,0,0.9978772558817177,1,0,0,0,1.0,0.04277406418173679,0,10.700396722630456,0.444,0,0,0,1,3.1165033779214344,1.5,0,7.9607986212956465,0,0,1
4.930141178423343,2.330318580497616,0,0,0,0,0,12.053867770320288,0,0,0,-0.19387403623948368,2.3934687472389253,0.8536542265324343,8.876370406666227,5,1.0409936615205564,1.1250280943109585,0,0,0,0.9978772558817177,0,0,0,0,1.2888092389607089,-0.0018086817065152444,0,0.028388827383904212,1.5051675350501552,0,0,0,1,3.4189072441582016,1.5,0,8.09588347003449,0,0,1
4.5888030421622235,2.254656232442917,0,0,0,0,3,34.35669355849108,0,0,0,-0.19387403623948368,1.6787596312056676,1.343021633469538,8.919278073089913,2,1.0711824700024744,1.1415805328423834,0,0,0,0.944895076449231,1,0,0,0,1.425888187170501,0.045451618707044096,0,2.1539613093406658,1.5285529382313674,0,0,0,1,3.4952133525576454,2.098863439193278,0,8.382494208363065,0,0,1
4.121788648374925,3.3556269066302176,0,0,0,0,12,22.48524728576175,0,0,0,0.05479652609113164,2.295174823780969,0.9033698511119111,10.682295379671615,1,0.9895210374216223,1.1093766694953437,0,0,0,1.1195547876202705,0,0,0,0,2.1029686666570884,0.017491128657433963,0,1.356190421139083,1.6088973685081254,0,0,0,1,3.405432066752756,3.0918439815722634,1,8.34344782211866,0,0,1
4.8013857751686375,1.773481634548762,0,0,0,0,1,8.302125878359412,0,0,0,-0.1758658959551184,1.5901415385942377,1.383118543026785,8.492187093723173,1,1.0378038020827252,1.1417597778391153,0,0,0,0.9978772558817177,0,0,0,0,1.9235421941828508,0.004233609216094334,0,0.023444333926717513,0.6944052788490133,0,0,0,1,2.9643717994036067,1.5,0,8.032322783473463,0,0,1
3.4826845918095612,1.8773068329233586,0,0,0,0,0,20.08718713603349,0,0,0,-0.1266525961460596,2.4517231212735,1.6701152232372545,9.308546678087305,6,1.107149586037566,1.1434678324319538,0,0,0,0.9978772558817177,1,0,0,0,1.9475516687024945,0.03314127798033082,0,12.468240616339044,1.7644643610065671,0,0,0,1,3.0546916334818732,1.8135305932845964,1,8.431043724349234,0,0,1
4.786894773906579,3.0327525895542005,0,0,0,0,0,43.080728203556305,0,1,0,-0.08798182335422833,1.736380130830279,1.3540647074282803,10.139733667663936,0,1.0046657703964348,1.1295368000753694,0,0,0,0.9978772558817177,0,0,0,0,1.0386734817178012,0.03622677968840855,0,1.5776496995974272,1.3208658254344652,0,0,2,1,3.198263822367509,1.9423123101019772,1,8.941505752358125,0,0,1
4.909662189421656,2.1776166081650703,0,0,0,0,0,37.792621689395766,0,2,0,0.004144689801263093,1.6787596312056676,0.697293039755778,9.828904463574766,2,1.038881869326051,1.1275621049417774,0,0,0,0.9978772558817177,1,0,0,0,1.9700311911592396,0.04835554495329295,0,1.8266728074282657,0.6800331143648028,0,0,0,1,3.16271589399141,1.8885775855822848,1,9.030120810007038,0,0,1
4.151877654715175,2.031066147452222,0,0,0,0,1,26.882304155582272,0,0,0,-0.11483887756275811,2.3379329722622613,0.7430449533633852,8.067304219066678,1,1.0378050244397459,1.1023840460948053,0,0,0,0.9978772558817177,1,0,0,0,1.0895210098416257,0.009164245120253926,0,10.628464232113028,1.3293784034030507,0,0,0,1,2.8473281302554962,1.9248708315715461,0,7.72646630596024,0,0,1
5.277086909949328,1.5075891751600594,0,0,0,0,0,34.839849525982466,0,0,0,-0.07083910536837452,2.199565149032609,0.7700711888629497,9.685882031172861,18,1.0279367330597378,1.174338837356977,0,0,0,0.9978772558817177,1,0,0,0,2.3304799930923483,0.013566836058379538,0,0.0,1.684643357520053,0,0,0,1,2.7057099911832494,1.809335148385226,2,7.9648785973053,0,0,1
4.23824980852763,3.0584025082892894,0,0,0,0,0,15.531217281229138,0,3,0,-0.12149201949185698,1.6787596312056676,0.9593300156655341,8.974289201068498,1,1.036021860347798,1.1484124201735928,0,0,0,0.9978772558817177,0,0,0,0,2.1041727814017923,0.016162058396659046,0,2.0437890479677443,1.1482111189622421,0,0,0,1,2.9790950970784364,1.529539098073509,1,8.127463174930005,0,0,1
5.148174991256579,2.6462175044104437,0,0,0,0,0,26.633613301207973,0,3,0,-0.08192057366423569,2.2486454690770667,1.5250698074285243,8.632334476224333,2,1.0156691270111526,1.1355230957224174,0,0,0,0.9978772558817177,0,0,0,0,1.0,0.022167080361246646,0,0.22215948911080358,0.444,0,0,0,0,2.9683447451550986,1.8952837578974233,0,7.720466207041161,0,0,2
5.228766162074977,3.1601864740643326,0,0,0,1,0,10.424431462573246,0,1,0,-0.1460242754849786,1.6787596312056676,2.3359077475275694,8.408189467845169,19,1.107149586037566,1.1078831752618705,0,0,0,0.9978772558817177,0,0,0,0,1.9551234000962743,0.020888062170677287,0,0.8568279442990935,0.9596941778735527,0,0,0,2,3.02540825911525,1.5875635152949992,1,8.796852852324323,0,0,1
3.5194085777330484,1.5121846023041376,0,0,0,0,0,27.66420121309043,1,2,0,-0.09858148167091313,1.8572125030042752,1.367700877821404,8.259550777314942,2,1.0437466884350584,1.1302440139051153,0,0,0,0.9978772558817177,0,0,0,0,1.937047781156549,0.032140358441042814,0,0.0,1.072017221510338,0,0,0,1,2.964870367488736,1.5,2,8.004126122914077,0,0,1
4.4400468926814725,2.798276110366736,0,0,0,0,0,33.599783785736534,0,1,0,-0.06597354778885378,1.6787596312056676,0.8758155461600412,8.922151425609174,2,1.0437466884350584,1.1512050559174336,0,0,0,0.9978772558817177,0,0,0,0,1.8899136069260445,0.02516502844333332,0,13.943326227012108,0.4920576260476355,0,0,0,0,2.7057099911832494,1.5,0,7.58264150982148,0,0,1
3.3244446181087426,2.8539690369255983,0,0,0,0,0,18.21693854604688,0,2,5,-0.0668932914619954,1.6787596312056676,2.3509557776560333,9.359800809320253,2,1.0318944530751275,1.1414209733843113,0,0,0,0.9978772558817177,0,0,0,0,1.28713761921673,0.03638184798882191,0,1.7697681462798587,1.0488555247784117,0,0,0,1,3.1524982963129586,2.268036131371068,1,8.958937467950022,0,0,2
4.5771779233206145,3.479795995708176,0,0,0,0,0,36.810097144547136,0,1,0,-0.08560678045840649,1.6787596312056676,1.8848326228450927,8.067304219066678,2,1.0437466884350584,1.15110220647363,0,0,0,0.9978772558817177,0,0,0,0,1.0,0.03320619443422772,0,0.0,0.8532030314234504,0,0,0,1,2.7057099911832494,1.5,1,8.495739174425179,0,0,2
5.065734054601575,1.689430928292135,0,0,0,0,1,8.302125878359412,0,2,0,-0.19387403623948368,1.6787596312056676,1.4828587124063533,8.243978748134397,1,1.0437466884350584,1.1291502449713549,0,0,0,0.9978772558817177,0,0,0,0,1.8899136069260445,0.0062053117488408095,0,0.0,1.3412512705068416,0,0,0,1,3.153682978233772,1.5,1,7.886655647253391,0,0,1
3.3773551463050557,0.8234894776299981,0,0,0,0,0,26.882304155582272,0,3,0,-0.19387403623948368,1.8923612458171757,2.196283867784056,8.37974638348394,1,1.107149586037566,1.1321954888189025,0,0,0,0.9978772558817177,0,0,0,0,1.5119331830548062,0.02046852533074664,0,18.049546239711006,0.9058955194513437,0,0,0,1,2.7057099911832494,1.5,1,7.465150594202397,0,0,1
4.949449322332566,1.7012703224704697,0,0,0,0,0,26.882304155582272,0,2,0,-0.1108347462001299,1.6787596312056676,1.5696112663243957,8.845995199250543,1,1.0437466884350584,1.1227333419988696,0,0,0,0.9978772558817177,0,0,0,0,1.894781611833048,0.008875859046814115,0,0.0,0.444,0,0,0,0,2.7057099911832494,1.5,1,8.011673616089437,0,0,2
4.317040672583516,1.5097294909785548,0,0,0,0,2,8.302125878359412,0,3,0,-0.18608827579941456,1.6787596312056676,2.211244781041154,8.067304219066678,1,1.0437466884350584,1.112436066846048,0,0,0,0.9978772558817177,0,0,0,0,1.0,0.03452351255141148,0,0.0,2.0864389633874207,0,0,0,1,2.7057099911832494,1.5,0,8.718000240567553,0,0,1
4.820933985592113,2.2548164441477487,0,0,0,0,0,8.302125878359412,0,3,0,-0.1412152618845619,1.6919937557509968,1.6592225142153243,8.51200245087696,2,1.0437466884350584,1.1577706148314544,0,0,0,0.9978772558817177,1,0,0,0,1.8899136069260445,0.009350857661441732,0,1.3645821301579055,0.7847925189515207,0,0,0,1,2.7057099911832494,1.5,0,8.461712062985045,0,0,1
4.378225064595923,1.9627514850058703,0,0,0,0,0,11.60104554218847,0,0,0,-0.17829317581412069,1.6787596312056676,2.151894258434801,8.9890433438386,1,1.0437466884350584,1.1300788267645838,0,0,0,0.9978772558817177,1,0,0,0,1.3213108213136258,0.011433152521242166,0,2.2648215102689973,1.3769198986289297,0,0,0,0,2.7057099911832494,1.5,0,7.974637582993132,0,0,1
4.195095476959449,2.1322596896443655,0,0,0,0,0,33.90440342466513,0,2,0,-0.14997425821425706,1.6787596312056676,2.176118386274156,8.288272609435117,2,1.0437466884350584,1.1358125718852643,0,0,0,0.9978772558817177,0,0,0,0,1.0,0.03252077042324816,0,0.0,0.444,0,0,0,0,2.7057099911832494,1.5,1,6.49550264485394,0,0,1
3.2052811842053197,2.4719572510049126,0,0,0,0,0,32.867059534565826,0,1,3,-0.0652858877839167,1.9123658039272013,1.398890526056975,8.853051151205577,1,1.0296420106282853,1.1421042771302368,0,0,0,0.9978772558817177,0,0,0,0,2.072850582737064,0.01683113846000405,0,1.7378556160714271,0.9169810093819187,0,10,0,1,2.737481603992473,1.9159971223309613,0,8.099301259216947,0,0,1
4.765584440576717,2.292269891094377,0,0,0,0,0,28.28255949070556,0,0,0,-0.06265592482262691,2.1301180856266084,2.190852093624982,9.452137859017668,8,1.0392523468010846,1.1003010734048664,0,0,0,1.0161967142438373,0,0,0,0,1.0114264862089326,-0.0033924885070162683,0,1.4989327403137929,0.587488790152125,0,0,0,1,3.102045859708912,1.5222511147745856,1,9.014033730351262,0,0,1
4.254516042701891,3.108539218527116,0,0,2,0,0,24.698086899791722,2,2,0,-0.05969775342865571,2.3239853246923117,1.9921435360135284,9.065259418610971,1,1.0437466884350584,1.139932283489166,0,0,0,0.9978772558817177,1,0,0,0,2.062617114169467,-0.0018470089745963938,0,20.56643362004715,1.9314193709553376,0,0,0,1,3.3262597629157744,1.8566600597916199,0,8.438182896213883,0,0,1
5.060064559243632,3.274026602139059,0,0,0,0,0,32.40328161384312,0,2,0,-0.015299281403608327,2.045908206735706,1.9754379983782837,8.665373440979232,1,1.0437466884350584,1.1311518578067101,0,0,0,0.9978772558817177,1,0,0,0,1.5633171886558932,0.0258226016551031,0,2.509044876405999,0.6792483597491739,0,0,0,1,3.152176037967836,2.1103252994219837,1,8.592491219457955,0,0,1
5.184137026651442,2.5565148661168604,0,0,1,0,2,9.51142716347394,1,2,0,-0.10366418655593006,2.281492838992568,2.204512742369782,8.69364414682106,1,1.0351522135846412,1.1081638632547057,0,0,0,0.9978772558817177,0,0,0,0,1.961847591106874,0.0010451352477440815,0,23.84776763850243,0.8624093063686554,0,0,0,0,2.894779536020586,2.5216214842245184,1,7.612623876670961,0,0,1
4.314647337775813,2.7848504429092946,0,0,0,0,1,15.291957119090956,0,1,0,-0.10644696796991046,1.6787596312056676,2.2161645973224715,8.6921561090551,2,1.0437466884350584,1.1567384354436951,0,0,0,0.9978772558817177,1,0,0,0,1.1627852390227498,0.029105752482715873,0,0.9357200869710377,0.9461905678683328,0,0,0,1,2.7057099911832494,1.5,2,9.642010233090602,0,0,1
4.83452342466474,2.3265249765383706,0,0,0,0,0,38.70125489377175,0,2,0,-0.11636815611777326,1.6787596312056676,1.5344418848594235,9.709000869886665,0,1.0030626835964431,1.1437232497659742,0,0,0,1.0355606659661474,0,0,0,0,1.8695071807683343,0.05121578422279415,0,0.7932758574588664,1.8236430188133228,0,0,0,1,3.079607008747364,1.8672025805684713,6,8.039876319230792,0,0,1
4.690190534891418,2.740849266394826,0,0,0,0,0,32.94770755992962,0,3,0,-0.10958484787588146,2.396419060488531,1.6394649629932407,8.906898629879223,0,1.013886448418754,1.1253628383219312,0,0,0,0.9978772558817177,0,0,0,0,2.2202751397849116,-0.0020171299242292364,0,0.0,1.3226486156862294,0,0,0,1,3.123685459771104,1.6723322195796124,2,7.4919165809919175,0,0,2
4.078993916032153,2.5303785042272313,0,0,0,0,0,31.653237627222218,0,0,0,-0.09200273365322205,1.6787596312056676,2.803139355497585,9.161298394454825,2,1.0437466884350584,1.172316836586712,0,0,0,0.9213368401012894,1,0,0,0,1.9488479972999682,0.02750112085877341,0,0.5615500249555376,0.444,0,0,0,1,2.7057099911832494,1.5,2,9.080403574841824,0,0,1
4.927024125543872,1.874429934768905,0,0,0,0,0,33.88401835678566,0,2,0,-0.10179241962239048,2.004222552462873,1.1146584502973313,9.456637680192648,2,1.0334829249613888,1.1492605336742847,0,0,0,0.9978772558817177,0,0,0,0,1.6104287950612914,0.028674716603057638,0,0.3236329461911867,0.9042996626647931,0,0,0,1,2.855615225929902,1.7375383176758976,1,8.112468507771784,0,0,1
5.092875721636735,2.045053442882958,0,0,0,0,0,28.592538170847064,0,1,0,-0.03307506019420984,1.6787596312056676,1.8731940641181914,8.860657557688652,2,1.0437466884350584,1.1249875466223818,0,0,0,0.9978772558817177,1,0,0,0,1.0,0.015581558436085123,0,0.0,0.9578020940590928,0,0,0,1,2.7057099911832494,1.5,1,8.744926263290775,0,0,1
5.227599713461974,1.7587830211708027,0,0,0,0,0,8.302125878359412,0,2,0,-0.1500642333891532,1.6787596312056676,0.9229112325685126,8.372182474403898,2,1.0335816535328062,1.1024199157132235,0,0,0,0.9978772558817177,0,0,0,0,1.0,0.01990129457457576,0,0.0,1.4508500409655545,0,0,0,0,2.7057099911832494,1.5,1,7.042061706426301,0,0,1
4.8945036174992556,1.7767892507687815,0,0,0,0,1,31.447156172012885,0,0,0,-0.15215140869930002,1.6787596312056676,2.56765681459679,8.80696950714236,2,1.1069801508855264,1.1291622078163541,0,0,0,0.9978772558817177,0,0,0,0,1.0,0.02188229320601505,0,0.5641377683197604,1.7770980192333679,0,0,0,1,2.726766514017137,1.5,0,8.932627757758226,0,0,1
4.001822064216641,3.2987370578085344,0,0,0,0,2,34.61619973566645,0,3,0,-0.059200845861576,1.8510683104388055,1.336099027149027,9.009537905049143,2,1.0437466884350584,1.1833537566264236,0,0,0,0.9978772558817177,1,0,0,0,1.1719897876364866,0.03858463903611559,0,2.840298678694797,2.2200749226367136,0,0,0,1,2.7057099911832494,2.0787722145799323,0,9.787763106149747,0,0,1
4.469098780841725,2.0289232012010014,0,0,0,0,0,35.155341718895194,0,0,0,0.0040542565020963315,1.6787596312056676,1.718216926087016,8.067304219066678,2,1.0638566779989262,1.1581225161802107,0,0,0,0.9978772558817177,0,0,0,0,2.0006666377855344,0.034510263657812304,0,1.2086314763881554,1.7297556706623953,0,0,0,1,2.986968791237038,1.885926495431005,1,9.336824944618533,0,0,1
5.347561149739523,1.7824685997142748,0,0,0,0,0,8.302125878359412,0,0,0,-0.10938344305906864,1.6787596312056676,1.9441556222640641,8.067304219066678,2,1.0397688356830497,1.0864758949178555,0,0,0,0.9978772558817177,0,0,0,0,1.0,0.02224518165159206,0,0.11716473319139503,1.2246114500864,0,0,0,1,2.968608253508891,1.5,2,7.547328167517585,0,0,1
4.735959381684796,3.3684932111695978,0,0,0,0,0,31.671225365554257,0,0,0,-0.16339946868593905,1.6787596312056676,1.2714172109899513,9.031506924973788,16,1.0437466884350584,1.125782370226414,0,0,0,0.9978772558817177,0,0,0,0,1.9344950893994297,0.012483143743856784,0,19.280829147858896,0.9402948754436029,0,0,0,1,3.167777417913909,1.548044613503239,0,8.117332539621527,0,0,1
