step,mean_energy,finite_energy,finite_grad,grad_norm_mean,grad_norm_median,grad_norm_p95,grad_norm_max,x_abs_max
1,-5.00994873046875,True,True,0.13826459646224976,0.10883133113384247,0.3479960858821869,0.7806270718574524,9.026910781860352
2,-4.954254150390625,True,True,0.140546053647995,0.10629545152187347,0.38254740834236145,0.8824846744537354,9.019461631774902
3,-4.913200378417969,True,True,0.13812662661075592,0.10729923844337463,0.35919618606567383,0.8161293268203735,9.026719093322754
4,-4.857265472412109,True,True,0.13461516797542572,0.1036539152264595,0.3774756193161011,0.6369274258613586,9.017279624938965
5,-4.803981781005859,True,True,0.12983179092407227,0.09831801056861877,0.3603055775165558,0.7206112742424011,9.010115623474121
6,-4.756011962890625,True,True,0.12765559554100037,0.10386524349451065,0.32300707697868347,0.6525653004646301,9.01120376586914
7,-4.703102111816406,True,True,0.12987053394317627,0.09145001322031021,0.37789827585220337,0.7358266115188599,9.037721633911133
8,-4.6438446044921875,True,True,0.12773114442825317,0.09720856696367264,0.35037344694137573,0.7514644265174866,9.041065216064453
9,-4.604900360107422,True,True,0.12389654666185379,0.09345757961273193,0.34398093819618225,0.6800373196601868,9.041855812072754
10,-4.573677062988281,True,True,0.12577107548713684,0.09641610085964203,0.36833587288856506,0.6479162573814392,9.039350509643555
11,-4.529918670654297,True,True,0.1224345862865448,0.09171416610479355,0.3455129563808441,0.7768232226371765,9.0498685836792
12,-4.496286392211914,True,True,0.12186551839113235,0.09187266230583191,0.31629765033721924,0.8173972368240356,9.053337097167969
13,-4.456817626953125,True,True,0.12359292805194855,0.09345757961273193,0.3362147808074951,0.8512089252471924,9.035243034362793
14,-4.421579360961914,True,True,0.11769632995128632,0.08674807846546173,0.31508249044418335,0.8173972368240356,9.039320945739746
15,-4.400123596191406,True,True,0.12034548819065094,0.09250662475824356,0.29358044266700745,1.0709848403930664,9.054862976074219
16,-4.368766784667969,True,True,0.12030669301748276,0.08912546187639236,0.3185165226459503,1.1386082172393799,9.052521705627441
17,-4.336891174316406,True,True,0.11629216372966766,0.08410654217004776,0.299603134393692,0.8250048756599426,9.040055274963379
18,-4.2956390380859375,True,True,0.11129536479711533,0.08558580279350281,0.285286009311676,0.8389521837234497,9.052927017211914
19,-4.281242370605469,True,True,0.10686615109443665,0.08759336918592453,0.26843300461769104,0.9103793501853943,9.056994438171387
20,-4.272010803222656,True,True,0.1064886674284935,0.09181983023881912,0.255119651556015,0.7235698699951172,9.03741455078125
21,-4.246620178222656,True,True,0.1085604876279831,0.08669525384902954,0.28105953335762024,0.5811381936073303,9.04691219329834
22,-4.205413818359375,True,True,0.10768550634384155,0.08394805341959,0.27551230788230896,0.6787694096565247,9.050881385803223
23,-4.184803009033203,True,True,0.10545718669891357,0.08040839433670044,0.2749839425086975,0.7506191730499268,9.0331449508667
24,-4.1617889404296875,True,True,0.10154254734516144,0.08241596072912216,0.2724481225013733,0.6398859620094299,9.025097846984863
25,-4.114543914794922,True,True,0.10483632981777191,0.08294426649808884,0.28190484642982483,0.7641438841819763,9.036612510681152
26,-4.106159210205078,True,True,0.10044437646865845,0.07818949967622757,0.30879566073417664,0.4021475911140442,9.040312767028809
27,-4.093742370605469,True,True,0.09629958868026733,0.07147999107837677,0.25633475184440613,0.44927260279655457,9.04423999786377
28,-4.063304901123047,True,True,0.09839797019958496,0.07517814636230469,0.2782595157623291,0.5291527509689331,9.066047668457031
29,-4.032722473144531,True,True,0.09901484847068787,0.07655174285173416,0.2723952531814575,0.45349907875061035,9.048783302307129
30,-4.016761779785156,True,True,0.09995251893997192,0.07713288813829422,0.26753488183021545,0.3672793209552765,9.059061050415039
31,-4.005886077880859,True,True,0.10088148713111877,0.08452919125556946,0.25612345337867737,0.46068406105041504,9.070051193237305
32,-3.9900894165039062,True,True,0.10231097042560577,0.08157066255807877,0.2707575559616089,0.41102316975593567,9.072015762329102
33,-3.9750595092773438,True,True,0.10150885581970215,0.08072537183761597,0.27049338817596436,0.42877429723739624,9.079313278198242
34,-3.946483612060547,True,True,0.09824155271053314,0.07306491583585739,0.2616178095340729,0.4095439016819,9.097221374511719
35,-3.9256858825683594,True,True,0.09993737936019897,0.07977442443370819,0.26462918519973755,0.3852417767047882,9.103723526000977
36,-3.8940277099609375,True,True,0.1002064049243927,0.08146500587463379,0.26927828788757324,0.3592490553855896,9.097296714782715
37,-3.8777122497558594,True,True,0.09846044331789017,0.0742800235748291,0.27302926778793335,0.37911340594291687,9.090288162231445
38,-3.861408233642578,True,True,0.10000024735927582,0.07692155987024307,0.25453847646713257,0.45941612124443054,9.101937294006348
39,-3.8474159240722656,True,True,0.1011575385928154,0.08621976524591446,0.25126296281814575,0.6796146631240845,9.107887268066406
40,-3.8137283325195312,True,True,0.10346318781375885,0.08093669265508652,0.26716506481170654,0.7493512630462646,9.089754104614258
41,-3.796001434326172,True,True,0.1032264307141304,0.07739703357219696,0.29109740257263184,0.6103007197380066,9.079959869384766
42,-3.7682838439941406,True,True,0.10139493644237518,0.07338190078735352,0.27894628047943115,0.5659229159355164,9.084810256958008
43,-3.7546005249023438,True,True,0.10301755368709564,0.08262728154659271,0.28058406710624695,0.5215451121330261,9.068268775939941
44,-3.7311058044433594,True,True,0.10048793256282806,0.08278577029705048,0.2774141728878021,0.46195200085639954,9.0628080368042
45,-3.7146053314208984,True,True,0.09983770549297333,0.0806197077035904,0.26029708981513977,0.5261942148208618,9.058114051818848
46,-3.688291549682617,True,True,0.1008005142211914,0.08304993063211441,0.2585007846355438,0.6491841673851013,9.066475868225098
47,-3.68084716796875,True,True,0.09812027961015701,0.07908762246370316,0.27646324038505554,0.5701493620872498,9.080195426940918
48,-3.6578750610351562,True,True,0.09419794380664825,0.07533663511276245,0.2547498345375061,0.44969525933265686,9.084538459777832
49,-3.6487483978271484,True,True,0.09103724360466003,0.07232528924942017,0.24418368935585022,0.46406522393226624,9.078880310058594
50,-3.6409378051757812,True,True,0.0903220847249031,0.07105734944343567,0.24877995252609253,0.45392173528671265,9.076220512390137
51,-3.6001968383789062,True,True,0.0938800498843193,0.06852147728204727,0.24191193282604218,0.7020148634910583,9.070487976074219
52,-3.5875539779663086,True,True,0.09432744234800339,0.06984224915504456,0.25754988193511963,0.7637211680412292,9.073928833007812
53,-3.5807247161865234,True,True,0.09481845796108246,0.07433285564184189,0.2517912983894348,0.6293198466300964,9.077701568603516
54,-3.574542999267578,True,True,0.09596308320760727,0.06794033199548721,0.24830445647239685,0.7540003061294556,9.079046249389648
55,-3.566582679748535,True,True,0.09171243757009506,0.06434784829616547,0.24566292762756348,0.7459700703620911,9.087995529174805
56,-3.5479087829589844,True,True,0.08852381259202957,0.064664825797081,0.24751201272010803,0.7497738599777222,9.09450912475586
57,-3.5509872436523438,True,True,0.08742904663085938,0.0633968934416771,0.23789678514003754,0.5676135420799255,9.08059024810791
58,-3.532724380493164,True,True,0.09217294305562973,0.06619691848754883,0.24148927628993988,0.6432671546936035,9.070619583129883
59,-3.506720542907715,True,True,0.08889457583427429,0.07031772285699844,0.23409301042556763,0.41060054302215576,9.060851097106934
60,-3.503467559814453,True,True,0.08901284635066986,0.07380454987287521,0.2305004894733429,0.42961958050727844,9.06808853149414
61,-3.4990644454956055,True,True,0.08694104850292206,0.0701063945889473,0.22590422630310059,0.45223113894462585,9.060999870300293
62,-3.4925012588500977,True,True,0.0874900221824646,0.06767618656158447,0.24407799541950226,0.46491050720214844,9.060538291931152
63,-3.4759902954101562,True,True,0.08887390047311783,0.07338190078735352,0.23203259706497192,0.37298503518104553,9.042914390563965
64,-3.4631729125976562,True,True,0.08969815075397491,0.06698938459157944,0.24328553676605225,0.5215451121330261,9.051586151123047
65,-3.460803985595703,True,True,0.09038063138723373,0.0663025826215744,0.22949671745300293,0.4370158910751343,9.057293891906738
66,-3.455812454223633,True,True,0.0899246409535408,0.06836298108100891,0.24043264985084534,0.4251818060874939,9.042612075805664
67,-3.4475364685058594,True,True,0.08831091225147247,0.07042337954044342,0.2518969774246216,0.3945399820804596,9.039058685302734
68,-3.4324426651000977,True,True,0.09281080961227417,0.07454417645931244,0.2468252182006836,0.4277176558971405,9.045080184936523
69,-3.425893783569336,True,True,0.08883266896009445,0.06947242468595505,0.2476176768541336,0.4742087125778198,9.048845291137695
70,-3.4080772399902344,True,True,0.09025396406650543,0.06577427685260773,0.2442893534898758,0.5257715582847595,9.066060066223145
71,-3.3934249877929688,True,True,0.08915521204471588,0.0641893520951271,0.24001005291938782,0.4103891849517822,9.079507827758789
72,-3.3842506408691406,True,True,0.08863743394613266,0.06931393593549728,0.22891558706760406,0.4906919300556183,9.085393905639648
73,-3.384824752807617,True,True,0.08814883232116699,0.06603842973709106,0.22770041227340698,0.5181639194488525,9.075216293334961
74,-3.3665771484375,True,True,0.08716071397066116,0.06804599612951279,0.2250588834285736,0.45688024163246155,9.092710494995117
75,-3.3533477783203125,True,True,0.08765845000743866,0.06957808881998062,0.2498365342617035,0.46110668778419495,9.072312355041504
76,-3.3413448333740234,True,True,0.0920681282877922,0.07005356252193451,0.24925543367862701,0.427295058965683,9.077702522277832
77,-3.328012466430664,True,True,0.08973821252584457,0.06836298108100891,0.23467415571212769,0.3941173255443573,9.06125545501709
78,-3.3036956787109375,True,True,0.09148955345153809,0.06957808881998062,0.24275724589824677,0.632278323173523,9.075371742248535
79,-3.3061017990112305,True,True,0.08919017016887665,0.06741202622652054,0.24909690022468567,0.4226459264755249,9.076454162597656
80,-3.30086088180542,True,True,0.08839791268110275,0.06762334704399109,0.23615337908267975,0.4944957196712494,9.093031883239746
81,-3.294053077697754,True,True,0.08971787989139557,0.07147999107837677,0.2296023666858673,0.4961863160133362,9.07802677154541
82,-3.2872133255004883,True,True,0.09144765138626099,0.07079319655895233,0.2571800649166107,0.4725181460380554,9.094491958618164
83,-3.2875852584838867,True,True,0.09511597454547882,0.07105734944343567,0.2737160921096802,0.5012580752372742,9.098592758178711
84,-3.2764720916748047,True,True,0.09030613303184509,0.071321502327919,0.2439195215702057,0.45054054260253906,9.098945617675781
85,-3.2653050422668457,True,True,0.0898815244436264,0.07153282314538956,0.25448569655418396,0.4403970539569855,9.10373592376709
86,-3.2591629028320312,True,True,0.09024918079376221,0.0747026726603508,0.2388477325439453,0.40890994668006897,9.118389129638672
87,-3.2427377700805664,True,True,0.0913490355014801,0.07380454987287521,0.2523196339607239,0.5122469067573547,9.1240873336792
88,-3.2161784172058105,True,True,0.09010379016399384,0.07190264016389847,0.24376101791858673,0.5570473670959473,9.126666069030762
89,-3.205090045928955,True,True,0.0897035300731659,0.0633968934416771,0.252742201089859,0.4809710383415222,9.139264106750488
90,-3.1986136436462402,True,True,0.09259070456027985,0.06223461404442787,0.27921047806739807,0.5743758082389832,9.147106170654297
91,-3.189192771911621,True,True,0.09049244225025177,0.06514030694961548,0.26172348856925964,0.531265914440155,9.14114761352539
92,-3.1958131790161133,True,True,0.09130464494228363,0.07095169275999069,0.22357967495918274,0.4936504364013672,9.136571884155273
93,-3.195324659347534,True,True,0.08948203921318054,0.06836298108100891,0.22632688283920288,0.554088830947876,9.13862419128418
94,-3.186760902404785,True,True,0.08761796355247498,0.06635541468858719,0.2274891585111618,0.39094749093055725,9.153487205505371
95,-3.189359664916992,True,True,0.09235742688179016,0.06535163521766663,0.2287042737007141,0.5456359386444092,9.162331581115723
96,-3.183229446411133,True,True,0.08815641701221466,0.06498181074857712,0.22532305121421814,0.3852417767047882,9.162264823913574
97,-3.162820339202881,True,True,0.0878957062959671,0.06397803127765656,0.24196477234363556,0.46448788046836853,9.144635200500488
98,-3.1522088050842285,True,True,0.08632064610719681,0.0633968934416771,0.22664384543895721,0.45941612124443054,9.152499198913574
99,-3.153505325317383,True,True,0.08377060294151306,0.06112516671419144,0.24333837628364563,0.5697267055511475,9.155645370483398
100,-3.1403045654296875,True,True,0.08347120881080627,0.062181781977415085,0.20971158146858215,0.5655002593994141,9.14902400970459
101,-3.1295652389526367,True,True,0.08558880537748337,0.06593276560306549,0.23271939158439636,0.4982995390892029,9.15415096282959
102,-3.123302459716797,True,True,0.08391346782445908,0.060755353420972824,0.22262872755527496,0.45772555470466614,9.143689155578613
103,-3.110963821411133,True,True,0.08386821299791336,0.05843080207705498,0.227594792842865,0.531265914440155,9.13912582397461
104,-3.1047935485839844,True,True,0.08326654136180878,0.06123083084821701,0.21967020630836487,0.564232349395752,9.164542198181152
105,-3.0972018241882324,True,True,0.08288048207759857,0.059910062700510025,0.2149418592453003,0.5971987247467041,9.162981986999512
106,-3.0990819931030273,True,True,0.08246579021215439,0.060966674238443375,0.21393804252147675,0.6115686893463135,9.161272048950195
107,-3.0917601585388184,True,True,0.07935997098684311,0.05621190741658211,0.20870783925056458,0.7206112742424011,9.16694450378418
108,-3.0913777351379395,True,True,0.07778054475784302,0.05663455277681351,0.21396449208259583,0.5895910859107971,9.172101020812988
109,-3.1003198623657227,True,True,0.07974424958229065,0.05858929455280304,0.2132248729467392,0.7273736596107483,9.178053855895996
110,-3.1055779457092285,True,True,0.08038130402565002,0.05837797001004219,0.2157079130411148,0.641153872013092,9.181764602661133
111,-3.084343910217285,True,True,0.07861793041229248,0.05557794123888016,0.22743630409240723,0.6834184527397156,9.188125610351562
112,-3.0839009284973145,True,True,0.08036904036998749,0.053834524005651474,0.23858360946178436,0.4733634293079376,9.178426742553711
113,-3.0833683013916016,True,True,0.07940511405467987,0.056687384843826294,0.23932324349880219,0.3873549997806549,9.183043479919434
114,-3.077564239501953,True,True,0.08245638012886047,0.06006855145096779,0.23293066024780273,0.38038134574890137,9.189033508300781
115,-3.0742998123168945,True,True,0.08063182234764099,0.057479843497276306,0.21967017650604248,0.37108314037323,9.186511039733887
116,-3.079835891723633,True,True,0.0827602818608284,0.06403086334466934,0.26631975173950195,0.4209553301334381,9.189872741699219
117,-3.0753650665283203,True,True,0.08360942453145981,0.06329122930765152,0.2703348994255066,0.39348337054252625,9.187849044799805
118,-3.0560851097106934,True,True,0.0809798389673233,0.06006855145096779,0.2460327297449112,0.3886229395866394,9.17486572265625
119,-3.0557069778442383,True,True,0.08225046098232269,0.05927608907222748,0.24497614800930023,0.4017249345779419,9.173515319824219
120,-3.041203498840332,True,True,0.08323074877262115,0.06271009147167206,0.2547498345375061,0.3843964636325836,9.196755409240723
121,-3.0394089221954346,True,True,0.08380991220474243,0.06408368796110153,0.22939106822013855,0.36791330575942993,9.17702579498291
122,-3.028278350830078,True,True,0.08030889928340912,0.06519313901662827,0.21145503222942352,0.45730289816856384,9.177544593811035
123,-3.0130207538604736,True,True,0.07955856621265411,0.05964590609073639,0.21615691483020782,0.46448788046836853,9.175537109375
124,-3.0053939819335938,True,True,0.08262403309345245,0.06027987226843834,0.23652319610118866,0.373619019985199,9.169898986816406
125,-2.997736930847168,True,True,0.07940065115690231,0.0600157231092453,0.20471911132335663,0.35438862442970276,9.178582191467285
126,-2.9899091720581055,True,True,0.07984831929206848,0.05821947753429413,0.21203617751598358,0.36115095019340515,9.183295249938965
127,-2.96743106842041,True,True,0.08147052675485611,0.059910062700510025,0.21507392823696136,0.3482602536678314,9.195582389831543
128,-2.9495344161987305,True,True,0.07894881069660187,0.058272309601306915,0.21396449208259583,0.30916550755500793,9.189251899719238
129,-2.955610752105713,True,True,0.07787666469812393,0.056053418666124344,0.22014568746089935,0.33600351214408875,9.167845726013184
130,-2.9421753883361816,True,True,0.07785457372665405,0.05737418681383133,0.2165267914533615,0.42792901396751404,9.163752555847168
131,-2.9342126846313477,True,True,0.07795149087905884,0.05515529215335846,0.21391166746616364,0.3958079218864441,9.168754577636719
132,-2.9436824321746826,True,True,0.08054269105195999,0.053993016481399536,0.1990133821964264,0.4357479512691498,9.168075561523438
133,-2.945971965789795,True,True,0.08138035237789154,0.057691168040037155,0.20685873925685883,0.878258228302002,9.180801391601562
134,-2.9446258544921875,True,True,0.08133511990308762,0.06059686094522476,0.1985643357038498,0.6377726793289185,9.174275398254395
135,-2.934741497039795,True,True,0.08054199814796448,0.057268526405096054,0.20548515021800995,0.7032828330993652,9.155458450317383
136,-2.934678554534912,True,True,0.08128346502780914,0.05700436979532242,0.21797963976860046,0.7223019003868103,9.14975643157959
137,-2.9367854595184326,True,True,0.07892656326293945,0.05663455277681351,0.2056436538696289,0.6022704839706421,9.155298233032227
138,-2.9211416244506836,True,True,0.08030805736780167,0.060332704335451126,0.19692657887935638,0.6627088785171509,9.153985023498535
139,-2.9269561767578125,True,True,0.08018901944160461,0.061547812074422836,0.2026851326227188,0.5021033883094788,9.159536361694336
140,-2.9174766540527344,True,True,0.08128615468740463,0.057691168040037155,0.19914546608924866,0.5130922198295593,9.160238265991211
141,-2.9124324321746826,True,True,0.08240201324224472,0.06286858022212982,0.20897194743156433,0.36241888999938965,9.177034378051758
142,-2.908844470977783,True,True,0.08241746574640274,0.061389319598674774,0.20131152868270874,0.3600943386554718,9.189330101013184
143,-2.8963522911071777,True,True,0.08127040416002274,0.06107233837246895,0.21002860367298126,0.3797473907470703,9.200128555297852
144,-2.8911001682281494,True,True,0.08126520365476608,0.06223461404442787,0.2123795747756958,0.35312068462371826,9.21251106262207
145,-2.886995315551758,True,True,0.0784749761223793,0.06123083084821701,0.20461344718933105,0.30198052525520325,9.22148323059082
146,-2.8937458992004395,True,True,0.07614803314208984,0.058694954961538315,0.20308136940002441,0.40806466341018677,9.228808403015137
147,-2.887606143951416,True,True,0.07528150081634521,0.05594775453209877,0.20183981955051422,0.2912030518054962,9.229843139648438
148,-2.895357608795166,True,True,0.07370943576097488,0.05322697013616562,0.1880510151386261,0.3795360326766968,9.250847816467285
149,-2.878920078277588,True,True,0.0741853266954422,0.056476060301065445,0.1926208883523941,0.358403742313385,9.256487846374512
150,-2.8765954971313477,True,True,0.07630525529384613,0.06049119681119919,0.19650393724441528,0.32712796330451965,9.258145332336426
151,-2.8599023818969727,True,True,0.07652866840362549,0.057110030204057693,0.20220965147018433,0.36072829365730286,9.276727676391602
152,-2.873870849609375,True,True,0.07635541260242462,0.05652889236807823,0.19840584695339203,0.312335342168808,9.267399787902832
153,-2.8656673431396484,True,True,0.07843824476003647,0.05758550763130188,0.2144399732351303,0.2933162748813629,9.263632774353027
154,-2.8629555702209473,True,True,0.07475709915161133,0.05304206535220146,0.19972661137580872,0.30874285101890564,9.266268730163574
155,-2.8556761741638184,True,True,0.07502543926239014,0.055472277104854584,0.19996435940265656,0.29648610949516296,9.275956153869629
156,-2.8561038970947266,True,True,0.07540260255336761,0.05436283349990845,0.20910406112670898,0.3121240437030792,9.27445125579834
157,-2.8581581115722656,True,True,0.07538248598575592,0.056053418666124344,0.20329265296459198,0.34678101539611816,9.287858009338379
158,-2.8614182472229004,True,True,0.07556676864624023,0.05674021691083908,0.23076465725898743,0.3953852653503418,9.296321868896484
159,-2.85848331451416,True,True,0.07431860268115997,0.05322697013616562,0.22273440659046173,0.35185274481773376,9.294240951538086
160,-2.856410503387451,True,True,0.07089196145534515,0.051483556628227234,0.1965831071138382,0.30916550755500793,9.29089069366455
161,-2.8495230674743652,True,True,0.0736345425248146,0.05536661669611931,0.19734923541545868,0.30409377813339233,9.293456077575684
162,-2.842857837677002,True,True,0.07638904452323914,0.0587477833032608,0.20413798093795776,0.33811676502227783,9.259011268615723
163,-2.843648910522461,True,True,0.07508676499128342,0.05996289104223251,0.1993832141160965,0.3290298581123352,9.252345085144043
164,-2.8355727195739746,True,True,0.07333644479513168,0.05843080207705498,0.20712292194366455,0.3298751413822174,9.256797790527344
165,-2.8357458114624023,True,True,0.07292407751083374,0.05758550763130188,0.20405873656272888,0.2757764756679535,9.25694751739502
166,-2.8341643810272217,True,True,0.07557770609855652,0.05880061164498329,0.2044285386800766,0.29648610949516296,9.25299072265625
167,-2.8340814113616943,True,True,0.07642315328121185,0.05446849390864372,0.2140701413154602,0.3243807554244995,9.266087532043457
168,-2.8228278160095215,True,True,0.0763927474617958,0.05573643371462822,0.21391166746616364,0.32586002349853516,9.25841236114502
169,-2.8234610557556152,True,True,0.07739244401454926,0.06107233837246895,0.20041342079639435,0.2793689966201782,9.282723426818848
170,-2.8129172325134277,True,True,0.07656477391719818,0.05621190741658211,0.2283872365951538,0.31867504119873047,9.282883644104004
171,-2.80615234375,True,True,0.07639457285404205,0.05689870938658714,0.2078096866607666,0.2945842146873474,9.276586532592773
172,-2.8018343448638916,True,True,0.07981044054031372,0.06207612156867981,0.2085757553577423,0.39686450362205505,9.278642654418945
173,-2.7931246757507324,True,True,0.07737630605697632,0.05943458527326584,0.1863340139389038,0.32501471042633057,9.274246215820312
174,-2.792250633239746,True,True,0.07969219982624054,0.06207612156867981,0.2069379985332489,0.3550225794315338,9.270647048950195
175,-2.788397789001465,True,True,0.08120778203010559,0.06429501622915268,0.21047766506671906,0.3438224792480469,9.26159381866455
176,-2.789834499359131,True,True,0.08153627812862396,0.06144215166568756,0.21663245558738708,0.3617849349975586,9.264713287353516
177,-2.802083730697632,True,True,0.07931821793317795,0.06006855145096779,0.20073039829730988,0.36537742614746094,9.27398681640625
178,-2.7900381088256836,True,True,0.08063960820436478,0.06440067291259766,0.19991153478622437,0.32121092081069946,9.278304100036621
179,-2.784249782562256,True,True,0.07671407610177994,0.06202328950166702,0.20424363017082214,0.3406526446342468,9.28545093536377
180,-2.786296844482422,True,True,0.07654336839914322,0.06302708387374878,0.19370390474796295,0.32163357734680176,9.27902603149414
181,-2.789158821105957,True,True,0.07634666562080383,0.059540245682001114,0.20030775666236877,0.26499900221824646,9.269063949584961
182,-2.7935807704925537,True,True,0.07726162672042847,0.05753267556428909,0.20545874536037445,0.30705225467681885,9.279353141784668
183,-2.8116602897644043,True,True,0.07861295342445374,0.060755353420972824,0.2099229246377945,0.3395960032939911,9.272924423217773
184,-2.80991530418396,True,True,0.07926386594772339,0.06381954252719879,0.2153380811214447,0.4336347281932831,9.276898384094238
185,-2.814495801925659,True,True,0.07997524738311768,0.06107233837246895,0.21351544559001923,0.41989874839782715,9.2780122756958
186,-2.8147623538970947,True,True,0.0770886093378067,0.05901193618774414,0.209896519780159,0.36664536595344543,9.2915678024292
187,-2.8289437294006348,True,True,0.076449915766716,0.057479843497276306,0.20453420281410217,0.46237462759017944,9.28061294555664
188,-2.816135883331299,True,True,0.07682611793279648,0.061970457434654236,0.19053404033184052,0.45688024163246155,9.274197578430176
189,-2.8150582313537598,True,True,0.07832515239715576,0.060174211859703064,0.20297570526599884,0.4226459264755249,9.266823768615723
190,-2.8060860633850098,True,True,0.07877635955810547,0.061547812074422836,0.2064625322818756,0.4797031283378601,9.272601127624512
191,-2.7911126613616943,True,True,0.07801607251167297,0.05943458527326584,0.20791539549827576,0.4374385476112366,9.279212951660156
192,-2.770474910736084,True,True,0.0762888491153717,0.06276292353868484,0.19177554547786713,0.38207194209098816,9.294513702392578
193,-2.76847505569458,True,True,0.0751895159482956,0.061336491256952286,0.1884736567735672,0.3298751413822174,9.291581153869629
194,-2.7604990005493164,True,True,0.07469648122787476,0.06012137979269028,0.18448494374752045,0.3457243740558624,9.303031921386719
195,-2.7664873600006104,True,True,0.07479125261306763,0.06683088839054108,0.18503965437412262,0.2812708914279938,9.318670272827148
196,-2.7539703845977783,True,True,0.0759202390909195,0.0654572919011116,0.18786612153053284,0.2740859091281891,9.310718536376953
197,-2.7631733417510986,True,True,0.07483664155006409,0.06186479702591896,0.18651893734931946,0.26838019490242004,9.30965805053711
198,-2.750014066696167,True,True,0.07285583019256592,0.06228744238615036,0.19296427071094513,0.34678101539611816,9.302542686462402
199,-2.7485620975494385,True,True,0.07710710167884827,0.06228744238615036,0.2144399732351303,0.39475131034851074,9.308490753173828
200,-2.740583896636963,True,True,0.07642930001020432,0.06107233837246895,0.20279079675674438,0.39686450362205505,9.326576232910156
201,-2.729094982147217,True,True,0.07592357695102692,0.062393106520175934,0.19830013811588287,0.38714367151260376,9.334120750427246
202,-2.720858573913574,True,True,0.07473356276750565,0.060544028878211975,0.19378314912319183,0.3915814459323883,9.335317611694336
203,-2.725222587585449,True,True,0.07607902586460114,0.05674021691083908,0.2014964371919632,0.5333791971206665,9.322813034057617
204,-2.711754560470581,True,True,0.07492221891880035,0.059328921139240265,0.192303866147995,0.30747491121292114,9.328779220581055
205,-2.7099218368530273,True,True,0.07308721542358398,0.06022704392671585,0.18194906413555145,0.34720364212989807,9.336298942565918
206,-2.691998243331909,True,True,0.07235215604305267,0.05589492619037628,0.17774902284145355,0.35185274481773376,9.335169792175293
207,-2.6917834281921387,True,True,0.07172495871782303,0.05779682844877243,0.18477553129196167,0.40658536553382874,9.342195510864258
208,-2.682630777359009,True,True,0.07310521602630615,0.06022704392671585,0.1993303745985031,0.37044915556907654,9.343133926391602
209,-2.6777310371398926,True,True,0.0748751163482666,0.06049119681119919,0.1947340965270996,0.4072193503379822,9.338418006896973
210,-2.6678109169006348,True,True,0.0745307207107544,0.059698738157749176,0.1880774348974228,0.41651755571365356,9.329400062561035
211,-2.6706528663635254,True,True,0.07340140640735626,0.059328921139240265,0.19843226671218872,0.36875858902931213,9.333876609802246
212,-2.66860294342041,True,True,0.07272438704967499,0.05425717309117317,0.19650393724441528,0.3890455961227417,9.33231258392334
213,-2.6687064170837402,True,True,0.0735335499048233,0.05753267556428909,0.2028171867132187,0.3655887246131897,9.339286804199219
214,-2.6704914569854736,True,True,0.07249029725790024,0.05763833597302437,0.19404730200767517,0.3370601534843445,9.326032638549805
215,-2.6758267879486084,True,True,0.07363379001617432,0.057479843497276306,0.21335692703723907,0.28972378373146057,9.31772232055664
216,-2.68471097946167,True,True,0.0746370255947113,0.05652889236807823,0.1951567530632019,0.38016998767852783,9.319478988647461
217,-2.68353009223938,True,True,0.07312245666980743,0.05880061164498329,0.19217179715633392,0.31994298100471497,9.32077693939209
218,-2.6689162254333496,True,True,0.07299189269542694,0.058272309601306915,0.1833755075931549,0.3391733467578888,9.324692726135254
219,-2.6657474040985107,True,True,0.07253193855285645,0.058694954961538315,0.18768121302127838,0.3789020776748657,9.325712203979492
220,-2.666506052017212,True,True,0.07050813734531403,0.058906275779008865,0.17349614202976227,0.36115095019340515,9.32571792602539
221,-2.665328025817871,True,True,0.07093758881092072,0.05531378462910652,0.1682659089565277,0.45561230182647705,9.340078353881836
222,-2.671968460083008,True,True,0.07055678963661194,0.05436283349990845,0.18041697144508362,0.4792805016040802,9.33935260772705
223,-2.684696674346924,True,True,0.07106687128543854,0.05721569433808327,0.1800999939441681,0.5008354783058167,9.341497421264648
224,-2.6840052604675293,True,True,0.07299810647964478,0.058272309601306915,0.185092493891716,0.45096319913864136,9.344351768493652
225,-2.6837611198425293,True,True,0.07181926816701889,0.05779682844877243,0.19193407893180847,0.32416942715644836,9.359414100646973
226,-2.6754801273345947,True,True,0.07283481955528259,0.06228744238615036,0.1879717856645584,0.4163062572479248,9.350558280944824
227,-2.663605213165283,True,True,0.07079850882291794,0.06265725940465927,0.18242454528808594,0.2966974675655365,9.353265762329102
228,-2.6617238521575928,True,True,0.07037021964788437,0.0621289499104023,0.17032630741596222,0.26542165875434875,9.352145195007324
229,-2.6596813201904297,True,True,0.0699663907289505,0.05948741361498833,0.1734168827533722,0.2871879041194916,9.355206489562988
230,-2.651277780532837,True,True,0.07169987261295319,0.0608610138297081,0.1821868121623993,0.3193089962005615,9.35831356048584
231,-2.6615288257598877,True,True,0.07364143431186676,0.05763833597302437,0.20157566666603088,0.30705225467681885,9.347158432006836
232,-2.6542234420776367,True,True,0.07361294329166412,0.05964590609073639,0.1981945037841797,0.34931686520576477,9.345344543457031
233,-2.650223970413208,True,True,0.0728563740849495,0.05758550763130188,0.19375672936439514,0.330720454454422,9.337870597839355
234,-2.6499319076538086,True,True,0.07048992812633514,0.056845877319574356,0.18826234340667725,0.3799586892127991,9.361056327819824
235,-2.648738384246826,True,True,0.07053244113922119,0.057268526405096054,0.20080964267253876,0.31952032446861267,9.34505558013916
236,-2.634702205657959,True,True,0.07097227871417999,0.056476060301065445,0.19597561657428741,0.28887850046157837,9.346342086791992
237,-2.6369338035583496,True,True,0.07084198296070099,0.06038553640246391,0.1817641705274582,0.2861312925815582,9.352762222290039
238,-2.6437201499938965,True,True,0.07216246426105499,0.057110030204057693,0.18839436769485474,0.314871221780777,9.362656593322754
239,-2.636967182159424,True,True,0.07331879436969757,0.05996289104223251,0.19314917922019958,0.3000786304473877,9.368643760681152
240,-2.640028953552246,True,True,0.0702115148305893,0.056845877319574356,0.1798093467950821,0.32078829407691956,9.374344825744629
241,-2.6373190879821777,True,True,0.07109812647104263,0.05721569433808327,0.21771548688411713,0.39221543073654175,9.357354164123535
242,-2.6352977752685547,True,True,0.07170963287353516,0.05478547513484955,0.19991149008274078,0.3545999228954315,9.356545448303223
243,-2.6302831172943115,True,True,0.06895712018013,0.05452132597565651,0.190956711769104,0.33769410848617554,9.360620498657227
244,-2.6322410106658936,True,True,0.0689714178442955,0.053834524005651474,0.19843225181102753,0.3328336775302887,9.36241340637207
245,-2.635183334350586,True,True,0.0685625895857811,0.05568360164761543,0.19090388715267181,0.3133919835090637,9.360420227050781
246,-2.639522075653076,True,True,0.06981080770492554,0.05431000143289566,0.18606986105442047,0.33515822887420654,9.353963851928711
247,-2.6306028366088867,True,True,0.07019369304180145,0.05232885107398033,0.17906974256038666,0.3171957731246948,9.35019302368164
248,-2.627692222595215,True,True,0.06842687726020813,0.05568360164761543,0.1809980720281601,0.3089541792869568,9.355491638183594
249,-2.622729778289795,True,True,0.06743288040161133,0.053913772106170654,0.17851506173610687,0.3277619183063507,9.361250877380371
250,-2.6311492919921875,True,True,0.06893810629844666,0.05594775453209877,0.18023204803466797,0.3171957731246948,9.352913856506348
251,-2.624669075012207,True,True,0.06951620429754257,0.056476060301065445,0.17695654928684235,0.32670530676841736,9.345972061157227
252,-2.6230974197387695,True,True,0.0722612738609314,0.060755353420972824,0.19782470166683197,0.3499508500099182,9.355277061462402
253,-2.627842903137207,True,True,0.06864951550960541,0.05716286227107048,0.18879064917564392,0.35692450404167175,9.369486808776855
254,-2.615588903427124,True,True,0.0685400664806366,0.055842094123363495,0.1947869211435318,0.3144485652446747,9.354043960571289
255,-2.616920232772827,True,True,0.06965993344783783,0.05642323195934296,0.17560935020446777,0.3290298581123352,9.360526084899902
256,-2.619035482406616,True,True,0.06698474287986755,0.05267224833369255,0.17111878097057343,0.3252260684967041,9.355231285095215
257,-2.6054465770721436,True,True,0.06760039925575256,0.056476060301065445,0.1737867146730423,0.2681688368320465,9.370506286621094
258,-2.6018102169036865,True,True,0.06877706944942474,0.05338546261191368,0.17735278606414795,0.30324846506118774,9.363725662231445
259,-2.5881989002227783,True,True,0.07005450874567032,0.05600058659911156,0.181816965341568,0.3076862394809723,9.37679386138916
260,-2.5928187370300293,True,True,0.07077497243881226,0.05737418681383133,0.18432645499706268,0.28401806950569153,9.369580268859863
261,-2.5718560218811035,True,True,0.0663212239742279,0.05473265051841736,0.16438284516334534,0.2580253481864929,9.371537208557129
262,-2.5731492042541504,True,True,0.06304077804088593,0.0511929877102375,0.15732994675636292,0.2781010568141937,9.349761962890625
263,-2.5674872398376465,True,True,0.06532485038042068,0.05214393883943558,0.16871492564678192,0.2859199643135071,9.36505126953125
264,-2.5620806217193604,True,True,0.06690049171447754,0.05045335739850998,0.1897680163383484,0.31254667043685913,9.35140609741211
265,-2.567379951477051,True,True,0.06437239795923233,0.04947599023580551,0.16736777126789093,0.33262234926223755,9.347400665283203
266,-2.5692548751831055,True,True,0.06603817641735077,0.0516156330704689,0.16565078496932983,0.3366374969482422,9.353092193603516
267,-2.577106475830078,True,True,0.06659381091594696,0.050638265907764435,0.19296427071094513,0.3366374969482422,9.349750518798828
268,-2.567429304122925,True,True,0.06831976026296616,0.051483556628227234,0.19161707162857056,0.3264940083026886,9.366315841674805
269,-2.5531165599823,True,True,0.06937386095523834,0.051060911267995834,0.1825566291809082,0.31909769773483276,9.373250961303711
270,-2.545849084854126,True,True,0.06994657963514328,0.051430728286504745,0.20199832320213318,0.3155052065849304,9.372063636779785
271,-2.536790609359741,True,True,0.06760887056589127,0.04852503538131714,0.1851717084646225,0.2941615581512451,9.371521949768066
272,-2.5245070457458496,True,True,0.07017520070075989,0.05195903405547142,0.20712292194366455,0.3127579987049103,9.357358932495117
273,-2.5145716667175293,True,True,0.0694846361875534,0.05301564931869507,0.21084743738174438,0.3127579987049103,9.35365104675293
274,-2.5175728797912598,True,True,0.06769460439682007,0.04781182110309601,0.2010737657546997,0.3013465404510498,9.352320671081543
275,-2.5074374675750732,True,True,0.06839708983898163,0.050268448889255524,0.20648892223834991,0.31170138716697693,9.349923133850098
276,-2.5184826850891113,True,True,0.07109251618385315,0.05275149643421173,0.20559082925319672,0.396230548620224,9.339519500732422
277,-2.510246753692627,True,True,0.07290424406528473,0.05452132597565651,0.2190890908241272,0.39855509996414185,9.333584785461426
278,-2.5040652751922607,True,True,0.07189837098121643,0.05129864811897278,0.2115342766046524,0.43004223704338074,9.331212043762207
279,-2.5085608959198,True,True,0.07115297019481659,0.051483556628227234,0.19087745249271393,0.46068406105041504,9.322206497192383
280,-2.502242088317871,True,True,0.07274173200130463,0.0516156330704689,0.19872279465198517,0.44377821683883667,9.31340217590332
281,-2.5056653022766113,True,True,0.07097077369689941,0.05201186612248421,0.19045479595661163,0.3996117413043976,9.320556640625
282,-2.501260757446289,True,True,0.07167018204927444,0.05396660417318344,0.1943906843662262,0.38883426785469055,9.318679809570312
283,-2.5048811435699463,True,True,0.07240484654903412,0.05396660417318344,0.20424361526966095,0.35946035385131836,9.29397201538086
284,-2.5006039142608643,True,True,0.0724656730890274,0.05531378462910652,0.20120587944984436,0.3461470305919647,9.323100090026855
285,-2.4934325218200684,True,True,0.0743117481470108,0.05283074080944061,0.21224747598171234,0.37404167652130127,9.313835144042969
286,-2.4906458854675293,True,True,0.07267741858959198,0.0516156330704689,0.2052210122346878,0.35607922077178955,9.335515975952148
287,-2.4886081218719482,True,True,0.07424286007881165,0.05375527963042259,0.21134938299655914,0.3761548697948456,9.329551696777344
288,-2.484220504760742,True,True,0.0718107670545578,0.0511929877102375,0.20712289214134216,0.4127137362957001,9.3182373046875
289,-2.475212574005127,True,True,0.07340741157531738,0.05232885107398033,0.20794178545475006,0.38629835844039917,9.30968189239502
290,-2.48471736907959,True,True,0.07468891143798828,0.055630769580602646,0.20976445078849792,0.3979211449623108,9.311187744140625
291,-2.4829022884368896,True,True,0.07488618791103363,0.05948741361498833,0.1956322342157364,0.40806466341018677,9.319409370422363
292,-2.4794423580169678,True,True,0.07297182083129883,0.05763833597302437,0.20931538939476013,0.4797031283378601,9.319625854492188
293,-2.474851369857788,True,True,0.07152071595191956,0.05510246381163597,0.20411154627799988,0.3915814459323883,9.332380294799805
294,-2.4744794368743896,True,True,0.07235559821128845,0.05610624700784683,0.19296424090862274,0.3545999228954315,9.31429672241211
295,-2.480903387069702,True,True,0.07371030747890472,0.058483630418777466,0.18350757658481598,0.39263808727264404,9.310386657714844
296,-2.482626438140869,True,True,0.07149215042591095,0.054626986384391785,0.18712648749351501,0.41102316975593567,9.30738639831543
297,-2.4935600757598877,True,True,0.07115448266267776,0.05132506787776947,0.21303994953632355,0.3778454661369324,9.296895980834961
298,-2.4900965690612793,True,True,0.07381142675876617,0.054838307201862335,0.19277936220169067,0.4213779866695404,9.30494213104248
299,-2.4826982021331787,True,True,0.07262486219406128,0.05510246381163597,0.19985869526863098,0.4122910797595978,9.311662673950195
300,-2.483948230743408,True,True,0.0716143548488617,0.0541515089571476,0.17906980216503143,0.40193629264831543,9.3089599609375
301,-2.475982189178467,True,True,0.07183011621236801,0.05531378462910652,0.19272653758525848,0.40890994668006897,9.30229663848877
302,-2.4660260677337646,True,True,0.0679970532655716,0.050717514008283615,0.1787264049053192,0.38714367151260376,9.327974319458008
303,-2.466493844985962,True,True,0.06974188983440399,0.053702447563409805,0.17088103294372559,0.4678690433502197,9.326269149780273
304,-2.4611878395080566,True,True,0.06880228966474533,0.052566587924957275,0.1745527684688568,0.4809710383415222,9.324860572814941
305,-2.453648567199707,True,True,0.07073324918746948,0.05758550763130188,0.18163208663463593,0.39728716015815735,9.309591293334961
306,-2.449857234954834,True,True,0.0703723132610321,0.055049631744623184,0.18477553129196167,0.3613622784614563,9.34004020690918
307,-2.4533541202545166,True,True,0.06966614723205566,0.05195903405547142,0.1829792708158493,0.45054054260253906,9.337894439697266
308,-2.4604687690734863,True,True,0.06867765635251999,0.052355263382196426,0.18482834100723267,0.4729407727718353,9.337601661682129
309,-2.4567322731018066,True,True,0.06879934668540955,0.05452132597565651,0.17790751159191132,0.45011791586875916,9.33662223815918
310,-2.441160202026367,True,True,0.06954309344291687,0.05364961922168732,0.18245096504688263,0.45392173528671265,9.344417572021484
311,-2.4410431385040283,True,True,0.06961576640605927,0.05333263427019119,0.17809240520000458,0.39306071400642395,9.347831726074219
312,-2.432281494140625,True,True,0.06967277824878693,0.056476060301065445,0.1775905191898346,0.38883426785469055,9.340261459350586
313,-2.4377098083496094,True,True,0.06950291991233826,0.054574158042669296,0.17436785995960236,0.3928493857383728,9.346592903137207
314,-2.436281204223633,True,True,0.06987561285495758,0.05211752653121948,0.17383955419063568,0.3932720422744751,9.34317398071289
315,-2.43814754486084,True,True,0.06985421478748322,0.05573643371462822,0.17228105664253235,0.37636619806289673,9.339532852172852
316,-2.445119857788086,True,True,0.0680416077375412,0.05452132597565651,0.16036772727966309,0.3499508500099182,9.3388032913208
317,-2.445737838745117,True,True,0.06769979000091553,0.052487343549728394,0.1599450558423996,0.35185274481773376,9.35020923614502
318,-2.4493067264556885,True,True,0.06783726066350937,0.05285715311765671,0.17391879856586456,0.3744643032550812,9.348456382751465
319,-2.450117826461792,True,True,0.06885042786598206,0.05858929455280304,0.16977158188819885,0.3345242738723755,9.34239387512207
320,-2.447314739227295,True,True,0.06839898973703384,0.05526095628738403,0.1734168976545334,0.3469923138618469,9.336553573608398
321,-2.451046943664551,True,True,0.06802354007959366,0.05364961922168732,0.17201687395572662,0.3886229395866394,9.34150505065918
322,-2.4533441066741943,True,True,0.07066270709037781,0.05401943624019623,0.18897554278373718,0.40109097957611084,9.354947090148926
323,-2.449754238128662,True,True,0.0735083818435669,0.05763833597302437,0.18271511793136597,0.5608511567115784,9.342557907104492
324,-2.437220811843872,True,True,0.07067789882421494,0.053623199462890625,0.18377172946929932,0.5832513570785522,9.34292221069336
325,-2.4370954036712646,True,True,0.06985993683338165,0.05394018441438675,0.17109234631061554,0.6221348643302917,9.340784072875977
326,-2.431122303009033,True,True,0.06743476539850235,0.052989233285188675,0.16900552809238434,0.5840966701507568,9.334303855895996
327,-2.4241466522216797,True,True,0.06664075702428818,0.05021561682224274,0.17582067847251892,0.468291699886322,9.336255073547363
328,-2.4245412349700928,True,True,0.06567460298538208,0.05526095628738403,0.17529240250587463,0.4801257848739624,9.324040412902832
329,-2.4248805046081543,True,True,0.06404389441013336,0.05343829467892647,0.1691640019416809,0.3848191201686859,9.322843551635742
330,-2.426684856414795,True,True,0.06462276726961136,0.054204341024160385,0.15981297194957733,0.517318606376648,9.327666282653809
331,-2.4214701652526855,True,True,0.06610116362571716,0.05404584854841232,0.16784325242042542,0.5469038486480713,9.308478355407715
332,-2.417912244796753,True,True,0.06541648507118225,0.054574158042669296,0.15888845920562744,0.5135148167610168,9.319354057312012
333,-2.4220757484436035,True,True,0.0651245042681694,0.052989233285188675,0.16551871597766876,0.4830842912197113,9.320003509521484
334,-2.4191436767578125,True,True,0.0630592331290245,0.05187978968024254,0.16979798674583435,0.45688024163246155,9.331631660461426
335,-2.4253063201904297,True,True,0.06347136944532394,0.0503741092979908,0.1611601710319519,0.44758203625679016,9.32883358001709
336,-2.4208970069885254,True,True,0.06288426369428635,0.052777908742427826,0.15600915253162384,0.4234912395477295,9.32186222076416
337,-2.4203970432281494,True,True,0.06313145160675049,0.049528818577528,0.16337907314300537,0.46660110354423523,9.312881469726562
338,-2.4236738681793213,True,True,0.06228834390640259,0.049053341150283813,0.17891131341457367,0.46068406105041504,9.317530632019043
339,-2.4226956367492676,True,True,0.0627831220626831,0.050506189465522766,0.1758207082748413,0.4361706078052521,9.312765121459961
340,-2.4208359718322754,True,True,0.062338970601558685,0.04762691259384155,0.16604702174663544,0.46533316373825073,9.326959609985352
341,-2.4285495281219482,True,True,0.06354895234107971,0.05074392631649971,0.17214897274971008,0.4856201708316803,9.307906150817871
342,-2.435521125793457,True,True,0.06488949060440063,0.05116657540202141,0.15854504704475403,0.4754766821861267,9.301969528198242
343,-2.426668643951416,True,True,0.06319523602724075,0.05095525085926056,0.1624545305967331,0.4788578450679779,9.31128215789795
344,-2.4333858489990234,True,True,0.06425836682319641,0.052698664367198944,0.16311490535736084,0.5950855016708374,9.301997184753418
345,-2.43796968460083,True,True,0.06572440266609192,0.05254017189145088,0.16388095915317535,0.536337673664093,9.317505836486816
346,-2.444481611251831,True,True,0.06688685715198517,0.052909985184669495,0.16776399314403534,0.6204442381858826,9.319038391113281
347,-2.4407782554626465,True,True,0.0681769996881485,0.05404584854841232,0.1808924674987793,0.5452132821083069,9.33135986328125
348,-2.441652774810791,True,True,0.06465615332126617,0.05275149643421173,0.1599450558423996,0.4885787069797516,9.3374662399292
349,-2.4284393787384033,True,True,0.06426026672124863,0.05254017189145088,0.15416009724140167,0.4750540256500244,9.342630386352539
350,-2.4361116886138916,True,True,0.06648965924978256,0.05364961922168732,0.1800999939441681,0.4860428273677826,9.35123348236084
351,-2.432936668395996,True,True,0.06505241990089417,0.05124581977725029,0.1742621660232544,0.4712502062320709,9.362066268920898
352,-2.442476511001587,True,True,0.0658353790640831,0.05040052905678749,0.17156781256198883,0.5299980044364929,9.372586250305176
353,-2.4339985847473145,True,True,0.06718119978904724,0.05267224833369255,0.18036414682865143,0.46448788046836853,9.388862609863281
354,-2.427863597869873,True,True,0.06759952008724213,0.05240809544920921,0.17951886355876923,0.4729407727718353,9.404376029968262
355,-2.432792901992798,True,True,0.06870973855257034,0.0511929877102375,0.18612268567085266,0.44208765029907227,9.414101600646973
356,-2.4391160011291504,True,True,0.06780314445495605,0.05021561682224274,0.19362466037273407,0.41947609186172485,9.402769088745117
357,-2.441257953643799,True,True,0.07072833925485611,0.05166846513748169,0.21211542189121246,0.36833593249320984,9.416804313659668
358,-2.439033269882202,True,True,0.06954342126846313,0.05322697013616562,0.20038697123527527,0.3681246042251587,9.420672416687012
359,-2.4301862716674805,True,True,0.0669800192117691,0.05111374333500862,0.19565865397453308,0.38587573170661926,9.423072814941406
360,-2.4269790649414062,True,True,0.06847697496414185,0.05158921703696251,0.20466628670692444,0.4949183762073517,9.43256950378418
361,-2.4300310611724854,True,True,0.06493432819843292,0.04818163439631462,0.2086021453142166,0.487733393907547,9.444579124450684
362,-2.4286909103393555,True,True,0.06558994948863983,0.04968731477856636,0.2053530216217041,0.3886229395866394,9.442790985107422
363,-2.419254779815674,True,True,0.06585421413183212,0.04860428348183632,0.21137578785419464,0.36918124556541443,9.472620010375977
364,-2.41375732421875,True,True,0.06729213148355484,0.050347696989774704,0.21105879545211792,0.4281403124332428,9.485260963439941
365,-2.41733455657959,True,True,0.0654214546084404,0.049528818577528,0.19449634850025177,0.502526044845581,9.485443115234375
366,-2.4145119190216064,True,True,0.06666857749223709,0.05180054157972336,0.1918283849954605,0.46237462759017944,9.496137619018555
367,-2.4167802333831787,True,True,0.07005666941404343,0.05201186612248421,0.19922471046447754,0.561696469783783,9.490510940551758
368,-2.4122493267059326,True,True,0.06993944197893143,0.051219403743743896,0.19999076426029205,0.5849419832229614,9.492679595947266
369,-2.40669584274292,True,True,0.07158732414245605,0.052064694464206696,0.1972963809967041,0.6960979104042053,9.486509323120117
370,-2.4011454582214355,True,True,0.07029469311237335,0.05029486492276192,0.20176060497760773,0.564232349395752,9.488304138183594
371,-2.4002797603607178,True,True,0.06826785951852798,0.04834012687206268,0.18031130731105804,0.573107898235321,9.480581283569336
372,-2.393522262573242,True,True,0.06668048352003098,0.05005712807178497,0.18274153769016266,0.4720954895019531,9.483214378356934
373,-2.3893485069274902,True,True,0.06372766196727753,0.04662312939763069,0.17473767697811127,0.4268724024295807,9.476861953735352
374,-2.391010046005249,True,True,0.061957329511642456,0.04554009810090065,0.16818663477897644,0.4044721722602844,9.45373821258545
375,-2.3924694061279297,True,True,0.06419206410646439,0.04876277595758438,0.1808924525976181,0.33304497599601746,9.434441566467285
376,-2.4006617069244385,True,True,0.06494704633951187,0.04974014312028885,0.18292644619941711,0.3171957731246948,9.433609008789062
377,-2.3997840881347656,True,True,0.05975526198744774,0.04966089501976967,0.15505822002887726,0.30113524198532104,9.43474292755127
378,-2.3871421813964844,True,True,0.058853860944509506,0.04646463692188263,0.14848077297210693,0.2899351418018341,9.435162544250488
379,-2.37688946723938,True,True,0.06229489669203758,0.049211833626031876,0.1607375293970108,0.33431291580200195,9.446937561035156
380,-2.37178373336792,True,True,0.06358037889003754,0.048075977712869644,0.18054905533790588,0.3643207848072052,9.461252212524414
381,-2.3712992668151855,True,True,0.06402251869440079,0.04947599023580551,0.17214897274971008,0.3507961332798004,9.472053527832031
382,-2.379493474960327,True,True,0.06125510856509209,0.04855145141482353,0.16269224882125854,0.3797473907470703,9.475696563720703
383,-2.3746166229248047,True,True,0.06093773618340492,0.04860428348183632,0.15999791026115417,0.3218448758125305,9.471227645874023
384,-2.3832643032073975,True,True,0.0610240176320076,0.04577783867716789,0.16010354459285736,0.3226901888847351,9.47386360168457
385,-2.3771605491638184,True,True,0.06313362717628479,0.048498619347810745,0.16359038650989532,0.42961958050727844,9.47549819946289
386,-2.3778722286224365,True,True,0.06179547682404518,0.04725709930062294,0.1665753275156021,0.4057401120662689,9.462911605834961
387,-2.378551959991455,True,True,0.06176897510886192,0.04606840759515762,0.1755036860704422,0.5012580752372742,9.481959342956543
388,-2.3818585872650146,True,True,0.06309131532907486,0.0474420040845871,0.1742885261774063,0.4974542558193207,9.484415054321289
389,-2.3738198280334473,True,True,0.06545906513929367,0.049053341150283813,0.17259801924228668,0.5126695036888123,9.478103637695312
390,-2.369690418243408,True,True,0.06647178530693054,0.05187978968024254,0.17059046030044556,0.4403970539569855,9.482880592346191
391,-2.382417917251587,True,True,0.0650542676448822,0.049423158168792725,0.1624281108379364,0.5532435178756714,9.475044250488281
392,-2.375434398651123,True,True,0.06635777652263641,0.05053260177373886,0.17566220462322235,0.5439453721046448,9.457396507263184
393,-2.36484432220459,True,True,0.0682259276509285,0.05209111422300339,0.17616409063339233,0.4923824965953827,9.452469825744629
394,-2.3687095642089844,True,True,0.0684640184044838,0.0520382821559906,0.17991502583026886,0.42497047781944275,9.437281608581543
395,-2.3709073066711426,True,True,0.06694578379392624,0.04794389754533768,0.18781328201293945,0.39897775650024414,9.432893753051758
396,-2.3689026832580566,True,True,0.0669734925031662,0.04889484867453575,0.17949245870113373,0.37509825825691223,9.432158470153809
397,-2.370116710662842,True,True,0.06592458486557007,0.04598916321992874,0.19093023240566254,0.4226459264755249,9.438401222229004
398,-2.359854221343994,True,True,0.06433703005313873,0.04596274346113205,0.18395662307739258,0.5143601298332214,9.450603485107422
399,-2.364015817642212,True,True,0.06703142076730728,0.047574080526828766,0.18628118932247162,0.4712502062320709,9.442889213562012
400,-2.363201141357422,True,True,0.06863778829574585,0.05127223581075668,0.19251517951488495,0.3567131757736206,9.472002983093262
401,-2.358811378479004,True,True,0.06854337453842163,0.05074392631649971,0.18810385465621948,0.40890994668006897,9.483317375183105
402,-2.3630123138427734,True,True,0.06815469264984131,0.04937032610177994,0.1960548758506775,0.4021475911140442,9.471553802490234
403,-2.3624367713928223,True,True,0.06888897716999054,0.04633256047964096,0.192251056432724,0.495341032743454,9.468579292297363
404,-2.359642505645752,True,True,0.07046055793762207,0.050268448889255524,0.19885486364364624,0.4982995390892029,9.476079940795898
405,-2.3570098876953125,True,True,0.06950418651103973,0.05224960297346115,0.1843528300523758,0.47082754969596863,9.501886367797852
406,-2.3537468910217285,True,True,0.0685545951128006,0.05111374333500862,0.18163208663463593,0.42581576108932495,9.493618965148926
407,-2.3563232421875,True,True,0.06870949268341064,0.049634482711553574,0.19357182085514069,0.45857083797454834,9.495162963867188
408,-2.356462240219116,True,True,0.06789524853229523,0.04863069951534271,0.19011138379573822,0.37044915556907654,9.499749183654785
409,-2.358386754989624,True,True,0.06578996777534485,0.047494836151599884,0.17864716053009033,0.35861510038375854,9.495585441589355
410,-2.3492422103881836,True,True,0.06615297496318817,0.04723068326711655,0.19077178835868835,0.5143601298332214,9.489348411560059
411,-2.3503599166870117,True,True,0.06679687649011612,0.0449061319231987,0.20577572286128998,0.5460585355758667,9.49052619934082
412,-2.3536221981048584,True,True,0.06653666496276855,0.047996729612350464,0.19906622171401978,0.5600059032440186,9.47525405883789
413,-2.3495328426361084,True,True,0.0687732845544815,0.04797031357884407,0.18963588774204254,0.5485944151878357,9.466710090637207
414,-2.346676826477051,True,True,0.06955331563949585,0.050347696989774704,0.201443612575531,0.5236583352088928,9.451333999633789
415,-2.336475372314453,True,True,0.06925980001688004,0.049132589250802994,0.1998058408498764,0.5194318890571594,9.46302318572998
416,-2.33327579498291,True,True,0.06798182427883148,0.04823446646332741,0.22939106822013855,0.5063298344612122,9.483026504516602
417,-2.339355945587158,True,True,0.06721662729978561,0.049423158168792725,0.19190767407417297,0.5114015936851501,9.49664306640625
418,-2.3436100482940674,True,True,0.06573782861232758,0.04403442144393921,0.19341333210468292,0.5126695036888123,9.49217414855957
419,-2.3402280807495117,True,True,0.065868079662323,0.04250233247876167,0.20918329060077667,0.5354924201965332,9.4913330078125
420,-2.329491138458252,True,True,0.06658533215522766,0.043004222214221954,0.19333408772945404,0.4932277798652649,9.496803283691406
421,-2.328878164291382,True,True,0.0668950080871582,0.04831371456384659,0.19214540719985962,0.4395517408847809,9.48378849029541
422,-2.333627223968506,True,True,0.06695239245891571,0.048287294805049896,0.19383597373962402,0.39432865381240845,9.489282608032227
423,-2.319648027420044,True,True,0.06734157353639603,0.04596274346113205,0.18725857138633728,0.5325338840484619,9.497974395751953
424,-2.318943738937378,True,True,0.06849490106105804,0.047494836151599884,0.2040058672428131,0.44589146971702576,9.494804382324219
425,-2.318845272064209,True,True,0.06830814480781555,0.0482608824968338,0.20215679705142975,0.44673675298690796,9.494464874267578
426,-2.30859375,True,True,0.06931689381599426,0.04818163439631462,0.2178211510181427,0.42158931493759155,9.489166259765625
427,-2.3105080127716064,True,True,0.07088854908943176,0.048155222088098526,0.21177200973033905,0.4970315992832184,9.493678092956543
428,-2.3160593509674072,True,True,0.06818389892578125,0.047283511608839035,0.20162852108478546,0.4911145567893982,9.514779090881348
429,-2.3172335624694824,True,True,0.0687023252248764,0.051140155643224716,0.19259443879127502,0.4750540256500244,9.528813362121582
430,-2.310361862182617,True,True,0.06622464954853058,0.04876277595758438,0.18604345619678497,0.4129250645637512,9.52713680267334
431,-2.31046724319458,True,True,0.06565840542316437,0.04947599023580551,0.1846698522567749,0.34509041905403137,9.512361526489258
432,-2.3038930892944336,True,True,0.06490705907344818,0.048868436366319656,0.17320558428764343,0.33727145195007324,9.5148286819458
433,-2.295619249343872,True,True,0.06424929201602936,0.04937032610177994,0.17077535390853882,0.34762629866600037,9.51256275177002
434,-2.2990407943725586,True,True,0.06429405510425568,0.04947599023580551,0.1750018298625946,0.31761839985847473,9.509675979614258
435,-2.286991834640503,True,True,0.06379172205924988,0.04955523461103439,0.17811882495880127,0.3799586892127991,9.502459526062012
436,-2.2855594158172607,True,True,0.06479622423648834,0.049634482711553574,0.17529238760471344,0.29817670583724976,9.498272895812988
437,-2.2813656330108643,True,True,0.06418964266777039,0.048709943890571594,0.17130368947982788,0.403838187456131,9.494331359863281
438,-2.2854115962982178,True,True,0.06287868320941925,0.04691369831562042,0.16932250559329987,0.3146599233150482,9.50637435913086
439,-2.2793099880218506,True,True,0.06278443336486816,0.050717514008283615,0.16174130141735077,0.38925689458847046,9.504101753234863
440,-2.281219720840454,True,True,0.059677280485630035,0.04746842384338379,0.15799033641815186,0.3043050765991211,9.507533073425293
441,-2.2832083702087402,True,True,0.059317804872989655,0.046358972787857056,0.157409206032753,0.2992333471775055,9.515377044677734
442,-2.283111572265625,True,True,0.06283485144376755,0.04804955795407295,0.14993365108966827,0.2690141499042511,9.500801086425781
443,-2.2755823135375977,True,True,0.06062840297818184,0.04730993136763573,0.15709221363067627,0.3269166350364685,9.511470794677734
444,-2.2753255367279053,True,True,0.06244581192731857,0.051694877445697784,0.17114520072937012,0.366011381149292,9.508572578430176
445,-2.270145893096924,True,True,0.06151888892054558,0.04773257300257683,0.16562435030937195,0.3102221190929413,9.494518280029297
446,-2.271740436553955,True,True,0.06121358275413513,0.049528818577528,0.15933752059936523,0.35438862442970276,9.492658615112305
447,-2.281686305999756,True,True,0.0620739571750164,0.05132506787776947,0.1633262187242508,0.3651660680770874,9.487441062927246
448,-2.285433053970337,True,True,0.06243324652314186,0.05055902153253555,0.16065828502178192,0.2863426208496094,9.502185821533203
449,-2.2955710887908936,True,True,0.06349301338195801,0.05108732730150223,0.17357538640499115,0.2468252182006836,9.519707679748535
450,-2.293285846710205,True,True,0.06391167640686035,0.05108732730150223,0.16258661448955536,0.32459208369255066,9.521036148071289
451,-2.295976400375366,True,True,0.06460745632648468,0.05140431225299835,0.15999789535999298,0.3617849349975586,9.520990371704102
452,-2.3021798133850098,True,True,0.0636867880821228,0.049132589250802994,0.1582544595003128,0.42285722494125366,9.513459205627441
453,-2.3016140460968018,True,True,0.06209496036171913,0.05095525085926056,0.15117515623569489,0.42243459820747375,9.502694129943848
454,-2.295686721801758,True,True,0.06098800152540207,0.051008082926273346,0.14211468398571014,0.46279728412628174,9.506355285644531
455,-2.3046932220458984,True,True,0.06086680665612221,0.051140155643224716,0.15009213984012604,0.4298309087753296,9.51379108428955
456,-2.298889636993408,True,True,0.061338018625974655,0.04881560429930687,0.15260159969329834,0.5435226559638977,9.504834175109863
457,-2.297532558441162,True,True,0.05947401747107506,0.048498619347810745,0.14935250580310822,0.36410948634147644,9.491142272949219
458,-2.3042473793029785,True,True,0.060605380684137344,0.047996729612350464,0.15899410843849182,0.3497394919395447,9.496606826782227
459,-2.2990736961364746,True,True,0.06178795546293259,0.04836654290556908,0.16213753819465637,0.32586002349853516,9.505585670471191
460,-2.3046469688415527,True,True,0.06336265802383423,0.05127223581075668,0.18107731640338898,0.33769410848617554,9.508875846862793
461,-2.305424690246582,True,True,0.06166893243789673,0.04812880605459213,0.16171489655971527,0.35946035385131836,9.523439407348633
462,-2.3081908226013184,True,True,0.06100088357925415,0.04767974466085434,0.16060543060302734,0.3159278631210327,9.52059555053711
463,-2.29689359664917,True,True,0.06061667203903198,0.047574080526828766,0.157462015748024,0.333256334066391,9.517471313476562
464,-2.2936553955078125,True,True,0.0606246292591095,0.04746842384338379,0.15138648450374603,0.32374677062034607,9.53222942352295
465,-2.2873785495758057,True,True,0.06023150309920311,0.04752124845981598,0.15645822882652283,0.3064182996749878,9.524580001831055
466,-2.281949996948242,True,True,0.06046091020107269,0.048709943890571594,0.15307708084583282,0.32881852984428406,9.545175552368164
467,-2.2795753479003906,True,True,0.05846376717090607,0.04797031357884407,0.1464996337890625,0.3239581286907196,9.556610107421875
468,-2.287092447280884,True,True,0.060173213481903076,0.044219329953193665,0.14636756479740143,0.4970315992832184,9.56144905090332
469,-2.292358875274658,True,True,0.060026880353689194,0.0453287772834301,0.14446566998958588,0.57564377784729,9.568572998046875
470,-2.2918169498443604,True,True,0.061532020568847656,0.04606840759515762,0.16335265338420868,0.6119913458824158,9.57541561126709
471,-2.2987208366394043,True,True,0.0620616152882576,0.04503820464015007,0.16652250289916992,0.5857872366905212,9.569647789001465
472,-2.295840263366699,True,True,0.062159184366464615,0.04675520956516266,0.14755626022815704,0.5663455724716187,9.589923858642578
473,-2.2882306575775146,True,True,0.06016506999731064,0.04524952918291092,0.1519411951303482,0.4150383174419403,9.60468864440918
474,-2.289762258529663,True,True,0.05903436243534088,0.04350611940026283,0.15093742311000824,0.5439453721046448,9.608964920043945
475,-2.2825660705566406,True,True,0.0577874630689621,0.04305705428123474,0.14539018273353577,0.36664536595344543,9.608156204223633
476,-2.2864365577697754,True,True,0.05660519748926163,0.044509902596473694,0.1430920660495758,0.34509041905403137,9.593952178955078
477,-2.280344009399414,True,True,0.057647954672575,0.044298578053712845,0.1464204043149948,0.38249456882476807,9.595088958740234
478,-2.282254219055176,True,True,0.059723351150751114,0.04218534752726555,0.16020920872688293,0.5097110271453857,9.598549842834473
479,-2.284245491027832,True,True,0.0617719404399395,0.04540802165865898,0.17526596784591675,0.5274621248245239,9.595218658447266
480,-2.2838375568389893,True,True,0.05871574953198433,0.04403442144393921,0.15836015343666077,0.31888633966445923,9.583853721618652
481,-2.2816965579986572,True,True,0.05819312483072281,0.04561934620141983,0.14718642830848694,0.27176132798194885,9.573049545288086
482,-2.27903151512146,True,True,0.05760052427649498,0.04427215829491615,0.15244311094284058,0.234145849943161,9.602230072021484
483,-2.2768592834472656,True,True,0.057528287172317505,0.047283511608839035,0.14679020643234253,0.3093768358230591,9.580461502075195
484,-2.2720465660095215,True,True,0.05823538452386856,0.04456273093819618,0.14869210124015808,0.3497394919395447,9.564595222473145
485,-2.262899160385132,True,True,0.05807691812515259,0.047151438891887665,0.1444128304719925,0.2740859091281891,9.566184043884277
486,-2.2641751766204834,True,True,0.05840103328227997,0.046860866248607635,0.1477147340774536,0.2711273729801178,9.563957214355469
487,-2.2584121227264404,True,True,0.060739871114492416,0.04767974466085434,0.15500538051128387,0.2816935181617737,9.563094139099121
488,-2.2598695755004883,True,True,0.06087379902601242,0.047653328627347946,0.1628507673740387,0.2480931580066681,9.573113441467285
489,-2.257288694381714,True,True,0.061046283692121506,0.046940114349126816,0.16057905554771423,0.22357970476150513,9.580366134643555
490,-2.2483158111572266,True,True,0.06059475988149643,0.04863069951534271,0.1616092324256897,0.22357970476150513,9.571666717529297
491,-2.2417068481445312,True,True,0.05974571406841278,0.04646463692188263,0.1595488339662552,0.20213040709495544,9.563004493713379
492,-2.2371270656585693,True,True,0.05897912383079529,0.048287294805049896,0.15043550729751587,0.1905076503753662,9.556990623474121
493,-2.2366535663604736,True,True,0.05759238079190254,0.04725709930062294,0.1619790494441986,0.1921982318162918,9.570046424865723
494,-2.233729124069214,True,True,0.05884911119937897,0.04453631490468979,0.16049979627132416,0.22801747918128967,9.570096969604492
495,-2.22788143157959,True,True,0.060335829854011536,0.047785405069589615,0.16528096795082092,0.26288577914237976,9.5725679397583
496,-2.2251994609832764,True,True,0.06145071983337402,0.04733634367585182,0.17183198034763336,0.23034203052520752,9.586066246032715
497,-2.223844528198242,True,True,0.062240563333034515,0.04746842384338379,0.17225462198257446,0.24830448627471924,9.590669631958008
498,-2.2240710258483887,True,True,0.062229692935943604,0.04696652665734291,0.16438284516334534,0.3102221190929413,9.585787773132324
499,-2.2342541217803955,True,True,0.06204094737768173,0.046200480312108994,0.16359038650989532,0.2871879041194916,9.587299346923828
500,-2.2291150093078613,True,True,0.06138264387845993,0.0470193587243557,0.16472625732421875,0.22632689774036407,9.573413848876953
501,-2.2352917194366455,True,True,0.0632777065038681,0.04844578728079796,0.16604702174663544,0.22674953937530518,9.566947937011719
502,-2.232179880142212,True,True,0.062398843467235565,0.046358972787857056,0.15939034521579742,0.25084036588668823,9.566610336303711
503,-2.241838216781616,True,True,0.06288270652294159,0.04654388502240181,0.18374532461166382,0.2749311625957489,9.576861381530762
504,-2.235649585723877,True,True,0.06352528929710388,0.04720426723361015,0.1775376945734024,0.34931686520576477,9.590444564819336
505,-2.2301266193389893,True,True,0.06574738770723343,0.04926466569304466,0.17452633380889893,0.3759435713291168,9.58132553100586
506,-2.2316832542419434,True,True,0.06603097915649414,0.050004299730062485,0.1695866733789444,0.358403742313385,9.584450721740723
507,-2.2397055625915527,True,True,0.06452184915542603,0.04730993136763573,0.17772261798381805,0.33600351214408875,9.607651710510254
508,-2.2460131645202637,True,True,0.06512483954429626,0.046147655695676804,0.18239812552928925,0.3277619183063507,9.614595413208008
509,-2.25075364112854,True,True,0.06461314857006073,0.04691369831562042,0.171330064535141,0.36580005288124084,9.604848861694336
510,-2.2532830238342285,True,True,0.062289442867040634,0.045011792331933975,0.16644324362277985,0.3395960032939911,9.605935096740723
511,-2.257996082305908,True,True,0.06124896928668022,0.04662312939763069,0.16615265607833862,0.32374677062034607,9.610371589660645
512,-2.256075859069824,True,True,0.06332862377166748,0.046147655695676804,0.1838245689868927,0.401302307844162,9.605727195739746
513,-2.2537591457366943,True,True,0.06609427183866501,0.04876277595758438,0.19037556648254395,0.3822832405567169,9.601757049560547
514,-2.255953550338745,True,True,0.06540259718894958,0.049053341150283813,0.18752270936965942,0.36791330575942993,9.61474895477295
515,-2.25453519821167,True,True,0.06408750265836716,0.046517468988895416,0.17560936510562897,0.32755059003829956,9.578049659729004
516,-2.2514050006866455,True,True,0.06630538403987885,0.04781182110309601,0.18659816682338715,0.32712796330451965,9.576973915100098
517,-2.2534797191619873,True,True,0.06428896635770798,0.04746842384338379,0.17640183866024017,0.30240318179130554,9.580009460449219
518,-2.254319190979004,True,True,0.06466349214315414,0.04717785120010376,0.17053763568401337,0.3136032819747925,9.575822830200195
519,-2.23866605758667,True,True,0.06419938802719116,0.04712501913309097,0.1654394567012787,0.38333988189697266,9.57172679901123
520,-2.2360928058624268,True,True,0.06247015297412872,0.04752124845981598,0.17066968977451324,0.2808482348918915,9.586175918579102
521,-2.2352213859558105,True,True,0.06220123544335365,0.046358972787857056,0.16411863267421722,0.30747491121292114,9.577188491821289
522,-2.2350873947143555,True,True,0.06360281258821487,0.04746842384338379,0.17389239370822906,0.29099172353744507,9.590065956115723
523,-2.2288689613342285,True,True,0.06514964252710342,0.04863069951534271,0.16446207463741302,0.3537546396255493,9.594539642333984
524,-2.227466583251953,True,True,0.06558344513177872,0.04738917574286461,0.18947742879390717,0.3404412865638733,9.599759101867676
525,-2.224696636199951,True,True,0.06681589782238007,0.04762691259384155,0.20284363627433777,0.45434436202049255,9.591612815856934
526,-2.217073917388916,True,True,0.0646163746714592,0.048789191991090775,0.18496040999889374,0.2681688368320465,9.602200508117676
527,-2.2201929092407227,True,True,0.0656542107462883,0.04976655915379524,0.16705076396465302,0.29479554295539856,9.60205364227295
528,-2.2292380332946777,True,True,0.06521980464458466,0.04720426723361015,0.178488627076149,0.28761056065559387,9.604923248291016
529,-2.224684238433838,True,True,0.06515537202358246,0.04752124845981598,0.18157924711704254,0.302191823720932,9.603117942810059
530,-2.2253611087799072,True,True,0.06361033767461777,0.044589146971702576,0.17088103294372559,0.32586002349853516,9.605180740356445
531,-2.2303385734558105,True,True,0.06342661380767822,0.045381609350442886,0.17906980216503143,0.3201542794704437,9.594173431396484
532,-2.2220163345336914,True,True,0.06328980624675751,0.046279728412628174,0.16720926761627197,0.3324110209941864,9.582486152648926
533,-2.2094058990478516,True,True,0.06401345878839493,0.04403442144393921,0.17151498794555664,0.3161391615867615,9.56652545928955
534,-2.2041831016540527,True,True,0.06486141681671143,0.047574080526828766,0.18271511793136597,0.3009238839149475,9.555098533630371
535,-2.204740047454834,True,True,0.06408922374248505,0.04649105295538902,0.17732636630535126,0.2869766056537628,9.552011489868164
536,-2.2001616954803467,True,True,0.06372305005788803,0.04989863559603691,0.17032630741596222,0.29352760314941406,9.569581985473633
537,-2.1940674781799316,True,True,0.0639292299747467,0.04506462439894676,0.1792018711566925,0.2812708914279938,9.559263229370117
538,-2.1875109672546387,True,True,0.06407497823238373,0.04548726975917816,0.18400946259498596,0.2559121251106262,9.561100006103516
539,-2.193350076675415,True,True,0.06392442435026169,0.04559293016791344,0.1792811155319214,0.312335342168808,9.559504508972168
540,-2.189542531967163,True,True,0.06372089684009552,0.04511745274066925,0.17975659668445587,0.2571800649166107,9.554025650024414
541,-2.1998767852783203,True,True,0.06426971405744553,0.04588349908590317,0.17822447419166565,0.2895124852657318,9.548295974731445
542,-2.18813419342041,True,True,0.06499922275543213,0.04641180485486984,0.17661315202713013,0.27767840027809143,9.534429550170898
543,-2.1947407722473145,True,True,0.06605316698551178,0.05016278848052025,0.17193762958049774,0.2912030518054962,9.545157432556152
544,-2.190173625946045,True,True,0.06472121924161911,0.04725709930062294,0.1653866022825241,0.30113524198532104,9.550597190856934
545,-2.186237096786499,True,True,0.06655415892601013,0.04960806295275688,0.1833754926919937,0.2842293977737427,9.540206909179688
546,-2.1781694889068604,True,True,0.06662656366825104,0.051694877445697784,0.1839037835597992,0.32924118638038635,9.542236328125
547,-2.1765995025634766,True,True,0.06609810143709183,0.0491061732172966,0.1906132847070694,0.3315657377243042,9.548827171325684
548,-2.1740503311157227,True,True,0.06559021025896072,0.0491061732172966,0.18939819931983948,0.3081088960170746,9.554841995239258
549,-2.1751906871795654,True,True,0.06786098331212997,0.04944957420229912,0.18657173216342926,0.3383280634880066,9.555551528930664
550,-2.1766810417175293,True,True,0.06490755081176758,0.04543444141745567,0.18435285985469818,0.39137014746665955,9.553533554077148
551,-2.1722352504730225,True,True,0.06668561697006226,0.04873635992407799,0.2048511654138565,0.36622270941734314,9.552061080932617
552,-2.1705541610717773,True,True,0.0666818618774414,0.04892126843333244,0.1901906579732895,0.39306071400642395,9.549227714538574
553,-2.1797735691070557,True,True,0.06721186637878418,0.04855145141482353,0.1939152330160141,0.3655887246131897,9.534937858581543
554,-2.177802562713623,True,True,0.0648396909236908,0.04675520956516266,0.19116804003715515,0.26922544836997986,9.537686347961426
555,-2.190739154815674,True,True,0.06524238735437393,0.04503820464015007,0.1893189549446106,0.37044915556907654,9.52940559387207
556,-2.192721366882324,True,True,0.06701343506574631,0.0470193587243557,0.2005983144044876,0.3478375971317291,9.530023574829102
557,-2.190155029296875,True,True,0.06820493936538696,0.0469929464161396,0.21076823770999908,0.35227537155151367,9.542243957519531
558,-2.184177875518799,True,True,0.06840479373931885,0.04918542131781578,0.2036096602678299,0.366011381149292,9.536198616027832
559,-2.186882734298706,True,True,0.06900155544281006,0.04960806295275688,0.1997794210910797,0.4004570245742798,9.524688720703125
560,-2.1823039054870605,True,True,0.06883853673934937,0.048789191991090775,0.1964510977268219,0.40933260321617126,9.524685859680176
561,-2.178637981414795,True,True,0.06751920282840729,0.04876277595758438,0.20012284815311432,0.401302307844162,9.53950023651123
562,-2.176361560821533,True,True,0.06783264875411987,0.049211833626031876,0.20300209522247314,0.36918124556541443,9.537093162536621
563,-2.1710453033447266,True,True,0.06871171295642853,0.049713727086782455,0.20408514142036438,0.3159278631210327,9.531883239746094
564,-2.1658718585968018,True,True,0.06854531913995743,0.051774125546216965,0.19880206882953644,0.33389028906822205,9.53387451171875
565,-2.169917345046997,True,True,0.06702589988708496,0.04841937497258186,0.18546229600906372,0.3182523846626282,9.52833366394043
566,-2.17545485496521,True,True,0.06660984456539154,0.0499514676630497,0.18271511793136597,0.3157165050506592,9.514411926269531
567,-2.167243480682373,True,True,0.06500525772571564,0.048709943890571594,0.1913793534040451,0.2778896987438202,9.516755104064941
568,-2.16127872467041,True,True,0.06374947726726532,0.04543444141745567,0.18842081725597382,0.2916256785392761,9.518118858337402
569,-2.1506123542785645,True,True,0.06335020810365677,0.044800467789173126,0.19613412022590637,0.2816935181617737,9.526420593261719
570,-2.1499509811401367,True,True,0.06298354268074036,0.04590991511940956,0.18102452158927917,0.33093178272247314,9.526089668273926
571,-2.155409574508667,True,True,0.06460783630609512,0.04752124845981598,0.18773400783538818,0.36326417326927185,9.529594421386719
572,-2.156313180923462,True,True,0.06410809606313705,0.04384951665997505,0.19956809282302856,0.3634755313396454,9.542912483215332
573,-2.1598806381225586,True,True,0.0644695907831192,0.046517468988895416,0.1893189698457718,0.34678101539611816,9.542546272277832
574,-2.163393020629883,True,True,0.06460979580879211,0.0465967170894146,0.1935189962387085,0.3433998227119446,9.5352783203125
575,-2.1721763610839844,True,True,0.06598459184169769,0.047653328627347946,0.19357183575630188,0.35607922077178955,9.54079532623291
576,-2.169583320617676,True,True,0.06542447209358215,0.04548726975917816,0.19280578196048737,0.3776341378688812,9.5326509475708
577,-2.1610732078552246,True,True,0.0661582499742508,0.048789191991090775,0.19848507642745972,0.360939621925354,9.555811882019043
578,-2.1576919555664062,True,True,0.06702539324760437,0.04884202033281326,0.19874921441078186,0.37404167652130127,9.552111625671387
579,-2.1613969802856445,True,True,0.06687262654304504,0.044641975313425064,0.2136474996805191,0.3702378273010254,9.544180870056152
580,-2.1614279747009277,True,True,0.06849871575832367,0.04831371456384659,0.19542089104652405,0.3579811155796051,9.560303688049316
581,-2.1642231941223145,True,True,0.06832794845104218,0.04836654290556908,0.1896887719631195,0.3689698874950409,9.571444511413574
582,-2.164414405822754,True,True,0.06921885907649994,0.04823446646332741,0.2085493505001068,0.4758993089199066,9.55421257019043
583,-2.163116931915283,True,True,0.0670989602804184,0.046570297330617905,0.18102453649044037,0.4382838010787964,9.544634819030762
584,-2.1576943397521973,True,True,0.0658617839217186,0.04414008557796478,0.2035568356513977,0.4327894449234009,9.533592224121094
585,-2.165581226348877,True,True,0.06694360822439194,0.04313630238175392,0.2031342089176178,0.42412519454956055,9.530257225036621
586,-2.164236307144165,True,True,0.06503839790821075,0.04355894401669502,0.19991151988506317,0.40700802206993103,9.522449493408203
587,-2.158625602722168,True,True,0.06454189121723175,0.0436381921172142,0.19874919950962067,0.38016998767852783,9.517926216125488
588,-2.151390790939331,True,True,0.06469548493623734,0.042528748512268066,0.20210394263267517,0.3778454661369324,9.505589485168457
589,-2.146434783935547,True,True,0.06565321236848831,0.04369102418422699,0.1981680989265442,0.4116571247577667,9.517043113708496
590,-2.1434524059295654,True,True,0.06773644685745239,0.04577783867716789,0.19882847368717194,0.46448788046836853,9.501683235168457
591,-2.1440298557281494,True,True,0.06517159938812256,0.0461740680038929,0.1881038397550583,0.424759179353714,9.500064849853516
592,-2.1405012607574463,True,True,0.0662984773516655,0.04889484867453575,0.18289995193481445,0.37129443883895874,9.488241195678711
593,-2.144615650177002,True,True,0.06856580078601837,0.04688728228211403,0.19177557528018951,0.3677019476890564,9.49003791809082
594,-2.134751319885254,True,True,0.06993333250284195,0.04955523461103439,0.20456060767173767,0.34149792790412903,9.493528366088867
595,-2.134719133377075,True,True,0.0676056519150734,0.04752124845981598,0.19761335849761963,0.4399743974208832,9.477224349975586
596,-2.127866268157959,True,True,0.06755734980106354,0.04844578728079796,0.19040197134017944,0.46448788046836853,9.477191925048828
597,-2.1391043663024902,True,True,0.06769628077745438,0.04630614444613457,0.1905868947505951,0.33727145195007324,9.471611022949219
598,-2.1433284282684326,True,True,0.06723847985267639,0.047785405069589615,0.19291144609451294,0.3404412865638733,9.468214988708496
599,-2.145500659942627,True,True,0.0671253502368927,0.04804955795407295,0.19111520051956177,0.32755059003829956,9.457801818847656
600,-2.1409664154052734,True,True,0.0684758871793747,0.04810239002108574,0.19375674426555634,0.3478375971317291,9.451796531677246
601,-2.1391899585723877,True,True,0.06727894395589828,0.04865711182355881,0.1780131757259369,0.3264940083026886,9.45950984954834
602,-2.138792037963867,True,True,0.0668407678604126,0.04852503538131714,0.1901378184556961,0.3533320128917694,9.447577476501465
603,-2.1355409622192383,True,True,0.06615743041038513,0.049053341150283813,0.18836800754070282,0.3810153007507324,9.432991981506348
604,-2.132803440093994,True,True,0.0638250783085823,0.044589146971702576,0.17365466058254242,0.42623841762542725,9.441604614257812
605,-2.131620407104492,True,True,0.06652171909809113,0.04841937497258186,0.18665099143981934,0.44546881318092346,9.446022987365723
606,-2.1169445514678955,True,True,0.06735169887542725,0.04855145141482353,0.18702082335948944,0.3638981580734253,9.443078994750977
607,-2.1098833084106445,True,True,0.06667868793010712,0.046200480312108994,0.1926473081111908,0.3429771661758423,9.470163345336914
608,-2.1090505123138428,True,True,0.06481733918190002,0.04654388502240181,0.19254158437252045,0.33346763253211975,9.465688705444336
609,-2.1106295585632324,True,True,0.06365660578012466,0.04427215829491615,0.18855290114879608,0.34234321117401123,9.46851921081543
610,-2.112879753112793,True,True,0.06171427294611931,0.044430654495954514,0.1851981282234192,0.3761548697948456,9.476572036743164
611,-2.1018028259277344,True,True,0.06249506399035454,0.04353253170847893,0.19880206882953644,0.37108314037323,9.4840726852417
612,-2.105337142944336,True,True,0.06172937527298927,0.042872145771980286,0.18905480206012726,0.3562905192375183,9.48774242401123
613,-2.108846664428711,True,True,0.06277680397033691,0.043294794857501984,0.1851189136505127,0.3224788308143616,9.490567207336426
614,-2.1028201580047607,True,True,0.06325847655534744,0.04276648536324501,0.18570004403591156,0.34445643424987793,9.486940383911133
615,-2.092130661010742,True,True,0.06280309706926346,0.04303063824772835,0.17975658178329468,0.3753095865249634,9.46129035949707
616,-2.0924034118652344,True,True,0.06293274462223053,0.04498537629842758,0.17436787486076355,0.36368682980537415,9.45688247680664
617,-2.093770742416382,True,True,0.06383246183395386,0.042528748512268066,0.18015283346176147,0.3810153007507324,9.46477222442627
618,-2.097330331802368,True,True,0.06310328096151352,0.0415513776242733,0.18284720182418823,0.4196873903274536,9.462946891784668
619,-2.0987119674682617,True,True,0.06528210639953613,0.04577783867716789,0.1800999939441681,0.41736286878585815,9.47704792022705
620,-2.0908894538879395,True,True,0.06425312161445618,0.04540802165865898,0.17236030101776123,0.4209553301334381,9.472146034240723
621,-2.091886043548584,True,True,0.06372779607772827,0.043453287333250046,0.17230744659900665,0.42370253801345825,9.465173721313477
622,-2.0917320251464844,True,True,0.062440454959869385,0.043004222214221954,0.16879421472549438,0.38714367151260376,9.478546142578125
623,-2.084726572036743,True,True,0.060815248638391495,0.04527594521641731,0.16327336430549622,0.38016998767852783,9.475842475891113
624,-2.0852324962615967,True,True,0.06169294938445091,0.04482688754796982,0.1674998551607132,0.40785330533981323,9.46557331085205
625,-2.0873990058898926,True,True,0.06153086572885513,0.04503820464015007,0.162824347615242,0.42750635743141174,9.475791931152344
626,-2.0905258655548096,True,True,0.060615766793489456,0.04577783867716789,0.17357537150382996,0.4239138662815094,9.4843111038208
627,-2.0939712524414062,True,True,0.057370103895664215,0.043796684592962265,0.15643182396888733,0.3898908793926239,9.489004135131836
628,-2.0862250328063965,True,True,0.05637155473232269,0.044298578053712845,0.1532619744539261,0.4230685830116272,9.498074531555176
629,-2.0846474170684814,True,True,0.05683464556932449,0.04350611940026283,0.1502242088317871,0.3478375971317291,9.481340408325195
630,-2.076509952545166,True,True,0.056765999644994736,0.04202685505151749,0.1506468504667282,0.333256334066391,9.496187210083008
631,-2.0763585567474365,True,True,0.0580751970410347,0.04390234872698784,0.16670739650726318,0.35312068462371826,9.511564254760742
632,-2.072744846343994,True,True,0.058470532298088074,0.0428193174302578,0.16673380136489868,0.30071258544921875,9.500508308410645
633,-2.069679021835327,True,True,0.05769301950931549,0.04477405548095703,0.15883561968803406,0.32078829407691956,9.507065773010254
634,-2.0699548721313477,True,True,0.057243168354034424,0.04612123593688011,0.15561291575431824,0.32670530676841736,9.5120210647583
635,-2.068032741546631,True,True,0.05646056309342384,0.0440608412027359,0.15099024772644043,0.3349469006061554,9.527745246887207
636,-2.069223403930664,True,True,0.05897011607885361,0.04596274346113205,0.15962806344032288,0.37129443883895874,9.526408195495605
637,-2.065830707550049,True,True,0.05783206224441528,0.04638539254665375,0.14586567878723145,0.3260713517665863,9.530035972595215
638,-2.061619758605957,True,True,0.05547299236059189,0.04260799288749695,0.13524667918682098,0.2793689966201782,9.533671379089355
639,-2.061863899230957,True,True,0.056721031665802,0.04390234872698784,0.15703937411308289,0.28275012969970703,9.547658920288086
640,-2.0600626468658447,True,True,0.05755366012454033,0.04102306813001633,0.16335263848304749,0.3038824200630188,9.554606437683105
641,-2.0622010231018066,True,True,0.05795517563819885,0.0411287322640419,0.16166207194328308,0.2941615581512451,9.550029754638672
642,-2.067094326019287,True,True,0.05730011314153671,0.04192119464278221,0.15416009724140167,0.3129693269729614,9.549885749816895
643,-2.0701076984405518,True,True,0.05867709219455719,0.04210609942674637,0.1708281934261322,0.2630971074104309,9.553446769714355
644,-2.072021961212158,True,True,0.058633677661418915,0.041524965316057205,0.16813382506370544,0.252530962228775,9.55721664428711
645,-2.081383228302002,True,True,0.05943223088979721,0.04255516082048416,0.1800735741853714,0.27218398451805115,9.57097339630127
646,-2.0768308639526367,True,True,0.059349849820137024,0.04284573346376419,0.17386597394943237,0.2404855191707611,9.556217193603516
647,-2.0745089054107666,True,True,0.05934646353125572,0.04384951665997505,0.16565077006816864,0.3218448758125305,9.568222999572754
648,-2.0854086875915527,True,True,0.05993408337235451,0.04456273093819618,0.16713003814220428,0.2863426208496094,9.576809883117676
649,-2.078725814819336,True,True,0.05990450829267502,0.04223817586898804,0.17497539520263672,0.2899351418018341,9.582612991333008
650,-2.0751852989196777,True,True,0.06095483899116516,0.04506462439894676,0.17133007943630219,0.3201542794704437,9.590472221374512
651,-2.073911190032959,True,True,0.061139121651649475,0.04469480738043785,0.18480192124843597,0.32374677062034607,9.58267593383789
652,-2.0788702964782715,True,True,0.05968918651342392,0.042713653296232224,0.19077178835868835,0.24619124829769135,9.584575653076172
653,-2.072014808654785,True,True,0.05927066132426262,0.0432419627904892,0.18884345889091492,0.3286072015762329,9.58199405670166
654,-2.063776969909668,True,True,0.06016320735216141,0.044668395072221756,0.17766977846622467,0.3013465404510498,9.587926864624023
655,-2.0603995323181152,True,True,0.060497500002384186,0.04670237749814987,0.1728886067867279,0.3182523846626282,9.590834617614746
656,-2.056962251663208,True,True,0.05906277894973755,0.044087253510951996,0.1611073613166809,0.3169844448566437,9.609625816345215
657,-2.054922580718994,True,True,0.05816439539194107,0.04374385625123978,0.15392236411571503,0.3129693269729614,9.620222091674805
658,-2.0545334815979004,True,True,0.058730870485305786,0.045857083052396774,0.15648464858531952,0.287821888923645,9.615945816040039
659,-2.0602657794952393,True,True,0.06049675494432449,0.046781621873378754,0.16226957738399506,0.3081088960170746,9.624127388000488
660,-2.0537166595458984,True,True,0.0603393092751503,0.04667596146464348,0.17143572866916656,0.2781010568141937,9.624336242675781
661,-2.0599818229675293,True,True,0.05833654850721359,0.044800467789173126,0.16110733151435852,0.2656329572200775,9.607276916503906
662,-2.0632500648498535,True,True,0.058935314416885376,0.04485329985618591,0.15894128382205963,0.27598780393600464,9.586324691772461
663,-2.0600552558898926,True,True,0.060285236686468124,0.04382310062646866,0.17737917602062225,0.27302926778793335,9.574268341064453
664,-2.06156063079834,True,True,0.05828621983528137,0.04221176356077194,0.17737920582294464,0.2945842146873474,9.56511116027832
665,-2.0650529861450195,True,True,0.05765170976519585,0.04318913072347641,0.18773403763771057,0.2966974675655365,9.565645217895508
666,-2.067162275314331,True,True,0.05683568865060806,0.04067967087030411,0.16509604454040527,0.2950068712234497,9.563000679016113
667,-2.0690231323242188,True,True,0.05701947957277298,0.040600426495075226,0.15629974007606506,0.2787350118160248,9.566977500915527
668,-2.069727897644043,True,True,0.05727053061127663,0.04020419716835022,0.1654130518436432,0.2605612277984619,9.590560913085938
669,-2.0704963207244873,True,True,0.057621024549007416,0.04200043901801109,0.17233388125896454,0.2681688368320465,9.592631340026855
670,-2.071758985519409,True,True,0.058686841279268265,0.0423966683447361,0.17811883985996246,0.2576026916503906,9.598941802978516
671,-2.0654187202453613,True,True,0.05616540089249611,0.04221176356077194,0.17064329981803894,0.274508535861969,9.609563827514648
672,-2.071190357208252,True,True,0.05630621686577797,0.04255516082048416,0.16816024482250214,0.2950068712234497,9.62564468383789
673,-2.063004493713379,True,True,0.05549740791320801,0.03935890272259712,0.1653866469860077,0.26795753836631775,9.636896133422852
674,-2.0638413429260254,True,True,0.05662437528371811,0.04057401046156883,0.17016780376434326,0.3379054069519043,9.636590957641602
675,-2.071192741394043,True,True,0.0565764456987381,0.04041551798582077,0.1569601446390152,0.2937389314174652,9.614632606506348
676,-2.0720126628875732,True,True,0.057285375893116,0.04226459562778473,0.16380168497562408,0.2988106906414032,9.604131698608398
677,-2.0658082962036133,True,True,0.05764852836728096,0.043664608150720596,0.16781684756278992,0.3264940083026886,9.582054138183594
678,-2.062927722930908,True,True,0.056892313063144684,0.042740073055028915,0.15886203944683075,0.29859936237335205,9.583379745483398
679,-2.0603461265563965,True,True,0.056284546852111816,0.04326837882399559,0.15791107714176178,0.29310497641563416,9.581426620483398
680,-2.060988664627075,True,True,0.05681111663579941,0.04147213324904442,0.16821306943893433,0.2349911332130432,9.584211349487305
681,-2.0625076293945312,True,True,0.058007627725601196,0.04310988262295723,0.17027348279953003,0.32332414388656616,9.579987525939941
682,-2.0627732276916504,True,True,0.05592921003699303,0.04099665582180023,0.16728854179382324,0.3081088960170746,9.58340835571289
683,-2.076136350631714,True,True,0.055691566318273544,0.043162714689970016,0.16940174996852875,0.2635197639465332,9.593562126159668
684,-2.079871654510498,True,True,0.05671277642250061,0.04213251918554306,0.17074896395206451,0.33515822887420654,9.599909782409668
685,-2.081378698348999,True,True,0.05772099643945694,0.04474763944745064,0.1775376945734024,0.2783123552799225,9.615128517150879
686,-2.0832042694091797,True,True,0.05868713930249214,0.045381609350442886,0.16993007063865662,0.3328336775302887,9.632092475891113
687,-2.0831480026245117,True,True,0.05737072601914406,0.043717436492443085,0.1675262302160263,0.314871221780777,9.632246017456055
688,-2.0775821208953857,True,True,0.058543503284454346,0.042740073055028915,0.17846225202083588,0.32966384291648865,9.610466003417969
689,-2.077171564102173,True,True,0.05798180028796196,0.04313630238175392,0.1737603098154068,0.34762629866600037,9.611320495605469
690,-2.071200370788574,True,True,0.05839158967137337,0.044430654495954514,0.1695602685213089,0.2920483350753784,9.62118148803711
691,-2.0678391456604004,True,True,0.05829188972711563,0.044800467789173126,0.16839797794818878,0.33579221367836,9.607291221618652
692,-2.0659966468811035,True,True,0.05769158899784088,0.043664608150720596,0.17523956298828125,0.4234912395477295,9.637443542480469
693,-2.0676305294036865,True,True,0.058761611580848694,0.04332120716571808,0.17994149029254913,0.3537546396255493,9.619766235351562
694,-2.072052001953125,True,True,0.05873997136950493,0.04015136510133743,0.17975659668445587,0.3668566644191742,9.630813598632812
695,-2.0759544372558594,True,True,0.05769963562488556,0.04334762692451477,0.1700357347726822,0.3503734767436981,9.63703441619873
696,-2.0738322734832764,True,True,0.0568208321928978,0.04276648536324501,0.16765834391117096,0.3433998227119446,9.662858963012695
697,-2.0738625526428223,True,True,0.05756111443042755,0.041789114475250244,0.16617906093597412,0.3970758616924286,9.66115951538086
698,-2.0761337280273438,True,True,0.05644756183028221,0.04170987010002136,0.17101310193538666,0.39390602707862854,9.661904335021973
699,-2.0767805576324463,True,True,0.05801006034016609,0.04097023978829384,0.16948102414608002,0.3727737367153168,9.655272483825684
700,-2.0717239379882812,True,True,0.057210907340049744,0.039887212216854095,0.18208114802837372,0.3214222490787506,9.655707359313965
701,-2.0737922191619873,True,True,0.05686929076910019,0.04110231623053551,0.1854887306690216,0.31782975792884827,9.66244888305664
702,-2.0689849853515625,True,True,0.058820199221372604,0.04342687129974365,0.18411512672901154,0.35185274481773376,9.660625457763672
703,-2.0715813636779785,True,True,0.05953875184059143,0.045645758509635925,0.1787528097629547,0.3698152005672455,9.677400588989258
704,-2.0671346187591553,True,True,0.059414319694042206,0.04427215829491615,0.18202830851078033,0.3387507200241089,9.68682861328125
705,-2.060577392578125,True,True,0.05864051729440689,0.04176270216703415,0.16929611563682556,0.3655887246131897,9.694713592529297
706,-2.064868927001953,True,True,0.058542702347040176,0.041947606950998306,0.17788106203079224,0.517318606376648,9.688392639160156
707,-2.0660014152526855,True,True,0.0591559112071991,0.04260799288749695,0.16565077006816864,0.4021475911140442,9.678374290466309
708,-2.064955234527588,True,True,0.059225067496299744,0.042872145771980286,0.178435817360878,0.4298309087753296,9.68212890625
709,-2.0662519931793213,True,True,0.055750809609889984,0.04342687129974365,0.14330336451530457,0.28105953335762024,9.684564590454102
710,-2.0650219917297363,True,True,0.05897927284240723,0.04377026855945587,0.16108089685440063,0.3030371367931366,9.679886817932129
711,-2.0623183250427246,True,True,0.05796464532613754,0.04120798036456108,0.16430360078811646,0.3093768358230591,9.664902687072754
712,-2.063206672668457,True,True,0.05823468416929245,0.040521178394556046,0.1755037158727646,0.30705225467681885,9.666152000427246
713,-2.0618174076080322,True,True,0.056438811123371124,0.040600426495075226,0.17238670587539673,0.2614065408706665,9.657286643981934
714,-2.0600266456604004,True,True,0.056975483894348145,0.04223817586898804,0.16929611563682556,0.2766217589378357,9.664843559265137
715,-2.0555593967437744,True,True,0.05760686844587326,0.04147213324904442,0.16010355949401855,0.25401023030281067,9.658940315246582
716,-2.056149482727051,True,True,0.05660485476255417,0.041155148297548294,0.14966948330402374,0.2844407260417938,9.6419677734375
717,-2.0496630668640137,True,True,0.05551578849554062,0.04118156433105469,0.14940530061721802,0.28190484642982483,9.638116836547852
718,-2.040235757827759,True,True,0.057154592126607895,0.044668395072221756,0.16517530381679535,0.26753488183021545,9.63798999786377
719,-2.0427887439727783,True,True,0.05907135456800461,0.04361177608370781,0.17748486995697021,0.25527817010879517,9.63480281829834
720,-2.0441763401031494,True,True,0.05869307368993759,0.04432499036192894,0.16005073487758636,0.2869766056537628,9.623064041137695
721,-2.035771369934082,True,True,0.056987445801496506,0.04445707052946091,0.1552959680557251,0.26753488183021545,9.629084587097168
722,-2.040896415710449,True,True,0.05692729353904724,0.042449500411748886,0.14869211614131927,0.3865097165107727,9.638195991516113
723,-2.0316877365112305,True,True,0.0588914230465889,0.046015575528144836,0.16982440650463104,0.5811381936073303,9.65524673461914
724,-2.037994861602783,True,True,0.059578634798526764,0.04355894401669502,0.17183196544647217,0.5697267055511475,9.649372100830078
725,-2.0351715087890625,True,True,0.05827345326542854,0.04387592896819115,0.1649903953075409,0.5443679690361023,9.651708602905273
726,-2.032621383666992,True,True,0.05660591274499893,0.04342687129974365,0.15167702734470367,0.4239138662815094,9.65099811553955
727,-2.029057025909424,True,True,0.05479680746793747,0.04289856180548668,0.1650168001651764,0.24830448627471924,9.642677307128906
728,-2.026186943054199,True,True,0.05561698600649834,0.04403442144393921,0.17494899034500122,0.23541377484798431,9.650211334228516
729,-2.02280855178833,True,True,0.054297298192977905,0.041868362575769424,0.16187340021133423,0.2791576385498047,9.665566444396973
730,-2.0265390872955322,True,True,0.053858280181884766,0.043928761035203934,0.14956381916999817,0.2592932879924774,9.676777839660645
731,-2.0276713371276855,True,True,0.05527203157544136,0.04276648536324501,0.14808455109596252,0.2715500295162201,9.666955947875977
732,-2.0339255332946777,True,True,0.05538389831781387,0.04086457937955856,0.16818663477897644,0.25908195972442627,9.671174049377441
733,-2.0411789417266846,True,True,0.055747732520103455,0.04210609942674637,0.17008857429027557,0.2673235535621643,9.668754577636719
734,-2.033550262451172,True,True,0.055788278579711914,0.04390234872698784,0.15379029512405396,0.29310497641563416,9.661805152893066
735,-2.0326480865478516,True,True,0.053350090980529785,0.03772114962339401,0.17225463688373566,0.33769410848617554,9.661337852478027
736,-2.0403435230255127,True,True,0.053593747317790985,0.03616264462471008,0.1587299257516861,0.35607922077178955,9.660008430480957
737,-2.037630081176758,True,True,0.0540328286588192,0.04012494906783104,0.15550726652145386,0.32924118638038635,9.649155616760254
738,-2.035569190979004,True,True,0.054091282188892365,0.04067967087030411,0.16298283636569977,0.32839590311050415,9.63971996307373
739,-2.0358667373657227,True,True,0.056141749024391174,0.04163062199950218,0.16797533631324768,0.4264497458934784,9.651618957519531
740,-2.0366086959838867,True,True,0.056987762451171875,0.04456273093819618,0.16993007063865662,0.42454782128334045,9.642695426940918
741,-2.0375752449035645,True,True,0.05666894465684891,0.04139288514852524,0.16433000564575195,0.4032042324542999,9.641429901123047
742,-2.0299506187438965,True,True,0.056022245436906815,0.0407060869038105,0.16776396334171295,0.482661634683609,9.639507293701172
743,-2.027798652648926,True,True,0.05729903280735016,0.04276648536324501,0.16842438280582428,0.45688024163246155,9.647809028625488
744,-2.0260047912597656,True,True,0.05499070882797241,0.04126081243157387,0.16607342660427094,0.45265379548072815,9.63517951965332
745,-2.024831771850586,True,True,0.0561337023973465,0.040230609476566315,0.15799033641815186,0.37213975191116333,9.636218070983887
746,-2.024710178375244,True,True,0.05655092000961304,0.04176270216703415,0.1658356636762619,0.3171957731246948,9.660920143127441
747,-2.0200109481811523,True,True,0.05352497100830078,0.0386192724108696,0.15933752059936523,0.30958813428878784,9.660201072692871
748,-2.0158119201660156,True,True,0.053436990827322006,0.040098536759614944,0.15254877507686615,0.3406526446342468,9.662612915039062
749,-2.0180163383483887,True,True,0.05225727707147598,0.04046834632754326,0.1485336422920227,0.37002649903297424,9.642822265625
750,-2.0167932510375977,True,True,0.051044851541519165,0.04038910195231438,0.14821664988994598,0.3770001530647278,9.655608177185059
751,-2.0154738426208496,True,True,0.05072612315416336,0.04075891897082329,0.14660531282424927,0.3461470305919647,9.6712646484375
752,-2.018001079559326,True,True,0.05052092298865318,0.04149854928255081,0.14929968118667603,0.29310497641563416,9.664748191833496
753,-2.018002510070801,True,True,0.05052386224269867,0.04128722473978996,0.15217895805835724,0.3076862394809723,9.659008026123047
754,-2.02439546585083,True,True,0.050436459481716156,0.039887212216854095,0.14391092956066132,0.36030563712120056,9.667028427124023
755,-2.021465301513672,True,True,0.05144049972295761,0.040098536759614944,0.1443335860967636,0.36157357692718506,9.65977668762207
756,-2.0161406993865967,True,True,0.05048321932554245,0.041736286133527756,0.13080890476703644,0.3484715521335602,9.665267944335938
757,-2.012970447540283,True,True,0.050153810530900955,0.04128722473978996,0.1322617530822754,0.30071258544921875,9.661585807800293
758,-2.017120122909546,True,True,0.0507635697722435,0.042449500411748886,0.12866926193237305,0.33008649945259094,9.645605087280273
759,-2.014113664627075,True,True,0.05024927854537964,0.04065325856208801,0.1276126503944397,0.330720454454422,9.630845069885254
760,-2.013957977294922,True,True,0.04970806837081909,0.0423966683447361,0.1355372816324234,0.2622518241405487,9.636728286743164
761,-2.0152428150177,True,True,0.049569569528102875,0.03798530250787735,0.14195619523525238,0.28972378373146057,9.645686149597168
762,-2.013665199279785,True,True,0.049520909786224365,0.037377748638391495,0.13249950110912323,0.3239581286907196,9.63209056854248
763,-2.0112736225128174,True,True,0.04942076653242111,0.03772114962339401,0.1422995924949646,0.35227537155151367,9.615880966186523
764,-2.006239414215088,True,True,0.04813161492347717,0.039887212216854095,0.1229899451136589,0.34361112117767334,9.60385799407959
765,-2.013488531112671,True,True,0.04846451058983803,0.039887212216854095,0.11237098276615143,0.3072636127471924,9.602620124816895
766,-2.0147087574005127,True,True,0.050407472997903824,0.039226826280355453,0.11646536737680435,0.3457243740558624,9.611034393310547
767,-2.010180950164795,True,True,0.049901075661182404,0.03814379498362541,0.12534093856811523,0.33684879541397095,9.623359680175781
768,-2.0100033283233643,True,True,0.05071228742599487,0.0394381508231163,0.132657989859581,0.3264940083026886,9.618307113647461
769,-2.008718490600586,True,True,0.05035767704248428,0.03962305560708046,0.14034485816955566,0.32586002349853516,9.61312198638916
770,-2.012359619140625,True,True,0.049495141953229904,0.03529093414545059,0.14132222533226013,0.2685914933681488,9.60224723815918
771,-2.012085437774658,True,True,0.050645045936107635,0.036453209817409515,0.13638253509998322,0.22970806062221527,9.58480453491211
772,-2.0150651931762695,True,True,0.05038716644048691,0.03613622859120369,0.14261658489704132,0.2392175942659378,9.587590217590332
773,-2.0122604370117188,True,True,0.04999097064137459,0.0373513363301754,0.1406354308128357,0.2690141499042511,9.58395767211914
774,-2.0025594234466553,True,True,0.04893660545349121,0.03743058070540428,0.13614481687545776,0.24069684743881226,9.574337005615234
775,-1.9974193572998047,True,True,0.04981581121683121,0.037589073181152344,0.14259016513824463,0.24957242608070374,9.552647590637207
776,-1.9896292686462402,True,True,0.05059850588440895,0.035396598279476166,0.1485600471496582,0.2723953127861023,9.555901527404785
777,-1.9904175996780396,True,True,0.04903186857700348,0.03687585890293121,0.14023920893669128,0.29141438007354736,9.546967506408691
778,-1.9943084716796875,True,True,0.04861766844987869,0.03555509075522423,0.14615625143051147,0.28148218989372253,9.536588668823242
779,-1.9902175664901733,True,True,0.05050836503505707,0.03729850426316261,0.15717144310474396,0.38672101497650146,9.539297103881836
780,-1.9920175075531006,True,True,0.048931896686553955,0.03584565967321396,0.1411108672618866,0.2890898287296295,9.539933204650879
781,-1.9869433641433716,True,True,0.04963794723153114,0.03592490777373314,0.1419033706188202,0.24323272705078125,9.538596153259277
782,-1.9862221479415894,True,True,0.04923094063997269,0.0356607511639595,0.15548086166381836,0.3201542794704437,9.538993835449219
783,-1.9888074398040771,True,True,0.049869321286678314,0.03706076368689537,0.15209969878196716,0.28401806950569153,9.532076835632324
784,-1.9894495010375977,True,True,0.04800223559141159,0.03798530250787735,0.13947312533855438,0.23477981984615326,9.519580841064453
785,-1.993666648864746,True,True,0.047604359686374664,0.03721925616264343,0.14206185936927795,0.2212551385164261,9.523284912109375
786,-1.9915045499801636,True,True,0.04881305247545242,0.03764190524816513,0.1439901739358902,0.28063690662384033,9.52374267578125
787,-1.986542820930481,True,True,0.049509599804878235,0.03655887395143509,0.1465260535478592,0.258659303188324,9.520699501037598
788,-1.9799861907958984,True,True,0.04912756383419037,0.03714001178741455,0.1410316526889801,0.3110674321651459,9.516575813293457
789,-1.977315902709961,True,True,0.048967309296131134,0.03613622859120369,0.13963164389133453,0.3529093563556671,9.506369590759277
790,-1.9783533811569214,True,True,0.04922885447740555,0.036823026835918427,0.13799388706684113,0.3457243740558624,9.495423316955566
791,-1.9804649353027344,True,True,0.04871950298547745,0.036928690969944,0.15217892825603485,0.3702378273010254,9.505292892456055
792,-1.9802656173706055,True,True,0.049073971807956696,0.03780039772391319,0.14412222802639008,0.37383031845092773,9.491650581359863
793,-1.986116647720337,True,True,0.051194656640291214,0.03402299806475639,0.14385809004306793,0.36706799268722534,9.480240821838379
794,-1.9851534366607666,True,True,0.048370491713285446,0.03529093414545059,0.13408441841602325,0.396230548620224,9.494481086730957
795,-1.98417067527771,True,True,0.04744262620806694,0.0339965857565403,0.1342429220676422,0.38038134574890137,9.516708374023438
796,-1.9813920259475708,True,True,0.04809693992137909,0.03542301431298256,0.14285433292388916,0.3778454661369324,9.528390884399414
797,-1.9832019805908203,True,True,0.04893305525183678,0.03412865847349167,0.14911475777626038,0.4076420068740845,9.516460418701172
798,-1.9852564334869385,True,True,0.04952612519264221,0.03420790657401085,0.15054112672805786,0.39644187688827515,9.515957832336426
799,-1.9920685291290283,True,True,0.0503578744828701,0.03521168977022171,0.14676378667354584,0.4021475911140442,9.514711380004883
800,-1.9906165599822998,True,True,0.04953833669424057,0.033890921622514725,0.1381787359714508,0.42623841762542725,9.526439666748047
801,-1.9951162338256836,True,True,0.04983872175216675,0.034392815083265305,0.15302424132823944,0.41524961590766907,9.541776657104492
802,-1.9876569509506226,True,True,0.049239274114370346,0.036109812557697296,0.145680770277977,0.4137703776359558,9.553988456726074
803,-1.9798551797866821,True,True,0.04928544908761978,0.03465696796774864,0.1468430459499359,0.3856644034385681,9.555423736572266
804,-1.9751687049865723,True,True,0.04981668293476105,0.037456996738910675,0.14457128942012787,0.39940041303634644,9.553228378295898
805,-1.972042202949524,True,True,0.04932574927806854,0.0348418764770031,0.14882420003414154,0.40193629264831543,9.56153392791748
806,-1.9734538793563843,True,True,0.050780512392520905,0.035819243639707565,0.17148858308792114,0.4017249345779419,9.56466293334961
807,-1.9607490301132202,True,True,0.0527048259973526,0.03743058070540428,0.16279789805412292,0.4086986184120178,9.579841613769531
808,-1.9569141864776611,True,True,0.05196971818804741,0.036743782460689545,0.1653602123260498,0.4082759618759155,9.588082313537598
809,-1.9622516632080078,True,True,0.05150480940937996,0.03463055193424225,0.16049978137016296,0.412079781293869,9.585816383361816
810,-1.959082007408142,True,True,0.04961727559566498,0.03492112457752228,0.1499864161014557,0.40193629264831543,9.576622009277344
811,-1.9533421993255615,True,True,0.049940161406993866,0.03433998301625252,0.14533735811710358,0.40489479899406433,9.574196815490723
812,-1.9476687908172607,True,True,0.05136273056268692,0.03576641157269478,0.16425076127052307,0.44589146971702576,9.553812980651855
813,-1.9433209896087646,True,True,0.05241044610738754,0.036453209817409515,0.17140933871269226,0.439129114151001,9.563020706176758
814,-1.9396129846572876,True,True,0.05102207511663437,0.03605698049068451,0.16340549290180206,0.4112344980239868,9.571619987487793
815,-1.936363935470581,True,True,0.04966725781559944,0.03370601311326027,0.15603557229042053,0.4076420068740845,9.567522048950195
816,-1.937730312347412,True,True,0.04931898042559624,0.03328336775302887,0.15482047200202942,0.38016998767852783,9.567065238952637
817,-1.9318443536758423,True,True,0.049490392208099365,0.03370601311326027,0.15928468108177185,0.39137014746665955,9.56463623046875
818,-1.934999942779541,True,True,0.04785943031311035,0.03241166099905968,0.13749200105667114,0.39348337054252625,9.574075698852539
819,-1.9302223920822144,True,True,0.046620357781648636,0.03257015347480774,0.13498254120349884,0.3958079218864441,9.556144714355469
820,-1.929160714149475,True,True,0.0479687862098217,0.03323053941130638,0.14494113624095917,0.393694669008255,9.556327819824219
821,-1.9316234588623047,True,True,0.04786217585206032,0.03243807330727577,0.1280352920293808,0.3983438014984131,9.532992362976074
822,-1.935776710510254,True,True,0.04771367460489273,0.03336261212825775,0.13186553120613098,0.3924267292022705,9.531649589538574
823,-1.9367740154266357,True,True,0.04797426238656044,0.0339965857565403,0.141903355717659,0.38672101497650146,9.533853530883789
824,-1.9399210214614868,True,True,0.048444874584674835,0.0335739366710186,0.14406943321228027,0.44377821683883667,9.526776313781738
825,-1.9443053007125854,True,True,0.04917364567518234,0.03571358323097229,0.14457133412361145,0.4306761920452118,9.507159233093262
826,-1.9433062076568604,True,True,0.04607567936182022,0.03270222991704941,0.1251031756401062,0.4055287539958954,9.495115280151367
827,-1.9442875385284424,True,True,0.04763353615999222,0.03584565967321396,0.13405799865722656,0.40658536553382874,9.502971649169922
828,-1.9421650171279907,True,True,0.048048824071884155,0.036109812557697296,0.12531451880931854,0.45434436202049255,9.514748573303223
829,-1.9455006122589111,True,True,0.04806753247976303,0.037589073181152344,0.12763908505439758,0.38798895478248596,9.526371955871582
830,-1.9460885524749756,True,True,0.04933162033557892,0.03840795159339905,0.1217748373746872,0.38629835844039917,9.537576675415039
831,-1.9437897205352783,True,True,0.049259524792432785,0.03898908570408821,0.12993720173835754,0.38038134574890137,9.540421485900879
832,-1.9396215677261353,True,True,0.04887688532471657,0.03840795159339905,0.12906548380851746,0.5270395278930664,9.540135383605957
833,-1.9368048906326294,True,True,0.048344943672418594,0.03624189272522926,0.13212968409061432,0.4712502062320709,9.532463073730469
834,-1.937711238861084,True,True,0.047971297055482864,0.03655887395143509,0.13609196245670319,0.3302977979183197,9.520059585571289
835,-1.9294369220733643,True,True,0.04811296612024307,0.03655887395143509,0.1301485300064087,0.32881852984428406,9.495892524719238
836,-1.9353184700012207,True,True,0.04788734391331673,0.036321137100458145,0.13276363909244537,0.355867862701416,9.49803352355957
837,-1.9377557039260864,True,True,0.049014218151569366,0.03679661452770233,0.14074108004570007,0.4349026679992676,9.495766639709473
838,-1.93424654006958,True,True,0.04816092923283577,0.03740416839718819,0.1372806876897812,0.33811676502227783,9.471315383911133
839,-1.9337190389633179,True,True,0.0497322753071785,0.03700793534517288,0.13738633692264557,0.3469923138618469,9.467663764953613
840,-1.9303274154663086,True,True,0.05017077177762985,0.03700793534517288,0.14295996725559235,0.4055287539958954,9.469827651977539
841,-1.9312390089035034,True,True,0.050984516739845276,0.03661170229315758,0.14705434441566467,0.5097110271453857,9.462614059448242
842,-1.9297213554382324,True,True,0.04969816282391548,0.034392815083265305,0.15471482276916504,0.34509041905403137,9.464188575744629
843,-1.930788516998291,True,True,0.05026112496852875,0.03856644406914711,0.1430920660495758,0.320576936006546,9.467874526977539
844,-1.9336978197097778,True,True,0.05015935003757477,0.03761548548936844,0.15260159969329834,0.29817670583724976,9.477039337158203
845,-1.933864951133728,True,True,0.0501960888504982,0.038090966641902924,0.13630330562591553,0.29099172353744507,9.472153663635254
846,-1.9347646236419678,True,True,0.05085638910531998,0.0356871634721756,0.1427750438451767,0.3512187898159027,9.484526634216309
847,-1.9322361946105957,True,True,0.049735262989997864,0.03679661452770233,0.1503298431634903,0.3136032819747925,9.505179405212402
848,-1.9322161674499512,True,True,0.04995639994740486,0.03597773611545563,0.15640537440776825,0.30662962794303894,9.516669273376465
849,-1.9356539249420166,True,True,0.048753559589385986,0.036823026835918427,0.1640658676624298,0.34635835886001587,9.513594627380371
850,-1.9349887371063232,True,True,0.0479162260890007,0.035819243639707565,0.14200901985168457,0.3302977979183197,9.488781929016113
851,-1.9323128461837769,True,True,0.04991612955927849,0.03772114962339401,0.14869213104248047,0.2804255783557892,9.486382484436035
852,-1.9295204877853394,True,True,0.049191009253263474,0.036030568182468414,0.1380731165409088,0.3248034119606018,9.49621295928955
853,-1.92340087890625,True,True,0.04787732660770416,0.0352645218372345,0.1506996899843216,0.3512187898159027,9.486640930175781
854,-1.9260870218276978,True,True,0.04615465924143791,0.034260738641023636,0.1457071602344513,0.27641046047210693,9.47867488861084
855,-1.928733229637146,True,True,0.046364009380340576,0.03470980003476143,0.13635613024234772,0.3201542794704437,9.473223686218262
856,-1.9274120330810547,True,True,0.04712260514497757,0.03433998301625252,0.13720139861106873,0.2702820897102356,9.466021537780762
857,-1.9278463125228882,True,True,0.04642866551876068,0.033521104604005814,0.1334768533706665,0.3474149703979492,9.481396675109863
858,-1.920291781425476,True,True,0.04822830855846405,0.035396598279476166,0.1342429220676422,0.38756629824638367,9.483549118041992
859,-1.919372797012329,True,True,0.04793121665716171,0.038302287459373474,0.13041269779205322,0.32459208369255066,9.487921714782715
860,-1.921233892440796,True,True,0.04964863881468773,0.038672104477882385,0.14885060489177704,0.2601385712623596,9.483089447021484
861,-1.9239788055419922,True,True,0.04941771179437637,0.042740073055028915,0.13030701875686646,0.26499900221824646,9.462413787841797
862,-1.9212646484375,True,True,0.050611115992069244,0.03962305560708046,0.137333482503891,0.3055730164051056,9.474784851074219
863,-1.9203068017959595,True,True,0.04887032508850098,0.037456996738910675,0.1271635740995407,0.2497837394475937,9.47944450378418
864,-1.921931505203247,True,True,0.05050398409366608,0.039173997938632965,0.14425432682037354,0.28803321719169617,9.480135917663574
865,-1.9284212589263916,True,True,0.04781072586774826,0.037166427820920944,0.13083533942699432,0.29775404930114746,9.51486873626709
866,-1.9309165477752686,True,True,0.04863143339753151,0.03740416839718819,0.13065043091773987,0.3537546396255493,9.504292488098145
867,-1.9312798976898193,True,True,0.048763424158096313,0.03798530250787735,0.13590703904628754,0.3488942086696625,9.499103546142578
868,-1.9283620119094849,True,True,0.04962848126888275,0.03832870349287987,0.14586567878723145,0.28275012969970703,9.48830509185791
869,-1.9274441003799438,True,True,0.04802367836236954,0.038883429020643234,0.12980513274669647,0.30071258544921875,9.48851490020752
870,-1.9303741455078125,True,True,0.04769320413470268,0.0402834415435791,0.128827765583992,0.26626694202423096,9.491256713867188
871,-1.9197666645050049,True,True,0.04841751605272293,0.03877776488661766,0.13186553120613098,0.26034989953041077,9.484477996826172
872,-1.9218833446502686,True,True,0.04812907055020332,0.03492112457752228,0.13836371898651123,0.2783123552799225,9.470447540283203
873,-1.9190107583999634,True,True,0.04838190972805023,0.039173997938632965,0.13498254120349884,0.2859199643135071,9.477060317993164
874,-1.913625955581665,True,True,0.04799922555685043,0.03669095039367676,0.13699011504650116,0.2831727862358093,9.4785795211792
875,-1.9087330102920532,True,True,0.04858071357011795,0.04149854928255081,0.12940891087055206,0.30916550755500793,9.481491088867188
876,-1.9065122604370117,True,True,0.04722533002495766,0.03423432260751724,0.12787681818008423,0.33304497599601746,9.473106384277344
877,-1.9102216958999634,True,True,0.04918530583381653,0.03721925616264343,0.13548444211483002,0.30113524198532104,9.469358444213867
878,-1.9099767208099365,True,True,0.050351157784461975,0.03669095039367676,0.1298050582408905,0.32290148735046387,9.476934432983398
879,-1.9081275463104248,True,True,0.05137402564287186,0.03806455060839653,0.1486128866672516,0.3780567944049835,9.475823402404785
880,-1.9062063694000244,True,True,0.05090707540512085,0.03769473358988762,0.1439901739358902,0.3510074317455292,9.49051284790039
881,-1.9031503200531006,True,True,0.0504089891910553,0.03764190524816513,0.13329195976257324,0.26204049587249756,9.493293762207031
882,-1.9021172523498535,True,True,0.04976051300764084,0.037245675921440125,0.12581638991832733,0.3133919835090637,9.50096321105957
883,-1.899994134902954,True,True,0.049324266612529755,0.0386192724108696,0.13041268289089203,0.2869766056537628,9.500868797302246
884,-1.891955852508545,True,True,0.04929131641983986,0.03869851678609848,0.1377297043800354,0.22527027130126953,9.502290725708008
885,-1.8926825523376465,True,True,0.04637463018298149,0.03629471734166145,0.13498254120349884,0.19293786585330963,9.496288299560547
886,-1.8864214420318604,True,True,0.0471775159239769,0.036823026835918427,0.1321825236082077,0.22653821110725403,9.502016067504883
887,-1.8835241794586182,True,True,0.04759976267814636,0.036321137100458145,0.13070324063301086,0.2933162748813629,9.526823997497559
888,-1.8783175945281982,True,True,0.04777056723833084,0.033098459243774414,0.13611839711666107,0.29902198910713196,9.516237258911133
889,-1.880340814590454,True,True,0.04908178001642227,0.03587207570672035,0.13500896096229553,0.2924709916114807,9.500974655151367
890,-1.8797945976257324,True,True,0.049565017223358154,0.03806455060839653,0.13912974298000336,0.31381461024284363,9.50796890258789
891,-1.887075662612915,True,True,0.04968961700797081,0.0365060418844223,0.13614481687545776,0.29606348276138306,9.509373664855957
892,-1.886667251586914,True,True,0.04985097795724869,0.03719284385442734,0.12835226953029633,0.29690876603126526,9.515153884887695
893,-1.8824715614318848,True,True,0.048984818160533905,0.035951320081949234,0.12349185347557068,0.2920483350753784,9.519416809082031
894,-1.8867015838623047,True,True,0.049584388732910156,0.03669095039367676,0.12977871298789978,0.29056909680366516,9.53138256072998
895,-1.8861396312713623,True,True,0.048654139041900635,0.03626830503344536,0.1322089284658432,0.274508535861969,9.52880859375
896,-1.895251989364624,True,True,0.04990658909082413,0.03854002431035042,0.1418769508600235,0.28930115699768066,9.545612335205078
897,-1.8971669673919678,True,True,0.04837372153997421,0.03883059695363045,0.14206185936927795,0.29352760314941406,9.550543785095215
898,-1.9003498554229736,True,True,0.04817311465740204,0.0394645631313324,0.1330278068780899,0.29099172353744507,9.546015739440918
899,-1.903104543685913,True,True,0.04731127619743347,0.03780039772391319,0.12983153760433197,0.2924709916114807,9.530376434326172
900,-1.9095420837402344,True,True,0.047414928674697876,0.03663812205195427,0.12951456010341644,0.29775404930114746,9.528141975402832
901,-1.9074018001556396,True,True,0.04752141237258911,0.033811673521995544,0.1296994686126709,0.279580295085907,9.534424781799316
902,-1.9147639274597168,True,True,0.04822230711579323,0.03677019476890564,0.13942033052444458,0.30789756774902344,9.51692008972168
903,-1.9131405353546143,True,True,0.04994070157408714,0.037377748638391495,0.13522027432918549,0.30240318179130554,9.503018379211426
904,-1.911515712738037,True,True,0.04935508593916893,0.03634754940867424,0.1372014433145523,0.30282580852508545,9.49726390838623
905,-1.9149799346923828,True,True,0.05101361870765686,0.03941173478960991,0.13759765028953552,0.3746756315231323,9.513949394226074
906,-1.9184536933898926,True,True,0.05181784927845001,0.03764190524816513,0.14882420003414154,0.35523390769958496,9.508942604064941
907,-1.9233453273773193,True,True,0.052490536123514175,0.039517395198345184,0.15017133951187134,0.37636619806289673,9.522843360900879
908,-1.9140539169311523,True,True,0.05287381261587143,0.03999287262558937,0.15083174407482147,0.38883426785469055,9.512645721435547
909,-1.918025016784668,True,True,0.050529249012470245,0.03761548548936844,0.1389448195695877,0.30578434467315674,9.516375541687012
910,-1.9188158512115479,True,True,0.051564570516347885,0.03729850426316261,0.14591848850250244,0.3163504898548126,9.509049415588379
911,-1.9254631996154785,True,True,0.05376392602920532,0.040521178394556046,0.15915259718894958,0.3017691969871521,9.496415138244629
912,-1.930750846862793,True,True,0.0541016161441803,0.0394645631313324,0.15944316983222961,0.3248034119606018,9.506616592407227
913,-1.9304251670837402,True,True,0.05559290945529938,0.04255516082048416,0.163669615983963,0.3068409562110901,9.496623992919922
914,-1.9328060150146484,True,True,0.05478754639625549,0.04134005680680275,0.15637895464897156,0.3507961332798004,9.496735572814941
915,-1.9303104877471924,True,True,0.055055923759937286,0.03700793534517288,0.1603148877620697,0.36199623346328735,9.505792617797852
916,-1.926356315612793,True,True,0.054815009236335754,0.038672104477882385,0.1607375293970108,0.4239138662815094,9.503011703491211
917,-1.9237327575683594,True,True,0.054411422461271286,0.03885700926184654,0.16546586155891418,0.44208765029907227,9.507211685180664
918,-1.9270024299621582,True,True,0.05555393174290657,0.037456996738910675,0.1708282083272934,0.40024569630622864,9.489649772644043
919,-1.9194979667663574,True,True,0.05694245547056198,0.040177781134843826,0.1855415403842926,0.40658536553382874,9.490985870361328
920,-1.913438320159912,True,True,0.05519683659076691,0.039306070655584335,0.17233385145664215,0.44504615664482117,9.503232955932617
921,-1.912764549255371,True,True,0.05568356066942215,0.03962305560708046,0.16982437670230865,0.3753095865249634,9.492913246154785
922,-1.912907600402832,True,True,0.05493759363889694,0.04168345406651497,0.17994149029254913,0.29395025968551636,9.479215621948242
923,-1.9073891639709473,True,True,0.05400805175304413,0.0394645631313324,0.15574496984481812,0.32966384291648865,9.490928649902344
924,-1.9104764461517334,True,True,0.05415976420044899,0.03949098289012909,0.16800174117088318,0.29986730217933655,9.502036094665527
925,-1.915008544921875,True,True,0.054417457431554794,0.0394645631313324,0.16224318742752075,0.3484715521335602,9.489633560180664
926,-1.91233491897583,True,True,0.05447942763566971,0.0403098538517952,0.15204688906669617,0.32416942715644836,9.482784271240234
927,-1.9165866374969482,True,True,0.05433538556098938,0.03935890272259712,0.1640658676624298,0.3554452359676361,9.479461669921875
928,-1.9162399768829346,True,True,0.053490400314331055,0.035607919096946716,0.1447826325893402,0.4074306786060333,9.48525333404541
929,-1.9128015041351318,True,True,0.054688841104507446,0.038381531834602356,0.14977514743804932,0.4361706078052521,9.480866432189941
930,-1.9148296117782593,True,True,0.05480009689927101,0.03991362452507019,0.15497897565364838,0.3789020776748657,9.482032775878906
931,-1.91801118850708,True,True,0.054939255118370056,0.03875134885311127,0.1515449583530426,0.46237462759017944,9.479640007019043
932,-1.9211089611053467,True,True,0.05371168255805969,0.03890984132885933,0.159496009349823,0.38080400228500366,9.478111267089844
933,-1.9157521724700928,True,True,0.05280914157629013,0.03949098289012909,0.16390736401081085,0.33896204829216003,9.476186752319336
934,-1.9210693836212158,True,True,0.05210050940513611,0.036955103278160095,0.14988082647323608,0.3000786304473877,9.487518310546875
935,-1.9210178852081299,True,True,0.05205944925546646,0.03658528998494148,0.1637488752603531,0.2912030518054962,9.492130279541016
936,-1.9189170598983765,True,True,0.05293990671634674,0.0365060418844223,0.16306208074092865,0.28486335277557373,9.496097564697266
937,-1.915862798690796,True,True,0.05291543900966644,0.03885700926184654,0.15762051939964294,0.26964810490608215,9.484099388122559
938,-1.9172697067260742,True,True,0.05340944975614548,0.04007211700081825,0.15968091785907745,0.27302926778793335,9.486181259155273
939,-1.9206171035766602,True,True,0.05262812599539757,0.03706076368689537,0.16649606823921204,0.2924709916114807,9.481890678405762
940,-1.9103319644927979,True,True,0.05111809819936752,0.03822304308414459,0.1461825966835022,0.2873992621898651,9.476235389709473
941,-1.9142308235168457,True,True,0.05139821022748947,0.037668317556381226,0.15600915253162384,0.36115095019340515,9.487043380737305
942,-1.914513111114502,True,True,0.0514337420463562,0.03790605813264847,0.1422995924949646,0.41736286878585815,9.47336483001709
943,-1.9218460321426392,True,True,0.05361133813858032,0.04004570469260216,0.16985084116458893,0.4046834707260132,9.461408615112305
944,-1.9203815460205078,True,True,0.053091198205947876,0.037034351378679276,0.16485831141471863,0.42792901396751404,9.443791389465332
945,-1.9130833148956299,True,True,0.05324351042509079,0.0377739779651165,0.1625337153673172,0.5418320894241333,9.441760063171387
946,-1.9147639274597168,True,True,0.05214420706033707,0.037034351378679276,0.1645149290561676,0.333256334066391,9.454611778259277
947,-1.9146409034729004,True,True,0.05198272317647934,0.03687585890293121,0.15497897565364838,0.30620697140693665,9.449761390686035
948,-1.9131137132644653,True,True,0.05270709469914436,0.039940040558576584,0.175398051738739,0.31170138716697693,9.427251815795898
949,-1.9110057353973389,True,True,0.051393136382102966,0.03470980003476143,0.1696130931377411,0.3302977979183197,9.413040161132812
950,-1.9179000854492188,True,True,0.05205957591533661,0.035739995539188385,0.15793746709823608,0.312335342168808,9.405494689941406
951,-1.9202001094818115,True,True,0.052878089249134064,0.03679661452770233,0.16433000564575195,0.30916550755500793,9.396944046020508
952,-1.9217760562896729,True,True,0.05234751105308533,0.03914757817983627,0.15497897565364838,0.2630971074104309,9.390693664550781
953,-1.9301385879516602,True,True,0.05198391526937485,0.03991362452507019,0.14877134561538696,0.3129693269729614,9.391061782836914
954,-1.9303423166275024,True,True,0.050155337899923325,0.036453209817409515,0.1449146866798401,0.2988106906414032,9.405404090881348
955,-1.938684105873108,True,True,0.048786383122205734,0.03468338027596474,0.14282791316509247,0.31001079082489014,9.398371696472168
956,-1.9312868118286133,True,True,0.04964679479598999,0.03851361200213432,0.13656745851039886,0.3009238839149475,9.405756950378418
957,-1.9348814487457275,True,True,0.05026501417160034,0.037747565656900406,0.13912977278232574,0.33219972252845764,9.419407844543457
958,-1.937687873840332,True,True,0.05137015879154205,0.03962305560708046,0.15706577897071838,0.3782680928707123,9.421432495117188
959,-1.9309544563293457,True,True,0.05316142737865448,0.037377748638391495,0.1658884882926941,0.590859055519104,9.413495063781738
960,-1.9359455108642578,True,True,0.05454525351524353,0.03856644406914711,0.17571502923965454,0.4932277798652649,9.411752700805664
961,-1.9367616176605225,True,True,0.053968414664268494,0.04184194654226303,0.16884703934192657,0.39010220766067505,9.423323631286621
962,-1.9370769262313843,True,True,0.054893217980861664,0.04089099541306496,0.17666597664356232,0.3755209147930145,9.433321952819824
963,-1.9385327100753784,True,True,0.05678579583764076,0.043585363775491714,0.17951881885528564,0.3877776563167572,9.427814483642578
964,-1.9386781454086304,True,True,0.05519183725118637,0.038090966641902924,0.1767188310623169,0.556624710559845,9.426127433776855
965,-1.936264991760254,True,True,0.05386226624250412,0.040521178394556046,0.16985082626342773,0.3315657377243042,9.412921905517578
966,-1.9362304210662842,True,True,0.053520962595939636,0.038804180920124054,0.15917900204658508,0.30958813428878784,9.424744606018066
967,-1.9356422424316406,True,True,0.05541758984327316,0.04089099541306496,0.17748486995697021,0.3152938783168793,9.42809009552002
968,-1.9396934509277344,True,True,0.05611712113022804,0.04218534752726555,0.17531880736351013,0.28676527738571167,9.428318977355957
969,-1.9351842403411865,True,True,0.056015998125076294,0.04104948788881302,0.17518672347068787,0.29648610949516296,9.440213203430176
970,-1.9307856559753418,True,True,0.056392692029476166,0.04163062199950218,0.17357537150382996,0.30662962794303894,9.432455062866211
971,-1.9311106204986572,True,True,0.05530773848295212,0.038249459117650986,0.17973019182682037,0.3136032819747925,9.441634178161621
972,-1.932390570640564,True,True,0.05553264543414116,0.0394645631313324,0.17383955419063568,0.277044415473938,9.44975471496582
973,-1.9350980520248413,True,True,0.05406629294157028,0.040098536759614944,0.16823948919773102,0.3161391615867615,9.454573631286621
974,-1.9314963817596436,True,True,0.05431322753429413,0.03875134885311127,0.17143574357032776,0.32966384291648865,9.443392753601074
975,-1.9327898025512695,True,True,0.053267210721969604,0.03764190524816513,0.169586643576622,0.2890898287296295,9.426111221313477
976,-1.9357255697250366,True,True,0.05187687277793884,0.03890984132885933,0.15537519752979279,0.297965407371521,9.42647647857666
977,-1.9416415691375732,True,True,0.05235503613948822,0.039887212216854095,0.15762051939964294,0.3575584590435028,9.417590141296387
978,-1.9400444030761719,True,True,0.05087978020310402,0.03822304308414459,0.15799033641815186,0.318041056394577,9.402050971984863
979,-1.9399852752685547,True,True,0.05053231120109558,0.038460779935121536,0.15796387195587158,0.2514743208885193,9.41087532043457
980,-1.9313843250274658,True,True,0.051521286368370056,0.04067967087030411,0.15553368628025055,0.242598757147789,9.402063369750977
981,-1.9277263879776,True,True,0.050883322954177856,0.0394645631313324,0.14319771528244019,0.27133870124816895,9.412922859191895
982,-1.928153395652771,True,True,0.05188176408410072,0.03782681003212929,0.14243167638778687,0.34635835886001587,9.399194717407227
983,-1.9348547458648682,True,True,0.052508942782878876,0.04025702551007271,0.14589205384254456,0.31677311658859253,9.395574569702148
984,-1.9379935264587402,True,True,0.05063095688819885,0.037456996738910675,0.15299780666828156,0.3328336775302887,9.385997772216797
985,-1.9354021549224854,True,True,0.050521306693553925,0.03727208822965622,0.14914116263389587,0.34318849444389343,9.37936782836914
986,-1.9342942237854004,True,True,0.049459099769592285,0.036532457917928696,0.14665813744068146,0.2753538191318512,9.389608383178711
987,-1.9347584247589111,True,True,0.05111440271139145,0.03914757817983627,0.14322413504123688,0.3865097165107727,9.403398513793945
988,-1.933927059173584,True,True,0.049457892775535583,0.03843436390161514,0.13199761509895325,0.4746313691139221,9.409920692443848
989,-1.9348435401916504,True,True,0.05214499682188034,0.03750982880592346,0.14330339431762695,0.6491841673851013,9.418900489807129
990,-1.931478500366211,True,True,0.05249929428100586,0.040521178394556046,0.13450706005096436,0.6948299407958984,9.41759204864502
991,-1.9254658222198486,True,True,0.05432981997728348,0.03978154808282852,0.14502038061618805,0.7463927268981934,9.417208671569824
992,-1.9196081161499023,True,True,0.056374307721853256,0.04065325856208801,0.1536582112312317,0.7717514634132385,9.429616928100586
993,-1.919555902481079,True,True,0.054889097809791565,0.04057401046156883,0.15336763858795166,0.6648220419883728,9.425220489501953
994,-1.9227696657180786,True,True,0.05345587059855461,0.040177781134843826,0.14158636331558228,0.5629643797874451,9.443056106567383
995,-1.9183614253997803,True,True,0.05251612514257431,0.03534376621246338,0.13469193875789642,0.6559464931488037,9.444103240966797
996,-1.9214727878570557,True,True,0.05189782381057739,0.03521168977022171,0.1448090374469757,0.5807154774665833,9.442809104919434
997,-1.9235641956329346,True,True,0.05252999812364578,0.03793247416615486,0.15165063738822937,0.34403377771377563,9.441789627075195
998,-1.9242539405822754,True,True,0.05369134247303009,0.03962305560708046,0.16052620112895966,0.45265379548072815,9.444745063781738
999,-1.9237501621246338,True,True,0.055111296474933624,0.03890984132885933,0.16797533631324768,0.5528209209442139,9.433869361877441
1000,-1.9183447360992432,True,True,0.05478909611701965,0.03851361200213432,0.16522812843322754,0.6517200469970703,9.443890571594238
