step,mean_energy,finite_energy,finite_grad,grad_norm_mean,grad_norm_median,grad_norm_p95,grad_norm_max,x_abs_max
1,-3.2688255310058594,True,True,0.047163140028715134,0.038512345403432846,0.12724900245666504,0.17472997307777405,15.030069351196289
2,-3.256418228149414,True,True,0.0521378219127655,0.037747371941804886,0.14711187779903412,0.3095759153366089,15.037166595458984
3,-3.249418258666992,True,True,0.054681092500686646,0.039831262081861496,0.15426038205623627,0.44864240288734436,15.049860000610352
4,-3.241168975830078,True,True,0.06040015071630478,0.03998953104019165,0.1795044243335724,0.5322089195251465,15.04568099975586
5,-3.2328548431396484,True,True,0.06416771560907364,0.038670614361763,0.20759731531143188,0.5807449817657471,15.034071922302246
6,-3.225933074951172,True,True,0.06315357983112335,0.042284440249204636,0.19469831883907318,0.6482735276222229,15.03997802734375
7,-3.221172332763672,True,True,0.06254415214061737,0.03972574695944786,0.20960208773612976,0.5317868590354919,15.036765098571777
8,-3.215841293334961,True,True,0.0629473477602005,0.038881637156009674,0.18847306072711945,0.532630980014801,15.038505554199219
9,-3.2115917205810547,True,True,0.06824591755867004,0.045977409929037094,0.20226888358592987,0.42226406931877136,15.04554271697998
10,-3.2078018188476562,True,True,0.06872490793466568,0.04618843272328377,0.21872900426387787,0.36275461316108704,15.052790641784668
11,-3.2010936737060547,True,True,0.06566779315471649,0.04194152355194092,0.21688251197338104,0.3749941289424896,15.046876907348633
12,-3.193939208984375,True,True,0.06494305282831192,0.040675364434719086,0.2270117700099945,0.3646538555622101,15.050155639648438
13,-3.1917266845703125,True,True,0.06492199748754501,0.03903990983963013,0.22938582301139832,0.4091804623603821,15.048460960388184
14,-3.1869869232177734,True,True,0.0656970664858818,0.03769461438059807,0.2380906492471695,0.420575886964798,15.036992073059082
15,-3.183441162109375,True,True,0.06523095816373825,0.03911904618144035,0.21967855095863342,0.3994732201099396,15.032973289489746
16,-3.17791748046875,True,True,0.06858683377504349,0.04265373945236206,0.22986064851284027,0.36570900678634644,15.025287628173828
17,-3.173961639404297,True,True,0.0660356879234314,0.040648989379405975,0.20957568287849426,0.3752051591873169,15.030786514282227
18,-3.1714916229248047,True,True,0.06872095912694931,0.039541095495224,0.24674277007579803,0.452862948179245,15.055731773376465
19,-3.1678695678710938,True,True,0.06914980709552765,0.0392509363591671,0.2572413384914398,0.5250340104103088,15.053264617919922
20,-3.1647911071777344,True,True,0.06785319000482559,0.03798477724194527,0.23302602767944336,0.5220796465873718,15.063255310058594
21,-3.1624584197998047,True,True,0.06533966958522797,0.04022693261504173,0.21495689451694489,0.5039313435554504,15.04908561706543
22,-3.1600589752197266,True,True,0.06535439193248749,0.03793201968073845,0.21490411460399628,0.43724697828292847,15.049074172973633
23,-3.1564903259277344,True,True,0.06290840357542038,0.03845958784222603,0.20696426928043365,0.3395417034626007,15.042166709899902
24,-3.154542922973633,True,True,0.058645304292440414,0.03677137568593025,0.21503601968288422,0.35958921909332275,15.037862777709961
25,-3.150005340576172,True,True,0.058600395917892456,0.036903265863657,0.18026940524578094,0.3363763093948364,15.044547080993652
26,-3.1481704711914062,True,True,0.06184694170951843,0.039884015917778015,0.1991034895181656,0.34671661257743835,15.031970024108887
27,-3.1448936462402344,True,True,0.05900316312909126,0.037562720477581024,0.18496473133563995,0.30282309651374817,15.038996696472168
28,-3.14312744140625,True,True,0.0571288987994194,0.03373786807060242,0.2000267505645752,0.3258249759674072,15.039945602416992
29,-3.1411094665527344,True,True,0.05983799695968628,0.0360327810049057,0.194698303937912,0.3612774610519409,15.050531387329102
30,-3.1388092041015625,True,True,0.06024912744760513,0.03236619383096695,0.22622041404247284,0.3171728849411011,15.068798065185547
31,-3.1382217407226562,True,True,0.060345686972141266,0.03347408398985863,0.18842025101184845,0.3201272487640381,15.073850631713867
32,-3.1354293823242188,True,True,0.05743052810430527,0.03637570142745972,0.17873942852020264,0.3078877031803131,15.080673217773438
33,-3.134296417236328,True,True,0.056108128279447556,0.035373326390981674,0.18623091280460358,0.294171005487442,15.068989753723145
34,-3.131591796875,True,True,0.05802907049655914,0.036217428743839264,0.21387535333633423,0.27581167221069336,15.057194709777832
35,-3.1281204223632812,True,True,0.058564212173223495,0.04025331139564514,0.20139843225479126,0.2747565507888794,15.059146881103516
36,-3.126140594482422,True,True,0.05855830758810043,0.03550521656870842,0.20920640230178833,0.29564815759658813,15.072188377380371
37,-3.1217193603515625,True,True,0.06047885864973068,0.04209979623556137,0.20575086772441864,0.2855188846588135,15.06157398223877
38,-3.120616912841797,True,True,0.064547099173069,0.04207341745495796,0.22273850440979004,0.30598849058151245,15.053730964660645
39,-3.1206130981445312,True,True,0.06410397589206696,0.041994281113147736,0.20659497380256653,0.3382755219936371,15.051911354064941
40,-3.1166305541992188,True,True,0.06554556638002396,0.04368249326944351,0.20804576575756073,0.32793524861335754,15.054206848144531
41,-3.114971160888672,True,True,0.06701596826314926,0.0442364402115345,0.22099752724170685,0.3412299156188965,15.056178092956543
42,-3.11431884765625,True,True,0.06647457182407379,0.04207341745495796,0.22073373198509216,0.3621215522289276,15.069493293762207
43,-3.11370849609375,True,True,0.06825001537799835,0.04141395911574364,0.22922757267951965,0.3737280070781708,15.078866004943848
44,-3.1135826110839844,True,True,0.06737135350704193,0.042258065193891525,0.20142480731010437,0.3608554005622864,15.08544635772705
45,-3.1121482849121094,True,True,0.06705804169178009,0.0439462773501873,0.2085733413696289,0.3562127947807312,15.085107803344727
46,-3.1091232299804688,True,True,0.06774215400218964,0.040200553834438324,0.22300228476524353,0.342707097530365,15.077569961547852
47,-3.1082077026367188,True,True,0.06593221426010132,0.0418887659907341,0.21867623925209045,0.3389086425304413,15.075374603271484
48,-3.1048965454101562,True,True,0.06596867740154266,0.042785633355379105,0.2077028453350067,0.3401747941970825,15.089055061340332
49,-3.1028480529785156,True,True,0.06749408692121506,0.045713625848293304,0.21635495126247406,0.29163867235183716,15.089914321899414
50,-3.1025543212890625,True,True,0.06722694635391235,0.042020659893751144,0.21988962590694427,0.33152270317077637,15.085103034973145
51,-3.101551055908203,True,True,0.06643372029066086,0.043049413710832596,0.207386314868927,0.294171005487442,15.073505401611328
52,-3.0991592407226562,True,True,0.0639096051454544,0.04529157280921936,0.19675585627555847,0.3002907633781433,15.076202392578125
53,-3.0983200073242188,True,True,0.06320549547672272,0.039910394698381424,0.19340580701828003,0.2967033088207245,15.070833206176758
54,-3.0962562561035156,True,True,0.06265075504779816,0.0354524590075016,0.19490937888622284,0.29691433906555176,15.068449974060059
55,-3.093822479248047,True,True,0.06366108357906342,0.04191514849662781,0.19311563670635223,0.29564815759658813,15.076875686645508
56,-3.0933685302734375,True,True,0.0630749762058258,0.040437962859869,0.19235065579414368,0.3148515820503235,15.080121040344238
57,-3.0908432006835938,True,True,0.06425604224205017,0.03827493637800217,0.2100505381822586,0.30915388464927673,15.080945014953613
58,-3.0904159545898438,True,True,0.06709228456020355,0.042759254574775696,0.21857072412967682,0.3258249759674072,15.066162109375
59,-3.089893341064453,True,True,0.06366748362779617,0.040095046162605286,0.1947246938943863,0.2785550355911255,15.04709243774414
60,-3.088970184326172,True,True,0.06221580505371094,0.040939148515462875,0.19382785260677338,0.27728888392448425,15.036288261413574
61,-3.088489532470703,True,True,0.0630553588271141,0.04215255007147789,0.1921132504940033,0.3026120364665985,15.055145263671875
62,-3.0882644653320312,True,True,0.06333397328853607,0.04180963337421417,0.19580623507499695,0.280032217502594,15.054170608520508
63,-3.0857620239257812,True,True,0.06350506842136383,0.04112379625439644,0.21416553854942322,0.33616527915000916,15.061676025390625
64,-3.0825157165527344,True,True,0.06488022953271866,0.04523881524801254,0.20540791749954224,0.2907945513725281,15.044705390930176
65,-3.080364227294922,True,True,0.06606411933898926,0.04534432664513588,0.19667670130729675,0.30472230911254883,15.05549144744873
66,-3.078441619873047,True,True,0.06378255784511566,0.04191514849662781,0.1994728147983551,0.3055664300918579,15.054241180419922
67,-3.077892303466797,True,True,0.06351608783006668,0.04027969017624855,0.2012137770652771,0.32033830881118774,15.056074142456055
68,-3.0771446228027344,True,True,0.060459256172180176,0.0407281219959259,0.20113465189933777,0.3342660367488861,15.054348945617676
69,-3.0750160217285156,True,True,0.060223933309316635,0.039857637137174606,0.2038780003786087,0.3344770669937134,15.04736042022705
70,-3.0720252990722656,True,True,0.06262113898992538,0.042020659893751144,0.2052760273218155,0.33236679434776306,15.035237312316895
71,-3.069408416748047,True,True,0.06394920498132706,0.03743083029985428,0.20448465645313263,0.34376224875450134,15.033407211303711
72,-3.0689926147460938,True,True,0.06325710564851761,0.03864423558115959,0.20962847769260406,0.34376224875450134,15.044500350952148
73,-3.068115234375,True,True,0.06263536214828491,0.039910394698381424,0.19607001543045044,0.3110530972480774,15.050683975219727
74,-3.0680809020996094,True,True,0.06260556727647781,0.041994281113147736,0.20023779571056366,0.32413676381111145,15.034172058105469
75,-3.0655364990234375,True,True,0.06074113771319389,0.039356447756290436,0.19456644356250763,0.3087318241596222,15.038866996765137
76,-3.0641250610351562,True,True,0.061934009194374084,0.03861785680055618,0.20073898136615753,0.2996577024459839,15.037432670593262
77,-3.062713623046875,True,True,0.060340043157339096,0.040648989379405975,0.2091009020805359,0.29480409622192383,15.038359642028809
78,-3.059551239013672,True,True,0.0627165287733078,0.04004228860139847,0.20907452702522278,0.3171728849411011,15.061351776123047
79,-3.0592994689941406,True,True,0.06408702582120895,0.040965527296066284,0.2159065157175064,0.3386975824832916,15.06347942352295
80,-3.0575637817382812,True,True,0.061487868428230286,0.03785288706421852,0.20229528844356537,0.31421852111816406,15.075385093688965
81,-3.057117462158203,True,True,0.06293486803770065,0.041440337896347046,0.20340317487716675,0.3154847025871277,15.086959838867188
82,-3.0547103881835938,True,True,0.06115475296974182,0.04083363711833954,0.20282286405563354,0.29860255122184753,15.087358474731445
83,-3.055023193359375,True,True,0.061561912298202515,0.04086001217365265,0.21271474659442902,0.294171005487442,15.08100700378418
84,-3.052215576171875,True,True,0.06099672242999077,0.038776129484176636,0.2041681557893753,0.28172042965888977,15.068979263305664
85,-3.0531158447265625,True,True,0.06181435286998749,0.04078087955713272,0.1944873183965683,0.3313116729259491,15.051774024963379
86,-3.050342559814453,True,True,0.0613381452858448,0.03969936817884445,0.19140103459358215,0.3239257335662842,15.056571960449219
87,-3.049816131591797,True,True,0.06084257364273071,0.039620231837034225,0.20290200412273407,0.3201272487640381,15.064688682556152
88,-3.0479736328125,True,True,0.05982232466340065,0.03590088710188866,0.20200513303279877,0.3207603693008423,15.07866382598877
89,-3.0453109741210938,True,True,0.06134255230426788,0.04054347425699234,0.19580620527267456,0.3118972182273865,15.084541320800781
90,-3.0459327697753906,True,True,0.063510000705719,0.03819580376148224,0.20791389048099518,0.3216044306755066,15.097076416015625
91,-3.046051025390625,True,True,0.0625065267086029,0.035689860582351685,0.21904553472995758,0.32709112763404846,15.093427658081055
92,-3.0409927368164062,True,True,0.06209933012723923,0.03650759160518646,0.20725440979003906,0.31886109709739685,15.102277755737305
93,-3.0405330657958984,True,True,0.06344670802354813,0.03975212201476097,0.21506237983703613,0.3095759153366089,15.09237003326416
94,-3.038555145263672,True,True,0.06328035891056061,0.04186239093542099,0.19939368963241577,0.33532118797302246,15.08102798461914
95,-3.037260055541992,True,True,0.06169264018535614,0.039857637137174606,0.19617553055286407,0.3131633698940277,15.095146179199219
96,-3.0368995666503906,True,True,0.06064997613430023,0.039646610617637634,0.1850966513156891,0.3154847025871277,15.089215278625488
97,-3.036640167236328,True,True,0.059477806091308594,0.03555797040462494,0.20081810653209686,0.29986870288848877,15.078857421875
98,-3.034870147705078,True,True,0.06022724136710167,0.03640207648277283,0.2059618979692459,0.33257782459259033,15.057819366455078
99,-3.0341110229492188,True,True,0.06011102348566055,0.03342132642865181,0.19493573904037476,0.35980024933815,15.073493003845215
100,-3.0341796875,True,True,0.061021074652671814,0.034819379448890686,0.18910613656044006,0.31949418783187866,15.072258949279785
101,-3.0315322875976562,True,True,0.06016021966934204,0.03716704994440079,0.19024039804935455,0.33679836988449097,15.079833984375
102,-3.0324478149414062,True,True,0.06202281638979912,0.04062260687351227,0.19923542439937592,0.28636300563812256,15.092154502868652
103,-3.029224395751953,True,True,0.059848152101039886,0.03584813326597214,0.1953577995300293,0.2739124596118927,15.090409278869629
104,-3.028656005859375,True,True,0.05817045643925667,0.03344770893454552,0.18322379887104034,0.2595626413822174,15.092000961303711
105,-3.027141571044922,True,True,0.0576443150639534,0.035135917365550995,0.2035614550113678,0.25555312633514404,15.104118347167969
106,-3.0265426635742188,True,True,0.05863264948129654,0.035927269607782364,0.1885785609483719,0.2935379147529602,15.102845191955566
107,-3.0242385864257812,True,True,0.05994928628206253,0.038301318883895874,0.1970987766981125,0.30240103602409363,15.120954513549805
108,-3.0221099853515625,True,True,0.057950280606746674,0.039910394698381424,0.190108522772789,0.3002907633781433,15.120671272277832
109,-3.021930694580078,True,True,0.058097682893276215,0.03468748554587364,0.17852842807769775,0.28108733892440796,15.11151123046875
110,-3.020946502685547,True,True,0.06029868125915527,0.0357426181435585,0.19762633740901947,0.2724352777004242,15.11478042602539
111,-3.020641326904297,True,True,0.0601203627884388,0.03334219381213188,0.19074159860610962,0.2762337327003479,15.11776351928711
112,-3.0186500549316406,True,True,0.06111897528171539,0.03737807646393776,0.189238041639328,0.26230600476264954,15.123822212219238
113,-3.018596649169922,True,True,0.05719912797212601,0.03590088710188866,0.1778162270784378,0.23255124688148499,15.115468978881836
114,-3.0175209045410156,True,True,0.05779021233320236,0.03571624308824539,0.19240343570709229,0.2317071259021759,15.131302833557129
115,-3.0164871215820312,True,True,0.0544164702296257,0.03410716727375984,0.18649469316005707,0.23487251996994019,15.126643180847168
116,-3.0158767700195312,True,True,0.05533020198345184,0.0339752733707428,0.17670834064483643,0.23487251996994019,15.11535358428955
117,-3.0151748657226562,True,True,0.056320372968912125,0.03389613702893257,0.17684024572372437,0.2331843227148056,15.109116554260254
118,-3.0131759643554688,True,True,0.05624520033597946,0.03479300066828728,0.1930101364850998,0.25470900535583496,15.109542846679688
119,-3.011474609375,True,True,0.056802600622177124,0.035663485527038574,0.17997924983501434,0.2703250050544739,15.101043701171875
120,-3.0108070373535156,True,True,0.05651933699846268,0.036718618124723434,0.19258807599544525,0.2855188846588135,15.091235160827637
121,-3.0098037719726562,True,True,0.05514362454414368,0.036138296127319336,0.18913251161575317,0.2929048240184784,15.076563835144043
122,-3.01068115234375,True,True,0.05559035390615463,0.038565102964639664,0.18069148063659668,0.25259876251220703,15.07133960723877
123,-3.008869171142578,True,True,0.05751722678542137,0.04075450077652931,0.1857297420501709,0.30240103602409363,15.06864070892334
124,-3.0079727172851562,True,True,0.056686609983444214,0.036929644644260406,0.177183136343956,0.29543715715408325,15.062881469726562
125,-3.005687713623047,True,True,0.055195100605487823,0.03814304620027542,0.17760521173477173,0.30219000577926636,15.055763244628906
126,-3.0064735412597656,True,True,0.05511721223592758,0.038538720458745956,0.17507289350032806,0.3002907633781433,15.039995193481445
127,-3.005176544189453,True,True,0.05507563054561615,0.03922455757856369,0.1833556741476059,0.2779219448566437,15.032825469970703
128,-3.003509521484375,True,True,0.05416662618517876,0.04115017503499985,0.1792406588792801,0.3019789755344391,15.056988716125488
129,-3.003154754638672,True,True,0.05790480226278305,0.04025331139564514,0.18053320050239563,0.30155691504478455,15.046887397766113
130,-3.0031509399414062,True,True,0.05677420273423195,0.038776129484176636,0.18264345824718475,0.29163867235183716,15.043989181518555
131,-3.003101348876953,True,True,0.05707528069615364,0.041994281113147736,0.17536306381225586,0.2897394299507141,15.048377990722656
132,-3.0020294189453125,True,True,0.058080367743968964,0.04059623181819916,0.17594335973262787,0.29016149044036865,15.044482231140137
133,-2.999439239501953,True,True,0.057124875485897064,0.034898512065410614,0.18285450339317322,0.27517861127853394,15.04948616027832
134,-2.9993934631347656,True,True,0.056998614221811295,0.03835407271981239,0.17333191633224487,0.2566082775592804,15.054048538208008
135,-2.9972381591796875,True,True,0.05638030171394348,0.037246186286211014,0.1774996966123581,0.2616729140281677,15.041180610656738
136,-2.9982757568359375,True,True,0.05657375603914261,0.036428455263376236,0.17330554127693176,0.25787442922592163,15.061943054199219
137,-2.9972991943359375,True,True,0.05392833426594734,0.03413354232907295,0.17583785951137543,0.30303409695625305,15.061600685119629
138,-2.9964065551757812,True,True,0.05245918780565262,0.031205549836158752,0.1871277540922165,0.26315009593963623,15.05964469909668
139,-2.9951248168945312,True,True,0.05270494148135185,0.03278825059533119,0.1819312423467636,0.25534212589263916,15.067974090576172
140,-2.9946746826171875,True,True,0.054164670407772064,0.03600640222430229,0.17520476877689362,0.26969191431999207,15.056297302246094
141,-2.9942703247070312,True,True,0.053338583558797836,0.0357426181435585,0.1748882383108139,0.24035921692848206,15.048481941223145
142,-2.9939804077148438,True,True,0.05377325788140297,0.037219803780317307,0.16568221151828766,0.24331359565258026,15.039995193481445
143,-2.9939498901367188,True,True,0.05374198406934738,0.0360327810049057,0.17465083301067352,0.24204742908477783,15.033956527709961
144,-2.9927711486816406,True,True,0.05542754381895065,0.04080725833773613,0.1710105985403061,0.2378268986940384,15.050712585449219
145,-2.9936141967773438,True,True,0.05489714443683624,0.03365873172879219,0.16702748835086823,0.24331359565258026,15.030299186706543
146,-2.991748809814453,True,True,0.05484076589345932,0.03268273547291756,0.1763654351234436,0.2490113079547882,15.030194282531738
147,-2.991016387939453,True,True,0.05452185869216919,0.039330072700977325,0.17618077993392944,0.24183641374111176,15.032266616821289
148,-2.991466522216797,True,True,0.05570806562900543,0.03919817879796028,0.17122162878513336,0.2422584593296051,15.035489082336426
149,-2.9913597106933594,True,True,0.05663534998893738,0.03711429238319397,0.1640203595161438,0.23951512575149536,15.041168212890625
150,-2.991058349609375,True,True,0.055067405104637146,0.03627018630504608,0.1739913821220398,0.24141435325145721,15.031767845153809
151,-2.9908981323242188,True,True,0.05592164397239685,0.039831262081861496,0.17589059472084045,0.23149611055850983,15.027398109436035
152,-2.991100311279297,True,True,0.05693173035979271,0.037457212805747986,0.1763126403093338,0.23297329246997833,15.028610229492188
153,-2.9903221130371094,True,True,0.05677405744791031,0.035689860582351685,0.1766292154788971,0.22854174673557281,15.022366523742676
154,-2.9886856079101562,True,True,0.05600537359714508,0.03297289460897446,0.17815916240215302,0.2241101711988449,15.020184516906738
155,-2.988353729248047,True,True,0.05557854473590851,0.036718618124723434,0.17844931781291962,0.22811968624591827,15.017581939697266
156,-2.9889259338378906,True,True,0.056125134229660034,0.03600640222430229,0.17647095024585724,0.24774515628814697,15.031468391418457
157,-2.9880752563476562,True,True,0.05749004706740379,0.03740445524454117,0.1760752648115158,0.25555312633514404,15.040505409240723
158,-2.9883460998535156,True,True,0.05779445171356201,0.039145421236753464,0.17581146955490112,0.24795618653297424,15.032965660095215
159,-2.987751007080078,True,True,0.05787573754787445,0.03666586056351662,0.18026942014694214,0.26969191431999207,15.02783203125
160,-2.986614227294922,True,True,0.05731857195496559,0.03861785680055618,0.17523115873336792,0.24479079246520996,15.025716781616211
161,-2.9852066040039062,True,True,0.05662604421377182,0.03679775446653366,0.16359831392765045,0.23613868653774261,15.031591415405273
162,-2.9822540283203125,True,True,0.058268122375011444,0.037747371941804886,0.16660544276237488,0.227908656001091,15.032715797424316
163,-2.9834556579589844,True,True,0.05707427114248276,0.03598002716898918,0.17591699957847595,0.24690105020999908,15.038230895996094
164,-2.983661651611328,True,True,0.05706138536334038,0.03716704994440079,0.1768665760755539,0.27222421765327454,15.0361909866333
165,-2.9838943481445312,True,True,0.058958109468221664,0.03998953104019165,0.1707468330860138,0.28488582372665405,15.030102729797363
166,-2.984081268310547,True,True,0.05828314274549484,0.036903265863657,0.17707763612270355,0.2724352777004242,15.026205062866211
167,-2.9843978881835938,True,True,0.055781539529561996,0.03835407271981239,0.16887396574020386,0.27581167221069336,15.019481658935547
168,-2.9842376708984375,True,True,0.055192332714796066,0.03257722407579422,0.16409949958324432,0.26061779260635376,15.032632827758789
169,-2.9834747314453125,True,True,0.057045649737119675,0.03561072796583176,0.17188109457492828,0.22811968624591827,15.013057708740234
170,-2.982463836669922,True,True,0.056086763739585876,0.032709114253520966,0.17879222333431244,0.22917482256889343,15.02376937866211
171,-2.9816741943359375,True,True,0.05619195103645325,0.03637570142745972,0.1801375299692154,0.24964439868927002,15.013052940368652
172,-2.9796714782714844,True,True,0.05797312408685684,0.03571624308824539,0.17565321922302246,0.25618621706962585,15.007355690002441
173,-2.9805526733398438,True,True,0.057251714169979095,0.03532056882977486,0.1787130981683731,0.2437356561422348,15.005589485168457
174,-2.9783782958984375,True,True,0.05681152641773224,0.033025652170181274,0.17684024572372437,0.24415770173072815,14.996652603149414
175,-2.9788818359375,True,True,0.05675989389419556,0.03294651582837105,0.17317365109920502,0.2633611261844635,15.004776000976562
176,-2.9800643920898438,True,True,0.05602172762155533,0.03497764840722084,0.17852842807769775,0.2559751868247986,15.000092506408691
177,-2.979290008544922,True,True,0.05542996525764465,0.03394889459013939,0.16299161314964294,0.2515436112880707,15.014150619506836
178,-2.977954864501953,True,True,0.054790303111076355,0.03233981505036354,0.16649991273880005,0.24394667148590088,15.026915550231934
179,-2.9766845703125,True,True,0.05319492518901825,0.03344770893454552,0.1687157154083252,0.25914058089256287,15.020853996276855
180,-2.9767074584960938,True,True,0.05404428765177727,0.03318392485380173,0.17185473442077637,0.25470900535583496,15.014739990234375
181,-2.9768333435058594,True,True,0.051900871098041534,0.033526841551065445,0.15850730240345,0.25091055035591125,15.003954887390137
182,-2.9772567749023438,True,True,0.05182288587093353,0.03284100443124771,0.16003724932670593,0.23972615599632263,15.007458686828613
183,-2.975311279296875,True,True,0.053023383021354675,0.036982402205467224,0.15278315544128418,0.23276226222515106,15.014758110046387
184,-2.9744796752929688,True,True,0.05373835191130638,0.035953644663095474,0.15716201066970825,0.25259876251220703,15.039133071899414
185,-2.9737625122070312,True,True,0.053922101855278015,0.036982402205467224,0.16797712445259094,0.250699520111084,15.061676979064941
186,-2.9714202880859375,True,True,0.05360403656959534,0.037193428725004196,0.15209735929965973,0.2182014435529709,15.063218116760254
187,-2.9717025756835938,True,True,0.05450224503874779,0.03814304620027542,0.15605410933494568,0.2249542772769928,15.064821243286133
188,-2.9699440002441406,True,True,0.05526372790336609,0.03629656136035919,0.16689561307430267,0.22664248943328857,15.062475204467773
189,-2.9711341857910156,True,True,0.054808489978313446,0.03634931892156601,0.17420239746570587,0.24500180780887604,15.062294006347656
190,-2.9709739685058594,True,True,0.05435538291931152,0.04051709547638893,0.15745215117931366,0.2331843227148056,15.073968887329102
191,-2.9698143005371094,True,True,0.05411171913146973,0.03714067116379738,0.1543658971786499,0.23423945903778076,15.0728120803833
192,-2.9686546325683594,True,True,0.05514947324991226,0.03640207648277283,0.16594599187374115,0.2340284287929535,15.06689453125
193,-2.9676856994628906,True,True,0.053615111857652664,0.034581974148750305,0.15473520755767822,0.2264314740896225,15.06766414642334
194,-2.968006134033203,True,True,0.05364491790533066,0.031970519572496414,0.17185473442077637,0.23107405006885529,15.064099311828613
195,-2.9672508239746094,True,True,0.053272463381290436,0.03376424312591553,0.16821449995040894,0.22917482256889343,15.071470260620117
196,-2.967742919921875,True,True,0.05329860746860504,0.034608352929353714,0.1590612381696701,0.2528097927570343,15.065085411071777
197,-2.9666404724121094,True,True,0.054011937230825424,0.036217428743839264,0.15850730240345,0.2703250050544739,15.084273338317871
198,-2.965435028076172,True,True,0.054569877684116364,0.03948834165930748,0.1611451357603073,0.2692698538303375,15.094099044799805
199,-2.9646682739257812,True,True,0.05376069247722626,0.03313116729259491,0.16818813979625702,0.2610398232936859,15.096282005310059
200,-2.9638099670410156,True,True,0.0550268217921257,0.036164671182632446,0.15222926437854767,0.23888203501701355,15.105940818786621
201,-2.9645347595214844,True,True,0.05432974547147751,0.035953644663095474,0.1587446630001068,0.24690105020999908,15.119179725646973
202,-2.9649391174316406,True,True,0.05423489212989807,0.03584813326597214,0.16555030643939972,0.22537633776664734,15.106284141540527
203,-2.9632339477539062,True,True,0.054148465394973755,0.03656034544110298,0.16824090480804443,0.2671596109867096,15.112695693969727
204,-2.9618682861328125,True,True,0.05381471663713455,0.0375099703669548,0.16834641993045807,0.2129257768392563,15.122459411621094
205,-2.960643768310547,True,True,0.05268525332212448,0.03695601969957352,0.153469055891037,0.21514154970645905,15.112760543823242
206,-2.959308624267578,True,True,0.051392316818237305,0.03521505370736122,0.14777132868766785,0.20342956483364105,15.106648445129395
207,-2.958873748779297,True,True,0.05222145467996597,0.03687688708305359,0.15547379851341248,0.2219999134540558,15.111344337463379
208,-2.956897735595703,True,True,0.05274610221385956,0.03658672794699669,0.1590348780155182,0.2167242467403412,15.10356330871582
209,-2.9568748474121094,True,True,0.052121929824352264,0.03363235294818878,0.15866556763648987,0.22242197394371033,15.099458694458008
210,-2.9578704833984375,True,True,0.05224233120679855,0.034845758229494095,0.1400160789489746,0.24268051981925964,15.090815544128418
211,-2.9550094604492188,True,True,0.05198594182729721,0.03392251580953598,0.1643368899822235,0.24352462589740753,15.086495399475098
212,-2.9556541442871094,True,True,0.0515776090323925,0.03466111049056053,0.14592483639717102,0.24816720187664032,15.093031883239746
213,-2.954845428466797,True,True,0.049628883600234985,0.03136381879448891,0.1420736163854599,0.24183641374111176,15.084275245666504
214,-2.954906463623047,True,True,0.050133295357227325,0.03226068243384361,0.13877633213996887,0.25238773226737976,15.085305213928223
215,-2.95489501953125,True,True,0.051544636487960815,0.036164671182632446,0.14315512776374817,0.2504885196685791,15.094035148620605
216,-2.9539947509765625,True,True,0.051165904849767685,0.03561072796583176,0.15159618854522705,0.25914058089256287,15.093558311462402
217,-2.9534950256347656,True,True,0.04820096492767334,0.030889008194208145,0.14136140048503876,0.24563488364219666,15.08593463897705
218,-2.9531173706054688,True,True,0.04874052479863167,0.03075711615383625,0.15135878324508667,0.21313680708408356,15.07396411895752
219,-2.952709197998047,True,True,0.04778812453150749,0.03202327713370323,0.13777393102645874,0.21545808017253876,15.067075729370117
220,-2.951068878173828,True,True,0.04871188849210739,0.030150415375828743,0.14104484021663666,0.2490113079547882,15.076754570007324
221,-2.9518203735351562,True,True,0.04877670854330063,0.03102090023458004,0.13634951412677765,0.23824895918369293,15.075603485107422
222,-2.9500274658203125,True,True,0.04739370197057724,0.02941182255744934,0.13682430982589722,0.24626795947551727,15.079568862915039
223,-2.9475746154785156,True,True,0.049520254135131836,0.033817000687122345,0.1397259384393692,0.24436873197555542,15.07591724395752
224,-2.9482345581054688,True,True,0.04796251654624939,0.032498084008693695,0.13273568451404572,0.2241101711988449,15.089476585388184
225,-2.9471359252929688,True,True,0.047431595623493195,0.03228705748915672,0.1391455978155136,0.22031170129776,15.079390525817871
226,-2.9471778869628906,True,True,0.04718434810638428,0.03128468245267868,0.1396995633840561,0.22811968624591827,15.079867362976074
227,-2.9468460083007812,True,True,0.04725378006696701,0.03344770893454552,0.1406228095293045,0.213242307305336,15.09995174407959
228,-2.9467926025390625,True,True,0.04814224690198898,0.03600640222430229,0.1405964195728302,0.213242307305336,15.094305992126465
229,-2.944561004638672,True,True,0.0491783544421196,0.03318392485380173,0.14194171130657196,0.22558735311031342,15.087285995483398
230,-2.9449005126953125,True,True,0.047329142689704895,0.03236619383096695,0.1306517869234085,0.21946758031845093,15.092452049255371
231,-2.9437332153320312,True,True,0.04875677824020386,0.036718618124723434,0.13819600641727448,0.21651321649551392,15.086587905883789
232,-2.9425201416015625,True,True,0.04712982848286629,0.034608352929353714,0.1306253969669342,0.21366436779499054,15.084979057312012
233,-2.9423866271972656,True,True,0.046940989792346954,0.03233981505036354,0.1329994648694992,0.20743907988071442,15.071624755859375
234,-2.942394256591797,True,True,0.04777943342924118,0.03289376199245453,0.13859166204929352,0.21630220115184784,15.05556869506836
235,-2.9407806396484375,True,True,0.04620455950498581,0.031179171055555344,0.13128487765789032,0.17715679109096527,15.05567455291748
236,-2.940052032470703,True,True,0.046501412987709045,0.03284100443124771,0.12922737002372742,0.19530504941940308,15.036601066589355
237,-2.940807342529297,True,True,0.046413518488407135,0.03334219381213188,0.127090722322464,0.21429744362831116,15.034565925598145
238,-2.9404983520507812,True,True,0.047385167330503464,0.03524143248796463,0.1347140371799469,0.22706454992294312,15.044257164001465
239,-2.9399642944335938,True,True,0.04672085493803024,0.030598849058151245,0.14977608621120453,0.21134306490421295,15.049081802368164
240,-2.938739776611328,True,True,0.04640563949942589,0.031416576355695724,0.1467425674200058,0.22558735311031342,15.038655281066895
241,-2.937152862548828,True,True,0.048159919679164886,0.03445008397102356,0.14046454429626465,0.22600941359996796,15.04062271118164
242,-2.937755584716797,True,True,0.04831959307193756,0.030097659677267075,0.14626775681972504,0.23107405006885529,15.056668281555176
243,-2.936687469482422,True,True,0.04881352558732033,0.03241895139217377,0.1525985598564148,0.23909306526184082,15.070769309997559
244,-2.935699462890625,True,True,0.047333694994449615,0.031100036576390266,0.13584831357002258,0.2123982012271881,15.074570655822754
245,-2.9348411560058594,True,True,0.04641656577587128,0.030546091496944427,0.1420736163854599,0.1950940191745758,15.077018737792969
246,-2.9348526000976562,True,True,0.04691650718450546,0.030809873715043068,0.1513851433992386,0.20754459500312805,15.06887435913086
247,-2.9321632385253906,True,True,0.04760261997580528,0.032471708953380585,0.14668980240821838,0.21165961027145386,15.0720853805542
248,-2.932178497314453,True,True,0.045443084090948105,0.027670854702591896,0.1376948058605194,0.20216341316699982,15.076311111450195
249,-2.9311485290527344,True,True,0.04700210690498352,0.030862631276249886,0.14721737802028656,0.21693527698516846,15.078225135803223
250,-2.9312171936035156,True,True,0.04827914386987686,0.03131106495857239,0.15193909406661987,0.21841247379779816,15.089635848999023
251,-2.9307174682617188,True,True,0.049651969224214554,0.029490957036614418,0.1514379233121872,0.23044097423553467,15.098453521728516
252,-2.930835723876953,True,True,0.04921967163681984,0.0325244665145874,0.14017435908317566,0.24035921692848206,15.104846000671387
253,-2.930309295654297,True,True,0.046697214245796204,0.030361441895365715,0.1312321275472641,0.21071000397205353,15.094490051269531
254,-2.9300804138183594,True,True,0.045842140913009644,0.030836252495646477,0.1382223516702652,0.2015303373336792,15.091352462768555
255,-2.928466796875,True,True,0.047959983348846436,0.03313116729259491,0.14157243072986603,0.2226329892873764,15.096076011657715
256,-2.9274024963378906,True,True,0.04789864271879196,0.03492489084601402,0.13930387794971466,0.23677176237106323,15.081656455993652
257,-2.9281005859375,True,True,0.045801158994436264,0.03215516731142998,0.13215535879135132,0.23360638320446014,15.070106506347656
258,-2.9290199279785156,True,True,0.04621174931526184,0.033500462770462036,0.14006885886192322,0.22959686815738678,15.083600044250488
259,-2.9284400939941406,True,True,0.0454661026597023,0.03226068243384361,0.13075730204582214,0.22579838335514069,15.076476097106934
260,-2.928173065185547,True,True,0.04340756684541702,0.03228705748915672,0.1362176090478897,0.22664248943328857,15.076457977294922
261,-2.9291763305664062,True,True,0.044833049178123474,0.031944140791893005,0.13133762776851654,0.22305504977703094,15.077211380004883
262,-2.929302215576172,True,True,0.043851859867572784,0.03102090023458004,0.12991321086883545,0.22980788350105286,15.090465545654297
263,-2.926849365234375,True,True,0.042883697897195816,0.031100036576390266,0.13840703666210175,0.22094477713108063,15.079062461853027
264,-2.9274940490722656,True,True,0.042618364095687866,0.028805121779441833,0.12685330212116241,0.21630220115184784,15.083748817443848
265,-2.927082061767578,True,True,0.043898023664951324,0.029517335817217827,0.12790845334529877,0.25323185324668884,15.095232963562012
266,-2.9263839721679688,True,True,0.04593281447887421,0.03215516731142998,0.13402818143367767,0.22706454992294312,15.086065292358398
267,-2.9255447387695312,True,True,0.04492325335741043,0.029622849076986313,0.13843341171741486,0.23445048928260803,15.084283828735352
268,-2.9260177612304688,True,True,0.04367503523826599,0.028462203219532967,0.13463489711284637,0.22833071649074554,15.078730583190918
269,-2.9257774353027344,True,True,0.04395012557506561,0.029200797900557518,0.13542626798152924,0.23234021663665771,15.100370407104492
270,-2.9239120483398438,True,True,0.044761255383491516,0.03131106495857239,0.13748377561569214,0.23234021663665771,15.089438438415527
271,-2.922760009765625,True,True,0.045608337968587875,0.03204965591430664,0.1374046504497528,0.23972615599632263,15.104999542236328
272,-2.9227752685546875,True,True,0.045378178358078,0.031970519572496414,0.13988420367240906,0.22854174673557281,15.082621574401855
273,-2.923229217529297,True,True,0.043596118688583374,0.030809873715043068,0.13809047639369965,0.20279650390148163,15.10843276977539
274,-2.9222564697265625,True,True,0.04370491951704025,0.030414199456572533,0.13901372253894806,0.2384599894285202,15.119905471801758
275,-2.923473358154297,True,True,0.044170547276735306,0.031653981655836105,0.13431838154792786,0.19963109493255615,15.121918678283691
276,-2.9234352111816406,True,True,0.0431092195212841,0.030572470277547836,0.12405721098184586,0.21514154970645905,15.121905326843262
277,-2.9224586486816406,True,True,0.04276129603385925,0.030176794156432152,0.12429460883140564,0.2109210044145584,15.120859146118164
278,-2.9196739196777344,True,True,0.042865682393312454,0.03215516731142998,0.12099733203649521,0.20585636794567108,15.115206718444824
279,-2.920307159423828,True,True,0.04305111616849899,0.03136381879448891,0.11806933581829071,0.20965486764907837,15.090174674987793
280,-2.920398712158203,True,True,0.04198716580867767,0.03128468245267868,0.12582457065582275,0.2041681706905365,15.106525421142578
281,-2.9218902587890625,True,True,0.04144603759050369,0.028989769518375397,0.12105008959770203,0.21187064051628113,15.110325813293457
282,-2.9194374084472656,True,True,0.04245390743017197,0.02893701381981373,0.13226087391376495,0.20364059507846832,15.109525680541992
283,-2.9195709228515625,True,True,0.04184039682149887,0.029596470296382904,0.12305483222007751,0.19910353422164917,15.096000671386719
284,-2.9202957153320312,True,True,0.041589394211769104,0.028251176699995995,0.11888707429170609,0.2015303373336792,15.089844703674316
285,-2.9199981689453125,True,True,0.04127565026283264,0.027908260002732277,0.11870241165161133,0.20279650390148163,15.083995819091797
286,-2.9188613891601562,True,True,0.039891570806503296,0.028224797919392586,0.11165941506624222,0.2106044739484787,15.116692543029785
287,-2.917736053466797,True,True,0.0410194993019104,0.028409447520971298,0.11326847970485687,0.20279650390148163,15.115065574645996
288,-2.918376922607422,True,True,0.041874442249536514,0.031442951411008835,0.1085071936249733,0.21303127706050873,15.115707397460938
289,-2.9183807373046875,True,True,0.041087307035923004,0.02838306874036789,0.11878155916929245,0.20986588299274445,15.137848854064941
290,-2.916973114013672,True,True,0.039442017674446106,0.027881881222128868,0.11234523355960846,0.22305504977703094,15.12875747680664
291,-2.9158668518066406,True,True,0.04122941941022873,0.02862047404050827,0.12168317288160324,0.2158801406621933,15.146929740905762
292,-2.9159164428710938,True,True,0.03922087326645851,0.0281192846596241,0.11411259323358536,0.2188345044851303,15.143941879272461
293,-2.9140281677246094,True,True,0.040006279945373535,0.02835668995976448,0.11991582810878754,0.21429744362831116,15.142233848571777
294,-2.9157180786132812,True,True,0.04102274775505066,0.027486205101013184,0.12727537751197815,0.20553983747959137,15.145002365112305
295,-2.9155807495117188,True,True,0.0424722395837307,0.030625225976109505,0.13318412005901337,0.21756835281848907,15.160065650939941
296,-2.91461181640625,True,True,0.041669927537441254,0.029332688078284264,0.12719623744487762,0.2026909738779068,15.150117874145508
297,-2.913768768310547,True,True,0.04259663075208664,0.030124036595225334,0.1215776577591896,0.19192862510681152,15.146660804748535
298,-2.9146156311035156,True,True,0.04406947270035744,0.03260359913110733,0.12677417695522308,0.20627842843532562,15.148858070373535
299,-2.913097381591797,True,True,0.04416981711983681,0.03241895139217377,0.13555817306041718,0.18443720042705536,15.164770126342773
300,-2.9125137329101562,True,True,0.04430843144655228,0.03181225061416626,0.12482219189405441,0.18929079174995422,15.162971496582031
301,-2.9134864807128906,True,True,0.04462319612503052,0.03415992110967636,0.13212896883487701,0.18971285223960876,15.159507751464844
302,-2.9127349853515625,True,True,0.043887026607990265,0.033236678689718246,0.11791107058525085,0.21113203465938568,15.153497695922852
303,-2.911205291748047,True,True,0.044829655438661575,0.030941765755414963,0.12461116909980774,0.2150360345840454,15.169499397277832
304,-2.909839630126953,True,True,0.044486239552497864,0.03305203095078468,0.12397808581590652,0.23719382286071777,15.184187889099121
305,-2.909801483154297,True,True,0.046295374631881714,0.036428455263376236,0.12139301002025604,0.2018468677997589,15.190872192382812
306,-2.9095420837402344,True,True,0.04505481570959091,0.034080784767866135,0.12252727895975113,0.19931456446647644,15.198787689208984
307,-2.9077415466308594,True,True,0.045419059693813324,0.03629656136035919,0.12052252143621445,0.23761588335037231,15.199972152709961
308,-2.9075279235839844,True,True,0.04517504200339317,0.035689860582351685,0.12086544185876846,0.20459023118019104,15.206398010253906
309,-2.9065818786621094,True,True,0.04360304772853851,0.032709114253520966,0.12308122217655182,0.21577464044094086,15.199920654296875
310,-2.9071807861328125,True,True,0.04226350039243698,0.03189138323068619,0.11532599478960037,0.2091272920370102,15.197577476501465
311,-2.9076614379882812,True,True,0.04119303077459335,0.02912166155874729,0.11648663878440857,0.20701703429222107,15.199512481689453
312,-2.907024383544922,True,True,0.04081510379910469,0.030097659677267075,0.10469552874565125,0.22073374688625336,15.188033103942871
313,-2.906902313232422,True,True,0.0429377555847168,0.03157484531402588,0.11619647592306137,0.22600941359996796,15.196407318115234
314,-2.9065589904785156,True,True,0.03957856073975563,0.029068905860185623,0.10367995500564575,0.21313680708408356,15.205687522888184
315,-2.9051170349121094,True,True,0.040125906467437744,0.028488582000136375,0.10703001916408539,0.2331843227148056,15.192205429077148
316,-2.905742645263672,True,True,0.04178108274936676,0.030862631276249886,0.11089444160461426,0.19097900390625,15.202028274536133
317,-2.906230926513672,True,True,0.04065164923667908,0.028303934261202812,0.11606457829475403,0.16998188197612762,15.200557708740234
318,-2.90643310546875,True,True,0.04193209856748581,0.03020317293703556,0.11635473370552063,0.15985260903835297,15.206395149230957
319,-2.9058456420898438,True,True,0.041817374527454376,0.030044902116060257,0.12089181691408157,0.1629124879837036,15.197793006896973
320,-2.9061203002929688,True,True,0.042992450296878815,0.03186500817537308,0.12075993418693542,0.1751520335674286,15.202356338500977
321,-2.9047927856445312,True,True,0.04200911521911621,0.028699608519673347,0.12015322595834732,0.15837541222572327,15.21783447265625
322,-2.9051246643066406,True,True,0.041902169585227966,0.0316275991499424,0.11524686217308044,0.14887921512126923,15.231033325195312
323,-2.903797149658203,True,True,0.04050551354885101,0.026615722104907036,0.11809571832418442,0.1570037454366684,15.241545677185059
324,-2.903980255126953,True,True,0.041827019304037094,0.03215516731142998,0.11113183945417404,0.16924329102039337,15.229196548461914
325,-2.903606414794922,True,True,0.04186633601784706,0.028409447520971298,0.10989206284284592,0.21345333755016327,15.226573944091797
326,-2.9026222229003906,True,True,0.04156029596924782,0.02943820133805275,0.11514134705066681,0.17114253342151642,15.226956367492676
327,-2.9039573669433594,True,True,0.04158437252044678,0.03104727901518345,0.11192318797111511,0.1921396553516388,15.248504638671875
328,-2.9023590087890625,True,True,0.04072082042694092,0.026549775153398514,0.11471929401159286,0.16238492727279663,15.260374069213867
329,-2.904815673828125,True,True,0.041089314967393875,0.03268273547291756,0.10783451050519943,0.15710926055908203,15.261068344116211
330,-2.902782440185547,True,True,0.04106360673904419,0.02893701381981373,0.12041700631380081,0.16660545766353607,15.262837409973145
331,-2.9033660888671875,True,True,0.040524981915950775,0.025415508076548576,0.12558716535568237,0.16692198812961578,15.245471954345703
332,-2.902618408203125,True,True,0.04059361666440964,0.025969451293349266,0.11996858566999435,0.1675550639629364,15.240851402282715
333,-2.9047584533691406,True,True,0.041113726794719696,0.026839938014745712,0.11899258941411972,0.17335830628871918,15.237104415893555
334,-2.9029884338378906,True,True,0.041682109236717224,0.02782912366092205,0.11859691143035889,0.17715679109096527,15.228065490722656
335,-2.9028282165527344,True,True,0.04260589927434921,0.03231343999505043,0.11994220316410065,0.20733356475830078,15.237215042114258
336,-2.9014434814453125,True,True,0.042490117251873016,0.028699608519673347,0.12170955538749695,0.19878698885440826,15.253994941711426
337,-2.9017868041992188,True,True,0.04346521571278572,0.03075711615383625,0.12482219189405441,0.2023744434118271,15.25143051147461
338,-2.9007568359375,True,True,0.0436716303229332,0.03278825059533119,0.12147212773561478,0.2264314740896225,15.262331008911133
339,-2.9000396728515625,True,True,0.04293893277645111,0.029754741117358208,0.11398069560527802,0.21081550419330597,15.255069732666016
340,-2.9003372192382812,True,True,0.041825100779533386,0.028963390737771988,0.11242438107728958,0.23107405006885529,15.261710166931152
341,-2.8999061584472656,True,True,0.04182817414402962,0.032735493034124374,0.10928536206483841,0.2264314740896225,15.25963020324707
342,-2.9001121520996094,True,True,0.041595809161663055,0.029754741117358208,0.11754177510738373,0.2241101711988449,15.242542266845703
343,-2.9002952575683594,True,True,0.043247245252132416,0.02993939071893692,0.12716986238956451,0.23761588335037231,15.244668960571289
344,-2.899394989013672,True,True,0.04123736917972565,0.029570093378424644,0.1271170973777771,0.18084974586963654,15.246216773986816
345,-2.897960662841797,True,True,0.04214181751012802,0.032234303653240204,0.12677419185638428,0.18665297329425812,15.257532119750977
346,-2.8985252380371094,True,True,0.04243212193250656,0.02862047404050827,0.12545526027679443,0.21334782242774963,15.256072998046875
347,-2.8988113403320312,True,True,0.04170280694961548,0.027881881222128868,0.12313397973775864,0.17061495780944824,15.274593353271484
348,-2.898761749267578,True,True,0.04339395835995674,0.030625225976109505,0.12848877906799316,0.22326608002185822,15.274091720581055
349,-2.898029327392578,True,True,0.043098870664834976,0.03075711615383625,0.1283305138349533,0.21461397409439087,15.2894868850708
350,-2.897247314453125,True,True,0.04338821768760681,0.029306311160326004,0.1268005669116974,0.1804277002811432,15.30396842956543
351,-2.897022247314453,True,True,0.04274238646030426,0.02732793614268303,0.13099470734596252,0.17747332155704498,15.288269996643066
352,-2.895984649658203,True,True,0.042318351566791534,0.02780274674296379,0.12674780189990997,0.22157785296440125,15.300228118896484
353,-2.8951568603515625,True,True,0.0428069531917572,0.025613345205783844,0.13484595715999603,0.17599613964557648,15.290327072143555
354,-2.895427703857422,True,True,0.04153488576412201,0.02571885846555233,0.1250332146883011,0.17873947322368622,15.288585662841797
355,-2.894580841064453,True,True,0.040060192346572876,0.026813559234142303,0.11743626743555069,0.17747332155704498,15.267341613769531
356,-2.895648956298828,True,True,0.040010966360569,0.02732793614268303,0.12065441161394119,0.1587974727153778,15.25557804107666
357,-2.8952560424804688,True,True,0.03984493017196655,0.028462203219532967,0.11527323722839355,0.17905603349208832,15.253361701965332
358,-2.8950233459472656,True,True,0.03919088840484619,0.028224797919392586,0.11421810835599899,0.18507027626037598,15.255762100219727
359,-2.8933639526367188,True,True,0.040547654032707214,0.030915386974811554,0.11791107803583145,0.179900124669075,15.246811866760254
360,-2.8920936584472656,True,True,0.04006762430071831,0.028857877478003502,0.11266178637742996,0.17589062452316284,15.239562034606934
361,-2.8929710388183594,True,True,0.04000186547636986,0.026470640674233437,0.118623286485672,0.18011115491390228,15.249719619750977
362,-2.8915138244628906,True,True,0.0415421761572361,0.026721233502030373,0.12350326776504517,0.1743079274892807,15.253317832946777
363,-2.891277313232422,True,True,0.04050511121749878,0.02785550244152546,0.11828035861253738,0.21071000397205353,15.248651504516602
364,-2.8910903930664062,True,True,0.04298390448093414,0.026853125542402267,0.12527061998844147,0.21450847387313843,15.243585586547852
365,-2.8901405334472656,True,True,0.043499257415533066,0.02785550244152546,0.12677419185638428,0.19752083718776703,15.236591339111328
366,-2.8907012939453125,True,True,0.04299493134021759,0.026642100885510445,0.12703797221183777,0.19498851895332336,15.237862586975098
367,-2.8900489807128906,True,True,0.04302065074443817,0.02689269371330738,0.12519147992134094,0.18675850331783295,15.233339309692383
368,-2.8899803161621094,True,True,0.04200950637459755,0.028462203219532967,0.11970479786396027,0.24204742908477783,15.204915046691895
369,-2.890491485595703,True,True,0.041627392172813416,0.027248801663517952,0.12608835101127625,0.24500180780887604,15.211446762084961
370,-2.8908615112304688,True,True,0.04139574617147446,0.02785550244152546,0.12880530953407288,0.22305504977703094,15.216923713684082
371,-2.890583038330078,True,True,0.04243861511349678,0.03046695701777935,0.1215512752532959,0.210287943482399,15.214590072631836
372,-2.8879356384277344,True,True,0.042031027376651764,0.029385443776845932,0.13088920712471008,0.22453223168849945,15.218696594238281
373,-2.888233184814453,True,True,0.04303959757089615,0.028857877478003502,0.12097093462944031,0.24057024717330933,15.209615707397461
374,-2.886577606201172,True,True,0.043407946825027466,0.02912166155874729,0.12814585864543915,0.2515436112880707,15.201874732971191
375,-2.886798858642578,True,True,0.04327550157904625,0.02967560663819313,0.1238989531993866,0.2378268986940384,15.196094512939453
376,-2.887073516845703,True,True,0.044037140905857086,0.032181549817323685,0.1297813057899475,0.23065198957920074,15.208102226257324
377,-2.888683319091797,True,True,0.04356737807393074,0.027934638783335686,0.11938825994729996,0.21345333755016327,15.199172973632812
378,-2.887615203857422,True,True,0.043052174150943756,0.03149570897221565,0.11756815016269684,0.24542385339736938,15.21764850616455
379,-2.8865318298339844,True,True,0.04357903450727463,0.03154846653342247,0.1139279454946518,0.19636018574237823,15.207324028015137
380,-2.8847503662109375,True,True,0.043172359466552734,0.032181549817323685,0.11957290768623352,0.22453223168849945,15.217945098876953
381,-2.8854637145996094,True,True,0.042185671627521515,0.029095282778143883,0.12384619563817978,0.2340284287929535,15.230690002441406
382,-2.884532928466797,True,True,0.04448939487338066,0.030335064977407455,0.12891079485416412,0.24141435325145721,15.223640441894531
383,-2.8838272094726562,True,True,0.0426781065762043,0.028989769518375397,0.12864702939987183,0.18127180635929108,15.227022171020508
384,-2.8838653564453125,True,True,0.04421846941113472,0.03175949305295944,0.1285678893327713,0.17567959427833557,15.224493026733398
385,-2.8826942443847656,True,True,0.042393773794174194,0.02970198541879654,0.11722524464130402,0.1795835942029953,15.236818313598633
386,-2.8841171264648438,True,True,0.04401688650250435,0.030361441895365715,0.13426563143730164,0.17536306381225586,15.223467826843262
387,-2.8825645446777344,True,True,0.04275652766227722,0.030572470277547836,0.12817223370075226,0.1954105645418167,15.216760635375977
388,-2.8811721801757812,True,True,0.04265525937080383,0.03202327713370323,0.12144576013088226,0.19456645846366882,15.208403587341309
389,-2.881610870361328,True,True,0.0425124354660511,0.031073657795786858,0.12255364656448364,0.21862348914146423,15.209650993347168
390,-2.8809814453125,True,True,0.0417490154504776,0.030044902116060257,0.12347689270973206,0.22959686815738678,15.214430809020996
391,-2.881114959716797,True,True,0.04255729913711548,0.031390197575092316,0.12192056328058243,0.22558735311031342,15.228861808776855
392,-2.880962371826172,True,True,0.041615504771471024,0.031680356711149216,0.1218414381146431,0.20437920093536377,15.221447944641113
393,-2.8808822631835938,True,True,0.0425104945898056,0.030889008194208145,0.11387519538402557,0.2135588377714157,15.22141170501709
394,-2.8802528381347656,True,True,0.04119401052594185,0.031126413494348526,0.12809310853481293,0.21113203465938568,15.210915565490723
395,-2.8807334899902344,True,True,0.04274866729974747,0.03215516731142998,0.12031149119138718,0.2088107466697693,15.217916488647461
396,-2.8811798095703125,True,True,0.04233682155609131,0.03104727901518345,0.12181506305932999,0.23867101967334747,15.227753639221191
397,-2.88018798828125,True,True,0.04202050343155861,0.029385443776845932,0.11991580575704575,0.2196786105632782,15.231925010681152
398,-2.8794631958007812,True,True,0.042859263718128204,0.03181225061416626,0.12276466935873032,0.2582964599132538,15.231807708740234
399,-2.8785858154296875,True,True,0.04224701598286629,0.03157484531402588,0.11543150991201401,0.2620949447154999,15.223638534545898
400,-2.87860107421875,True,True,0.043142639100551605,0.032181549817323685,0.1262729912996292,0.24711206555366516,15.217397689819336
401,-2.8778610229492188,True,True,0.04399149864912033,0.03284100443124771,0.12476944178342819,0.24183641374111176,15.205735206604004
402,-2.8795127868652344,True,True,0.04273783415555954,0.03265635669231415,0.11933548748493195,0.2188345044851303,15.22470760345459
403,-2.8793983459472656,True,True,0.04201542213559151,0.03102090023458004,0.12516511976718903,0.24436873197555542,15.221064567565918
404,-2.87860107421875,True,True,0.04181919991970062,0.03131106495857239,0.1224481388926506,0.2155636101961136,15.214160919189453
405,-2.8780670166015625,True,True,0.039903827011585236,0.027908260002732277,0.11988944560289383,0.2264314740896225,15.215616226196289
406,-2.87841796875,True,True,0.03962363675236702,0.02677399106323719,0.11814844608306885,0.21482500433921814,15.216586112976074
407,-2.8779869079589844,True,True,0.04019497334957123,0.030044902116060257,0.1039569303393364,0.217357337474823,15.226929664611816
408,-2.877899169921875,True,True,0.03902916610240936,0.02891063503921032,0.11057787388563156,0.2097603678703308,15.215057373046875
409,-2.877044677734375,True,True,0.04040362685918808,0.02993939071893692,0.11279367655515671,0.1992090344429016,15.237164497375488
410,-2.877918243408203,True,True,0.040849387645721436,0.029754741117358208,0.11102631688117981,0.20691150426864624,15.249055862426758
411,-2.8782806396484375,True,True,0.04050556197762489,0.030677981674671173,0.11345313489437103,0.21366436779499054,15.256307601928711
412,-2.877635955810547,True,True,0.03982435539364815,0.028040150180459023,0.11097357422113419,0.21260923147201538,15.270373344421387
413,-2.877239227294922,True,True,0.04075883701443672,0.02991301193833351,0.11189679056406021,0.20733356475830078,15.268725395202637
414,-2.8772811889648438,True,True,0.03943563625216484,0.027987394481897354,0.11432362347841263,0.26315009593963623,15.264298439025879
415,-2.8768692016601562,True,True,0.04086390510201454,0.029332688078284264,0.11572165787220001,0.27116909623146057,15.275047302246094
416,-2.877185821533203,True,True,0.04138094186782837,0.028725985437631607,0.12147214263677597,0.2753896117210388,15.266443252563477
417,-2.876605987548828,True,True,0.04143531620502472,0.031126413494348526,0.1254025101661682,0.2639941871166229,15.253725051879883
418,-2.876445770263672,True,True,0.04199961945414543,0.03022955171763897,0.12384619563817978,0.2785550355911255,15.258564949035645
419,-2.8769302368164062,True,True,0.0423024520277977,0.030862631276249886,0.12073355168104172,0.22453223168849945,15.252403259277344
420,-2.8762969970703125,True,True,0.04194863885641098,0.030941765755414963,0.12012685090303421,0.21271474659442902,15.259228706359863
421,-2.8763084411621094,True,True,0.04110953211784363,0.028805121779441833,0.11303107440471649,0.21841247379779816,15.252240180969238
422,-2.8758583068847656,True,True,0.04139287769794464,0.030044902116060257,0.11171217262744904,0.2226329892873764,15.256278991699219
423,-2.8739242553710938,True,True,0.040857091546058655,0.02859409525990486,0.11664491146802902,0.21566911041736603,15.25898265838623
424,-2.874462127685547,True,True,0.04069123417139053,0.02862047404050827,0.11622285842895508,0.2188345044851303,15.267650604248047
425,-2.8737869262695312,True,True,0.04216966778039932,0.029385443776845932,0.12139300256967545,0.2241101711988449,15.252793312072754
426,-2.873271942138672,True,True,0.04216975346207619,0.030809873715043068,0.11999496817588806,0.22748661041259766,15.254631996154785
427,-2.8745079040527344,True,True,0.04304148256778717,0.03104727901518345,0.11574804782867432,0.22157785296440125,15.245810508728027
428,-2.8740997314453125,True,True,0.042717095464468,0.032735493034124374,0.11820123344659805,0.2053288072347641,15.241787910461426
429,-2.8747520446777344,True,True,0.042423322796821594,0.03078349493443966,0.12337138503789902,0.1751520335674286,15.229253768920898
430,-2.874706268310547,True,True,0.042572371661663055,0.031917765736579895,0.11342675983905792,0.1690322607755661,15.22488021850586
431,-2.875141143798828,True,True,0.04105335474014282,0.028857877478003502,0.11361139267683029,0.16660545766353607,15.211400985717773
432,-2.8740005493164062,True,True,0.04160436615347862,0.026114532724022865,0.11857052892446518,0.1789505034685135,15.206303596496582
433,-2.87359619140625,True,True,0.04218887910246849,0.030361441895365715,0.11635475605726242,0.1860198974609375,15.217447280883789
434,-2.8744773864746094,True,True,0.04218454658985138,0.02888425625860691,0.11242438107728958,0.18433168530464172,15.219983100891113
435,-2.8729591369628906,True,True,0.04162991791963577,0.02888425625860691,0.109232597053051,0.19942006468772888,15.226515769958496
436,-2.873138427734375,True,True,0.04161227121949196,0.027196044102311134,0.11097357422113419,0.2053288072347641,15.226914405822754
437,-2.873668670654297,True,True,0.04188182204961777,0.02912166155874729,0.11295192688703537,0.1939333826303482,15.223462104797363
438,-2.8734817504882812,True,True,0.04219216853380203,0.029253553599119186,0.1194937601685524,0.22706454992294312,15.238563537597656
439,-2.874217987060547,True,True,0.04185319319367409,0.029306311160326004,0.11730436235666275,0.25766339898109436,15.256980895996094
440,-2.8733291625976562,True,True,0.041939444839954376,0.027196044102311134,0.11682955920696259,0.22600941359996796,15.24234676361084
441,-2.8733863830566406,True,True,0.042873263359069824,0.03212879225611687,0.1115802675485611,0.1916120946407318,15.241890907287598
442,-2.8734130859375,True,True,0.04321452975273132,0.03178587183356285,0.11991581320762634,0.1898183524608612,15.225040435791016
443,-2.8726539611816406,True,True,0.043786320835351944,0.030150415375828743,0.12046977132558823,0.1842261701822281,15.22352409362793
444,-2.8731956481933594,True,True,0.043284833431243896,0.03181225061416626,0.11582718789577484,0.1863364428281784,15.206510543823242
445,-2.8727149963378906,True,True,0.04284431040287018,0.031231926754117012,0.11448188871145248,0.19055695831775665,15.212546348571777
446,-2.8704566955566406,True,True,0.0415264256298542,0.03239257261157036,0.10878416895866394,0.18791912496089935,15.227025032043457
447,-2.87078857421875,True,True,0.043264780193567276,0.03315754234790802,0.11271453648805618,0.19119003415107727,15.231721878051758
448,-2.8702049255371094,True,True,0.042191483080387115,0.03255084156990051,0.11516772955656052,0.20174136757850647,15.221831321716309
449,-2.869720458984375,True,True,0.04137223958969116,0.03331581503152847,0.10668710619211197,0.20743907988071442,15.202518463134766
450,-2.8701400756835938,True,True,0.04012710601091385,0.031100036576390266,0.10862591117620468,0.19583262503147125,15.230518341064453
451,-2.8696632385253906,True,True,0.04028861224651337,0.02814566344022751,0.10796644538640976,0.1977318525314331,15.231072425842285
452,-2.868480682373047,True,True,0.0386437252163887,0.0263651255518198,0.10957552492618561,0.19794288277626038,15.221508979797363
453,-2.8673324584960938,True,True,0.03942694514989853,0.030361441895365715,0.11020859330892563,0.19446095824241638,15.240711212158203
454,-2.8672561645507812,True,True,0.03874410688877106,0.029016148298978806,0.1083884984254837,0.19720429182052612,15.245401382446289
455,-2.866893768310547,True,True,0.03929303213953972,0.028857877478003502,0.11252988874912262,0.19108451902866364,15.245810508728027
456,-2.867034912109375,True,True,0.04009304195642471,0.026497017592191696,0.1151149719953537,0.19055695831775665,15.257360458374023
457,-2.867084503173828,True,True,0.039528071880340576,0.02891063503921032,0.10968103259801865,0.19034592807292938,15.255624771118164
458,-2.8670692443847656,True,True,0.0406516008079052,0.0281192846596241,0.11611734330654144,0.20100276172161102,15.258557319641113
459,-2.866291046142578,True,True,0.042039889842271805,0.02912166155874729,0.11770004779100418,0.1995255947113037,15.271817207336426
460,-2.8666915893554688,True,True,0.04212405905127525,0.029886633157730103,0.1156952977180481,0.20395714044570923,15.250612258911133
461,-2.8649024963378906,True,True,0.04320073872804642,0.03049333393573761,0.11585354059934616,0.1988925039768219,15.244237899780273
462,-2.864604949951172,True,True,0.04346726834774017,0.032498084008693695,0.12091819196939468,0.20342956483364105,15.234419822692871
463,-2.8648223876953125,True,True,0.043244294822216034,0.03073073923587799,0.11986307054758072,0.198048397898674,15.23243522644043
464,-2.8648681640625,True,True,0.04140195623040199,0.029016148298978806,0.116301991045475,0.19720429182052612,15.214944839477539
465,-2.865081787109375,True,True,0.042897582054138184,0.03207603469491005,0.11711972206830978,0.2053288072347641,15.216300964355469
466,-2.8652610778808594,True,True,0.04165853559970856,0.030704360455274582,0.11561615020036697,0.19942006468772888,15.233237266540527
467,-2.8643112182617188,True,True,0.04254220798611641,0.03210240975022316,0.11698781698942184,0.1912955492734909,15.227805137634277
468,-2.863750457763672,True,True,0.04170333221554756,0.030150415375828743,0.10915347188711166,0.1874970644712448,15.22514533996582
469,-2.8639984130859375,True,True,0.03974355757236481,0.030308686196804047,0.1156952902674675,0.1810607761144638,15.228652954101562
470,-2.8634109497070312,True,True,0.04140438884496689,0.029807498678565025,0.12028512358665466,0.18728604912757874,15.245796203613281
471,-2.8631973266601562,True,True,0.040766388177871704,0.029490957036614418,0.11682956665754318,0.20838870108127594,15.24156665802002
472,-2.8620452880859375,True,True,0.04099302366375923,0.028435826301574707,0.11055152118206024,0.20543433725833893,15.248405456542969
473,-2.8616371154785156,True,True,0.041417937725782394,0.029490957036614418,0.11292556673288345,0.20838870108127594,15.241700172424316
474,-2.8599319458007812,True,True,0.04298657178878784,0.030625225976109505,0.12297570705413818,0.19794288277626038,15.250494956970215
475,-2.8626556396484375,True,True,0.043316926807165146,0.030572470277547836,0.12397809326648712,0.19667673110961914,15.262483596801758
476,-2.8622169494628906,True,True,0.04453202709555626,0.030941765755414963,0.13175968825817108,0.18813015520572662,15.251717567443848
477,-2.8624343872070312,True,True,0.044810496270656586,0.030625225976109505,0.12065441906452179,0.2226329892873764,15.250997543334961
478,-2.8613204956054688,True,True,0.04462658613920212,0.03104727901518345,0.12498045712709427,0.1807442307472229,15.249665260314941
479,-2.8605690002441406,True,True,0.04456119239330292,0.033025652170181274,0.11725161969661713,0.205645352602005,15.256721496582031
480,-2.8609619140625,True,True,0.04648958891630173,0.03257722407579422,0.12236899882555008,0.21714630722999573,15.263666152954102
481,-2.8608016967773438,True,True,0.04517534375190735,0.03347408398985863,0.12413635104894638,0.1857033669948578,15.257952690124512
482,-2.8608856201171875,True,True,0.04358278214931488,0.030651602894067764,0.1180429458618164,0.1947774887084961,15.26107120513916
483,-2.8614234924316406,True,True,0.042177632451057434,0.029833877459168434,0.11028774082660675,0.18380412459373474,15.276951789855957
484,-2.859466552734375,True,True,0.04343806207180023,0.030704360455274582,0.12255366146564484,0.18285450339317322,15.274593353271484
485,-2.8583908081054688,True,True,0.04183211177587509,0.03049333393573761,0.1159590482711792,0.18095526099205017,15.262176513671875
486,-2.8591690063476562,True,True,0.04228368401527405,0.029781119897961617,0.12010044604539871,0.1810607761144638,15.248433113098145
487,-2.8581886291503906,True,True,0.04167488217353821,0.030282307416200638,0.12234261631965637,0.18032217025756836,15.255640029907227
488,-2.8582077026367188,True,True,0.04142142832279205,0.028514960780739784,0.11991582810878754,0.18918529152870178,15.247010231018066
489,-2.859638214111328,True,True,0.04037168622016907,0.02946458011865616,0.12231624126434326,0.1746244579553604,15.246753692626953
490,-2.858428955078125,True,True,0.03964344784617424,0.03044057823717594,0.11896620690822601,0.18644194304943085,15.2632474899292
491,-2.857879638671875,True,True,0.039914388209581375,0.02993939071893692,0.11252988874912262,0.179900124669075,15.261370658874512
492,-2.8586349487304688,True,True,0.03940169885754585,0.028725985437631607,0.11756815761327744,0.18348757922649384,15.26313304901123
493,-2.855804443359375,True,True,0.0396391823887825,0.03181225061416626,0.10960189998149872,0.1731472760438919,15.257951736450195
494,-2.857208251953125,True,True,0.03966908901929855,0.03025592863559723,0.11527323722839355,0.17240868508815765,15.270943641662598
495,-2.8553504943847656,True,True,0.04038473963737488,0.029570093378424644,0.11152752488851547,0.1804277002811432,15.268726348876953
496,-2.8553085327148438,True,True,0.040173329412937164,0.028251176699995995,0.1124507486820221,0.18021667003631592,15.247015953063965
497,-2.8558425903320312,True,True,0.041327014565467834,0.030124036595225334,0.1183595061302185,0.17188112437725067,15.236976623535156
498,-2.8534278869628906,True,True,0.04007301479578018,0.02864685282111168,0.11648664623498917,0.17240868508815765,15.248517990112305
499,-2.8541488647460938,True,True,0.04105863720178604,0.029833877459168434,0.11237163096666336,0.1672385334968567,15.239470481872559
500,-2.853015899658203,True,True,0.04046282544732094,0.02809290587902069,0.11144837737083435,0.16544482111930847,15.247594833374023
501,-2.8514556884765625,True,True,0.040421321988105774,0.03157484531402588,0.11210784316062927,0.1687157154083252,15.244844436645508
502,-2.8507728576660156,True,True,0.04106058180332184,0.03313116729259491,0.12321311235427856,0.1795835942029953,15.253395080566406
503,-2.8512191772460938,True,True,0.042431384325027466,0.03102090023458004,0.1241891160607338,0.1716700941324234,15.24292278289795
504,-2.8514328002929688,True,True,0.04216643422842026,0.031944140791893005,0.12276468425989151,0.1701928973197937,15.252813339233398
505,-2.8510589599609375,True,True,0.04283821955323219,0.03315754234790802,0.11340036988258362,0.1804277002811432,15.253722190856934
506,-2.8500213623046875,True,True,0.04200856387615204,0.03233981505036354,0.119493767619133,0.17831742763519287,15.243277549743652
507,-2.851024627685547,True,True,0.04147246852517128,0.028831498697400093,0.12305483222007751,0.17800089716911316,15.25196647644043
508,-2.850116729736328,True,True,0.04200178012251854,0.03178587183356285,0.12210522592067719,0.17968909442424774,15.247407913208008
509,-2.849834442138672,True,True,0.0411301851272583,0.028172042220830917,0.12600922584533691,0.17420239746570587,15.253345489501953
510,-2.849376678466797,True,True,0.039280183613300323,0.02835668995976448,0.12178868800401688,0.172830730676651,15.260794639587402
511,-2.8489913940429688,True,True,0.039601899683475494,0.02859409525990486,0.12210522592067719,0.17472997307777405,15.269940376281738
512,-2.8486557006835938,True,True,0.03893417865037918,0.029095282778143883,0.11783193051815033,0.18243244290351868,15.279098510742188
513,-2.8485374450683594,True,True,0.040243640542030334,0.030176794156432152,0.12498046457767487,0.1763126701116562,15.272703170776367
514,-2.8486671447753906,True,True,0.03981440141797066,0.030387820675969124,0.11551064252853394,0.18992386758327484,15.282461166381836
515,-2.8489532470703125,True,True,0.0391877144575119,0.02867322973906994,0.11458740383386612,0.16734404861927032,15.298195838928223
516,-2.8479232788085938,True,True,0.03914942592382431,0.029068905860185623,0.1089424192905426,0.17873947322368622,15.28747844696045
517,-2.8487396240234375,True,True,0.039745479822158813,0.030704360455274582,0.10994482040405273,0.17124803364276886,15.28548526763916
518,-2.8478164672851562,True,True,0.040713176131248474,0.030071280896663666,0.12004771828651428,0.18032217025756836,15.304853439331055
519,-2.8487319946289062,True,True,0.04098746180534363,0.029570093378424644,0.1203642413020134,0.16998188197612762,15.285293579101562
520,-2.8455162048339844,True,True,0.04078155755996704,0.029754741117358208,0.11342675238847733,0.18169386684894562,15.314667701721191
521,-2.846820831298828,True,True,0.04075462371110916,0.02864685282111168,0.116249218583107,0.17145906388759613,15.319604873657227
522,-2.8457565307617188,True,True,0.03982147201895714,0.026114532724022865,0.11783193796873093,0.1825379580259323,15.33056354522705
523,-2.8446044921875,True,True,0.040376413613557816,0.027380691841244698,0.12236901372671127,0.18137730658054352,15.326639175415039
524,-2.8458404541015625,True,True,0.039380282163619995,0.024769237264990807,0.11263541132211685,0.17768435180187225,15.303547859191895
525,-2.8443450927734375,True,True,0.039414264261722565,0.026971830055117607,0.11448188871145248,0.17652370035648346,15.304390907287598
526,-2.844837188720703,True,True,0.03831171244382858,0.026022208854556084,0.11163301020860672,0.17114253342151642,15.302905082702637
527,-2.843852996826172,True,True,0.03715982660651207,0.02375367283821106,0.11173853278160095,0.16892674565315247,15.29668140411377
528,-2.8429107666015625,True,True,0.039086174219846725,0.028277555480599403,0.11086805164813995,0.20058071613311768,15.308926582336426
529,-2.8431739807128906,True,True,0.03975699096918106,0.03099452331662178,0.1060144305229187,0.15689823031425476,15.305310249328613
530,-2.8425331115722656,True,True,0.03993474692106247,0.02917441911995411,0.11675042659044266,0.22010067105293274,15.297542572021484
531,-2.842987060546875,True,True,0.04038462042808533,0.02780274674296379,0.1218678206205368,0.21524706482887268,15.280339241027832
532,-2.8410186767578125,True,True,0.03921668231487274,0.02917441911995411,0.10968103259801865,0.19868147373199463,15.281998634338379
533,-2.8410606384277344,True,True,0.0391075499355793,0.026998206973075867,0.12052252888679504,0.20722806453704834,15.271875381469727
534,-2.840423583984375,True,True,0.040310826152563095,0.03075711615383625,0.1165921539068222,0.22326608002185822,15.27849292755127
535,-2.8410606384277344,True,True,0.040965382009744644,0.03149570897221565,0.11094718426465988,0.21577464044094086,15.273003578186035
536,-2.841686248779297,True,True,0.03997166454792023,0.03049333393573761,0.11664491146802902,0.21113203465938568,15.265386581420898
537,-2.840282440185547,True,True,0.04022272676229477,0.03044057823717594,0.11659213155508041,0.21071000397205353,15.271111488342285
538,-2.8416748046875,True,True,0.039886243641376495,0.030176794156432152,0.11770004779100418,0.2091272920370102,15.25356674194336
539,-2.839977264404297,True,True,0.03879286348819733,0.029306311160326004,0.11516772955656052,0.21777938306331635,15.258234024047852
540,-2.8388519287109375,True,True,0.039930351078510284,0.03210240975022316,0.11622285842895508,0.1959381252527237,15.247518539428711
541,-2.8384666442871094,True,True,0.0396205373108387,0.03131106495857239,0.11461378633975983,0.18317103385925293,15.232230186462402
542,-2.8384475708007812,True,True,0.037916120141744614,0.028198419138789177,0.10602764040231705,0.18876323103904724,15.226202011108398
543,-2.8380355834960938,True,True,0.03693952411413193,0.0297283623367548,0.10742568969726562,0.1851757913827896,15.248420715332031
544,-2.8383522033691406,True,True,0.03793703764677048,0.028409447520971298,0.1112901046872139,0.18148283660411835,15.24206829071045
545,-2.8378257751464844,True,True,0.0375959686934948,0.027248801663517952,0.11002395302057266,0.17230316996574402,15.241083145141602
546,-2.8374786376953125,True,True,0.03708743304014206,0.02709053084254265,0.10639693588018417,0.19614915549755096,15.235698699951172
547,-2.8388938903808594,True,True,0.03681547939777374,0.02735431306064129,0.10986568033695221,0.1649172455072403,15.244134902954102
548,-2.8377113342285156,True,True,0.0365443155169487,0.026787180453538895,0.10069921612739563,0.1652337908744812,15.253737449645996
549,-2.838733673095703,True,True,0.034808311611413956,0.025824371725320816,0.10106851905584335,0.15985260903835297,15.233230590820312
550,-2.8370628356933594,True,True,0.0357775017619133,0.02653658762574196,0.09837792813777924,0.16270145773887634,15.226678848266602
551,-2.83624267578125,True,True,0.03657229617238045,0.027512583881616592,0.1116066500544548,0.17472997307777405,15.1969633102417
552,-2.8370513916015625,True,True,0.03723664954304695,0.02888425625860691,0.10360082238912582,0.1853868067264557,15.18388557434082
553,-2.8358802795410156,True,True,0.03749552369117737,0.02703777514398098,0.10246656835079193,0.18433168530464172,15.19295597076416
554,-2.8362693786621094,True,True,0.03695211559534073,0.02569247968494892,0.10663432627916336,0.17409689724445343,15.194341659545898
555,-2.8375701904296875,True,True,0.03806367516517639,0.02761809714138508,0.10775540769100189,0.18580886721611023,15.204811096191406
556,-2.836620330810547,True,True,0.03894759714603424,0.028778742998838425,0.10920622944831848,0.1916120946407318,15.193068504333496
557,-2.8364410400390625,True,True,0.039022043347358704,0.0316275991499424,0.11076255142688751,0.15869195759296417,15.190930366516113
558,-2.83660888671875,True,True,0.0379004180431366,0.028303934261202812,0.10724104195833206,0.14930127561092377,15.191126823425293
559,-2.8355484008789062,True,True,0.038892872631549835,0.031653981655836105,0.11221335828304291,0.15478795766830444,15.168314933776855
560,-2.8348770141601562,True,True,0.0385623425245285,0.02941182255744934,0.10862590372562408,0.15246668457984924,15.156963348388672
561,-2.8341636657714844,True,True,0.0382249690592289,0.028277555480599403,0.11063066124916077,0.14613588154315948,15.162249565124512
562,-2.834606170654297,True,True,0.03826117515563965,0.02893701381981373,0.10910072177648544,0.15120051801204681,15.173818588256836
563,-2.8348388671875,True,True,0.039239801466464996,0.02970198541879654,0.1145346462726593,0.1761016547679901,15.161165237426758
564,-2.834003448486328,True,True,0.039073288440704346,0.03020317293703556,0.11384882032871246,0.18844668567180634,15.163496971130371
565,-2.8341217041015625,True,True,0.0396275520324707,0.029886633157730103,0.11690868437290192,0.1848592460155487,15.161847114562988
566,-2.835418701171875,True,True,0.03994172811508179,0.030836252495646477,0.11854414641857147,0.17884500324726105,15.16271686553955
567,-2.834644317626953,True,True,0.04009123146533966,0.03102090023458004,0.11358502507209778,0.19224517047405243,15.173357963562012
568,-2.8332557678222656,True,True,0.0400378480553627,0.02964922785758972,0.10786092281341553,0.19340582191944122,15.200757026672363
569,-2.8339157104492188,True,True,0.039649710059165955,0.03136381879448891,0.11345313489437103,0.1777898669242859,15.217363357543945
570,-2.8335647583007812,True,True,0.04002530872821808,0.0313374400138855,0.11593268811702728,0.18127180635929108,15.230461120605469
571,-2.833148956298828,True,True,0.038716983050107956,0.029860254377126694,0.11785831302404404,0.18169386684894562,15.232871055603027
572,-2.831592559814453,True,True,0.03965206444263458,0.03099452331662178,0.11300470679998398,0.18000563979148865,15.234036445617676
573,-2.8314476013183594,True,True,0.039263058453798294,0.03096814453601837,0.11519410461187363,0.1804277002811432,15.230642318725586
574,-2.8304672241210938,True,True,0.03773371875286102,0.029570093378424644,0.10939087718725204,0.17188112437725067,15.226227760314941
575,-2.830219268798828,True,True,0.0389607697725296,0.03096814453601837,0.11060427874326706,0.1660778820514679,15.21783447265625
576,-2.8300628662109375,True,True,0.038990553468465805,0.030387820675969124,0.11121097952127457,0.1804277002811432,15.21384334564209
577,-2.8310279846191406,True,True,0.03965463489294052,0.03154846653342247,0.11105270683765411,0.16365107893943787,15.24399471282959
578,-2.829387664794922,True,True,0.03979860991239548,0.031231926754117012,0.11614371836185455,0.16977085173130035,15.25799560546875
579,-2.830158233642578,True,True,0.040185607969760895,0.03149570897221565,0.11445551365613937,0.1667109578847885,15.253077507019043
580,-2.8310394287109375,True,True,0.039714738726615906,0.02867322973906994,0.11258265376091003,0.17852845788002014,15.271381378173828
581,-2.8301963806152344,True,True,0.039144162088632584,0.02893701381981373,0.11682955920696259,0.20933830738067627,15.268572807312012
582,-2.8291168212890625,True,True,0.03879048302769661,0.02478242851793766,0.12065441906452179,0.18401513993740082,15.265372276306152
583,-2.829845428466797,True,True,0.03823914751410484,0.026325559243559837,0.11553701013326645,0.1912955492734909,15.262710571289062
584,-2.8293838500976562,True,True,0.039375871419906616,0.028963390737771988,0.1189398244023323,0.20015867054462433,15.272241592407227
585,-2.828746795654297,True,True,0.03809665888547897,0.025415508076548576,0.11809571832418442,0.2018468677997589,15.260873794555664
586,-2.8305511474609375,True,True,0.039400115609169006,0.027222422882914543,0.11849138885736465,0.20110829174518585,15.243888854980469
587,-2.829875946044922,True,True,0.03991389647126198,0.02835668995976448,0.1218414306640625,0.21630220115184784,15.24944019317627
588,-2.8295555114746094,True,True,0.039980411529541016,0.026958638802170753,0.11762088537216187,0.2030075192451477,15.243305206298828
589,-2.8286590576171875,True,True,0.03965148702263832,0.02668166719377041,0.11851777136325836,0.17736780643463135,15.239593505859375
590,-2.828022003173828,True,True,0.03901061415672302,0.02732793614268303,0.11155388504266739,0.1871805191040039,15.223490715026855
591,-2.8287200927734375,True,True,0.03806154429912567,0.028198419138789177,0.1095491424202919,0.18274898827075958,15.228645324707031
592,-2.8276939392089844,True,True,0.037812214344739914,0.02571885846555233,0.10933812707662582,0.1789505034685135,15.225503921508789
593,-2.8270797729492188,True,True,0.036409493535757065,0.025824371725320816,0.09920883923768997,0.17219765484333038,15.237350463867188
594,-2.827098846435547,True,True,0.03770095109939575,0.02780274674296379,0.10646288096904755,0.19002938270568848,15.238412857055664
595,-2.826801300048828,True,True,0.037323202937841415,0.0281192846596241,0.10600125789642334,0.20606739819049835,15.248468399047852
596,-2.825946807861328,True,True,0.03757873550057411,0.02753896266222,0.10689812153577805,0.1807442307472229,15.246944427490234
597,-2.8263931274414062,True,True,0.03803345933556557,0.028435826301574707,0.11005033552646637,0.19266721606254578,15.25059700012207
598,-2.824787139892578,True,True,0.038096047937870026,0.02727518044412136,0.11144836246967316,0.21693527698516846,15.236933708190918
599,-2.8251571655273438,True,True,0.03775970637798309,0.027697231620550156,0.10596168041229248,0.1853868067264557,15.224152565002441
600,-2.8257827758789062,True,True,0.03791261464357376,0.02709053084254265,0.10641011595726013,0.22432120144367218,15.231355667114258
601,-2.825927734375,True,True,0.03685912489891052,0.027143288403749466,0.1127673014998436,0.19899801909923553,15.239911079406738
602,-2.8258285522460938,True,True,0.03837960213422775,0.02806652896106243,0.10569791495800018,0.23487251996994019,15.248590469360352
603,-2.82470703125,True,True,0.03791581839323044,0.027116909623146057,0.10573746263980865,0.23276226222515106,15.259418487548828
604,-2.8252830505371094,True,True,0.037803955376148224,0.02943820133805275,0.1007387712597847,0.23360638320446014,15.253155708312988
605,-2.8256874084472656,True,True,0.03768773376941681,0.02701139636337757,0.10416796058416367,0.23867101967334747,15.246939659118652
606,-2.8248672485351562,True,True,0.03782348334789276,0.026576153934001923,0.11015584319829941,0.22516530752182007,15.260553359985352
607,-2.823986053466797,True,True,0.03706148639321327,0.027222422882914543,0.10108167678117752,0.22453223168849945,15.25599479675293
608,-2.822986602783203,True,True,0.03781362995505333,0.02970198541879654,0.102387435734272,0.21250371634960175,15.254420280456543
609,-2.8227996826171875,True,True,0.038502857089042664,0.028330311179161072,0.1124507486820221,0.21577464044094086,15.22969913482666
610,-2.823558807373047,True,True,0.039228979498147964,0.031152792274951935,0.10910071432590485,0.21461397409439087,15.233512878417969
611,-2.8211822509765625,True,True,0.03838358819484711,0.029042527079582214,0.1092589870095253,0.21988964080810547,15.21774959564209
612,-2.8224143981933594,True,True,0.03792715445160866,0.026734422892332077,0.1104196235537529,0.20437920093536377,15.22134780883789
613,-2.8219833374023438,True,True,0.038001444190740585,0.027670854702591896,0.10747843235731125,0.213242307305336,15.224394798278809
614,-2.8219947814941406,True,True,0.03742987662553787,0.026378316804766655,0.10801919549703598,0.19024041295051575,15.21335506439209
615,-2.8214645385742188,True,True,0.038057997822761536,0.02703777514398098,0.10910070687532425,0.1810607761144638,15.220040321350098
616,-2.8224525451660156,True,True,0.037247560918331146,0.025270426645874977,0.10941725224256516,0.1974153220653534,15.217628479003906
617,-2.8218994140625,True,True,0.03691583126783371,0.028435826301574707,0.09951218962669373,0.18654747307300568,15.20938491821289
618,-2.821857452392578,True,True,0.03664219379425049,0.027433447539806366,0.09564777463674545,0.20047520101070404,15.2167387008667
619,-2.8212509155273438,True,True,0.03575337678194046,0.02806652896106243,0.0950542539358139,0.19308926165103912,15.229119300842285
620,-2.820941925048828,True,True,0.0353296734392643,0.026061775162816048,0.09632042050361633,0.19762633740901947,15.234601020812988
621,-2.8206100463867188,True,True,0.03671816736459732,0.027776367962360382,0.11068341135978699,0.19720429182052612,15.223803520202637
622,-2.819293975830078,True,True,0.0366179421544075,0.02662890963256359,0.11825399100780487,0.19192862510681152,15.209329605102539
623,-2.8191146850585938,True,True,0.03740306943655014,0.02941182255744934,0.09945943206548691,0.17916153371334076,15.215287208557129
624,-2.8199424743652344,True,True,0.03638441860675812,0.026958638802170753,0.09501469135284424,0.18612541258335114,15.217766761779785
625,-2.8198471069335938,True,True,0.03687950596213341,0.027776367962360382,0.10633096843957901,0.1777898669242859,15.211823463439941
626,-2.8196945190429688,True,True,0.035454161465168,0.025758424773812294,0.09133492410182953,0.18591438233852386,15.217187881469727
627,-2.8191261291503906,True,True,0.035941556096076965,0.028224797919392586,0.0889081209897995,0.18296000361442566,15.222183227539062
628,-2.8197174072265625,True,True,0.035754624754190445,0.026497017592191696,0.09988148510456085,0.18053320050239563,15.201631546020508
629,-2.820148468017578,True,True,0.035627324134111404,0.02586393803358078,0.09529165178537369,0.18348757922649384,15.205348014831543
630,-2.8186492919921875,True,True,0.034287575632333755,0.025375939905643463,0.08871027827262878,0.19171759486198425,15.209222793579102
631,-2.8194313049316406,True,True,0.03620470315217972,0.027380691841244698,0.10269078612327576,0.18464823067188263,15.217011451721191
632,-2.8194923400878906,True,True,0.036097753793001175,0.02761809714138508,0.09756018221378326,0.19203414022922516,15.227994918823242
633,-2.820354461669922,True,True,0.03626703470945358,0.025112157687544823,0.10300732403993607,0.20965486764907837,15.228073120117188
634,-2.8202171325683594,True,True,0.03581521660089493,0.026259614154696465,0.1023610532283783,0.20226892828941345,15.212860107421875
635,-2.8206863403320312,True,True,0.03737649321556091,0.028013771399855614,0.10582979023456573,0.20606739819049835,15.221040725708008
636,-2.820575714111328,True,True,0.03745845705270767,0.027380691841244698,0.10408882796764374,0.19382786750793457,15.220453262329102
637,-2.820465087890625,True,True,0.03789009898900986,0.02780274674296379,0.10622547566890717,0.18855220079421997,15.221851348876953
638,-2.820018768310547,True,True,0.038547955453395844,0.026642100885510445,0.10804557800292969,0.18317103385925293,15.217183113098145
639,-2.8188514709472656,True,True,0.03846721351146698,0.026721233502030373,0.10567152500152588,0.1751520335674286,15.222628593444824
640,-2.8184738159179688,True,True,0.03830350190401077,0.02838306874036789,0.11168578267097473,0.17356933653354645,15.229453086853027
641,-2.8194923400878906,True,True,0.03695926070213318,0.02703777514398098,0.10160927474498749,0.16766059398651123,15.227020263671875
642,-2.8189620971679688,True,True,0.03733926638960838,0.0269454512745142,0.10195218771696091,0.16913776099681854,15.237534523010254
643,-2.8169593811035156,True,True,0.03785192593932152,0.028778742998838425,0.09574008733034134,0.16829366981983185,15.236001968383789
644,-2.8176803588867188,True,True,0.03758154809474945,0.02991301193833351,0.09440799057483673,0.1754685640335083,15.244356155395508
645,-2.8174400329589844,True,True,0.036038193851709366,0.02814566344022751,0.09944624453783035,0.1687157154083252,15.243432998657227
646,-2.8167495727539062,True,True,0.03513118624687195,0.026114532724022865,0.0991428792476654,0.15921951830387115,15.24702262878418
647,-2.8163185119628906,True,True,0.03524012118577957,0.025415508076548576,0.10589572787284851,0.17356933653354645,15.253737449645996
648,-2.815937042236328,True,True,0.03487582132220268,0.025639723986387253,0.09886591136455536,0.19319479167461395,15.258209228515625
649,-2.816173553466797,True,True,0.03471643477678299,0.025995830073952675,0.09323414415121078,0.2023744434118271,15.262840270996094
650,-2.815998077392578,True,True,0.03365267068147659,0.0249011293053627,0.09508063644170761,0.20279650390148163,15.254621505737305
651,-2.8160858154296875,True,True,0.03466960787773132,0.025797992944717407,0.09861532598733902,0.21419192850589752,15.242464065551758
652,-2.8168182373046875,True,True,0.03441666066646576,0.02595626376569271,0.10663434863090515,0.20807217061519623,15.2398099899292
653,-2.8173294067382812,True,True,0.033501483500003815,0.02603539638221264,0.09012151509523392,0.20290200412273407,15.236780166625977
654,-2.816150665283203,True,True,0.03296048566699028,0.025112157687544823,0.09657100588083267,0.20100276172161102,15.236326217651367
655,-2.816425323486328,True,True,0.0326850488781929,0.02586393803358078,0.09096560627222061,0.2117651253938675,15.243724822998047
656,-2.8170318603515625,True,True,0.034011803567409515,0.026721233502030373,0.09460582584142685,0.20321853458881378,15.238986015319824
657,-2.8164825439453125,True,True,0.03357020765542984,0.026325559243559837,0.09479047358036041,0.20142482221126556,15.248992919921875
658,-2.8164596557617188,True,True,0.03342421352863312,0.02612772211432457,0.08926422148942947,0.20395714044570923,15.252753257751465
659,-2.8152198791503906,True,True,0.03437504917383194,0.025059400126338005,0.08958075940608978,0.19984212517738342,15.249656677246094
660,-2.813934326171875,True,True,0.033873945474624634,0.023555835708975792,0.09173059463500977,0.21545808017253876,15.21895980834961
661,-2.8143386840820312,True,True,0.03311513364315033,0.02389875426888466,0.08894767612218857,0.20406265556812286,15.23210334777832
662,-2.814533233642578,True,True,0.03337548300623894,0.024624157696962357,0.08979179710149765,0.19963109493255615,15.222822189331055
663,-2.8159828186035156,True,True,0.0326618030667305,0.023766862228512764,0.09025341272354126,0.19752083718776703,15.231796264648438
664,-2.8138389587402344,True,True,0.03352626413106918,0.025375939905643463,0.08607244491577148,0.2106044739484787,15.248459815979004
665,-2.8138275146484375,True,True,0.033105138689279556,0.02422848343849182,0.08823546767234802,0.20437920093536377,15.245549201965332
666,-2.814342498779297,True,True,0.032505474984645844,0.022804055362939835,0.09498830884695053,0.16850470006465912,15.241242408752441
667,-2.813385009765625,True,True,0.03359254077076912,0.024821994826197624,0.0932869091629982,0.17768435180187225,15.241894721984863
668,-2.8134803771972656,True,True,0.03213338181376457,0.022052275016903877,0.09818008542060852,0.14392010867595673,15.23162841796875
669,-2.8132591247558594,True,True,0.03170107305049896,0.02276448719203472,0.08633622527122498,0.17145906388759613,15.229331016540527
670,-2.8128318786621094,True,True,0.03330936282873154,0.02410978078842163,0.0881563350558281,0.16628891229629517,15.23837661743164
671,-2.8125953674316406,True,True,0.03315461799502373,0.02339756488800049,0.09658420085906982,0.1312585026025772,15.237380027770996
672,-2.8122291564941406,True,True,0.03277737647294998,0.027143288403749466,0.09138767421245575,0.15299424529075623,15.235160827636719
673,-2.8121719360351562,True,True,0.032575834542512894,0.0263651255518198,0.08802442997694016,0.1151149719953537,15.214838981628418
674,-2.8118362426757812,True,True,0.032682228833436966,0.02756533958017826,0.09281211346387863,0.12524425983428955,15.210931777954102
675,-2.8109512329101562,True,True,0.03246457129716873,0.025441886857151985,0.0861515924334526,0.1385389119386673,15.226980209350586
676,-2.8117141723632812,True,True,0.03236105665564537,0.024386752396821976,0.09175696223974228,0.1482461392879486,15.241190910339355
677,-2.8107223510742188,True,True,0.032019004225730896,0.024597778916358948,0.08477991074323654,0.15299424529075623,15.22896957397461
678,-2.810688018798828,True,True,0.03235806152224541,0.025151723995804787,0.09923522174358368,0.1306254267692566,15.221357345581055
679,-2.8100967407226562,True,True,0.03274755924940109,0.024980265647172928,0.09318139404058456,0.16006362438201904,15.223456382751465
680,-2.8093528747558594,True,True,0.03196347504854202,0.02439994178712368,0.08826185017824173,0.1751520335674286,15.22536849975586
681,-2.8100204467773438,True,True,0.03283124417066574,0.02480880729854107,0.08607243001461029,0.16048568487167358,15.228742599487305
682,-2.810192108154297,True,True,0.03271937370300293,0.02428124099969864,0.0991428941488266,0.1441311240196228,15.220619201660156
683,-2.808429718017578,True,True,0.03350377827882767,0.02662890963256359,0.09223177284002304,0.14592485129833221,15.228326797485352
684,-2.8087158203125,True,True,0.03322027251124382,0.025929884985089302,0.08481947332620621,0.14022713899612427,15.217962265014648
685,-2.8092041015625,True,True,0.03353290632367134,0.02454502321779728,0.08997644484043121,0.14096572995185852,15.195960998535156
686,-2.8103790283203125,True,True,0.03424639627337456,0.025929884985089302,0.09839111566543579,0.14465868473052979,15.206616401672363
687,-2.8093299865722656,True,True,0.03398461267352104,0.02492750808596611,0.09709856659173965,0.14075469970703125,15.212763786315918
688,-2.8085365295410156,True,True,0.03370412811636925,0.02571885846555233,0.09715133905410767,0.14064918458461761,15.21721363067627
689,-2.8090782165527344,True,True,0.03326892852783203,0.0235822144895792,0.096531443297863,0.1418098360300064,15.221435546875
690,-2.8082122802734375,True,True,0.03279035538434982,0.0250462107360363,0.09472452849149704,0.1359010934829712,15.217132568359375
691,-2.8082351684570312,True,True,0.0341319739818573,0.025652913376688957,0.09922203421592712,0.13758930563926697,15.21149730682373
692,-2.808094024658203,True,True,0.03450121730566025,0.026285992935299873,0.09494873881340027,0.14022713899612427,15.21729564666748
693,-2.8083572387695312,True,True,0.03479304537177086,0.027380691841244698,0.10137186199426651,0.15098948776721954,15.227904319763184
694,-2.8075218200683594,True,True,0.03460186347365379,0.026734422892332077,0.09963089972734451,0.14771857857704163,15.22726058959961
695,-2.80712890625,True,True,0.035416778177022934,0.027723610401153564,0.09682159125804901,0.16312351822853088,15.222833633422852
696,-2.807422637939453,True,True,0.03601963818073273,0.027169667184352875,0.10693769156932831,0.17388586699962616,15.232950210571289
697,-2.8071937561035156,True,True,0.03542107343673706,0.02730155922472477,0.10142461955547333,0.17325279116630554,15.219978332519531
698,-2.807331085205078,True,True,0.033625297248363495,0.02603539638221264,0.10503844916820526,0.17124803364276886,15.207262992858887
699,-2.8059616088867188,True,True,0.0333692729473114,0.0249011293053627,0.09517296403646469,0.17177559435367584,15.216958045959473
700,-2.8063888549804688,True,True,0.034389182925224304,0.025903508067131042,0.10184667259454727,0.17061495780944824,15.219955444335938
701,-2.8063011169433594,True,True,0.034394606947898865,0.02439994178712368,0.10102894902229309,0.1743079274892807,15.221090316772461
702,-2.8060569763183594,True,True,0.034408342093229294,0.025534208863973618,0.10158287733793259,0.17145906388759613,15.203912734985352
703,-2.8055038452148438,True,True,0.03468487784266472,0.0263651255518198,0.09012150764465332,0.17715679109096527,15.209704399108887
704,-2.8057212829589844,True,True,0.03371082991361618,0.025125345215201378,0.08782660216093063,0.17536306381225586,15.193256378173828
705,-2.8034629821777344,True,True,0.034634314477443695,0.024439509958028793,0.09377491474151611,0.17557409405708313,15.184309959411621
706,-2.803985595703125,True,True,0.03448734059929848,0.02557377889752388,0.09728322923183441,0.17852845788002014,15.196741104125977
707,-2.8041152954101562,True,True,0.035436540842056274,0.02554740011692047,0.09919565171003342,0.17736780643463135,15.205716133117676
708,-2.8046340942382812,True,True,0.036275655031204224,0.026932260021567345,0.10329747945070267,0.18285450339317322,15.20806884765625
709,-2.804943084716797,True,True,0.034623097628355026,0.026431072503328323,0.10170159488916397,0.17863397300243378,15.220355987548828
710,-2.806011199951172,True,True,0.03408093750476837,0.02595626376569271,0.09489598125219345,0.17968909442424774,15.206071853637695
711,-2.804107666015625,True,True,0.034695349633693695,0.027169667184352875,0.0931418389081955,0.1781063973903656,15.20745849609375
712,-2.8047447204589844,True,True,0.03585906699299812,0.027380691841244698,0.09778441488742828,0.1851757913827896,15.206706047058105
713,-2.8047447204589844,True,True,0.03505081310868263,0.026787180453538895,0.09628085047006607,0.18317103385925293,15.2245512008667
714,-2.804126739501953,True,True,0.03519798815250397,0.026655288413167,0.10116083920001984,0.15573757886886597,15.203495979309082
715,-2.8052139282226562,True,True,0.03532952815294266,0.0260749664157629,0.10118722170591354,0.15415488183498383,15.206252098083496
716,-2.8044204711914062,True,True,0.0346125029027462,0.027116909623146057,0.0905303806066513,0.16038018465042114,15.20767593383789
717,-2.8040771484375,True,True,0.03384082764387131,0.024268049746751785,0.09241641312837601,0.1619628667831421,15.221207618713379
718,-2.803791046142578,True,True,0.03281755372881889,0.024940699338912964,0.09369578212499619,0.17061495780944824,15.206697463989258
719,-2.802509307861328,True,True,0.03298515826463699,0.02495388686656952,0.08845968544483185,0.1508839726448059,15.191963195800781
720,-2.803516387939453,True,True,0.03357242792844772,0.024215294048190117,0.08831460028886795,0.1482461392879486,15.182418823242188
721,-2.8033065795898438,True,True,0.033959753811359406,0.02595626376569271,0.08929060399532318,0.16365107893943787,15.178333282470703
722,-2.8021163940429688,True,True,0.03353925794363022,0.026866314932703972,0.0878661721944809,0.15415488183498383,15.180310249328613
723,-2.803142547607422,True,True,0.03310893476009369,0.025784803554415703,0.08819589763879776,0.16238492727279663,15.170271873474121
724,-2.803119659423828,True,True,0.033815205097198486,0.025204479694366455,0.0864153727889061,0.16396762430667877,15.172321319580078
725,-2.80419921875,True,True,0.03453056886792183,0.027670854702591896,0.09229773283004761,0.154682457447052,15.178094863891602
726,-2.8036537170410156,True,True,0.03426742926239967,0.025824371725320816,0.08977857977151871,0.16185735166072845,15.182588577270508
727,-2.802722930908203,True,True,0.033641327172517776,0.02466372586786747,0.09208669513463974,0.14339253306388855,15.176084518432617
728,-2.8018646240234375,True,True,0.033502042293548584,0.024188915267586708,0.0968216061592102,0.15246668457984924,15.168313026428223
729,-2.803131103515625,True,True,0.03373359888792038,0.023951511830091476,0.08950161933898926,0.16576135158538818,15.181655883789062
730,-2.8016433715820312,True,True,0.03161303699016571,0.023621782660484314,0.08456888794898987,0.15668721497058868,15.168258666992188
731,-2.8021278381347656,True,True,0.031839367002248764,0.022856812924146652,0.08700887858867645,0.14571382105350494,15.162389755249023
732,-2.801738739013672,True,True,0.03192584589123726,0.024043835699558258,0.08778704702854156,0.13642866909503937,15.18299388885498
733,-2.8024215698242188,True,True,0.03238154947757721,0.024624157696962357,0.09199438244104385,0.14370907843112946,15.16959285736084
734,-2.802349090576172,True,True,0.03246200829744339,0.023977890610694885,0.0861251950263977,0.13991059362888336,15.167608261108398
735,-2.800762176513672,True,True,0.0329829677939415,0.024703292176127434,0.0931418389081955,0.13336877524852753,15.175552368164062
736,-2.800586700439453,True,True,0.03260011225938797,0.02516491338610649,0.08972585201263428,0.1452917754650116,15.201823234558105
737,-2.801563262939453,True,True,0.03242121636867523,0.025784803554415703,0.08751007169485092,0.14835165441036224,15.195514678955078
738,-2.801239013671875,True,True,0.03300636261701584,0.02674761228263378,0.09099200367927551,0.15637065470218658,15.202829360961914
739,-2.8005218505859375,True,True,0.03133784979581833,0.02545507438480854,0.08575590699911118,0.14328701794147491,15.20822811126709
740,-2.8000640869140625,True,True,0.0319305956363678,0.022975515574216843,0.09283848851919174,0.15721477568149567,15.213098526000977
741,-2.8007125854492188,True,True,0.032200075685977936,0.02513853646814823,0.08848606050014496,0.14898474514484406,15.21064567565918
742,-2.8001976013183594,True,True,0.03165087848901749,0.026285992935299873,0.0867055281996727,0.14719101786613464,15.22631549835205
743,-2.800182342529297,True,True,0.031680528074502945,0.02463734708726406,0.08827502280473709,0.1602746546268463,15.21152400970459
744,-2.8013076782226562,True,True,0.03264012932777405,0.026576153934001923,0.08810357749462128,0.14750754833221436,15.214112281799316
745,-2.799346923828125,True,True,0.03140928968787193,0.024360375478863716,0.08607245236635208,0.15193910896778107,15.219022750854492
746,-2.8003387451171875,True,True,0.0325377956032753,0.025521021336317062,0.08652088046073914,0.157636821269989,15.206503868103027
747,-2.801300048828125,True,True,0.03399942070245743,0.026734422892332077,0.09068864583969116,0.1736748367547989,15.195418357849121
748,-2.801830291748047,True,True,0.03183493763208389,0.0225534625351429,0.08810357749462128,0.16586686670780182,15.194931983947754
749,-2.8018417358398438,True,True,0.032092366367578506,0.024188915267586708,0.08346099406480789,0.16649992763996124,15.216127395629883
750,-2.801921844482422,True,True,0.03244514763355255,0.02372729405760765,0.08533384650945663,0.17008739709854126,15.22425365447998
751,-2.801036834716797,True,True,0.03356369212269783,0.025494642555713654,0.08380390703678131,0.17504651844501495,15.220434188842773
752,-2.80108642578125,True,True,0.03263014554977417,0.024439509958028793,0.08445018529891968,0.17188112437725067,15.222126960754395
753,-2.8015975952148438,True,True,0.031737372279167175,0.02243475802242756,0.0820101872086525,0.1754685640335083,15.204215049743652
754,-2.8012657165527344,True,True,0.03114611655473709,0.02293594740331173,0.08342143148183823,0.18412066996097565,15.199921607971191
755,-2.800487518310547,True,True,0.0313987210392952,0.023555835708975792,0.08369839936494827,0.1701928973197937,15.192625045776367
756,-2.801197052001953,True,True,0.03158653900027275,0.023331621661782265,0.08616476505994797,0.17304176092147827,15.190335273742676
757,-2.8006935119628906,True,True,0.032385341823101044,0.023661348968744278,0.08762876689434052,0.17472997307777405,15.19853401184082
758,-2.8009490966796875,True,True,0.03182622790336609,0.02495388686656952,0.09286486357450485,0.16206838190555573,15.188136100769043
759,-2.8007888793945312,True,True,0.032170623540878296,0.025666100904345512,0.09604344516992569,0.18844668567180634,15.181257247924805
760,-2.799816131591797,True,True,0.031216707080602646,0.02401745691895485,0.09150637686252594,0.15943054854869843,15.182323455810547
761,-2.8008651733398438,True,True,0.031156741082668304,0.023186542093753815,0.08619114756584167,0.1629124879837036,15.185640335083008
762,-2.8012962341308594,True,True,0.030686866492033005,0.023503078147768974,0.08591417223215103,0.13041439652442932,15.178776741027832
763,-2.801189422607422,True,True,0.032028116285800934,0.024320807307958603,0.08584821969270706,0.18000563979148865,15.183465003967285
764,-2.801483154296875,True,True,0.031803570687770844,0.023569025099277496,0.09279891103506088,0.19097900390625,15.173725128173828
765,-2.8003578186035156,True,True,0.030491473153233528,0.02348989062011242,0.08414683490991592,0.17567959427833557,15.161680221557617
766,-2.8007164001464844,True,True,0.030038882046937943,0.022593028843402863,0.08408088237047195,0.18327656388282776,15.160621643066406
767,-2.8010215759277344,True,True,0.029812581837177277,0.023859186097979546,0.08306530863046646,0.15141154825687408,15.175000190734863
768,-2.8006210327148438,True,True,0.029533369466662407,0.022711733356118202,0.0864153578877449,0.12281744182109833,15.167031288146973
769,-2.7997093200683594,True,True,0.030613932758569717,0.02363497018814087,0.08686378598213196,0.12672142684459686,15.156647682189941
770,-2.7995681762695312,True,True,0.029852043837308884,0.0225534625351429,0.08474034816026688,0.12323949486017227,15.156378746032715
771,-2.7994728088378906,True,True,0.030605033040046692,0.02348989062011242,0.09235048294067383,0.11817485839128494,15.165692329406738
772,-2.7996292114257812,True,True,0.03122972883284092,0.025033021345734596,0.09074140340089798,0.12482219934463501,15.168606758117676
773,-2.7990875244140625,True,True,0.032488446682691574,0.027248801663517952,0.09170421957969666,0.11427087336778641,15.161455154418945
774,-2.799175262451172,True,True,0.031339675188064575,0.02682674676179886,0.08194424211978912,0.11216060072183609,15.167137145996094
775,-2.7994155883789062,True,True,0.03177815303206444,0.02528361603617668,0.09427610039710999,0.11384881287813187,15.16429328918457
776,-2.797870635986328,True,True,0.031355682760477066,0.02542869560420513,0.08865752071142197,0.12081269174814224,15.15710163116455
777,-2.7978477478027344,True,True,0.03177758678793907,0.02548145316541195,0.09233729541301727,0.11448189616203308,15.149272918701172
778,-2.7980384826660156,True,True,0.03244990110397339,0.024980265647172928,0.09084691852331161,0.12091820687055588,15.141942024230957
779,-2.7971458435058594,True,True,0.03171665966510773,0.02629918046295643,0.0886179506778717,0.12323949486017227,15.157697677612305
780,-2.7976913452148438,True,True,0.031141413375735283,0.02536275051534176,0.08598009496927261,0.11405984312295914,15.164039611816406
781,-2.798450469970703,True,True,0.030994441360235214,0.023186542093753815,0.08007138222455978,0.12007409334182739,15.162184715270996
782,-2.79638671875,True,True,0.0313284769654274,0.023832807317376137,0.09261427074670792,0.12577180564403534,15.164934158325195
783,-2.7984619140625,True,True,0.03231123834848404,0.025560587644577026,0.08836735785007477,0.12028512358665466,15.16508674621582
784,-2.7984161376953125,True,True,0.03341515362262726,0.02629918046295643,0.09037210047245026,0.14982885122299194,15.14911937713623
785,-2.7977676391601562,True,True,0.03314343839883804,0.025296805426478386,0.091255784034729,0.13790583610534668,15.135383605957031
786,-2.798229217529297,True,True,0.032582253217697144,0.024676915258169174,0.0876023918390274,0.13220812380313873,15.133990287780762
787,-2.797351837158203,True,True,0.03248543292284012,0.02434718608856201,0.08708799630403519,0.13927751779556274,15.126429557800293
788,-2.797893524169922,True,True,0.033202897757291794,0.02622004598379135,0.09033254534006119,0.13780033588409424,15.1387939453125
789,-2.7967453002929688,True,True,0.03269832581281662,0.024333996698260307,0.08795848488807678,0.13526800274848938,15.136223793029785
790,-2.7943496704101562,True,True,0.03282751515507698,0.02610134333372116,0.0858350470662117,0.1321026086807251,15.139787673950195
791,-2.79583740234375,True,True,0.03204472362995148,0.025059400126338005,0.09281209856271744,0.1500398814678192,15.148180961608887
792,-2.7952613830566406,True,True,0.03306405991315842,0.02483518421649933,0.09000281244516373,0.15805888175964355,15.148029327392578
793,-2.794727325439453,True,True,0.03310343995690346,0.026206858456134796,0.08139029890298843,0.1652337908744812,15.18393325805664
794,-2.793872833251953,True,True,0.031789328902959824,0.026839938014745712,0.08856520056724548,0.1391720026731491,15.192460060119629
795,-2.7942886352539062,True,True,0.03181958571076393,0.024980265647172928,0.08470077067613602,0.13516250252723694,15.19151496887207
796,-2.7936668395996094,True,True,0.031177464872598648,0.023977890610694885,0.08112651109695435,0.11849139630794525,15.204377174377441
797,-2.7932701110839844,True,True,0.03090018220245838,0.0232920553535223,0.07986035197973251,0.11522048711776733,15.216374397277832
798,-2.7940330505371094,True,True,0.03166433423757553,0.026708045974373817,0.07967570424079895,0.1467689573764801,15.222368240356445
799,-2.7929115295410156,True,True,0.031833767890930176,0.025178102776408195,0.08476672321557999,0.16333454847335815,15.211689949035645
800,-2.7938880920410156,True,True,0.03224281594157219,0.02513853646814823,0.08269602060317993,0.17852845788002014,15.19545841217041
801,-2.7926788330078125,True,True,0.03305313363671303,0.02560015581548214,0.08412045240402222,0.18137730658054352,15.189666748046875
802,-2.7926101684570312,True,True,0.031551070511341095,0.023476701229810715,0.08253775537014008,0.1825379580259323,15.1839017868042
803,-2.792552947998047,True,True,0.030931347981095314,0.02378005161881447,0.08752324432134628,0.15774235129356384,15.181220054626465
804,-2.7931900024414062,True,True,0.0323602519929409,0.024795616045594215,0.08679784834384918,0.17494100332260132,15.18164348602295
805,-2.792797088623047,True,True,0.032528527081012726,0.026431072503328323,0.08810358494520187,0.1570037454366684,15.190282821655273
806,-2.7934646606445312,True,True,0.032010890543460846,0.025296805426478386,0.08669234067201614,0.1681881546974182,15.193268775939941
807,-2.7938232421875,True,True,0.03197888284921646,0.02451864443719387,0.08798487484455109,0.17219765484333038,15.19886589050293
808,-2.794586181640625,True,True,0.03204183280467987,0.025257237255573273,0.08660002052783966,0.17008739709854126,15.20385456085205
809,-2.7936019897460938,True,True,0.03180824592709541,0.022078651934862137,0.08741773664951324,0.1655503213405609,15.21189022064209
810,-2.793163299560547,True,True,0.03180383890867233,0.025534208863973618,0.08798488229513168,0.14782407879829407,15.216876983642578
811,-2.793659210205078,True,True,0.0327661857008934,0.026879504323005676,0.08613839745521545,0.15710926055908203,15.220677375793457
812,-2.7925758361816406,True,True,0.03202744573354721,0.02562653459608555,0.08944887667894363,0.15309974551200867,15.235847473144531
813,-2.7926406860351562,True,True,0.03290342539548874,0.024861562997102737,0.0929967612028122,0.17831742763519287,15.251147270202637
814,-2.7941017150878906,True,True,0.03238190710544586,0.026206858456134796,0.0956345796585083,0.1751520335674286,15.249589920043945
815,-2.7915687561035156,True,True,0.03203342854976654,0.025402316823601723,0.09512019902467728,0.12767106294631958,15.245722770690918
816,-2.791736602783203,True,True,0.03222932666540146,0.02528361603617668,0.09027978777885437,0.13547903299331665,15.242112159729004
817,-2.7921180725097656,True,True,0.032321181148290634,0.025415508076548576,0.0871671512722969,0.14581933617591858,15.240860939025879
818,-2.7909812927246094,True,True,0.03308870643377304,0.026523396372795105,0.09002919495105743,0.17325279116630554,15.240452766418457
819,-2.7920799255371094,True,True,0.03299722820520401,0.025943074375391006,0.08845967799425125,0.15394385159015656,15.255319595336914
820,-2.7927017211914062,True,True,0.033361781388521194,0.02709053084254265,0.08872346580028534,0.15404938161373138,15.266536712646484
821,-2.7916412353515625,True,True,0.03180935978889465,0.024386752396821976,0.09086011350154877,0.12883169949054718,15.258435249328613
822,-2.7910079956054688,True,True,0.031665023416280746,0.025059400126338005,0.0837511420249939,0.13843341171741486,15.25456428527832
823,-2.791217803955078,True,True,0.03203796222805977,0.025877129286527634,0.08666595071554184,0.14476421475410461,15.278124809265137
824,-2.790485382080078,True,True,0.030636601150035858,0.023621782660484314,0.08257732540369034,0.1716700941324234,15.285053253173828
825,-2.790679931640625,True,True,0.031431253999471664,0.024465886875987053,0.08219482749700546,0.17525753378868103,15.271405220031738
826,-2.7896461486816406,True,True,0.031363315880298615,0.02363497018814087,0.08396217972040176,0.17947806417942047,15.258824348449707
827,-2.7903900146484375,True,True,0.03169316425919533,0.02480880729854107,0.08462163805961609,0.1784229427576065,15.268428802490234
828,-2.7893943786621094,True,True,0.031766511499881744,0.024175727739930153,0.08340822905302048,0.1734638214111328,15.269009590148926
829,-2.7884979248046875,True,True,0.03142254054546356,0.02501983381807804,0.08545255661010742,0.18063873052597046,15.283400535583496
830,-2.787841796875,True,True,0.030753368511795998,0.023331621661782265,0.08314444869756699,0.18433168530464172,15.288422584533691
831,-2.788341522216797,True,True,0.03129049018025398,0.02367454022169113,0.08280153572559357,0.1763126701116562,15.280905723571777
832,-2.7889747619628906,True,True,0.031870122998952866,0.024386752396821976,0.0898049846291542,0.1761016547679901,15.266182899475098
833,-2.788066864013672,True,True,0.032029904425144196,0.023648161441087723,0.08962033689022064,0.1690322607755661,15.268820762634277
834,-2.7889671325683594,True,True,0.03200451284646988,0.023067837581038475,0.0881563127040863,0.17293626070022583,15.256102561950684
835,-2.7886428833007812,True,True,0.03260841965675354,0.024821994826197624,0.0943024680018425,0.1789505034685135,15.254708290100098
836,-2.788482666015625,True,True,0.03211400657892227,0.024479078128933907,0.08783979713916779,0.1766292154788971,15.24929141998291
837,-2.7877769470214844,True,True,0.032053641974925995,0.023740483447909355,0.08824866265058517,0.1705094575881958,15.25597858428955
838,-2.787445068359375,True,True,0.030995748937129974,0.021920382976531982,0.09424971789121628,0.17589062452316284,15.250741958618164
839,-2.7869033813476562,True,True,0.03154362738132477,0.023265676572918892,0.08735179156064987,0.18960733711719513,15.241661071777344
840,-2.785491943359375,True,True,0.03154768794775009,0.023331621661782265,0.08575591444969177,0.17757883667945862,15.240888595581055
841,-2.7865333557128906,True,True,0.032461851835250854,0.02451864443719387,0.09084691107273102,0.18348757922649384,15.235456466674805
842,-2.7867050170898438,True,True,0.032047707587480545,0.02428124099969864,0.08293341100215912,0.1761016547679901,15.244032859802246
843,-2.7874526977539062,True,True,0.032248955219984055,0.024729670956730843,0.08909276127815247,0.17272523045539856,15.23193359375
844,-2.786327362060547,True,True,0.032615240663290024,0.0250462107360363,0.08712758123874664,0.1701928973197937,15.24612808227539
845,-2.7860183715820312,True,True,0.032355260103940964,0.025797992944717407,0.08630985766649246,0.1731472760438919,15.261871337890625
846,-2.7866592407226562,True,True,0.03268340229988098,0.02581118233501911,0.08703525364398956,0.17715679109096527,15.264165878295898
847,-2.785663604736328,True,True,0.03227527439594269,0.025230858474969864,0.08936973661184311,0.1836986094713211,15.279313087463379
848,-2.7861862182617188,True,True,0.03260587900876999,0.02548145316541195,0.09233730286359787,0.17356933653354645,15.268023490905762
849,-2.786834716796875,True,True,0.0318339541554451,0.02384599857032299,0.09278573095798492,0.17789536714553833,15.274609565734863
850,-2.7861480712890625,True,True,0.03252363204956055,0.023384379222989082,0.09473772346973419,0.17620716989040375,15.268333435058594
851,-2.7859039306640625,True,True,0.03289683908224106,0.024742860347032547,0.0921262726187706,0.17240868508815765,15.25661563873291
852,-2.7868728637695312,True,True,0.03346088528633118,0.02732793614268303,0.09059633314609528,0.15721477568149567,15.267004013061523
853,-2.785533905029297,True,True,0.03310708701610565,0.026787180453538895,0.09646549820899963,0.15426041185855865,15.28001594543457
854,-2.7866668701171875,True,True,0.03312674164772034,0.02533637173473835,0.09654463082551956,0.14392010867595673,15.28571605682373
855,-2.7871170043945312,True,True,0.033218853175640106,0.024795616045594215,0.09994743764400482,0.1344238966703415,15.295926094055176
856,-2.786670684814453,True,True,0.03363607078790665,0.02648383006453514,0.10022439807653427,0.14972332119941711,15.313916206359863
857,-2.7862205505371094,True,True,0.033290401101112366,0.026048587635159492,0.09410464018583298,0.12703797221183777,15.314373016357422
858,-2.7865562438964844,True,True,0.03296865522861481,0.02463734708726406,0.09484322369098663,0.14244291186332703,15.305648803710938
859,-2.788402557373047,True,True,0.0326971709728241,0.024861562997102737,0.08959395438432693,0.13896097242832184,15.317569732666016
860,-2.787212371826172,True,True,0.0322653204202652,0.024716481566429138,0.09486960619688034,0.13136401772499084,15.327600479125977
861,-2.7866477966308594,True,True,0.032642118632793427,0.025296805426478386,0.09597749263048172,0.12482219934463501,15.323649406433105
862,-2.7864913940429688,True,True,0.03293630853295326,0.02581118233501911,0.09220540523529053,0.13495147228240967,15.3167142868042
863,-2.7867965698242188,True,True,0.030928276479244232,0.02378005161881447,0.09063589572906494,0.14486971497535706,15.314373016357422
864,-2.7863006591796875,True,True,0.030706213787198067,0.022949136793613434,0.0869956836104393,0.1321026086807251,15.318565368652344
865,-2.787677764892578,True,True,0.030809549614787102,0.023384379222989082,0.09005557000637054,0.12091820687055588,15.322617530822754
866,-2.7861671447753906,True,True,0.030259758234024048,0.02267216332256794,0.08661319315433502,0.13716724514961243,15.330419540405273
867,-2.7861709594726562,True,True,0.03136405348777771,0.023212920874357224,0.09610939025878906,0.14655794203281403,15.314611434936523
868,-2.78668212890625,True,True,0.031178448349237442,0.023503078147768974,0.09086011350154877,0.15183359384536743,15.298789978027344
869,-2.78594970703125,True,True,0.031141387298703194,0.02302827127277851,0.09600388258695602,0.14624138176441193,15.28912353515625
870,-2.784748077392578,True,True,0.03109072521328926,0.022566650062799454,0.08967307955026627,0.147613063454628,15.290156364440918
871,-2.7859344482421875,True,True,0.03073882684111595,0.023067837581038475,0.08872347325086594,0.14212638139724731,15.29684829711914
872,-2.7858314514160156,True,True,0.03163934871554375,0.023331621661782265,0.08996324986219406,0.14307598769664764,15.302889823913574
873,-2.7869224548339844,True,True,0.032189495861530304,0.024874752387404442,0.09440798312425613,0.13516250252723694,15.309236526489258
874,-2.785686492919922,True,True,0.03199612349271774,0.025059400126338005,0.08985773473978043,0.13758930563926697,15.321717262268066
875,-2.7860336303710938,True,True,0.03133409470319748,0.023358000442385674,0.08988411724567413,0.1549989879131317,15.319515228271484
876,-2.785869598388672,True,True,0.030564192682504654,0.023476701229810715,0.09039849042892456,0.15510451793670654,15.323116302490234
877,-2.7858009338378906,True,True,0.03048691526055336,0.022711733356118202,0.08715396374464035,0.13832789659500122,15.329773902893066
878,-2.787090301513672,True,True,0.031174594536423683,0.02569247968494892,0.08729904145002365,0.1370617300271988,15.32357120513916
879,-2.7877235412597656,True,True,0.030533894896507263,0.024268049746751785,0.0868505984544754,0.13938303291797638,15.31470012664795
880,-2.7872390747070312,True,True,0.030734069645404816,0.023529456928372383,0.09211308509111404,0.13115300238132477,15.308418273925781
881,-2.788196563720703,True,True,0.03131619095802307,0.024676915258169174,0.09166465699672699,0.1558430939912796,15.305159568786621
882,-2.7893524169921875,True,True,0.03230689465999603,0.02521767094731331,0.09479047358036041,0.15299424529075623,15.309647560119629
883,-2.7868995666503906,True,True,0.03065994381904602,0.023331621661782265,0.08505687117576599,0.1373782753944397,15.307830810546875
884,-2.7872848510742188,True,True,0.031989727169275284,0.024821994826197624,0.09266702085733414,0.1418098360300064,15.305709838867188
885,-2.7866134643554688,True,True,0.030860064551234245,0.024307619780302048,0.0871407687664032,0.13758930563926697,15.299747467041016
886,-2.7880020141601562,True,True,0.030662856996059418,0.024439509958028793,0.08480627834796906,0.13484595715999603,15.317355155944824
887,-2.7872390747070312,True,True,0.030982891097664833,0.02483518421649933,0.08495136350393295,0.1532052755355835,15.316161155700684
888,-2.786998748779297,True,True,0.030135106295347214,0.02375367283821106,0.0840676948428154,0.15257218480110168,15.300387382507324
889,-2.7869033813476562,True,True,0.030295085161924362,0.024202104657888412,0.08335547894239426,0.14022713899612427,15.301183700561523
890,-2.7868804931640625,True,True,0.03095114231109619,0.02367454022169113,0.08704844862222672,0.13368530571460724,15.308245658874512
891,-2.7849464416503906,True,True,0.03263428807258606,0.02545507438480854,0.09129534661769867,0.14223188161849976,15.291048049926758
892,-2.7857284545898438,True,True,0.032155316323041916,0.02334481291472912,0.0950278788805008,0.13748377561569214,15.285483360290527
893,-2.7831497192382812,True,True,0.03251037746667862,0.024320807307958603,0.08981816470623016,0.154682457447052,15.30466079711914
894,-2.7852630615234375,True,True,0.032759398221969604,0.02439994178712368,0.09271976351737976,0.14993435144424438,15.313543319702148
895,-2.7838401794433594,True,True,0.03352534770965576,0.024465886875987053,0.09515976905822754,0.16776609420776367,15.300557136535645
896,-2.783466339111328,True,True,0.032524481415748596,0.022593028843402863,0.09643911570310593,0.15257218480110168,15.298779487609863
897,-2.783172607421875,True,True,0.032355595380067825,0.02346351183950901,0.09409145265817642,0.17230316996574402,15.295592308044434
898,-2.782482147216797,True,True,0.0320807620882988,0.02399107813835144,0.09298355877399445,0.13642866909503937,15.296563148498535
899,-2.7828025817871094,True,True,0.032483864575624466,0.024386752396821976,0.09254832565784454,0.15278321504592896,15.296587944030762
900,-2.7830581665039062,True,True,0.03361868858337402,0.02648383006453514,0.09130854159593582,0.17494100332260132,15.290626525878906
901,-2.781871795654297,True,True,0.032926611602306366,0.025758424773812294,0.09155912697315216,0.18127180635929108,15.300302505493164
902,-2.782855987548828,True,True,0.03232289105653763,0.0246109701693058,0.0936034619808197,0.15341629087924957,15.299702644348145
903,-2.7822837829589844,True,True,0.03259638696908951,0.023371189832687378,0.09096561372280121,0.16417865455150604,15.292665481567383
904,-2.7836837768554688,True,True,0.03206254169344902,0.024479078128933907,0.09355070441961288,0.17736780643463135,15.289203643798828
905,-2.7829132080078125,True,True,0.03185988590121269,0.023371189832687378,0.08747047930955887,0.17768435180187225,15.290766716003418
906,-2.78277587890625,True,True,0.03130389004945755,0.02339756488800049,0.08819589763879776,0.1561596393585205,15.296741485595703
907,-2.7836532592773438,True,True,0.03132936358451843,0.021458761766552925,0.08857838064432144,0.15721477568149567,15.297929763793945
908,-2.7841835021972656,True,True,0.03213433548808098,0.024874752387404442,0.08269602060317993,0.15447142720222473,15.285863876342773
909,-2.7826690673828125,True,True,0.03267844393849373,0.02454502321779728,0.08785296976566315,0.15594860911369324,15.286693572998047
910,-2.7821998596191406,True,True,0.032649461179971695,0.025639723986387253,0.08835417777299881,0.15415488183498383,15.269861221313477
911,-2.781543731689453,True,True,0.03222457692027092,0.024175727739930153,0.08212888240814209,0.15679271519184113,15.276616096496582
912,-2.7806396484375,True,True,0.032859884202480316,0.026325559243559837,0.08751006424427032,0.13104747235774994,15.272961616516113
913,-2.7815322875976562,True,True,0.03289277106523514,0.026061775162816048,0.08719352632761002,0.14286497235298157,15.276782035827637
914,-2.7823944091796875,True,True,0.033136941492557526,0.02680036798119545,0.08721990138292313,0.140016108751297,15.271985054016113
915,-2.782428741455078,True,True,0.03346484154462814,0.02703777514398098,0.09025341272354126,0.1353735327720642,15.273489952087402
916,-2.7826690673828125,True,True,0.033364396542310715,0.026206858456134796,0.09072822332382202,0.1500398814678192,15.278558731079102
917,-2.781787872314453,True,True,0.033070169389247894,0.02727518044412136,0.08811676502227783,0.15151704847812653,15.267555236816406
918,-2.782154083251953,True,True,0.032965414226055145,0.02680036798119545,0.08481947332620621,0.15373283624649048,15.272480964660645
919,-2.781200408935547,True,True,0.033057864755392075,0.025652913376688957,0.08749686926603317,0.1526777148246765,15.27099895477295
920,-2.781169891357422,True,True,0.03332466632127762,0.02730155922472477,0.08831460028886795,0.1535218060016632,15.283530235290527
921,-2.781036376953125,True,True,0.03225640207529068,0.02560015581548214,0.09042486548423767,0.15098948776721954,15.266983985900879
922,-2.7809066772460938,True,True,0.032442882657051086,0.026760801672935486,0.08484585583209991,0.14223188161849976,15.279905319213867
923,-2.780048370361328,True,True,0.03221479803323746,0.025033021345734596,0.0859537422657013,0.14634691178798676,15.283063888549805
924,-2.7799301147460938,True,True,0.03263049200177193,0.02372729405760765,0.08933017402887344,0.1526777148246765,15.284383773803711
925,-2.7809486389160156,True,True,0.032393112778663635,0.024241672828793526,0.0875760018825531,0.14012160897254944,15.27975845336914
926,-2.7808456420898438,True,True,0.032227497547864914,0.02348989062011242,0.09800863265991211,0.15394385159015656,15.285712242126465
927,-2.7805099487304688,True,True,0.032509613782167435,0.02439994178712368,0.09103156626224518,0.15457694232463837,15.2918119430542
928,-2.781841278076172,True,True,0.03224702551960945,0.024505455046892166,0.0852547138929367,0.19256170094013214,15.279157638549805
929,-2.7824554443359375,True,True,0.03183169290423393,0.022711733356118202,0.09165146946907043,0.154682457447052,15.270268440246582
930,-2.7824974060058594,True,True,0.03162529319524765,0.024413131177425385,0.08372476696968079,0.18317103385925293,15.256647109985352
931,-2.7815895080566406,True,True,0.03147482872009277,0.02560015581548214,0.08383028209209442,0.14687447249889374,15.277883529663086
932,-2.782123565673828,True,True,0.031194373965263367,0.022896379232406616,0.09142723679542542,0.14539727568626404,15.279056549072266
933,-2.782604217529297,True,True,0.03179096058011055,0.024241672828793526,0.08071764558553696,0.172830730676651,15.268255233764648
934,-2.7822341918945312,True,True,0.03138677403330803,0.024874752387404442,0.08306531608104706,0.13780033588409424,15.271058082580566
935,-2.7809104919433594,True,True,0.031700458377599716,0.025178102776408195,0.08327634632587433,0.13431839644908905,15.26145076751709
936,-2.7826690673828125,True,True,0.031134963035583496,0.023687727749347687,0.08284111320972443,0.1335798054933548,15.26331901550293
937,-2.7822113037109375,True,True,0.03152201697230339,0.02509896643459797,0.08695612102746964,0.14075469970703125,15.275835990905762
938,-2.7821807861328125,True,True,0.03146141767501831,0.02442632056772709,0.08288067579269409,0.14750754833221436,15.283174514770508
939,-2.781513214111328,True,True,0.03152871131896973,0.024188915267586708,0.08607244491577148,0.14022713899612427,15.276583671569824
940,-2.781291961669922,True,True,0.03201780095696449,0.025085778906941414,0.08754962682723999,0.14465868473052979,15.274561882019043
941,-2.7807769775390625,True,True,0.03324778005480766,0.026193667203187943,0.09219221770763397,0.15531553328037262,15.279603004455566
942,-2.7803077697753906,True,True,0.03353418782353401,0.026206858456134796,0.0902138352394104,0.14866819977760315,15.275550842285156
943,-2.779632568359375,True,True,0.03406564146280289,0.02709053084254265,0.09177015721797943,0.15077845752239227,15.269705772399902
944,-2.7795372009277344,True,True,0.03326309099793434,0.02554740011692047,0.08665277063846588,0.15637065470218658,15.253111839294434
945,-2.7790069580078125,True,True,0.03332262486219406,0.024874752387404442,0.09496193379163742,0.15637065470218658,15.25304889678955
946,-2.7780532836914062,True,True,0.03267180547118187,0.02451864443719387,0.09250874817371368,0.12524425983428955,15.257378578186035
947,-2.7788658142089844,True,True,0.03259500116109848,0.024465886875987053,0.09059633314609528,0.15299424529075623,15.263692855834961
948,-2.777252197265625,True,True,0.03304286301136017,0.025613345205783844,0.09344518929719925,0.1555265486240387,15.274626731872559
949,-2.7764968872070312,True,True,0.03282736986875534,0.02422848343849182,0.0931682139635086,0.13790583610534668,15.270030975341797
950,-2.776775360107422,True,True,0.032123588025569916,0.023410756140947342,0.08913233131170273,0.14465868473052979,15.270378112792969
951,-2.7762374877929688,True,True,0.03188278153538704,0.023015083745121956,0.08678466081619263,0.1591140180826187,15.28498649597168
952,-2.7760543823242188,True,True,0.032386764883995056,0.024861562997102737,0.09002919495105743,0.14951230585575104,15.289226531982422
953,-2.7747802734375,True,True,0.031987741589546204,0.02425486221909523,0.08472716063261032,0.15826991200447083,15.289484977722168
954,-2.7753334045410156,True,True,0.032139845192432404,0.02560015581548214,0.08745730668306351,0.15721477568149567,15.29027271270752
955,-2.7754364013671875,True,True,0.03204701095819473,0.027143288403749466,0.08459526300430298,0.157636821269989,15.289874076843262
956,-2.7764053344726562,True,True,0.0318298265337944,0.02457140013575554,0.08835415542125702,0.15362732112407684,15.29041576385498
957,-2.7772865295410156,True,True,0.031197577714920044,0.023516269400715828,0.08538660407066345,0.14613588154315948,15.28046989440918
958,-2.775318145751953,True,True,0.030285492539405823,0.021894004195928574,0.08499093353748322,0.1444476693868637,15.280216217041016
959,-2.775897979736328,True,True,0.03160548582673073,0.024597778916358948,0.08471396565437317,0.1528887152671814,15.2825927734375
960,-2.775653839111328,True,True,0.03172082453966141,0.025613345205783844,0.08416002243757248,0.13663968443870544,15.28002643585205
961,-2.775035858154297,True,True,0.03215261548757553,0.02451864443719387,0.08517557382583618,0.1391720026731491,15.258697509765625
962,-2.776264190673828,True,True,0.03202386200428009,0.02451864443719387,0.08307849615812302,0.13421288132667542,15.252237319946289
963,-2.77471923828125,True,True,0.03155546635389328,0.0269454512745142,0.08477991074323654,0.14476421475410461,15.25490951538086
964,-2.7754592895507812,True,True,0.030856328085064888,0.024413131177425385,0.08080997318029404,0.1467689573764801,15.239533424377441
965,-2.774761199951172,True,True,0.0325961634516716,0.025679292157292366,0.08009776473045349,0.14022713899612427,15.257643699645996
966,-2.774372100830078,True,True,0.03343946486711502,0.026615722104907036,0.08968626707792282,0.15067294239997864,15.273842811584473
967,-2.7752227783203125,True,True,0.03289826959371567,0.024703292176127434,0.08864433318376541,0.14075469970703125,15.27867603302002
968,-2.7737579345703125,True,True,0.03288624435663223,0.026259614154696465,0.08822228014469147,0.1456083059310913,15.268929481506348
969,-2.773223876953125,True,True,0.03318456560373306,0.02439994178712368,0.08934336155653,0.14581933617591858,15.275657653808594
970,-2.773345947265625,True,True,0.03149848431348801,0.022316057235002518,0.09219221770763397,0.17293626070022583,15.265297889709473
971,-2.77301025390625,True,True,0.031348031014204025,0.02557377889752388,0.08524153381586075,0.1396995633840561,15.264159202575684
972,-2.774272918701172,True,True,0.031936850398778915,0.024861562997102737,0.08343461155891418,0.17831742763519287,15.268556594848633
973,-2.773578643798828,True,True,0.03193684294819832,0.026576153934001923,0.08485905081033707,0.11954653263092041,15.264730453491211
974,-2.7723045349121094,True,True,0.03178553283214569,0.026140911504626274,0.08503050357103348,0.1192299947142601,15.267539978027344
975,-2.772296905517578,True,True,0.031531281769275665,0.02581118233501911,0.08451612293720245,0.11796382814645767,15.27505874633789
976,-2.7733612060546875,True,True,0.030934292823076248,0.025085778906941414,0.08175958693027496,0.11617010831832886,15.294611930847168
977,-2.772674560546875,True,True,0.03231138736009598,0.026549775153398514,0.08340822905302048,0.11627562344074249,15.302067756652832
978,-2.772075653076172,True,True,0.03204235062003136,0.02533637173473835,0.08562400937080383,0.1192299947142601,15.293482780456543
979,-2.7719879150390625,True,True,0.032231636345386505,0.024465886875987053,0.08653406798839569,0.11838588118553162,15.291154861450195
980,-2.77191162109375,True,True,0.031455814838409424,0.02434718608856201,0.08723308891057968,0.12577180564403534,15.304128646850586
981,-2.7707977294921875,True,True,0.030443906784057617,0.023252487182617188,0.08470077067613602,0.12461116909980774,15.297684669494629
982,-2.7716827392578125,True,True,0.031112786382436752,0.024202104657888412,0.08667914569377899,0.12883169949054718,15.299260139465332
983,-2.7715988159179688,True,True,0.03061058558523655,0.022250112146139145,0.08686377853155136,0.13104747235774994,15.31879997253418
984,-2.7721595764160156,True,True,0.030208900570869446,0.023239297792315483,0.08661320060491562,0.15447142720222473,15.331162452697754
985,-2.7712783813476562,True,True,0.03002367913722992,0.0216829776763916,0.08720671385526657,0.15067294239997864,15.325669288635254
986,-2.7712135314941406,True,True,0.03060009889304638,0.02267216332256794,0.09330011159181595,0.17968909442424774,15.31589412689209
987,-2.7703590393066406,True,True,0.03078477829694748,0.022593028843402863,0.09522571414709091,0.1388554722070694,15.316971778869629
988,-2.7711219787597656,True,True,0.03078877553343773,0.021669788286089897,0.0858350396156311,0.14075469970703125,15.318397521972656
989,-2.7710304260253906,True,True,0.031071100383996964,0.024149348959326744,0.09024021774530411,0.12957029044628143,15.32820987701416
990,-2.770538330078125,True,True,0.03077092580497265,0.023252487182617188,0.0940123125910759,0.13284119963645935,15.331954956054688
991,-2.769695281982422,True,True,0.03015989623963833,0.023133784532546997,0.08747049421072006,0.12366154789924622,15.327665328979492
992,-2.7706680297851562,True,True,0.030450977385044098,0.0222632996737957,0.08877622336149216,0.12619386613368988,15.331746101379395
993,-2.7698402404785156,True,True,0.03013497404754162,0.02197313867509365,0.09138768166303635,0.12893721461296082,15.326839447021484
994,-2.769001007080078,True,True,0.03104940801858902,0.02384599857032299,0.09129535406827927,0.12999233603477478,15.330079078674316
995,-2.768970489501953,True,True,0.030744731426239014,0.024676915258169174,0.08806400001049042,0.12471668422222137,15.31587028503418
996,-2.7701454162597656,True,True,0.03189930319786072,0.024202104657888412,0.09254832565784454,0.12123474478721619,15.318011283874512
997,-2.7694931030273438,True,True,0.031504202634096146,0.022738108411431313,0.09601707011461258,0.13906648755073547,15.315308570861816
998,-2.7700881958007812,True,True,0.03228800743818283,0.024070212617516518,0.09939349442720413,0.1291482299566269,15.302250862121582
999,-2.7702064514160156,True,True,0.03252391517162323,0.024386752396821976,0.09485641121864319,0.13938303291797638,15.291328430175781
1000,-2.7700538635253906,True,True,0.03158942610025406,0.02308102883398533,0.09012152254581451,0.13157504796981812,15.279336929321289
