LOC_BLANK,BRANCH_COUNT,CALL_PAIRS,LOC_CODE_AND_COMMENT,LOC_COMMENTS,CONDITION_COUNT,CYCLOMATIC_COMPLEXITY,CYCLOMATIC_DENSITY,DECISION_COUNT,DECISION_DENSITY,DESIGN_COMPLEXITY,DESIGN_DENSITY,EDGE_COUNT,ESSENTIAL_COMPLEXITY,ESSENTIAL_DENSITY,LOC_EXECUTABLE,PARAMETER_COUNT,HALSTEAD_CONTENT,HALSTEAD_DIFFICULTY,HALSTEAD_EFFORT,HALSTEAD_ERROR_EST,HALSTEAD_LENGTH,HALSTEAD_LEVEL,HALSTEAD_PROG_TIME,HALSTEAD_VOLUME,MAINTENANCE_SEVERITY,MODIFIED_CONDITION_COUNT,MULTIPLE_CONDITION_COUNT,NODE_COUNT,NORMALIZED_CYLOMATIC_COMPLEXITY,NUM_OPERANDS,NUM_OPERATORS,NUM_UNIQUE_OPERANDS,NUM_UNIQUE_OPERATORS,NUMBER_OF_LINES,PERCENT_COMMENTS,LOC_TOTAL,target
0,2.3005266359449483,1,8,42,5.174304761960181,1.0355596384918124,1.0,8.11751784464927,2.4491603234458554,2,0.9848698888896531,22.676995896331483,5,0.0,46.12995014402934,3,56.86660994945224,15.55233239801366,0.0,0.0,1.0,0.41579765096843313,4291.96541446276,0.0,1.0,0.0,3.405246733337408,2.0,0.10149082679987079,53.5088335363127,1.0,0.5199048746837427,1,30.25249286477451,0.0,0.0,False
0,3.651351170563468,4,0,31,0.0,3.921748689819852,0.42829630894917037,28.621880856326978,1.812097195221979,4,0.4588511726952897,56.93163078922427,4,0.4179164900738674,188.31813039982157,2,199.56142136029163,0.9905299599937729,144285.54506629443,0.0,28.509185944726166,0.09073652209627471,2066.2945693472416,0.0,0.5970054752468636,0.0,15.376611119190294,2.0,0.01,531.42814457197,1.0,81.87092474847366,2,45.009056208318995,0.0,3.4159968430131995,False
0,3.6923695003838697,0,0,48,0.0,5.9066819921757565,1.0,8.11751784464927,3.059905812959177,8,0.9455564548607174,25.917996400134395,1,0.0,73.17066043752351,0,495.59882327119533,0.0,243235.29636590727,0.0,259.57049659953134,0.03328238229373754,49345.736433971,0.0,0.5826736715272892,0.0,9.061282135905085,2.0,0.01,77.30526707839803,1.0,0.0,8,109.41474924209555,0.0,0.0,False
0,3.2949603997551815,1,2,2,0.0,3.828425657937173,0.35724532876134624,90.80738843228949,0.16301560219665243,8,0.9853186238005954,56.93163078922427,5,0.0,160.29909692135413,6,326.17297250476685,3.2911480364929826,0.0,0.0,1.0,0.401632081739209,1757.5136830480787,0.0,1.0,0.0,3.9130279098271963,2.0,0.01,61.59485570841266,1.0,0.0,1,1.0,0.0,0.0,False
0,1.0,1,0,2,0.0,1.7785803168188123,0.9041325651773366,46.35316921917406,0.2691904953173685,16,0.4587671450030552,426.9257795325752,15,0.0,44.23623755885554,0,30.69545542913403,0.0,19381.70295363841,0.0,1.0,0.3148554234281705,15746.312372959004,0.0,1.0,0.0,14.150881765981458,2.0,0.01,77.30526707839803,1.0,0.0,1,13.283858482626844,0.0,0.0,False
3,9.399315829651355,24,2,47,2.853566931022378,4.0260498409144,0.4351704159769151,18.362508589994867,1.9571335178404412,45,0.5853787445611004,56.93163078922427,1,0.09190104370291291,73.17066043752351,4,175.00588701050825,0.0,50862.408461177976,0.0,183.87190339738106,0.12272956735758724,13183.877581228131,0.0,1.0,0.0,15.846851418797078,2.0,0.01,77.30526707839803,7.136052747248641,39.92046952744601,4,7.686827291135385,0.0,8.614027741847742,False
0,19.68517258733899,3,0,2,0.0,6.116538313377014,0.6153390235021421,18.362508589994867,4.069324260074745,1,0.03,25.917996400134395,15,0.0,201.9401688735334,5,258.97581568535344,0.0,24133.340572014462,0.0,14.930661745570973,0.035478401973174825,2825.689552781897,0.0,1.0,0.0,7.2570254051534056,2.0,0.01,77.30526707839803,22.50407467400013,0.0,2,54.99268355211638,0.0,0.0,False
0,1.0,3,0,12,0.0,1.881452414129606,0.4351704159769151,56.7275309688563,0.2496086615838028,34,0.9697519891428461,25.917996400134395,12,0.0,817.0,1,69.10114823498492,0.0,78955.7699685179,0.0,1.0,0.19673409295140565,15516.355880612333,0.0,1.0,0.0,8.672354634639202,2.0,0.01,77.30526707839803,1.0,0.0,1,80.66128624631867,0.0,0.0,False
0,1.0,1,0,2,0.0,2.128080188638327,1.0,8.11751784464927,0.09457364701023448,1,0.42867200412917417,25.917996400134395,5,0.0,32.766249637556385,1,57.80978484267535,0.0,26899.09207275262,0.0,1.0,0.25371136171969455,1893.7696562525541,0.0,1.0,0.0,5.518365558179343,2.0,0.01,77.30526707839803,1.0,0.0,1,34.08649799004776,0.0,0.0,False
0,1.9135391341608283,7,0,2,0.0,1.0252501469139288,0.5044189504640548,8.11751784464927,0.10632309573580379,17,0.6859347761062404,450.06749462701674,8,0.0,73.17066043752351,2,60.41139454050242,14.130840803981322,0.0,0.0,95.60834316477332,0.07843065548598234,21618.857233843763,174.7309829872538,1.0,0.0,18.1748439815266,2.0,0.021719099968038835,469.80932515709225,17.827368116082553,9.069814173481435,5,89.78229849941118,0.0,0.0,True
0,13.040604913607766,8,1,16,0.0,9.33235633798881,1.0,14.426925298132513,0.13149462847392582,6,0.37516678444787116,340.26481096034433,13,0.0,303.76105116787244,4,361.04826037536714,0.0,523495.53934544616,0.0,3256.156235200905,0.3224519289353882,2617.836453085819,0.0,0.3315332701884808,0.0,11.414882022798285,2.0,0.028927805810764193,172.88407932983094,1.0,8.549980783154226,7,74.3397132107529,0.0,24.935794621035,False
0,1.0,0,0,2,0.0,1.0,0.4351704159769151,8.11751784464927,0.20566324910362152,1,0.9989247206479331,25.917996400134395,1,0.0,25.71773319177079,1,47.908405050546534,0.0,0.0,0.0,1.0,0.2131400935682412,744.3930371932247,0.0,1.0,0.0,5.197369851376186,2.0,0.01,77.30526707839803,1.0,0.0,1,16.799523205267306,0.0,0.0,False
0,27.39469479385115,24,0,12,0.0,2.761859364943962,1.0,8.11751784464927,0.42998091444644326,34,0.03,125.06395460304225,16,0.25318413564887843,73.17066043752351,3,74.6513575708106,0.0,373482.3208038861,0.0,106.4354987247178,0.0,2825.689552781897,0.0,0.6804072728726733,0.0,49.994729153781776,2.0,0.01,71.92002831283077,35.73156106914154,0.0,1,71.82100772960271,0.0,0.0,False
1,1.0,8,2,39,0.0,3.5207852986821493,0.6741564150196223,18.362508589994867,2.058141529046924,8,0.5167494947888248,56.93163078922427,5,0.0,182.04662958149368,4,141.82709158321177,0.0,34827.95559082282,0.0,69.62481707600634,0.0541217504710136,1884.793625905904,0.0,0.9703047494290447,0.0,4.773686134339441,2.0,0.01,164.20892219070177,14.550754696310765,42.90680362023363,17,71.82695853221335,0.0,17.166390492809555,True
0,1.0,0,0,12,0.0,1.0,0.4351704159769151,8.11751784464927,0.496051389830174,1,0.9352075436171214,25.917996400134395,1,0.0,24.875356699274672,1,53.71605490297346,0.0,0.0,0.0,1.0,0.11752351698519461,1730.5477645157457,0.0,1.0,0.0,4.413909639202791,2.0,0.01,76.84589855213811,1.0,0.0,1,1.3709451752766988,0.0,0.0,False
0,1.0,0,2,2,0.0,2.1346407684943403,1.0,6.826667436154816,0.2901145520331698,4,0.14486252848215553,25.917996400134395,1,0.0,32.766249637556385,1,66.57813983363243,0.0,22683.777503307014,0.0,1.0,0.20090162056948468,2708.9261013538003,0.0,0.5837385386794537,0.0,9.049261373119334,2.0,0.01,77.30526707839803,1.0,0.0,1,22.167404933700325,0.0,0.0,True
0,3.026665162809935,24,0,43,0.0,9.609976968999161,0.6741564150196223,56.7275309688563,3.748690626767626,4,0.03,125.06395460304225,5,0.0,73.17066043752351,7,74.6513575708106,0.0,23819.839664191684,0.0,519.077057713689,0.08194615877854236,2825.689552781897,0.0,1.0,0.0,22.665524760939952,2.0,0.01,77.30526707839803,16.838615282490636,0.0,1,114.70703359775877,0.0,0.0,False
0,1.7929364208444931,0,0,35,0.0,2.8561646706943273,0.6968706612364358,8.11751784464927,3.1219371905855264,8,0.9588688936358318,158.91436470620712,16,0.0,73.17066043752351,1,74.6513575708106,0.0,71436.94717971765,0.0,38.76121647492734,0.08406571906996448,1364.4669739299457,0.0,1.0,0.0,194.0,2.0,0.0236515980190648,2733.0,1.0,0.0,7,863.7358098579448,0.0,0.0,True
0,27.326012695967375,7,4,22,26.531797885761975,12.246375492231463,1.0,8.11751784464927,1.939006364596831,8,0.9339394255055913,56.93163078922427,15,0.3987977795039554,73.17066043752351,1,175.00588701050825,22.996912557674932,260639.37018321396,0.2857753000820929,234.780054536597,0.14550313658141056,2436.1602771501234,331.95913720655096,0.1956724116896318,0.0,15.231100084753255,2.0,0.01,197.57929745223618,121.93050451669583,64.39348127014442,12,110.08154616242496,0.0,59.26447497302422,False
0,1.0,0,0,2,0.0,1.0,0.4351704159769151,8.026813255840565,0.4380040988725362,1,0.9076570972045679,19.038411768573354,16,0.0,29.985067434007753,4,33.36708934786529,0.0,0.0,0.0,1.0,0.05286809170472383,627.7691961248607,0.0,0.7317856327406215,0.0,5.412162054442351,2.0,0.01,63.519307930598956,1.0,0.0,1,13.505901925556412,0.0,0.0,False
0,23.15965027194327,0,1,22,33.45265584648773,3.354735796876139,0.3061365457162517,8.11751784464927,2.062522786117877,4,0.4792385143805134,158.91436470620712,12,0.07697829865008204,73.17066043752351,1,175.00588701050825,0.0,20932.136680361968,0.022836236890296402,599.1976130431931,0.006467792018201947,36686.34084588024,0.0,1.0,0.0,22.665524760939952,2.0,0.01,428.65519171428184,59.85355323696396,53.008774438823885,16,55.71240012374825,0.0,0.0,True
0,20.11450057406133,11,17,42,0.0,1.8872091189391589,0.6979589834602946,8.11751784464927,0.0,4,1.0,25.917996400134395,16,0.0,58.79820235689897,0,74.6513575708106,7.919732611950671,27659.677099560216,0.0,123.78921319192493,0.3772892318229357,66.55465064088222,0.0,1.0,1.1874677247583403,97.23891481047414,2.0,0.2481598145728111,77.30526707839803,1.0,0.0,1,11.185652422221743,0.0,20.50722210909864,True
0,1.0,0,9,16,2.8961726259489105,5.462169307733861,0.7519644396683519,7.660199206178948,2.3406529566813985,3,0.5912995098533962,19.827104940194793,4,0.0005814688549282424,114.62104099589224,1,104.23039074020161,9.06069075174792,24116.871261526885,0.0,1.0,0.5166186702258052,0.0,0.0,0.790243284766051,0.0,0.8396207307028,2.0,0.14115155616070904,77.30526707839803,27.727553672208543,53.6050536182985,1,57.93374892359067,0.0,71.53565678029875,True
0,1.0,0,0,48,0.0,1.0,0.36485493159778987,8.11751784464927,0.051764333483866366,4,0.9397477358622945,25.917996400134395,1,0.0,32.766249637556385,2,33.24624079294648,0.0,0.0,0.0,1.0,0.09199347614358394,321.130441097648,0.0,1.0,0.0,3.9041561837220566,2.0,0.01,56.87124906917154,1.0,0.0,1,11.403993478395153,0.0,0.0,False
0,1.0,0,3,1,0.32225031550825944,1.5376546815683039,0.8707843084105042,8.11751784464927,0.0444555697057137,1,1.0,25.917996400134395,11,0.0,48.40520904996573,0,140.57857342586848,17.18409713840555,29346.972631441968,0.0,1.0,0.06783102051874153,551.3026023257773,0.0,1.0,0.0,4.146733022942494,2.0,0.02028386920619761,54.541040274172275,1.0,0.0,6,15.8206955465768,0.0,0.0,False
0,1.0,6,0,21,18.679249023028337,2.8416194518645095,0.4351704159769151,18.362508589994867,0.0,8,0.8364303801505006,56.93163078922427,5,0.0,201.51941553695195,1,175.00588701050825,0.0,40577.24534163913,0.0,67.60428837274934,0.02017453153967297,878.6369017860791,0.0,1.0,0.0,194.0,2.0,0.01,77.30526707839803,1.0,17.03600239219575,15,58.71513249111756,0.0,0.0,True
0,6.8182458255762235,24,13,2,8.725622819975005,12.304429945732295,0.4214455295940962,8.11751784464927,2.1830996257362885,4,0.5836547429215723,25.917996400134395,16,0.0,73.17066043752351,0,1535.48,0.0,888328.3150327348,0.0,3104.694208493453,0.05911032090928416,1233.1040541472723,0.0,0.5600552790699892,0.0,22.665524760939952,2.0,0.015536224137740473,75.63824125629601,1.0,0.0,17,23.099853771762163,0.0,0.0,False
0,2.8589371461828477,1,0,12,0.0,1.7976318673263363,0.9148818031559015,56.7275309688563,3.1541551472626788,1,0.4055398556909465,25.917996400134395,1,0.0,160.2282778234241,1,45.96253968118987,0.0,13835.117325591298,0.0,42.64428171015746,0.08073704505271784,1790.2232502755942,0.0,0.5495398086345776,0.0,7.876794449826435,2.0,0.01,594.2067634784823,1.0,0.0,7,1.0,0.0,0.0,False
0,1.0147804110838314,12,0,2,0.0,4.862780081903401,0.9148818031559015,7.210174891757589,0.28200813937135827,1,0.10988566310494657,125.06395460304225,33,0.0,65.78177745033358,5,51.614712052694244,0.0,128768.30322178837,0.0,1.0,0.1931319803451787,21427.98725519913,0.0,0.8291959465182512,0.0,3.9553840440534858,2.0,0.05646119259444789,77.30526707839803,1.0,8.363435076315582,1,21.434462100490563,0.0,0.0,False
0,1.0,0,0,42,0.0,2.617974280491565,0.6741564150196223,8.11751784464927,0.26554784564958944,1,0.9064081721307328,25.00197543862894,5,0.0,143.91921006922567,5,147.46773224485437,0.0,1739926.9033480058,0.0,39.22030706237314,0.1179763990783039,2741.9137679324294,0.0,0.603115589879987,0.0,8.213498627600496,2.0,0.01,77.30526707839803,1.0,0.0,1,2.181253151337245,0.0,0.0,True
0,3.9626225287968904,1,0,19,25.018861983232128,3.541606698896088,0.8634933500446351,4.398390768777708,0.11316426570102729,14,1.0,56.93163078922427,1,0.00430096630151399,18.628992526174073,3,68.55334774762377,6.420275157226482,23192.824392127717,0.0,63.07385890961515,0.15478055258410411,1852.9087877217994,301.2252929774064,0.9560092723164356,0.0,16.849871656723668,2.0,0.05910103526240615,60.51465397849126,11.069895612768757,29.58544807794103,6,48.99133824096963,0.0,14.574507215259791,False
0,1.0,0,0,2,2.7890182278850553,24.87500506646426,0.9148818031559015,8.11751784464927,2.985153868864413,8,1.0,56.93163078922427,1,0.0,303.76105116787244,2,175.00588701050825,1.553299939803093,42588.20211240996,0.0,235.43979317256517,0.34699910181530824,1417.1917701013094,43.671902958225246,0.5399641761625329,0.0,50.87436626982285,2.0,0.07753818525683595,77.30526707839803,80.33901796374792,10.216381358000923,4,162.61781506997352,0.0,31.511653976023105,False
0,14.54095423271393,2,9,26,0.0,9.239610417350127,0.38447991628835676,8.11751784464927,1.685304416554111,4,0.6369252813280029,56.93163078922427,16,0.0,29.395618298692803,6,290.891325257933,12.291141778461295,4701624.47,0.0,89.14864017235212,0.04230733261230819,1949.1120251873322,0.0,0.9068402438579962,0.0,6.136577550729789,2.0,0.01,469.80932515709225,1.0,49.649840145557704,13,69.03999352670151,0.0,7.211716536507367,True
0,1.0,0,0,2,0.0,1.3693403570933191,0.4351704159769151,8.11751784464927,0.2999803641054132,1,0.9575846976388525,25.917996400134395,1,0.0,20.332123963652748,2,48.60679546209105,0.0,0.0,0.0,1.0,0.15709797539137071,121.91598939026923,0.0,1.0,0.0,6.429014100309982,2.0,0.01,77.30526707839803,1.0,0.0,1,7.737648876735867,0.0,0.0,False
0,2.9667867166978206,0,19,78,13.236568721623179,13.57689763786059,0.8799739603691826,28.621880856326978,3.2659558246777496,19,0.3166520985029882,25.917996400134395,8,0.0003470727722708373,32.766249637556385,2,495.59882327119533,21.077254652820194,163947.7896392085,0.0,75.87624869994292,0.07973433710443416,15198.975660685348,0.0,0.6858519608205786,0.0,7.028616227251272,2.0,0.04665181478706852,195.2885177424596,27.907590862075608,21.73123204357348,15,89.15714498051398,0.0,11.817342095364054,False
0,5.806942140948728,6,0,9,6.833433028445145,10.30076221380575,0.3758446827900258,17.333297913096114,2.876396490234989,17,0.126114220993913,41.59670683714047,15,0.0,73.17066043752351,0,119.96324347273523,0.0,24903.174195192765,0.0,96.82229868312116,0.1254082820051793,1895.8699044165844,0.0,0.5839333396827696,0.3165653172928171,19.610055357662002,2.0,0.01,158.85348096942113,1.0,1.1486842948578513,4,19.73926552816418,0.0,34.142796787695644,False
0,1.0,0,1,21,0.0,1.2067493561494205,0.8192643921103271,56.7275309688563,0.016228864110385224,13,0.4331971627690574,117.03526395814677,1,0.0,201.9401688735334,1,68.90652807165888,0.0,112093.33308233351,0.0,1.0,0.0571414930332691,943.2125429672876,0.0,0.4949309608515571,0.0,146.70792636715544,2.0,0.12367996316104657,65.55228761864211,1.0,0.0,8,23.396894845627298,0.0,0.0,False
0,30.68070902683775,0,0,2,0.0,2.939980864779298,0.4351704159769151,8.11751784464927,0.3511257480242665,19,0.9469738476792633,25.917996400134395,1,0.0,303.76105116787244,1,1535.48,0.0,24298.628450583783,0.0,166.24810552638039,0.048908083735359605,2176.4758875849698,0.0,1.0,0.0,194.0,2.0,0.01,77.30526707839803,74.95525200592492,0.0,3,24.387594454903024,0.0,0.0,False
0,142.1237714149991,24,6,1,17.133167820226785,19.3990204321069,0.7006689451825135,8.11751784464927,0.09121991217718661,16,1.0,158.91436470620712,11,0.002937239114984646,73.17066043752351,3,175.00588701050825,18.598028878195812,23899.449181125703,0.27369187958569385,68.2214443989799,0.3020615401944138,10752.88710122892,0.0,0.5500446470307507,0.0,15.356805966752832,2.0,0.01,67.74534717348119,1.0,51.81765491190029,17,26.3302537433902,0.0,15.193107115182471,True
0,1.8539042700027073,13,0,2,0.0,1.7138515909959637,0.9501509989112684,8.11751784464927,0.17773011514361683,34,0.9064081721307328,25.917996400134395,15,0.0,32.766249637556385,1,74.6513575708106,0.0,5217.909647030799,0.0,84.6375059757853,0.0,1354.445005943125,0.0,1.0,0.0,6.1709034522958675,2.0,0.01,69.39293265690249,1.0,0.0,1,14.734746371305095,0.0,0.0,False
0,14.967967256950082,9,1,2,0.0,5.090218443729691,0.384596178398925,8.11751784464927,0.3933857449882059,4,0.03,158.91436470620712,15,0.09933776591930993,73.17066043752351,3,74.6513575708106,0.0,174489.4778884924,0.0,161.7683974938402,0.013179929420100739,49357.05857167065,0.0,1.0,0.0,22.665524760939952,2.0,0.01,640.8161860740294,7.287722359295714,17.37350990614788,7,153.97035519698522,0.0,0.0,False
0,1.0,0,0,2,0.0,2.802941259687129,1.0,8.11751784464927,4.25,1,0.9064081721307328,25.917996400134395,1,0.0,32.766249637556385,1,58.20018567079956,0.0,2324.014271758312,0.0,45.91679386229254,0.1691445971416706,2825.689552781897,0.0,1.0,0.0,9.061282135905085,2.0,0.01,77.30526707839803,1.0,0.0,1,23.38121650649279,0.0,0.0,False
0,4.057462911098355,2,2,19,0.0,5.203119313602592,0.40710244420830555,18.362508589994867,1.3968206801300798,8,0.6401089373596038,56.93163078922427,34,0.0,108.52225142413204,2,175.00588701050825,7.586446637813069,136574.5068996094,0.0,104.23100244573197,0.06076514653544116,1916.2812006621002,0.0,0.7177378820240023,0.0,20.483901935022587,2.0,0.01,197.57929745223618,37.08836639370311,57.4481244104377,8,518.5024633184285,0.0,67.89605398257376,False
0,1.0,0,0,2,0.0,1.5469005754697034,0.4351704159769151,8.11751784464927,0.34252792716340325,1,0.963149888870171,25.917996400134395,1,0.0,54.594621149545205,1,57.043684957098314,0.0,94442.28577304994,0.0,1.0,0.2400217793680563,1450.9163999603904,0.0,1.0,0.0,5.680589118391833,2.0,0.01,62.64594815417467,1.0,0.0,1,1.41473934485035,0.0,0.0,False
0,1.0,1,0,42,0.0,1.0539695701389706,0.6741564150196223,8.11751784464927,0.3807217261429636,34,0.9708306397515195,25.917996400134395,1,0.0,28.925152366289467,4,59.52653875630002,0.0,0.0,0.0,1.0,0.15093537023576437,812.1668209122425,0.0,1.0,0.0,7.8016554486825545,2.0,0.01,67.59374220628459,1.0,0.0,1,20.22466595639151,0.0,0.0,False
0,1.0,0,0,2,0.0,1.0,0.6741564150196223,8.11751784464927,0.439175534832177,1,0.9324724328498477,19.89895268057946,1,0.0,233.92047839832045,1,48.33730105755743,0.0,6685.022913034314,0.0,1.0,0.07076968762768478,687.8033702413338,0.0,1.0,0.0,6.951177470357318,2.0,0.01,77.30526707839803,1.0,0.0,1,12.720349844821653,0.0,0.0,False
0,235.0,6,8,78,6.1797272529481075,9.714095981605318,0.6024117421283655,8.11751784464927,2.2430685515574287,8,0.18055008483764728,125.06395460304225,5,0.04749303755867179,32.766249637556385,6,403.7090367766018,0.0,685112.5729331936,0.0,319.7948703109124,0.033130741562943516,2737.8760942889726,0.0,0.29743385382395693,0.0,61.435557349339895,2.0,0.01,640.7838900729931,1.0,297.12152221328785,17,14.393804598900225,0.0,0.0,True
0,1.0,5,2,2,0.0,2.1058387062506547,0.8502060222190764,7.386046877631976,0.0,1,1.0,23.892017637426203,5,0.0,16.6743334240388,4,51.88103932046089,0.0,0.0,0.0,1.0,0.0823050361538013,0.0,0.0,1.0,0.0,2.8548858365131218,2.0,0.18168207107602993,52.72110592591069,1.0,0.0,1,9.174365433734065,0.0,0.0,False
0,1.0,6,0,45,0.0,4.923508706581093,0.40398296372218145,18.098292628280163,0.13798230444254053,34,0.03,21.089238630374116,1,0.0,147.7595970893704,1,623.1633372574208,0.0,37435.88483392352,0.0,35.17422440838466,0.09672096866011955,40194.964082900784,0.0,1.0,0.0,22.665524760939952,2.0,0.01,77.30526707839803,36.62230331079209,0.0,1,22.02671829452099,0.0,0.0,True
0,12.73052193437556,0,0,1,0.0,2.9806575496318803,0.27480274680534833,25.62899059082524,1.269594504602134,34,0.35517552949521586,507.0,4,0.0,817.0,4,42.646614738948486,0.0,31558.694902282004,0.0,64.7835875383977,0.04485591387126608,1948.9118235576864,0.0,1.0,0.0,39.55095043561656,2.0,0.01,73.70562854304077,1.0,0.0,10,153.77080875873568,0.0,0.0,False
0,44.426217596576436,1,0,22,11.556756833930553,4.370650101997796,1.0,8.11751784464927,2.7841099720882934,45,0.5191779856387496,56.93163078922427,4,0.0,73.17066043752351,3,175.00588701050825,8.60320672318575,50862.408461177976,0.0,68.36432210448186,0.06518710916086105,2405.920262063655,0.0,1.0,0.0,54.97649035157418,2.0,0.01,197.57929745223618,88.32626945265176,23.813501041196893,9,110.72174428168401,0.0,34.748562667678996,False
0,23.90554293115214,13,0,21,8.996079524984255,14.346156422587935,0.4351704159769151,18.362508589994867,2.905505648725524,8,0.5271411529827715,56.93163078922427,5,0.44918068003868705,73.17066043752351,3,175.00588701050825,2.336869917047933,525732.3354085914,0.0,326.7218081741677,0.04872516558992766,2825.689552781897,389.1275146819776,0.9740840309241889,0.0,21.199687536498942,2.0,0.01,197.57929745223618,1.0,22.762532963474648,11,43.774347102673325,0.0,45.34258322913768,False
0,1.0,1,0,2,0.0,1.4036865298693415,0.9148818031559015,8.11751784464927,0.3088469415957026,4,0.9331140853556235,507.0,1,0.0,73.17066043752351,4,48.69701741346867,0.0,21411.813590368893,0.0,1.0,0.5218165146493028,795.3824037041701,0.0,1.0,0.0,9.061282135905085,2.0,0.01,77.30526707839803,1.0,0.0,1,5.798968243305704,0.0,0.0,False
0,1.0,5,0,78,0.0,3.656756201831052,0.9148818031559015,6.251730779011587,0.32305890647464386,1,0.946878842233077,16.7581974104462,34,0.0,85.20150780031156,1,279.8217019706962,0.0,81357.1157113689,0.0,1.0,0.2374488653068315,1190.159309430416,0.0,1.0,0.0,15.170951406887518,2.0,0.01,469.80932515709225,1.0,0.0,1,11.637326373777976,0.0,0.0,False
0,31.333043730179966,14,8,16,20.590597770665454,2.5823768108053518,0.3305947325882703,7.944218415929169,0.0,7,0.42144292777737447,20.692555808504647,16,0.0,44.13174559104097,0,32.88433324759795,22.65620514118293,91693.5878921037,0.0,29.275082720519354,0.09716903909935298,259333.35839096515,0.0,0.810551096343739,0.0,5.838452574433213,2.0,0.13027447628732225,65.45407204604511,1.0,16.3840066137037,14,109.40400451272535,0.0,0.0,True
0,1.0,0,0,2,0.0,1.0,0.9148818031559015,8.11751784464927,0.485799969152147,1,0.34819892069305913,24.247425005803013,16,0.0,24.940754382541165,1,40.651837829782636,0.0,35013.60834697934,0.0,19.642815665826262,0.23385180375995243,2546.8291663469818,0.0,1.0,0.0,41.442016659311875,2.0,0.01,77.30526707839803,1.0,0.0,1,11.981524519955352,0.0,0.0,False
0,1.0,0,0,30,0.0,1.0,0.4647520300037555,7.567356231853498,0.23976388986617433,45,0.9256924242368628,56.93163078922427,5,0.0,66.34864151749699,6,585.2746117974394,0.0,2274385.314604991,0.0,148.3521923207949,0.2398335892594075,28713.425787845925,0.0,0.6215407901952508,0.0,8.696564369899855,2.0,0.01,363.5746148917405,1.0,0.0,10,1.0,0.0,0.0,False
0,1.0,0,0,2,0.0,1.0,0.38409505672088906,8.11751784464927,0.496051389830174,1,0.9182145485374915,25.917996400134395,5,0.0,32.766249637556385,1,160.73662384708365,0.0,801717.8122180454,0.0,519.9622697898944,0.25619783517970535,1085.768438327063,0.0,1.0,0.0,8.749900636334969,2.0,0.01,66.68374147169268,1.0,0.0,1,27.831039759808412,0.0,0.0,False
0,1.0,0,0,2,0.0,3.612534588040778,0.4351704159769151,8.11751784464927,0.496051389830174,1,0.03,25.917996400134395,12,0.0,201.9401688735334,1,74.6513575708106,0.0,297897.48705250985,0.0,46.07399268737886,0.009147632169567085,2825.689552781897,0.0,1.0,0.0,8.460458931220334,2.0,0.01,77.30526707839803,1.0,0.0,1,92.2544140717032,0.0,0.0,False
0,3.5723496654939546,9,0,22,0.0,1.0,0.7597921337771718,8.11751784464927,3.9219776085753133,8,0.49978302772235217,158.2972081265737,16,0.0,201.9401688735334,2,170.6452158094349,0.0,61720.476861340416,0.0,93.30109048213114,0.0,1506.2846351251376,0.0,1.0,0.0,55.051926544133636,2.0,0.01,1468.9893550365687,1.0,3.9921063491120172,6,56.655312552811225,0.0,0.0,False
0,1.0,12,0,2,0.0,1.7583466431760821,0.9148818031559015,8.11751784464927,0.33487824912942077,45,0.7661589382362015,25.917996400134395,34,0.0,31.833697701610113,1,74.6513575708106,0.0,3533.0008009127073,0.0,1.0,0.2423689162262029,10874.076171756198,0.0,1.0,0.0,13.818010109337525,2.0,0.01,77.30526707839803,1.0,14.461698711233772,1,98.46799299632659,0.0,0.0,False
0,2.084844465788846,2,0,43,0.0,1.7754025662869974,0.9148818031559015,28.621880856326978,0.18565410516053088,3,0.5255321898649806,25.917996400134395,16,0.0,128.4498912430567,1,58.83242437039546,0.0,233725.8972630209,0.0,40.635697214105235,0.30890840474409476,8235.771715332232,0.0,1.0,0.0,9.061282135905085,2.0,0.01,501.92800432134004,12.353149585575807,0.0,1,4.3853221359514585,0.0,0.0,False
0,8.429770614954592,1,8,34,0.0,3.360104859240905,0.42004851868055126,8.11751784464927,1.999362950658052,8,0.592711374206739,25.917996400134395,4,0.0,73.17066043752351,3,175.00588701050825,11.231586080237637,47620.765340930615,0.0,33.79796543207755,0.12910059936228727,1184.9211735879844,0.0,1.0,0.0,15.93541353164656,2.0,0.01,164.8375049068002,23.853738405468043,38.91011706991471,16,2.9160200388406388,0.0,294.9632348658906,True
0,1.0,7,3,44,0.0,4.073750122117754,0.900922023638219,6.162057698627064,0.19737215374496145,4,0.43237653017579497,21.148679869305077,1,0.0,50.693047563531465,4,41.77339368581252,0.0,12927.936731022692,0.0,1.0,0.23284667271787432,112.06998278723475,0.0,1.0,0.0,4.967022257056227,2.0,0.33834472715758546,77.30526707839803,1.0,0.0,1,8.614766855932082,0.0,0.0,False
0,1.4376139983083398,0,0,12,0.2773512122799189,1.0,0.9148818031559015,8.11751784464927,0.018121537326270153,8,0.29771094937678594,25.917996400134395,15,0.0,271.8643177204915,5,55.726274927416895,0.0,14589.606594860801,0.0,1.0,0.42854683911409897,22855.110518574493,0.0,1.0,0.0,164.42974047717854,2.0,0.01,77.30526707839803,1.0,0.0,1,8.653772868838379,0.0,0.0,False
0,10.81000271145246,5,0,38,7.812344971022888,4.156708047834785,1.0,18.362508589994867,2.145522717853009,4,0.03080843326410304,507.0,4,0.0,817.0,1,72.33506857724308,13.04253438746267,444150.7324782619,0.307517138567529,402.0017921485454,0.058297334986064944,26729.839717721927,450.9371534499925,0.35941155179907813,0.0,22.665524760939952,2.0,0.01,77.30526707839803,30.097922337375227,142.22965921165735,13,114.35325242567106,0.0,58.69821113857469,False
0,11.112363556420577,9,0,12,1.7618455869595318,1.9180742130840505,0.3963103855758467,8.11751784464927,0.39018102048363135,4,0.3292699183463561,158.91436470620712,16,0.0,32.766249637556385,0,74.6513575708106,0.0,2872.81680311884,0.0,28.276381115418445,0.0,2521.631421430924,0.0,1.0,0.0,9.061282135905085,2.0,0.01,77.30526707839803,1.0,0.0,1,8.031886411394769,0.0,0.0,True
0,2.824033413133025,0,0,2,0.0,2.221259706075214,0.6427719042566689,8.11751784464927,0.179934744788398,34,0.362185362051709,158.91436470620712,1,0.0,32.766249637556385,5,110.49094550120586,0.0,366352.48571103375,0.0,167.7252502518242,0.5541598658394002,1779.5234524993784,0.0,1.0,0.0,33.73550647997115,2.0,0.01,77.30526707839803,1.0,0.16464429027008265,14,69.73274830315466,0.0,0.0,False
0,1.0,23,0,12,0.0,9.863391061890539,0.9148818031559015,8.11751784464927,3.549934408590619,31,0.41525757158040055,20.780547794062453,12,0.12021782635378009,32.766249637556385,0,1535.48,0.0,4701624.47,0.0,1.0,0.34626794484240964,1470.2375766526957,0.0,1.0,0.0,61.596531240404424,2.0,0.01,74.60681524074218,1.0,0.0,1,10.027003516010499,0.0,0.0,True
0,1.0,0,0,12,0.0,1.0,1.0,8.11751784464927,0.44090953417487544,34,0.929714662453172,25.917996400134395,16,0.0,201.9401688735334,3,362.3876783521177,0.0,0.0,0.0,1.0,0.04762515738683429,2435.166595275122,0.0,1.0,0.0,8.011233151385063,2.0,0.01,65.48762190911086,1.0,0.0,1,10.479306598583172,0.0,0.0,False
0,14.649887594550565,0,0,19,5.357844659599547,13.999669080540212,0.4351704159769151,8.11751784464927,3.0335043545182616,4,1.0,56.93163078922427,1,0.10492396972963408,32.766249637556385,5,175.00588701050825,13.05785879449931,205078.4971628447,0.0,127.96432815604025,0.09887026107113453,27965.45075451492,0.0,0.44601096078619074,0.0,22.665524760939952,2.0,0.01,1468.9893550365687,22.160898488898617,17.12178176772396,10,23.76706591181922,0.0,109.95715749224132,True
0,1.0,1,0,36,0.0,2.297126114247294,0.7150224033348997,8.11751784464927,3.1195427744168676,8,0.6333910270183704,125.06395460304225,5,0.0,73.17066043752351,1,175.00588701050825,0.0,39966.00906579849,0.22807709941674903,1.0,0.24485016042176297,19478.781629886715,0.0,0.6472312212367497,0.0,22.665524760939952,2.0,0.01,77.30526707839803,31.676864389321466,15.67732714784499,5,83.24816857978502,0.0,0.0,True
0,1.0,0,0,2,0.0,2.33935230418534,0.4059868860551479,8.11751784464927,0.2742984168603805,1,0.9319527793487787,25.917996400134395,16,0.0,201.9401688735334,1,56.756912843989504,0.0,4038.6610456309813,0.0,1.0,0.07539339204487347,948.9587334307328,0.0,1.0,0.0,8.344462775580064,2.0,0.01,77.30526707839803,1.0,0.0,1,15.586610799162779,0.0,0.0,False
0,1.0,2,3,42,0.0,3.800378369572371,0.6500051386236632,6.490501526725065,0.8643448339146961,15,0.5549905064597773,309.54057182061024,29,0.0,63.875299149695735,1,168.5641181746833,0.0,441786.87733576045,0.0,1.0,0.42139069065134555,662.724474598082,0.0,1.0,0.0,5.898355695961384,2.0,0.1480173673430804,55.741462641135925,1.0,33.08421182081035,1,7.106917697184157,6.115537684076783,0.0,True
10,8.069080069225436,5,2,12,6.437669873368534,10.056672685924315,0.3693963183900671,8.11751784464927,2.0707185707459312,45,0.4619261014888099,56.4046084926632,7,0.531489913189181,64.29638771969742,1,170.91182941166332,28.730245751117206,586954.6844576586,0.31408238906936925,1.0,0.13507820518324998,989.451718384382,0.0,0.3504386556022704,0.0,16.97227847738938,2.0,0.01,405.79672899174994,107.87282435813118,53.478700862681066,16,39.854194243670634,0.0,41.47957527265345,True
0,1.0,5,29,48,2.8613641352701102,3.4256199709507165,0.9075270987577184,8.11751784464927,0.25406745246354306,19,0.5378175654487881,507.0,34,0.0,73.17066043752351,1,401.52058136908147,0.0,3954492.170300536,0.0,37.50085204245831,0.7283278022192968,16969.23027849992,0.0,1.0,0.0,34.70571938391766,2.0,0.01,428.65519171428184,1.0,0.0,1,5.97249674919214,0.0,0.0,False
0,3.324276242858639,4,3,1,0.0,4.005513653349877,0.848817324619248,53.83313881991383,3.0208871455857818,8,0.19772007221892746,125.06395460304225,5,0.0,303.76105116787244,1,175.00588701050825,9.349525522804424,695623.5622812363,0.0,87.97377291000677,0.05793464373195852,2310.0147105164383,0.0,0.9835959729850527,0.0,20.354689559158945,3.852660767683119,0.01,640.7838900729931,71.96335898310903,34.69474057049965,28,93.31490956949472,0.0,36.16540243688307,True
0,1.0,2,0,12,0.0,1.2611542013723822,0.7150224033348997,8.11751784464927,0.4543145584404431,19,0.9490092818897444,25.917996400134395,1,0.0,32.766249637556385,2,73.57487828207009,0.0,1978893.2650792713,0.0,15.540102213978045,0.04996906696626857,1960.9662343022305,0.0,1.0,0.0,8.227949530895371,2.0,0.01,75.62616655565805,1.0,0.0,1,13.286180767239909,0.0,0.0,True
0,1.0,1,0,2,0.0,3.175719328055262,1.0,8.11751784464927,0.16265408137037246,1,0.9615109431751216,25.917996400134395,5,0.0,148.60157065099168,0,48.26162291101739,0.0,12115.812276076798,0.0,1.0,0.3598010307266043,2170.410779962425,0.0,1.0,0.0,6.68779714208152,2.0,0.01,77.30526707839803,1.0,0.0,1,13.756345951320073,0.0,0.0,False
0,10.636006578990413,1,1,48,0.0,2.104995938570183,0.2437084171149048,8.11751784464927,0.37963981740254366,13,0.03,56.93163078922427,12,0.0,817.0,0,64.52744927537063,0.0,12198.586069799081,0.0,126.25961484944384,0.0,1477.0971363731674,0.0,0.7317856327406215,0.0,9.061282135905085,2.0,0.01,77.30526707839803,1.0,0.0,3,160.47448050350567,0.0,0.0,True
0,1.0,10,0,2,0.0,1.0,0.4351704159769151,8.11751784464927,0.496051389830174,1,0.963909569445598,25.917996400134395,1,0.0,31.648208284989984,0,51.87025385125345,0.0,16003.959599166097,0.0,32.87219624356216,0.1871230486762251,28905.348363883986,0.0,1.0,0.0,9.061282135905085,2.0,0.01,77.30526707839803,1.0,0.0,1,12.459759009915775,0.0,0.0,False
0,1.0,15,0,2,0.0,1.0,0.8824415048234329,8.11751784464927,3.0116026029302274,33,0.9927974200474112,25.917996400134395,1,0.0,25.68124991140069,5,96.09614383300914,0.0,10064.1299914095,0.0,1.0,0.38146250707502516,421.00363683478497,0.0,1.0,0.0,5.50761749304166,2.0,0.02744911241634182,67.2932100434196,1.0,0.0,1,1.0,0.0,0.0,False
0,14.680154609636888,1,0,1,0.0,2.733908400043105,0.9148818031559015,8.11751784464927,0.2903796342555531,16,0.5622954367601345,125.06395460304225,15,0.0,71.05379788771782,7,74.6513575708106,0.0,18888.069046460383,0.0,105.78350885091825,0.03284188355050645,1475.4863281155194,0.0,1.0,0.0,110.98640062823077,2.0,0.01,640.7838900729931,1.0,0.0,3,90.42200995409443,0.0,0.0,False
0,1.0,3,0,2,0.0,1.0,0.9148818031559015,8.11751784464927,0.37093494298410407,1,0.9980803051927197,25.917996400134395,1,0.0,14.115888665723938,2,45.943056707013966,0.0,0.0,0.0,1.0,0.4852446159318057,0.0,0.0,1.0,0.0,3.4817783167721137,2.0,0.01,77.30526707839803,1.0,0.0,1,5.851486451064464,0.0,0.0,False
0,1.0,0,0,2,0.0,1.0,0.9148818031559015,6.458630602428906,0.496051389830174,1,0.9064081721307328,24.547926732244242,5,0.0,31.51470754289725,2,249.22231003054497,0.0,0.0,0.0,1.0,0.09622940827354318,883.6602582102985,0.0,1.0,0.0,6.794127025584963,2.0,0.01,37.22439697420855,1.0,0.0,1,12.126458754120335,0.0,0.0,True
0,1.3009951362436096,8,0,48,0.0,1.0,0.9148818031559015,8.11751784464927,0.32650681256914726,4,0.9231795153354784,24.854246236311997,1,0.0,32.766249637556385,1,268.2859136727392,0.0,0.0,0.0,1.0,0.17139960012351005,2573.3641804008685,0.0,1.0,0.0,122.44604901792934,2.0,0.01,77.30526707839803,1.0,0.0,1,17.94031705720744,0.0,0.0,False
0,1.0,3,0,16,0.0,1.8009459769360918,0.8761760251987315,5.421830736470805,0.6514825183372167,6,1.0,20.138938054951026,13,0.0,32.0692232904906,2,81.75975630973159,3.1687679231284824,0.0,0.0,1.0,0.11144251006979256,1972.912978656978,0.0,0.7752279879089062,0.0,35.77781109217052,3.9166829408458756,1.311525231165663,38.008524783571914,1.0,43.19745236480564,23,1.0,0.0,0.0,True
0,1.0,2,0,2,0.0,1.1150722154451898,0.9148818031559015,8.11751784464927,0.496051389830174,4,0.4565502141768632,25.917996400134395,1,0.0,27.21568336204958,1,113.56517197339875,0.0,0.0,0.0,1.0,0.10685639071226555,846.9452379899526,0.0,1.0,0.0,8.921452269309274,2.0,0.01,77.30526707839803,1.0,0.0,1,17.73312346268555,0.0,0.0,False
0,1.0,0,0,2,0.0,1.0,0.9148818031559015,25.670382968514133,0.496051389830174,1,0.9240197365936629,25.917996400134395,1,0.0,817.0,1,53.27502993515867,0.0,0.0,0.0,1.0,0.05806052869677816,164413.44859088995,0.0,1.0,0.0,5.58128577190342,2.0,0.01,77.30526707839803,1.0,0.0,1,11.162892711656882,0.0,0.0,False
0,1.0,1,0,2,0.0,3.1977980688817778,0.4351704159769151,8.11751784464927,0.15440554789329305,8,0.9929833864434314,21.20529352558506,11,0.0,37.86222752216659,3,132.43788501088778,0.0,3302.418679720539,0.0,1.0,0.19627335832446333,853.7724275440178,0.0,1.0,0.0,9.061282135905085,2.0,0.01,640.8161860740294,1.0,0.0,4,12.258892071853264,0.0,0.0,False
0,1.0,24,4,2,0.0,1.1291608685713967,0.6365969897836072,154.0,3.4021019631311353,1,0.436198934961256,56.93163078922427,5,0.0,32.766249637556385,1,55.170479179239585,0.0,192049.23263331532,0.0,277.18374128751896,0.028545677551486986,19115.864544950302,0.0,0.5766117123567402,0.0,45.90026671536493,2.0,0.01,197.57929745223618,1.0,0.0,1,56.20112056819198,0.0,0.0,False
0,1.0,6,0,47,4.330261739244332,20.092503632258477,0.3619567347808501,18.362508589994867,3.4419001968359653,4,0.22293847337352274,158.2972081265737,5,0.0,73.17066043752351,1,74.6513575708106,0.0,482718.8760076979,0.0,86.70488994211863,0.0,2392.34108939295,0.0,1.0,0.0,6.839959715886612,2.0,0.01,54.53300695958752,74.00527651370143,99.62715390992665,5,93.8780353630238,0.0,0.0,False
0,18.762229487843186,2,3,39,0.0,82.11882586139079,0.7150224033348997,8.11751784464927,2.8552815958544833,8,0.9776480821272753,56.93163078922427,5,0.0,73.17066043752351,2,697.2911623244224,0.0,44175.752678023855,0.0,391.0189981362877,0.4499077634780486,33426.86480298039,0.0,0.5904431680573463,0.0,11.844880810271174,2.0,0.01,77.30526707839803,28.126942519513463,2.044473069603219,2,50.63150967425609,0.0,17.22894267297805,False
0,13.728787782365218,0,7,42,0.2091372334476702,4.121593197532937,0.5725654138616638,8.11751784464927,2.050972703342475,15,0.23276482140576454,25.917996400134395,5,0.0,817.0,3,74.6513575708106,0.0,30775.7782560723,0.0,1.0167367468893858,0.054042631154508296,1633.6181793901533,0.0,1.0,0.0,15.817445175859099,2.0,0.015536224137740473,77.30526707839803,1.0,6.038819838754296,7,78.96831507871536,0.0,0.0,False
0,2.8213864408311884,18,0,18,0.0,1.2316158408166937,0.8837062373022823,8.11751784464927,0.1809570610622129,7,1.0,25.917996400134395,16,0.0,140.75225378862373,3,497.35774189700487,0.0,760620.1545350136,0.0,61.85272860601484,0.09421054011244406,1631.4277732106812,0.0,0.6658372102362753,0.0,9.488269875136162,2.0,0.01,640.7838900729931,1.0,2.3726954771448314,1,107.9981668931714,0.0,0.0,True
0,18.126905793234428,0,0,22,39.53315741322996,3.7135011185148796,0.8231352817051572,8.11751784464927,0.496051389830174,4,0.9643018890292128,56.93163078922427,1,0.1343948696522283,73.17066043752351,1,74.6513575708106,0.0,0.0,0.0,467.2482417287316,0.17432576922595389,44278.78995294379,0.0,0.3753366722656803,0.0,22.536508911870946,2.0,0.01,77.30526707839803,1.0,8.745012806148498,1,33.153983938870795,0.0,7.955146903834711,False
0,1.0,0,0,2,0.0,1.0,1.0,7.1350138881110965,2.5635599459133798,8,1.0,22.830886818889507,1,0.0,17.204015231049393,1,44.3393578458341,0.0,0.0,0.0,1.0,0.12298707547113175,965.6872317370221,0.0,1.0,0.0,18.964724484884265,2.0,0.015536224137740473,67.4768458212319,1.0,0.0,1,1.0,0.0,0.0,False
0,10.366733686770923,10,1,43,0.0,34.64593185163385,0.4351704159769151,8.11751784464927,2.0344767486362354,8,0.8256309792293273,56.93163078922427,11,0.32957354298622965,73.17066043752351,3,175.00588701050825,3.992343593850741,889034.120237559,0.0,93.55162846914496,0.061957480066907614,2825.689552781897,0.0,0.7490726359991633,0.0,17.76824813678403,2.0,0.01,640.7838900729931,80.76868828000642,15.924993673508856,1,73.80230811548063,0.0,95.45868138324242,True
0,1.0,0,0,2,0.0,1.5789531788472646,0.35755733638331627,7.717335472064216,0.18296123138942946,12,0.9443607964157067,18.356373563904437,16,0.0,30.675746446725007,0,32.477419515777086,0.0,85820.31134907303,0.0,98.24336020426698,0.0,2256.3638136027093,0.0,0.37527531774423334,0.0,67.01536541930098,2.0,0.01,56.24452335507585,1.0,5.4630411030324915,12,18.860163751927235,0.0,0.0,True
0,1.0,1,5,21,0.0,66.30145232492424,0.6741564150196223,18.362508589994867,2.100909993685423,16,0.5075756558336395,125.06395460304225,1,0.0,73.17066043752351,5,68.70816052082981,7.634038430956718,323449.70175950445,0.0,85.47678638995572,0.21406821738833084,1933.1510661385391,294.8594685360873,0.6958080332888651,0.0,22.665524760939952,2.0,0.01,77.30526707839803,104.28979350897038,33.491704027015146,1,66.99460516193575,0.0,0.0,False
0,1.0,0,0,2,0.0,1.168361637460839,0.9148818031559015,8.11751784464927,0.08876462819005788,19,0.985027770682497,25.917996400134395,16,0.0,25.50678686467088,1,74.6513575708106,0.0,0.0,0.0,1.0,0.275313501814126,14615.103469923215,0.0,0.6568908145620113,0.0,3.874679660694375,2.0,0.01,77.30526707839803,1.0,0.0,1,95.71194387475337,0.0,0.0,False
0,1.0,2,0,2,0.0,1.3302495647986015,1.0,4.918305491722079,0.4360439485249333,1,0.972345097732565,141.38549554706108,16,0.2704379855649778,149.86462561652735,1,58.38786784958322,0.0,2629.3649633628042,0.0,61.273210075004926,0.11064092729216789,1941.528136269833,0.0,0.6059592292567741,0.0,5.680589563391011,2.0,0.01,74.954706513248,1.0,0.0,1,19.21866547557984,0.0,0.0,False
0,1.0,0,0,2,0.0,1.0,0.4351704159769151,8.11751784464927,0.31704326058222343,1,0.9580618973342533,25.388076760672973,5,0.0,32.766249637556385,1,71.47835260771299,0.0,272094.4281808304,0.0,20.66860240083436,0.12437927527316195,2201.8741331622336,0.0,1.0,0.0,8.85698345844699,2.0,0.01,77.30526707839803,1.0,0.0,1,7.090886115326148,0.0,0.0,False
0,1.0,13,0,2,0.0,1.4362037780967092,0.6741564150196223,8.11751784464927,0.36697113264359604,1,0.9211039647810998,25.917996400134395,16,0.0,27.265996612086127,1,29.760573742185926,0.0,0.0,0.0,1.0,0.1072907991385908,1694.4815680234424,0.0,1.0,0.0,6.9246430593926425,2.0,0.01,71.24116024021657,1.0,0.0,1,1.3577183934975903,0.0,0.0,False
0,21.21413356786873,0,0,2,0.26202969239619334,1.0,0.30412820241306143,8.11751784464927,2.164201741205373,1,0.9436514785165983,24.539739962119487,15,0.0,66.83923136354207,1,474.5313840086649,0.0,0.0,0.0,585.169019788348,0.03562041404512298,2807.301055526284,0.0,0.6163585539730715,0.0,7.135923773948004,2.0,0.01,57.23209114698421,1.0,0.0,1,111.239941765239,0.0,0.0,False
0,5.972201289466497,0,0,12,0.0,4.62824045724086,0.6529151890815472,28.621880856326978,2.08456812916114,1,0.17052800150373384,222.7053819470969,1,0.0,201.9401688735334,2,56.62022391318136,0.0,24551.73157003134,0.0,49.43317735373699,0.050498469941620154,12863.529796307652,0.0,1.0,0.0,39.302783747460786,2.0,0.08356247548825488,43.43187586857529,58.17562385927768,0.0,3,87.51475539565902,0.0,0.0,True
0,1.0,1,0,12,0.0,2.6420716805442512,0.42724131181720004,8.11751784464927,0.39700279045452697,1,0.9116340876609041,25.917996400134395,1,0.0,30.184159501393566,4,66.93459521168731,0.0,0.0,0.0,1.0,0.053725416178101365,214316.4339164166,0.0,1.0,0.0,6.453682184723609,2.0,0.01,67.78487079862381,1.0,0.0,1,8.413946165358311,0.0,0.0,False
0,1.722624366196338,0,0,18,0.0,2.0286029767419844,0.6741564150196223,6.299041055205175,0.1801636515985847,1,0.9605871700334279,472.259703616271,1,0.0,20.821820092818854,5,35.285127706180965,0.0,6860.484684945014,0.0,41.709224298395945,0.2924852460644497,1101.3547855886434,0.0,1.0,0.0,5.752877454803714,2.0,0.01,64.68876635634209,1.0,0.0,1,7.066908774450654,0.0,0.0,False
0,1.0,2,4,2,0.0,4.9378422392547785,0.6741564150196223,6.4613835633107,0.17351336853733973,1,0.9998899024405136,56.93163078922427,34,0.0,164.60492810176945,2,53.829990497640395,0.0,19064.103220769048,0.0,1.0,0.05238100898257611,1387.8939287035746,0.0,1.0,0.0,13.21456185184581,2.0,0.01,67.50749535392205,1.0,0.0,1,17.98250709960029,0.0,0.0,True
0,1.0,3,0,78,0.0,4.906957103816999,0.4351704159769151,2.652307890472989,2.8726693358581064,45,0.9492893923085396,22.68716911053624,1,0.0,62.16733958432228,4,74.0220623533853,0.0,45813.09199174138,0.0,25.279297010899658,0.09821301789113249,17593.02139937237,0.0,1.0,0.0,9.061282135905085,2.0,0.01,640.8267786962393,21.414870684152433,1.44179793328178,1,10.801613716192485,0.0,0.0,False
0,38.435933882796895,24,1,40,12.433727638913755,28.44491702445499,0.7839996011672673,56.7275309688563,0.09039889362730523,8,0.1784003752771479,158.2972081265737,5,0.0,152.1801641873757,1,168.65146111530498,28.064704255515508,457139.6935184122,0.0,98.56731380589949,0.08241306705392444,2475.9707973251925,0.0,0.9860299331036598,0.0,18.799873060361072,3.080203910137717,0.01,63.20991933868209,38.09186975699765,38.77423197110058,4,44.16159044337833,0.0,26.5103056459958,True
0,1.0,1,0,42,0.0,1.0,0.6741564150196223,8.11751784464927,1.941946445997321,11,0.5602182051512808,507.0,14,0.0,159.84685842984806,2,1535.48,0.0,9110.987654132043,0.0,1.0,0.21498503407509484,824.5294584376047,0.0,1.0,0.0,7.044655777610345,2.0,0.14047015028284204,66.21877364744822,1.0,8.598648652492345,2,37.23241643726189,0.0,0.0,True
0,1.0,10,0,45,0.0,3.1455160976080054,0.9086141880997647,154.0,3.65528400504646,19,0.5996407606759548,25.917996400134395,13,0.12021782635378009,201.9401688735334,1,163.2409726910518,0.0,163223.47789808936,0.0,25.437401974070955,0.0,1190.691809881487,0.0,0.6111582261323708,0.0,8.355636704930756,2.0,0.01,625.706498376058,1.0,0.0,1,14.29757766930891,1.2431441770367186,0.0,True
0,1.0,3,0,2,0.0,2.2513987730707083,1.0,8.11751784464927,0.43083492246431926,4,0.9682612275242467,25.917996400134395,12,0.02013057536260865,20.65490417391483,1,72.67884602412113,0.0,0.0,0.0,82.99979564531309,0.021863965432762006,1186.2964197339763,0.0,1.0,0.0,6.421438434309737,2.0,0.01,77.30526707839803,1.0,0.0,6,19.436575273920766,0.0,0.0,True
1,38.89541288446335,2,1,14,7.55134516534826,10.063555037111712,0.6173311583213684,8.11751784464927,2.5803453023772684,8,0.6081539868043211,56.93163078922427,4,0.0,73.17066043752351,5,175.00588701050825,16.614946974477434,36158.89225742693,0.11102890189965944,645.5937335091348,0.05816778406125276,445.3880906646147,1629.8066659017163,0.6515474561157981,0.0,15.72168201742598,3.939342522576535,0.01,640.7838900729931,74.24541805815731,46.321558895749035,16,43.386088425186074,26.761445205963028,47.110381151507056,True
3,15.344333372002595,0,7,42,9.71402323521945,11.948243308140386,1.0,56.7275309688563,2.9266290897085736,19,0.36750577613636043,25.917996400134395,16,0.08920812458426375,152.1801641873757,3,403.73956593102645,11.495175154413914,209497.3277429834,0.006475596065306344,493.5015259008063,0.06679210369699803,1776.47676944688,0.0,1.0,0.0,18.857334780919484,2.0,0.01,197.57929745223618,35.49771719997518,8.912804349631966,18,123.77963197287113,0.0,1.9531312811738317,True
0,5.076731658084455,9,0,2,0.0,1.0,0.6741564150196223,7.567495744069439,0.059459252654565024,13,0.9851653083080697,25.917996400134395,14,0.0,39.3867017183376,0,162.40132147564594,13.039368276245405,57083.94870539682,0.0,40.47852228012907,0.043959287311468156,1338.5608232474485,0.0,1.0,0.0,125.61713602669488,2.0,0.01,29.36720945567055,1.0,0.0,3,1.0860527165088154,0.0,0.0,False
0,1.0,4,0,2,0.0,4.465183878487088,0.9148818031559015,8.11751784464927,0.40872875651127627,34,0.434156939502233,25.917996400134395,5,0.0,133.42136189147843,7,62.08016124904842,3.3798024402645943,0.0,0.0,1.0,0.11538825527129722,1441.0569556266132,0.0,0.9583105008080091,0.0,6.318098945280075,2.0,0.01,77.30526707839803,1.0,4.650641834498447,1,63.82483187015791,0.0,0.0,False
0,1.0,3,0,2,0.0,1.2714827321785094,0.831591125965266,8.11751784464927,0.15437634218969384,45,0.9797773475531474,24.047438753657158,34,0.0,23.392207515201417,1,63.31679286898135,0.0,43430.090073138344,0.0,1.0,0.06786521748905364,1407.8604155030885,0.0,1.0,0.0,13.65772172054318,2.0,0.07407126749042411,62.14249531274182,1.0,0.0,1,11.85554856289402,0.0,0.0,False
0,1.0,5,0,44,2.178289061644975,1.729969268454507,0.8867657409187122,7.9622483653536325,2.7716664606486843,8,0.9938064335449992,21.033794846932768,15,0.0,168.5953456777155,6,1535.48,0.0,13049.432714351191,0.0,50.0079777599424,0.10364861106177566,241957.76249254876,0.0,1.0,0.0,7.744995038390424,2.0,0.01,77.30526707839803,1.0,8.074670559303923,1,13.999592986931532,0.0,0.0,False
0,1.0,3,0,2,0.0,1.1633087264913857,1.0,8.11751784464927,0.18583270758858217,1,0.9874131119202502,22.938619238726414,1,0.0,32.04193304033791,5,54.17396501080616,0.0,3861.5584317008525,0.0,1.0,0.26282104846528076,10905.929949345911,0.0,1.0,0.0,7.965682176844316,2.0,0.01,72.45509157594543,1.0,0.0,1,72.88788723111,0.0,0.0,False
0,32.145886819767014,14,0,42,0.0,1.0,0.6364842761417541,8.11751784464927,0.18341888461901926,4,0.9837026718544833,222.7053819470969,14,0.0,18.568409232713343,4,1279.5954840321606,0.0,43458.81789554961,0.0,18.37649872555201,0.17319102082692794,840.8870454722405,0.0,1.0,0.0,34.922671929978044,2.0,0.09196787713757981,75.51841981210693,1.0,1.0663155078774746,1,1.0,0.0,0.0,False
4,5.206831214192868,3,2,33,0.0,5.431919230764478,0.8457423900781148,108.08319080544095,1.8653611466125775,8,0.47621037122151205,56.93163078922427,3,0.0,62.00579484204511,4,166.67849615123797,41.476994966663725,20080.1193274085,0.20853776031769627,39.13944318541371,0.16079944296180804,0.0,1251.2581151366176,0.8041039826081346,0.0,8.425156202853838,21.569634071563655,0.26135693431658835,433.4775294286725,20.005344678696908,102.98161188541101,17,24.047646626344502,2.685146408512388,41.18696279822543,False
0,2.0043823765287354,14,0,2,0.0,2.2946010992304933,0.5731470741815524,5.466258161098793,3.873764437898096,18,0.7275553890020492,25.917996400134395,16,0.0,14.246228327994476,5,148.0146634682608,0.0,36346.66620000599,0.0,227.99515368822392,0.5331305446594664,1281.563090352532,0.0,1.0,0.0,194.0,2.0,0.01,77.30526707839803,1.0,5.820794972651578,1,11.457353060109742,0.0,0.0,True
0,1.3887009752815953,1,0,2,0.0,1.4583487804478368,1.0,8.11751784464927,3.4412273979388526,1,0.9562467840204246,25.917996400134395,34,0.0,64.4394940477874,6,134.46673714472755,0.0,0.0,0.0,1902.763783968956,0.06846460722358709,2276.2253403245445,0.0,0.5561415999488065,0.0,11.012157445952486,2.0,0.01,45.05425038034567,1.0,0.0,8,116.83550599470578,0.0,0.0,True
0,1.0,5,0,2,0.0,4.276089520279267,0.6741564150196223,8.11751784464927,0.3487342339546071,34,0.387835416541806,24.598249982270897,11,0.0,201.9401688735334,1,65.70736959694776,0.0,33369.73197122903,0.0,1.0,0.15191866533623072,25055.482927204346,0.0,1.0,0.0,7.782158699712351,2.0,0.01,77.30526707839803,1.0,0.0,1,14.189728525571562,0.0,0.0,False
0,1.0,0,2,42,0.0,1.1795726114444527,1.0,8.11751784464927,0.496051389830174,8,0.9562421008470179,25.917996400134395,12,0.0,32.766249637556385,1,62.87893347391538,0.0,29213.73329411877,0.0,24.028317105017674,0.07003490631636478,1870.5849918006884,0.0,1.0,0.0,9.061282135905085,2.0,0.01,77.30526707839803,1.0,0.0,1,122.51813938764066,0.0,0.0,False
0,1.2085940826110695,2,0,2,0.0,3.137042012684445,0.8410968555606266,8.11751784464927,0.24375909305733093,45,0.43580414649199883,25.917996400134395,16,0.0,20.38424383766916,1,34.50454032041999,0.0,0.0,0.0,1.0,0.13182957114110697,1335.4117218855345,0.0,1.0,0.0,14.256411786518463,2.0,0.01,77.30526707839803,1.0,0.0,1,1.565407496827385,0.0,0.0,False
0,1.0,1,0,2,0.0,1.0,0.4351704159769151,8.11751784464927,0.496051389830174,19,0.32882066441108576,56.93163078922427,1,0.0,32.766249637556385,1,60.303680610062166,0.0,0.0,0.0,94.24874294234371,0.13215660163327428,2333.579743113053,0.0,1.0,0.0,7.787448404937028,2.0,0.01,77.30526707839803,1.0,0.0,1,12.964425095877264,0.0,0.0,False
0,1.0,0,1,2,0.0,1.0,0.9148818031559015,8.11751784464927,0.39142821921706217,34,0.9858931691539083,507.0,5,0.0,60.95108440025939,2,57.004628295693436,0.0,10966.38654607275,0.0,5.936997091674478,0.09220099397700487,42149.92619250796,0.0,1.0,0.0,7.658200173786462,2.0,0.01,77.30526707839803,1.0,0.0,1,74.08650791655131,0.0,0.0,False
0,1.0,2,0,2,0.0,1.0,0.4351704159769151,8.11751784464927,0.4457449955194577,1,0.9622597971776172,25.917996400134395,1,0.0,25.284460560501685,1,38.608925133813244,0.0,0.0,0.0,1.0,0.41384712760362685,373.77219059786444,0.0,1.0,0.0,4.405955056402779,2.0,0.01,77.30526707839803,1.0,0.0,1,4.808269955386801,0.0,0.0,False
0,1.0,21,0,2,0.0,2.1976811876212135,0.9148818031559015,7.834801149811669,0.2701865512456107,1,0.9598902984307602,25.917996400134395,16,0.0,24.934670093937903,1,134.63807855105253,0.0,21410.953725232725,0.0,62.73325739130973,0.11348176118942098,1886.3759514074297,0.0,1.0,0.0,5.453977292168212,2.0,0.01,77.30526707839803,1.0,0.0,1,7.923825850566048,0.0,0.0,False
0,2.42870885613148,0,0,22,14.624594831452143,3.9552939311143067,1.0,8.11751784464927,0.496051389830174,1,0.973936062212347,25.917996400134395,1,0.0,53.80897095198173,1,1535.48,0.0,8307.12678572951,0.0,1.0,0.4076327195072084,325.7516748311034,0.0,1.0,0.0,8.108003562554316,2.0,0.01,77.30526707839803,1.0,0.0,1,39.34613083247055,0.0,0.0,False
0,5.046898011409351,6,26,40,0.0,2.7985359329941275,1.0,8.11751784464927,2.2106977308808773,16,0.9858055212366599,158.91436470620712,29,0.16094494416067123,201.9401688735334,1,1535.48,2.327304116228759,428030.4557376371,0.0,26.35288172941485,0.09370995467468372,1931.0388567120951,1240.2414198323718,0.3340275280578958,0.0,8.748237674408106,2.0,0.01,197.57929745223618,79.43978271154899,39.85900981498289,1,47.95676012578214,0.0,33.98038447792185,False
0,1.0,0,0,2,0.0,1.0,0.6741564150196223,7.216875887991634,0.034975947655844636,1,0.957498200553512,25.917996400134395,5,0.0,9.143402774087527,1,24.671879185039195,0.0,0.0,0.0,1.0,0.30412635419581735,0.0,0.0,1.0,0.0,2.8848355049164356,2.0,0.3107669145993445,37.98030396846181,1.0,0.7746435467573667,1,6.551100402151858,0.0,0.0,False
0,11.493441744866079,11,0,21,0.0,2.528084322080645,0.3598868741473106,27.048483844458442,0.1454504492714256,19,0.3153598825258539,25.917996400134395,12,0.0,73.17066043752351,1,175.00588701050825,0.0,281945.25471372355,0.0,68.47911962765387,0.042489757902752306,11075.223522030294,0.0,1.0,0.0,5.585098969856668,2.0,0.01,64.39049864143175,84.73123798025068,0.0,2,65.574515802117,0.0,19.60535033104744,False
0,14.867148268466156,0,0,22,0.0,3.9457986170600092,0.8634443663426792,28.621880856326978,0.03993199553037115,16,0.6601149745582024,25.917996400134395,1,0.0,32.766249637556385,0,74.6513575708106,0.0,435592.67639859073,0.0,47.31104801684496,0.089432814787201,2751.348961239978,0.0,0.6271642128287371,0.0,61.435557349339895,2.0,0.01,1468.9893550365687,1.0,0.0,3,18.912256482789605,0.0,0.0,False
4,11.476707561783368,4,5,14,55.1252995730041,14.346156422587935,0.7115550006892752,8.11751784464927,1.8979984102760126,8,0.7027279797196441,56.43222245611396,8,0.6293334652675939,73.17066043752351,3,175.00588701050825,35.72870357964612,851726.7216448233,0.2709318169892895,98.09469748930141,0.09754569641980909,0.0,1295.865182998899,0.21005625134315153,0.0,14.21503036690317,9.020937300252285,0.01,640.7608575889275,118.36683009031691,186.0155452083447,17,48.83482517743731,12.955780172474997,57.94943881681593,False
0,15.744175355785794,11,0,42,17.111815553635047,1.0,0.8849496154667772,56.23884551813854,2.3990309859234493,1,0.4417497182432084,24.037417622921424,16,0.0,41.56230884998325,1,403.7090367766018,6.987139442242993,0.0,0.0,46.6089839969996,0.2134276490267764,12498.812694826527,800.3000247773352,0.7696504878329585,0.0,39.8245553460615,2.0,0.05916857258397068,69.87039910339888,1.0,42.48546618808839,1,77.14221740661169,2.030831623849336,12.109494643394703,False
0,1.0,1,9,11,0.0,14.346156422587935,0.4351704159769151,18.362508589994867,0.0,6,1.0,56.93163078922427,4,0.3560968675454159,60.660059237958635,1,150.17226073389338,40.96084995518498,50862.408461177976,0.18692392170333372,89.56250411767834,0.12696714735743675,1069.6759801496114,708.6261518479371,0.572178384226991,0.0,13.28970056357098,7.001383721049791,0.2677716612838316,384.79614066052534,95.9201871745232,45.4918302822917,9,49.68922868540926,25.596833358481984,123.06841506216696,True
0,1.0,5,0,12,0.0,1.0,0.9148818031559015,8.11751784464927,0.2880071629462035,28,0.9683161716256361,23.155620121437348,11,0.0,65.77944549962423,1,24.80728738047941,0.0,0.0,0.0,1.0,0.33051723195528665,787.2527821890551,0.0,1.0,0.0,7.652017800211426,2.0,0.01,77.30526707839803,1.0,0.0,1,1.0,0.0,0.0,False
0,3.5985059869917864,11,0,42,14.597564655985302,4.895427348018381,0.9148818031559015,8.11751784464927,0.16729581981030212,19,0.7824282229120789,25.917996400134395,5,0.14446426679302593,24.566767081873465,1,175.00588701050825,0.0,24236.35349184087,0.0,57.67694677992334,0.2409224795347971,1421.0405305565232,0.0,1.0,0.0,97.66483276230389,2.0,0.01,77.30526707839803,1.0,0.0,1,1.0,0.0,0.0,False
0,1.0,0,0,2,0.0,1.3864538676067681,0.4351704159769151,8.11751784464927,0.29349544394208066,32,1.0,25.917996400134395,1,0.0,17.622456005644967,4,130.0829062248768,0.0,9213.755667143454,0.0,1.0,0.1499176295438235,314.6265887629341,0.0,1.0,0.0,4.2600175760937775,2.0,0.01,77.30526707839803,1.0,0.0,1,1.0,0.0,0.0,True
0,2.240164044560924,2,0,2,0.0,2.862826145934225,0.9041325651773366,8.11751784464927,0.36662264721373033,1,0.34202461488276,111.18395782085557,1,0.0,287.6451156427253,1,69.82071232433253,0.0,1503.0613971064486,0.0,1.0,0.11438103550658514,1491.6978756118754,0.0,1.0,0.0,42.22615877243241,2.0,0.20371992717357063,59.24316115294526,1.0,0.0,1,11.490726018774664,0.0,0.0,True
0,1.0157599512309954,1,0,11,2.005554480101085,6.065839604241415,0.4351704159769151,8.11751784464927,3.0076742982699827,8,0.6391297062131385,25.917996400134395,16,0.38516021276205015,73.17066043752351,1,1535.48,7.389536168722788,499377.96548279456,0.0,1.0,0.029468312195867218,1972.3904360333636,464.47426022662296,1.0,0.0,22.665524760939952,2.0,0.01,2733.0,26.52078995687632,29.777445077023124,4,58.88379454989537,0.0,6.193779774043176,True
0,1.0,3,0,29,0.0,3.402307563288848,1.0,26.114894934003807,0.496051389830174,1,0.9858207848377535,392.91066697178474,1,0.0,18.979121164682816,0,175.00588701050825,0.0,436517.213491204,0.0,43.57573698288859,0.0,26324.179295027214,0.0,0.47867553345643726,0.0,15.826165490862605,2.0,0.01,77.30526707839803,117.82451445198738,0.0,1,23.639525908733994,0.0,0.0,False
0,1.0,0,0,2,0.0,1.4854155485580802,0.6741564150196223,6.630352099879061,0.3105959010242187,1,0.98352409115017,25.03885217024834,1,0.0,16.586905454799993,1,43.24126539018849,0.0,6231.850227284993,0.0,1.0,0.08530019565815786,0.0,0.0,1.0,0.0,0.9380537700495317,2.0,0.01,77.30526707839803,1.0,0.0,1,7.375401106495473,0.0,0.0,False
0,1.0,0,0,2,0.0,3.919807440087463,0.7150224033348997,8.11751784464927,0.3149969074789148,4,0.03,19.484638705158947,1,0.0,201.9401688735334,3,571.3499739152646,0.0,75052.55459610152,0.0,1.0,0.2601066553719012,856.3943362650566,0.0,1.0,0.0,9.061282135905085,2.0,0.01,77.30526707839803,1.0,0.0,1,12.881260934649639,0.0,0.0,False
0,1.0,2,0,35,0.0,1.0,1.0,5.565305420061878,0.31064955903182984,15,0.9844176917853351,23.085046372573956,1,0.0,20.718839719560336,1,37.240088623126944,0.0,23321.49331928774,0.0,1.0,0.1017977734979463,92.58572175771027,0.0,1.0,0.0,5.2405888390079305,2.0,0.016190074171036406,69.16460494293725,1.0,5.209522246629893,1,6.067825156145115,0.0,0.0,False
0,1.0,13,0,1,0.0,3.6965887724787967,0.7150224033348997,53.83313881991383,2.647323513772376,15,0.9653891469971129,138.08330884740175,5,0.0,184.20000628938925,1,164.11057624246249,0.0,511438.44230146834,0.0,95.59956200981799,0.6352408741225911,33849.64069556169,0.0,0.7177378820240023,0.0,110.71469773736142,2.0,0.03898306036746638,56.35586283430539,39.723648322392116,0.0,1,18.309322246230888,0.0,0.0,False
2,9.030412431349086,5,3,12,27.941058750228642,9.82671736784516,1.0,17.222757107786535,1.7141977209582757,3,0.6063557648325066,56.93163078922427,4,0.46342262220232383,59.3525036111723,1,175.00588701050825,25.751124521126723,547820.8948296745,0.0,1.0,0.6590745701064759,27932.59906374789,0.0,0.5858429580416018,0.0,14.909417100503628,9.710215917680268,0.29718613922122106,77.30526707839803,1.0,13.487816854750015,16,21.722626528163058,0.0,62.20816452543271,True
0,8.412009572945193,17,7,78,14.35371374547512,25.717294882033002,0.4351704159769151,18.362508589994867,2.2347237627884042,8,0.9201495274129348,507.0,11,0.26532068296440714,62.61460544414951,2,175.00588701050825,26.849491799643943,25149.660793709903,0.04412551325177577,278.308187243745,0.1208286668621523,1757.376427561884,0.0,0.30043941351339964,0.0,20.32656121489967,2.301195959894736,0.03416572963516956,640.7608575889275,50.67531784271997,12.53167474837226,15,1.0,0.0,38.64276239440796,False
0,1.0,0,0,2,0.0,1.0,0.6741564150196223,8.11751784464927,0.4372585150243875,1,0.9567216572538747,25.917996400134395,16,0.0,169.10985488669255,0,52.37899454917339,0.0,0.0,0.0,1.0,0.18408925526236639,1404.319433281352,0.0,1.0,0.0,6.751863228688035,2.0,0.01,77.30526707839803,1.0,2.9144565434498464,1,1.0,0.0,0.0,False
0,7.527045133635229,0,4,29,0.0,34.64593185163385,0.6741564150196223,53.83313881991383,2.456618031848188,3,0.18263665968456438,56.93163078922427,10,0.0,148.01748717245343,3,175.00588701050825,3.498886561632026,865522.7052965435,0.0,67.27604177486226,0.23552909675470843,8967.778655922033,705.7611815854286,0.8019349723099543,0.0,15.956114943741786,10.251249786464708,0.2644227669798189,469.80932515709225,145.57094723343295,20.2290347370544,3,45.91008799775117,38.292965289826896,34.73055983441038,False
0,4.65208614870198,2,2,32,0.0,11.08605254696922,0.3628620866427721,18.362508589994867,2.605548805948682,6,0.40799295725660967,125.06395460304225,11,0.35202524715728034,32.766249637556385,1,144.4040660642556,8.291565776534526,20132.96133684854,0.0,49.507137304068735,0.11931625628096151,38045.25336141981,754.2080701412275,0.5621344699744923,0.0,48.11766354506945,2.0,0.01,469.80932515709225,1.0,81.03807695754493,12,180.39817920508762,0.0,0.0,False
0,2.08651874383476,16,0,55,0.0,1.5881358800470255,0.6741564150196223,8.11751784464927,0.33740606620319663,1,0.9386337785810617,222.7053819470969,11,0.0022871605099384225,128.00709861824583,7,664.1105727431733,0.0,17211.692662945938,0.0,20.596290660512533,0.2219297210768495,24582.27116480397,0.0,1.0,0.0,3.7660101940144584,2.0,0.01,173.74033340827313,19.501083510602722,0.0,1,37.96504651068092,0.0,0.0,True
0,1.0,5,0,35,0.0,51.45681337148468,0.5316047852289983,53.83313881991383,0.252913367870494,19,0.03,25.917996400134395,1,0.0,269.97439311416326,1,61.102118135043625,0.0,0.0,0.14210729800866806,1.0,0.30381397754440254,1620.9401383265251,0.0,0.44285064533637186,0.0,43.76422323375761,2.0,0.01,77.30526707839803,1.0,10.567908892752422,3,67.37751129231307,0.0,0.0,False
0,1.0,5,0,34,0.0,2.872522749723969,0.3291178933755056,8.11751784464927,4.25,8,0.3321359856184187,49.60797456551154,4,0.0,165.04858765954688,0,45.41496910449774,0.0,15884.392593416153,0.0,132.88635660243187,0.0,2031.3975862558577,0.0,1.0,0.0,5.294169409991573,2.0,0.09316624476708765,61.51004665685751,32.50013380503163,0.0,4,16.876599903167868,0.0,0.0,False
0,1.0,3,0,2,0.0,1.8762643810057578,0.4058112857449435,8.11751784464927,2.1850130735056212,6,1.0,25.917996400134395,15,0.0,19.239809638161177,1,276.67842189658086,0.0,2476.860345869089,0.0,84.23434119208184,0.27402678433457445,10601.53878121272,0.0,1.0,0.0,1.8076944281185785,2.0,0.011013127505502596,77.30526707839803,1.0,0.0,1,17.000231140059014,0.0,0.0,False
0,12.320408309270395,2,1,28,0.0,12.50225674797655,0.4351704159769151,8.11751784464927,2.88592633192028,8,0.8482952434739497,56.93163078922427,13,0.0,73.17066043752351,5,74.6513575708106,0.0,4701624.47,0.0,150.31002796652285,0.0,49357.05857167065,0.0,0.9645623040705543,0.0,22.665524760939952,2.0,0.01,77.30526707839803,28.1169092384187,2.270101003159616,9,21.55334397517467,0.0,1.679175206092232,False
0,6.631349802248355,1,0,38,0.0,6.320314995102139,0.7139210239573759,8.11751784464927,2.6445073540973953,16,0.5482606037534106,222.7053819470969,12,0.0,71.03393058216463,3,74.6513575708106,7.997257686487309,735822.0071658228,0.0,473.71112566679415,1.225540939964086,2060.340551949362,0.0,1.0,0.0,21.66281058715676,2.0,0.01,77.30526707839803,1.991939387898995,30.945783521731414,9,24.586271904712987,0.0,0.0,True
0,8.439290955775906,10,1,48,5.036184704063137,14.346156422587935,0.6741564150196223,18.362508589994867,2.1398027284375947,4,0.5455697495290865,56.93163078922427,12,0.10215440923411351,73.17066043752351,3,175.00588701050825,21.57334639547439,48477.37671512802,0.08290545195149937,396.960980849237,0.0,2825.689552781897,318.2951367203259,0.41520445449424004,0.0,22.665524760939952,4.827283865942274,0.01,197.57929745223618,106.55378318513293,43.83736980282853,25,103.44067769610922,0.0,35.05389539218295,True
0,6.449955320178843,0,0,1,0.0,28.353385083322515,0.37693970073634886,18.362508589994867,3.0079738674297487,8,0.03,158.91436470620712,1,0.0,73.17066043752351,1,165.9610175164612,5.5584170992556,18451.72584064755,0.0,38.69058203831812,0.0461647005832978,1954.6581635369114,1343.722793703601,0.6136801768390718,2.703223798506234,11.24126359326064,12.657193052106306,0.01,197.57929745223618,95.91873281123982,0.0,15,161.01685686089502,0.0,8.744930094959244,False
0,1.0,3,0,2,0.0,4.352423297664404,0.4351704159769151,154.0,0.3732549227642688,4,0.9138492534318764,109.74707820452626,5,0.0,28.69083709490942,3,70.71738270168936,0.0,8488.7860793425,0.0,90.70237216685908,0.05352475045377364,12293.299185206753,0.0,1.0,0.0,4.8781864037239915,2.0,0.01,77.30526707839803,1.0,0.0,1,93.9452969574618,0.0,0.0,False
0,2.3212743308734347,10,1,39,2.3616243554082375,26.973620704933474,0.5932622644991069,56.7275309688563,2.931215272603354,1,0.03,25.917996400134395,13,0.0,73.17066043752351,4,63.97363044614317,4.795646467552757,518401.5238430416,0.0,1328.117436521159,0.03504546163356212,2825.689552781897,500.31540585838167,1.0,0.0,61.596531240404424,2.0,0.01,640.8267786962393,184.63068578916344,12.106614723714944,11,125.15528858604961,0.0,0.0,False
0,1.9441066728135614,0,0,78,0.0,1.0766317631046962,0.6183734070435302,98.77868718671581,0.24356583674404889,1,0.43206500740051074,23.212890076379807,11,0.0,95.65139345303965,3,62.70454857749854,0.0,25538.181234148284,0.0,1.0,0.2572125257733208,21504.398148539465,0.0,1.0,0.0,194.0,2.0,0.01,77.30526707839803,1.0,6.8953942997712945,1,82.93441582495288,0.0,0.0,False
0,1.2192549375006119,2,0,48,0.0,10.073332537200162,0.4351704159769151,8.11751784464927,4.25,19,0.2923961353173864,507.0,12,0.0,168.8443797824593,5,55.10943867862651,0.0,430646.64221941016,0.0,40.62357235255396,0.1699638289374549,1071.7652389037992,0.0,1.0,0.0,129.51366548426137,2.0,0.015536224137740473,428.65519171428184,1.0,0.0,1,21.287360132516582,0.0,17.277391173668995,True
0,1.0,18,0,2,0.0,1.0,0.7150224033348997,6.251842629322643,3.786189705200613,1,0.9254158997594196,25.917996400134395,5,0.0,172.9444418502503,2,116.16928991493386,0.0,0.0,0.0,1.0,0.5479375110012403,261201.38,0.0,1.0,0.0,6.159474538416386,2.0,0.01,77.30526707839803,1.0,0.0,1,10.969548918655248,0.0,0.0,False
0,3.6160764601268767,24,0,2,0.0,1.762489585504848,1.0,8.11751784464927,0.0740487956643737,4,1.0,25.917996400134395,5,0.0,83.9284048859639,4,52.33670349822081,0.0,5162.352973382503,0.0,1.0,0.10016715669531659,1753.284479690226,0.0,1.0,0.0,4.478496374847151,2.0,0.01,58.02372943427511,1.0,1.4329036906574668,1,15.774711007846056,0.0,0.0,False
0,2.041312329061724,15,2,21,5.288217094368115,2.6486060807594094,0.22560475960963028,7.95935789674176,0.0,18,0.23539934238737031,125.06395460304225,16,0.0,68.34763767630213,3,143.2423056989154,0.0,27753.32704345946,0.0,131.9728367590984,0.059398271721635476,961.172602754827,0.0,0.44782017669728613,0.0,8.137045270055655,2.0,0.01,562.1638068366256,1.0,5.516195558600542,21,12.732355582785006,0.0,0.0,False
0,8.752222624474069,7,4,37,14.165554074492631,14.346156422587935,0.6741564150196223,18.362508589994867,2.086149147699744,8,0.24616169024882634,56.93163078922427,8,0.2623583919476364,73.17066043752351,1,382.32266440856915,33.40455738665128,18669.530083331472,11.366732061853092,308.66927038800793,0.022477820575798578,14479.96156978078,1198.2475342358014,1.0,0.9278058071480473,45.393873169318496,12.920603130772097,0.01,197.57929745223618,121.17438165418318,513.1292749083169,11,137.80990443327664,22.832931521414487,20.74823849191637,True
0,1.0,1,0,40,0.0,5.04107402848897,0.7150224033348997,8.11751784464927,0.2642997428953783,24,0.9980414864838495,21.58427734127885,26,0.0,16.774343218912193,7,104.72642397647039,0.0,5036.70454959033,0.0,1.0,0.27730312385520445,0.0,0.0,0.9400141140692264,0.0,14.22102091544903,2.0,0.01,58.3465846027958,1.0,17.307977579044646,1,1.2286500210226343,1.7472194587310845,0.0,False
0,3.7289931906587577,1,0,42,0.0,11.068111381758973,0.39693499655336306,8.11751784464927,2.131160530815549,1,0.502518175583251,56.81527911941565,1,0.0,24.858495810931323,5,141.7520419405848,0.0,950.2656312662002,0.0,53.73170382217686,0.04451160815659667,2218.7643327847754,0.0,1.0,0.0,40.7995938932562,2.0,0.01,71.16877915731102,1.0,0.0,1,176.29440886872686,0.0,0.0,False
0,59.689170396352985,24,0,15,0.0,3.3970177892890714,1.0,7.730605569362638,3.280178790184904,1,0.5256912353471771,104.78453997769789,1,0.0,32.766249637556385,0,74.6513575708106,1.0578789133753013,19633.574810801783,0.0,425.35012244053837,0.19829503937297788,1124.0604014808482,0.0,1.0,0.0,28.965330687211775,2.0,0.01,77.30526707839803,5.292728218742624,29.08674419426636,1,87.77674174792702,0.0,0.0,True
0,1.0,0,0,42,0.0,2.23796831984328,0.40014299050716085,6.00849243321063,2.3392276492714013,1,0.7564085317922813,25.32808217188934,1,0.0,65.78586979520587,5,89.41508656581581,4.847057855204263,3713.776680657319,0.0,1.0,0.16127016121656823,17.013986189930165,0.0,1.0,0.0,13.840999989308909,2.0,0.1043669749208821,64.33057378861673,1.0,8.967794046950841,4,201.38046353231368,0.0,0.0,False
0,1.0,0,0,2,0.0,1.3794075995434159,0.4351704159769151,8.11751784464927,0.35575205978700797,8,0.9495279729065549,25.917996400134395,5,0.0,29.00172235256776,1,51.503691787871084,0.0,0.0,0.0,898.3271805608872,0.10932923314574201,1117.3484138354033,0.0,0.624294233761118,0.0,7.318717866146358,2.0,0.01,74.13850903378768,1.0,0.0,1,19.551379599512057,0.0,0.0,False
0,19.961299145096177,18,0,21,2.55782364769356,10.532168828947,1.0,8.11751784464927,3.041750990305183,16,0.3835693074487177,56.93163078922427,5,0.12021782635378009,73.17066043752351,1,175.00588701050825,0.0,45165.569138026076,0.1070708534173514,15.996222422161875,0.13350118268798716,51902.59917117037,133.17611751357504,0.561289587586791,0.0,22.665524760939952,2.0,0.01,197.57929745223618,45.716615720835485,6.267298546778637,6,16.688801872253183,0.0,22.22658065630083,True
0,42.741851969542346,24,0,17,0.0,3.1588197583433955,0.9148818031559015,8.11751784464927,2.5852244522637537,4,0.9512836046163955,23.51576898442914,5,0.0,201.9401688735334,3,74.6513575708106,0.0,38603.88580389574,0.0,51.84215641299785,0.06503172631573101,980.356972508278,0.0,0.5676836247551735,0.0,19.51331851876735,2.0,0.01,197.57929745223618,1.0,33.804271362682,3,85.56462923604798,0.0,15.918569294388837,False
0,8.502636283648883,6,4,48,23.92681312340535,8.893534785112179,0.4341613060075167,8.11751784464927,1.8924156527853282,8,0.5063714864324207,56.93163078922427,16,0.0,73.17066043752351,4,175.00588701050825,0.0,130589.60505040814,0.0,321.88183125506424,0.06968654036563907,2825.689552781897,0.0,1.0,0.0,21.757323171900737,2.0,0.01,522.5828206834336,1.0,55.855963215610764,34,62.7931051521443,0.0,25.3643600609533,False
0,2.0533137922315885,0,0,12,5.586412208276245,23.816732018455195,0.9041325651773366,8.11751784464927,2.6238140250744446,8,0.15622154489494072,56.93163078922427,5,0.4302414495545059,201.64170776911345,2,175.00588701050825,0.0,18659.837425153353,0.05933465250402892,188.3888134152646,0.17900273609663253,2825.689552781897,0.0,0.5673227715947887,0.0,17.823071174183347,2.0,0.015536224137740473,77.30526707839803,38.215642766136106,0.0,3,61.7465275955595,0.0,0.0,True
0,10.670720291374757,9,10,26,0.0,4.448920369308262,0.6005072763587629,8.11751784464927,3.039689226024545,6,0.42701637905296924,25.917996400134395,1,0.0,56.55286532659136,4,175.00588701050825,7.026782257191753,5275.936919098507,0.0,142.5721577742407,0.19984590749037276,2308.133353454575,0.0,1.0,0.0,139.28026239715547,2.0,0.01,53.53322315983654,84.65452442456338,3.6130728433558916,12,52.593797202367725,0.0,11.202439483165112,False
0,5.581403320254674,2,0,12,0.0,4.598250393615858,0.7915654347430237,8.11751784464927,0.36377827705700944,4,0.5834903425983619,25.917996400134395,1,0.0,29.49691552984347,4,287.9542735288869,0.0,7216.192406022959,0.0,3381.1802641812656,0.040502170220094905,46408.219358960116,0.0,1.0,0.0,18.762603596258977,2.0,0.01,77.30526707839803,1.0,0.5644108309405613,7,75.47280210955725,0.0,0.0,False
0,2.757155706051271,7,0,78,0.0,4.731826265912914,0.412269022034476,108.08319080544095,0.10351402613245968,1,1.0,56.93163078922427,11,0.5902962417849772,73.17066043752351,4,172.26608552703976,29.389781079634815,33991.69032125587,0.0,1.0,0.16892931978724435,8444.888146416733,65.65932291547665,0.9902185106642205,0.0,17.17327290314025,4.013371309859767,0.21557476384217045,77.30526707839803,1.0,12.371168478952377,10,58.95166590864673,0.0,32.79787975866641,False
0,1.0,13,2,17,0.0,63.940191021695526,1.0,39.10406398185824,0.29146475081164547,17,0.4347932294050427,147.53431496021972,15,0.0,45.37085875028613,4,68.5734453809352,0.0,29559.159554610702,0.0,28.165749019616115,0.28424587518168065,408.49546438690106,0.0,0.9760736228726825,0.0,37.708132872324384,2.0,0.01,77.30526707839803,1.0,0.0,1,42.48025631570059,1.1597615492049986,0.0,False
0,1.0,6,0,2,0.0,1.0,0.7537829678212864,8.11751784464927,0.28598300209495575,1,0.3624137354430341,25.272323692654396,16,0.0,96.31923879328993,1,39.300191442654764,0.0,0.0,0.0,6.243228908177841,0.2230809506777724,1310.4742839427506,0.0,0.9959993225722783,0.0,12.602997161619996,2.0,0.039735394622535725,65.05051280026456,1.0,1.4255508405913178,1,11.061359873750481,0.0,0.0,False
0,1.0,0,2,42,0.0,2.8635243344752195,0.5333392363013888,8.11751784464927,0.051073916774792824,37,0.5970059452470546,107.78609057349246,5,0.0,60.49161580816631,4,344.5553144575449,0.0,94487.1759147009,0.0,1.0,0.19728408449043056,492.300535639809,0.0,0.9931423884387536,0.0,35.90403784568558,2.0,0.01,72.2594694144981,1.0,0.0,4,4.263619887301806,0.0,0.0,False
0,1.0,2,0,43,0.0,1.8662412607145356,0.8677721431035517,8.11751784464927,0.11144908311344354,8,0.27409114221057296,158.91436470620712,1,0.0,21.786249996590044,5,1399.5346077369395,0.0,4417.263348780321,0.0,618.7114882330432,0.3386539384493303,2205.932888530694,0.0,1.0,0.0,17.479793706096178,2.0,0.01,49.18290423045828,1.0,0.0,1,1.6618868055715303,0.0,0.0,True
0,1.0,0,0,2,0.0,1.0,0.9148818031559015,8.11751784464927,0.3977223035098473,4,0.9909351126929409,25.917996400134395,1,0.0,31.888029725299738,1,62.79611871252709,0.0,0.0,0.0,1.0,0.09819748898504722,1280.3961196883151,0.0,1.0,0.0,5.8614870690942364,2.0,0.01,77.30526707839803,1.0,0.0,1,10.060782241332564,0.0,0.0,True
0,10.736823700007355,9,2,78,96.61708151271851,1.0,0.521894309604441,53.83313881991383,2.0062476747160067,4,1.0,507.0,12,0.0,61.66280375854481,4,156.68580672609596,30.26077752810611,14424.347647591054,0.0,133.37559026086663,0.06356371142298452,796.7517439768455,0.0,0.940432836906534,0.0,14.30269166592996,2.0,0.01,428.65519171428184,1.0,46.187015073543996,14,1.0,0.0,11.42654350373489,False
0,1.0,7,0,2,0.0,1.0,0.6741564150196223,7.164341520746545,0.496051389830174,12,0.03,25.917996400134395,16,0.0,817.0,1,300.67496981632655,0.0,0.0,0.0,38.07341210291191,0.0,2135.979389010486,0.0,0.7177378820240023,0.0,5.764206688867403,2.0,0.01,64.84781821322413,1.0,0.0,1,14.469378721377907,0.0,0.0,False
0,1.0,4,3,41,0.0,2.247317426403054,0.9148818031559015,8.11751784464927,0.0,8,0.8767313510938145,21.545724181881685,13,0.0,73.07302143270039,1,164.45357640402867,0.0,11510.91801023109,0.0,212.53908454521184,0.1854367960050298,1155.1060823487558,0.0,1.0,0.0,12.39301190346892,2.0,0.15769824821665435,77.30526707839803,1.0,0.0,1,16.723121032515074,0.0,0.0,False
0,1.2872808551111163,3,0,11,0.0,3.6403044297571574,1.0,8.11751784464927,3.1032124960497587,4,0.19809645639254803,56.93163078922427,34,0.0,201.9401688735334,2,163.7183262299452,0.0,568655.6945926883,0.0,29.712897904926244,0.13245138726755845,44130.621328471905,0.0,1.0,0.0,3.10298622802609,7.941920980073236,0.01,603.1636822998873,1.0,0.55215184929461,1,15.857450407912234,0.0,0.0,False
0,2.5214136611798224,0,0,9,4.793358804389957,2.729452844859802,0.7261211510442938,8.11751784464927,2.4119397933979907,1,1.0,158.91436470620712,12,0.0,113.39472041624049,5,74.6513575708106,0.0,81132.84253876688,0.0,1.0,0.28028426813183416,0.0,0.0,0.9851891891635148,0.0,116.35975244662743,2.0,0.01,72.82731594909325,1.0,10.045283109289933,15,55.61414944580057,0.0,6.011100733548968,False
0,1.0,1,0,78,0.0,1.2311133053975205,0.5736373545940225,8.11751784464927,0.0,7,0.4184662518327115,56.193111394986715,34,0.0,30.865608793897238,4,228.26358700197022,0.0,0.0,0.0,30.510159521244866,0.07809871797071212,589.1079663730036,0.0,1.0,0.0,4.665581149116367,2.0,0.06386499067625381,71.39438670758662,1.0,0.0,1,3.7888387633933007,0.0,0.0,False
0,3.8349784456421006,4,0,31,0.0,2.8131145957314527,0.9712745815746567,154.0,2.9775848836969607,8,0.030999098022809757,144.08658973418477,1,0.0,73.17066043752351,1,74.6513575708106,17.38699015877279,442367.97565722605,0.0,208.37722007720478,0.19995156286526222,2825.689552781897,619.432086851875,0.5992101999279114,0.0,194.0,2.1512628050892832,0.01,77.30526707839803,17.299008721300766,1.0259573474598795,15,103.92225263704633,0.0,10.973694001200316,False
0,1.0,1,0,2,0.0,1.0,0.6518684193751553,8.11751784464927,0.2975436489967336,1,0.9423673925178199,25.917996400134395,1,0.0,30.89269848305507,2,305.4889243912591,0.0,0.0,0.0,49.61065776093999,0.02197932341858961,10999.91154353287,0.0,1.0,0.0,9.061282135905085,2.0,0.01,50.822202046326424,1.0,0.0,1,1.0,0.0,0.0,True
0,1.0,2,0,2,0.0,1.0,0.9148818031559015,8.11751784464927,0.496051389830174,1,0.9440741741034135,25.917996400134395,1,0.0,30.271351735071917,4,60.37955113083546,0.0,0.0,0.0,1.0,0.19106917628912617,1548.6507537727412,0.0,1.0,0.0,6.608632678376654,2.0,0.01,75.3759715517721,1.0,0.0,1,12.301298156086363,0.0,0.0,False
0,7.799580767128031,5,3,29,43.01293997069824,3.212049306996541,0.8908682576987692,8.11751784464927,2.110477649309485,19,0.27166865586027267,56.93163078922427,34,0.0,73.17066043752351,4,403.7700873682172,0.0,31816.514111537188,0.03234712126056516,2077.2936668293396,0.08680325114900517,14232.495208392187,0.0,0.5333222334920005,0.09984782849503171,22.665524760939952,2.0,0.01,428.65519171428184,22.680260026477832,1.1760523687056823,19,53.30329431916769,0.0,4.282351866272318,False
0,30.315926399862445,2,0,22,0.0,5.079604266371732,0.4351704159769151,28.621880856326978,4.179023903012355,4,1.0,222.7053819470969,13,0.0,32.766249637556385,7,403.7090367766018,0.0,50862.408461177976,0.0,5580.0,0.0,2825.689552781897,0.0,1.0,0.0,59.48472400854533,2.0,0.01,1468.9893550365687,72.47394516105263,0.0,15,63.79501461305577,0.0,5.588758927215611,False
0,1.0,0,0,44,0.0,2.9838492507824164,0.4351704159769151,8.11751784464927,0.36867614499740026,8,0.9541835092652754,23.459824495412857,1,0.0,32.766249637556385,5,151.6182239339446,0.0,290103.36830150255,0.0,1.0,0.22490969512803477,835.2806148843083,0.0,1.0,0.0,5.017460466346923,2.0,0.01,69.9147836963817,1.0,0.0,1,6.256400392605574,0.0,0.0,False
0,1.0,5,5,2,0.0,5.2469170540482795,1.0,56.7275309688563,0.0,8,0.4365427876684119,56.93163078922427,5,0.0,73.17066043752351,4,156.45569500133413,0.0,260639.37018321396,0.0,283.6292192215652,0.07149255805422909,49370.33496906216,0.0,1.0,0.0,53.86851431081305,2.0,0.07455336309257207,640.7838900729931,152.3983199672877,79.87288955731424,1,166.1815317171737,0.0,9.650904793175958,True
0,14.065024795098225,2,0,22,22.20169017168198,3.2940651666897427,0.5354739724614725,8.11751784464927,0.11552911115766472,1,0.34510759761440507,222.7053819470969,5,0.0,167.66220271465053,1,403.7090367766018,6.270924838667447,533967.5289788442,0.0,22.924049304666696,0.12119418822405092,1184.2380359883934,0.0,0.828753933147899,0.0,39.80804744895722,2.0,0.16623171994791486,77.30526707839803,1.0,13.049434655522234,1,549.6336366564104,0.0,0.0,False
0,1.0,0,0,34,0.0,1.6303170710196335,0.4351704159769151,8.11751784464927,0.059191261526606136,1,1.0,25.917996400134395,1,0.0,26.763360845614912,5,49.128824058268876,0.0,79000.12376344528,0.0,1.0,0.9930726693558465,0.0,0.0,1.0,0.0,6.634568321792928,2.0,0.01,77.30526707839803,1.0,0.0,1,7.313004875594519,0.0,0.0,False
0,6.7602534176618265,24,0,35,0.0,14.010250997348344,0.4351704159769151,18.362508589994867,2.130311593143878,8,0.9808200603745831,25.917996400134395,13,0.0,73.17066043752351,1,175.00588701050825,15.791035535171856,36418.436964365625,0.0,269.38314458795077,0.1568282736195604,10647.917868914828,0.0,0.6584904455062477,0.0,56.67241451370432,2.0,0.01,77.30526707839803,62.9870616581359,23.68385678012719,5,51.69885693296984,0.0,25.78187239273091,False
0,2.336586717751773,10,0,22,8.857062601422342,4.356993965023734,1.0,28.621880856326978,3.309203128393305,4,0.03,158.91436470620712,12,0.0,201.9401688735334,2,175.00588701050825,0.0,975743.9921576816,0.0,327.6534582477717,0.02428317030821927,14479.96156978078,0.0,0.7177378820240023,0.0,22.665524760939952,2.0,0.01,428.65519171428184,20.422036014309345,0.0,2,165.8767487904123,0.0,0.0,True
0,86.27266748638993,3,0,48,0.0,5.129799746667849,0.8428148916933641,8.11751784464927,3.48917915609536,4,0.4143091595029342,56.93163078922427,1,0.0,817.0,7,60.09249749445847,0.0,219657.34382873215,0.0,24.748599101431306,0.015609007081213863,7537.17962170345,0.0,1.0,0.0,33.633877311979866,2.0,0.01,77.30526707839803,1.0,0.0,6,157.7735295388748,0.0,0.0,False
12,7.317518265433774,7,2,42,2.0478356815371708,20.96895357598719,0.3608724526404465,8.11751784464927,2.7467386989640072,19,1.0,56.93163078922427,9,0.0,73.17066043752351,1,175.00588701050825,31.174186914767855,19877.052554163252,0.0,13.179627034324177,0.3281363780642355,36748.3572071001,0.0,0.38339204491716883,0.0,18.762644583743324,3.9370532396338636,0.01,640.7608575889275,155.49464601017402,23.820085196620912,21,306.86818312488015,0.0,33.62917117045248,False
0,1.0,0,6,11,0.0,2.429171241264587,0.3963692224302724,27.096975478272007,0.0,10,1.0,193.69670336346252,10,0.0,74.89861589154803,1,79.7770075460994,0.8668551726592515,487667.9278262087,0.0,7.062848662795375,0.23946298293681065,0.0,91.95332905664239,0.5543792500407658,0.0,2.2760873362003,2.0,0.01,77.30526707839803,1.0,21.011042579209978,9,14.630144682181712,0.0,0.0,False
0,10.435667587303033,10,6,46,1.87609430729173,36.87239007421861,1.0,8.11751784464927,2.6339798390084956,8,0.1006454076142474,56.93163078922427,12,0.0,73.17066043752351,1,175.00588701050825,25.334737260548998,50862.408461177976,0.0,320.3692006395918,0.0394798649722983,2825.689552781897,0.0,0.8594136276374559,0.0,22.665524760939952,2.0,0.01,197.57929745223618,61.902892856830576,30.514624811646538,20,58.95784604535284,0.0,5.559008259682653,True
0,5.8898579743112975,10,0,39,46.16054201370579,27.860064067643798,0.4351704159769151,18.362508589994867,3.168888806319913,16,0.4337455254718129,56.93163078922427,15,0.17269208939307637,73.17066043752351,2,74.6513575708106,0.4848997686534027,191660.74719222123,0.0,325.70849486088457,0.02790097139497088,2729.782057529538,0.0,0.4337804691560306,0.0,61.67732098659515,2.0,0.01,197.57929745223618,57.08212522623139,83.32247756272204,17,80.76310838392104,0.0,10.444622408422312,False
0,1.0,1,0,42,0.0,3.5472595960713837,0.368873562176893,6.659718619540217,3.1133709268008642,45,0.9571892211068697,25.917996400134395,12,0.0,53.72997612170248,4,1535.48,0.0,472681.69156528515,0.0,158.47789857026464,0.030505198540958605,2330.0637300266053,0.0,1.0,0.0,194.0,2.0,0.01,77.30526707839803,1.0,23.73867570784237,4,67.25363330643594,0.0,0.0,False
0,1.0,2,3,2,1.5039230893926188,1.2800191956261844,0.6741564150196223,8.11751784464927,2.055800546636662,4,0.5774989793605075,24.972582383558276,16,0.6884616876269705,187.47012424807826,4,131.1418590455802,0.0,11661.237641786069,0.0,1.0,0.4086021990245495,6167.997733313682,0.0,1.0,0.0,15.469574377025879,2.0,0.015506119373688204,77.30526707839803,1.0,5.091356500748574,1,20.463659593626915,0.0,0.950465432281355,True
9,14.515128394317951,7,1,42,36.77374758235467,5.784975664865916,0.3781133899447906,18.362508589994867,0.193132573323489,8,0.49238569701719576,158.91436470620712,5,0.8998023917443736,73.17066043752351,6,175.00588701050825,13.834514106799237,50862.408461177976,0.0,31.001173557853424,0.05755837383727655,1743.9105878525468,405.591823602569,0.5426483705554621,0.0,6.639998445413031,2.0,0.01,77.30526707839803,10.592018926272146,0.0,14,52.7862375674255,0.0,21.55872920011474,False
0,4.424436246918274,3,0,35,0.0,74.43573557171055,1.0,8.11751784464927,2.1975576791531504,45,0.1166566349669593,158.91436470620712,5,0.0,73.17066043752351,5,175.00588701050825,0.0,36782.7452711654,0.0,1974.2014887419332,0.17993949522433356,14479.96156978078,0.0,1.0,0.0,9.061282135905085,2.0,0.01,75.3129732672558,286.7860321653586,0.0,1,101.92732746483685,0.0,0.3510848789677894,False
0,1.0,2,3,42,1.5690340203782012,4.410095374660475,0.7951390637760881,50.472807523174666,4.135360198985174,6,1.0,53.961619597029085,4,0.0,130.0181300409463,6,441.0597862638184,13.149720782556965,25141.705859030208,0.0,147.29050236762444,0.1719678023749695,1306.0343380927497,369.49291427521996,1.0,0.0,25.569977591669492,3.010018430570396,0.015536224137740473,73.48774696417979,6.620456675021632,4.340348555089507,28,16.16976938931093,0.0,7.059942285457915,False
0,1.0794618867537429,3,0,43,0.0,3.669670435194007,0.6741564150196223,8.11751784464927,3.390835640680851,8,0.5769401423243847,507.0,16,0.0,201.9401688735334,1,403.7700873682172,0.0,544055.8886377821,0.0,889.8210003249667,0.0,2825.689552781897,0.0,1.0,0.0,55.94907372112076,2.0,0.01,428.65519171428184,24.379210778335846,0.0,5,75.58368545905472,0.0,0.0,True
0,36.05515234905732,9,0,22,52.59150447788928,7.805405168783064,0.8453347007871808,8.11751784464927,2.905405824407813,16,0.4172457997418446,56.93163078922427,5,0.0,73.17066043752351,1,495.59882327119533,0.0,277019.98471153417,0.0,148.9947734773199,0.03685600491922167,2825.689552781897,0.0,0.9856691607667877,0.0,61.435557349339895,2.0,0.01,1270.508277355058,47.985130353222,23.83000717612309,11,40.649762555944754,0.0,0.0,False
0,1.0,1,1,22,0.0,1.1163105168295233,0.4351704159769151,8.11751784464927,0.11622028607771537,1,0.46236799264618605,20.39734892653107,1,0.0,152.1801641873757,3,74.6513575708106,0.0,434001.8266549535,0.0,1.0,1.160950181589472,1033.2994636555677,0.0,1.0,0.0,36.73950878807861,2.0,0.01,70.26953190099354,1.0,0.0,1,12.733226577156241,0.0,0.0,False
1,3.025343642981298,3,0,48,3.9536315848602115,4.47673292403011,0.5539524242775642,7.894777371265108,0.22850117613546123,4,0.9642694945590242,472.259703616271,1,0.0,201.9401688735334,2,312.11385070072805,0.0,28974.252107024,0.0,20.94259845964228,0.19209184101981797,1168.8752148181652,0.0,1.0,0.0,194.0,2.0,0.01,77.30526707839803,4.137464785167552,0.0,7,162.4053977152286,0.0,0.0,False
0,29.421586281990198,1,7,10,20.626981108948662,1.0,0.6051480470371793,8.11751784464927,1.9950575719327193,16,0.9918435898972997,24.35047442466687,4,0.0,73.17066043752351,4,258.3522756240658,35.42208142298837,327592.58254710736,0.0,1.0,0.09305624946032584,1664.8149459539213,0.0,0.5590159416385561,0.0,34.0815013306636,2.0,0.5321376643289732,154.42377152669866,1.0,53.55970611950224,16,1.0,0.0,0.0,False
0,11.50468421694432,9,9,30,9.228867093551656,5.294297676630066,0.3352585583076697,56.7275309688563,2.246904228794167,4,1.0,56.93163078922427,5,0.0,73.17066043752351,7,175.00588701050825,52.125691832010126,4701624.47,0.3211550488043716,163.6588844314891,0.1579928819828894,13968.673539287201,805.8389935829758,0.838741025529546,0.0,15.67677886207212,5.424996924865811,0.01,197.57929745223618,30.63354920031466,49.07703032153536,36,1.0,0.0,37.77298682383214,False
0,5.133669575103681,0,0,2,2.519207748666474,2.7333914599446683,0.8841515211789935,8.11751784464927,0.2219260871897735,16,0.4456428185612776,56.93163078922427,5,0.0,303.76105116787244,0,175.00588701050825,0.0,53512.876009469546,0.0,66.85077643504815,0.0807371099737346,31176.72842726205,0.0,0.5494383795867566,0.0,164.42974047717854,2.0,0.01,77.30526707839803,1.0,0.0,1,93.29338568926957,0.0,0.0,True
0,1.0,0,0,22,0.0,1.0,0.9148818031559015,6.57940087556716,0.20071450812286246,1,0.945196166753228,22.889646021955542,15,0.0,55.72437696587449,1,32.998329838972985,0.0,0.0,0.0,1.0,0.4862194108496486,319.48464614744057,0.0,1.0,0.0,5.65447968164181,2.0,0.015536224137740473,77.30526707839803,1.0,0.0,1,7.562643534375726,0.0,0.0,False
0,6.14527582560262,0,0,32,0.0,26.942740501939557,0.8816941966658747,8.11751784464927,2.550097973833531,16,0.2555170772362461,125.06395460304225,14,0.0,117.24422419571732,0,150.2385191363314,0.0,146811.97780506802,0.0,450.7147669165297,0.3292997682022563,13137.593922429805,0.0,1.0,0.0,12.622777721566848,2.0,0.15063536550020046,375.12104796158906,2.978668312755218,44.326154056766725,9,102.93633251592735,13.790499897081013,0.0,False
0,1.0,4,0,22,0.0,8.70827197689582,0.634565977610292,8.11751784464927,4.25,1,0.04948700246317306,507.0,12,0.0,73.17066043752351,5,553.3760388430451,0.0,17158.81297553436,0.0,102.42142572492872,0.04019440031183974,2825.689552781897,0.0,1.0,0.0,9.061282135905085,2.0,0.01,77.30526707839803,1.0,0.0,1,662.5016389492823,0.0,0.0,False
2,4.439844144875821,4,4,11,0.0,19.076447866168575,0.669573147236305,56.7275309688563,0.0,5,0.5722376773482637,25.917996400134395,1,0.0,48.58002015815217,7,125.14349863434379,5.722914166499365,0.0,0.0,8.215009025893622,0.042036667230263364,1635.5722011211785,0.0,1.0,0.0,171.99354100174548,2.0,0.07180662600797723,640.8161860740294,1.0,20.460529583507736,4,13.357018045740121,0.0,0.0,True
0,11.215817810673903,13,5,20,0.0,10.24514929424295,0.40335846248506074,8.11751784464927,2.0267572412353916,8,0.5851315862162881,158.2972081265737,10,0.62188135035924,73.17066043752351,1,175.00588701050825,6.674767732883485,48247.28272551354,0.0,119.97833092102991,0.3613817388919236,1519.6589711770116,458.77966438072724,0.2758850019998118,0.0,13.094377894821037,2.0,0.01,77.30526707839803,31.287611054505284,43.10075446742875,14,60.17383700687738,0.0,31.215799750535503,True
0,1.454825186986012,0,0,22,0.0,1.0,0.4309676253367487,8.11751784464927,0.16152513438741076,1,0.9676831814781875,23.27457162179675,1,0.1851021025491626,23.61960218893588,1,472.73906804767955,0.0,15810.771182672976,0.0,165.79366075451702,0.6241873832325442,510.5064554383633,0.0,1.0,0.0,3.9853932310968094,2.0,0.01,469.80932515709225,1.0,1.3108163133846658,1,18.332653003168595,0.0,0.0,False
4,1.9246622260420514,3,0,22,26.851784066148213,2.363329487795217,0.4351704159769151,8.11751784464927,2.1618679241742504,45,0.9234412065555194,56.93163078922427,1,0.0,73.17066043752351,1,175.00588701050825,0.0,447802.36245970166,0.0,106.86830120939504,0.0,2825.689552781897,0.0,1.0,0.0,55.9374903004759,2.0,0.01,77.30526707839803,1.0,0.0,9,60.23355660595135,0.0,0.0,True
0,2.610924375106624,0,0,12,0.0,2.2316915121687564,1.0,8.11751784464927,0.1114136513312438,1,0.999377955000912,25.658382899276237,12,0.0,32.766249637556385,2,53.86079539925142,0.0,18112.177343715524,0.0,1.0,2.0,1002.9942596889459,0.0,1.0,0.0,116.18946795130222,2.0,0.01,77.30526707839803,1.0,0.03370409488038284,4,196.25342604421957,0.0,0.0,False
0,1.0,1,0,43,15.86430984703688,4.327349636131899,0.4351704159769151,154.0,1.9736981914623053,4,0.3582447804045643,56.93163078922427,5,0.0,125.78707600301924,1,157.01306097973537,0.0,480838.00367724785,0.0017945573306201723,1.0,0.02825469088752128,1481.3383757513238,0.0,0.5071134859878472,2.8761788618193105,16.043374565421956,2.0,0.08367258851877472,77.30526707839803,65.91051168004924,7.61056820913911,1,32.02882206200967,0.0,3.0146611381338717,True
0,2.52338621514955,9,1,42,7.788063248315591,3.9476342742304933,0.6453530251494459,8.11751784464927,3.4146422980813402,8,0.44279267081150336,25.917996400134395,11,0.0,303.76105116787244,1,167.60688352529462,0.0,386283.43230650213,0.0,902.7773803931814,0.0,1703.6199725073557,0.0,1.0,0.0,16.688036649259626,2.0,0.01,428.65519171428184,49.781542842295856,5.44603525089444,1,62.629884614565896,0.0,0.0,True
0,1.0,2,0,1,0.0,2.5511325604506307,0.4351704159769151,6.573136456353688,3.3713939057326705,1,0.9733750383878894,435.5260685407201,8,0.0,297.29512001024966,1,434.34902151465167,0.0,25497.256228848943,0.0,1.0,0.6689159440677637,6802.133270679922,0.0,1.0,0.0,6.272340124841915,2.0,0.01,65.05458951311893,1.0,0.0,2,65.96212981523219,0.0,0.0,False
0,5.081788272367862,4,0,37,0.0,10.821994361783121,1.0,108.08319080544095,2.501761176021299,6,0.5073860684911871,22.092963788719075,11,0.0,32.766249637556385,4,74.6513575708106,0.0,26591.222676032914,0.0,93.81216516966253,0.0611366215737407,1377.72663137843,898.5567810775404,0.9890976017353286,0.0,4.1646949697489966,2.0,0.01,77.30526707839803,78.70677631447955,10.931491503378055,2,25.63915198636618,0.0,18.695507056115304,False
4,9.187587299279668,8,0,2,17.803212497774624,16.232208524313222,0.7976865715820021,18.362508589994867,2.9122967791067937,19,0.42116145446021663,15.691264022629884,5,0.0,43.08843913124748,6,24.339315943845754,0.8467302490630999,0.0,0.0,51.74814267785588,0.21310863055224094,1352.9349713213107,0.0,1.0,0.0,16.377559187814533,2.1920043625323213,0.03773740278860932,55.972093662537084,1.0,24.56033587801421,16,77.45018465397654,0.0,28.341669632767992,False
0,3.8735524856112065,8,1,11,18.04111618224077,5.089742463023595,0.8364686989500595,18.362508589994867,2.3522476005639117,4,0.7978669563017682,56.93163078922427,1,0.018211424869632686,73.17066043752351,1,175.00588701050825,47.34395600478072,38228.08302449324,0.26213756531427546,330.04708624611106,0.08833536647107526,36054.47811122064,1083.573221820467,0.5630158725908668,0.0,17.354364717324202,6.972450448202448,0.01,197.57929745223618,69.4211842964861,41.40969991293263,14,81.82937533558459,0.0,51.95584445579791,False
0,41.87202830840402,0,24,38,9.391341035858897,5.202025810559376,0.3807971540286731,7.430166814128854,2.2093949908222945,16,0.20681022999970378,222.7053819470969,16,0.0,817.0,3,69.92733144206323,0.0,26654.901139215614,0.0,379.0562992875108,0.08132024891713399,12765.39621963182,0.0,1.0,0.0,7.816067192049798,2.0,0.01,1468.9893550365687,49.08622818655403,11.223054144735015,1,102.07843540677774,0.0,0.0,False
0,2.569692560396383,7,2,12,0.19457643795052748,118.0,0.3672354722219908,8.11751784464927,2.791226500117079,34,0.10403711713473962,24.209562071380645,1,0.0,201.51941553695195,1,64.05854099186121,0.0,163717.34458980878,0.0,200.12710945310593,0.038677694357577674,1568.098271299289,0.0,1.0,0.0,6.6135134293570745,2.0,0.01,640.8267786962393,22.40731996184175,0.0,4,70.20758133419345,0.0,0.0,False
0,1.0,2,0,10,0.0,4.246639909486494,0.37952313074422844,56.7275309688563,0.15072011762922843,1,1.0,25.917996400134395,11,0.0,31.036147935064115,1,175.00588701050825,0.0,21480.437287315937,0.0,97.52378740056086,0.34717533514743687,39312.312090536216,0.0,0.5212867706558962,0.0,24.96305685505087,2.0,0.01,70.95525690571372,1.0,11.969908985671921,1,66.17970739837763,0.0,35.94577042869007,False
0,125.87213819204574,6,0,22,0.0,1.4415995204326322,0.6653385517195892,7.246886248511412,0.2543603843583549,19,0.4032220163244295,125.06395460304225,5,0.0,70.69818112010734,1,58.33440032488407,0.0,166053.37857552577,0.0,211.6468766428473,0.22849120483410312,261201.38,0.0,1.0,0.0,22.665524760939952,2.0,0.01,2733.0,1.0,3.5672477357440755,1,35.684489577257,0.0,0.0,True
0,13.083214967498147,0,0,22,1.0927130799435631,2.381405888488386,0.34662426134247537,56.7275309688563,4.25,16,0.7796044281619436,158.91436470620712,15,0.29768503729007945,201.9401688735334,2,74.6513575708106,0.0,36981.33509400684,0.0,95.39953061625533,0.06611753953270384,27145.780254907993,860.7941629904369,1.0,0.0,8.77674788172153,2.0,0.01,77.30526707839803,128.5036837575843,66.49953349626487,6,50.36791663029369,0.0,0.0,False
0,5.3653833984284995,17,0,14,30.639375330185395,20.336991834507764,0.6741564150196223,53.83313881991383,2.0242828849710888,1,0.5683088799074205,56.93163078922427,15,0.2796521023465639,63.34401447754631,1,403.73956593102645,0.0,50862.408461177976,0.08421782886775078,1.0,0.04671324421291115,23274.864515349902,713.176432149538,1.0,0.44362546792320323,15.221867881611878,2.0,0.05320219798015351,77.30526707839803,37.02393343134632,48.345432822841914,2,100.57850939398078,3.0661510045194458,7.45920711590435,False
0,1.0,1,0,48,0.0,3.6770967362737528,0.8553290150775368,8.11751784464927,0.2850627964263856,19,0.9202397474153715,25.917996400134395,5,0.0,73.17066043752351,4,56.21455201177679,0.0,286291.9941361035,0.0,46.24842045108494,1.187070291361647,1739.8582616626334,0.0,1.0,0.0,22.665524760939952,2.0,0.01,65.05723549052612,1.0,0.0,1,10.796938975985606,0.0,0.0,True
0,1.0,0,0,2,0.0,1.0,0.4351704159769151,4.644114677046572,4.25,45,0.266147961021286,23.902647102038024,15,0.0,238.7450574285436,1,46.74456283561854,0.0,15821.989798698378,0.0,1.0,0.03457103673342378,7207.4596296451,0.0,1.0,0.0,8.342213304737065,2.0,0.02179713420799445,61.960996806399976,1.0,0.0,1,19.37985999644595,0.0,0.0,True
0,1.0,6,15,16,0.0,1.0,1.0,154.0,2.014975365369189,3,0.43912373176259634,15.107121362034224,4,0.0,40.37310829504466,3,44.78151985484869,0.0,0.0,0.3994650066969143,1.0,0.14197811766937452,1301.1092135361014,0.0,0.48482487745274216,0.0,0.0,2.0,0.17627616902224924,24.404288467302088,1.0,4.691826814721299,2,30.68870617885614,0.0,0.0,True
0,11.932522082899474,9,4,22,0.0,4.540604524465004,0.9148818031559015,18.362508589994867,4.25,8,0.6578880327494193,472.259703616271,16,0.0,303.76105116787244,2,164.00045616854402,3.2573902975088025,521447.7807740222,0.0,36.01231371524903,0.07950462624378267,2825.689552781897,0.0,0.5842664707414161,0.0,15.406360746163818,2.0,0.01,640.7608575889275,1.0,101.50735607366536,1,63.995144101536454,0.0,17.504057503132664,True
0,1.0,4,0,2,5.7370013936184066,1.0,0.4351704159769151,8.11751784464927,0.2008782233699977,19,1.0,125.06395460304225,1,0.0,277.40716965796867,4,74.6513575708106,0.0,392398.46880518325,0.0,236.77133856563768,0.3329399210130601,27326.250165742815,0.0,0.9972876780094232,0.0,132.51223820271815,2.0,0.01,76.76715157966277,1.0,7.040905231575585,10,2.276300990191876,0.0,0.0,True
0,1.0,0,0,2,0.0,1.0,0.4351704159769151,8.11751784464927,0.4691697195236621,1,0.9064081721307328,25.917996400134395,1,0.0,32.766249637556385,7,55.108312585553804,0.0,0.0,0.0,1.0,0.15619684830467678,1513.7134761786017,0.0,1.0,0.0,6.30915268181268,2.0,0.01,77.30526707839803,1.0,0.0,1,10.598337283966718,0.0,0.0,False
0,7.975047025652597,4,0,26,0.0,3.004174002706968,0.8505561971494705,154.0,1.3834641562419814,45,0.9829137688819884,56.93163078922427,4,0.0,189.67572727950244,5,45.7888429527619,6.0982723549940765,33291.996933379014,0.41342972279883616,47.76065521522429,0.3395058885555747,1183.5737373771037,0.0,1.0,0.0,6.253047630494251,13.625002534026448,0.01,58.53107175651615,46.87417449261345,13.2431069222941,12,70.60204485865657,0.0,45.18345307589786,False
0,1.4370837568168358,9,0,12,0.0,1.8402878333960153,0.8502858550938295,8.11751784464927,2.1575673118668015,4,0.26725126526456444,507.0,9,0.0,201.51941553695195,4,171.26185176201332,0.0,6539.9371554185,0.0,99.23410138998588,0.2528529011828115,10819.72640208758,293.05701613190786,1.0,0.0,47.442152168827306,2.0,0.01,77.30526707839803,1.0,0.0,4,19.787323275747216,0.0,0.0,False
0,32.2397737605746,0,0,78,3.7013617802387113,6.116538313377014,0.3510840483120034,56.7275309688563,2.101016537143994,45,0.3111435613736305,125.06395460304225,5,0.3072238831227945,152.1801641873757,2,403.7090367766018,44.74420954776737,354092.2208002516,0.030792203035938534,73.72783988078598,0.09402470783300347,1660.0213205259313,0.0,0.565583751603643,0.0,45.75537975602863,2.0,0.01,159.830241162047,45.28446414584121,47.249658335419866,25,129.69000628956618,0.6690562236529516,23.061022198887954,True
0,103.62365006242078,17,0,16,0.0,20.23715826478422,0.6831873461395029,8.11751784464927,3.0476500073204855,4,0.9319297292257634,25.917996400134395,14,0.0,201.51941553695195,7,62.002576564375566,8.436383781932374,1389.5201755188846,0.11318595882669524,385.3647082375133,0.011285290096231089,31701.351507035426,0.0,0.6239385238301709,0.0,7.502709451131756,2.0,0.01,69.78926757184493,51.21389656362078,4.71881855605681,1,22.986585363733404,0.0,0.0,False
0,6.114311645185759,2,1,12,0.0,3.3864647960025955,0.6325479647982388,8.11751784464927,2.0729950543625764,1,0.9500756649490536,56.93163078922427,1,0.0,201.51941553695195,1,312.11385070072805,0.0,470439.9543681987,0.0,1.0,0.2593745113447104,21437.02787933841,0.0,0.9718397208322416,0.0,4.70071917418165,2.0,0.030719902012889655,60.02074997141312,1.0,1.401026195927252,3,240.02666044976502,3.1565748538669496,16.014575644652,True
0,2.811705419460006,2,9,11,0.7525026171586795,2.448799088543469,0.48514491644874713,108.08319080544095,2.0131574518317117,16,0.994604306870784,472.259703616271,15,0.0,201.9401688735334,3,148.85250112091742,7.121582828298147,30591.315289486778,0.0,150.66801384807724,0.29781286817714114,17012.905023965817,52.32895095395543,0.9353561216045911,0.0,19.110432496774862,2.0,0.16468335871429465,513.8061615152652,1.0,79.50536578339253,16,18.808031201138583,0.0,8.950392052029805,False
0,1.0,5,0,40,0.0,2.5271155760856585,0.8177122841178842,8.11751784464927,0.29631861335340304,3,0.6147722796995215,25.917996400134395,16,0.0,118.54667040937694,0,59.68168935742785,11.88677931357402,5154.260619763362,0.0,13.578802658314956,0.04730150142703715,11152.812859039872,0.0,1.0,0.0,30.072978438458517,2.0,0.013538889851721192,633.269584172675,1.0,4.547807165183946,1,1.0,0.0,0.0,True
0,4.982286212883751,9,3,13,31.97685540184876,11.716826194768094,0.4351704159769151,18.362508589994867,2.1752541092402273,8,1.0,56.93163078922427,4,0.0,73.17066043752351,2,175.00588701050825,23.718987494480444,50862.408461177976,0.0,68.10597496912243,0.06465739881556891,37068.02625001478,502.31875489406553,0.5034431783002031,0.0,20.4681374508392,2.0,0.17683548851987216,1468.9893550365687,83.0075530874093,13.932750139384302,15,208.67970488003078,0.0,3.6463422826434346,False
0,4.426981696488169,24,7,12,2.4897707622799246,13.920938202769808,0.4351704159769151,18.362508589994867,1.8819152644992057,8,0.5057504318714684,56.93163078922427,34,0.35623193979173917,73.17066043752351,2,74.6513575708106,42.478138276109185,888666.0107797164,0.08694769852864645,163.76033787003496,0.12067268808634644,2825.689552781897,563.3999461369444,0.8195041360057765,0.0,15.111052297259818,2.0,0.2504992392518879,197.57929745223618,49.44685429697538,787.0,28,51.395244095782864,0.0,63.2905772102685,False
0,2.325268778458023,0,1,2,0.12004778328720977,4.31034960943943,0.7511120381366687,28.621880856326978,2.180966286211564,19,0.4010638780776742,158.91436470620712,5,0.12021782635378009,201.9401688735334,6,175.00588701050825,0.0,291379.35830623226,0.0,369.0598563577864,0.10191380173270168,2304.611808284261,0.0,1.0,0.0,8.297944341545664,2.0,0.01,77.30526707839803,1.0,0.0,3,169.1840905162421,0.0,0.0,True
0,1.0,2,1,41,0.0,2.7887426299661975,0.43098196997417715,56.40503525651797,0.0,4,0.5385638690098089,22.767498429000998,15,0.0,111.1233603300548,5,72.79085787645553,0.0,154161.16265841745,0.0,1.0,0.17632145020379186,7883.813987580181,0.0,1.0,0.0,12.996331733509676,2.0,0.05022050084968232,70.61237850629311,1.0,4.2644060746652785,2,172.16169274349656,0.0,0.0,False
0,31.02793688984247,5,4,46,0.0,12.819196398895283,0.6741564150196223,154.0,2.0655495724178476,8,0.03356153390331923,25.917996400134395,16,0.4514188119793951,201.9401688735334,2,74.6513575708106,0.0,231364.5755721718,0.0,268.7047022429465,0.07279975837035865,35649.02509790976,0.0,0.5509514587445986,0.0,14.451361924577323,2.0,0.01,428.65519171428184,26.526432156191625,5.355023599228591,9,1.0,0.0,48.21868288833974,False
0,6.205602018875595,16,21,12,6.51643713393814,1.252982614713354,0.6078241903654822,8.11751784464927,2.127179847896653,16,0.4823014644893789,56.93163078922427,16,0.0,817.0,7,74.6513575708106,0.0,318894.1080795146,0.0,624.2711442448397,0.06469406254434429,261201.38,0.0,0.5671194191406793,0.0,50.93151238483675,2.0,0.01,428.65519171428184,1.0,8.373085653521665,5,51.397666227648834,0.0,18.4796380463614,False
0,17.81242049392734,3,4,42,3.243121146578415,8.32625614028959,0.3701506425152158,18.362508589994867,2.6289993728496963,19,0.17913283880413977,56.93163078922427,5,0.0,32.766249637556385,4,175.00588701050825,5.557928450921876,35199.10244945672,0.0,409.59259563148805,0.0037307461920489116,2805.0303593728613,795.8892612850151,0.5750623574419896,0.0,22.665524760939952,2.0,0.01,197.57929745223618,99.62307155053138,13.602025666825849,26,55.17928923529041,0.0,8.516754038845146,False
0,5.325380777249836,0,2,22,11.917870184615287,1.0,0.7612468887054935,18.362508589994867,2.4795899985029766,16,0.8462164397722989,56.93163078922427,16,0.0,32.766249637556385,1,360.53494233391126,0.0,4058437.253922427,0.21537455916428366,68.73498011715685,0.036969148019928386,37983.137893256404,0.0,0.6201826507120805,0.0,5.166161836548284,2.0,0.01,56.14158458916318,1.0,11.409644694331067,4,15.00040119611473,0.0,0.0,False
0,1.0,2,1,11,42.56781700260782,12.151355041728628,0.9041325651773366,53.83313881991383,2.4584572414811054,11,0.5168949477069373,158.91436470620712,4,0.0,73.17066043752351,3,162.56562718897794,26.18237778621529,229271.77385458007,0.6523273374564129,169.14505942196564,0.0523905090075449,1445.894688209753,1608.088244198776,0.39135399105013646,0.0,6.603878307162684,2.0,0.050574580626397025,640.7608575889275,172.2950758114151,14.058148136564215,11,50.17670288018488,0.0,168.81860095506593,False
0,1.0,4,0,2,0.0,4.257276758645054,1.0,8.11751784464927,0.2785085582825685,16,0.929242264179244,25.917996400134395,16,0.0,201.9401688735334,0,74.6513575708106,0.0,41566.873411783665,0.0,83.6130669949498,0.08203828090129112,2825.689552781897,0.0,1.0,0.0,22.665524760939952,2.0,0.01,77.30526707839803,24.74333165506227,0.0,1,97.13367796341149,0.0,0.0,True
0,20.649628134831097,2,22,12,13.60336378493254,4.436650203928597,0.4254989478786134,28.621880856326978,2.0702651017809384,19,0.6528640785319637,56.93163078922427,11,0.0,201.9401688735334,2,175.00588701050825,0.0,5107.929834779715,0.020440882274861905,126.03917327333478,0.09195594581508063,7591.855580104129,0.0,0.5793418855961441,0.0,18.690858192821416,2.0,0.01,77.30526707839803,248.58689296471817,20.42509169305904,6,87.4114075877946,0.0,4.784934167628013,False
0,7.497770218833649,8,8,34,15.279065137503528,4.269104127643063,0.4014489639239326,18.362508589994867,0.9552537144169887,1,0.8949363729356994,158.91436470620712,34,0.0,30.135698479437345,2,24.831847744098216,0.0,132903.6687237137,0.0,476.11663180615903,0.8303497900319889,3331.783144026244,0.0,1.0,0.0,7.666767284734093,4.335733063933743,0.20544013469156494,197.57929745223618,37.449963702367256,19.667695245898102,16,1.0,0.0,3.6493028693256644,False
0,7.301745802598661,20,9,12,2.96492378534448,1.0,0.9306698675162293,8.11751784464927,2.110241609324348,7,0.9815757810147749,25.69988062860824,12,0.0,65.26178101997574,1,301.7844117225882,0.0,193062.57905898793,0.0,73.45928606909021,0.28519236142441085,29447.293135554984,0.0,1.0,0.0,17.77229952190369,2.0,0.06424840622233957,51.37538795843838,1.0,21.541935502400307,12,58.71796956129678,0.0,6.555678764126597,True
0,1.0,0,0,2,0.0,1.808512019061953,0.8316114589863252,5.24132478018246,0.340273007717467,6,0.6188097525767338,25.717098817047248,1,0.0,17.407025041465715,2,38.960629024708574,0.0,71900.01151955663,0.0,1.0,0.03137236346257344,28442.394967515444,0.0,1.0,0.0,6.192030233253789,2.0,0.01,156.26933768784272,1.0,0.0,1,46.85679535337596,0.0,0.0,False
0,1.1052816948814532,0,3,38,0.0,21.434454198057963,0.6470632342648672,8.11751784464927,4.25,4,0.03,158.91436470620712,1,0.0,32.766249637556385,0,403.7090367766018,0.0,230052.41166001125,0.0,82.40218425853665,0.24986335944831614,31081.743337216718,0.0,0.49054597351334706,0.0,60.22435931559691,2.0,0.01,640.8267786962393,16.12710912120724,0.0,1,44.57807878776236,0.0,1.512556509874142,False
0,1.0,0,0,39,0.0,1.0,0.9148818031559015,3.433146237298945,4.25,1,0.9711160933329273,21.149427418048965,16,0.0,139.60152335509065,1,44.36506717629115,0.0,127529.3334609172,0.0,1.0,0.03349857988727098,961.6222714636845,0.0,0.5945778044039962,0.0,120.27208701635705,2.0,0.11467819794941511,410.6710589974202,1.0,1.9151450893166198,3,117.68118401030803,0.0,0.0,False
0,1.0,0,0,8,0.0,1.5621163321192342,0.9148818031559015,7.000194975365925,0.2709607721391258,34,0.9659904796623193,21.793037639714452,13,0.0,45.137696543852506,0,67.27035550149498,0.0,0.0,0.0,1.0,0.4222200818781763,705.6857939600206,0.0,1.0,0.0,57.051161955482435,2.0,0.01,77.30526707839803,1.0,0.0,1,27.664901162170057,0.0,0.0,True
0,11.932655745713546,3,3,13,2.6635603978296327,5.075263129944147,0.3609253161567405,53.83313881991383,3.0229851808268764,8,0.31421130628747224,125.06395460304225,5,0.18928236611109117,201.9401688735334,1,175.00588701050825,11.193892376929542,370422.0186437368,0.013405649626250293,273.3179086151564,0.09987144295692175,41681.16487558173,533.0768623019712,1.0,0.0,59.48472400854533,2.0,0.23535123593623053,77.30526707839803,100.77368954088243,72.88412298668511,4,131.7158301264306,1.2008754317686723,15.607194013073679,True
0,1.0,0,0,2,0.0,1.0,1.0,8.11751784464927,0.496051389830174,4,0.9649942727052804,25.917996400134395,1,0.0,32.766249637556385,0,367.73559012732375,0.0,0.0,0.0,15.693229944634751,0.21010909538347705,261201.38,0.0,1.0,0.0,7.549013395562532,2.0,0.01,77.30526707839803,1.0,0.0,1,8.280104611593305,0.0,0.0,False
0,1.2394970455938914,2,0,22,18.189238122639203,1.6672034776692433,0.5924046055021175,53.83313881991383,2.6271975591089713,1,0.3890032184250811,56.93163078922427,16,0.0,73.17066043752351,7,256.41802795195633,0.0,16565.48113720434,0.3001432896068655,67.72749821632836,0.11517727173079093,1249.2243970177256,0.0,1.0,0.0,18.46129184714732,2.0,0.22423462344732292,176.00690191674752,99.5264531468983,12.418589517884216,7,66.93395931622251,0.0,27.64644003422528,True
0,3.2590087681849518,2,26,42,0.0,8.912110206728078,0.3541269300019791,8.11751784464927,1.966670081870583,1,1.0,56.93163078922427,13,0.0,94.92031372982672,3,43.84312147307563,0.0,4701624.47,0.08711923659564258,1.0,0.1570068245332221,0.0,0.0,0.6138309941991462,0.0,126.98564048092192,2.0,0.12286828004589556,300.5675695989546,1.0,14.02634614133945,15,40.37464088284106,0.0,9.691474674021165,False
0,11.690994882516804,3,2,22,0.0,12.231165630266208,0.4351704159769151,8.11751784464927,3.2507543950076547,8,0.3247007035649344,56.93163078922427,5,0.0,32.766249637556385,3,175.00588701050825,0.0,17351.051368887995,0.0,898.1009709224797,0.07888273702960033,2825.689552781897,0.0,0.5674042607555578,0.0,20.734587067429526,2.0,0.01,77.30526707839803,77.49904657332625,0.0,7,73.41199022685663,0.0,0.0,False
0,1.6048647733921837,8,0,48,0.0,2.7797080151321683,0.7369135856021156,108.08319080544095,3.261886173888848,4,0.5529608022455798,125.06395460304225,1,0.0,152.1801641873757,3,74.6513575708106,0.0,17020.610175933416,0.0,364.7916686914806,0.1352131778110254,37811.61444140291,0.0,1.0,0.0,41.6547818538093,2.0,0.01,69.68278199509537,1.0,0.0,1,49.02221389154202,0.0,0.0,False
0,2.982228941348953,0,0,0,0.6017312623727005,13.969464914664702,0.8937051349065233,41.38761179809548,0.3001498825827194,14,0.9528690445133414,402.98269621457575,15,0.0,141.66717562345053,1,382.53491361407254,0.0,277769.2071744285,0.0,73.58185404023469,0.0,1777.6262467648173,0.0,1.0,0.0,162.21509996651406,2.0,0.05559015924812777,197.57929745223618,109.575248323286,0.0,1,37.98733886056557,0.0,0.0,False
0,8.970157903037867,0,1,30,0.728093228369497,12.259044921407547,0.7860095992170845,8.11751784464927,2.3231067626666144,8,0.43065181612707604,125.06395460304225,34,0.8252729424213209,136.06354479589848,1,175.00588701050825,17.92352780135338,29305.067388410276,0.0,1.0,0.059367925133280236,2254.3638905271723,0.0,1.0,0.0,16.647642117184162,2.0,0.24924898772476153,77.30526707839803,4.40805668054422,61.27068845081049,10,72.4762382251406,0.0,73.5091311958009,False
0,1.2142526136168204,2,0,31,0.0,1.0,0.4351704159769151,8.11751784464927,0.05074010710162833,5,0.5526025844494484,158.2972081265737,1,0.0,143.47081065056315,3,112.2558207296634,0.3894352296706236,276956.4919878957,0.0,52.19114439578526,0.39614838711322353,202.6981692891981,0.0,0.5006264691040576,0.0,15.704208597431489,2.0,0.01,56.056666024524425,1.0,7.906474406350808,7,36.627174707060036,0.0,0.0,False
0,1.0,0,0,2,0.6055361160026034,4.509381192209735,0.4351704159769151,8.11751784464927,0.22701435357130184,19,0.9895540990294142,25.917996400134395,16,0.40197613120638415,32.766249637556385,7,74.6513575708106,0.0,0.0,0.0,1.0,0.1120002314506528,956.3805472425288,0.0,1.0,0.0,8.312476679690048,2.0,0.01,77.30526707839803,1.0,0.0,1,13.070107104314957,0.0,0.0,False
0,1.0,7,0,2,0.0,2.772962742236382,1.0,7.955463581610589,0.20569096754722718,1,0.457517611224829,19.954222152967855,1,0.1296724810568416,133.38146984964018,4,38.91968146535245,0.0,0.0,0.23884538045276937,1.0,0.058425058436014116,268.53545265767923,0.0,1.0,0.0,4.481387534504317,2.0,0.01,77.30526707839803,1.0,0.0,1,15.944226993519116,0.0,0.0,False
0,13.395776806487014,2,7,2,193.92732951221979,2.7310552714842995,0.763647679158857,8.11751784464927,2.0248747827600724,1,0.3128892428780418,158.91436470620712,1,0.0,66.65378412649406,1,111.80709949032554,16.68610329452703,18068.531450614413,0.040444540393355766,1763.7616670163004,0.33658614287022587,2390.0179132006883,0.0,0.7496169240784128,0.0,17.297128883346204,2.0,0.05321409905451061,77.30526707839803,1.0,2.4948496681392696,12,18.789637212506115,0.0,20.954134779552167,False
0,12.458236989510986,9,5,22,10.388137669513899,11.880585368724816,1.0,28.621880856326978,2.661380360718483,8,0.32582530765673,158.2972081265737,4,0.0,73.17066043752351,1,175.00588701050825,10.647088770897941,260639.37018321396,0.10296068746542933,256.5281102081981,0.10334829061158868,1671.4737807395163,921.3801184748805,0.36154277139347435,0.0,22.665524760939952,2.0,0.01,197.57929745223618,142.7403790014366,51.8827700952058,16,115.25790455243009,0.0,58.30096275245418,False
0,33.95608130766938,1,1,22,0.0,2.9674345551003656,0.6720544065711109,18.362508589994867,0.0,4,0.8596316342200624,25.917996400134395,5,0.016635183974267442,136.89127806469907,1,153.42147474889518,0.0,34162.20467273423,0.0,12.77962384198181,0.3461897872080182,43026.202321602614,326.9732652925318,1.0,0.0,5.433720039603411,2.0,0.07858125929916318,77.30526707839803,24.514391750489487,47.66417678144944,25,42.59048938269276,0.0,10.586367343841417,False
0,41.78762903307944,10,0,48,10.692902689296067,3.5295800442919223,0.6223763990896005,8.11751784464927,2.220313785727549,8,0.03,56.93163078922427,34,0.0,73.17066043752351,1,697.2911623244224,0.0,346435.35438801034,0.0,132.20062558469732,0.08501082813678654,46741.875070488786,0.0,1.0,0.0,61.596531240404424,2.0,0.01,640.8267786962393,35.08980105935969,16.87721295665342,3,52.80255204690584,0.0,0.0,False
0,52.82622508651365,0,0,41,0.0,2.7376724053636816,1.0,8.11751784464927,3.261091073957977,8,0.03,56.93163078922427,15,0.0,73.17066043752351,0,175.00588701050825,0.0,322125.41479578445,0.0,339.4836050973693,0.059563705793202346,1459.6183678819912,0.0,1.0,0.0,40.17340732797004,2.0,0.01,76.925814841732,1.0,1.194448190683989,3,68.06403516276693,0.0,6.41182238793138,False
0,1.0,0,0,2,0.0,1.0,0.9148818031559015,8.11751784464927,0.29157460391744494,1,1.0,22.86874507382052,12,0.0,140.93417007833986,4,46.58114639853345,0.0,0.0,0.0,1.0,0.23454401083982415,687.7714860012129,0.0,1.0,0.0,4.6283865603515935,2.0,0.01,77.30526707839803,1.0,0.0,1,15.829650161527189,0.0,0.0,False
0,1.0,0,2,2,0.0,2.490332037634702,0.5110734518240383,8.11751784464927,0.0,3,0.9851025488345007,51.86033875399397,1,0.0,38.903716039317274,7,37.78886192978143,0.0,0.0,0.0,1.0,0.2934409554134076,0.0,0.0,0.5917141379137277,0.0,2.565644986020211,2.0,0.20051633370298294,54.317923263378766,1.0,0.0,1,8.041475057393145,0.0,0.0,False
0,1.0,24,6,78,24.66052153562324,88.78768231875816,0.4351704159769151,8.11751784464927,2.1542704147049934,8,0.5675178093564677,56.93163078922427,11,0.0,66.34232010209371,1,158.21987813907018,12.781336977233078,840617.9740568699,0.15828296871396663,1.0,0.05661497073358804,13377.078384817953,0.0,1.0,0.0,14.218453277262807,2.0,0.4882614242791572,2733.0,67.74254967551809,46.65646751052725,12,43.762823430722214,0.5883748505058456,56.297698575551394,True
0,1.0,3,0,78,0.0,6.21207251494484,0.7150224033348997,8.11751784464927,4.25,34,0.5100188322049625,222.7053819470969,34,0.0,251.01791251220186,7,74.6513575708106,1.523557436906529,37533.54613614971,0.0,47.07135540511094,0.04849708608376667,12938.692547056204,0.0,1.0,0.0,11.037650522676362,2.0,0.014483575364382828,64.21262113220925,25.477932375061613,30.4736983879988,3,115.08027747650816,0.0,0.0,False
0,1.0,1,0,2,0.0,4.1635784535530425,0.4351704159769151,8.11751784464927,0.496051389830174,34,0.03,472.259703616271,16,0.0,201.9401688735334,3,73.75641386949857,0.0,264658.34948123107,0.0,558.5975283981627,0.0,49372.8966863321,0.0,1.0,0.0,9.061282135905085,2.0,0.01,77.30526707839803,1.0,0.0,1,16.486607411037753,0.0,0.0,True
0,2.2958553197288905,24,0,22,0.0,2.2975170760312156,0.6741564150196223,13.229563045174027,0.2283081093749235,1,1.0,123.07590217772233,1,0.0,50.89298661681368,3,393.9014039550779,23.63726867561991,250977.94691160263,0.0,1.0,0.156041349025479,1933.5345741146718,0.0,0.8055324055869799,0.0,125.1724579760369,2.0,0.01,2733.0,1.0,5.249389994330674,1,21.112936627609997,0.0,0.0,False
0,1.0,0,0,1,0.0,2.869355599157221,0.4351704159769151,8.11751784464927,4.25,13,0.4066706044617394,17.65630059955515,1,0.0,297.0629417084333,7,50.802135803577755,0.0,9012.441928806096,0.0,56.7496731903688,0.22142735395906007,2825.689552781897,0.0,0.5884211210946845,0.0,8.178671656960388,2.0,0.01,77.30526707839803,1.0,0.0,1,22.255540297942748,0.0,0.0,True
0,1.0,0,0,2,0.0,1.0,0.9148818031559015,7.252204951295562,0.496051389830174,1,0.9064081721307328,14.496261145549855,1,0.0,32.766249637556385,2,45.93741529352336,0.0,0.0,0.0,11.366062222226567,0.08867681126816776,1767.541556908216,0.0,1.0,0.0,7.640487426519441,2.0,0.015536224137740473,74.92577386309443,1.0,0.0,1,15.001564210343426,0.0,0.0,True
0,1.0,12,0,2,0.0,1.5428719937684812,0.9148818031559015,8.11751784464927,0.38223304475407593,3,0.9500553592811527,22.46325895884033,1,0.0,24.27839762101584,4,60.68744687316637,0.0,0.0,0.0,1.0,0.03495848434243667,2273.7774679716217,0.0,1.0,0.0,33.99089313795164,2.0,0.01,77.30526707839803,1.0,0.0,2,9.20785698417368,0.0,0.0,False
0,2.126463643196209,10,0,1,0.0,1.0,1.0,8.11751784464927,0.08266212339781695,4,0.9925895351348681,24.525107192653863,4,0.0,91.43002770376626,1,94.49376812990315,15.22789394577764,18107.224036100135,0.0,1.0,0.6798243829978071,1346.0572454335488,0.0,1.0,0.0,5.057819444263937,2.0,0.01,45.05243281642577,1.0,18.13366928567328,1,9.385096740918286,0.0,0.0,False
0,1.0,8,1,2,0.0,3.627364142713448,0.4351704159769151,8.11751784464927,3.104510326134703,1,0.9851846102423866,138.408819097535,1,0.0,71.84257449959016,0,74.6513575708106,0.0,34461.89851721161,0.0,13.845636310079907,1.6953070507972545,1467.7782663425903,0.0,1.0,0.0,35.640157626276384,2.0,0.01,77.30526707839803,1.0,0.0,1,13.201856840119108,0.0,0.0,True
0,1.0,1,0,2,0.0,1.0,0.4020498396215945,8.11751784464927,0.05282990423582759,8,1.0,20.29355663841468,1,0.0,29.520899077077537,4,62.21061600348463,0.0,955257.6121981745,0.0,1.0,0.22541990559408628,8595.115397357637,0.0,1.0,0.0,4.93037657477708,2.0,0.01,77.30526707839803,1.0,0.9325337249065546,1,3.3720889883534166,0.0,0.0,True
0,1.0,2,0,2,0.0,1.0,0.4351704159769151,8.11751784464927,0.2807433559756506,4,0.9785813343639386,25.917996400134395,16,0.0,25.32015524073455,1,129.18923142056778,0.0,0.0,0.0,20.228608941500283,0.07928140226516028,686.3931000238373,0.0,1.0,0.0,22.665524760939952,2.0,0.01,62.38105720100437,1.0,0.0,1,1.0,0.0,0.0,False
0,1.0,2,0,12,0.0,1.0,0.4351704159769151,8.11751784464927,0.20241615227021062,16,0.9862404595989744,25.917996400134395,1,0.0,14.948712853177003,1,151.85773458830934,0.0,0.0,0.0,1.0,0.5016222984071571,14264.829475827204,0.0,1.0,0.0,1.459088010308488,2.0,0.01,60.41775609557769,1.0,0.0,1,1.0,0.0,0.0,False
0,1.0,2,0,2,0.0,1.0,0.9148818031559015,7.782947105067877,2.505469965665729,16,0.9614098300788259,22.538870180146883,5,0.0,14.416007146063826,1,48.57200231418087,0.0,275117.3376803342,0.0,1.0,0.3296493356475367,1462.4267975387907,0.0,0.6618196920697438,0.0,3.1913091085562932,2.0,0.01,65.56517483570684,1.0,0.10530034271212685,1,1.0,0.0,0.0,False
0,1.0,1,0,0,6.240769554394628,1.837919938984007,0.7560796398042406,5.511227598703654,3.0833622709363278,7,0.9804811696671394,18.265838936677408,10,0.0,52.46307531206226,3,45.24380764950151,0.7476569048600874,3461.0570691343446,0.0,36.881361960066386,0.12877223723316036,674.7514275904488,0.0,0.8215681394090405,2.4220467293972163,9.260281661463626,2.0,0.035271168946245685,43.26953155382472,51.258611231469274,55.86617632477823,1,35.912844973954726,0.0,0.0,False
0,1.0,6,2,12,0.0,1.536244870557175,0.7992575992045693,24.13421054977659,0.09329883919055051,4,0.9475988849567809,56.93163078922427,1,0.0,22.17913002367709,1,1535.48,0.0,29285.975421975298,0.0,1.0,0.2335216368957148,802.6782504711739,0.0,1.0,0.0,23.392896376546407,2.0,0.01,493.6754229741691,1.0,0.0,1,27.107549204162673,0.0,0.0,False
0,23.38372106230207,1,0,2,13.45154983692311,16.876943616737304,0.42885054497869035,28.621880856326978,3.015883121333143,19,0.1476615446759464,25.917996400134395,16,0.0,152.1801641873757,1,175.00588701050825,0.0,18743.685713885385,0.0,256.05547128715705,0.03878025428669853,2825.689552781897,0.0,0.5602227097266301,0.0,22.665524760939952,2.0,0.01,640.7608575889275,63.13162415146415,0.0,7,146.46608790143435,0.0,0.0,True
0,12.29448675122263,0,1,22,0.0,2.1901637926023865,0.6741564150196223,18.362508589994867,3.2774413703674887,8,0.38851593842397025,25.917996400134395,12,0.0,73.17066043752351,1,175.00588701050825,0.0,15870.132154009985,0.0,132.57490716451179,0.41888970614243454,2710.4288844602765,0.0,1.0,0.0,6.670012749946897,2.0,0.01,77.30526707839803,1.0,1.7693435178232093,15,86.88799098164195,0.0,0.0,False
0,4.518091027637412,2,0,2,0.0,1.0,0.6741564150196223,28.621880856326978,3.346768523350035,45,0.9585011778998213,472.259703616271,16,0.0,68.07417598524036,5,265.11963515438606,0.0,0.0,0.0,1.0,0.5106004982894163,836.6950341647046,0.0,1.0,0.0,39.65239790331776,2.0,0.01,77.30526707839803,1.0,0.0,1,1.0,0.0,0.0,False
0,1.0,2,8,2,0.0,77.20616338358859,0.3541668127971902,4.15311305906155,0.3158859390115413,4,0.27920741991882836,192.0005212474356,13,0.0,20.43427785029057,3,47.85188213195589,19.859497244112895,27652.256024040747,0.0,1.0,0.18152885398917132,913.1131848510133,0.0,1.0,0.0,14.782206522411947,2.0,0.01,70.06953981424218,1.0,12.96681614803204,2,108.07998341075091,0.0,0.0,False
0,18.515624325928215,2,0,2,0.0,4.565079452372473,0.6741564150196223,8.11751784464927,0.4748765110907513,8,0.954041798582953,158.91436470620712,5,0.0,131.21158746326054,1,94.56343634516406,0.0,6484.000337950224,0.0,1.0,0.38490652461955116,1966.4618363181128,0.0,1.0,0.0,42.15571320140519,2.0,0.015536224137740473,60.52364818206769,1.0,0.0,1,21.367051162396507,0.0,0.0,False
0,1.0,2,0,12,0.0,1.6327034566557834,0.3361096577845631,55.051458459397274,0.35796947695153775,1,0.32072241419927994,21.94432325546084,16,0.0,32.766249637556385,2,47.828605716164034,0.0,0.0,0.0,27.595509106148242,0.2142072251135522,1656.4899073141257,0.0,1.0,0.0,9.579287821422891,2.0,0.01,77.30526707839803,1.0,0.0,1,13.654966390804919,0.0,0.0,False
0,1.0,0,0,2,0.0,1.4593079128851407,0.9148818031559015,8.11751784464927,0.43772811007686685,1,0.9433733260657805,25.917996400134395,16,0.0,64.5709977779853,1,256.897737384255,0.0,0.0,0.0,1.0,0.3045365926151957,743.6651569964182,0.0,1.0,0.0,9.061282135905085,2.0,0.01,77.30526707839803,1.0,0.0,1,1.2443556681981072,0.0,0.0,False
0,1.0,0,2,1,0.0,1.0,0.36159454444367933,8.11751784464927,0.12278134082983634,7,0.9456278876924337,25.917996400134395,1,0.0,61.49820690430982,1,146.95234410075022,3.701614643837061,0.0,0.0,1.0,0.16450510506330465,852.2741299109466,0.0,1.0,0.0,8.087085041211534,2.0,0.016519941193245846,77.30526707839803,1.0,2.380301551215984,1,158.58572821919108,0.0,0.0,True
0,4.425757736495799,24,0,22,230.34423849652575,4.530004935172563,0.7077946878070764,8.11751784464927,2.0738303217355805,8,0.35221492830196843,25.917996400134395,4,0.0,201.9401688735334,4,175.00588701050825,6.125762690314833,192166.43827660012,0.0,50.50128288012433,0.028551993774384915,2825.689552781897,10064.825178799141,1.0,0.0,33.87013605746247,6.200246035694329,0.01,640.7608575889275,74.83307697083758,63.48823150463127,8,16.89428298833494,0.0,26.06663618668566,False
0,1.0,0,0,2,0.0,1.3124408719380911,1.0,8.11751784464927,0.07945489096462582,8,1.0,23.43044313907058,12,0.0,28.84404442121437,1,168.05132396311768,0.0,176809.25865481628,0.0,1.0,0.21755987298670862,789.3181931763061,0.0,1.0,0.0,0.0,2.0,0.01,66.32531221439953,1.0,3.6736999484378856,2,1.0,0.0,0.0,False
0,46.74999091744297,0,0,48,0.0,1.7220206724933809,0.7294562392432618,56.7275309688563,0.3278340025606636,1,0.30406388237121446,25.917996400134395,16,0.0,303.76105116787244,2,72.51898460030583,6.354209682442701,4701624.47,0.0,74.98342350432846,0.048858835601791537,2136.869605965611,0.0,0.6044776369305361,0.0,18.42207866545409,2.0,0.01,77.30526707839803,1.0,0.8116443176627044,4,11.217292971981148,0.0,0.0,False
0,4.714725609021652,3,3,1,3.237477356679845,2.608708188724677,0.775054186039373,5.896430849345015,2.018594471179709,1,0.850152418516205,125.84091982657279,5,0.0,28.647132931432225,0,45.26250548656283,5.309820541062933,4701624.47,0.0,1.0,0.10545147539375516,0.0,0.0,1.0,0.0,14.11355765190023,2.0,0.15958700366262088,67.88075480234397,1.0,32.82719633986308,17,12.982628437783802,0.0,4.869464703483295,False
0,24.917909139204042,3,0,8,24.721996185935772,48.66081545335474,0.8914879019666557,28.621880856326978,1.9259788654999825,45,0.573686912005613,151.3315287695174,12,0.7824070382111218,162.93205287032617,2,169.78230359368266,11.648877838742111,7347.545888655057,0.7324471526355125,65.6769751595557,0.05839761924616379,1480.5642577995002,1187.6559015399275,0.12531447199616186,1.4283966805776998,5.653581835418559,5.224975987035442,0.11778591584359761,158.12815705101625,80.24945352629938,114.03234425022171,16,74.352492643354,16.315293286831732,60.45631801859128,True
0,5.373910838294019,20,0,31,0.0,4.396074235639685,1.0,108.08319080544095,0.40098902634278116,19,0.03,25.917996400134395,16,0.0,73.17066043752351,4,74.6513575708106,0.0,718004.0431725488,0.0,302.7608149308976,0.04152702034315091,2127.4324689529203,246.80736742297154,1.0,0.0,15.861915685544831,2.0,0.01,72.1113264738156,1.0,0.0,5,93.59333906965819,0.0,0.0,True
0,25.14338458361431,7,6,18,0.0,20.203821374081976,0.4351704159769151,56.7275309688563,3.1660896230547815,19,0.4782758912211925,158.91436470620712,4,0.0,191.0869383660766,1,175.00588701050825,0.0,32652.534474289143,0.0,120.72590274899036,0.0,2825.689552781897,0.0,0.9908042215326986,0.0,61.67732098659515,2.0,0.01,410.91918103389554,1.0,20.708826879432074,2,102.84132083142438,0.0,0.0,False
0,1.1530515888871484,3,0,42,187.23110058892817,5.645457703391952,0.7150224033348997,53.83313881991383,2.0995750102117468,8,0.1520902773789681,25.917996400134395,12,0.0,73.17066043752351,2,74.6513575708106,0.0,554523.6588952515,0.0,115.92095318343719,0.006970880456552871,28120.68656224259,0.0,0.3836040587204136,0.0,19.69864661716702,3.9383740167110606,0.01,73.24274853274511,1.0,12.986021185920313,1,98.14345956589105,0.0,42.55999242902375,False
0,1.0,8,2,75,0.0,6.984795739090068,0.625623030428325,8.11751784464927,0.040256637412153705,4,0.7180097797550843,158.91436470620712,34,0.0,51.964969497431895,1,314.31743033193897,2.634967411858756,7574.939511505832,0.0,6.364983916705768,1.2505099175720036,9890.013471078011,0.0,1.0,0.0,15.147598559971401,2.0,0.01,64.36763866839833,1.0,8.338395342869111,10,78.41215980170266,0.0,0.0,False
0,14.800287601000301,4,9,35,11.121958189939898,3.76269911058739,0.8473403263156104,8.11751784464927,2.7592902014748693,7,1.0,56.93163078922427,4,0.07255894889540848,817.0,3,312.11385070072805,36.56568942046514,635576.2390645571,0.0,52.852690275125724,0.13186932172523985,48017.93652843484,31.851758643150106,0.6913825362927071,0.0,17.96184659869236,2.0,0.01,197.57929745223618,1.0,46.63105777032169,28,12.496373335589787,11.052721841834025,22.68566677544674,True
0,2.5040127829042227,0,5,2,0.0,1.0,0.6642952995532918,6.692283095944357,0.09036796007753703,6,0.48142719132598827,43.8464892413396,9,0.0,31.85441178564178,1,59.0167720624694,0.0,17186.566263346904,0.0,82.17264487098281,0.07811212847534259,1443.7865157093738,0.0,0.9480818912616734,0.0,4.668955577880457,2.0,0.04519213147087674,55.15850330100269,1.0,12.001709310553643,1,9.585762500624938,0.0,0.0,False
0,1.006987119604983,22,0,12,0.0,1.6144194406940997,0.7150224033348997,8.11751784464927,0.0362077142442196,4,0.4961763935707,56.93163078922427,5,0.05289170995443104,148.67631461110258,3,154.49892158409747,0.0,56247.82738670628,0.0,5.7456554071824755,0.06189151297253048,1565.4916879457173,0.0,0.5896878100910887,0.0,12.069288653331697,2.0,0.01,77.30526707839803,48.528387980824604,38.81303987531446,3,9.085293651328952,0.0,0.0,False
0,1.0,10,0,1,0.0,5.104503376268123,0.9148818031559015,8.11751784464927,3.093490108905381,18,0.5594833849075491,25.319043734338056,34,0.0,303.76105116787244,1,39.63427666901678,0.0,23292.380358065522,0.0,1.4361405058741425,0.14490567702199408,1534.3432897368339,0.0,1.0,0.0,6.74460885209405,2.0,0.01,69.8094285772694,1.0,0.0,1,21.87282162737776,0.0,0.0,True
0,188.99484636871108,10,6,17,5.945650416355036,2.5733795228793275,0.7609248902945444,8.11751784464927,2.717024477078634,6,0.08602863135617153,507.0,5,0.09857742383462681,73.17066043752351,1,347.25757504899207,20.192526792334448,3313.176413415524,0.0,120.15934843693017,0.03680939639279246,1755.162248373365,0.0,0.7104296348026239,0.0,22.551419247844144,4.95811087751793,0.01,640.7608575889275,1.0,217.9557895629293,23,110.08845179016821,0.0,0.0,True
0,16.261585781857264,1,0,20,0.0,3.371614323230473,0.6259105790701976,108.08319080544095,0.3182535402734609,8,0.3404745254224436,19.167883935370583,15,0.0,817.0,0,74.6513575708106,0.0,475107.55985246005,0.0,118.07450671917988,0.009073872910800584,2825.689552781897,0.0,0.643869269932211,0.0,7.418981965859308,2.0,0.01,50.93837423195524,476.74409565166195,157.06443269974181,8,57.91247895177956,0.0,0.0,False
0,1.0,0,0,12,0.0,1.7201925621222498,0.9148818031559015,5.031851196919339,3.326475622209738,1,0.9662447955029848,22.405133826852836,1,0.0,12.144916277810502,3,47.19818284164786,0.0,16151.799885629698,0.0,1.0,0.40330838400214675,0.0,0.0,1.0,0.0,5.8676124827745335,2.0,0.01,55.381252913064095,1.0,1.2332843345226934,1,1.0,0.0,0.0,False
0,1.3535682632854824,9,0,1,0.0,26.51863983933878,0.5282768639956064,28.621880856326978,2.0894076498002523,19,0.6539521363574609,56.93163078922427,8,0.0,73.17066043752351,1,74.6513575708106,0.0,324428.23373037996,0.0,411.2581816095185,0.07030808092138137,23160.69286232717,458.42976941137545,1.0,0.0,22.665524760939952,4.455948734502266,0.01,76.92920621464377,38.22884035228259,0.0,18,81.97145091328773,0.0,8.220549758266209,True
0,1.3070978745782769,3,0,2,0.0,1.0,0.38684679714126335,5.390018744058966,0.2455703715957737,6,0.9852569945585414,507.0,4,0.0,5.55555594751351,1,93.64154787178472,0.0,3168.1148773528416,0.0,1.0,0.27614319791304803,1598.6971242581621,0.0,1.0,0.0,5.162390246018145,2.0,0.01,2733.0,1.0,1.648887677327533,1,16.076304637296694,0.0,0.0,False
0,1.0,9,2,17,0.0,5.63879046628035,0.636726924173461,18.362508589994867,0.10048160507243425,4,0.9675846203401547,25.917996400134395,10,0.0,32.766249637556385,2,697.2911623244224,19.79854013190764,15622.318079817062,0.0,12.572885445348476,0.005192384764192683,2297.3079624230177,0.0,1.0,0.0,22.665524760939952,2.0,0.01,543.749653167072,72.36746873014305,4.3104055778328565,12,19.452677328142563,0.0,0.0,False
0,1.0,0,0,2,0.0,1.0734173902415798,1.0,6.01435795973772,0.20589011457656217,1,0.9736150544624275,21.063792726261003,12,0.0,112.60464354089805,6,32.31845740240179,0.0,0.0,0.0,130.99710356947887,0.33406094915694434,251556.08780874155,0.0,1.0,0.0,15.81304949587091,2.0,0.01,49.845889373269,1.0,0.0,1,14.781070939191133,0.0,0.0,True
0,5.943024766736074,3,2,42,15.17197163685995,1.0,0.9490667880201333,8.11751784464927,2.8053138271050546,7,0.28833810653832403,158.91436470620712,5,0.0,61.986830595835244,3,173.75334459882345,1.539466469253803,331712.3649341689,0.0,10.210977784286015,0.2981708792989646,713.5062915996366,0.0,1.0,0.20285376818416978,77.87460084472141,2.0,0.01,48.48985597985671,47.613727971035274,14.587622229011714,9,289.3010912315199,0.0,11.702990739491014,True
0,2.890539696382267,0,0,39,0.0,11.919503743316957,0.603705962708769,8.11751784464927,3.1894866502389716,4,0.060123170802988346,25.917996400134395,5,0.0,73.17066043752351,3,382.7781798934999,0.0,15893.113698185334,0.0,118.93763686508291,0.19385069060255275,1772.3447513461367,0.0,1.0,0.0,19.955931432256904,2.0,0.01,77.30526707839803,27.584054872193825,0.0,13,18.53933875621891,0.0,0.0,False
0,1.0,0,0,36,0.0,1.0,1.0,8.11751784464927,2.289215532844599,16,0.43918481464177217,24.23022202571091,29,0.0,62.34493934998808,4,29.56182613494481,0.0,0.0,0.0,1.0,0.0394313317174452,0.0,0.0,1.0,0.0,4.893182653511072,4.032283570580706,0.01,63.857268839297504,1.0,18.572711017148524,2,61.77692868640059,1.8299084933198344,0.0,False
0,1.0,7,0,2,0.0,2.6327769046769163,1.0,8.11751784464927,0.2496398794626874,8,0.9472755892442811,25.917996400134395,1,0.0,23.67010066178046,4,49.79565571145091,0.0,5152.035117076804,0.0,31.6643247671949,0.12160361311241305,1464.6742439883972,0.0,1.0,0.0,5.109679425927212,2.0,0.01,77.30526707839803,1.0,2.9840283355159896,1,19.837449387207528,0.0,0.0,False
0,3.0852584509300613,24,3,22,81.45313464390452,28.37939570930512,0.5514502498947453,8.11751784464927,2.010858123130306,8,0.5757493384910239,56.93163078922427,9,0.0,62.923491748525564,1,172.11530427922122,33.453569598513724,363603.10300721537,0.0,270.6297408330638,0.012211565468743073,12804.644398510132,227.7805576442505,0.3191519711669707,0.0,20.024321326975752,2.0,0.01,630.9244125756917,58.82079645035378,46.22526957590958,14,20.749887830133012,0.0,48.104679280783614,False
0,14.967144935473204,0,4,12,20.486196658675844,35.83689554031283,0.4351704159769151,8.11751784464927,2.8082850059982665,8,0.7042266877007252,56.93163078922427,5,0.0,73.17066043752351,2,175.00588701050825,14.507534638861404,634711.2210050786,0.2158514392078179,232.87249215375704,0.011543921256961402,2583.9635035728106,0.0,1.0,0.0,22.665524760939952,7.170948077005555,0.01,77.30526707839803,76.20707299111282,51.906125741988006,15,35.15265436834607,1.3321976206228854,46.304334588643485,True
0,1.0,0,0,78,0.0,1.0,0.9148818031559015,5.982731181819457,0.29331496056756695,8,0.9685717331959276,18.40025081459022,1,0.0,14.666921608410725,1,65.98636853981861,0.0,8142.096261162211,0.0,192.1156441412906,0.010447698750509049,2642.7747881232835,0.0,1.0,0.0,4.0342303333463345,2.0,0.01,56.36565542358813,1.0,0.0,1,17.769468262954174,0.0,0.0,True
0,1.0,0,9,8,0.0,1.0,0.4734759461767709,4.076580987085986,2.238132352271998,1,1.0,51.995600850308094,5,0.0,817.0,1,12.25651967737102,0.0,0.0,0.04016004234788412,1.0,0.3077495617024231,410.6731243461137,0.0,0.9881774423434075,0.0,11.511127922713737,2.0,0.14881233056066992,41.69658100322326,1.0,7.5034905344320535,3,1.0,0.0,0.0,False
0,1.0,0,3,7,0.0,4.254777609421888,0.9148818031559015,8.11751784464927,0.13925035397784194,8,0.9712052180293811,25.917996400134395,1,0.0,110.89202113813568,1,74.6513575708106,0.0,12098.375449105803,0.0,1.0,0.083247092908336,920.2781305524795,0.0,1.0,0.0,18.265972882128995,2.0,0.0991322299844091,77.30526707839803,1.0,3.6073873297131938,2,107.1572120491119,0.0,0.0,False
0,115.49811222500827,1,3,78,0.0,2.508337844299207,0.5795916099785796,8.11751784464927,0.24654712230606013,19,1.0,56.93163078922427,1,0.12142028077472466,40.293527619305344,2,269.3337545745763,0.0,155571.22905308087,0.0,39.52381972572127,0.07616436828556672,1637.7223875557852,0.0,1.0,0.0,1.3977806404788917,2.0,0.01,65.52239054681675,1.0,133.47350460908368,1,126.929055186982,0.0,0.0,False
0,1.0,0,0,2,0.0,2.321542546631145,0.9148818031559015,8.11751784464927,0.479484713275924,1,0.9064081721307328,25.917996400134395,1,0.0,32.766249637556385,1,74.6513575708106,0.0,10277.753324894562,0.0,60.36426219843611,0.0,2753.0840918688364,0.0,1.0,0.0,6.860914727161961,2.0,0.01,77.30526707839803,1.0,0.0,1,34.16214126353241,0.0,0.0,False
0,1.0,2,0,2,0.0,1.5271935650839126,0.7150224033348997,8.11751784464927,0.40263994325956437,1,0.37810954974889793,15.676677463141381,12,0.0,97.46490599465112,4,39.841602915846465,0.0,0.0,0.0,1.0,0.035636382782444256,690.0618061007826,0.0,1.0,0.0,7.753805577108636,2.0,0.01,71.31582696715743,1.0,0.0,1,19.457047495602183,0.0,0.0,False
0,3.1701068909309917,2,0,11,0.0,23.172904138683123,0.9148818031559015,8.11751784464927,2.235616048287053,4,0.9646824140557274,25.917996400134395,5,0.3764188752275076,70.73310894065841,2,403.7090367766018,0.0,40388.02925985958,0.0,1530.6717139006678,0.30005430752267603,1903.6622183316385,0.0,0.59092109771344,0.0,113.97865672381616,2.0,0.01,77.30526707839803,1.0,0.0,8,63.10300378103242,0.0,5.878813334823956,True
0,13.29770030842225,8,0,12,0.0,7.958860134839217,0.6741564150196223,56.7275309688563,4.25,8,0.3897211352450377,25.917996400134395,15,0.0,73.17066043752351,1,175.00588701050825,0.0,104695.69993474006,0.0,363.3577981755903,0.1075900207654031,34356.66796687682,0.0,0.5899075904573394,0.0,61.596531240404424,2.0,0.01,77.30526707839803,1.0,0.0,21,8.800374324972374,0.0,0.0,True
0,85.55515531479797,1,0,48,0.0,71.12187296594023,0.7605556897826085,108.08319080544095,4.114410508354458,1,0.9617123553810257,56.93163078922427,16,0.0,73.17066043752351,4,413.2610241953114,0.0,68168.82494115079,0.0,662.079573617399,0.0,2483.882873380162,0.0,1.0,0.0,12.277846180777948,2.0,0.01,73.66772641807158,1.0,7.062927368295738,5,8.154099849268718,0.0,0.5290258604796705,False
0,3.2446785441605988,2,0,2,0.0,3.0077943370091518,0.5510053303191622,7.825829071096868,2.9185767466861465,34,0.9964418395366943,21.774158231844588,15,0.2390184567795565,42.44491361340553,4,74.6513575708106,0.0,0.0,0.0,1.0,0.03427852147745518,903.2975860197705,0.0,1.0,0.0,2.5515491433262847,2.0,0.01,640.7608575889275,1.0,4.952949203828727,1,19.5767426032406,0.0,0.0,True
0,1.0,17,0,17,0.0,3.066263055397531,0.7150224033348997,8.11751784464927,3.0534017188928333,1,0.03,125.06395460304225,1,0.0,152.1801641873757,4,73.96369632381989,0.0,1179.2542184262174,0.0,1.0,0.10179361545904542,1663.2892869330794,0.0,1.0,0.0,9.061282135905085,2.0,0.01,77.2108102774449,1.0,0.0,1,71.81096433219437,0.0,0.0,False
0,1.0,24,0,12,4.78102357000519,3.8620721077607136,0.571616868950319,8.11751784464927,0.03682912646388563,8,1.0,472.259703616271,5,0.0,201.9401688735334,3,175.00588701050825,0.0,752477.3735618738,0.0,107.37603909952432,0.26582123776660316,6948.511377836297,0.0,1.0,0.0,53.80485633073888,2.0,0.03423922710635967,197.57929745223618,25.347465643698364,0.0,7,85.54677876794734,0.0,0.0,False
0,1.0,3,0,2,0.0,1.7035568485570654,0.9148818031559015,8.11751784464927,0.496051389830174,8,0.03,25.917996400134395,16,0.0,152.1801641873757,1,60.1763507639027,0.0,13269.171317181033,0.0,1.0,0.06671664191617098,2077.459361199782,0.0,1.0,0.0,4.494856769613306,2.0,0.01,77.30526707839803,1.0,0.0,1,12.531737995765942,0.0,0.0,False
0,1.0,1,0,12,0.0,1.0,0.9148818031559015,8.11751784464927,0.36466500479474395,1,0.9585979488171332,21.230826000288232,5,0.0,201.9401688735334,3,66.8201841555008,0.0,7656.225698173288,0.0,1.0,0.11657838697500245,5463.654286960119,0.0,1.0,0.0,9.061282135905085,2.0,0.01,77.30526707839803,1.0,0.0,1,8.84279516435664,0.0,0.0,False
0,1.0,10,0,29,0.0,3.6092746212363407,0.9252404996508374,6.12833623298383,0.2293152905911568,1,0.9932182078529282,12.96884358086352,15,0.0,19.257405103322746,3,51.89851253130565,0.0,116835.66269022578,0.0,221.91223849979394,0.047960148416021454,1157.5120902832311,0.0,0.9255219607003442,0.0,5.474965233382707,2.0,0.01,71.46736128075172,1.0,5.14257489754965,1,52.3505669678764,0.0,0.0,False
0,235.0,1,3,48,43.54771208777525,15.268277293212655,0.6254817987715178,108.08319080544095,2.0644757113509202,19,0.9701424525068193,158.91436470620712,12,0.0,73.17066043752351,0,697.2911623244224,0.0,4701624.47,0.0,119.92745590321005,0.08945762458777623,261201.38,669.6649449134011,1.0,0.0,22.665524760939952,2.0,0.01,77.30526707839803,37.579038139507745,25.55575529779488,18,23.164076178274016,0.0,0.0,True
2,10.428795111843995,0,0,2,21.61670782893937,6.908999989570695,0.4077996092645314,28.621880856326978,1.9527736587313678,1,1.0,56.93163078922427,7,0.0,201.9401688735334,0,175.00588701050825,28.833387067045724,10521.267736996186,0.0,1.0,0.028984627517226545,1066.1467349166182,0.0,1.0,0.0,14.798032700952103,3.5406895745543885,0.021569755164630666,77.30526707839803,63.764920862273065,13.024334076577658,15,109.74563434853212,10.42701046706707,5.779821955597592,False
0,14.44793336424134,3,1,43,0.0,14.346156422587935,0.3651546953270477,56.7275309688563,2.9812366380469575,8,0.03,56.93163078922427,16,0.19640992823108272,73.17066043752351,3,175.00588701050825,0.0,222612.43608797016,0.0,390.23372166696913,0.0,2825.689552781897,0.0,1.0,0.0,22.665524760939952,2.0,0.01,1468.9893550365687,1.0,35.97785160873697,16,34.21454275999559,0.0,27.768216753524612,True
0,1.0,2,0,12,0.0,2.055962895732499,0.9148818031559015,53.83313881991383,0.17954047508029883,3,0.7151199969999259,102.28894660575352,12,0.0,57.17347857137912,3,106.73563086197697,0.0,4173.965669117653,1.5006128304948896,1.0,0.25474193500248127,0.0,0.0,1.0,0.0,7.110039951781047,2.0,0.014408879517513129,57.5256180051783,1.0,9.265347035366586,7,10.169684946908593,0.0,0.0,True
0,1.0,1,0,2,0.0,1.0,0.9148818031559015,8.11751784464927,0.15279085013164737,1,0.9644969460890553,22.487207425719994,1,0.0,30.432638704775762,7,202.34016121860748,0.0,4894.134931959973,0.0,1.0,0.5105302047385306,184.04757087094947,0.0,1.0,0.0,15.07159865565841,2.0,0.01,70.07584564825001,1.0,0.0,1,3.044077132895186,0.0,0.0,False
0,1.0,3,0,2,0.0,2.7318398881008745,0.42594245584894463,5.5991571772860915,0.11488908631660857,1,1.0,19.21685013290442,4,0.0,84.28353049895516,4,38.989078514975866,0.0,9618.01078818155,0.0,1.0,0.15368493169957398,0.0,0.0,1.0,0.0,0.1242288164898735,2.0,0.011117137157588677,47.813248822517025,1.0,7.282651140305379,1,61.002615526272,0.0,0.0,False
0,1.0,1,0,2,0.0,1.0,0.9148818031559015,8.11751784464927,0.496051389830174,1,0.9064081721307328,25.917996400134395,1,0.0,16.816771870779526,1,65.29006765653122,0.0,0.0,0.0,1.0,0.1740818704613143,379.2184243720822,0.0,1.0,0.0,3.887083345272491,2.0,0.01,77.30526707839803,1.0,0.0,1,10.14555168592821,0.0,0.0,False
0,2.1004125350659857,2,4,2,1.0473673382035447,2.504463027992136,0.6741564150196223,8.11751784464927,2.828771478189955,34,0.9818174484373051,25.917996400134395,11,0.0,73.17066043752351,5,161.90953868922276,0.0,363826.95002728765,0.0,49.48182310220426,0.33302665348899096,1109.008274101811,0.0,1.0,0.0,37.72769371125891,2.0,0.01,70.62070856600765,1.0,14.484962876164987,8,4.7064356278990545,0.0,0.0,False
0,1.0,0,0,2,0.0,1.71801737726717,0.9041325651773366,8.11751784464927,0.2086002813903339,1,0.9744819667840797,25.917996400134395,1,0.0,31.80339412765347,1,55.08468027120863,0.0,0.0,0.0,1.0,0.12573563904292337,56.89865990496969,0.0,1.0,0.0,5.981171377918836,2.0,0.01,77.30526707839803,1.0,5.611923586413126,1,14.080777370245425,0.0,0.0,True
0,1.0,2,0,2,0.0,1.0,0.6741564150196223,8.11751784464927,0.496051389830174,1,0.3720215623612773,25.917996400134395,1,0.0,32.766249637556385,5,175.00588701050825,0.0,12223.470997204342,0.0,52.439349439516825,0.0,1840.1112835498166,0.0,1.0,0.0,9.061282135905085,2.0,0.01,640.7608575889275,1.0,0.0,1,25.481174906268794,0.0,0.0,False
0,3.799327660752736,2,0,10,0.0,10.00954718282026,1.0,7.570900964650472,1.9911055446635146,15,0.9898356352998895,23.064644960141027,1,0.003066689860082316,55.35654740805478,3,52.59440364183603,0.0,222733.63332723916,0.0,1.0,0.38609002163472295,11211.003939835187,0.0,1.0,0.0,13.259880004265622,2.0,0.884254235024605,69.89297292934287,1.0,49.2610932843014,1,30.09550614370746,0.0,13.20900198937478,False
0,1.0,0,7,1,0.0,2.1715346436570027,0.4351704159769151,5.301676241389117,0.13259639650955407,16,0.32871353171042794,23.370263710378442,15,0.0,197.28792034915494,0,1535.48,0.0,20453.322326774894,0.0,50.194409372258974,0.23433295943360716,900.9899594686462,0.0,1.0,0.0,4.779974417718756,2.0,0.2177698763980795,74.50879043287145,23.39667157931268,5.652044558118909,1,13.231356791828347,0.0,0.0,True
0,7.8458862653030135,17,0,48,27.963667854697086,20.238018876138145,0.8486922172726613,8.11751784464927,2.808833735866476,8,0.747907932901884,56.93163078922427,4,0.0,73.17066043752351,2,175.00588701050825,0.0,29830.685856498443,0.0,70.42869923913771,0.015823589835656605,33768.25652325748,0.0,1.0,0.0,194.0,2.0,0.01,77.30526707839803,229.72824089177684,30.229527169675798,9,28.616917610056106,0.0,1.836721719872898,True
0,1.0,1,0,2,0.0,1.0,0.6741564150196223,8.11751784464927,0.496051389830174,4,0.9064081721307328,25.917996400134395,1,0.0,73.17066043752351,4,74.6513575708106,0.0,1017.0854187614677,0.0,35.0271221634879,0.07852397242432205,2590.1338703045944,0.0,1.0,0.0,9.061282135905085,2.0,0.01,77.30526707839803,1.0,0.0,1,30.471753748665385,0.0,0.0,False
0,1.0,1,1,2,0.0,2.888705342182758,1.0,7.20354806150041,0.28929486764298856,19,0.9340390987270333,507.0,16,0.0,201.51941553695195,3,402.3834033479066,0.0,6543.443645747359,0.0,49.68431922583525,0.18875774318491895,13777.808504977189,0.0,1.0,0.0,8.500821691630359,2.0,0.01,77.30526707839803,1.0,0.0,4,10.941651552543853,0.0,0.0,True
0,1.0,11,4,43,0.0,6.177479979900153,0.6741564150196223,8.11751784464927,2.813250088272487,4,0.32915800055727634,25.917996400134395,16,0.0,25.66954719762044,4,74.6513575708106,0.0,10866.854128867155,0.0,1.0,0.2695409101884545,1037.5017541729903,0.0,1.0,0.0,7.249028324931929,2.0,0.015910371223451708,77.30526707839803,1.0,0.0,3,109.22455147468591,0.0,0.0,False
0,17.406481248023322,2,4,22,13.047432107684314,12.390976563615926,0.3636296330490041,8.11751784464927,2.080845829593929,3,0.8868721616366844,507.0,12,0.6725826660641796,26.181623714488964,1,138.41288314020883,5.0735615763235025,184944.64136628452,0.0,514.3688862728725,0.1484841053613149,2134.741099319129,0.0,0.7302436085191395,0.0,28.93456587460702,9.840950771380331,0.30478143160038695,54.939402947501556,1.0,7.9995427956082,7,40.11012607595844,0.0,0.0,True
0,1.0,13,0,69,0.0,2.9735140812980196,0.6741564150196223,103.66100986149141,2.1399134093590657,4,0.9281998662276586,222.7053819470969,15,0.0,73.17066043752351,7,74.6513575708106,0.0,39361.4068042322,0.0,11.821102650751648,0.07988405804307899,2825.689552781897,0.0,0.622530248667378,0.0,15.276055157587292,2.0,0.01,640.8161860740294,1.0,0.0,1,69.49079962657416,0.0,0.0,True
0,1.0,3,3,1,17.938091578107567,2.6096520083616332,0.37012590389460137,53.83313881991383,2.3493861600473616,4,0.7049053188281948,352.8234403590591,9,0.3723826147697518,73.17066043752351,5,72.33007935932375,3.493346765534074,726859.3003673796,0.0,1.0,0.1061079918961664,39532.866574134256,0.0,1.0,0.0,21.59405727007668,2.0,0.12024165418741968,77.30526707839803,1.0,107.25113796402417,33,55.55924623232152,0.0,35.92517849928349,False
0,2.8492317424153764,1,16,10,9.419592761886811,5.857881266191515,0.40792546582111744,40.96541029126346,2.069023941990542,4,0.5013370598982911,37.29659599300756,34,0.0,19.24540561208871,6,150.581748869454,0.0,515684.4903922288,0.0,14.114229529792418,0.3315246622891141,1574.3205200067914,3.1793975541293094,1.0,0.9770523018600379,10.299043303044702,2.0,0.14918411026054784,181.22140334374612,8.773699278784932,5.476409991777375,1,19.700900373316113,6.041652307584407,25.131828027328844,False
3,1.9351166473431625,2,4,78,0.0,2.832847002193075,0.9544046824494933,8.11751784464927,3.3276754132672806,1,0.5168061445536126,25.917996400134395,1,0.0,72.06815072176157,3,175.00588701050825,0.0,27052.248990128584,0.0,146.41895963401967,0.10088118348988966,940.0273335444629,0.0,1.0,0.0,6.709183357560009,2.0,0.01,577.3683298537735,1.0,4.452836136837509,1,130.6720498746457,0.0,0.0,False
0,1.6336321288707716,1,0,78,6.487532990393021,2.2202307422580025,0.4351704159769151,8.11751784464927,0.12969642907483828,16,0.10828011040985697,24.89022333571849,16,0.0,817.0,0,383.15834915654005,0.0,267041.248929972,0.0,75.96764377237236,0.06782513094367154,2825.689552781897,0.0,1.0,0.0,22.665524760939952,2.0,0.01,77.30526707839803,1.0,0.0,4,45.83953460786447,0.0,0.0,False
0,1.0,0,0,2,0.0,1.436374943263783,0.9148818031559015,8.11751784464927,0.496051389830174,4,0.9600083457500967,25.917996400134395,15,0.0,23.49263756684175,4,53.92427264015237,0.0,11109.394969097077,0.0,19.838397652919767,0.08430326125583683,18334.998186514116,0.0,1.0,0.0,6.760546942640619,2.0,0.01,77.30526707839803,1.0,0.3704352298724629,1,8.217670501796814,0.0,0.0,False
0,1.0,10,0,74,0.0,9.46490881195137,0.40938449573539165,56.7275309688563,2.2210543266799183,34,0.9819661673800074,158.2972081265737,6,0.0,73.17066043752351,6,256.33309228479345,0.0,664185.0344786833,0.0,1.0,0.10575632031319011,1279.8207829662258,51.4536652217206,0.5687964435588766,0.0,17.169726119494577,5.429147390041537,0.15890065076575216,428.65519171428184,22.83573278871338,20.01534574741731,4,17.88383241026428,0.0,0.0,True
0,1.0,7,4,2,0.0,1.0,0.8927789117644159,8.11751784464927,0.023238960200589093,1,0.9505169117324641,25.917996400134395,16,0.0,71.80103376979713,4,56.64387812378073,0.0,20563.188600495676,0.0,1.0,0.26629281944952393,1609.5712574340546,0.0,1.0,0.0,5.161552312566638,2.0,0.01,72.42843043910673,1.0,4.557917083473444,1,6.130192317196005,0.0,0.0,False
0,1.0,0,0,2,0.0,3.538143814001157,0.9148818031559015,8.11751784464927,0.3115348869954528,1,0.9377600298712185,25.06008185265102,1,0.0,32.766249637556385,1,326.4218999903559,0.0,11095.471949382449,0.0,1.0,0.06422193956307967,1578.6023529192637,0.0,1.0,0.0,2.9367022728171692,2.0,0.01,77.30526707839803,1.0,0.0,1,21.809046780860136,0.0,0.0,True
0,1.0,1,0,78,0.0,1.5636121328026618,0.9626258684166693,7.971510292723966,0.45212650737029614,4,0.18422758511302162,507.0,34,0.0,817.0,4,45.35815770897993,0.0,16981.86847452051,0.0,38.28591884799594,0.02298639212688018,1426.169071332091,0.0,1.0,0.0,6.655086587530296,2.0,0.01,77.30526707839803,1.0,0.0,1,27.72349540904446,0.0,0.0,False
0,1.0,20,0,5,0.0,3.0726780227349026,0.6741564150196223,103.86579010117654,2.0407156903237014,45,0.36792821972300177,25.917996400134395,13,0.40936813708596226,287.02233035407903,1,568.7215110431508,0.0,591862.7783790438,0.0,694.3644737030834,0.07195666280889508,2156.066236013036,0.0,0.6658372102362753,0.0,6.1028234731069855,2.0,0.06497194357782154,71.7927069887545,1.0,22.887419664391743,9,74.49458139224583,0.0,0.0,True
0,1.0,0,0,42,0.0,1.0,0.9148818031559015,4.9611770344245905,0.23590767257951484,12,0.9978439348710554,18.33347213321535,16,0.0,14.290963158200721,1,1359.8905653526963,0.0,6477.851511662041,0.0,1.0,0.5146441342108233,1416.1816414904895,0.0,1.0,0.0,3.4344740141899894,2.0,0.01,49.88777282872941,1.0,0.0,1,1.0,0.0,0.0,False
0,41.206292506457004,2,0,26,44.09062910724517,1.4722947333057754,0.623587818509759,5.864688613041146,0.0,8,0.637292551604882,158.91436470620712,34,0.0,21.026210655076873,3,61.46975624291769,40.18889712041282,382965.3677504816,0.013074343677407153,1.0,0.7101953490044933,340.1817231172763,0.0,1.0,0.0,13.171076863450427,2.0,0.01,1360.8122661014281,1.0,15.17520942116157,12,3.0453280173524835,0.0,10.606793916220006,False
0,2.8206098947856093,0,6,2,0.0,3.201555811298327,0.5756607067921531,7.425090253236738,0.12499544082134126,13,0.25754682787477917,25.917996400134395,15,0.0,56.17412909667861,1,195.5148215254184,0.0,1640.3949120783432,0.2646070914294836,1.0,0.24226911532965442,23.072770483769602,0.0,1.0,0.0,6.27763606005508,2.0,0.01,53.057484193917084,1.0,9.529449608769056,9,1.0,0.0,0.0,False
0,1.0,0,0,39,0.0,1.4110270917929497,0.9148818031559015,8.11751784464927,0.14664979322741625,4,0.9711290566209128,125.06395460304225,5,0.0,201.9401688735334,4,433.58714428877795,0.0,462800.874127369,0.0,1.0,0.25504883318251825,1198.546023329531,0.0,0.6658372102362753,0.0,8.953204740631026,2.0,0.01,77.30526707839803,7.498536061327272,0.0,1,14.713293262410154,0.0,0.0,False
1,38.23901517022121,2,5,41,58.336696587175226,11.676097701534665,0.6741564150196223,28.621880856326978,2.1522646606048244,8,0.4104443697718672,56.93163078922427,5,0.0,73.17066043752351,2,175.00588701050825,18.201827624312138,39954.60609684092,0.0,848.3252899369132,0.09955853852238869,2797.913109205269,370.193496307799,0.960186176344003,0.0,22.665524760939952,7.182142046681625,0.01,197.57929745223618,90.16385198452932,29.86108476255483,14,125.52662418651313,0.0,31.398412796570746,False
0,1.0,0,0,2,0.0,1.0,0.9148818031559015,5.316975680173433,0.3922413130041347,34,0.9972559611436135,25.917996400134395,1,0.0,27.883644516720985,1,63.412748510920814,0.0,5576.512758875215,0.0,1.0,0.1654609255631429,0.0,0.0,1.0,0.0,6.474525946204548,2.0,0.01,65.8662828254308,1.0,0.0,1,3.149839413759759,0.0,0.0,False
0,1.0,8,0,2,0.0,2.9016796994243776,0.9148818031559015,8.11751784464927,0.45404446036082663,1,0.9973439536888707,25.917996400134395,1,0.0,29.36506776099212,1,116.34518223975914,0.0,1214347.1840762785,0.0,1.0,0.07240695618226026,12966.824176472619,0.0,1.0,0.0,5.0407739732637955,2.0,0.01,77.30526707839803,1.0,0.0,1,98.74942011274796,0.0,0.0,False
0,2.095189075553321,0,3,2,0.0,1.2840097928144791,0.4351704159769151,8.11751784464927,2.9642174275450213,7,0.9642782614156423,25.917996400134395,1,0.0,32.766249637556385,4,60.35407327506557,0.0,0.0,0.025688588277096636,1.0,0.2601471495789503,212463.66908128173,0.0,1.0,0.0,9.061282135905085,2.0,0.01,68.24327137053183,1.0,0.0,4,9.380880951980597,0.0,0.0,False
0,1.0,3,0,2,0.0,1.0,1.0,7.895951198185436,4.25,8,0.9064081721307328,25.917996400134395,1,0.0,32.766249637556385,1,162.04254839773458,0.0,15910.695854475118,0.0,2973.1644865532467,0.030797172308459825,40574.52068947323,0.0,1.0,0.0,22.665524760939952,2.0,0.01,77.30526707839803,1.0,0.0,1,81.34394584225386,0.0,0.0,False
0,1.0,24,0,78,0.0,4.880896909642068,0.4351704159769151,28.621880856326978,0.26624528310069145,1,0.5742522718273037,152.19732955408915,12,0.0,32.766249637556385,5,460.9719614521706,0.0,30986.280008699978,0.0,1.0,0.05628997198003566,1702.9894644623841,0.0,1.0,0.0,9.061282135905085,2.0,0.01,77.30526707839803,1.0,0.0,1,20.409730788230608,0.0,0.0,False
0,1.0,10,3,1,0.0,1.4548160954875187,0.938429574545985,8.11751784464927,0.3841495688085342,1,0.23284708785073546,23.937831027659925,34,0.0,187.2396297461236,6,92.73887251204414,0.0,94444.81178354518,0.0,1.0,0.10602689403529525,5513.459848724319,0.0,1.0,0.0,5.631577353965081,2.0,0.01,491.65628834955845,1.0,0.0,2,511.56717999158013,0.0,0.0,False
0,1.1955421798273878,1,0,42,0.0,1.0,0.6741564150196223,8.11751784464927,0.4354261232264282,1,0.9621774717740489,25.917996400134395,12,0.0,32.766249637556385,4,64.09085360697513,0.0,4480567.361250501,0.0,1.5655761368651966,0.1704067475640639,11305.430061082574,0.0,1.0,0.0,158.89031298620682,2.0,0.01,1468.9893550365687,1.0,0.0,1,8.828812800132624,0.0,0.0,False
0,1.0,1,0,2,0.0,2.2609438772120254,0.6318123794822074,15.270563346481413,0.24590709017451381,3,0.507853473327013,17.9820879575306,12,0.0,22.41605244640051,1,52.81310030066369,0.0,13924.053986619154,0.0,1.0,0.011234499736739866,18430.334840426716,0.0,1.0,0.0,5.003189088207152,6.369822869921899,0.01,64.71457611727273,1.0,0.0,1,12.330730057919315,0.0,0.0,False
0,1.9782490458760393,1,0,42,0.0,2.202692137133682,0.5413221862960247,8.11751784464927,2.057863030214774,15,0.9907475698852027,25.917996400134395,5,0.0,73.17066043752351,1,74.6513575708106,0.0,45216.830018303364,0.0,17.283895132432892,0.11543297931778834,25235.74154864094,0.0,0.4955744505161519,0.0,3.7753017768437074,2.0,0.01,77.30526707839803,1.0,4.746609723571707,1,13.424520660076176,0.0,0.0,False
0,1.0,2,0,2,0.0,3.3211082610227622,0.9148818031559015,6.274724236325594,0.16575516426676765,1,1.0,8.080963070052599,1,0.0,122.88368601389593,1,51.47489821360936,0.0,26131.68867873851,0.0,1.0,0.47065717558677256,233.25510176120642,0.0,0.7177378820240023,0.0,3.1529918981161136,2.0,0.01,640.8267786962393,1.0,0.0,1,28.975387621145003,0.0,0.0,False
0,9.896824321601025,8,2,22,0.0,3.022860003163662,0.7150224033348997,8.11751784464927,2.1733835291584613,1,0.3223857872337389,222.7053819470969,5,0.0,201.9401688735334,6,74.6513575708106,0.0,10153.508195285638,0.0,139.32463345615014,0.0023192667241154624,2713.044812550109,0.0,1.0,0.0,22.350765473629867,2.0,0.01,77.30526707839803,35.76750757452909,0.0,13,133.1619673102926,0.0,0.0,False
0,7.455103882172766,3,0,22,30.045787154916713,9.868924828709968,0.6741564150196223,53.83313881991383,2.8492422626178624,8,0.683026781141869,56.93163078922427,1,0.0,201.9401688735334,3,175.00588701050825,0.0,23106.98589911338,0.10392028849220991,354.85341596106673,0.009312030129177612,2358.0346936332326,0.0,0.5959895557330664,0.0,22.665524760939952,2.0,0.01,77.30526707839803,104.728950368533,0.0,26,41.587166983227725,0.0,12.873338944068797,True
0,1.0,4,6,45,14.836257673753437,5.339423904278084,0.4351704159769151,18.362508589994867,1.965076472865662,18,0.5539927684481359,56.93163078922427,4,0.45331504525797445,73.17066043752351,0,340.9501192761559,0.0,684136.7100145156,0.0,366.2653610799358,0.09633233591513082,13069.608280693286,43.833857327198075,0.5403342597942175,0.0,17.35657439814711,2.0,0.8644092499215946,72.53424127395405,84.93672810243946,47.493626571446896,16,37.615383147397914,14.22098050931585,42.60924941004983,False
0,1.0,6,1,8,0.0,11.772883854268247,0.6741564150196223,28.590546611028035,3.2931440242286842,1,0.9549066071890115,114.53582067094692,4,0.0,817.0,1,608.8575276828514,0.0,15400.05438007326,0.0,44.21944488739308,0.03236500505162418,29036.932246246382,0.0,1.0,0.0,9.665898474600866,2.0,0.01,44.03407948364277,3.28697326657635,20.05384312395223,1,14.825952144976268,0.0,0.0,True
0,1.0,3,0,42,0.0,5.15759025596752,0.9148818031559015,5.133279384188376,0.34319314064797796,19,0.9077530541351927,19.791400421159704,1,0.0,221.43945595366066,4,43.72474406684414,0.0,0.0,0.0,48.56363503090973,0.38461135795297297,1350.8347979151706,0.0,1.0,0.0,5.317653129093896,2.0,0.01,70.7119682914554,1.0,0.0,1,11.22390658309684,0.0,0.0,False
0,1.0,19,0,20,0.0,2.3508995334861944,0.6741564150196223,7.499887242250835,0.07041182528843286,4,0.5249461983845025,25.917996400134395,12,0.0,31.2205175956175,3,51.797821042388215,0.0,18210.67563516659,0.0,38.464845945608886,0.049543700079609315,36350.74900398572,0.0,1.0,0.0,14.586734021635884,2.0,0.01,640.7608575889275,1.0,8.36556844170029,4,90.26355567078154,0.0,0.0,True
0,1.0,0,1,11,0.0,30.849566010342414,0.7353608793622989,28.621880856326978,0.02268741274817,8,0.4729411750444985,56.93163078922427,8,0.0,73.17066043752351,1,340.1763938608576,2.089725320848615,21315.80339068117,0.17323016538790348,129.8154621783051,0.06333615077563362,2217.6773530629484,0.0,0.642020342476813,1.7461138402360685,16.240713818401872,2.0,0.01,57.06438775649703,1.0,6.022942560013094,14,60.9898713895749,0.0,11.209793925271683,False
0,1.0,2,0,2,0.0,1.0,0.9148818031559015,8.11751784464927,0.21349351257898008,12,0.9999183850996798,52.24194872782655,5,0.0,21.10609781346266,1,60.85940441340428,0.0,4775.952423458817,0.0,14.619926993439268,0.062171880693191545,832.1460913109606,0.0,1.0,0.0,9.061282135905085,2.0,0.10243842566192125,76.84563006844925,1.0,0.0,6,4.682838837788033,0.0,0.0,False
0,1.0,2,0,2,0.0,1.5768634356603812,0.9041325651773366,8.11751784464927,3.66350578262751,1,0.9607224540708579,125.06395460304225,1,0.0,14.62843280002259,4,148.20803429944897,0.0,0.0,0.0,1.0,0.3884005907558994,1291.816733040724,0.0,1.0,0.0,26.45775185001576,2.0,0.01,47.67702514454736,1.0,0.0,1,2.0007875221400884,0.0,0.0,False
0,7.852477974373237,20,1,18,5.088278871656369,12.361443574364614,0.3905816233800729,18.362508589994867,2.923078071313893,4,0.03,56.93163078922427,5,0.16445657715269757,73.17066043752351,2,175.00588701050825,34.97642606898359,200539.40308131027,0.0,120.9820459576553,0.006695124661283504,2825.689552781897,0.0,0.5277268040516073,0.0,61.54212252685952,2.0,0.01,197.57929745223618,104.94626753724273,55.69599047576011,19,65.76148765176876,0.0,0.8565908254777632,False
0,1.6780848069366927,1,1,30,0.0,118.0,0.5678091867769108,16.75965765082415,2.1797783194866995,7,0.39723448481256884,114.65694385223435,34,0.10991871152907384,69.70457578869824,7,403.73956593102645,0.0,189492.8908604061,0.0,193.5215741535685,0.09084726437680835,1853.4706680236736,471.3056293147512,1.0,0.0,19.60783028144142,2.0,0.01,75.70956253516663,73.98011471561415,0.4381636313586412,1,51.57708360742872,0.0,5.267441205256279,False
0,1.0,0,0,1,0.0,5.3896894709711365,1.0,28.621880856326978,2.2025108352934786,19,0.6426390394169971,158.91436470620712,10,0.0,71.9469921650537,3,163.52670825350694,0.0,821376.0305386237,0.0,24.295617741781026,0.0467540838206022,2825.689552781897,609.0318203472425,0.5312950778829175,0.0,39.506950157561725,2.0,0.01,77.30526707839803,36.88354336178605,1.935702335189883,4,69.0772903733442,0.0,0.0,True
0,3.0162392380563476,2,0,22,0.0,1.0,0.7446019743732971,8.11751784464927,2.7674537642850656,15,0.5575842588867905,25.917996400134395,15,0.0,18.638026347674945,1,65.80420108905489,0.0,35901.339100412384,0.0,369.5636211682683,0.22942177643040207,1468.5530571154247,0.0,1.0,0.0,16.388124492242415,2.0,0.01,70.06665361458705,1.0,115.20445922421476,3,1.0,0.0,0.0,True
0,1.0,0,0,2,0.0,1.625858728844039,0.4351704159769151,7.594979249712569,0.20452879051009543,1,0.9276326935037663,25.917996400134395,1,0.0,24.795724923851477,3,52.5019764248577,0.0,0.0,0.0,25.570945890807426,0.25955542547792065,1140.3426699412241,0.0,1.0,0.0,14.945854974089933,2.0,0.01,64.02987558978629,1.0,0.0,1,4.846627182093942,0.0,0.0,False
0,20.86276394094203,2,5,29,0.0,3.9816585024249775,1.0,53.63635415545134,0.1616648493409243,13,0.3947151602384077,56.93163078922427,12,0.0,73.17066043752351,4,67.96295904586033,0.5704575584160994,568787.0941057642,0.0,244.54229831787706,0.05732060079698577,49372.8966863321,0.0,1.0,0.0,14.542821852570285,2.0,0.01,61.08288910789921,53.46421704534677,22.31285838118661,1,138.6221766117599,0.0,0.0,True
0,1.0,2,0,2,0.0,1.0,0.6741564150196223,8.11751784464927,0.3870835245083971,1,0.3590248096119848,22.597631722958596,1,0.0,32.766249637556385,3,72.36367446932603,0.0,5286.083563192612,0.0,76.62066219540888,0.02179767710338855,2273.613748192337,0.0,1.0,0.0,8.38709948178786,2.0,0.01,77.30526707839803,1.0,0.0,1,22.428905836487917,0.0,0.0,False
0,8.633887576648766,0,0,21,0.24084624636488883,13.135561849753941,1.0,8.11751784464927,2.1338536630084817,4,0.963505870548092,25.917996400134395,1,0.0,73.17066043752351,5,175.00588701050825,2.516292962119472,43141.35779512495,0.0,130.88091415681458,0.06100020827093472,2825.689552781897,2205.3039597847915,1.0,0.0,60.81787373370693,2.0,0.01,77.30526707839803,106.85402461884422,4.6978821641549615,5,93.5115491048237,0.0,0.0,True
0,6.02965138069066,0,0,22,42.5085724761569,112.42352672585568,0.9148818031559015,56.40503525651797,2.3256837490443374,4,0.2811274672820372,56.93163078922427,5,0.0,70.44359840320564,4,175.00588701050825,0.5255819587767672,487246.2238572773,0.0,272.2223175670507,0.07966799107338404,1379.0330255076544,0.0,0.6405515625441709,0.0,18.80910070933752,2.0,0.1087873695538402,77.30526707839803,82.81947348885726,4.086567657715549,6,77.40483917179817,0.0,0.0,True
0,1.0,1,0,12,0.0,1.5520013350259272,0.7150224033348997,8.11751784464927,0.3734727626103857,8,0.4710258509499101,25.917996400134395,5,0.0,49.19620241081389,4,274.0195272752097,0.0,3575966.0627189428,0.0,214.31692000971998,0.046385485787884345,2490.2727292772333,0.0,1.0,0.0,2.3779373866590676,2.0,0.01,77.30526707839803,1.0,5.2655124794302814,1,1.0,0.0,0.0,False
0,1.0,3,0,2,0.0,1.0,0.9148818031559015,8.11751784464927,0.26329170140130553,1,0.40344477331531964,25.917996400134395,1,0.0,23.480289379639565,1,46.42046699322228,0.0,1325861.0573686091,0.0,1.0,0.08771761895215166,1345.2713157350918,0.0,1.0,0.0,7.118457556225399,2.0,0.01,65.29824905878948,1.0,0.0,1,4.8202044501948835,0.0,0.0,False
0,1.0,0,0,2,0.0,1.6200219528064934,1.0,8.113066282448685,0.11767931000287732,1,0.9179294442003718,25.917996400134395,1,0.0,27.405093328106403,1,51.051152518387916,0.0,1707.304597730877,0.0,1.0,0.1570314471528313,1065.8474043247204,0.0,1.0,0.0,6.509226092079027,2.0,0.01,64.97729800485155,1.0,0.0,1,12.83693585491658,0.0,0.0,False
0,1.0,6,1,1,0.0,1.9315644613876821,0.7379837033811808,8.116098267762359,0.31814039186610704,8,0.5578802410582008,56.93163078922427,16,0.299788408497468,200.31145830514808,2,383.5540456469402,0.0,554841.3811106866,0.0,43.31194833931732,0.5213072782936368,9660.317739016085,0.0,1.0,0.0,21.58253067864474,2.0,0.01,77.30526707839803,1.0,9.134853322671725,1,1.0,0.0,0.0,True
0,5.982099860943206,8,0,33,0.0,1.1087247622132352,0.5962146993565218,4.272095330811599,0.4460275457562752,6,0.9427444113516783,454.9079864833472,5,0.0,140.22353410292666,7,29.024982376779253,0.0,286369.4494336019,0.0,365.56573331373875,0.6758095551904817,29871.07493594034,0.0,1.0,0.0,3.7130715343445706,2.0,0.01,66.1128356361167,1.0,0.0,1,27.056372885211335,0.0,0.0,False
0,1.0,3,0,2,0.0,12.061959903133612,0.34310327210314684,8.11751784464927,0.3766610689311097,3,0.25327231447460563,25.444459952003744,1,0.0,32.766249637556385,1,495.59882327119533,0.0,51250.44482819585,0.0,1.0,0.0,52767.794903579226,0.0,1.0,0.0,21.228553655476496,2.0,0.01,77.30526707839803,1.0,0.0,1,78.74997816833249,0.0,0.0,False
0,1.0,24,1,22,0.0,20.858007410591146,0.5915241900855359,8.11751784464927,0.0264403748226289,16,0.9727501276083029,25.917996400134395,5,0.0,64.95172874024502,1,74.6513575708106,0.0,0.0,0.0,1.0,0.46121208674059644,30897.577955208526,0.0,1.0,0.0,194.0,2.0,0.01,77.30526707839803,1.0,5.909117033489313,1,11.709039381511365,0.0,0.0,True
0,1.0,13,0,2,0.0,4.3191146688841116,0.8373994375730937,53.85712587967725,2.0887710033797804,16,0.9350963904350313,25.917996400134395,16,0.0,201.9401688735334,2,175.00588701050825,0.0,6256.592893867783,0.0,409.40786967225205,0.013714899920226377,49372.8966863321,0.0,1.0,0.0,48.77202904114368,2.0,0.01,77.08252099901674,1.0,0.0,1,20.54344681309761,0.0,0.0,False
0,1.0,0,0,2,0.0,1.931523595938902,0.7150224033348997,8.11751784464927,3.016829667061089,8,0.03,25.917996400134395,16,0.0,30.938678641946126,1,74.6513575708106,0.0,14345.2636037958,0.0,53.30885777292964,0.07447018737922949,21788.7999420296,0.0,1.0,0.0,19.596889266856103,2.0,0.01,77.30526707839803,1.0,0.0,1,32.000185859872666,0.0,0.0,True
0,5.490334784000222,8,1,48,0.0,1.2942189526698409,0.7320081901120981,56.7275309688563,0.3700423828542379,1,0.03,507.0,5,0.0,28.42558119536934,0,55.7832740051135,0.0,0.0,0.0,24.141463432288177,0.12727801122257337,9012.761215270426,0.0,1.0,0.0,43.691925730315276,2.0,0.01,57.977080393337644,1.0,0.0,4,13.901665911563748,0.0,0.0,False
0,1.0,1,0,1,0.0,1.1317004761545815,0.6614725437450486,5.577369618666192,2.6379703237059764,4,0.42072525857534154,110.7154462906644,15,0.0,256.7394077837573,4,108.7311951201396,0.0,0.0,0.0,78.87997896648534,0.2924277244767607,412.0149069915568,0.0,1.0,0.0,12.829091411953236,2.0,0.01,2733.0,1.0,5.583058388322915,1,5.6215157481129046,0.0,0.0,False
0,1.0,3,0,2,0.0,1.0,0.4351704159769151,6.008890524102668,4.25,1,0.9064081721307328,25.917996400134395,5,0.0,32.766249637556385,2,66.92023752501036,0.0,1393.465597395637,0.0,220.42954768150565,0.04633016286867264,2260.05939514114,0.0,1.0,0.0,8.806672296421512,2.0,0.01,77.30526707839803,1.0,0.0,1,15.785768782403345,0.0,0.0,False
0,5.1107203784136495,0,2,2,3.1737295606880203,5.538247268694138,0.8166532244630588,8.11751784464927,1.7838700187272645,45,0.9446591720357747,24.325824034084025,15,0.0,817.0,7,1535.48,0.0,144147.77919423732,0.0,24.191968746545488,0.4720333914413944,2006.6066737776393,0.0,1.0,0.0,15.499935172932696,2.0,0.01,77.30526707839803,1.0,7.773753124176571,2,891.0,0.0,0.0,False
0,2.5078789506482857,0,0,2,0.0,1.1690897626830856,0.752702856716053,8.11751784464927,0.029418992065239905,8,0.4378991331350278,25.40870746818227,16,0.0,158.68797316711257,1,57.77201723912707,0.0,300456.19129729085,0.0,30.0863292567795,0.08962806718371033,12327.685704922491,0.0,0.5560594891588262,0.0,14.948378436876355,2.0,0.010160188419435806,69.82082147064489,1.0,3.9423442263272035,3,13.564666847686874,0.0,0.0,False
0,1.0,2,0,2,0.0,1.0,0.6856620406830822,8.11751784464927,0.26067447375615155,14,0.9757710948253955,21.354184411630765,1,0.0,105.84116843230817,4,103.55005205677617,0.0,3199.958818690634,0.0,1.0,0.13466451484383432,919.3411525371071,0.0,1.0,0.0,0.3898719655840015,2.0,0.01,62.24527157536913,1.0,0.0,1,14.365946873493463,0.0,0.0,False
0,4.212874005959423,0,0,2,0.0,1.0,0.8981085772478888,6.671314169350178,0.3108335126796619,1,0.949755102691848,25.917996400134395,16,0.0,132.8634309364353,2,56.182270677026,0.0,0.0,0.0,32.17156801029847,0.08379267730539412,1437.9969656696799,0.0,1.0,0.0,48.589572621467894,2.0,0.01,56.93668137028806,1.0,21.542536415855693,1,19.34148794501693,0.0,0.0,False
0,15.906693148963452,0,0,42,0.0,2.164018438589941,0.69488074357197,56.7275309688563,3.3273896364713957,4,0.3431875598346264,56.43657587857787,5,0.0,73.17066043752351,4,62.782349096676995,0.0,4701624.47,0.0,176.2782955322084,0.009277127584285526,1451.0416194262816,0.0,1.0,0.0,15.55723112188774,2.0,0.01,536.7224253417072,1.0,0.0,10,7.913939018378381,0.0,0.0,True
0,1.0,1,0,2,0.0,2.6872676769431365,0.9148818031559015,6.803542484568314,0.44124008499893635,1,0.9189497160138302,25.917996400134395,16,0.0,22.026868456255574,1,74.6513575708106,0.0,45082.7486592216,0.0,8.886241834268588,0.06501592833339134,2518.4268497145677,0.0,1.0,0.0,6.616915448070178,2.0,0.01,77.30526707839803,1.0,0.0,1,7.136509483192462,0.0,0.0,True
0,1.0,0,0,0,0.0,3.198919379218876,0.9148818031559015,7.487141518453708,0.4787893171620681,16,0.4947326231380314,25.917996400134395,12,0.0,31.627252850026636,0,54.30102271780638,0.0,28877.500458682083,0.0,4.546516747325377,0.077715050553207,2568.458567653532,0.0,0.664510874989423,0.0,2.3623079586670936,2.0,0.01,465.1247189259422,1.0,0.0,1,1.0,0.0,0.0,False
0,1.0,0,0,2,0.0,1.0,0.9148818031559015,7.382838898459687,3.366653770541445,19,0.19233228745931072,125.06395460304225,34,0.0,73.17066043752351,4,403.7700873682172,0.0,731962.8088259898,0.0,349.7350730028693,0.23021459394933633,1743.492691246975,0.0,1.0,0.0,51.285489831728405,2.0,0.01,72.29735034338658,1.0,2.1400006562508924,1,37.42972930255066,0.0,0.0,True
0,1.0,1,0,2,0.0,2.7810744555329063,0.6741564150196223,18.514117981688678,4.25,1,0.953184453354831,102.75499598915654,5,0.0,32.766249637556385,1,136.655377833922,0.0,213505.62228110415,0.0,1.0,0.0476494038287722,2606.23881304969,0.0,1.0,0.0,22.665524760939952,2.0,0.01,77.30526707839803,1.0,3.0907979927594518,1,284.9219488921313,0.0,0.7480306746920036,False
0,1.0,1,0,12,0.0,2.4474300177230397,0.9148818031559015,8.11751784464927,0.39180277543975633,1,0.9064081721307328,25.917996400134395,1,0.0,32.766249637556385,1,71.81390019105135,0.0,0.0,0.0,61.72110583009457,0.28785577601051615,2264.7044018836423,0.0,1.0,0.0,9.061282135905085,2.0,0.01,77.30526707839803,1.0,0.0,1,1.3605822141811643,0.0,0.0,False
0,9.407137672252865,0,0,1,0.0,1.815221515118482,0.9148818031559015,56.7275309688563,3.611424213085839,9,0.30224491388458913,222.7053819470969,9,0.0,20.504108953723573,2,35.077812407478376,11.03972685296857,3053180.3930207323,0.0,27.845797302083817,0.3264938357560579,21510.75039449778,0.0,0.5758131453502825,0.0,194.0,2.0,0.3567305311455333,571.2276368488309,1.0,6.10032203655543,1,44.02351515483595,0.0,0.0,False
1,7.422200573980369,10,8,15,12.623068793134355,14.346156422587935,0.7150224033348997,18.362508589994867,2.0517188826521298,7,0.815646200166588,56.93163078922427,27,0.31535341610547973,817.0,1,175.00588701050825,51.52509406448446,44739.764999109124,0.0,198.69378607561924,0.10298406732477106,1074.640352598554,110.12658994873448,0.8055782791514859,0.0,15.088650359980598,2.0,0.01,197.57929745223618,101.01864082901693,38.4281755762034,18,27.596948601787133,11.920698682724911,10.904505536384473,False
0,1.0,2,2,21,2.5327224876282273,9.849097900937178,0.3253746798350302,8.11751784464927,4.25,19,0.03,158.91436470620712,16,0.0,201.9401688735334,4,403.7090367766018,0.0,9480.917379721082,0.0,561.9323609203195,0.051880744677589484,1519.3648736374196,0.0,1.0,0.0,6.032458423140891,2.0,0.01,73.41437673084167,1.0,0.0,8,31.946842628708623,0.0,0.0,True
0,6.8974248179105135,10,1,22,0.0,7.804977201915856,0.43164240335226645,56.40503525651797,4.248880382237194,16,0.3725387549998988,25.917996400134395,5,0.11678385922659246,73.17066043752351,1,159.0361873288745,0.0,250597.14923250634,0.0,267.22198895074007,0.187090215599738,2520.066589275678,0.0,1.0,0.0,9.061282135905085,2.0,0.01,55.04917038407928,1.0,0.0,1,129.25918361228946,0.0,0.0,False
0,6.330367023310864,0,0,48,1.7594203356956784,1.0,0.5712029571152832,8.11751784464927,0.0,4,0.9801763674021793,222.7053819470969,16,0.12021782635378009,194.3050894337043,7,72.30046311151169,0.0,249104.8335798217,0.0,16.585886547082172,0.13867916699532162,32703.916681045608,0.0,1.0,0.0,2.1356726031119546,2.0,0.01,77.30526707839803,1.0,1.0829227265275598,1,11.986236368266288,0.0,0.0,False
0,1.0,2,0,2,0.0,1.0,0.6741564150196223,8.11751784464927,0.4784994181111647,1,0.2213993675386336,25.917996400134395,1,0.0,30.15986444307326,1,35.91986805281824,0.0,10916.66037031471,0.0,1.0,0.1254981062160977,2258.104625831214,0.0,1.0,0.0,1.9874652098102292,2.0,0.01,61.74440465578151,1.0,0.0,1,52.84222227633269,0.0,0.0,True
0,5.626229555447617,7,5,27,18.948417769717725,9.846780561907009,0.4025917847268041,8.11751784464927,2.591736299713614,4,0.39578799527905684,25.917996400134395,14,0.0,129.64360874157023,1,134.7433371096591,3.8637846553133763,152746.17807459726,0.0,1.0,0.18317208326555562,1324.3972681499538,0.0,1.0,0.0,15.365365975150885,2.0,0.01,68.70008576906757,1.0,51.12313513515125,10,1.0,0.0,17.279101661842084,False
0,1.0,1,0,2,0.0,1.8348333450203134,0.4351704159769151,8.11751784464927,0.467826986207115,1,0.9064081721307328,25.917996400134395,1,0.0,32.766249637556385,4,53.608522398639366,0.0,4281.564536336957,0.0,38.73620814750249,0.13453490042879204,1800.6721605726864,0.0,1.0,0.0,8.01295618820091,2.0,0.01,77.30526707839803,1.0,0.0,1,17.738491694997364,0.0,0.0,False
0,21.517800589192582,4,10,42,0.0,1.0,0.26915549036912745,8.11751784464927,2.996361427621494,8,0.8150220446606063,507.0,9,0.0,233.12504646574916,6,175.00588701050825,38.80035845491107,16498.964715379734,0.0,47.84041470216397,0.10923303951474754,677.1650982086578,1138.8174826244624,1.0,0.0,15.944075553338992,2.0,0.01,77.30526707839803,1.0,0.0,1,1.0,0.0,0.0,True
0,1.0,24,0,78,0.0,2.761711810925072,0.844392859747287,8.11751784464927,3.8804919847738426,4,0.20500114081327547,25.917996400134395,5,0.0,147.69576393325156,1,124.49768683778952,0.0,472952.01672979683,0.0,33.57795638580615,0.10797458807119058,32688.966840576057,0.0,1.0,0.0,194.0,2.0,0.01,77.30526707839803,1.0,0.0,1,44.37642679476747,0.0,0.0,False
0,67.46615196013947,17,0,45,0.0,6.116538313377014,0.4340473954768548,53.83313881991383,2.6293482071806324,8,0.15288934602663143,55.59358324791097,12,0.0,73.17066043752351,4,175.00588701050825,0.0,40715.97832412529,0.0,832.7472737437581,0.022991402415084766,2277.020764275042,716.0434536657453,1.0,0.0,22.665524760939952,2.0,0.01,640.7838900729931,167.21836214966712,38.509835982921686,9,54.02646543902317,0.0,7.178946415673554,True
0,1.0,10,0,48,0.0,2.839271238628408,1.0,6.046411693144422,3.5085446938823086,1,0.40943245799933686,25.917996400134395,1,0.0,303.5672468469958,2,74.6513575708106,0.0,0.0,0.0,95.75963842265148,0.20064484441671343,2441.047499456499,0.0,1.0,0.0,5.792902460837904,2.0,0.01,640.8161860740294,1.0,0.0,1,21.306562970745208,0.0,0.0,False
0,1.0,9,1,2,0.0,3.7170441685813636,0.4351704159769151,8.11751784464927,2.681114048158117,1,0.9937117422811745,24.49196586500822,1,0.0,135.95090339604124,0,295.7188758243801,2.667179031763329,3842524.442757925,0.0,185.90134079752244,0.05506385539546435,1831.3637133152642,0.0,0.6057327973668134,0.0,18.993519796417637,12.826974817951594,0.13218494522942711,163.95808362553203,267.40630171799063,16.9893564753214,15,304.537186277657,0.0,0.0,False
0,5.376927301468307,10,1,47,0.0,9.356548137809742,0.9502685561423209,8.11751784464927,2.089724764356033,8,0.5035989233164415,158.91436470620712,5,0.5619492474849976,73.17066043752351,0,175.00588701050825,5.982500107301707,27383.825904796664,0.0,100.98129127948394,0.0,2825.689552781897,377.8337536238131,0.37058805990445415,0.0,22.665524760939952,2.0,0.01,197.57929745223618,63.93726108579381,24.882686017267137,15,139.17730280766634,2.9938789660666174,0.0,True
0,14.953986183566682,2,24,26,24.77227054728225,17.925275352481115,1.0,8.11751784464927,2.782652833331933,4,0.29090532998630547,56.93163078922427,34,0.0,73.17066043752351,3,74.6513575708106,0.0,53458.03048374174,0.0,3144.2767973580067,0.035695071173124523,1719.550131305434,0.0,1.0,0.0,51.50515673611313,2.0,0.01,77.30526707839803,1.0,0.0,9,85.2342165171963,0.0,10.067380556709963,False
0,1.0,2,0,22,0.0,2.955379341653834,0.8230557446212574,8.11751784464927,0.2800975935188349,1,0.3410749985693047,25.917996400134395,5,0.0,31.399344603960813,4,480.6089122466293,0.0,9226.861545850354,0.0,8.859365566850137,0.11580542947978074,2825.689552781897,0.0,0.641489989177769,0.0,22.665524760939952,2.0,0.01,77.30526707839803,1.0,0.0,1,28.887533248824383,0.0,0.0,False
0,1.0,2,0,0,0.0,2.1963306549967054,0.4351704159769151,7.817621102392361,0.05664213070483416,8,1.0,47.53609267816442,5,0.0,14.630589523173699,4,56.108017351026554,0.0,19819.885651847402,0.0,1.0,0.3589221416371713,0.0,0.0,1.0,0.0,5.63545863679251,2.0,0.046334312431911884,77.30526707839803,1.0,12.131445188610837,3,1.0,0.0,0.0,False
0,3.815452441872582,8,2,35,0.0,26.197281865711037,1.0,18.362508589994867,2.3159062690159486,8,0.5709862286655736,472.259703616271,5,0.0,73.17066043752351,4,175.00588701050825,10.47986502566129,4701624.47,0.0,500.0351647612288,0.06781162134664233,14479.96156978078,0.0,1.0,0.0,52.66432093841938,2.0,0.01,197.57929745223618,98.89390126481696,36.10502051851749,10,891.0,0.0,0.0,True
0,1.0,8,0,22,0.0,5.787453019183067,0.8309270686854082,8.11751784464927,3.4469590914687984,33,0.03,158.91436470620712,12,0.2757685281771175,152.1801641873757,1,64.08748783990228,0.0,374535.852690944,0.0,381.1075617478008,0.2818076662510569,1921.115344866516,165.24661703809613,1.0,0.0,9.061282135905085,2.0,0.01,77.30526707839803,1.0,0.0,1,241.67246973507085,3.710313054591973,0.0,False
0,1.0,0,0,12,0.0,1.679862654265675,1.0,8.11751784464927,0.1686322687243274,19,0.46189906885314064,21.591821851215194,1,0.0,201.51941553695195,4,290.9270039148558,0.0,17031.083306379103,0.0,35.75047601480662,0.13211885988034366,17515.687237169826,0.0,1.0,0.0,6.607369770710494,2.0,0.012432855469250548,67.15660483599737,69.18107926324235,0.0,7,85.04881636814285,0.0,0.0,True
0,1.0,0,0,2,0.0,1.7111635525873257,0.4351704159769151,8.012344075099966,0.21902616349799872,16,0.5410897630834415,25.917996400134395,5,0.22228998562440305,12.175426824223088,1,236.40329252755146,0.0,20145.15876490833,0.0,1.0,0.14126180575076402,24263.17935454192,0.0,1.0,0.0,10.929968413240061,2.0,0.01,77.30526707839803,1.0,6.815884465439321,1,1.0,0.0,0.0,False
0,13.432124565581487,24,5,12,0.0,13.781960726324765,0.4351704159769151,8.11751784464927,3.126300288161465,1,0.03,25.917996400134395,1,0.0,73.17066043752351,4,1535.48,1.8222326738912784,178945.9644655559,0.0,253.74047349904077,0.2401936057264491,2249.304426042042,0.0,0.599057690340776,0.0,7.270899144514875,2.0,0.030927625152713134,77.30526707839803,1.0,0.0,1,24.281785486097434,0.0,0.0,True
0,1.0,1,0,2,0.0,2.5448523708079325,0.9148818031559015,8.11751784464927,0.2237147943706668,19,0.9376161302246967,25.917996400134395,1,0.0,201.51941553695195,2,58.43897996293864,0.0,242042.56470995964,0.0,1.0,0.12951552391617172,1253.9628511228332,0.0,1.0,0.0,6.436028177348038,2.0,0.01,77.30526707839803,1.0,0.0,1,19.866199288436036,0.0,0.0,False
0,6.679154358619346,4,0,10,29.172971564370656,4.5959640107657815,0.601658275388326,8.11751784464927,0.2596183733509141,3,0.9902025095496625,24.8918436096,1,0.0,303.76105116787244,7,71.73053802330827,0.0,11316.676965408129,0.0,1.0,0.2031902651885194,704.9944329925204,0.0,1.0,0.0,5.84036696312398,2.0,0.01,69.66140928039097,1.0,0.0,1,78.68642043280775,0.0,19.874174305460464,True
0,4.391016843043028,2,8,8,4.72312001620474,6.116538313377014,0.3041674424430982,8.11751784464927,1.9511914277494231,8,0.4803176648765992,56.93163078922427,4,0.0,73.17066043752351,6,175.00588701050825,18.24319273206183,718431.4913745958,0.0,309.29132374915787,0.04292966040210722,27408.243059768785,0.0,0.5598316334170148,0.0,16.68989019438519,6.172097934103633,0.2461349611998734,77.30526707839803,122.48131996521045,69.96736046243197,10,15.710394405031785,0.05769708280993614,23.46643965273273,False
0,1.0,1,0,1,0.0,1.4252375584024932,1.0,6.965375051470745,4.25,1,0.9743810076852654,25.917996400134395,16,0.0,560.9499537702474,4,45.40114944006664,0.0,27556.835076247567,0.0,1.0,0.44748995487037857,770.8012992444734,0.0,1.0,0.0,2.685783145263197,2.0,0.01,69.17787722213467,1.0,0.0,1,3.8054314814479984,0.0,0.0,False
0,1.0,0,0,12,0.0,1.0,0.9148818031559015,8.11751784464927,0.37648181035894357,19,0.9341316237137874,25.917996400134395,15,0.0,185.7352064801322,1,55.668303030426934,0.0,292278.3996992007,0.0,7.445894585533402,0.2201786408786613,2820.4763860747535,0.0,1.0,0.0,44.91411516389316,2.0,0.01,66.0040608826517,1.0,0.0,1,11.984800934306312,0.0,0.0,False
0,3.3048816754580344,8,0,22,0.0,1.0,0.9148818031559015,8.11751784464927,0.30707109483945955,17,0.2008058351069124,56.93163078922427,1,0.0,32.766249637556385,7,305.08025345692636,0.0,107095.7261212891,0.0,27.760000138432673,0.013433925258622983,2618.197234663366,0.0,1.0,0.0,61.67732098659515,2.0,0.01,77.30526707839803,1.0,0.0,1,43.74918325330171,0.0,0.0,False
0,1.0,0,0,2,0.0,2.5153586021289205,0.6741564150196223,8.11751784464927,0.14152813640093426,1,0.9543506570315743,158.2972081265737,1,0.0,28.51911590701973,3,66.88023619663895,0.0,3652.124922291851,0.0,1.0,0.1834659692148613,1611.1920084910837,0.0,1.0,0.0,5.8248369368233135,2.0,0.01,77.30526707839803,1.0,4.41788420870617,1,25.932170726493137,0.0,0.0,False
0,2.178632953802502,22,4,42,0.0,2.761990134380058,1.0,8.11751784464927,0.0721379727732241,17,0.4698685730361838,25.917996400134395,5,0.0,153.1712469382318,2,148.14048493876192,23.410027407276548,606710.5673222871,0.0,1.0,0.10996550483566528,790.1574252503933,0.0,1.0,0.0,0.0,2.0,0.01,59.34371535977934,1.0,8.728636084211502,6,3.7240491148370793,0.0,0.0,True
0,1.0,1,1,2,0.0,8.251168671411886,0.6741564150196223,3.038415264462052,2.4534922639074095,8,0.9836750815557226,25.917996400134395,16,0.0,128.4889468388564,1,36.89013956060324,0.0,18595.35830507547,0.0,3.1151229999941137,0.19334754936553192,1122.6563735471739,0.0,1.0,0.0,3.8646969941422427,2.0,0.01,63.277075587695435,1.0,0.0,1,3.4904711077639448,0.0,0.0,False
0,1.0,0,0,2,0.0,4.3298793483267195,0.4351704159769151,5.900341601260247,0.2428134581590668,1,0.18146965373145962,8.709612957857644,1,0.0,97.57014797076603,4,42.581659500889614,0.0,5783.758947946593,0.0,1.0,0.22127415813915235,7754.251108311049,0.0,1.0,0.0,132.8502046363057,2.0,0.01,69.65612085825667,1.0,0.31696955354412637,1,14.17802174458898,0.0,0.0,False
0,1.0,0,4,78,17.095812907700445,6.116538313377014,1.0,8.11751784464927,1.9930438778324169,8,0.34848724391809804,125.06395460304225,16,0.24856307136164346,73.17066043752351,7,175.00588701050825,42.2232379093006,4701624.47,0.30526673467302745,304.5169875353661,0.07054001218578257,43365.4848056292,723.0168641830915,0.3462997880260401,0.0,19.048197100539266,2.0,0.06119433999123908,77.30526707839803,150.76820631316662,23.11603159604805,10,110.56625250273684,8.414857661674027,36.469231275071806,False
0,1.0,0,0,2,0.0,3.01885650439307,0.9148818031559015,8.11751784464927,0.496051389830174,4,0.03,507.0,16,0.0,201.9401688735334,4,392.30628811638604,0.0,14726.648105553279,0.0,77.10114838034465,0.280166143357778,2825.689552781897,0.0,1.0,0.0,194.0,2.0,0.01,77.30526707839803,1.0,0.0,1,47.078056233035184,0.0,0.0,False
0,1.0,0,0,2,0.0,1.0,0.4351704159769151,8.11751784464927,0.3959363083912952,1,0.9101655401789926,25.917996400134395,1,0.0,32.766249637556385,5,47.51896609358859,0.0,0.0,0.0,1.0,0.34685496319460796,1349.0004635661705,0.0,1.0,0.0,6.675937913997254,2.0,0.01,77.30526707839803,1.0,0.0,1,1.0,0.0,0.0,True
0,1.0,2,0,10,0.0,1.0,0.8809856745787428,6.434574366711283,4.25,19,0.9587746911765127,413.70814818615435,16,0.0,56.25207797847793,1,148.85822015351346,0.0,83487.65452290652,0.0,58.725256181700246,0.21099286763990338,1518.7063313836666,0.0,1.0,0.0,19.274566422434134,2.0,0.01,77.30526707839803,1.0,0.3294523611575624,1,67.89063282206028,0.0,0.0,False
0,22.47822180356203,0,0,42,0.0,2.770303888960512,0.9555227229389043,8.11751784464927,2.6891826253461786,1,0.9857930391665339,414.2795756355257,4,0.0,111.95125586262289,0,38.3145409443366,0.0,5529.27476894464,0.0,13.640976686329747,0.08337433488850515,451.3236522083797,0.0,1.0,0.0,4.464413930871366,2.0,0.01,77.30526707839803,1.0,2.5307286366583224,1,13.780189614930501,0.0,0.0,False
0,36.923274958354604,0,3,28,0.0,24.82189798596017,0.7885022976161555,7.541321568590854,2.782462623944209,16,0.7054881352924607,158.2972081265737,1,0.0,73.17066043752351,4,175.00588701050825,0.0,117932.2116141318,0.0,6.668228605540037,0.06461992720848708,854.0711974517399,0.0,1.0,0.0,34.046377664293864,2.0,0.01,77.30526707839803,1.0,9.627613831906828,4,26.227587714954588,0.0,0.0,False
0,6.483275729383095,0,0,12,0.0,23.041769072833656,0.62445022076711,8.11751784464927,0.19120348046398702,4,0.6820961178190119,20.35422156433485,34,0.0,172.3910280185932,3,341.4794542055863,0.0,89405.41828101751,0.0,1.0,0.29703266645186455,23623.55236586132,0.0,1.0,0.0,194.0,2.0,0.0569183539777649,74.98527479429548,98.8990339730658,3.3527438671929026,1,48.141338139346665,0.0,2.05982252469407,False
0,1.0,8,0,2,0.0,1.0,0.9148818031559015,8.11751784464927,1.9775319851002027,13,0.965178670939448,25.917996400134395,15,0.0,24.77251594472373,4,53.202368779642576,0.0,0.0,0.0,1.0,0.26354481454490636,0.0,0.0,1.0,0.0,4.260749154741828,2.0,0.01,56.483374923107945,1.0,0.0,1,7.664513098045369,0.0,0.0,False
0,1.0813679488199617,5,6,48,0.0,1.0994480235094999,0.9148818031559015,8.11751784464927,0.14110695020314756,4,1.0,25.917996400134395,15,0.0,174.62353773012177,1,305.40370335861707,0.0,11963.224565199424,0.0,1.0,0.20935825398254512,36850.05250391205,0.0,0.5151833027776926,0.0,13.743221612895294,2.0,0.01,68.02031333034355,1.0,4.468844704541727,1,14.871477060459345,0.0,2.3894864294007148,False
0,1.0,2,0,22,0.0,1.0,0.9148818031559015,8.11751784464927,0.31115225290965626,15,0.9519885116644528,24.482975392243322,16,0.0,32.766249637556385,4,47.77724023186726,0.0,4336.551414768358,0.0,1.0,0.06083127339337322,1633.623262926679,0.0,1.0,0.0,9.061282135905085,2.0,0.01,55.56402318424785,1.0,0.0,1,73.15514006049938,0.0,0.0,False
1,1.0,1,5,33,0.0,21.45519047712364,0.3826301948884472,8.11751784464927,2.292396768542283,34,0.7813058663259993,125.06395460304225,1,0.0,73.17066043752351,1,152.58088499094995,2.826996018701042,39210.78373044216,0.0,57.28842117245725,0.10125526096524935,49216.42596768523,0.0,1.0,0.0,11.911423535695363,2.0,0.01,75.73595165563637,3.3506366236068033,26.255517775430206,4,97.8983682722943,0.0,11.866487357794382,True
0,1.0,2,0,2,0.0,1.0,0.6397685543972103,8.11751784464927,0.3149150206933865,4,0.9432314503861567,20.061601271207493,1,0.0,29.467897289918334,1,47.1279490423107,0.0,0.0,0.0,1.0,0.16381267317283207,107.05393394677125,0.0,1.0,0.0,2.908151236829197,2.0,0.01,40.09266827774134,1.0,0.0,1,17.805105696871237,0.0,0.0,True
0,3.5086796660055772,1,0,2,0.0,1.0,0.8777061701412086,8.11751784464927,0.496051389830174,32,0.6558697625251521,25.917996400134395,1,0.0,31.810135115303396,7,69.57838647919601,3.7094857257037344,0.0,0.0,165.89806355067685,0.21920834630942876,807.4060141979996,0.0,1.0,0.0,7.217911757435034,2.0,0.01,44.38164928225802,1.0,3.725627906962747,1,69.3960413915601,0.0,0.0,False
0,2.6557685300209015,3,0,1,0.0,3.41063684987129,0.4351704159769151,8.11751784464927,3.5311582445150873,16,0.9392322017938523,472.259703616271,16,0.0,32.766249637556385,2,175.00588701050825,0.0,25044.4625515343,0.0,127.74499757971245,0.21230073062568527,49334.742036441785,0.0,1.0,0.0,5.960431301246289,2.0,0.01,2733.0,9.483816182615087,0.0,1,91.36760869242909,0.0,0.0,False
0,69.35208005441223,11,0,43,42.14774078728227,19.388840093103212,0.6741564150196223,28.621880856326978,2.064505401057228,34,1.0,25.917996400134395,12,0.0,73.17066043752351,5,495.59882327119533,0.0,640443.9541671708,0.0,128.38572942416877,0.3677124885711587,8085.765164131,0.0,0.5518209830005119,0.0,10.207238397058468,2.0,0.01,77.30526707839803,1.0,15.230815140993938,6,33.7702152628618,0.0,14.399367430135039,True
8,14.955395146560313,19,6,20,19.60592117826831,5.919482635943005,0.914060667924028,18.362508589994867,0.0,8,1.0,56.93163078922427,12,0.8800293686649807,73.17066043752351,5,697.2911623244224,0.9975789174849368,38383.458905264415,0.0,1.0,0.0976016104506843,1654.2390967594656,134.43375693530197,0.6516961754910936,0.0,16.21951326983057,2.0,0.01,197.57929745223618,1.0,36.92414193975544,14,46.77212995355878,0.0,28.210248181320296,False
0,9.373784865547938,20,8,19,34.83012692300503,62.769672491303695,1.0,8.11751784464927,0.3439131873165766,4,0.3901173945878783,56.93163078922427,16,0.07797550912675633,73.17066043752351,1,1535.48,12.425097597239523,698431.4313112379,0.0,200.37789657301897,0.06891654288117359,2565.1891060885823,0.0,0.3729944878953969,0.0,13.98000767622923,2.0,0.01,197.57929745223618,69.93193720896511,58.16906080765398,17,49.57140164052174,0.0,61.56083929234463,False
0,1.0,10,0,12,0.0,2.5937285748715055,1.0,7.930840878188587,0.496051389830174,1,0.9434933231032294,507.0,1,0.0,201.9401688735334,5,52.19172214314674,0.0,2412.539338707484,0.0,1.0,0.1772185333281748,2674.060516576252,0.0,1.0,0.0,6.716811088464038,2.0,0.01,73.13832604118355,1.0,0.0,1,29.427846623822568,0.0,0.0,False
0,1.0,0,0,2,0.0,1.7672720955929104,0.4351704159769151,6.164293502156664,0.25980448498383485,1,0.3933062572134256,25.917996400134395,1,0.0,27.93043853340491,5,48.443217931135834,0.0,0.0,0.0,1.0,0.12471738427927848,1595.8675381184687,0.0,1.0,0.0,3.240498205155337,2.0,0.01,47.769023200139436,1.0,0.0,1,1.0,0.0,0.0,False
0,3.82211785089084,2,0,2,0.0,1.0,0.4351704159769151,8.11751784464927,3.748690626767626,1,0.3359376810234474,158.91436470620712,1,0.0,30.706911587379615,0,332.86146657802396,0.0,22295.330936705068,0.0,85.07916738262627,0.2634412151558811,1980.4454491741744,0.0,0.6229617602421117,0.0,8.733705336263721,2.0,0.01,67.20391095543648,1.0,0.0,1,5.994601719010735,0.0,0.0,False
0,3.39626810679339,9,0,22,0.0,3.9706668553404105,0.3072965016980407,8.11751784464927,2.8138187981981986,15,0.9741679741694278,125.06395460304225,1,0.0,27.259569941928625,4,50.89336498264818,0.0,0.0,0.0,1.0,0.3223421269318111,23616.067219644774,0.0,1.0,0.0,13.044359956836907,2.0,0.01,65.29510497348585,1.0,4.848333614763993,1,78.13431384353417,0.0,0.0,True
0,2.037370125147596,0,0,48,0.0,2.763239708991641,1.0,8.11751784464927,0.44636541623246134,16,0.9707591326710175,25.917996400134395,1,0.0,73.17066043752351,5,697.2911623244224,0.0,28185.291530722858,0.0,62.85637000601444,0.2910978074608723,2047.853143505449,0.0,1.0,0.0,9.061282135905085,2.0,0.01,77.30526707839803,1.0,0.0,1,17.934227804523584,0.0,0.0,False
0,1.0,0,0,42,0.0,1.0,0.6741564150196223,5.487338537106855,0.4384760268818682,4,0.913528372179888,25.917996400134395,16,0.0,179.59573545188832,0,53.26638717082568,0.0,0.0,0.0,26.40348359331318,0.08509930784023088,1414.6941837514808,0.0,1.0,0.0,194.0,2.0,0.01,70.62001616070484,1.0,0.0,1,6.114428530320404,0.0,0.0,False
0,20.180035811336044,1,1,19,26.701921913375458,3.0250651716717734,0.4458659654426811,154.0,4.25,19,0.2007808766257878,222.7053819470969,1,0.0,201.9401688735334,3,69.39238092787616,0.0,477751.7213458427,0.0,114.57966192558621,0.0,2825.689552781897,0.0,1.0,0.0,59.31456384433933,2.0,0.01,68.79060363169086,1.0,25.71917896528484,16,17.27421227465061,0.0,9.767907148500171,True
2,12.04888170652544,9,0,22,26.192426047499286,2.6866968758700627,0.9148818031559015,56.7275309688563,2.494578180445103,8,0.32522595426318424,158.2972081265737,15,0.0,73.17066043752351,0,312.11385070072805,0.0,35429.90693796305,0.10578278914907127,200.79667479721476,0.07449766900448207,2825.689552781897,81.57679915766585,0.29813978123943113,0.0,19.9084114537356,2.0,0.01,77.30526707839803,2.0146421657885227,35.542607349086836,12,64.48868989899164,0.0,36.52056709147959,False
0,1.0,0,20,43,0.0,2.928623839873761,1.0,63.594473407864925,0.14596358313116767,17,0.980948294902308,15.709714672104386,1,0.0,50.838042886007344,4,113.24943343415433,0.0,16362.528743515544,0.0,6.856334891857472,0.15073697940853134,1852.0556506801568,0.0,1.0,0.0,4.789758868415502,2.0,0.045025804251835666,71.66060594848071,1.0,13.653815212088457,7,13.693336610854134,0.0,0.0,False
0,5.042806609010736,0,0,42,2.523791168380839,2.42537996099697,0.4351704159769151,8.11751784464927,3.061328217940916,1,0.7109939209786104,25.917996400134395,12,0.0,73.17066043752351,3,397.96963968649766,0.0,10507.148589983286,0.0,498.5101143160786,2.0,9543.884869461366,0.0,0.3682235585122153,0.0,60.35829497510722,2.0,0.01,1468.9893550365687,43.667961871604135,0.0,10,37.73391645716671,0.0,14.399147219350509,False
0,1.0,2,0,48,0.0,3.948896124133971,0.9266845132717254,8.11751784464927,2.6963645704134933,1,0.8044236119784294,25.917996400134395,5,0.0,201.9401688735334,0,175.00588701050825,0.0,11951.518826827709,0.0,441.4872578320964,0.2346094007443851,2014.8956791144142,0.0,0.5680168067559255,0.0,110.23082544843614,2.0,0.01,640.7838900729931,1.0,81.19297914567886,1,47.96618056104548,0.0,0.0,True
0,1.9341383263804037,9,3,12,0.0,1.0,0.5396129339145718,8.11751784464927,0.009861619748798796,1,0.5360236514438776,125.06395460304225,16,0.0,31.932393394229777,1,50.10509983175679,0.0,114149.50350548874,0.0,59.29329318703221,0.06660555124608981,381.2319907625597,0.0,1.0,0.0,10.386786349331942,2.0,0.01,47.385874013731566,1.0,0.0,1,15.217318435256882,0.0,0.0,False
0,1.0,1,0,2,0.0,3.432581188777374,0.4351704159769151,6.500879150925752,0.3120412552803221,1,0.9664421817747331,25.917996400134395,12,0.0,20.95532574612241,1,74.6513575708106,0.0,19279.960319709568,0.0,1.0,0.3378740224982742,1200.081550391864,0.0,1.0,0.0,6.6661029871721,2.0,0.01,77.30526707839803,1.0,0.0,1,11.498066155915819,0.0,0.0,False
0,1.0,0,0,41,0.0,2.012174988046135,0.9148818031559015,6.47054286100494,0.4080655843639477,1,0.34073079520476046,22.10578325528482,15,0.0,29.43844125062875,3,37.037441918621596,0.0,13655.219813558164,0.0,1.0,0.17652895537113197,238.33990917107502,0.0,1.0,0.0,16.666190320101585,2.0,0.01,77.30526707839803,1.0,0.0,1,85.83016619943136,0.0,0.0,False
2,1.0,4,0,14,1.6718466641307845,14.346156422587935,0.6741564150196223,108.08319080544095,0.020345034759597185,34,0.8363287132661177,507.0,3,1.4607094517005148e-06,73.17066043752351,1,676.3741404535143,3.7285751225118826,888223.2369465093,0.0,62.26492734694,0.08556508799045347,1434.4920915088542,635.1761532621263,1.0,0.0,11.120677503472752,2.0,0.09673182144377826,77.30526707839803,108.24697117525804,12.236583260978772,9,1.0,0.0,40.89572280257052,False
0,1.0,3,1,42,0.0,1.0,0.9041325651773366,8.11751784464927,2.8895514968401406,8,0.9780205044113103,56.93163078922427,34,0.0,175.39291581821982,1,288.6301534853501,1.0623416270456083,203551.9994069424,0.0,128.7513210178173,0.3558333033455348,1874.6557084315625,0.0,1.0,0.0,8.590460990977833,2.0,0.01,640.7838900729931,1.0,0.0,6,36.320224579595624,0.0,0.0,True
0,11.050797399490087,2,3,18,21.955568741777945,27.195816008859037,0.6741564150196223,18.362508589994867,2.9450984877301343,8,1.0,56.93163078922427,4,0.0012429059833816193,73.17066043752351,4,175.00588701050825,46.50276490463937,770684.2093894208,0.0,38.78149879594434,0.09403335189321746,1900.4757380246824,0.0,0.7547626121006323,0.0,21.075079208246933,3.5401078951148666,0.2069266930104281,197.57929745223618,47.80671953216357,73.28708155133566,27,1.0,0.0,29.75343274330571,False
0,2.910311218176948,2,0,39,0.0,2.522325707085364,0.6741564150196223,8.11751784464927,3.113847622360909,1,0.5307781177693914,25.917996400134395,16,0.0,22.553956439793303,0,269.2298708570084,0.0,5510.804404937419,0.0,173.74713408074655,0.2812058723765558,227.24918369813577,0.0,0.6287047691291126,0.0,6.342888069470022,2.0,0.01,77.30526707839803,1.0,0.0,1,1.0,0.0,0.0,False
6,1.0,2,0,8,13.477668541821954,12.98916282194958,0.7914688451559222,8.11751784464927,2.743131576871739,4,0.7517253517395353,23.338261838877624,3,0.0,49.554189709200614,1,253.2516337968729,0.0,0.0,0.0,31.583832907797728,0.307173402770605,0.0,0.0,1.0,0.0,7.326588015047218,2.0,0.01,2733.0,1.0,5.425288808941281,16,17.244036060796684,0.0,0.0,False
0,1.0,3,0,2,0.0,1.4316169524449884,0.9148818031559015,7.918687279514863,0.0,45,1.0,25.917996400134395,1,0.0,24.450952311541677,1,52.962992672749266,0.0,680827.7620071805,0.0,1.0,0.44959776499956333,0.0,0.0,1.0,0.0,4.770189891407146,2.0,0.01,77.30526707839803,1.0,4.908600927954972,1,4.330242698221152,0.0,0.0,False
0,1.0,24,0,2,0.0,2.356054279275136,0.6550110331444139,8.11751784464927,0.24338462432051872,1,0.9247122742672118,125.06395460304225,5,0.0,32.766249637556385,2,47.96522583017329,0.0,3712.634567145077,0.0,1.0,0.054488076718737954,1839.4299401395876,0.0,1.0,0.0,6.445784784317927,2.0,0.01,62.14583369545185,1.0,0.0,1,51.385553440728984,0.0,0.0,False
0,2.225245866398457,0,0,34,0.0,1.0,0.9126932335208311,8.11751784464927,2.1957934225369007,8,0.315441025475806,472.259703616271,1,0.0,22.887135788163953,3,63.43461974082174,0.0,0.0,0.0,59.583908591700904,0.06598278987326503,44930.942530516615,0.0,1.0,0.0,7.11786392732242,2.0,0.01,73.29738143074572,1.0,0.0,1,5.225442564609434,0.0,0.0,False
0,1.0,0,0,2,0.0,1.0,0.9041325651773366,8.11751784464927,0.46719478406200543,1,0.9064081721307328,25.917996400134395,1,0.0,32.766249637556385,1,67.97250268465147,0.0,11941.736010646266,0.0,46.128077973657135,0.017669188203880942,2307.4398992661527,0.0,1.0,0.0,9.061282135905085,2.0,0.015536224137740473,77.30526707839803,1.0,0.0,1,20.917961619612726,0.0,0.0,False
0,3.76093437180614,0,5,11,23.06149410263867,14.346156422587935,1.0,8.11751784464927,2.2870072240008392,16,0.9376779161308048,25.917996400134395,4,0.7739659307618922,73.17066043752351,3,175.00588701050825,5.809125947194772,41453.98213520513,0.0,46.7261411784458,0.18561189958698965,4686.588652049191,0.0,0.9981154897236879,0.0,13.405790781742269,2.0,0.01,469.80932515709225,1.0,70.23317273963664,12,101.11687152592356,0.0,43.85417088204139,False
0,21.17048674318882,8,0,1,0.0,3.8702463248394334,1.0,8.11751784464927,0.1317729648074282,1,0.17967955568834948,56.93163078922427,16,0.0,32.766249637556385,2,495.59882327119533,0.0,394622.18107357324,0.0,16.295847484658342,1.3575341497466278,956.9072913360633,0.0,1.0,0.0,47.12198031489095,2.0,0.01,196.12723105261142,2.301639564489882,0.0,3,68.76663948465296,0.0,0.0,False
0,1.0,0,1,2,0.0,4.700065075459756,1.0,7.987441144554565,2.46782476443369,4,0.43506583005595384,56.93163078922427,1,0.0,62.79985835197174,1,119.54894783869955,4.829865141304943,404447.6685322005,0.9234175634546169,1.0,0.22253513550117288,2380.713845232348,0.0,0.6131708925489062,0.0,1.1942830727903533,2.0,0.01,77.30526707839803,56.50107605998801,15.558708156887878,5,57.3408351049394,10.853913241011501,1.4589475973898072,False
0,6.175426946543732,20,0,48,11.870627328133763,27.027758653027597,1.0,17.437943524938323,3.364583973329848,8,0.38809598627407865,25.917996400134395,16,0.0,148.19095692405168,6,175.00588701050825,1.086225045015624,607679.5801141801,0.3756853384285754,594.1442146877387,0.09968895512940659,41493.274069405066,0.0,1.0,0.0,19.8320845603808,2.0,0.01,428.65519171428184,51.92481428073526,15.588483297496317,5,189.88014865736875,0.0,67.0964760414643,False
0,1.4610725256361394,0,0,2,0.0,2.080096839830186,0.6311361322600547,8.11751784464927,0.024336075080869806,8,0.21231929548891576,56.93163078922427,16,0.0,20.696707629473227,2,171.2547080353467,0.0,19269.846475635328,0.0,1.0,0.0681811102934267,1573.425219515141,0.0,1.0,0.0,13.151631490042252,2.0,0.05169787383006913,56.569476935585705,1.0,13.578952616058766,9,41.43266420976896,0.0,0.0,False
0,1.0,0,0,48,0.0,1.0,0.6741564150196223,7.19903556292964,0.0,4,0.5733180304673418,17.721882501016093,1,0.0,105.12228332895444,4,84.03883806398831,0.0,1203.0175805109748,0.0,6.800170586395929,0.3736124035467512,806.6073382792833,0.0,0.5250973071116862,0.0,4.76891485315672,2.0,0.18832789994855642,54.460495167517664,1.0,0.7431749520035709,3,1.0,0.0,0.0,True
0,1.0,0,0,9,0.0,1.4571100093457012,1.0,50.99112910679558,0.19999875696046707,1,0.5011993692812926,18.90320488512114,1,0.0,129.0838315509357,1,47.1886110505299,0.0,186199.7434788919,0.0,125.79661493081662,0.18602965745686217,2269.914279243622,0.0,1.0,0.0,7.402451581407292,2.0,0.09702357111325091,62.91828952971053,1.0,0.0,1,264.9656502374204,0.0,0.0,False
0,1.0,22,0,48,0.0,1.5956380248945454,1.0,5.448218189245023,0.06611779219592133,1,1.0,14.638548684357893,5,0.0,17.09365120312521,3,49.03622479929332,0.0,431841.36470211524,0.0,1.3046175710695138,0.4569472101818278,5643.80596424284,0.0,1.0,0.0,14.360919397029203,2.0,0.03484773978771313,66.62975152147328,1.0,0.0,1,22.945456811320163,0.0,0.0,False
0,5.207220676818148,1,2,2,0.0,13.932018858912038,0.6395076497503454,28.621880856326978,4.25,13,0.6243140344310459,222.7053819470969,1,0.0,277.8006782690662,0,310.14692650045345,0.0,40187.92474354534,0.0,153.55207057260162,0.0583140557768666,2190.934512074627,0.0,1.0,0.0,13.837314303632944,2.0,0.015536224137740473,77.30526707839803,1.0,5.502957087795393,5,12.376730342818846,0.0,0.0,False
0,31.63788528997959,6,0,41,4.551421308494781,3.9801857179138516,0.6129631178460394,56.7275309688563,2.080795460150891,1,0.9914592692453624,56.93163078922427,1,0.0,32.766249637556385,2,74.6513575708106,0.0,28905.409070456928,0.0,128.00113392533262,0.28037774487936956,2825.689552781897,0.0,0.9785320487904174,0.0,17.64659363990411,2.0,0.01,76.34010707646817,6.3000676933921795,0.0,1,10.279657511057433,0.0,0.0,False
0,1.0,0,0,1,24.091761359554212,3.7890187142471428,0.34385817628467247,5.528056059302905,4.25,29,1.0,20.8763627192922,14,0.21230197449979454,50.90443489443826,0,54.13123290673343,0.0,24502.695035716628,0.0,32.87838034658949,0.021940075488508015,875.8470868439106,219.0597746169551,1.0,0.0,3.7707714627156816,2.0,0.01,77.30526707839803,48.06718565137473,11.056362798283686,1,68.74818791142556,0.0,339.6748192486946,False
0,1.0,4,0,42,0.0,1.0,1.0,56.40503525651797,0.496051389830174,13,0.9535612631921075,25.917996400134395,12,0.0,201.9401688735334,1,50.95115232549567,0.0,9088.230159323162,0.0,251.09882915283976,0.05792186975836168,18795.169404105323,0.0,1.0,0.0,5.836515940240632,2.0,0.01,416.9885682739447,2.6993089146671885,0.0,2,133.27545021855332,0.0,0.0,False
0,9.604607559017552,1,4,2,0.023003677048325955,2.4328454991704485,0.9041325651773366,5.920660272641047,2.0084702529122764,8,1.0,25.895220145839044,5,0.21142010055266508,79.45663019075077,4,40.053313105568904,0.6949842364470253,19932.938405446814,0.0,1.0,0.4181643341015558,9355.222849658858,0.0,0.6663051705894156,0.0,11.938946187246904,2.0,0.1460974525556582,54.67033989911375,1.0,33.81991680337534,2,5.789334243561029,0.0,12.255771304230299,False
0,1.0,0,0,2,0.0,1.2138238072808967,0.9148818031559015,7.203015269158499,0.3177337283247281,1,0.9144442392008864,22.60583838092161,1,0.0,12.112548241305996,6,99.20695996002843,0.0,0.0,0.0,1.0,0.20813226441790067,2101.677777755734,0.0,1.0,0.0,8.777453650417277,2.0,0.01,77.30526707839803,1.0,0.0,1,14.54492707739758,0.0,0.0,False
0,1.0,2,1,10,8.525074963204244,20.07590980008137,0.5206574525677096,56.7275309688563,1.7197867994236937,34,0.38494623590153865,56.93163078922427,5,0.1180364985425505,73.17066043752351,1,149.6386959242065,29.899078411871503,25762.205033419643,0.8446137770754472,117.64999394233948,0.21537238257477165,7212.569879465927,0.0,0.2969459736607659,0.0,18.303089265889845,11.320046402035535,0.1632526757375473,69.27655910850703,1.0,20.051958330599938,15,24.66667741849639,12.45744331519776,15.020604615905427,False
0,1.0,1,0,21,0.0,3.0934862043682037,1.0,4.960949324830757,3.4363313660251906,4,0.9863106164515594,20.8295385589259,13,0.0,190.1323748728197,4,180.25502050464695,0.0,3455.2319538114502,0.0,91.63817857723882,0.20395564074229694,1736.440480443756,0.0,1.0,0.0,8.04647263626285,2.0,0.01,58.19008687363793,20.053921489028056,0.0,1,53.41252247149175,0.0,0.0,True
0,1.0,0,0,2,0.0,1.0,0.7150224033348997,8.11751784464927,3.3959084491846254,1,0.9370276673490048,25.917996400134395,1,0.0,31.33483655145411,1,72.11884306710274,0.0,0.0,0.0,1.0,0.3063089548051161,1382.3502573643682,0.0,1.0,0.0,5.4544320813277665,2.0,0.01,77.30526707839803,1.0,0.0,1,7.321987459264287,0.0,0.0,False
0,1.0,0,0,12,0.0,1.0,0.4351704159769151,6.605692513917211,0.13882505594360245,1,0.9490739663318306,25.917996400134395,1,0.0,16.52409878604132,1,29.027153233980517,0.0,0.0,0.0,1.0,0.43667722999786884,479.6890104088834,0.0,1.0,0.0,0.0,2.0,0.01,53.925555548207065,1.0,0.0,1,1.0,0.0,0.0,False
0,1.0,1,0,2,0.0,2.158199245655453,0.9148818031559015,8.11751784464927,0.1454439753161595,1,0.9650508640297295,21.781891091307955,1,0.0,180.88981625743855,2,46.953983302759816,0.0,14004.263159317732,0.0,18.817020674985166,0.19155733581263573,1076.8797999539213,0.0,1.0,0.0,7.460031707894218,2.0,0.01,77.30526707839803,1.0,0.0,1,4.296006342986717,0.0,0.0,True
0,1.0,1,0,42,0.0,1.0,0.40591953680663095,8.11751784464927,0.42324610544223046,1,0.248777283422537,25.917996400134395,1,0.0,26.407783569503202,4,52.75353623319039,0.0,0.0,0.0,1.0,0.04220619413903126,906.5109417882122,0.0,1.0,0.0,39.75573172570004,2.0,0.01,69.98600606020906,1.0,1.1309317262098038,1,8.02226737418951,0.0,0.0,True
0,1.0,19,0,12,0.0,4.545463786441925,0.4351704159769151,56.7275309688563,0.35582397318199116,1,0.43840216318908587,472.259703616271,16,0.0,73.17066043752351,4,69.69306029043284,0.0,0.0,0.0,103.7711227127509,0.0051135255652340825,40144.33699491908,0.0,1.0,0.0,6.359450048863651,2.0,0.01,65.41128775715502,1.0,0.0,1,11.303838815653148,0.0,0.0,False
0,1.0,0,3,2,0.0,3.141327091620117,0.6490829411065631,7.273862218334483,0.07701680524379527,1,0.4964804112352863,25.917996400134395,1,0.0,23.3535689148833,1,37.16589942187191,6.739820380082072,409994.11758298567,0.0,1.0,0.16775126652583222,2003.2016014000765,0.0,1.0,0.0,3.2205579032548144,2.0,0.01,77.30526707839803,1.0,132.28014288746675,1,16.059407905804417,0.0,0.0,True
0,1.0,2,0,1,0.0,4.683767997115343,0.6741564150196223,5.558693423000072,0.25113384670720806,4,0.93518912708394,35.89641536467296,1,0.0,101.78778235061718,1,108.99037127915133,0.0,884229.9802522927,0.0,1.0,0.204464904583471,603.6148844596557,0.0,1.0,0.0,4.854409225760335,2.0,0.01,65.21884500781248,1.0,0.08695930798556262,1,35.17379920742949,0.0,0.0,False
0,1.0,13,0,40,0.0,2.9634334362333044,0.6363103340504552,8.11751784464927,2.0962028977776948,1,1.0,24.620747806830654,4,0.0,24.310901417419416,2,95.21719536883232,4.109353259152542,173899.99257377698,0.0,1.0,0.11353738944090849,482.42662565430055,0.0,1.0,0.0,14.611986866159825,2.0,0.2389082008797409,66.64626326833746,1.0,7.681220045015515,2,2.9347559976591437,12.533327626057226,26.715597169907248,True
0,22.333517663035813,8,4,2,8.995630634567299,3.9022295978694093,0.43283675510948505,8.11751784464927,3.1776517708551784,8,0.6232830899905121,25.917996400134395,16,0.0,181.82063901974655,2,697.2911623244224,0.0,17132.44512366705,0.0,105.93979979306809,0.07223191029685977,1539.4365447882822,0.0,1.0,0.0,45.039537499780245,2.0,0.01,640.8161860740294,1.0,4.845931995539752,3,18.552665080211874,0.0,0.0,False
0,1.0,17,7,14,0.0,12.10777877488955,0.5475063570211958,8.11751784464927,0.0032841395223370917,4,0.6302625623061545,222.7053819470969,1,0.01191071242014128,52.92686487164619,6,26.770366138164587,0.0,139459.0226052966,0.0,1.0,0.2185661235875344,0.0,0.0,1.0,0.0,0.0,2.0,0.1205686644377446,48.25963474934906,1.0,19.945069738725113,2,14.192952415988884,0.0,0.0,False
0,49.47062587059924,8,0,42,2.4494604347425186,3.0177020006646256,0.9041325651773366,108.08319080544095,2.7751736444685404,1,0.915185016766604,25.917996400134395,32,0.0,201.9401688735334,2,1535.48,0.0,4701624.47,0.0,397.3209975705897,0.030185631060132,27895.137812208315,0.0,0.8301719965263874,0.0,24.267826249895254,2.0,0.01,62.34303143223111,80.1195983577394,8.38675845527603,19,68.91169605216916,0.0,0.0,False
4,5.191332095574152,2,7,10,3.426896192631837,2.8361404129050194,0.4351704159769151,8.11751784464927,1.8984839620170066,7,1.0,56.93163078922427,7,0.0,23.13331654488283,3,337.88875793979673,34.0548924319281,32142.931835388255,0.0,98.04562653945933,2.0,1115.421753492149,207.60469034480207,0.9808316710487093,0.0,15.364579015451383,4.740676020812627,0.31578385605109216,2733.0,1.0,32.23000209733646,17,3.5893068361723657,0.42491118356298496,0.0,False
0,2.0824635822683457,0,0,2,0.0,1.0,0.633759948894945,8.11751784464927,0.33827946692491034,1,0.9205329696197235,25.917996400134395,1,0.0,201.9401688735334,5,59.88675090596688,0.0,152067.4509129863,0.0,76.39324247158905,0.0,27472.82400307568,0.0,0.6302136250061675,0.0,22.665524760939952,2.0,0.01,77.30526707839803,1.0,0.0,4,62.261779971678806,0.0,0.0,True
0,24.89460986468947,4,0,45,130.68067912940353,5.845384129889718,0.4351704159769151,8.11751784464927,0.11038779916969907,4,0.5268071710939933,56.93163078922427,13,0.0,32.766249637556385,3,403.7090367766018,1.4717631046856035,753600.8777546721,0.0,57.71723753624097,0.07375758824921616,49334.742036441785,0.0,1.0,0.0,7.488163318012864,2.0,0.01,77.30526707839803,1.0,44.89231871741814,2,6.183053637275975,0.0,17.63614982454213,False
0,1.0,0,0,39,0.0,2.3814686741012627,0.7657143969581195,8.11751784464927,0.19465339873377585,1,0.9401723234181667,25.917996400134395,12,0.0,20.18415268968245,4,104.28163921411422,0.0,0.0,0.0,312.9407280074882,0.09407795448292025,1460.7799559781222,0.0,1.0,0.0,7.944713784312187,2.0,0.01,68.07963762753877,1.0,0.0,1,16.368671029328205,0.0,0.0,False
0,1.0,1,0,22,0.0,2.0166355692099196,0.9148818031559015,6.175760363974335,3.3421466726339717,12,0.9952161381767853,95.32947218119578,1,0.0,27.30265669604571,0,403.7700873682172,0.0,6997.41955352162,0.0,1.0,0.21923409397133556,928.4129286172579,0.0,1.0,0.0,3.1187792488407458,2.0,0.015536224137740473,58.324879816160454,1.0,2.4800343935034883,1,60.34197977230834,0.0,0.0,False
0,1.0,0,0,22,38.67404125061727,1.3412191664609923,0.863640485603641,56.7275309688563,0.29639186819857644,45,0.9692231370422202,14.658173301225968,16,0.0,194.4239505605148,6,39.94129812519819,0.0,0.0,0.0,28.53024361847257,0.017050977647250727,2169.6406241787754,0.0,1.0,0.0,3.818007012924859,2.0,0.01,77.30526707839803,1.0,0.0,1,120.14631398507568,0.0,0.0,False
0,1.0,0,0,2,0.0,1.3888193977725058,0.9148818031559015,8.11751784464927,0.49500587521665546,45,0.40828821093224477,25.917996400134395,16,0.0,73.17066043752351,1,486.0981322205861,0.0,10043.566565621783,0.0,1.0,0.05145176634323498,427.20289749108633,0.0,1.0,0.0,194.0,2.0,0.015536224137740473,72.6413026775626,1.0,0.0,1,6.001579812824326,0.0,0.0,False
0,1.0,16,0,42,0.5726526811119204,7.298511820138808,0.7451970479333058,8.11751784464927,3.1391331068431674,4,0.9685922643601406,158.91436470620712,5,0.0,73.17066043752351,1,74.6513575708106,0.0,20910.891686981966,0.0,280.3658079986197,0.0,14479.96156978078,0.0,1.0,0.0,21.86070180492591,2.364696925242871,0.01,77.30526707839803,96.4272249512923,0.0,6,165.83612227917547,0.0,0.0,False
0,2.337386163889152,0,0,48,0.0,1.0,0.8548241248103232,8.11751784464927,0.03755578055432209,1,0.6149548688498331,25.917996400134395,12,0.0,32.150815987399376,1,56.26207626748113,0.0,0.0,0.0,1.0,0.1907321431036202,935.3166893744667,0.0,1.0,0.0,18.778664687916912,2.0,0.01,40.35965587656074,1.0,5.922868633676634,2,11.645174143079203,0.0,0.0,True
0,1.0,1,1,78,0.0,3.816134458266882,0.4109308946817852,8.11751784464927,0.1316451333528829,15,0.9855178772918053,56.93163078922427,4,0.0,64.22991569335,5,74.6513575708106,0.0,23625.167004748335,0.0,85.41828518910134,0.08721382585674298,1526.2518695035521,0.0,1.0,0.0,9.891583988631847,2.0,0.01,77.30526707839803,1.0,0.9408567179648983,8,14.535641903015781,0.0,0.0,False
0,1.0,0,0,2,0.0,2.265391447192693,0.9048041760912817,5.370935637763019,3.2954990880407418,1,0.418684611506273,8.916871139568443,4,0.3236399203103659,51.53314709548864,5,48.717834495132095,0.0,0.0,0.0,1.0,0.10231772673455575,1397.9429590466057,0.0,1.0,0.0,4.588285904457203,2.0,0.01,62.89907881523738,6.64430513772642,0.0,3,58.06432164006746,0.0,0.0,False
0,1.0,0,0,78,0.0,1.3368262403179654,0.8154216406776875,15.473147268598883,0.4488616217408837,1,0.9295608024695515,25.917996400134395,1,0.0,135.30019039394978,1,114.04891637929586,0.0,0.0,0.0,23.567905363810578,0.0020062705373613404,8624.234922526084,0.0,1.0,0.0,18.29263472488188,2.0,0.01,77.30526707839803,1.0,0.0,4,10.091447849984142,0.0,0.0,False
0,1.5524095871566772,8,0,2,0.0,4.25555921984453,0.4351704159769151,8.11751784464927,2.260058921192684,7,0.9064081721307328,25.917996400134395,1,0.0,201.9401688735334,4,49.84734963956056,0.0,0.0,0.0,89.73334873916703,0.07476236593178807,2357.7589865346013,0.0,1.0,0.0,5.476886739831783,2.0,0.01,68.42835907987197,1.0,0.0,1,9.82144576123312,0.0,0.0,False
0,14.612057256550276,8,6,22,33.266390886133934,9.894682799442435,0.6741564150196223,8.11751784464927,2.063479810390805,1,1.0,507.0,34,0.12021782635378009,73.17066043752351,0,74.6513575708106,14.649028690376644,556562.0479555173,0.0,32.23882961327474,0.33614015285117305,2482.3981816830865,0.0,1.0,0.0,44.15679864457531,2.0,0.10718697566060556,640.7838900729931,1.0,116.42550385091693,9,49.78721408313453,0.0,19.913473921053175,False
0,3.7167275747787256,0,1,2,0.0,2.341496221492062,0.4351704159769151,154.0,0.05028797277309311,4,0.461665176271203,25.917996400134395,34,0.0,32.766249637556385,3,175.00588701050825,0.0,463154.0116156208,0.0,47.53334001878628,0.05419215699660684,1792.176823459279,0.0,1.0,0.0,43.468830700549454,2.0,0.01,77.30526707839803,1.0,4.390493589452485,11,237.33484995938727,0.0,7.057946350901695,False
0,1.169459550038439,0,0,45,0.0,4.783950412005192,0.795249053969154,8.11751784464927,0.1280708903543179,45,0.7120410509029105,158.91436470620712,5,0.0,73.17066043752351,7,74.6513575708106,13.02627762409709,38726.39572835116,0.0,15.502245573887024,0.10121322376764746,21962.34662042931,0.0,0.8299280690889801,0.0,17.786539484799533,2.0,0.01,77.30526707839803,3.891311061113413,12.249877855310096,11,46.60807445973826,0.0,0.0,False
0,1.0,2,0,31,0.0,35.24962683163389,1.0,8.11751784464927,2.668633064614466,13,0.9759281667564846,158.91436470620712,3,0.0,119.38393322519352,1,54.172929630786534,0.0,10064.157577067233,0.0,53.108609876653816,0.055525570276070454,1058.4406916067214,0.0,1.0,0.0,54.86942214224244,2.0,0.01,584.7501932831939,1.0,14.460359042600018,1,62.23242332100647,0.0,0.0,False
0,9.769255516213082,0,0,11,2.4726586032839215,3.605136094254915,1.0,154.0,2.0066428687284907,1,0.726559569898166,56.93163078922427,5,0.0,73.17066043752351,5,175.00588701050825,6.153589180464497,820426.3995006582,0.0,241.52626296559214,0.04390455344151567,2436.1587819923216,0.0,1.0,0.0,48.45593504841176,2.0,0.01,167.64970208451516,1.0,12.244480806535579,6,132.61569888888158,0.0,0.0,False
0,2.0745599347328447,0,0,21,0.0,1.0,0.8014411098979,154.0,2.6786030943156613,8,1.0,158.91436470620712,11,0.0,817.0,3,46.50059164338134,0.0,136458.44875455595,0.0,256.56265341401166,0.041077898726184385,836.8390552399521,0.0,1.0,0.0,28.030119628503957,2.0,0.01,71.50508323903497,1.0,6.021800212407406,13,40.38498307493122,0.0,0.0,False
0,1.739128095800769,2,0,22,9.160995955112163,83.37804234650032,0.9148818031559015,41.815805548630586,2.807633944808933,8,0.9479628635039132,56.93163078922427,5,0.0,65.95618221490496,6,164.4343261538146,0.0,3913960.0849908823,0.0,215.0098472426484,0.19855960795561875,14357.758649812571,634.1203887621294,1.0,0.0,19.15331269206785,2.0,0.01,2733.0,3.853682132397598,31.53092176922396,8,21.268418042033986,0.0,0.0,False
0,1.0,7,9,22,0.0,2.1461045759135473,1.0,8.11751784464927,0.22656289725835194,3,0.963974685630623,56.93163078922427,1,0.0,32.766249637556385,1,51.39234620727136,0.0,2073.87021871832,0.0,32.31873921922454,0.14474668689481926,201579.03010142286,0.0,1.0,0.0,4.677131770270935,2.0,0.01,59.18996252307194,1.0,0.0,1,9.068040254863709,0.0,0.0,True
0,1.0,2,0,13,0.0,1.9475804136275572,0.6741564150196223,8.11751784464927,0.16972877302605682,7,0.9547936967856608,56.93163078922427,5,0.0,13.17618530522358,7,39.81698683408083,0.0,0.0,0.0,1.0,0.5688209461766891,0.0,0.0,0.5476475774866424,0.0,14.576411551410821,2.0,0.06586990191984748,65.50023357712651,1.0,0.0,1,2.7383178072086523,0.0,0.0,False
0,1.0,0,4,20,0.0,2.8753507014085837,0.6741564150196223,8.11751784464927,1.7020240789015428,4,0.9949824710609101,25.917996400134395,12,0.0,73.17066043752351,1,121.03029881895839,0.0,22039.86096972463,0.0,1.0,0.09155244156738185,19127.491611630663,0.0,0.6402202484685191,0.0,7.811186315812067,2.0,0.03097470480459355,77.30526707839803,1.0,10.664720806164263,3,16.98732192436924,0.0,0.0,False
0,1.0,6,0,78,0.0,1.5893415517013754,0.8292956300170153,56.7275309688563,3.590571110637474,34,0.9538116190975376,25.917996400134395,34,0.0,164.64029475606583,2,70.11224218067352,0.0,0.0,0.0,49.596170881385206,0.13774138244121342,2413.9387933541047,0.0,1.0,0.0,7.027295024692842,2.0,0.01,69.84227543699197,1.0,0.0,1,61.58002956429945,0.0,0.0,False
0,147.63938920029693,10,0,44,0.0,3.163329425017496,0.6969085587159267,53.83313881991383,0.1669395772989013,1,0.5358893882176279,56.93163078922427,16,0.0,135.6912156697578,4,301.03389476390953,0.0,1380638.2649352932,0.0,99.18433694644334,0.0,2825.689552781897,0.0,1.0,0.0,50.065202167506456,2.0,0.01,197.57929745223618,1.0,0.2574271692329084,10,41.362847914143664,0.0,0.0,False
0,5.365205348526075,9,1,45,78.42532724730084,5.444122875036464,1.0,8.11751784464927,2.842959408186095,8,0.9820157160696388,56.93163078922427,15,0.0,73.17066043752351,7,153.77717561921364,0.0,227175.87799494062,0.0,307.68564185103133,0.08407638251309632,1325.2680480536565,0.0,1.0,0.0,15.059175804568705,2.0,0.0227998985008432,70.00112593110738,317.6106857592734,19.213066622117076,20,88.5025196193869,6.590237127092365,0.0,False
0,1.0,0,0,78,0.0,3.486042965911863,0.9148818031559015,8.11751784464927,0.2773781823635345,1,0.37189282801557044,25.917996400134395,34,0.0,25.342008725676237,1,44.989299666943765,0.0,3462.867798436154,0.0,1.0,0.38891951863715263,3288.418152631696,0.0,1.0,0.0,16.224361633812574,2.0,0.01,56.00923626128123,1.0,0.0,1,4.536041380392243,0.0,0.0,False
0,1.0,0,0,20,0.0,3.3141218663219134,0.8456603386069442,7.190307630592734,2.92842923211369,1,0.9877785245689277,18.613625091501394,11,0.005777031973637295,20.900885675794765,5,72.86283217957119,0.0,5503.805385313798,0.0,1.0,0.14473295829326718,26876.36502161598,0.0,1.0,0.0,2.310273704200873,2.0,0.5413478859989941,58.03077359842727,1.0,5.525740900942207,1,106.26319382841177,0.0,0.0,True
0,1.0,20,0,42,0.0,2.900235348497537,0.9148818031559015,8.11751784464927,0.0693749134533085,45,0.9719093536091584,125.06395460304225,16,0.0,177.01457021361333,1,403.73956593102645,0.0,18847.799368737433,0.0,1.0,0.22772626184949046,1950.1812125313188,0.0,1.0,0.0,154.41942745757822,2.0,0.01,77.30526707839803,1.0,0.0,1,9.301934506669358,0.0,0.0,True
0,10.626505234338266,3,2,48,0.0,5.000440716558946,0.3950746773666757,56.7275309688563,0.08831034316692411,4,0.3503707777041039,472.259703616271,12,0.0,201.9401688735334,0,147.1540294651468,0.0,124718.63188722526,0.06604440917593957,688.0314005945063,0.08586001449479158,1776.2704376702472,0.0,0.9973266282189648,0.0,14.67629713993647,3.8163163612507205,0.01,77.17487232262046,10.436067540394987,3.1578926723027516,17,93.91877728721201,16.61634004448454,12.183252236695399,True
0,7.510870930034367,8,9,26,328.46241026072954,3.087598389515973,0.8961913158141142,8.11751784464927,2.0109639751172845,4,1.0,125.06395460304225,7,0.09270952297117185,195.5212819737472,0,175.00588701050825,12.628178569144591,128169.91885028238,0.0,1.0,0.10818687702010676,512.9003339051725,691.8406165980834,0.957673866570896,0.0,14.01497683162636,2.0,0.01,77.30526707839803,69.86693508096035,29.8267897677892,19,96.31256159896,0.0,30.012527533993712,False
0,1.0,2,0,18,7.268116361136032,10.139611859835973,0.5913371621302337,8.11751784464927,3.0474867482194496,4,0.29846402189668,56.93163078922427,16,0.0,55.04808839790099,3,399.0923144937864,8.362041055080788,11744.865918077157,0.0,93.51945424370355,0.18137496218996402,1829.197080144839,0.0,0.9688860273405894,0.0,13.100873955673867,2.0,0.01,77.30526707839803,1.0,36.92438657511181,6,44.99750600143226,0.0,0.0,True
0,3.7726674471101544,0,7,42,0.0,1.5932484764918617,0.8495204249351741,8.11751784464927,0.04302735903723225,1,0.18238088771593836,25.917996400134395,12,0.0,238.01051124518847,3,67.58662812507227,0.0,0.0,0.16576290352163356,22.038834906181116,0.07389802236372964,2190.691548931853,0.0,0.995839643857202,0.0,5.87893860184398,2.0,0.01,189.8303343199981,1.0,6.522382311724516,8,47.178092940362404,0.0,0.0,True
0,1.0,0,0,78,0.0,1.8813032474129292,0.6741564150196223,24.803263407181916,0.4458700711687208,45,0.37833464899734925,25.917996400134395,5,0.0,63.65231207867956,3,169.07899087435632,0.0,273501.2581888122,0.0,106.10154986178676,0.0490247659524067,12494.210972184263,0.0,1.0,0.0,43.73142314679379,2.0,0.015536224137740473,77.30526707839803,1.0,0.0,1,99.57039658836989,0.0,0.0,False
0,1.0,2,5,2,0.0,6.005063812096609,0.6741564150196223,5.792305826798298,3.682414108514261,8,0.31116928378682307,21.493935081188226,12,0.0,201.9401688735334,1,139.38822464965264,0.0,10057.289757523075,0.0,452.8335459243002,0.09067889544960128,2825.689552781897,0.0,1.0,0.0,8.547677880040592,2.0,0.01,640.7608575889275,1.0,0.0,2,9.93065171819959,0.0,0.0,True
0,4.641881632322516,6,0,36,0.0,6.6155046051236495,0.5302673285257224,8.11751784464927,2.0087097881442317,8,0.9133817702894562,25.917996400134395,15,0.0,28.83596758422167,0,69.00872414604291,3.219391796755767,531364.375682296,0.0,1.0,0.19015071686209611,235093.71624190424,0.0,1.0,0.0,15.078548311338036,2.0,0.01,77.30526707839803,1.0,4.924784881678487,3,129.8142074484411,0.0,8.39521666323445,False
0,3.7845423396273232,3,0,12,0.0,4.0218857612845405,0.41389314853537296,8.11751784464927,4.25,4,0.03,158.91436470620712,5,0.0,201.9401688735334,2,175.00588701050825,0.0,445039.9948537325,0.0,570.1004874350264,0.003658611732651529,45310.69001788735,0.0,0.7317856327406215,0.0,61.67732098659515,2.0,0.28253232579783005,197.57929745223618,20.826155672789966,0.0,11,30.210042293062152,0.0,0.0,True
0,16.98656837144749,20,5,17,3.6625342697204175,14.346156422587935,1.0,18.362508589994867,2.2646506222254263,4,0.34252701995837537,56.93163078922427,5,0.0,73.17066043752351,0,175.00588701050825,19.072685217230855,50862.408461177976,0.0,431.9336250409441,0.05933835866818458,2825.689552781897,1420.0412023465847,0.5048238978972981,0.0,21.061030520278052,2.0,0.01,197.57929745223618,209.85601937267091,75.25821489680337,18,107.9681188215803,0.0,39.53521087629049,False
0,1.0,1,0,22,0.0,1.185324462503384,0.9523388424563722,8.11751784464927,0.4492538792736974,1,0.03,25.917996400134395,12,0.0,32.766249637556385,6,71.0578757104387,0.0,119139.11802984812,0.0,1.0,0.05338993062697103,47244.20105358843,0.0,1.0,0.0,8.592994816295349,2.0,0.01,77.30526707839803,1.0,0.0,1,8.640575597361607,0.0,0.0,False
0,83.97637152627264,12,0,21,91.13563655193572,8.94096842946739,0.3461834498504367,8.11751784464927,0.0,4,0.8414232755966996,23.8934074463585,7,0.45116623265050615,152.1801641873757,1,175.00588701050825,17.096839088057074,36563.556363027456,0.07939737179380857,16.00982367674021,0.08960254355085524,1639.0541246097482,0.0,0.9975426579875255,0.0,17.041134749639806,2.0,0.01,131.65055459890988,1.0,27.19483503220113,7,26.036320894974505,0.0,46.148282292056564,False
0,1.0,2,0,2,0.0,2.4314906138276418,0.4351704159769151,8.11751784464927,0.41886577481764103,1,0.943080252359,19.4253916651192,5,0.0,26.975558829872135,2,43.32918354282154,0.0,0.0,0.0,1.0,0.17156940092867595,667.6145160977642,0.0,1.0,0.0,2.7020233902513873,2.0,0.01,77.30526707839803,1.0,1.2921766213223833,1,11.467540611087276,0.0,0.0,False
2,1.0,5,1,19,169.8476900144894,4.70746517389471,0.3664599162382494,18.362508589994867,0.0,3,0.46057572753036524,98.43142939899316,33,0.29025137208058926,53.09192468668377,3,121.09133784454075,1.063759611898469,17471.102805700568,0.11658705140710526,229.84759789576242,0.34730983954723305,410.8006799960702,563.7280520555355,0.20916617362600123,0.0,31.626452174276505,7.161782306431316,0.21236111838783117,49.248915891113896,37.49787614901192,76.89248430189213,11,57.18465948568283,10.408229044816684,28.938486239632013,False
0,1.6703954582787486,1,0,2,0.0,2.836214565688706,0.4566448911319785,56.7275309688563,0.2665470802315434,4,0.03,125.06395460304225,15,0.0,73.17066043752351,3,74.6513575708106,0.0,29608.934846295924,0.0,840.479925951039,0.015621518414077912,1827.4247200867187,0.0,0.7177378820240023,0.0,53.823824515585336,2.0,0.01,308.92532764816326,12.263566691507386,0.0,1,26.39638094643307,0.0,0.0,False
0,2.757651945971982,3,0,26,0.0,4.133665070304183,0.6741564150196223,8.11751784464927,3.2002571167495146,34,0.43562519035571945,158.91436470620712,1,0.0,73.17066043752351,4,175.00588701050825,0.0,35139.60085854736,0.0,54.65909662098205,0.20193432462098854,1446.1716661925157,0.0,1.0,0.0,48.94609612565226,2.0,0.01,428.65519171428184,32.814509946000875,0.0,1,9.248245136314837,0.0,0.0,False
0,3.310820210756652,2,0,78,116.3034259173633,7.696606331698394,0.4351704159769151,108.08319080544095,0.0,4,0.5288402953322807,222.7053819470969,3,0.02056570732149936,169.15178442529137,6,69.1602024325392,18.025197719232768,437629.0396031731,0.0,1.0,0.09867910816386226,1364.1050709840472,391.4722898437574,0.7835317562749312,0.0,2.006018310211786,2.0,0.4996153115206054,428.65519171428184,70.59717271110952,37.9628749105269,8,1.0,0.0,31.803263372879712,False
0,1.4565728542296887,2,0,2,0.0,1.0,0.6007854951284973,8.11751784464927,0.4283920833439014,1,0.9477717526295308,24.268428902747836,16,0.0,29.320459934724212,1,32.49996718353071,0.0,0.0,0.0,35.73332663112066,0.1256885784419427,0.0,0.0,1.0,0.0,7.6004201455633735,2.0,0.01,66.9671895935146,1.0,0.0,2,9.439107641432603,0.0,0.0,False
0,64.79358708768447,1,0,16,13.889465975921112,118.0,0.6117929488958532,28.621880856326978,3.3737640120692487,8,0.5140494380418076,56.93163078922427,7,0.0,73.17066043752351,3,312.11385070072805,2.604866150384737,29680.415340870648,0.0,73.74050955816872,0.04936267837231249,47222.14314630868,0.0,0.8698251696980384,0.0,61.435557349339895,2.0,0.01,77.30526707839803,2.3984378464263045,7.142793484523097,1,28.845339682813346,0.0,0.0,False
0,2.9647618922771466,8,2,39,0.0,6.116538313377014,0.9148818031559015,28.621880856326978,3.154424004386255,4,0.5727321852614348,56.93163078922427,16,0.0,73.17066043752351,5,175.00588701050825,5.06711845827558,260639.37018321396,0.0,368.37254131901943,0.03243448717359021,49372.8966863321,119.01224227978003,0.6124097798481374,0.0,21.56073899946583,9.863933828310856,0.01,197.57929745223618,187.1937923537035,17.75581191547241,1,170.65063528026894,22.529556294081527,51.335678241495685,True
0,1.0,14,0,2,0.0,1.0,0.4351704159769151,8.11751784464927,0.496051389830174,17,0.37316595668808433,25.917996400134395,15,0.0,73.17066043752351,1,61.12613832589162,0.0,23641.67518595091,0.0,68.95583249498654,0.03642467015465628,805.0956589838872,0.0,0.6435103561781207,0.0,130.32329116555724,2.0,0.01,73.40579231815873,1.0,0.0,1,13.0138383353326,0.0,0.0,False
0,1.0,0,0,2,0.0,1.0,0.9148818031559015,3.0898700156222905,0.3057607312992431,1,0.9884495142823935,25.917996400134395,1,0.0,16.455272376021586,1,14.67076156406389,0.0,0.0,0.0,1.0,0.08000261509368695,1125.8915212405748,0.0,1.0,0.0,5.399433742964143,2.0,0.01,77.30526707839803,1.0,3.857327106230242,1,1.0,0.0,0.0,False
0,5.04903398192693,8,1,21,0.0,6.116538313377014,0.8852416125043621,18.362508589994867,2.0057506572489885,8,0.6554374967970746,507.0,11,0.0,73.17066043752351,0,175.00588701050825,10.88578619145553,260639.37018321396,0.0,197.1211915559901,0.0892490791294794,1586.0078695110215,613.871422093649,1.0,0.0,22.665524760939952,2.0,0.01,197.57929745223618,141.93436235050075,40.2976803755726,17,114.52153578783407,0.023154610521071817,26.21834756287642,False
0,1.0,0,0,2,0.0,1.0,0.4351704159769151,8.046852501892314,0.18642029193388465,1,0.9436952523006782,25.917996400134395,5,0.0,19.77942822530294,1,49.995077410517496,0.0,14140.133961608852,0.0,1.0,0.44485568810553194,34.013662455507244,0.0,1.0,0.0,7.124284375457496,2.0,0.01,77.30526707839803,1.0,0.0,1,1.0,0.0,0.0,False
0,44.578225028257705,1,0,2,0.0,2.632104895074757,0.8830781744701399,5.113019644691896,0.2642641069794539,1,1.0,19.28223198610996,5,0.0,32.35051698814305,4,271.51984680165066,0.0,287197.741090528,0.0,11.57256022995777,0.04208466648718987,2171.705586618686,0.0,1.0,0.0,6.315995434167342,2.0,0.01,74.43746915400084,1.0,0.0,1,70.81165487614732,0.0,0.0,True
0,1.0,0,0,78,0.0,1.0,1.0,8.11751784464927,0.36039945564730536,1,0.9895234555930874,23.503528604918518,1,0.0,32.766249637556385,1,49.0489590351238,0.0,0.0,0.0,1.0,0.03429518184575566,699.4479208534906,0.0,1.0,0.0,5.960270656543159,2.0,0.01,77.30526707839803,1.0,0.0,1,9.28332231493976,0.0,0.0,False
1,9.967297726852825,9,0,18,0.0,27.685074214141594,0.9799023719084738,18.362508589994867,2.0174672209280478,8,0.21297005859927054,56.93163078922427,11,0.4758462645142413,73.17066043752351,1,162.72526044592686,26.941200781826137,794457.3954131674,0.0,395.4224394857412,0.054210582218879456,23222.529657785508,677.034888302999,0.5673737014576102,0.0,11.457713943943041,2.0,0.04717414449455126,77.30526707839803,106.25741680806959,28.417410682441464,19,138.52086366374354,0.0,9.424276425891119,True
0,7.521364338649876,9,0,78,0.0,4.440921137768074,0.7150224033348997,8.11751784464927,2.1266394584198918,16,0.4801132082208625,56.93163078922427,5,0.0,32.766249637556385,0,175.00588701050825,0.0,505606.54495543777,0.0,418.8203349728393,0.009589459484959158,2825.689552781897,131.4600071112485,1.0,0.0,55.635242897492894,2.0,0.01,197.57929745223618,116.68715518722681,0.0,1,76.6000355754415,0.0,0.0,False
0,1.0,2,0,0,44.553526417467744,3.2617051173534675,0.5467600449777843,8.11751784464927,2.8322856512314467,7,0.7420849604491246,19.2311939437789,11,0.0,152.1801641873757,4,51.89771175400951,0.0,300848.97549652075,0.0,34.032427368489294,0.11809672979966801,75192.54063998767,0.0,1.0,0.0,14.769838321301375,2.0,0.04067772671832329,640.8161860740294,1.0,0.0,10,31.257114539612587,0.0,16.073260792873057,False
0,5.090608764224121,3,0,42,0.0,13.612829344446258,0.6741564150196223,8.11751784464927,0.25342664754003935,16,0.03,158.91436470620712,1,0.0,201.51941553695195,5,1535.48,0.0,22066.05657943634,0.0,1226.7123802364194,0.05098996456931765,2699.4195890191118,0.0,1.0,0.0,21.234141615842752,2.0,0.01,77.30526707839803,1.0,0.0,4,31.596483349189263,0.0,0.0,False
0,2.2359538827716405,0,3,37,191.37657060436769,9.56785590646115,0.8883742075727649,8.11751784464927,2.2966138141769736,19,0.6025737422222216,56.93163078922427,1,0.0,201.9401688735334,1,312.11385070072805,16.075724408202383,37074.16554202514,0.0,21.088605552272014,0.2545638496328791,1767.6396392600068,684.9639621398312,1.0,0.0,194.0,2.0,0.01,469.80932515709225,76.04661838418251,16.582937788505614,13,10.544777406580664,0.0,13.81561278566679,False
0,7.089845149478627,5,6,20,25.255354875481316,2.5013719717093226,0.37061522064150765,56.7275309688563,2.4441799617455313,1,0.9696677466437815,158.91436470620712,11,0.0,201.9401688735334,5,1535.48,8.488882161664346,27238.390280302283,0.0,1.0,0.04712272956447501,1648.733327670532,0.0,0.44945515464937535,0.0,1.40507456637479,4.119181295563051,0.01,413.5310863553149,19.25114960818499,57.800670891860136,11,5.487461455899705,0.0,0.0,False
0,1.0,0,1,78,0.0,2.92095792008592,1.0,8.11751784464927,2.9768586503901426,14,1.0,158.21956718221793,10,0.0,73.17066043752351,4,150.96759788681064,0.0,19894.292917425515,0.0,34.98767769432982,0.30147233916288685,2082.163725707011,0.0,0.6573940239471663,0.0,43.368483528648284,2.0,0.2696894809852152,65.82401784051783,1.0,5.541051265255319,1,162.83910628708364,3.2837829196869492,0.0,False
0,1.0,15,0,2,0.0,1.0,0.8388922088811892,8.11751784464927,0.41814920712034725,1,0.9780678971362025,25.917996400134395,34,0.0,27.596102945687143,1,92.00003697041818,0.0,0.0,0.0,42.34825336808906,0.09478047187888328,1359.812771966963,0.0,1.0,0.0,4.100665373075048,2.0,0.01,77.30526707839803,1.0,0.0,1,8.389694422716303,0.0,0.0,False
6,12.78126618086103,5,0,22,0.0,3.163963356163168,0.9148818031559015,8.11751784464927,2.1757667532557203,13,0.03,98.92284467578978,13,0.0,73.17066043752351,5,62.38760655415025,0.0,134069.2632248279,0.0,78.97715913577258,0.07408800393743534,49390.785511335875,72.18004961068755,1.0,0.0,17.1359752032156,2.0,0.01,197.57929745223618,44.044280501001204,0.0,1,34.082701291448494,0.0,0.0,True
0,1.0,1,0,2,0.0,1.0,0.4351704159769151,8.11751784464927,0.313934858033703,4,0.9524745607151224,25.917996400134395,5,0.0,30.573744807622575,1,62.831928472239014,0.0,2746.6662446635723,0.0,1.0,0.049718320991416355,1614.330942779946,0.0,1.0,0.0,4.493986573721419,2.0,0.01,77.30526707839803,1.0,0.0,1,8.492644415813324,0.0,0.0,False
0,1.0,0,0,2,0.0,1.1685274791594895,0.9148818031559015,7.248179141891897,0.3526439780200548,1,1.0,17.2281318201067,1,0.0,52.500043589484015,6,130.6197795658176,0.0,10818.813033104056,0.0,1.0,0.39750800559643235,103.36494979214046,0.0,1.0,0.0,6.403058633275425,2.0,0.01,77.30526707839803,1.0,0.0,1,10.776430416991609,0.0,0.0,False
0,3.4170086444329977,1,0,1,0.0,8.747528747078062,0.5223531763312222,8.11751784464927,0.04598118496803869,8,0.9822018838998646,25.917996400134395,34,0.0,149.39061811107578,0,403.73956593102645,0.0,94442.07060847117,0.0,195.56741027096822,0.28674201297703394,229425.9814606987,0.0,1.0,0.0,27.55182623848414,2.0,0.01,77.30526707839803,12.372349614997319,9.219694388612174,4,28.550424939186044,0.0,13.506226868530746,True
0,3.573346258128374,10,0,43,2.8954624547693815,20.4992362194568,1.0,8.11751784464927,2.051053107280396,8,0.9903216114767509,125.06395460304225,16,0.0,303.76105116787244,3,142.10860032818744,0.1746398119070136,113602.81490841348,0.0,849.9773654787211,0.014759304442311605,1279.1549891971345,1.8153057823137715,1.0,0.0,4.039023641988348,2.0,0.01,77.30526707839803,89.88448766191696,4.168710785576296,5,85.68740514716437,0.0,0.0,False
0,7.907933497291884,9,2,15,13.485116737260853,36.87239007421861,0.4351704159769151,18.362508589994867,1.9120018476119083,8,0.34119632647090176,56.93163078922427,5,0.0,73.17066043752351,1,175.00588701050825,6.803812411836531,50862.408461177976,0.1514357426302398,63.87120919397144,0.08660903191638897,2805.0569731817313,0.0,0.7076374372994663,0.0,16.738720861572673,4.910885407434,0.03992877845652443,428.65519171428184,131.46589194789382,39.95984879007079,3,107.11321746092976,0.0,45.75188998120787,True
0,7.677488322425884,0,0,78,0.0,27.46264442031321,0.7971202489756677,53.83313881991383,2.9278256900345,19,0.9276656819642402,55.83816279523138,4,0.0,152.1801641873757,1,74.6513575708106,0.0,185670.17900570488,0.0,271.8546875956749,0.008458595009922534,1729.739183176593,0.0,1.0,0.0,19.986806848800548,2.0,0.01,65.08409799013147,29.945157070393677,6.89282134911268,1,691.2309076276612,0.0,1.4838947781617122,False
0,1.0,0,0,48,0.0,2.092736491823312,0.7150224033348997,7.6311987056360495,0.34257455713849577,1,0.9686650116703586,24.894499220943693,12,0.12021782635378009,27.149314662244002,0,35.0659274335069,0.0,15477.217520141,0.0,1.0,0.054325243593257654,1800.5017125832942,0.0,1.0,0.0,4.525111151203513,2.0,0.01,73.99097724676531,1.0,0.0,1,13.51028464590583,0.0,0.0,False
0,1.0,0,0,42,0.0,1.1672607441908707,0.9148818031559015,8.11751784464927,0.4841793515124877,1,0.9316617076092559,25.917996400134395,1,0.0,201.9401688735334,0,62.55576771830739,0.0,0.0,0.0,1.0,0.12521578830197794,697.0805627481889,0.0,1.0,0.0,8.07965088494978,2.0,0.01,77.30526707839803,1.0,0.0,1,5.4151352284882615,0.0,0.0,False
0,1.0,0,0,2,0.0,1.0,0.9148818031559015,8.11751784464927,0.2653979531718062,1,0.9453508792229062,25.917996400134395,1,0.0,50.90598095489629,1,1535.48,0.0,0.0,0.0,1.0,0.08906253222433647,1005.4650079562343,0.0,1.0,0.0,2.7421546398392413,2.0,0.01,77.30526707839803,1.0,0.0,1,5.1699499826464,0.0,0.0,False
6,1.0,2,10,1,24.810482018802848,1.0,0.554169645858522,5.217954880423717,2.8608355580364186,10,0.9746163020870263,18.00951211661384,8,0.0,37.6234912105141,6,129.52044782236067,7.182093528750277,147617.50250227266,0.0,47.91194268763658,0.2893417629789442,0.0,0.0,0.9503282784992156,0.0,17.075094394962992,2.0,0.17230647142975597,47.415495536507834,1.0,9.133743045652423,5,41.33339487868155,0.22577179454239016,0.0,True
0,1.0,1,0,78,0.0,1.0,0.6741564150196223,8.11751784464927,0.496051389830174,1,0.03,20.22597542427251,34,0.0,201.9401688735334,1,291.20469747430104,0.0,0.0,0.0,512.460472216397,0.02252602809527146,2275.314789223317,0.0,1.0,0.0,18.698364367455206,2.0,0.01,77.30526707839803,1.0,0.0,1,20.7743028251193,0.0,0.0,False
0,2.2879663137316077,1,0,34,0.0,5.611130976932936,0.9041325651773366,8.11751784464927,2.8541561792315213,16,0.3881407304620635,472.259703616271,1,0.0,201.9401688735334,4,74.6513575708106,0.0,30733.53079305651,0.0,9.739011612569989,0.1339579766256789,1589.7038995967926,0.0,1.0,0.0,17.74894667498757,2.0,0.01,77.30526707839803,1.0,0.7686924485711621,1,8.111403462626583,0.0,0.0,False
0,1.0,2,0,2,0.0,1.95154106630597,0.6741564150196223,7.555828032768473,4.25,1,0.4603697118824357,20.06494125816179,1,0.0,6.5508735085280385,4,46.67170774185103,0.0,10047.404336151283,0.0,1.0,0.11525398049223114,1064.4096605826178,0.0,1.0,0.0,0.0,2.0,0.01,26.1632796677051,1.0,3.022862474943045,1,6.950874706111202,0.0,0.0,True
0,1.0,2,0,20,0.0,1.0,0.5562231328034597,72.0462210808835,0.1123606276796982,16,1.0,25.917996400134395,1,0.0,202.43287397267787,4,231.4293069281337,0.0,10811.263982378072,0.0,15.223267670570088,0.3502862663299396,746.202664059552,0.0,0.554200401604911,0.0,43.75498093526124,2.0,0.01,64.7300527888628,1.0,3.4468880757340825,1,12.712896731672295,0.0,0.0,True
0,1.0,0,0,2,0.0,2.2745028139155794,0.9148818031559015,8.11751784464927,0.47037442928041384,1,0.948693433055451,22.929123380895227,9,0.0,30.18133906318034,1,68.31103754266883,0.0,142908.02927518525,0.0,1.0,0.022892757150241715,1308.8462813703834,0.0,1.0,0.0,8.470425577802072,2.0,0.01,414.4031751632278,1.0,0.0,1,41.70208239580479,0.0,0.0,False
0,11.335404651474924,2,2,18,85.9768138769383,12.675066280824145,0.6068158916056106,8.11751784464927,1.5708424381489643,4,0.7865803099083556,56.93163078922427,4,0.3201118323413396,73.17066043752351,3,64.09145418994723,20.59437129760963,447087.7674286871,0.29885890224087386,187.12367065590803,0.09742353406995781,1477.0261163775872,0.0,1.0,0.0,18.61008643449721,3.6862131000773974,0.19130037187875149,1448.3709251097675,39.235844841151845,42.18727479912136,3,92.37298688051852,0.0,32.740610161690604,False
1,6.69680345412436,8,4,46,2.644181082417461,4.058836644531114,0.5746704538660807,52.4447365726557,1.9541374756232421,13,0.7190561326016135,52.2649889268789,1,0.30305268164017585,164.71585371488098,4,151.8932506585044,9.014419771228308,179143.14401699853,0.0,62.064785114507586,0.06408292806675377,1603.9778720979418,43.809182928500405,1.0,0.0,12.796064152481264,2.0,0.0381398930866218,1468.9893550365687,92.15896153264414,8.992710991541648,7,120.72836171929617,0.0,73.66957147706583,True
0,1.0,0,0,42,0.0,2.7206808962206903,0.8841320867904775,6.8579959465769305,0.22497763849599073,1,1.0,56.93163078922427,1,0.0,232.34197061651759,1,274.6214553214402,0.0,25659.022562721315,0.0,14.252013749130395,0.3017469313550322,527.3406240222869,0.0,1.0,0.0,6.113348148657491,2.0,0.01,77.30526707839803,1.0,0.0,1,564.2953648944256,0.0,0.0,True
0,1.0,1,0,12,0.0,1.8553524661713607,0.6741564150196223,108.08319080544095,0.3857490440267163,1,0.9567979492561193,25.917996400134395,1,0.0,158.8709618235448,0,175.00588701050825,0.0,0.0,0.0,1.0,0.0,14676.988823678877,0.0,1.0,0.0,5.085761165127917,2.0,0.01,77.30526707839803,1.0,0.0,1,16.76754108476965,0.0,0.0,False
0,5.124950236583646,12,8,20,11.846875451688597,3.1060422661029605,1.0,108.08319080544095,2.0339021167982017,16,1.0,56.93163078922427,1,0.012241785366316316,73.17066043752351,1,175.00588701050825,0.6162397830799407,34530.189273042626,0.0,207.67785368059918,0.0641628103029772,2106.041395799959,0.0,1.0,0.0,17.597788476040222,2.0,0.01,1468.9893550365687,10.779603969456247,17.72027837389422,17,148.54473748935385,0.0,38.402877926292156,False
0,1.2004408028991713,1,0,27,0.0,22.48425224386874,1.0,18.362508589994867,0.0,16,1.0,25.917996400134395,29,0.0,73.17066043752351,1,67.8229168601246,9.75626113126685,34162.032430578634,0.0,13.362444723385977,0.4717701536827442,2090.126487611458,0.0,1.0,0.0,6.788054566806806,2.0,0.01,456.8014002183472,23.838486455118755,10.516299468645467,1,5.565553644026111,0.0,0.0,False
0,4.8365767920700495,8,0,22,0.0,3.5383370872194484,1.0,8.11751784464927,0.12016580457840051,34,0.5238601403967984,158.2972081265737,12,0.0,184.61822930866123,7,293.4210740959316,0.0,389312.14245839464,0.0,2.782783372398775,0.07998839533446672,932.763333638635,0.0,1.0,0.0,21.12338523563475,2.0,0.02218526135995219,77.30526707839803,1.0,3.3641616640834444,1,13.295970149362022,0.0,0.0,True
0,1.0,7,6,40,14.516714985760082,3.786463406761427,0.32348858733256963,154.0,0.031661459353975116,19,0.6385803541965343,56.93163078922427,14,0.0,124.20098128793103,2,175.00588701050825,0.0,417420.104221628,0.0,1.0,0.09541130880140382,618.292381362008,0.0,0.8644857950954268,0.0,6.581938512707204,2.0,0.01,77.30526707839803,1.0,0.0,5,1.0,0.0,0.0,True
0,1.0,0,6,2,0.0,1.217760919268796,0.8178821829699106,56.40503525651797,0.20421986327986255,30,0.9406698452811986,25.917996400134395,5,0.0,77.16659643039128,4,45.87437597770624,0.0,0.0,0.0,21.38204710634315,0.1956578839070521,1158.2966743396667,0.0,1.0,0.0,4.8488567304249335,2.0,0.01,54.86984447600904,1.0,0.0,2,33.052859299182714,0.0,0.0,False
0,2.8445461476744445,2,3,28,12.06295353498945,76.6125112630154,0.5719284197964118,7.425141568074785,2.3474791091406475,7,0.8147626199172968,222.7053819470969,5,0.0,103.34237629342049,2,135.89533393174798,6.937220156136369,798.9263819241032,0.415224517406772,138.64497540814935,0.0668938064464345,5870.158040206488,351.4947725117695,0.7010587976376013,2.920626876361375,10.407189463624405,4.569024170604456,1.1521051470673505,640.7608575889275,151.88715812923277,131.59050917410926,11,11.226659189581307,0.0,39.8229992338394,True
0,8.911838280714914,7,1,45,0.0,5.870624635185519,0.8184705055830697,8.11751784464927,0.7159231619027054,45,0.5799867404390184,222.7053819470969,5,0.0,73.17066043752351,4,175.00588701050825,0.0,49077.4522375424,0.0,73.41885486562764,0.05048393271971505,32014.330665633493,0.0,1.0,0.0,14.295184580463184,2.0,0.01,197.57929745223618,1.0,128.7714990964768,14,64.91509462285707,0.0,29.715710748260175,False
0,1.0,2,0,8,0.0,1.9042010351709122,0.7775694077403603,7.089245462441955,0.19347257262280318,1,0.9345120084925959,25.917996400134395,5,0.0,156.38133380815455,2,35.283222732066314,0.0,54609.77177230202,0.0,1.0,0.0443856983914373,36198.263081177014,0.0,1.0,0.0,5.103984326451698,2.0,0.01,49.280727675562346,1.0,8.85734077599238,1,11.698596698554292,0.0,0.0,False
0,1.0,15,0,2,0.0,2.5435653440302644,0.9148818031559015,8.11751784464927,0.1589467504738535,1,0.9691166340340764,507.0,16,0.0,121.24009056658832,1,241.45443555844287,0.0,119259.14504373854,0.0,12.869576580998459,0.3302993386379398,37277.0624657423,0.0,1.0,0.0,6.546713267803103,2.0,0.08384933870391079,77.30526707839803,1.0,0.0,1,69.09739492589792,0.0,0.0,True
0,8.599747176828986,1,0,10,0.0,1.610082818058281,0.5771080480103339,5.18797899706075,0.02932136693406889,12,1.0,25.917996400134395,14,0.11355118630534324,63.099991753938944,4,139.27021140405478,10.5840448097849,10787.653687052687,0.05293967231185942,1.0,0.17667566742038515,1464.3978254402143,0.0,1.0,0.0,4.16915416080826,2.0,1.0358050867283108,54.91599187636997,1.0,9.443190254552558,11,5.022666991545208,0.0,10.53148746510467,True
0,1.0,0,0,2,0.0,1.5513368722231209,0.6741564150196223,6.668057280722874,0.28374826272579495,1,0.03,25.917996400134395,16,0.0,67.56946915393115,4,53.71932370092061,0.0,1187.5558193515772,0.0,97.56793713165558,0.02121708266689274,16343.392733373144,0.0,0.6658372102362753,0.0,32.45736758015593,2.0,0.01,77.30526707839803,1.0,0.0,1,1.0,0.0,0.0,False
0,1.5387717593943062,4,0,31,0.0,3.0357907705932496,0.8831917221194684,8.11751784464927,2.0680799454589374,13,0.4231290117138904,52.762285093364326,5,0.0,73.17066043752351,0,697.2911623244224,7.987882479382847,4701624.47,0.22452162890161848,71.68493526951917,0.18424320659786964,880.1580753335159,0.0,0.4623537041744491,0.0,12.159184681088494,2.0,0.021648932240168145,197.57929745223618,1.0,43.625902653349044,2,75.57556276479679,0.0,1.7968372501965657,False
0,5.352714270160276,8,0,38,45.7306761997707,21.01232677863538,0.8868851910913408,100.87402754689657,3.1578187149166355,19,0.35663736906385496,158.91436470620712,5,0.14021866155813778,73.17066043752351,5,164.39113294068954,4.7306467927741025,200206.00388073834,0.0,279.2303443964496,0.027371261688451498,11655.540135660127,0.0,1.0,0.0,52.599622747643295,2.0,0.01,428.65519171428184,71.33537952182742,0.0,11,45.17211589106463,0.0,0.0,False
0,1.0,2,0,2,1.9927030919710518,2.9109305097054388,0.8045199521754034,7.803945698052802,3.2765196287793694,5,0.9621462872840711,25.917996400134395,1,0.0,152.1801641873757,1,73.34352558831978,0.0,0.0,0.0,1416.7493269627605,0.009838390600878766,2403.5317474754597,0.0,0.677773646630673,0.0,34.69453727844747,2.0,0.01,77.30526707839803,1.0,6.172762014684565,3,130.1861535517279,0.0,0.0,False
0,3.5461083988735678,2,0,26,0.0,4.1529109743809425,0.532636797893689,7.182676953816258,4.25,16,0.36939799822211683,25.917996400134395,16,0.0,32.766249637556385,2,290.4373969167614,0.0,11963.094037940882,0.0,51.77518839974633,0.12676066043026143,1818.2269578380783,0.0,1.0,0.0,28.778842355369427,2.0,0.01,77.30526707839803,1.0,0.0,1,17.856041800062883,0.0,0.0,True
0,9.29588746899498,6,32,39,4.404944109225635,4.5822964260604575,0.6741564150196223,18.362508589994867,1.211446529583742,19,0.15449483939852293,472.259703616271,5,0.04634974309135742,303.76105116787244,1,376.6101906813649,7.787924966505692,955938.4612980229,0.07847639599500661,195.21397157465717,0.059115470961452386,2617.0852858062512,2089.68256618744,0.9733035467328615,0.0,19.83801681561559,2.0,0.01,77.30526707839803,26.551185762067977,15.091866234753084,1,84.60909221922611,4.639690799497781,18.664305795325866,False
0,30.028253167619923,9,0,46,0.0,4.018761574239422,1.0,8.11751784464927,2.1849835353547316,4,0.03,56.93163078922427,14,0.0,73.17066043752351,3,672.1589322539575,0.0,1240.0368603678635,0.0,462.7242443204548,0.06411753681395127,2047.59687345824,0.0,1.0,0.0,18.57738115448562,2.0,0.01,77.30526707839803,20.544344163517913,0.0,5,153.14823577210979,0.0,0.0,False
0,4.78812007681703,6,5,8,79.15796588831695,2.6930970627539295,0.5702013919145195,8.11751784464927,2.5673885199737816,8,0.5196402363140172,158.2972081265737,5,0.0,73.17066043752351,1,697.2911623244224,0.5610455930558871,27366.47116197795,0.0,28.28740944890386,0.07827502720366095,10186.079121415463,0.0,1.0,0.0,9.061282135905085,2.0,0.01,197.57929745223618,1.0,21.877863759611525,8,32.468000780312806,0.0,91.5089101669616,False
0,1.0,0,2,0,0.0,2.0094742202850604,0.4351704159769151,8.11751784464927,0.14846844974190554,3,1.0,14.133235565247865,11,0.0,152.1801641873757,3,175.00588701050825,0.0,134309.00467810244,0.0,96.08802150230244,0.0799107087288933,1074.4734182299956,0.0,1.0,0.0,17.876906868626346,2.0,0.01,77.30526707839803,1.0,8.421922934559328,1,99.49510733301142,0.0,0.0,True
0,4.566043154341922,1,0,22,0.0,1.740024110354629,0.6609746056920065,8.11751784464927,3.1858371369980865,4,0.4071592762125046,222.7053819470969,16,0.0,73.17066043752351,7,160.95676946545612,0.0,12831.170280620529,0.0,130.62940780796345,0.20766110697862666,22347.35382018623,0.0,1.0,0.0,16.42337955198483,2.0,0.01,57.84857208874225,17.019374991529773,14.505980259728219,1,4.026464526861707,0.0,4.313764109171029,False
0,3.0611164808805285,10,1,38,0.0,11.047353465468127,1.0,108.08319080544095,0.06872269891269724,8,0.6001591034129704,56.93163078922427,13,0.0,73.17066043752351,2,175.00588701050825,5.311220836242617,613880.2898049568,0.0,106.31042857863667,0.07450634142441687,45172.53988942689,0.0,1.0,0.0,22.665524760939952,4.930508929647816,0.01,77.30526707839803,1.0,30.259355692072127,9,118.43133844045184,0.0,5.019870856011035,True
0,1.0,0,0,2,0.0,1.0,0.9148818031559015,7.334080581679956,0.496051389830174,1,0.9508323205739537,20.215310863475526,1,0.0,17.521856868032145,0,35.776492944390924,0.0,0.0,0.0,1.0,0.13427417908159506,1672.80626537238,0.0,1.0,0.0,1.6844813731588169,2.0,0.01,74.49599506548975,1.0,0.0,1,5.4588073927820995,0.0,0.0,False
0,1.0,0,8,42,23.40261432910653,3.536838624801809,0.6741564150196223,8.11751784464927,2.0064481491987616,6,1.0,24.142307251760453,4,0.0,48.750106314108805,0,50.94534356206231,25.65369286057127,50513.30052461006,0.21254177720640277,1.0,0.13509773739606973,588.861190577835,0.0,0.9555671924123637,0.0,194.0,2.0,0.05019942577516425,67.31644448054537,68.25229974670378,117.71285532398592,7,98.78563081074819,0.09854564382181721,34.39035519844081,False
0,53.23622933699362,1,2,22,1.3201705560951176,1.0,0.30717906379751925,8.11751784464927,0.15077173429959348,4,0.4645946307578018,56.93163078922427,1,0.0,69.32052979846935,1,248.52704130410095,4.613021002402454,0.0,0.0,1.0,0.11871351025018159,179371.98550058666,0.0,0.5261701832878259,0.0,6.729610770501232,2.0,0.01,41.58682946370605,1.0,3.8765126663982983,17,11.093314465981033,0.0,0.0,True
0,1.0,0,0,20,0.0,3.1269356897132163,0.6741564150196223,8.11751784464927,0.2997280256598376,1,0.9823154336677586,24.459505403354658,5,0.0,32.766249637556385,1,66.35917103564555,0.0,527820.1050578097,0.0,1.0,0.3087010064212118,2124.3844402584004,0.0,1.0,0.0,32.138358387887415,2.0,0.01,77.30526707839803,1.0,7.41066940461359,1,14.267240858279646,0.0,0.0,False
0,2.0873565786332935,0,1,2,0.0,1.0,0.45391721846126254,8.11751784464927,0.09428130564512598,1,0.45101254609781266,25.917996400134395,5,0.0,138.7969568943218,4,46.70529972381699,0.0,198840.3812787275,0.0,23.822563908802906,0.17533198787029503,524.668758341199,0.0,1.0,0.0,15.285985058795589,2.0,0.01,61.438845489110854,1.0,1.8038481280881893,5,85.90407600885555,0.0,0.0,False
0,1.0,2,3,12,0.0,1.484231828382347,0.623240268482605,8.11751784464927,0.15868484690518203,19,0.9912570636774337,56.93163078922427,5,0.0,73.17066043752351,1,74.27275569565926,0.0,555.2626035781659,0.0,55.54313173456661,0.0,1076.9038719945286,0.0,0.7953141817686187,0.0,21.740563844966907,2.0,0.01,77.30526707839803,1.0,0.8811165572836082,1,73.36614582079606,0.0,0.0,False
0,1.0,2,0,2,19.96115895136853,1.1028727046898625,0.5511378055771148,8.11751784464927,0.35872007665691974,16,0.3738682637903832,25.917996400134395,16,0.0,32.16425586660648,1,140.63153693434947,0.0,15013.781161508745,0.0,1.0,0.041423901856943446,9379.180345689869,0.0,1.0,0.0,7.9120891146022485,2.0,0.01,71.39269455381086,1.0,0.7754680280823667,3,56.02088656743697,0.0,0.0,True
0,39.7435664274561,2,0,2,0.0,118.0,1.0,53.83313881991383,3.0092177589564173,8,0.9060292762549771,21.592212588743298,9,0.0,73.17066043752351,2,145.81485755144635,0.0,38244.280983838806,0.0,254.06690248684635,0.15020772402456578,21297.92839134705,704.7371957388916,1.0,0.0,16.467616888426267,2.0,0.01,77.30526707839803,1.0,23.433447888746556,4,49.053858554588544,0.0,8.679810357426362,False
0,1.0,2,0,22,0.0,1.0,0.43158635736449924,8.11751784464927,0.32187962594758607,1,0.9604017130665758,22.105772726429272,1,0.0,30.670852074343046,1,102.26437706782008,0.0,2812.5256568594878,0.0,1.0,0.2866798904243944,996.342526902909,0.0,1.0,0.0,6.38421247310294,2.0,0.01,74.37408227467174,1.0,0.0,1,1.0,0.0,0.0,False
0,1.0,1,0,2,0.0,3.0838167228060382,0.4351704159769151,8.11751784464927,0.4349380686528522,1,0.9306168016986881,19.20348667546871,10,0.0,19.718050718892613,1,61.48305665332082,0.0,7601.787589305023,0.0,1.0,0.24901211901471942,0.0,0.0,1.0,0.0,5.317764823887486,2.0,0.01,69.2096607451422,1.0,0.0,1,22.884812699563973,0.0,0.0,False
0,3.3306388937379214,0,0,28,0.0,5.804950320455325,0.3562129538280747,18.362508589994867,2.0439434380410937,4,0.5116012353187434,56.93163078922427,16,0.0,32.766249637556385,1,175.00588701050825,0.0,489405.6789414735,0.0,231.9224678512252,0.02754228627221659,2588.7907700513388,0.0,0.897644762377233,0.0,22.665524760939952,2.0,0.01,640.7608575889275,47.38960327432658,12.447625090964602,1,25.78769092896154,0.0,243.4668392045209,False
0,1.0,0,0,2,0.0,1.3657036139825829,0.6741564150196223,8.11751784464927,0.4311138274560545,4,0.03,25.917996400134395,1,0.0,32.766249637556385,3,74.6513575708106,0.0,16232.935360411004,0.0,7.800365755331377,0.18698754882956073,1067.4325706260695,0.0,1.0,0.0,9.061282135905085,2.0,0.01,77.30526707839803,1.0,0.0,1,12.67458063219621,0.0,0.0,False
5,9.378482122903284,8,7,16,0.0,14.346156422587935,0.4351704159769151,18.362508589994867,2.0778614609327706,8,1.0,56.93163078922427,4,0.0,73.17066043752351,3,74.6513575708106,13.625994563245644,41366.96216865471,0.0,1034.1827878059435,0.03987149097745836,1878.1992324215616,99.71278516968857,0.5354733589524501,0.0,22.665524760939952,18.551168857975586,0.01,197.57929745223618,113.54058334381662,62.93799369243368,12,127.52345097167506,0.0,30.116611797886932,False
0,1.0,2,0,2,0.0,2.237436599291338,0.4351704159769151,8.11751784464927,0.39147811533174837,1,0.32018065539552565,25.917996400134395,16,0.0,54.681320562070056,6,33.105688737291715,0.0,1939035.531626228,0.0,1.0,0.5349328634046764,1438.296670051028,0.0,1.0,0.0,5.627300021869548,2.0,0.01,77.30526707839803,1.0,0.0,1,8.235770887984376,0.0,0.0,True
0,8.608175594887364,2,1,22,0.0,1.4678737180381851,0.5917964112378672,8.11751784464927,0.11299110197863878,4,0.15317762710781851,507.0,15,0.0,32.766249637556385,1,172.2463558773991,0.0,168942.116376736,0.0,44.40984189296017,0.010583886800617337,2456.0889364572545,0.0,1.0,0.0,6.5950032435637125,2.0,0.01,428.65519171428184,1.0,103.87545598477396,9,47.984673876747166,0.0,12.258891878015824,False
0,1.7025367807832619,24,0,42,0.0,2.4254460659489814,0.9148818031559015,8.11751784464927,0.11283667481597316,14,0.054138229188572806,25.917996400134395,5,0.0,64.46610572058825,4,216.79598683401804,0.0,12631.417823228772,0.0,1.0,0.23968250926928653,424.07276594378123,0.0,1.0,0.0,12.924680145869624,2.0,0.01,70.85452959755395,1.0,5.908588871019772,1,120.83943561241483,0.0,0.0,True
0,1.0,1,0,2,0.0,24.64530058167845,0.420696363267542,8.11751784464927,4.25,19,0.03,25.917996400134395,1,0.0,73.17066043752351,0,1535.48,0.0,20021.278446642897,0.0,133.44446869874722,0.12067183105215128,2778.5561982415034,0.0,0.6382221941474473,0.0,39.137658098684035,2.0,0.01,428.65519171428184,1.0,0.0,1,13.404175288649585,0.0,0.0,True
0,1.0,0,3,2,17.378833397366133,1.8418711738204885,0.6239669517551061,6.321917049647714,2.232291665771688,6,1.0,25.917996400134395,5,0.25143535675242346,70.14143092216739,2,88.90467641082786,7.481307390698145,51228.57344379372,0.0,1.0,2.0,793.45073458228,0.0,1.0,0.0,3.2360783620731626,2.0,0.01,77.30526707839803,1.0,1.2401541213814067,1,119.53464246518054,0.0,0.0,False
0,1.1442805814677814,3,22,42,17.334898990573745,2.711429835423468,0.6451075251195493,18.362508589994867,1.9486839282097344,1,1.0,56.93163078922427,5,0.0,73.17066043752351,4,60.29157510953062,3.7839087919247363,323175.130072036,0.5528609033088561,1.0,0.08383037095285092,1504.4719058063718,0.0,0.5085574946735061,0.0,18.405251026046344,11.978381305054992,0.22601206301054547,77.30526707839803,1.0,41.04844660098339,10,190.5208627752941,0.0,26.21601389268594,False
0,40.10654803592264,8,5,15,26.86746450190097,9.018511732721013,0.4351704159769151,18.362508589994867,0.1166104876923027,8,0.8155277885005828,472.259703616271,12,0.16649931707656893,73.17066043752351,1,74.6513575708106,27.13366922393937,43110.64486575422,0.3683830699301567,303.2318424508477,0.06487707611208614,13063.926011019743,0.0,1.0,0.0,17.431439404560127,7.6490962552285495,0.09367895741193774,197.57929745223618,91.84582190472588,55.12164942089136,36,35.79252681800642,5.8470990400911305,41.407838435333595,False
0,53.409682076679545,3,1,18,0.0,6.098285455362868,0.923965890657357,108.08319080544095,2.7195850031354833,7,0.6708939317067135,56.93163078922427,11,0.0,132.15963256386146,1,74.6513575708106,10.91371952811881,434450.75083617354,0.029623324490056058,287.3569468864624,0.08111657733830374,1794.8700512074583,0.0,0.5566135649281444,0.0,11.612296874916002,5.317658830799958,0.2130087745340507,77.30526707839803,74.26095966412288,18.956403999243893,13,147.9063270100982,0.0,8.439049839029845,True
0,1.7638078670883743,1,0,42,0.0,2.6378675183286155,0.6741564150196223,8.11751784464927,2.2046861943086307,19,0.6518038460636116,56.93163078922427,1,0.0,191.6020175471451,6,68.97997749232587,0.0,570939.7586075914,0.0,20.824380320617003,0.07259557297760669,1395.510935366381,0.0,0.5914977261974623,0.0,7.955720393972083,2.0,0.01,77.30526707839803,1.0,0.0,2,1.0,0.0,0.0,False
0,1.0,3,1,2,0.0,2.9002852012135962,0.3580553696530753,8.11751784464927,3.573317203949857,4,0.909923439638546,25.917996400134395,1,0.0,29.463064658472383,4,74.6513575708106,0.0,0.0,0.0,1.0,0.0,20884.736337939423,0.0,1.0,0.0,15.978410313561698,2.0,0.01,66.12002817283377,21.646659159453833,1.2223783307398906,1,11.92977358005737,0.0,1.9139543126204153,False
0,1.0,2,0,1,0.0,1.0,1.0,7.782891380360935,4.2487276684571285,19,0.9707992957641502,56.93163078922427,5,0.0,201.9401688735334,1,73.47858794024512,0.0,42779.12446804345,0.0,429.93791897927434,0.2661843811206332,1753.2493434818862,0.0,1.0,0.0,22.482541146645048,2.0,0.01,77.30526707839803,1.0,1.8267544528161501,1,24.57440171593686,0.0,0.0,True
0,1.0,2,2,31,2.5146789181990616,2.4448505780702394,0.9041325651773366,8.11751784464927,2.543662439095432,4,1.0,25.917996400134395,1,0.0,27.629353246135217,6,697.2911623244224,11.251695288481816,33715.373534415456,0.0,131.61246541051798,0.10265996544917957,1346.2385333170034,0.0,0.5726207399862108,0.0,19.170381702216766,2.0,0.11830368338628255,62.21864929801171,7.094326834519613,8.925493110542346,1,13.411532823655548,0.0,0.0,False
0,1.0,0,0,19,0.0,2.32283345640931,0.748292071291494,8.11751784464927,3.029930995665993,8,0.429034256279503,472.259703616271,1,0.0,32.766249637556385,0,71.53766956031757,0.0,22511.392709670166,0.0,37.04582540673909,0.2772008547874841,1725.7958539904228,0.0,1.0,0.0,5.135351205986019,2.0,0.01,77.30526707839803,1.0,1.8781469909601478,1,1.0,0.0,0.0,False
2,16.52950825333795,24,0,1,10.924733769558905,10.549818236214236,0.6339723279114824,56.7275309688563,2.0163614053485412,1,0.29095105050361875,125.06395460304225,10,0.2099375262157492,73.17066043752351,3,175.00588701050825,25.31093831963946,27230.98925017877,0.1764895573522296,372.5761996528264,0.05095791460097839,1510.5563757224486,768.9091213821648,0.9283045519363957,0.0,18.057627973785188,2.0,0.01,197.57929745223618,76.72725309856516,106.27443099349841,39,84.99667978062683,7.938437682210495,24.117988908257637,True
0,1.0,1,0,22,0.0,16.37071544761308,0.912658880928174,8.11751784464927,0.23096167282305763,1,0.9808059434804649,25.917996400134395,16,0.0,32.766249637556385,3,51.21639103662537,0.0,0.0,0.0,428.0082076063169,0.0,40103.09661720937,0.0,1.0,0.0,194.0,2.0,0.19175980175600515,508.56754445397127,1.0,0.0,1,24.34377650090659,0.0,0.0,True
0,1.0,9,3,12,19.272395488084232,2.6855852104051667,0.4351704159769151,8.11751784464927,3.439528941111557,19,0.03,472.259703616271,5,0.0,201.9401688735334,1,175.00588701050825,0.0,41649.12173236718,0.0,1332.9013147749324,0.0,2825.689552781897,0.0,0.6235528671843831,0.0,61.67732098659515,2.0,0.01,428.65519171428184,1.0,0.0,1,50.56772369427351,0.0,0.0,True
0,1.0,0,0,2,0.0,1.0,0.9148818031559015,5.203711805688261,0.24489006679655836,3,0.9825666200596062,94.17600527301599,1,0.0,19.31638383404874,0,95.84856441364758,0.0,6488.931021962169,0.0,1.0,0.28448257244273834,661.4315526615012,0.0,1.0,0.0,20.839570199432078,2.0,0.01,54.40762154421505,1.0,0.0,1,7.328378862207899,0.0,0.0,False
0,8.278740956900045,8,0,12,4.980697578204091,1.4482009344229052,0.3348759934509525,8.11751784464927,3.15843870445761,8,0.43097391997357937,56.93163078922427,1,0.0,32.766249637556385,2,403.7090367766018,0.0,0.0,0.0,95.09743399091225,0.061432293106113846,12404.587860431246,0.0,1.0,0.0,22.665524760939952,2.0,0.01,77.30526707839803,1.0,0.7101001553816211,58,22.065551542364815,0.0,0.0,True
0,1.0,10,0,2,0.0,26.922708712789976,0.9041325651773366,8.11751784464927,2.08615979446783,16,0.8922714522966227,25.917996400134395,16,0.0,21.566556101419856,0,67.6296980570668,0.0,888666.0107797164,0.0,1.0,0.22296230207091958,1490.742469776597,0.0,0.6658372102362753,0.0,55.549344256504156,2.0,0.01,77.30526707839803,40.5368260390681,3.661079504557879,1,13.356894719103487,0.0,0.0,True
0,2.3030948472005335,1,0,12,0.0,5.389706506070091,0.4351704159769151,56.7275309688563,3.22002613014633,19,0.08106107510478322,472.259703616271,34,0.0,73.17066043752351,0,403.7090367766018,0.0,45272.862544547555,0.0,43.60096574890709,0.0,2689.9782655645763,0.0,1.0,0.0,194.0,2.0,0.01,77.30526707839803,17.7438072134847,0.0,1,114.86305910971308,0.0,0.0,True
0,1.0,1,0,2,0.0,1.0,0.9148818031559015,8.11751784464927,0.496051389830174,1,0.9231873692070283,25.917996400134395,1,0.0,29.722702132835465,1,61.6237056781013,0.0,9222.610663275776,0.0,1.0,0.08642978661236614,1496.4376753590045,0.0,1.0,0.0,6.009536515500346,2.0,0.01,71.64831575435564,1.0,0.0,1,1.0,0.0,0.0,True
0,1.861336605212921,2,0,34,0.0,118.0,0.5870138832178089,8.11751784464927,0.2484912044133404,8,0.03,218.02604860048137,16,0.0,73.17066043752351,3,54.67383459774225,0.0,18014.505276354612,0.0,114.20422963168284,0.0,2404.283662333928,0.0,1.0,0.0,8.651678637848237,2.0,0.06383283509299861,77.30526707839803,1.0,0.0,21,26.21608009578613,0.0,0.0,False
0,11.046454737292526,24,3,18,0.0,33.08621655657963,0.4351704159769151,28.621880856326978,2.0476026791879276,8,0.35022276632483407,56.93163078922427,5,0.06146281907773754,73.17066043752351,2,175.00588701050825,50.133816848083676,2904528.472732093,0.04789346761312868,119.80201230431501,0.6819432518297222,2825.689552781897,919.2769996150525,0.6409236924817,0.0,13.636870931838324,3.5847839476447003,0.22107675757452305,77.30526707839803,117.5896645992103,60.82112739901111,11,34.500250920498985,7.810495267135799,45.13014103606516,False
0,1.0,0,4,2,0.0,1.0,0.6741564150196223,7.554423689974106,0.255645697774366,1,0.945108382688936,25.917996400134395,16,0.0,22.897370751510856,1,57.321845586237266,0.0,0.0,0.0,1.0,0.36280852814927056,1455.2115478904195,0.0,1.0,0.0,3.658766282200131,2.0,0.01,55.2348551163591,1.0,0.0,1,15.532902709586626,0.0,0.0,False
0,1.0,1,0,2,0.0,1.0,0.9148818031559015,8.11751784464927,0.48321394480489727,1,0.9446994918763437,25.917996400134395,1,0.0,32.766249637556385,1,52.33193324284339,0.0,9907.06499371786,0.0,1.0,0.08475691974698167,995.756051255197,0.0,1.0,0.0,5.637125603711971,2.0,0.01,77.30526707839803,1.0,0.0,1,2.6838030292932267,0.0,0.0,False
0,1.0,0,0,2,0.0,1.4862705915304457,0.4351704159769151,8.11751784464927,0.34767023065803127,34,0.9295445172358965,25.917996400134395,1,0.0,26.15441280014523,1,312.11385070072805,0.0,0.0,0.0,16.921818215403594,0.09577915084316295,1002.1776044976643,0.0,1.0,0.0,32.16847135225575,2.0,0.01,73.55710407290567,1.0,17.118303636407077,2,10.196566189624571,0.0,0.0,False
0,3.874814198991378,9,10,7,3.068578100124732,4.954600016819461,0.40586256586410063,18.362508589994867,1.4387529521108329,7,0.537785973691492,44.28602466151454,7,0.0036862565582759764,66.54254779143186,0,175.00588701050825,33.78628494550394,42005.566108250256,0.06381603795971125,64.42593441020364,0.11059352676830342,1008.4066561731643,372.7791653735016,0.8456402384953536,0.0,15.757298319659332,8.511615519459436,0.2869099662234231,364.46534449582293,1.0,46.734188444437706,14,37.235684239617754,0.0,12.562636278697555,False
0,1.0,3,0,43,0.0,2.122648716434927,0.9148818031559015,8.11751784464927,0.3541842544581007,1,0.2264543147218646,22.214379041276636,1,0.0,32.766249637556385,2,1535.48,0.0,164339.0631401264,0.0,1.0,0.11412702985357064,15097.581324765966,0.0,1.0,0.0,8.204927498439856,2.0,0.01,77.30526707839803,1.0,0.0,1,20.373931708329096,0.0,0.0,False
0,1.381848614391048,2,0,22,0.0,4.068535127192067,0.645972208590299,8.11751784464927,3.056145064354679,4,0.7051398488450734,25.917996400134395,14,0.0,133.87102670286592,4,1535.48,0.0,12743.764787682769,0.0,1.0,0.32282373565399974,900.3758981594933,0.0,1.0,0.0,29.239646766750475,2.0,0.01,46.83418595798898,70.21667598200378,15.754778842268394,2,1.0,0.0,0.0,True
0,17.95992008491305,24,0,21,0.0,3.187663688100505,0.34965836380080073,8.11751784464927,3.2991259752202096,4,0.3690355762004128,56.93163078922427,9,0.0,73.17066043752351,0,175.00588701050825,6.3515685503503505,26028.71343688364,0.0,187.4912684524311,0.051767342602445365,1325.505105323114,0.0,0.39152657753028,0.0,47.629879231288186,2.0,0.01,197.57929745223618,58.59512064814588,70.89265094582392,6,608.2637711336812,0.0,5.511892815502193,True
0,42.29580953294637,3,0,38,0.0,20.24983359925228,1.0,8.11751784464927,0.496051389830174,4,0.03,21.29402019128553,1,0.0,69.5066057477184,1,248.8086882381922,0.0,4697.841531022192,0.0,2726.701433647348,0.0,2348.183846456815,0.0,1.0,0.0,52.92140478253887,2.0,0.01,61.74829060390958,200.5586624873297,0.0,1,102.25325542469577,0.0,0.0,False
0,2.09808261734614,0,0,2,0.0,2.392658260267622,0.8326293170222689,4.309658193159267,0.19517251079545284,1,0.958729050172971,25.917996400134395,5,0.010340075755957412,22.23938637081758,2,578.5788632893181,0.0,619.4524106603094,0.0,1.0,0.01526767046841803,264.5245703730814,0.0,1.0,0.0,7.163680597653673,2.0,0.01,77.30526707839803,1.0,0.0,1,23.66050465053016,0.0,0.0,False
0,1.0,0,0,2,0.0,1.0,0.9148818031559015,8.11751784464927,0.42072537472489446,1,0.9366886033943944,21.343910588361886,15,0.0,14.89395074773994,1,47.41994654008049,0.0,0.0,0.0,1.0,0.17129744865461216,0.0,0.0,1.0,0.0,4.371008380983884,2.0,0.01,53.2642625591721,1.0,0.0,1,16.859048568248305,0.0,0.0,False
0,77.81076003065616,3,1,16,0.0,27.497496451085432,0.4351704159769151,28.621880856326978,0.17028496452071074,32,0.5887475015558065,56.93163078922427,1,0.0,152.1801641873757,2,403.7700873682172,0.0,189789.5038298689,0.0,351.8374925942371,0.37322682753929165,1936.5538957793995,0.0,1.0,0.0,22.504824675636144,2.0,0.01,77.30526707839803,99.06875832789422,0.0,13,91.79140756242816,0.0,0.0,False
0,91.08517836660621,0,0,23,0.0,2.8311059148734072,0.2771117787925596,8.11751784464927,0.2930579270463254,1,0.9806508047677579,116.83846151051219,34,0.0,817.0,6,62.63340139155797,0.0,8433.635284914388,0.0,120.92759984172373,0.13136496926487873,1684.549384262613,0.0,1.0,0.0,37.19146108301767,2.0,0.07037500397885094,50.63990162159815,1.0,0.0,4,26.453567557240596,0.0,0.0,False
0,1.0,0,0,42,0.0,21.608843493829905,0.6741564150196223,42.49379164532584,0.47287209288686916,19,0.35988248797409234,25.917996400134395,5,0.0,29.492049221523338,5,328.74489101609953,0.0,16301.460152682765,0.0,480.2961129817666,0.03170534372968983,2140.8589860120733,0.0,0.6461919371352636,0.0,3.502987867577077,2.0,0.01,73.12647743207305,1.0,0.0,1,1.410236160804077,0.0,0.0,False
0,5.845391267067068,1,0,2,0.0,2.0376118666977203,1.0,18.362508589994867,0.22258102108321617,15,0.9945097668544857,25.917996400134395,14,0.0,49.46650150385047,1,167.53496286021596,1.1130702965107337,292477.88528964226,0.0,40.20822871287078,0.07391515158587975,2035.0003184948037,54.48548468610059,0.5487315372941308,0.0,31.264451517363465,2.0,0.01,71.25706436610074,1.0,16.795392271598203,1,19.264017524845556,0.0,0.0,False
0,1.0,24,0,2,0.0,1.4841556401548515,0.4351704159769151,7.5649039438508865,0.32554875467564276,3,0.9247232795872199,23.839748888868904,1,0.0,28.592267690567958,4,43.84270388022783,0.0,5950.269373666616,0.0,1.0,0.31862768124239743,990.6592078250249,0.0,1.0,0.0,1.58410552302738,2.0,0.01,77.30526707839803,1.0,0.0,1,72.26374040089999,0.0,0.0,False
0,1.0,1,0,78,0.0,5.8592927854396715,0.9041325651773366,8.11751784464927,3.0494295239247964,4,0.9924096647016484,111.88400277172386,1,0.3686984532476783,29.23487857819451,0,404.6453416038014,0.0,18446.6083647276,0.0,69.9650968263311,0.25878074973872334,29739.319372677328,0.0,0.5747866575275823,0.0,5.075799636036723,2.0,0.01,70.56792679238806,15.493026202297017,0.0,1,120.24524468808664,0.0,128.8325624354439,False
0,7.8507446209569665,0,1,16,0.0,10.545755368312498,0.7811266566231203,28.621880856326978,2.79674439563628,8,0.6764095165463176,25.917996400134395,1,0.3760136363392457,73.17066043752351,0,175.00588701050825,27.79344198220147,44680.57021453943,0.0,42.133920173086594,0.3408406461952169,521.4742602505313,0.0,0.39438369147471986,0.0,13.782172019272195,2.0,0.01,197.57929745223618,1.0,24.846905196226512,16,34.09868822707757,2.906764711420589,14.493188336590768,True
0,1.7181612381332088,20,0,42,0.0,4.7512658386879,0.9148818031559015,8.11751784464927,0.05162189917752145,7,0.579761236380703,158.91436470620712,5,0.0,49.56627813015717,1,69.71202557459893,0.0,15935.755069652409,0.0,1.0,0.08967935213101252,1904.598187115495,0.0,1.0,0.0,7.078398285254529,2.0,0.01,77.30526707839803,1.0,19.40933651992021,3,1.0,0.0,0.0,False
0,1.0,2,0,21,0.0,1.4895095462918704,0.805915936316828,8.11751784464927,4.25,8,0.9488397856618547,25.917996400134395,16,0.0,32.766249637556385,1,52.17575351776857,0.0,16183.93448560507,0.0,45.60264472892549,0.43295166019906617,27487.666370588595,0.0,1.0,0.0,6.481714017921064,2.0,0.01,56.56087132682208,1.0,0.0,1,14.558018640328662,0.0,0.0,False
0,1.0,13,8,39,0.0,7.301255874992085,0.37453582169291616,18.362508589994867,3.3112192305474304,1,0.9898198271834312,128.06140531346662,5,0.0,32.766249637556385,1,56.91609548392487,15.623185755416953,444994.1636334815,0.0,1.0,0.4199786309095556,1317.466464160232,0.0,1.0,0.0,4.873426247520713,2.0,0.22354689841783001,68.67301837401547,1.0,16.652922489371473,7,17.58767202743818,0.0,9.13592195340523,False
0,5.4272036173191625,1,0,2,0.0,2.532178257185395,0.41666790909761353,8.11751784464927,0.13813092837503516,4,1.0,125.06395460304225,16,0.0,32.766249637556385,6,1535.48,0.0,28312.575792428863,0.0,128.41849634905012,0.03494382784264418,2825.689552781897,0.0,0.6103936532283576,0.0,22.665524760939952,2.0,0.01,428.65519171428184,15.420553880289376,0.2058005814744277,7,115.1884827044448,0.0,0.0,False
0,27.95492997629021,1,0,25,0.0,1.931329649458428,0.7143365951591341,36.74280146422936,3.2018348402649215,4,0.36962881589774743,18.40953492543761,14,0.0,73.17066043752351,1,62.730451846206996,0.0,44056.742733583844,0.0,92.8168802396132,0.1894592465003988,54180.19154414882,0.0,0.6200908774286233,0.0,9.061282135905085,6.709234742616694,0.01,1447.2562342207248,36.90851216272493,0.0,1,65.60882465719868,0.0,0.0,False
0,1.0,1,0,48,0.0,1.0,1.0,8.11751784464927,0.2793439901315052,4,0.9313226161550954,25.917996400134395,1,0.0,73.17066043752351,2,38.999263401211195,0.0,30092.68232287078,0.0,1.0,0.07620083795839455,2041.5142724894151,0.0,0.6384648149162928,0.0,5.413347087252423,2.0,0.01,77.30526707839803,1.0,0.0,1,13.980221455482083,0.0,0.0,False
0,9.355707408799972,8,3,12,47.744758787062814,11.246158698605775,0.8249914326566394,18.362508589994867,4.25,8,0.6626190862739064,56.93163078922427,34,0.29987879061705225,73.17066043752351,4,312.11385070072805,18.467384756712008,542806.9384267966,0.0,112.54876978275652,0.039801957474248535,2825.689552781897,731.7323255726191,0.14682404700217244,0.0,14.92556070433924,2.0,0.01,197.57929745223618,28.824535474892528,37.525898520077604,15,44.0173650009612,0.0,28.626461221025327,False
0,8.985033780584082,7,1,19,0.0,7.905941903186664,0.6741564150196223,5.7609007450162855,0.23940455618694376,13,0.5290270054995561,18.853486459352062,34,0.0,132.32540356902845,2,69.6650330850678,0.0,0.0,0.0,109.77311375072281,0.07955605326638641,580.4510587696511,0.0,1.0,0.0,22.1113649688737,2.0,0.01,77.30526707839803,1.0,0.0,1,180.6744299321754,0.0,0.0,False
0,1.0,9,0,2,0.0,1.414957377215459,0.6741564150196223,8.11751784464927,0.2955120810074786,8,0.9843131082457984,25.917996400134395,5,0.0,21.730127485756103,2,31.58799679855762,0.0,0.0,0.0,1.0,0.1945288256835152,0.0,0.0,1.0,0.0,9.865050057513752,2.0,0.01,77.30526707839803,1.0,0.0,1,9.987731029478615,0.0,0.0,False
0,1.0,24,1,1,0.0,6.116538313377014,1.0,7.403571696619414,1.9950102487535746,4,0.6141194555107395,56.93163078922427,34,0.0,73.17066043752351,4,261.93338047731413,0.0,47264.21869626764,0.0,31.20500116667482,0.24384681043459389,5336.754019492544,0.0,1.0,0.0,8.607595239313914,2.0,0.01,77.30526707839803,77.7665009385401,11.043105619636478,1,56.747920479480214,0.0,0.0,False
0,20.42358111797083,6,0,34,0.0,2.8662147527873882,1.0,8.11751784464927,0.19435155785998295,8,0.4555332531718951,21.668003970466998,5,0.0,201.51941553695195,7,1535.48,0.0,160544.1744076002,0.0,1.0,0.1504853666739748,261201.38,0.0,1.0,0.0,16.480601723468045,2.0,0.01,77.30526707839803,1.0,0.0,1,61.66300162610443,0.0,0.0,False
0,1.0,0,0,22,0.0,1.0460754301283646,0.8773403305035519,8.11751784464927,0.3907195835730674,4,0.9500764129368202,25.917996400134395,1,0.0,201.51941553695195,4,155.6480082491038,0.0,584.9346789851679,0.0,59.51630118337772,0.20865871500782793,2015.887865831614,0.0,1.0,0.0,7.63781832145192,2.0,0.01,77.30526707839803,1.0,0.0,1,15.130584353294411,0.0,0.0,True
0,24.495497488289885,3,0,78,24.55184857966902,1.2887486817759894,1.0,108.08319080544095,4.25,8,0.5355509751894512,222.7053819470969,14,0.0,73.17066043752351,2,175.00588701050825,0.0,25255.508980894538,0.0,91.74413491185463,0.023633722396918667,2656.6061939151336,0.0,1.0,0.0,18.216296901531255,2.0,0.01,77.30526707839803,10.866995278231357,0.0,7,134.71689411194657,0.0,0.0,False
0,2.1763006561885225,10,0,2,0.0,5.142163220250619,0.848118406396298,28.621880856326978,0.0991027619581021,1,0.367364688900807,125.06395460304225,12,0.0,73.17066043752351,6,403.73956593102645,0.4054844986592805,475361.2188532692,0.0,471.436401479589,0.0,2330.2524189411783,0.0,0.6658372102362753,0.0,194.0,2.0,0.01,640.7608575889275,232.61090914602232,0.0,1,160.966792414535,0.0,0.0,False
0,27.715148664650393,0,0,41,0.0,17.82196680426126,0.6240466417328889,56.7275309688563,2.331995932032776,34,0.7614972616387918,56.93163078922427,12,0.0,68.18627011655437,1,74.6513575708106,5.9198652267590965,492531.86043444497,0.0,118.08298732438288,0.059500905985496275,1251.5973619647834,0.0,1.0,0.0,18.020486026301064,2.0,0.01,77.30526707839803,34.67519433883679,12.440197527337642,16,144.28380154809597,0.0,0.0,False
0,25.344110218219154,3,0,37,0.0,6.089077483345355,0.6741564150196223,18.362508589994867,2.4621225424381827,8,0.35499522862751537,56.93163078922427,16,0.0,70.91341216878874,1,175.00588701050825,0.0,865257.2425382208,0.0,1.0,0.44582136768285924,32341.769900840685,359.0259662464956,1.0,0.0,22.665524760939952,2.0,0.01,77.30526707839803,1.0,15.177740993074394,1,14.703367450196264,0.0,44.17347514843888,True
0,7.510652638224418,8,6,12,5.911518610782179,1.9655327775064602,0.3338786512186434,8.11751784464927,3.5143849090861474,31,0.4036390275207382,158.91436470620712,12,0.0,59.91445229203659,2,140.03893172204178,0.0,0.0,0.007478289598471549,69.70287844597091,0.29318790771788916,14553.362071390755,0.0,0.4630090708157856,0.0,20.055870759928695,2.0,0.05405374686902187,77.30526707839803,1.0,55.04342979045433,2,1.0,0.0,9.488146331690185,True
0,14.815709245345392,6,7,2,0.0,8.410436015639474,0.3383382030301808,8.11751784464927,2.710363788764272,18,1.0,25.917996400134395,1,0.0,31.79163528574957,4,1535.48,0.0,0.0,0.0,40.84857242414581,0.2806735021460035,599.3509560618586,0.0,0.8533751955635982,0.0,19.072549131240514,2.0,0.163855087082391,414.75918922538017,1.0,31.879121087327086,8,4.637654625223021,0.0,0.0,False
0,1.0,2,0,2,0.0,3.7912208765613213,0.6533533416306102,28.621880856326978,2.175303645366168,1,0.5558638295210235,125.06395460304225,1,0.0,32.766249637556385,4,74.6513575708106,0.0,17996.838344628868,0.0,1.0,0.21916210268228034,1880.6648971523243,0.0,1.0,0.0,6.988184936967891,2.0,0.01,60.984839571267685,1.0,0.0,4,15.74840411489498,0.0,0.0,True
0,1.0,1,0,64,0.0,23.044512822358783,1.0,28.621880856326978,1.3932980071858052,8,0.3999712883203911,18.388481893833568,9,0.0,201.65062986019126,1,64.55628664214073,2.863662990364203,710086.2380867703,0.0,1701.2110000650653,0.0005288476292140826,1640.7396159995903,0.0,0.5926888649344976,0.0,20.705781063429015,2.842273022696963,0.01,65.57349783006116,147.58666796931828,26.145645042279266,12,133.3317894549113,0.0,1.0935426395626706,False
0,2.157276494943072,13,6,17,0.0,5.712074710436377,0.40067458866078265,28.621880856326978,2.0093501685113044,8,0.3749849015762504,56.93163078922427,5,0.12021782635378009,73.17066043752351,2,175.00588701050825,22.89823404815824,889034.120237559,0.0,51.606084659102166,0.055743376014740324,49334.742036441785,0.0,1.0,0.0,14.585150538490531,2.0,0.01,197.57929745223618,84.7493855739824,113.3593462259424,1,114.01534852183701,0.0,0.0,True
0,1.0,4,0,1,20.760679808895404,4.1830743727585835,1.0,8.11751784464927,2.730644135895055,16,0.7690857323312668,56.93163078922427,9,0.0,73.17066043752351,3,175.00588701050825,0.0,42725.44412373669,0.0,3.9371978740547036,0.589895711380863,5392.986601949347,0.0,1.0,1.2626282285371762,14.883615934522394,2.0,0.01,77.30526707839803,81.30690281404394,57.09114223739317,5,70.61304916908503,7.701225924276038,22.64457563702997,False
0,1.0,0,0,2,0.0,2.5439756895021515,0.4351704159769151,5.41838221899517,0.2700187533239833,17,0.9069821396954927,25.917996400134395,1,0.0,66.67778950144326,4,197.45696536931052,0.0,0.0,0.0,1.0,0.2178032912135631,9102.126449028641,0.0,0.9909675084430865,0.0,194.0,2.0,0.01,77.30526707839803,1.0,9.64649555667574,3,35.233398174833226,0.0,0.0,True
0,10.059080946905109,2,0,18,15.059255771178618,7.946343646800631,0.9148818031559015,8.11751784464927,3.017382385343819,8,0.2930715712536516,55.964200607454586,4,0.5626185101031245,73.17066043752351,3,175.00588701050825,28.00665690928144,811460.8727271692,0.22928905871933886,325.52955933191697,0.05269876894464779,1914.5827013993833,1921.480804026822,0.5208168187612783,0.0,61.67732098659515,2.0,0.01,77.30526707839803,142.21260699594094,61.43651747962506,12,78.56184647603011,5.918955170695145,69.04665973934763,False
0,3.2417270036629344,4,0,12,0.0,1.8235983841142742,0.6522985029969592,8.11751784464927,0.2210399718532128,4,0.29246573809027004,25.917996400134395,12,0.0,73.17066043752351,6,74.6513575708106,0.0,0.0,0.0,103.67609816197948,0.01099903417678335,28773.82713873889,0.0,1.0,0.0,22.665524760939952,2.0,0.01,2733.0,3.00045695766012,0.0,11,188.58663341951546,0.0,0.0,False
0,1.0,24,0,48,14.431426856110505,5.550614539443698,0.6741564150196223,8.11751784464927,4.163485502311186,4,0.5520261018916128,56.93163078922427,34,0.0,73.17066043752351,4,175.00588701050825,5.023173820625836,757327.5407025188,0.0,172.53109364163333,0.08787774676339395,29534.761305017335,0.0,0.6095711643285315,0.0,15.57941901341536,2.0,0.10591786028917893,197.57929745223618,1.0,48.035772263982,1,144.76084099084147,0.0,1.7954217894725595,False
0,1.0,0,0,12,0.0,1.0,1.0,6.764002397367142,0.496051389830174,1,0.9064081721307328,25.917996400134395,1,0.0,32.766249637556385,5,55.54498958289344,0.0,0.0,0.0,1.0,0.15201900066505883,1842.2889808879743,0.0,1.0,0.0,4.079558172080944,2.0,0.01,77.30526707839803,1.0,0.0,1,11.729160782956784,0.0,0.0,False
0,15.282383541586675,7,2,22,4.923505430469875,6.116538313377014,0.4351704159769151,56.7275309688563,3.193319250698794,4,0.5390432062724513,472.259703616271,14,0.0,303.76105116787244,7,74.6513575708106,0.0,50862.408461177976,0.0,97.85730744985149,0.02055721904345715,2825.689552781897,0.0,0.9781871903664308,0.0,22.665524760939952,2.0,0.01,428.65519171428184,86.21148740878138,19.00692893306214,9,111.91905364495145,0.0,38.5811132760705,False
0,1.0,6,0,2,0.0,2.716304003111974,0.5670962120509736,8.11751784464927,0.18090316975891652,19,0.29246573809027004,25.917996400134395,16,0.0,201.51941553695195,1,74.6513575708106,0.0,356812.2390335599,0.0,1053.3770566626263,0.0,1315.7767863285449,0.0,1.0,0.0,22.665524760939952,2.0,0.01,77.30526707839803,1.0,0.0,1,158.59220047027551,0.0,0.0,False
0,1.0,0,0,2,0.0,3.274372592297736,0.6741564150196223,8.11751784464927,0.39689317064441276,1,0.9064081721307328,25.917996400134395,16,0.0,30.487989453909563,1,52.49888905301671,0.0,0.0,0.0,41.339122431357225,0.011294769312538644,2035.6418907075079,0.0,1.0,0.0,6.843485889370278,2.0,0.01,77.30526707839803,1.0,0.0,1,29.72066634261244,0.0,0.0,False
0,1.9078908885331645,2,0,12,0.0,2.006653752770759,0.4351704159769151,8.11751784464927,0.09549813948702139,4,0.9588435775498763,25.917996400134395,16,0.0,52.62691199609051,1,60.97302720443991,0.0,0.0,0.0,1.0,0.04989416962821545,19120.489247827143,0.0,1.0,0.0,6.081336687814349,2.0,0.15608106533866373,77.30526707839803,1.0,0.2886331860606717,1,12.791711536810235,0.0,0.0,True
0,1.0,0,0,1,0.0,2.1819128549493287,0.9148818031559015,6.630392590493457,0.11446284051864769,1,0.9976042769781593,15.51088951875088,4,0.0,14.141475723290426,2,53.06992207090504,0.0,0.0,0.0,1.0,0.27141605107678857,805.7633217002308,0.0,1.0,0.0,1.8871019030931122,2.0,0.1603727533742017,68.64058483786653,1.0,1.8701360257358752,1,9.352690905333333,0.0,0.0,True
0,1.0,7,2,1,0.0,1.5171240993028863,0.8764693530124283,4.352434322334785,3.0989678733775268,3,0.5395029537896698,507.0,1,0.0,41.06788957507724,4,50.47450215211143,7.161894814268617,30542.220892572917,0.3312135958935476,11.93749816900258,0.30774693257959423,1618.038934128131,0.0,0.3463417081525592,0.0,3.4755790332283274,2.0,0.01,37.36461258070979,1.0,227.660529591306,1,31.973873688944447,0.0,0.0,True
0,1.0,0,0,42,0.0,1.0784830775352494,0.9148818031559015,8.11751784464927,0.12658648094240296,1,0.9704542094080363,15.713734940114353,1,0.0,64.31437460421293,1,66.61711203805687,0.0,19630.272605724855,0.0,1.0,0.15672112602014412,946.2189315170306,0.0,1.0,0.0,3.9062225374034565,2.0,0.01,77.30526707839803,1.0,0.0,1,18.340791239829688,0.0,0.0,False
0,1.0,3,0,48,0.36867882857892775,70.92352207185154,1.0,8.11751784464927,3.9153041326688607,4,0.46153621677853185,158.91436470620712,1,0.0,73.17066043752351,1,58.40233501753113,0.0,19734.41343292733,0.0,1.0,0.19058553240680942,33502.72728580363,0.0,0.9539193089079783,0.0,59.48472400854533,2.0,0.01,77.30526707839803,1.0,0.0,1,119.02309685432755,0.0,0.0,False
0,3.511124560879114,2,0,12,0.0,1.8764988641325504,0.6347147698805895,8.11751784464927,0.0,8,0.6284729881790141,25.917996400134395,1,0.0,233.19084079601808,3,55.44238686378873,22.656627588943294,19941.604338900528,0.0,1.0,0.5303665204026009,1122.0897087403343,0.0,0.2637546182651052,0.0,2.188380920082514,2.0,0.2052809515953105,58.35946828718043,1.0,10.735770183684409,15,14.649893020551309,0.0,6.944073138161068,False
0,11.21345569479505,0,2,42,0.0,1.0,0.7860921382843064,8.11751784464927,0.15499667541681553,1,0.22599993017155748,25.68192074078954,5,0.0,185.01562696630688,2,40.955683278715455,0.0,0.0,0.0,32.76660541830163,0.05230126353802332,903.6387062722256,0.0,0.5736111301339109,0.0,6.020120375941478,2.0,0.01,58.47166974035837,1.0,0.0,6,45.52491946960622,0.0,0.0,False
0,1.0,0,0,18,0.0,2.2401050661248902,0.8500432961540396,8.11751784464927,0.04410300524660089,8,0.49295686482030643,56.93163078922427,4,0.0,201.9401688735334,3,162.87460349546566,3.8363330506948596,39694.48007262707,0.0,94.01450311991427,0.09781003112596048,1105.5087077511814,0.0,1.0,0.0,10.173597463862494,2.0,0.10545451929594579,77.30526707839803,1.0,18.265805729687912,9,73.3364400377724,0.0,6.478100350769218,False
0,3.730048591454946,5,3,2,0.0,2.3802679814556145,0.6503963643573785,53.83313881991383,0.188849862362203,4,0.9930278064669421,25.917996400134395,10,0.41369189236306175,46.700837969279476,3,38.60848877274757,0.0,0.0,0.0,771.536867802986,0.3720070922996591,426.2107574975679,0.0,1.0,0.0,14.742258298499394,2.0,0.10726839521926201,38.31056186816649,1.0,0.0,6,1.0,0.0,0.0,False
0,1.0890957768923966,1,1,78,55.93776236808177,3.405803766833205,0.2660742779266788,8.11751784464927,0.13515142169262406,4,0.4780670154338951,158.91436470620712,5,0.0,73.17066043752351,2,403.7700873682172,0.0,32611.522002270158,0.0,26.01214425345167,0.05775331358809262,2129.225312672924,0.0,1.0,0.0,19.50914508202763,2.0,0.01,77.30526707839803,1.0,5.933615286733332,1,891.0,0.0,14.729298186437566,False
0,5.152647670732275,7,0,42,76.70318367808822,1.0,0.6420299915795862,8.11751784464927,3.0373284083126784,8,1.0,125.06395460304225,5,0.0,201.51941553695195,3,175.00588701050825,0.0,104374.66996943305,0.0,90.58507026422308,0.23045441504240957,52497.96728153572,0.0,1.0,0.0,194.0,2.0,0.01,77.30526707839803,2.6523347203546876,0.11700209791962557,10,15.6568519443592,0.0,30.30159707130019,True
0,1.340742072327993,6,6,12,0.0,3.83405613391605,0.6741564150196223,8.11751784464927,0.04634290263755309,4,0.6883632171197328,472.259703616271,10,0.0,55.86558572623041,6,400.16697898007453,12.223819970885945,4701624.47,0.0,197.88092453885363,0.07696040688541408,20922.819348577952,0.0,1.0,0.0,17.832011148963307,2.0,0.13629783643618154,62.2390293296034,10.45403105676553,50.07419660326435,1,43.67605164903728,0.0,7.73763977147971,False
0,37.66206947613922,24,0,42,10.863425538926258,11.393304708581255,0.5072503563147635,8.11751784464927,2.7504852066475385,19,0.9433025202238098,25.917996400134395,11,0.13550029789847456,201.51941553695195,2,175.00588701050825,0.0,196581.59027540637,0.0,5580.0,0.07159089991980805,34990.82117222491,0.0,1.0,0.0,61.435557349339895,2.0,0.06336981407659478,77.30526707839803,54.70997891497563,10.322273924320445,15,16.209973872853954,0.0,8.25808559262709,True
0,1.0,0,5,78,0.0,1.2003560584599842,1.0,8.11751784464927,0.0,19,1.0,25.917996400134395,16,0.0,198.29659044399367,4,85.26761813156017,0.0,201825.092573368,0.0,1.0,0.19031564387041944,937.5974404641056,0.0,1.0,0.0,4.405340290038861,2.0,0.01,72.1648889697409,1.0,10.16449448991487,1,1.0,0.0,0.0,False
0,1.0886579827992289,2,2,22,5.913711664195477,3.698898062479432,0.7865315204065815,8.11751784464927,1.5508314723072478,23,1.0,157.97382488817863,34,0.0,201.9401688735334,0,221.94257033185775,1.794307035479461,402524.6365874062,0.0,47.24197339879843,0.10650839124870444,635.1873094210977,0.0,0.7784523395272798,0.0,3.4684812963448737,4.404924121224919,0.01,77.30526707839803,1.0,0.0,13,20.198627298875113,11.710788965233489,0.0,True
0,1.9174228929265316,1,0,42,0.0,2.4985458988959164,0.642238335411809,56.7275309688563,0.0870425998322096,7,0.4188817121609348,507.0,12,0.0,32.766249637556385,3,63.58845969473439,0.0,372802.93083550746,0.0,1436.8655698207222,0.044479012262542084,1456.130613277995,0.0,1.0,0.0,21.162662175636967,2.0,0.01,77.30526707839803,64.47468665577802,0.0,1,106.29521865975906,0.0,0.0,False
0,6.686770862599543,0,0,78,18.20744715783735,2.3696295621582024,0.9148818031559015,8.11751784464927,0.311615928084122,4,0.5495396614648189,23.43146092844019,15,0.006979160184703904,130.59331228996538,1,60.12546074112551,0.0,12317.714273310448,0.0,92.731821976276,0.3047101791718951,2346.0931673027158,0.0,1.0,0.0,22.076074878293916,2.0,0.01,640.8161860740294,1.0,5.520955034061352,8,1.0,0.0,0.0,False
0,7.861863962750574,10,5,29,65.44827806725358,1.8762982390350516,0.6088721806941967,8.11751784464927,1.2162100931848858,8,1.0,56.21124620390077,1,0.8625307614279285,48.685026526858515,0,151.0327556961989,15.411050773618552,511392.5692220755,0.0,1.0,0.33635478958709203,1062.6963592576642,0.0,1.0,0.0,2.0625621307193738,2.0,0.3080922558273754,69.82195899364238,1.0,32.356092643218474,4,25.319855603946117,0.0,33.19113799963586,True
0,1.0,24,0,42,0.0,2.3539290880514567,0.4351704159769151,8.11751784464927,0.35858514426495414,1,0.9321855355420521,25.917996400134395,16,0.0,73.17066043752351,5,374.45366854891677,0.0,87728.16100367812,0.0,111.93259805990623,0.15206184774652365,1311.0473779281374,0.0,1.0,0.0,5.7732704321176955,2.0,0.01,69.33964217734614,1.0,0.0,1,1.0,0.0,0.0,True
0,1.0,5,0,42,0.0,1.0276716361271534,0.5467708086867975,8.11751784464927,3.3539119636806083,1,0.3632484297151065,56.93163078922427,33,0.0,32.766249637556385,1,215.46781120912954,0.0,18998.920330008514,0.0,15.943198935634712,0.07389999510499931,2013.679966305862,0.0,1.0,0.0,5.309242422136799,2.0,0.01,64.9947706407074,1.0,1.965809934433934,1,1.0,0.0,0.0,False
0,5.140347457072124,2,3,24,0.0,10.783773635833422,0.9012386245597339,7.490157066983321,0.25266715343665663,4,1.0,25.917996400134395,8,0.0,201.9401688735334,0,403.73956593102645,6.179830395713344,23144.82938459766,0.0,1.0,0.09787476415296434,24181.47372690652,0.0,1.0,0.0,36.908002988013,2.0,0.1331974094194089,77.30526707839803,297.0302281143437,14.659042019066813,2,40.07740793948286,0.0,0.0,False
0,2.5987046776223326,2,0,1,0.0,1.0,0.6228194337484154,8.11751784464927,0.08497836315652729,10,1.0,23.293311814798816,1,0.0,23.752266621986287,0,46.69150664769455,0.0,0.0,0.0,1.0,0.0667851057550976,592.3861746110933,0.0,1.0,0.0,5.400036271850676,2.0,0.01,59.294148325065706,1.0,0.0,1,67.86547574142091,0.0,0.0,True
0,1.0,3,0,2,0.0,2.3489259358545027,1.0,8.11751784464927,2.2792750290356465,8,0.150507589302719,158.2972081265737,16,0.0,201.9401688735334,5,366.2841297428609,0.0,27610.070013105073,0.0,644.7492478049907,0.1262876137109358,2825.689552781897,0.0,1.0,0.0,19.603687724260134,2.0,0.01,640.7838900729931,1.0,0.0,4,15.412899065130485,0.0,0.0,False
0,1.0,13,0,2,0.0,5.642678764270448,0.9148818031559015,8.11751784464927,0.08787447392194601,1,0.9970529261205006,125.06395460304225,5,0.0,48.65243065701678,4,71.1963452716858,0.0,6626.504818105233,0.0,1.0,0.5809642856476711,2308.3196501166653,0.0,1.0,0.0,5.453793062508667,2.0,0.01,58.30478946433831,1.0,0.0,1,16.921378731308206,0.0,0.0,False
0,1.0,11,0,2,0.0,1.0,0.6741564150196223,8.11751784464927,3.3183922075389516,1,0.9544191364115943,125.06395460304225,1,0.0,27.88180912707775,2,39.323317015117226,0.0,0.0,0.0,1.0,0.2263562948381418,1038.4268830627843,0.0,1.0,0.0,4.3260963939807855,2.0,0.01,68.43582363295799,1.0,0.0,1,16.584480751228146,0.0,0.0,False
0,10.734806211012028,1,0,2,0.0,1.341527927629552,1.0,44.6991174202192,0.0,11,1.0,118.86587535754188,1,0.0,21.850303411295208,4,64.12203700098004,0.0,441971.74056074105,0.0,2.5339572138843494,0.05605357284122984,1376.9174519761568,0.0,1.0,0.0,4.783398686390742,2.0,0.01,46.099464446393945,1.0,0.0,1,8.486663073936523,0.0,0.0,False
0,5.734967850251852,8,1,15,1.6127575390602988,14.346156422587935,0.9347391429811064,56.40503525651797,2.08219807522967,15,1.0,46.23506035617487,33,0.0,54.030180482138576,0,277.3678472686194,11.993375875487375,30831.68190891269,0.0,2013.7964722966292,0.045027395102342604,1451.1784263651361,1006.3319107464015,0.29551190366351887,0.0,11.580853098589383,2.0,0.4732347960096696,77.30526707839803,46.28642186782203,13.286616351892704,9,7.232537328356067,0.0,43.06028449905934,True
2,1.0,1,4,17,0.0,3.978102676034278,0.3461157870579323,4.238561084147803,0.1382934917247244,16,0.9447118941735042,25.917996400134395,1,0.0,303.76105116787244,1,160.92523713697497,0.0,4701624.47,0.0,1.0,0.07456387926293204,1925.855144613645,0.0,1.0,0.0,47.83056891619996,2.0,0.01,77.30526707839803,13.601424115024983,12.62282203872266,1,891.0,0.0,6.186723107237,False
0,1.4723970899234224,18,8,26,21.43344944128966,31.65559082447399,0.41592626181357645,8.11751784464927,2.3206276021856214,8,1.0,56.93163078922427,4,0.0,57.40575915183991,4,312.11385070072805,5.4989475624068715,888223.2369465093,0.04811413705026629,1.0,0.1164909558284131,1287.507688256261,0.0,0.7219623390597132,0.0,13.525835381320256,2.0,0.06308948720567314,197.57929745223618,134.6510375995011,97.95723411450551,9,92.83255750354316,0.0,26.84633882254538,True
0,3.170693883508647,9,0,10,13.78231120926245,3.9320684525603413,0.35320470307151935,7.0367539911942965,2.0743969647086637,3,0.963011590882034,124.37885556280597,11,0.12021782635378009,201.9401688735334,5,465.0134645369269,7.79420118226628,19007.988610372577,0.0,141.31391614900105,0.33047436688534604,1288.0169390035157,2019.1586148172782,1.0,0.0,20.344578402186528,2.0,0.01,77.30526707839803,172.83329002358144,0.0,3,24.755081404939034,0.0,0.0,False
0,1.0,1,0,2,0.0,2.206797689925403,0.8771985254769261,8.11751784464927,0.33629840745151546,34,0.9064081721307328,25.917996400134395,1,0.0,32.47817484934791,1,64.853634646024,0.0,0.0,0.0,101.12350693030461,0.0,2791.7376589369596,0.0,1.0,0.0,7.3345651768606865,2.0,0.01,77.30526707839803,1.0,0.0,1,1.0,0.0,0.0,False
0,2.188803319782351,3,3,11,0.0,11.651491350735778,0.9148818031559015,56.40503525651797,3.230455568222927,8,0.9650598618825696,158.91436470620712,1,0.0,30.21014962904799,3,137.37004084108062,6.104699789878376,6407.939110344737,0.0064207362397916135,662.7609206706447,0.09181370311620708,2825.689552781897,1070.7030317245994,1.0,0.0,61.67732098659515,2.0,0.01,197.57929745223618,34.45123456359925,2.2373028153452443,4,208.43045886798186,8.153757765965208,2.64132699801986,False
0,1.0,2,0,17,0.0,3.2468994869741827,1.0,8.11751784464927,0.16979849927399063,19,0.38731406608069346,25.917996400134395,16,0.0,73.17066043752351,1,175.00588701050825,0.0,11501.34915110231,0.0,82.02346976440538,0.48560270820005946,2133.786291546971,0.0,1.0,0.0,5.271425279522498,2.0,0.3782630146298462,77.30526707839803,1.0,3.3258447324495535,4,19.875936106883138,0.0,0.0,True
0,1.0,0,0,2,0.0,1.0,0.38487045100199835,8.11751784464927,0.4028867117706542,1,0.9293646646773843,25.917996400134395,1,0.0,32.766249637556385,1,57.50444783404852,0.0,11896.309160569068,0.0,10.071039916833058,0.22550659044098043,1459.4275109886057,0.0,1.0,0.0,7.37208305752802,2.0,0.01,74.9965899687084,1.0,0.0,1,18.098901457899625,0.0,0.0,False
0,53.83144437227835,1,0,8,13.700812791777906,10.71195039335662,0.5073583195044296,56.7275309688563,0.005031101356548139,4,0.9832927415588918,158.91436470620712,16,0.0,63.00642460340958,5,60.30007085615689,0.0,284182.38725401973,0.0,128.02274528171426,0.136627383397375,19920.719728089527,0.0,0.36762619501500593,0.0,146.08250241815495,2.0,0.02874927743889437,61.51107466677139,10.99423147887201,11.97144971009287,4,3.53415252155553,0.0,0.0,False
9,1.5776499049825135,7,0,0,2.077284266101965,11.707632554179986,0.29944336924649895,16.344679303634464,0.0,3,0.9533535008747566,18.89206886557019,7,0.031851030500698645,41.96866555000124,1,23.591284573524305,40.71000920694462,8859.826632270988,0.03190090932522461,1.0,0.1711403366656533,0.0,669.9888318469593,0.9888175701426578,0.5119049571927174,1.3103633332751976,21.991581073444387,0.08468051207754125,392.48853942897335,98.52869920012671,27.695879702511,11,45.033332169806826,1.7228585934851448,17.37444874065209,True
0,4.589494300398388,4,1,2,0.0,1.0,0.8786749606820147,108.08319080544095,2.801784725997786,1,0.03,158.91436470620712,14,0.15116170444251675,32.766249637556385,2,123.34945769006734,0.0,0.0,0.0,31.02987343124664,0.1355021032781762,2142.0092109089114,0.0,0.7112102383443402,0.0,19.581414214431874,2.0,0.01,77.30526707839803,1.0,0.0,12,17.277135996843406,0.0,0.0,True
0,5.264459196695594,10,2,22,0.0,3.726939055912621,0.4351704159769151,8.11751784464927,2.1080508833407503,4,0.1688714234428749,56.93163078922427,5,0.12021782635378009,201.9401688735334,2,74.6513575708106,0.0,49471.37542997095,0.0,248.40457329846882,0.2169696958496767,49370.33496906216,0.0,1.0,0.0,22.51281450258525,2.0,0.01,640.7608575889275,1.0,3.813112668916361,1,81.37511039113227,0.0,0.0,True
0,14.287114618800231,0,0,48,1.308761459422853,1.9165363413428176,1.0,154.0,2.1762220711968077,8,0.39985656237510725,472.259703616271,1,0.0,152.1801641873757,3,403.7700873682172,0.0,93388.22305759705,0.0,325.95217521152176,0.0,47440.22287618124,0.0,1.0,0.0,22.665524760939952,2.0,0.01,1468.9893550365687,90.65161775964096,0.0,1,85.5885516109253,0.0,0.0,False
0,1.0,0,0,2,0.0,1.1982705114187993,0.9148818031559015,8.11751784464927,3.6895308920201355,1,0.30540069272628434,25.917996400134395,15,0.0,32.766249637556385,5,58.249001805501194,0.0,14809.522149592685,0.0,37.32749026560512,0.006058911139341858,1000.4560798048014,0.0,1.0,0.0,8.231846388694017,2.0,0.01,77.30526707839803,1.0,0.0,1,23.38374470254381,0.0,0.0,True
0,1.0,2,0,20,0.0,1.0,0.9148818031559015,50.6143069917828,0.08103698565425561,6,0.9746420499159207,25.917996400134395,1,0.0,152.5915254915179,5,42.62815932470143,0.0,0.0,0.0,1.0,0.33712720872776286,185.87110270483245,0.0,1.0,0.0,18.46647489659971,2.0,0.01,42.57781512362706,1.0,0.0,1,15.435408598803885,0.0,0.0,False
0,1.0,11,0,28,0.0,3.355854727309707,0.5430385441907019,7.5815632258434515,0.3382219595384924,45,0.41794647488367914,25.917996400134395,12,0.0,57.57812917510607,1,243.0927298647543,0.0,4701624.47,0.0,241.82500633980735,0.0948492713643246,654.5992421919655,0.0,1.0,0.0,2.348829823574552,2.0,0.01,61.41297213993812,1.0,0.0,1,1.0,0.0,0.0,False
0,4.939269637025476,0,7,32,29.624420984309175,5.667173195784868,0.4351704159769151,56.7275309688563,2.0283843875597842,4,0.5775637563106425,25.917996400134395,16,0.0,73.17066043752351,2,402.3834033479066,6.812195353114639,697599.6741914754,0.0,1278.7420200439128,0.15344391379475505,2170.745844825783,0.0,1.0,0.0,49.03705687289229,2.0,0.015536224137740473,428.65519171428184,89.92979199097476,77.07757758740806,8,53.37805474799974,0.0,33.96338508258578,False
0,3.235954728475985,19,0,22,0.0,14.346156422587935,0.9148818031559015,8.11751784464927,1.9823487285208041,8,0.27094137569771515,56.93163078922427,5,0.0,73.17066043752351,1,175.00588701050825,9.776528959251504,35671.72685057685,0.0,227.80789825420734,0.08343212777750784,2825.689552781897,109.38245822223837,0.5456095415462284,0.0,21.016915235456676,2.0,0.01,77.30526707839803,135.31431488363467,45.14663443550827,24,145.51659230614933,0.0,0.23640855025373142,True
2,1.0,0,3,17,0.0,4.529176997115531,0.9148818031559015,54.237094563416804,1.338622500832061,1,1.0,36.07298158869926,12,0.0,127.14437679187782,1,61.75661281300695,20.56072999198328,513863.561825639,0.0,1.0,0.4657157773331275,150101.3995688857,460.79515053503485,1.0,0.0,4.051206161975174,2.0,0.15325774859780386,77.30526707839803,1.0,0.0,2,29.403693118092207,0.9338924815517089,0.0,True
1,1.0,0,0,19,0.0,2.7834398291260434,0.8584931364475039,3.924471379301967,0.15013090021412906,1,0.999469935152827,22.423400221355255,5,0.0,247.861404732843,4,129.49724217609773,0.0,160463.44153755854,0.0,216.2874893016647,0.06722493287207053,33703.62224546396,0.0,0.4578562415021226,0.0,52.44857968745991,2.0,0.01,1358.138807858359,1.0,3.207480480227278,3,25.81582613930073,0.0,5.73780866189205,False
0,1.0,0,0,42,0.0,1.332026475929307,0.5882078211931806,56.7275309688563,0.3084174442391283,8,0.3724073843469325,25.917996400134395,12,0.0,32.766249637556385,1,525.7611187024594,0.0,8805.339912091229,0.0,6.77318003572892,0.024735505098481658,34335.340055528846,0.0,1.0,0.0,4.28562438627265,2.0,0.1648147157461668,77.18618749703339,1.0,1.937105423344259,1,108.52452268656893,0.0,0.0,True
0,2.8515247767065675,0,1,78,0.0,2.1161244614222734,0.4351704159769151,53.83313881991383,4.25,45,0.3392736504972468,25.917996400134395,1,0.0,32.766249637556385,0,74.6513575708106,0.0,21111.98844057252,0.0,27.591538748461424,0.1038021374679399,1086.2685686117272,0.0,0.6328449572481412,0.0,9.061282135905085,2.0,0.01,77.30526707839803,1.0,0.0,1,19.587442510325513,0.0,0.0,True
0,1.0,3,0,1,0.0,2.288697623265054,1.0,28.621880856326978,0.3561924928788291,19,0.03,25.917996400134395,5,0.0,20.325855153843,6,167.5260270727118,0.0,18833.50596110617,0.0,632.3201543263151,0.13240501563737375,2447.7272664513175,0.0,1.0,0.0,21.532750012653345,2.0,0.01,640.8161860740294,1.0,0.0,1,78.39243681341347,0.0,0.0,True
0,14.044686948330495,9,2,22,6.511266984426415,11.082249266689406,0.33956420705293844,53.83313881991383,2.992363630830726,8,0.4025919490404811,25.917996400134395,5,0.0,73.17066043752351,3,175.00588701050825,7.80257567259995,39179.18806002397,0.0,58.017254708504026,0.04803905807870164,2825.689552781897,90.87055630156328,1.0,0.0,32.84957711636813,2.0,0.01,197.57929745223618,15.691216970887144,34.43915497002607,10,13.695096878365963,0.0,29.083326917730584,True
0,1.0,2,0,43,0.0,1.0,0.6741564150196223,8.11751784464927,0.44964292899083874,1,0.9467977900586849,25.917996400134395,16,0.12021782635378009,32.766249637556385,2,71.05306791862552,0.0,19733.268032207336,0.0,1.1937102684770409,0.18098075570435743,1912.401864229842,0.0,1.0,0.0,9.061282135905085,2.0,0.01,67.20071387993112,1.0,0.0,1,16.628094775821857,0.0,0.0,True
4,1.0,1,0,19,5.307606454831166,24.463569565701125,0.6741564150196223,8.11751784464927,2.620583286423007,4,0.5382225526308047,158.91436470620712,13,0.0,73.17066043752351,2,312.11385070072805,0.0,813231.0671928959,0.0,122.91571802666193,0.17371713192592392,24881.611687418696,0.0,0.4198546085416895,0.0,19.302797690820775,2.0,0.01,197.57929745223618,49.2087646826415,56.707552391078835,10,19.92282929865452,0.0,0.0,True
0,60.067324308932406,6,2,38,0.0,3.251758999467264,0.6005726637954321,56.7275309688563,0.08422321418528265,6,1.0,222.7053819470969,4,0.0,73.17066043752351,3,697.2911623244224,27.49432514711906,11645.700861094054,0.0,30.07981018560986,0.09566016281371753,726.662147717739,0.0,0.9321082983193081,0.0,19.271373041986855,2.0,0.01,71.62344215365584,16.17123413811308,3.8679621803718067,10,12.051090432967538,0.0,20.793147399717235,False
0,1.0,0,0,22,0.0,1.243543792053385,0.39587253707449,4.047113842234596,0.16731136313533296,19,0.9832784734172472,15.990270066646922,16,0.0,15.899905640587761,2,273.6176756210169,0.0,1908889.7483200654,0.0,1.0,0.21455416216163128,4478.873458847083,0.0,1.0,0.0,153.64617211599568,2.0,0.01,65.46351843267644,1.0,0.05525886961768478,1,35.62183984677339,0.0,0.0,False
0,1.0,0,0,12,0.0,4.463223339010294,1.0,8.044097135627485,1.908960976910912,13,1.0,19.320151074428583,15,0.0,65.13854199743895,7,280.62999544134874,0.0,10272.783436856087,0.0,1.0,0.26972102415384724,380.001873043062,0.0,1.0,0.0,6.077875484210619,2.0,0.5392399031333134,600.6612999945661,1.0,42.15727322515763,3,40.00744025583584,0.0,0.0,True
0,1.0,1,0,2,0.0,1.0,0.9148818031559015,8.11751784464927,0.496051389830174,7,0.9389075091042,54.35634102880384,1,0.0,31.080040127755524,2,441.6999213184978,0.0,794908.9226818102,0.0,47.94299423442891,0.018331012883290372,1897.4855719370878,0.0,1.0,0.0,20.933552157288624,2.0,0.01,2733.0,1.0,0.0,1,21.368275619717387,0.0,0.0,False
0,1.0,0,2,2,48.83435723205416,1.0,0.4155933721620383,8.11751784464927,3.22826862557913,4,0.17622593535843883,25.917996400134395,34,0.0,132.5132603089659,1,295.8797056516853,0.0,23253.271969251044,0.0,78.43477083813755,0.10320024238024822,44107.425220996876,0.0,0.6483218045361029,0.0,7.3772147880446335,2.0,0.01,58.40044031117078,1.0,0.0,10,53.88359133240496,0.0,0.0,False
0,9.637949230214934,0,3,38,7.783382616230923,30.170202973827934,1.0,18.362508589994867,2.7509516992068273,8,0.9694780880746701,56.93163078922427,5,0.0,201.9401688735334,6,74.6513575708106,0.0,993281.6726548562,0.0,183.9697445975733,0.0763295828399447,13971.558640933708,0.0,0.6898322469273674,0.0,20.20631850914733,2.0,0.056919466688399256,77.30526707839803,70.3337747415639,36.30548080561245,5,117.31119005377343,0.0,14.698929903456705,False
0,4.310329642754878,4,0,21,13.485208482957692,1.989797397096683,0.7446083171449733,56.7275309688563,3.447079944672191,8,1.0,56.93163078922427,1,0.0,147.98514457597105,2,74.6513575708106,28.150923675930002,359899.7603659728,0.19506032963586323,226.19096610856258,0.14240511182697668,1639.0159980858052,0.0,0.9923600238225772,0.0,12.476931045174641,2.0,0.18019657443288303,173.40927431897316,1.0,52.78208340804862,14,34.38622980143529,1.2037189211044037,20.914528911382153,False
