V1,V2,V3,V4,V5,V6,V7,V8,V9,V10,V11,V12,V13,V14,V15,V16,V17,V18,V19,V20,V21,V22,V23,V24,V25,V26,V27,V28,V29,V30,V31,V32,V33,V34,V35,V36,V37,V38,V39,V40,V41,target
5.424667990627163,2.528051161807224,0,0,0,0,2,60.7,5,1,0,0.133046236720747,1.544,1.3475358595441804,12.519,0,0.9837079639954237,1.1848454687028769,0,0,0,1.203613944805578,1,0,1,0,2.0673075158071565,0.01786436626566657,0,21.240788738679743,5.035869888471774,0,1,0,1,2.267,1.528,0,7.949605596467531,0,0,2
5.616060570382924,2.7977374485162723,5,0,7,2,5,44.45580414528048,4,0,3,0.15600026254919722,2.9793705151296432,1.898391855003811,10.32420908811289,0,1.0395952934433383,1.1454098453008388,0,0,0,1.2896258856471203,0,0,0,0,2.073889822652257,-0.006705429336207307,0,15.74002345535055,0.9631016388337127,0,3,0,3,2.267,1.6350100340762286,2,12.946090319712624,0,0,1
5.210105868251634,4.5486498174212695,4,3,7,1,1,47.32936305309368,6,0,0,0.09188092250041147,2.234092255685792,3.1038256047019828,10.9744111131507,0,1.0386183043610793,1.1597630999058532,0,0,0,1.121745346511986,0,0,0,0,1.5765808034579967,0.1713022951812278,0,16.91255947696752,3.559552610020089,1,0,0,1,2.267,1.528,4,8.365744884719865,0,0,2
5.557228405774888,2.616441739528641,0,0,0,0,0,46.26614332328756,1,0,0,1.4927869585791744,1.8891196553783498,2.912186780487807,12.035489434042844,0,0.9720915314547132,1.1631230439103715,0,0,0,1.4122457302356084,2,0,0,0,2.0244160664203705,0.87,0,20.079447217496757,2.7653495123403773,0,3,0,1,2.7749933012055257,1.528,0,7.533137409224764,0,0,1
5.960275404251329,2.8490647351792004,0,0,0,0,3,47.04598746582552,1,0,0,0.19490796192007323,1.8712909085430527,2.856679885054909,12.114561156808078,0,0.997664755628408,1.23171213756171,0,0,0,1.1063997385462048,0,0,0,0,1.8497301419238095,0.06292677835530788,0,0.0,5.829755235487577,0,0,0,1,2.7749933012055257,1.528,0,6.77269071024827,0,0,1
5.093930474781443,2.9521196896531974,0,0,2,0,0,54.367748350965314,4,0,0,0.015051509136088983,2.213981010465721,3.4473178889939824,11.714193309726255,0,1.0036449719591487,1.1514782055193276,0,0,0,1.3844788213644583,0,0,0,0,1.7406150693682987,0.012415606119423335,0,20.20844489747541,3.299078614081138,0,1,0,2,2.267,1.8776709432671255,0,8.403193491662908,0,0,2
5.204327885150904,2.5808178360409064,2,0,0,0,1,52.73985922157493,0,0,5,0.07330483999144997,1.544,1.6853986011346511,12.09348310758435,0,0.9706331405967465,1.1301482624376782,0,0,0,1.1408401841684221,1,0,0,0,1.9364092236507988,0.02526316666717223,0,9.484650964986088,4.519233094909339,0,0,0,1,2.7749933012055257,1.939447467531925,0,9.966539487543157,0,0,2
4.9477599866075845,3.427928672927937,0,0,0,0,1,26.031500508885816,2,2,0,0.19572702923539084,2.2913335343541537,1.2359780145239507,11.254259232877803,0,0.995481542445802,1.1616283337762452,0,0,0,1.385269467748556,1,0,0,0,2.3152094103360135,0.017190419016221006,0,12.26918524821637,5.261002399886257,0,1,0,2,2.7749933012055257,2.060750611310461,0,9.096765731179103,0,0,1
5.142709783531889,2.2333922107286988,1,0,3,3,1,49.73927768278181,1,1,18,-1.151027230789099,2.82132979544702,1.7812498052264338,12.519,0,0.9776459290618709,1.343532521152218,0,0,0,1.3033041967482673,1,0,0,0,1.1011101892042388,0.1702239804102577,0,18.887122286081038,5.7149964121566725,1,1,0,2,2.267,1.6241117091556045,0,8.97221896778216,2,0,1
6.027470615250112,3.3257871427568286,0,0,0,0,0,28.62095764867807,1,0,8,-0.10312733375969463,1.6049071902272694,1.773401154682281,10.545331568352792,0,0.992559497699873,1.1055108086575234,0,0,0,1.0937501914143979,1,0,0,0,1.3014371702725969,-0.04621814023050828,0,5.951053124266615,4.767659721013119,0,1,0,0,2.7749933012055257,1.895530854307592,1,7.3181037269561795,0,0,1
5.0321992819865144,4.212119628678222,4,0,6,0,1,52.77143469649566,0,0,5,-0.09332510993345657,1.544,3.212933535892149,10.997426972726906,0,1.0058813581802561,1.1822558577539564,0,0,0,1.2488340680971404,1,0,0,2,2.195145244966332,-0.1023467971342918,0,1.3817221427703075,6.256701758584244,0,2,0,0,2.972988756819402,2.0406506943898894,0,6.8418166373421725,0,0,2
5.78308324118831,3.7114967397913587,0,0,0,0,2,49.822027208519245,2,0,0,0.07467668619460899,1.876252229476597,1.8293262656700309,12.012395271930268,0,0.9752208602583748,1.1735078792960707,0,0,0,1.1602989003451942,1,0,0,0,2.071451176390171,0.029976771651189164,0,21.2133757061144,6.23018626222111,0,1,0,1,2.7749933012055257,1.528,0,8.391384817340702,0,0,2
5.817637293345969,3.1775925339781557,0,0,4,0,1,54.21470455146023,6,0,0,0.07954757942413838,1.544,1.8046589323306366,12.519,0,1.0623356732088625,1.1578209752833453,0,0,0,1.1315498692571346,0,0,0,0,1.0,0.018887441030527558,0,22.08379248951411,6.260677143980367,0,0,0,0,2.7749933012055257,2.1726473826371473,1,8.345930428343515,0,0,1
5.451930539528395,2.5228720628429646,0,0,2,0,3,28.98228032402711,4,0,0,0.1332998546285019,1.7877499210518413,1.2371843133508733,11.595615473445319,0,0.9809860977707876,1.1629955387786344,0,0,0,1.1918014780925181,0,0,1,2,1.3132931810993589,-0.01291983419846366,0,16.934669042562035,3.8865513754889593,0,9,0,2,3.0042256870069295,1.6444413322258868,6,8.82544209214691,0,0,2
6.496,2.316379062598284,4,0,0,0,1,57.65661840046953,0,0,11,1.077916199000837,2.1353827250292,3.678831392015404,11.726032842476158,0,1.023822760913565,1.1919866733020008,0,0,0,1.148335774683688,1,0,0,0,2.1708548535423406,0.87,1,23.087161390249705,9.806185869529646,4,2,0,7,2.267,1.528,0,9.334758712841353,0,0,2
5.100167359214645,3.723335109964733,0,0,0,0,5,50.60444540676941,1,0,5,0.14217738140079975,1.544,2.4607613899869643,12.519,0,0.9776210722360186,1.1256174638708334,0,0,0,1.3249375056684047,1,0,0,3,2.0543919861027486,0.0358075621117031,0,18.181785706310656,5.117787479261938,0,1,0,7,2.267,1.528,1,7.669810651485346,0,0,1
5.4202616874460805,2.271192061767134,2,0,0,0,1,35.19887525089577,5,1,0,-0.19326508521437435,2.5758804931871175,1.8753421150136922,10.311836311541857,0,1.0111446863719282,1.1489770647380393,0,0,0,1.146654274993613,0,0,0,0,1.9806629569399385,0.03125478279052635,0,9.26645669063749,17.114,0,6,0,0,2.267,1.528,0,9.172257049919427,0,1,1
4.835418351599995,4.576020484156827,10,0,0,0,2,35.7704527745131,0,2,3,-0.049617679146485946,3.140859892068811,0.9432054763075695,10.39072260009642,7,1.006793764962659,1.162553907758019,0,0,0,1.5737663886701612,0,0,0,1,2.283806304374756,0.012549980292901322,0,25.51077147461822,2.849587810584796,0,1,0,1,2.267,3.1880100212769436,6,7.154419426134855,0,0,1
5.357630771455194,3.016556280984265,0,0,0,0,2,38.94279616529953,0,1,0,0.13605414242125358,2.081963270426871,3.0694201605368328,11.984168626950407,0,0.968231837905678,1.1402119899785887,0,0,0,1.2834770695643571,0,0,0,0,1.8934235491569664,-0.016222549671107443,0,20.56521594399428,4.089461026082817,0,1,0,0,2.7749933012055257,1.528,0,8.302320128577922,0,0,1
4.580958171822016,3.45350749067824,0,0,4,1,1,47.53214001129961,7,1,0,0.0025028013414514216,1.544,1.16183486286562,11.845216239166332,0,1.1025587328497342,1.377,0,0,0,1.255330009802128,0,0,0,1,1.270762573315626,-0.08062772762324616,0,22.80813650484243,5.100416656656256,0,1,0,3,3.0579426481548135,3.0742814756113206,0,8.599346817399246,0,0,2
5.314790373991885,3.861850193281674,0,0,0,0,5,34.89209999184534,21,0,0,-0.05422439875349261,2.316249764832841,1.487696657337186,11.09226967794574,0,1.057243797774361,1.141125360504501,1,0,0,1.223343777082081,1,0,0,0,1.6821293272192683,-0.03462805782265224,0,21.557829848514647,4.087002646248518,0,1,0,2,2.7749933012055257,1.6774217709420585,0,9.763445352674557,0,0,1
5.963455664884108,4.068543685717595,8,0,2,0,2,54.54746897166941,4,0,1,-0.012722112169268931,2.1534416893064092,4.148634266621673,10.584018027463594,0,1.0109110331870073,1.1365874737858617,0,0,0,1.1196897469163365,0,0,1,0,2.0908550983407745,0.021257676504893023,0,0.0,4.376568682576617,0,1,0,1,2.267,1.9963330162845865,2,9.466656668068875,0,0,1
4.823098934793101,2.938067025414408,0,0,0,0,8,40.081071085918744,4,3,4,0.15209193738319093,3.0625131341806333,1.828065815829413,10.924722712862543,0,0.9895002405052231,1.1608509566376417,0,0,0,1.448911470841056,2,0,0,0,2.2962718733787257,-0.027427743418425826,0,6.415569834106226,4.075519844432828,0,0,0,2,2.987123025698536,2.174773985437211,0,7.721997860580259,0,0,1
5.3115678635795955,2.2511415629374794,2,0,7,2,0,41.18029276680405,0,0,0,4.722,1.7973107985982917,4.192979368718881,11.850338592089763,0,1.0388852794559678,1.190093798522188,0,0,0,1.1622696767182028,0,0,0,0,1.9738738093303438,0.37854655242970564,0,20.52219355779903,5.184232535583568,0,1,0,2,2.7749933012055257,1.528,1,9.44654116851385,0,0,2
5.773968003817942,2.1357418578246397,0,0,0,0,3,60.7,4,0,0,0.06325009901927475,1.544,4.437,11.57818795470493,0,0.963983179528338,1.1887800838191334,0,0,0,1.1807645873214518,0,0,0,0,2.014973909018759,0.024342639977048164,0,22.558892887955196,4.44143448034057,5,2,0,0,2.7749933012055257,1.528,1,11.851086609544035,0,0,2
5.716320414553961,2.3343743691715577,2,0,2,5,3,45.35937877039073,3,0,5,0.12336630144032779,2.3261896401015125,2.269392084109345,11.387113471861296,0,0.975478729348963,1.1342735217464759,0,0,0,1.0955649335738185,2,0,0,0,1.8320804639486252,-0.15498257675666768,0,19.74580294180155,7.403212003468129,6,1,0,2,2.267,2.3398732741515653,0,9.244837773011298,0,0,2
5.782338190797644,3.8381820900339774,7,0,3,0,2,34.24458988044306,0,1,0,-1.2075533257057955,1.7664018827225803,2.585265653037692,9.986259096588777,0,1.0138843545606735,1.155732589482357,0,0,0,1.125926526404256,1,0,0,0,2.0051560085374907,-0.1926664778507023,0,14.328573427985766,1.8088762461659578,0,0,0,2,2.267,2.456044275919326,4,7.992750618455728,1,0,2
5.344155767034166,3.3005380208879003,0,0,0,0,0,36.03522677858276,1,1,0,0.045833065895702796,1.6729252527147989,2.154120406247422,12.114561156808078,0,1.068702783742643,1.0958248515578686,0,0,0,1.3450192912868542,0,0,0,0,2.016939990116955,-0.016706469660269337,0,15.164711132275293,5.736760206976461,0,0,0,1,2.267,2.056992177944581,0,7.448062963699986,0,0,1
5.691311689682683,2.766838793090998,0,0,2,0,2,37.1638074744604,0,0,0,0.00401759897503432,2.5324333721707943,0.9807397189882673,12.010786924055262,1,0.9741588236857012,1.214767137917415,0,0,0,1.6076091784722606,1,0,0,0,1.937794456927637,0.01985960814873718,0,21.31936898326546,2.14032775053041,2,0,0,0,2.969499198372566,1.528,1,7.751211183223262,0,0,1
5.58346876495262,2.6522063595252208,2,0,0,0,2,58.58268146865096,1,0,0,0.17938462219484871,1.544,2.5389766936672045,11.544288160855146,0,0.9832653028180514,1.1842763799930334,0,0,0,1.3011803338906147,1,0,0,0,2.0621772612453158,-0.033205086993163165,0,18.089399650267044,2.485914406578279,0,2,0,1,2.7749933012055257,1.528,1,9.26989510902443,0,0,2
5.090270940025208,2.5272672918985855,2,1,3,4,1,41.632629409665434,3,0,0,0.8968801306852486,1.7877499210518413,2.8528710671663626,11.849834711719772,0,0.957,1.1639616693281174,0,0,0,1.0543299370982033,1,0,0,0,1.8280796593542776,0.0698428313657837,0,22.266045761960875,5.713415638370419,0,1,0,1,2.7749933012055257,1.528,0,10.195323691972417,0,0,1
5.206849164941879,3.078298904826275,0,0,9,0,3,43.763298259337425,1,1,0,0.1010606204909503,1.544,3.2196034259251562,11.425465363014059,0,0.9716207891908276,1.1871503387493385,0,0,0,1.1095527717289893,0,0,0,0,2.1870580999087283,-0.010747532363432542,0,26.59747772331318,5.83214338754685,6,0,0,1,2.267,1.5862455998991307,0,8.683385346655053,0,0,2
5.398117511157975,4.511374858204583,0,0,0,0,2,40.94717385684651,0,1,0,-0.21143590384619365,2.8959454106556435,0.948891461201975,8.932978122124318,1,0.991009247992337,1.1358611622955068,0,3,0,1.0922694177901846,0,0,1,0,2.634698644445338,0.029098790634156487,0,23.010545537214973,1.1595586021849855,0,10,1,3,3.2863389921768484,3.258565568805695,1,10.84035893179956,0,0,1
5.913688130141576,5.6491676355115805,1,0,1,0,3,48.346203516445335,0,1,6,0.11225447536473691,2.211348010292202,1.3130019889928866,12.519,0,0.9944684781078016,1.1498555192171245,0,0,2,1.5258716249654367,0,0,0,0,2.237180056000742,0.016179265305035734,0,25.050359157885033,3.853037030027858,0,0,0,1,2.909789993817852,2.0721279613694152,1,8.003153618936693,0,0,1
5.8281359387773986,2.7542989082259055,0,0,0,0,2,49.586487967505825,0,1,13,0.2032971765022157,1.7877499210518413,4.437,12.114561156808078,0,1.0115677254190536,1.2711859656678601,0,0,0,0.9990808798592657,1,1,0,0,1.9153246481543955,0.048329158692493206,0,0.0,6.260677143980367,0,1,0,1,2.267,1.528,0,9.902291826272778,0,0,2
5.421665044184343,2.601752467241393,1,0,0,0,2,44.66032951247172,0,0,0,0.07927236354892564,2.4476248154895153,2.3953114294094178,11.252457801414197,0,0.9598965911265369,1.2079725487107238,0,0,1,1.1609190418141884,0,0,0,3,1.9269100917085216,0.03948070292822622,0,25.670082718897035,4.968621238857983,0,0,0,1,2.807068382706793,1.528,6,9.8920363389979,0,0,1
5.4002525919164786,2.45653978054029,1,1,0,0,1,43.755794236222286,4,0,0,0.1880664305705555,2.189608335463377,3.264216810885318,12.519,0,1.0738358473249385,1.2079725487107238,0,0,0,1.1905128243324496,2,0,0,0,1.446160799589563,0.01264046720857139,0,18.982747575785663,4.7443326838690565,0,0,0,0,2.7749933012055257,1.7121641818051825,1,7.670387709869743,0,0,1
5.159939237329794,1.9199616876239765,2,0,6,1,0,39.35598201956634,0,0,0,-0.647249959281839,3.1082669800405522,1.7559299935947592,12.519,0,1.0344078393754537,1.1568247684423116,0,0,1,1.1852594398029945,2,1,1,0,1.8098190465004143,0.09005987732129644,0,24.68519144560145,5.291588228518171,0,6,0,3,2.267,2.4497625702360075,1,9.30433505068087,0,0,1
5.185343264567295,2.8598943307203837,0,0,8,0,0,43.65560615687092,0,1,0,0.06262620409299757,1.544,3.0694201605368328,11.92610978014978,0,0.958435720458319,1.1471437087903917,0,0,0,1.1795736410311715,0,0,0,0,1.5705076213614184,0.0560778980111399,0,20.7378546739403,5.451688646322868,0,4,0,1,2.7749933012055257,1.528,0,8.71514424364994,0,0,1
5.594412903589223,3.3413982396225776,0,0,0,0,2,60.10137371408189,5,0,0,0.05453102369105435,1.7877499210518413,1.535802623223188,12.040678337317756,0,0.9871833957437405,1.1607073639770131,0,0,0,1.1483354531891412,0,0,0,0,1.9283567877800758,0.028149682444241386,0,23.51848714448928,4.519149922392037,0,5,0,1,2.267,2.0473932904903784,0,9.740489275226862,0,0,2
5.156832455687314,3.351220094714855,0,0,3,1,2,48.73705702695365,2,4,4,0.045604743252391514,1.8902348269557339,3.320966284423059,11.48689606843143,0,0.9909739313718274,1.144389452002674,0,0,0,1.3062278134044027,0,0,0,0,2.3784627350861043,0.013079373049081576,0,18.501143963712035,3.7133465448241783,0,0,0,7,3.1051608000766957,1.9360954870040592,0,8.414095050249463,0,0,1
6.238613901267671,2.0002011325433475,1,0,0,0,1,60.7,0,2,0,2.384331959837349,1.7877499210518413,1.7483430779810072,12.314260642801488,0,0.9760986114281932,1.1940675514492174,0,0,0,1.1249072453796845,1,0,1,0,1.7442993486516944,-0.003911166407507962,0,27.579707037441263,8.173828231656662,6,5,0,3,2.7749933012055257,1.8212770651180623,1,9.689575840003894,0,0,2
5.400285256735832,5.213650079064821,0,0,0,0,3,38.40235514973062,5,0,0,-0.7324674836477153,2.4975940285351372,0.652011995349104,11.020543583486848,0,0.967306333905531,1.131264523959762,0,0,3,1.2071298047808372,0,1,0,0,2.2063044742623568,0.7406854865143893,0,8.97064025192288,3.940097760585794,0,3,0,1,2.7749933012055257,1.528,0,8.84644410623072,0,0,1
6.043802314338475,3.738910583482207,2,0,3,0,1,38.19418975070356,4,0,0,0.04525733847503283,1.544,1.3796912844787872,11.514105608410926,0,0.9791257123783614,1.1478074215844722,0,0,0,1.225691901388362,1,0,0,0,1.270762573315626,-0.3355745280372035,0,18.63772161564417,7.206056136813956,0,1,0,1,2.7749933012055257,1.9717547225265215,1,10.160545997459979,1,0,2
5.457159709174726,3.2519164851839157,0,0,10,0,0,44.06142409475953,1,0,0,0.14242414245447615,1.7877499210518413,3.0694201605368328,12.114561156808078,0,0.9610609594211007,1.1731604013233528,0,0,0,1.0407656358589765,0,0,0,0,2.033216290580717,0.006410889134045876,0,20.716802175725086,6.260677143980367,0,4,0,5,2.7749933012055257,1.528,0,9.484776827593551,0,0,2
6.064098049467514,3.8278772335948408,4,0,3,0,0,44.915007246679345,4,0,9,0.14905772581452956,2.07072460702248,1.5237844334508828,10.327958103246484,0,1.0412597227015172,1.1089061613396505,0,0,0,1.1459013933905027,2,0,0,0,1.6656790595089146,0.026600003709557722,0,17.060426602107043,6.062175930621694,4,0,0,6,2.7749933012055257,1.5749661702943611,1,8.248685303178267,0,0,2
6.196286160281337,3.3205749990226074,0,0,0,0,2,41.12905176988314,1,0,0,-0.010668862382764328,1.544,1.6457210411354142,12.114561156808078,0,0.9865862178862606,1.168626097078936,0,0,0,1.3282626865417961,1,0,0,0,1.93899891800989,-0.01055955326253578,0,8.8137412689601,2.085638778053181,0,3,0,1,3.5021733823532832,2.0271302234055053,0,8.463823112186507,0,0,1
5.6484994087024045,5.459855333706204,0,0,0,0,0,42.01789052857148,2,0,0,1.7098386884313088,1.544,3.602631717279065,10.94273336076351,0,0.9651924464592946,1.1507232991862457,0,0,1,1.1575428111604902,0,0,0,0,1.5787904001634074,-0.2838681827314707,0,14.284837894219315,4.366883263322313,0,1,0,1,2.267,1.528,3,9.01174635078432,0,0,1
4.724309956956436,2.3915864140682235,0,1,2,0,1,22.073390214070603,2,3,0,0.8101449194859852,2.586070411827408,1.5109879214652775,10.025280380493196,0,1.0461058082687231,1.1253126960018285,0,0,0,1.207309562762222,0,1,0,0,2.0298278965995635,0.016103577147298098,0,8.701563244582914,2.368466070833647,0,5,0,2,2.267,1.528,2,9.565507925297505,0,1,1
5.485177706339122,2.6532299855780663,2,0,1,13,8,36.08974289252227,4,0,2,0.029237333907399334,1.544,1.654893568080574,10.517238353956596,0,0.9796860635792146,1.1769593549784976,0,0,0,1.1671887277823785,0,1,1,0,2.148315222779201,0.4702464715509622,0,20.517673366069776,1.5836519633296757,0,6,0,3,2.654150197132937,2.566454492575197,6,10.17171572129583,1,0,2
5.247000537948455,2.676537019776569,0,0,0,0,0,50.358740399158044,1,0,0,0.05732998788282333,2.3910596085316205,2.761452926218555,11.918277160877295,0,0.9639406529893543,1.1695914436974366,0,0,0,1.0501263013416797,1,0,0,0,2.2864364882898447,-0.002393310965791182,0,10.410454271925609,2.7899945615321875,0,1,0,1,2.7749933012055257,1.528,0,6.140954596728407,0,0,1
6.238133149314137,2.646255011641637,7,0,0,0,2,57.044799896997134,1,0,13,0.10823156093988921,1.7877499210518413,2.103100470865468,12.519,0,0.9715728110303378,1.1972460459300778,0,0,0,1.0965557192504107,1,0,0,0,1.9986713000469776,-0.027885214880660397,0,23.334508913536993,6.166280413927675,0,3,0,1,2.267,1.690542502512141,0,8.201191393502146,0,0,1
5.499044654932722,2.011058212707259,10,0,0,0,2,59.58396825495288,1,0,0,0.14061706756089018,1.7877499210518413,3.0694201605368328,12.114561156808078,0,0.9830565396654,1.175026608894763,0,0,0,1.127867446133303,1,0,0,0,1.9600164802036788,0.008123408921311836,0,22.14837189427076,5.369525411210772,0,1,0,2,2.7749933012055257,1.528,3,8.971545351027656,0,0,1
5.055002639379077,3.1468894329189876,3,3,0,0,2,35.858577079485066,3,1,2,1.6049888570168567,2.1899979670106307,4.367278802437137,11.721504306362199,0,0.9616351859909522,1.160552970238498,0,0,0,1.1293674905188797,0,1,0,0,1.8568529743777422,-0.007129350955533494,0,16.2037963594571,6.064923897323071,0,8,0,0,2.792822364020097,1.7534312948144635,0,11.000002475477558,2,0,2
4.585940312255361,3.077258245233167,0,0,0,0,1,60.7,1,1,0,0.6143968467473983,1.544,2.8995827656796314,12.519,0,0.962517307380216,1.1794236800339266,0,0,0,1.2492256880069854,0,0,0,0,2.127647631489295,-0.020392821916502667,0,21.965994953105152,4.788321568227778,0,0,0,1,2.7749933012055257,1.528,0,7.169571307438837,0,0,2
5.864791306104695,2.9861436905267573,0,0,2,0,1,47.73967646739932,3,1,7,0.08966849273485811,2.85181085786319,1.5188477387737844,11.736798731536295,0,0.9855035410309638,1.119980638061185,0,0,0,1.23802426683873,1,0,0,0,1.8240974682453115,-0.015393452332198113,0,21.13442251429357,3.2725029946524087,0,2,0,6,2.7749933012055257,1.695106838230755,0,7.481106072687489,0,0,2
5.441402216351786,2.752264055907258,0,0,0,0,1,44.29490978995461,1,1,0,0.09791874662672376,2.5653922261693873,2.386041145809531,10.753992708407916,0,0.9761396725001321,1.1619997837710199,0,0,0,1.2145330299128096,1,0,0,0,2.2986691532521637,-0.09001435515282824,0,7.670705197240897,4.336576563840953,0,6,0,0,2.267,1.528,2,7.345814309413591,0,0,1
5.553226897345088,1.3613532409323466,2,0,7,0,2,38.648274731096116,0,1,7,0.09782664122541632,2.4211806885984797,2.9911315219530636,10.443368276206986,0,1.251730019426328,1.1828674427887649,0,0,0,1.0297697659009362,0,0,0,0,2.14656730187867,0.37995387094008876,1,18.822104391389356,3.628132405929879,0,1,0,1,2.3944622856588302,1.9217267488541272,2,10.957927632866857,1,0,1
6.496,4.454481620090846,3,0,3,3,2,44.28731314700053,3,0,0,0.31027787988101085,2.296858591314876,2.0329473819286767,9.936340073045278,0,0.9794859618312884,1.1838834222916883,0,0,0,1.2761665754930007,0,0,0,0,2.3034216956018434,-0.3917205300368161,0,22.99311313057149,1.2292721938119653,0,3,0,1,2.267,2.047669372320237,1,9.003921959488684,0,0,1
4.634201097396599,2.5168269609191176,0,1,3,3,1,60.7,4,0,12,0.13285864467153985,1.544,2.7739584151626993,12.519,0,1.0159129627562984,1.1433138569002996,1,0,0,1.070927028777426,0,0,0,0,1.7391607218097103,0.8108344548850984,0,0.0,5.680488087250131,0,1,0,0,2.267,1.528,0,11.279223294224238,0,0,2
5.136681420005238,3.6030425581979526,0,0,3,11,2,30.352159599661142,0,0,5,0.12994550831346274,2.3027678061736827,0.8603347527002457,10.687872916975977,1,1.0221497063999803,1.15030374361691,0,0,0,1.3453725280296664,2,1,1,2,1.3118118668265077,-0.013550538271719535,0,18.04674875049519,5.785727880114755,0,1,0,1,2.7749933012055257,2.246998128136262,0,8.37720624065142,0,0,2
4.86570166502436,1.5937358400552166,0,0,6,0,0,50.024182891141734,2,0,0,0.02329572072808753,2.3044298411495148,2.9345791090789843,10.867205537459656,0,0.9911447937413657,1.1812465070787577,0,0,1,1.2207347172873473,0,0,0,1,2.0441801919295317,0.1907813587519046,0,22.2603293055047,4.876661585874743,0,0,0,5,2.267,1.528,1,14.223,2,0,1
5.012643917647389,2.570881408166427,0,0,1,0,2,26.024376812947253,0,0,0,0.13487074273394958,2.5330080035369584,2.2482818221896164,12.519,0,0.9837089359114606,1.161176482283687,0,0,1,1.0898110435480868,0,0,0,0,2.312686866008974,-0.10040624043370543,1,21.391661023692674,8.36674577294532,0,3,0,1,2.7749933012055257,1.528,0,9.765820859869319,0,9,1
4.763740398992514,2.664031604816546,0,0,3,0,0,60.7,0,2,0,0.14136285825781955,1.7877499210518413,2.400681204938982,12.114561156808078,0,0.963352934726365,1.1863248074640815,0,0,0,1.2154233315232297,1,0,0,0,2.3208747628208317,0.04166641153885053,0,21.662035272211423,6.260677143980367,0,1,0,1,2.7749933012055257,1.528,1,7.655684440352215,0,0,1
5.498359287059907,5.231412991635634,0,0,3,0,0,45.9200199077675,0,2,0,0.016571648025986242,1.544,1.8076201791861455,12.424725693087113,0,0.9990735927502605,1.152896539991436,0,0,0,1.2288935447883842,2,0,1,0,2.2684328133904383,0.0486985934260032,0,27.130202221665417,1.5805241793173588,0,1,0,1,2.4973285837463743,1.528,0,11.128886788391076,0,0,2
5.172979172547054,3.004206518922295,0,0,0,0,2,35.665839865792904,4,0,0,0.07339936841603745,1.7877499210518413,3.087548639710101,11.789603974929996,0,1.008491091376901,1.1235220352046176,0,0,3,1.1797486914737676,1,0,0,0,1.925436261109845,-0.15753799305834243,0,19.303200521471105,3.968444707628244,0,1,0,1,2.267,1.528,5,8.83417331353059,0,0,1
5.2470081822161525,2.581301371734528,0,0,0,0,1,60.7,3,0,3,2.9155160292077977,1.7877499210518413,2.505864931693914,11.541741081069377,0,0.9799359848204621,1.1864584010511428,0,0,0,1.1496992803352422,1,0,0,0,1.4053875745158806,0.28088377889531024,0,20.16159262313103,6.260677143980367,0,8,0,1,2.7749933012055257,1.528,0,9.555153219210913,0,0,2
3.891061535989811,4.029258542331092,0,0,0,0,1,57.9188835264479,4,0,0,0.06576967703052228,2.3767165672703343,2.337155610483657,11.162665136664085,0,0.9669669231882583,1.1735822781868797,0,1,0,1.2740153411173376,1,0,0,2,1.9911291367977455,-0.003531355811434526,0,23.507428999823937,16.59488369946269,4,1,0,1,2.267,1.5575121194742056,0,9.128574049490169,0,0,1
5.594642149863274,2.924987789927605,0,0,6,0,2,41.861005361073495,2,2,2,-0.04236584817099291,1.544,2.1152216687455265,11.791787795401294,0,0.9586353528488024,1.166172817827597,0,0,0,1.435755110453691,0,0,0,0,2.0750883699658083,0.045663995322079064,0,24.962712055129636,4.24274899473999,0,0,0,1,2.8766304451080873,1.683588918999852,2,8.280248594570287,0,0,1
5.184197707691248,3.920108468554033,0,1,0,0,0,54.46641734240423,4,0,5,-0.12449113396128055,2.842016859418259,1.8086312306571282,11.321674495077527,1,1.0082103162360627,1.1421860061334088,0,0,1,1.3064837684511144,2,0,0,0,2.162921624570077,-0.12151503227738376,0,10.102364722069767,2.5109750248940346,0,0,0,1,3.009977554523675,1.528,1,9.209158248424702,0,0,2
6.083439681879659,3.309978506058813,0,0,3,1,2,49.96701480687744,1,1,5,0.0176835624231959,1.7877499210518413,1.5506649067101659,11.514354000142612,0,0.9767972182132307,1.1701049205139058,0,0,0,1.0535883739942844,1,0,0,0,1.3294721518838264,0.009106984045397993,0,12.499484869348608,5.579308312244792,0,1,0,1,2.7749933012055257,1.528,1,8.121784354583568,0,0,2
5.272170983396613,1.1349,0,0,0,0,1,47.72736468191116,4,0,0,0.1282156315936648,2.132377268503703,1.367418269511698,12.114561156808078,0,1.0181467169737868,1.154975170267392,0,0,0,1.2356205088706678,1,0,0,0,2.117257393932557,0.47304782942518386,0,0.0,5.510327105708102,0,0,0,1,2.953854391856205,1.9316679148622145,0,9.103500366794337,0,0,1
5.161616700682503,4.309350057866927,3,0,9,0,3,33.20858012445536,2,0,0,0.3190285125467329,2.489083727678052,2.2630734892936806,12.519,0,0.9903029692189826,1.1398958088124447,0,0,0,1.1321569266072533,1,0,0,0,2.0862451533267397,-0.01803535820768425,0,18.021911589261034,5.218681450666159,0,1,0,1,2.7749933012055257,1.528,0,8.802895008407999,0,0,1
5.959489557180651,2.8238635104719627,5,0,4,0,1,54.29382702434826,4,0,0,0.03722236440343201,1.544,2.4703151587374688,12.092063253133324,0,0.997889167872665,1.181252412541547,0,0,0,1.2033186646961922,1,0,1,0,1.9617908648662994,0.03213984568150217,0,23.814485976671637,10.71224069861386,4,3,0,1,2.7749933012055257,1.528,4,11.687504434728883,0,0,2
4.78727235733443,2.203983451581986,4,0,5,4,4,37.95974947273547,3,0,0,0.11495345475203843,1.544,1.3604915896028662,12.519,0,0.981187981121074,1.1754500445835863,0,0,0,1.161813913611427,2,0,0,0,1.8711707855748811,-0.037864826998028144,1,26.137268232624223,3.7255982847164852,6,1,0,2,2.7749933012055257,1.528,0,9.753173788862643,0,0,1
5.871764922166657,2.2957751296852096,0,0,0,0,6,49.35496263207874,4,0,0,0.14324601730306535,2.5144716895845964,2.100634708677041,11.597440088137215,0,0.957,1.2568422564054402,1,0,0,1.0751806663916978,0,0,0,2,2.173988035947722,0.017481536851992833,0,0.0,4.257630453929321,2,0,0,1,2.7749933012055257,2.2763577716780614,0,12.514942768574041,0,0,2
6.18982009089174,3.4987090508336935,2,3,2,0,4,28.86023396645278,2,1,5,-1.1325290566551198,1.9773068745421079,2.0014776769818665,11.06761005651466,0,1.188240449636895,1.1614665457838245,0,0,0,1.276419158426365,1,0,0,0,2.210593657308853,0.2960202007869096,0,0.7418455798788771,7.585847738484514,0,1,0,1,2.267,2.646138000341133,0,9.566102957412973,0,0,1
6.236848034551112,2.070906512752875,0,0,3,0,1,56.608556641290285,4,0,0,0.056578026716029683,2.1579640839732646,2.9637496542093387,11.982694481163742,0,1.0477118757286248,1.1757279989480889,0,0,0,1.0949133662492685,1,0,0,0,1.8320804639486252,0.014576788222979822,0,22.90846065183506,4.0238431082144945,0,1,0,1,2.267,1.528,1,8.68141262065095,0,0,2
5.462678625181698,2.0247139005331287,0,0,0,0,1,60.7,3,0,0,0.18455460926779943,1.544,3.0694201605368328,12.114561156808078,0,0.9766639947477197,1.2079725487107238,0,0,0,1.2277815100384235,1,0,0,0,1.8320804639486252,-0.011918396140984337,0,16.137479509256323,6.260677143980367,0,1,0,2,2.7749933012055257,1.528,0,9.922115269458061,0,0,1
5.053006609370378,3.376103793946911,10,0,0,0,3,42.057133539777325,3,1,0,0.28593860461841586,2.200241832557835,2.561333816323607,11.694056310320283,0,0.987985310978483,1.1498692922293259,0,0,0,1.3717932562405328,2,0,0,0,2.038801513440304,0.02214241080336878,0,4.104561770928609,12.723900960045452,0,6,0,1,2.906116628310492,2.2673365607347193,0,9.323731754198281,0,0,2
5.411661427576233,2.0436930268464195,0,0,3,0,1,60.179491659477335,4,0,9,0.09535038467321592,1.7877499210518413,4.437,12.114561156808078,0,0.9879344278481024,1.377,0,0,0,1.1614716412258224,0,0,0,0,1.4602736291687037,0.0047343330903454415,0,24.465761675336886,17.114,0,1,0,5,2.7749933012055257,1.528,0,9.836536686637508,0,3,2
5.4388266295574095,3.203815535621838,0,0,0,0,1,58.370876666316136,1,0,0,0.08208920267490101,2.244941410649421,2.2841805111067752,12.114561156808078,0,0.992233317184685,1.1726973127336584,0,0,0,1.177734221328568,1,0,0,0,1.9421855501576903,0.007376964691598599,0,8.715940967066478,10.71224069861386,0,0,0,4,2.7749933012055257,1.528,0,9.05589958778259,0,0,1
5.494342490094712,3.1098288704960555,0,1,2,0,2,53.23417016584115,4,1,0,0.03337896121463589,1.7877499210518413,2.254339660960905,11.489072453128102,0,0.9828145673435831,1.1602950479086367,0,0,0,1.2596669382666328,0,0,0,0,2.342443776889049,-0.12495830155522615,0,21.698916205793417,5.316287253678054,0,0,0,6,2.7749933012055257,2.168491529991131,0,7.840391579261812,0,0,2
5.200120480596836,3.252204140226021,4,0,9,0,3,59.355290012948785,6,0,8,1.0113978280526885,1.544,1.860105160953705,12.519,0,0.9966426975267098,1.1238792889316467,0,0,0,1.1562811039204608,0,0,0,0,1.4495018567310933,-1.099,0,0.0,5.275709665653936,4,2,0,5,2.267,1.7010912317906621,0,9.563365257276821,0,0,2
5.819590873844703,3.492776869446708,2,0,0,0,5,47.760939102196424,0,1,5,-0.02445289175999567,2.6028661495287313,1.9599262593423314,11.021223906017488,0,1.0127787146601588,1.1549875482439116,0,0,0,1.200124680672724,1,0,0,0,2.3899333719804794,0.02021463117805716,0,24.99762457492562,5.838322616332228,0,10,0,1,2.7749933012055257,2.1526055486130056,2,12.345944469121171,0,0,1
5.958705999302439,2.9463830395471975,0,0,14,0,0,24.62664262236416,2,1,11,-1.0423017656990372,2.58355728337768,1.4921182437762242,10.744125812331458,0,0.9758443654397564,1.1678116989691285,0,0,0,1.183574111644504,0,0,1,0,1.6916727609900755,0.03440931110925992,0,24.478492331606596,2.363876120987827,0,6,0,0,2.267,1.528,1,10.405548466503545,0,0,1
4.248718879612371,1.75442404441914,6,0,7,0,4,40.14381198550498,5,1,0,0.13877453230141748,2.104157089399922,3.6530067656673655,11.127386177294563,0,0.9721798959744377,1.1364892082562577,0,0,0,1.025422501609911,0,0,0,0,2.147174641690131,-0.6314442145079859,0,0.0,4.315840411767086,0,0,0,1,2.8992210045666327,1.528,0,8.0041995292144,3,0,1
4.86944451514477,3.593056778631828,1,0,7,0,2,26.09793904143026,1,0,0,-0.23265195855939608,1.544,2.482287304392118,12.470931332534107,0,0.9948789225614744,1.1552236786479637,0,0,0,1.1786713420007229,0,0,0,0,1.8320804639486252,0.0033817020968780077,0,15.346493423012243,12.028695858023047,0,5,0,1,2.7749933012055257,1.528,0,7.804111264864597,0,0,1
5.285987263848958,5.764048113730393,0,0,0,0,0,34.11401534730989,1,2,0,-3.4278645236334544,4.610764261389433,0.0,9.127895345105403,10,0.993343840113258,1.1772414695771223,0,1,0,1.4285882117704276,0,0,0,3,2.2352186889806993,0.02827126570107569,0,20.492041923478297,3.2070344063521437,0,0,0,4,3.224997119047683,2.468642047747724,0,7.7654270580197355,0,1,1
5.235158030804589,2.99198222936554,3,0,0,2,1,41.15049466281786,3,1,5,-0.35202799705206356,1.9199701038620445,3.2301004404205353,9.958646479149305,0,1.04368936356951,1.087372458624928,0,0,0,1.3024185346678125,0,0,1,0,1.8070555471367995,0.028527065890805132,0,19.47849936956163,4.1882702824179665,4,1,0,7,2.7749933012055257,1.528,0,10.509446834155167,0,0,2
6.32052994703581,2.9083969628466133,4,0,2,0,3,53.8734002813482,2,2,0,-0.43039469470883596,1.9598842929353126,1.2985191451904814,11.117192003203522,0,1.2145640522305219,1.096513841256793,0,0,0,1.1322791058819006,1,0,1,0,1.8394005914878273,-0.007691057659442649,0,22.252432917728836,1.5444183213853944,0,3,1,5,2.849962211225905,1.528,0,7.5458298498827485,2,0,1
4.532313894753578,1.9682221523540853,8,0,0,1,1,60.7,1,0,0,0.8829610217790697,1.544,1.6902884818573083,12.114561156808078,0,0.957,1.1420611905400995,0,0,0,1.0041123361014712,0,0,0,0,1.8320804639486252,-0.009815345679318393,0,18.640757542613894,6.260677143980367,0,1,0,1,2.7749933012055257,1.528,0,9.025704071693031,0,0,1
5.833352844892664,1.1841567539099367,7,0,9,2,3,57.161124540610686,2,0,0,-0.11990141147770243,1.544,2.7790350335815424,12.519,0,0.9793210555338966,1.186086975907206,0,0,0,1.054518166481917,1,0,0,0,1.835740423416663,0.0021180701552641983,0,15.603322855099874,17.114,0,1,0,1,2.267,1.528,2,9.21366795729384,0,0,1
6.400388528690859,2.902731510448264,0,0,3,0,1,43.89192832841745,1,0,0,2.0653068503556415,1.544,2.522391119763043,12.519,0,0.9904732255766234,1.1659220819082683,0,0,0,1.2503412570198082,0,0,0,0,2.086868046773306,0.03926867408177247,0,20.082071075492628,2.0842391281849824,0,0,0,1,2.7749933012055257,1.528,0,9.05696812746092,0,0,2
5.585248203310225,3.1873297851619213,0,0,0,0,2,42.696155178512875,1,1,4,0.481139315478346,1.544,2.296366987397306,11.793920128359018,0,0.9927080362916679,1.3279086094452694,0,0,0,1.2142009789980166,0,0,0,0,1.8320804639486252,-0.03486432994153419,0,0.0,4.814853397392655,0,1,0,4,2.7749933012055257,2.4870290275276927,0,8.480533072756602,0,0,2
5.440090917853389,2.5666904044076313,0,0,2,0,2,54.600664067181285,0,2,0,0.08563635617354659,1.7903763789327667,1.1857425481013224,11.795034882720635,0,1.03617795701156,1.1454378557698797,0,0,0,1.2634262173883428,1,0,0,0,2.350086560779624,0.06526299982207516,0,12.420706812320939,2.785009017050662,0,0,0,0,2.7749933012055257,1.5759988445981163,0,8.60015446101671,0,0,2
5.381918165081874,3.5929411823249846,6,0,0,0,1,35.97863493173543,1,0,5,0.0864708954385239,2.0598869401249855,2.619430475793674,11.425186691147463,0,1.0256353695666536,1.1562515014866417,0,0,0,1.2359549302004234,0,0,0,0,1.7124036885828442,-0.019227382939059325,0,20.729197863621394,3.3842353401138032,0,1,0,1,2.7749933012055257,1.528,1,7.6920819071145266,0,0,1
5.31070770142565,2.8185041414676864,0,0,0,0,18,30.551950726645117,1,0,0,-0.8324246108497424,1.544,2.382257378297651,11.477563517944894,0,0.9597519579952324,1.1437840076463364,0,0,0,1.1877983660494063,3,0,0,0,1.9018033170652298,-0.00849087095570038,0,18.720103712800526,3.995550182537448,0,1,0,2,2.7749933012055257,2.101612380863168,0,8.910025543261687,0,0,1
5.291619229173135,2.1523829094466267,0,0,0,2,0,44.95473755970868,0,0,0,-0.028678796943711834,1.708229352758459,1.90377651708119,9.37000431293208,0,0.9800465904772618,1.1929782036671455,0,0,0,1.1833271636195983,2,0,0,0,2.1351863739813393,-0.037618941397357726,0,21.401821999829508,2.86917032620775,0,1,0,0,2.7749933012055257,2.4772843729406957,0,9.645237839370434,0,0,1
4.238856355801493,2.649875154889365,0,0,5,2,3,53.76688553173993,3,1,0,0.10527088283167721,2.5780758581824763,2.442683659923979,10.246142693918598,0,0.962057705724733,1.1743800307535228,0,2,0,1.1432104020083405,0,0,0,0,1.9000215379487662,0.014379357551920116,0,0.0,14.055826997732924,0,0,0,1,2.267,1.528,0,8.305343165524718,0,0,1
4.837961619071845,2.3299202836794066,0,0,0,0,3,60.7,3,0,0,0.07788650846734098,1.9746985670125605,3.0694201605368328,12.114561156808078,0,0.957,1.1967015956965843,0,0,0,1.1864499725326956,0,0,0,0,2.0333176856030395,0.002306861539844979,0,9.027926163301352,6.260677143980367,0,1,0,1,2.7749933012055257,1.528,1,9.382000765997873,0,0,2
5.4056758523811395,3.18186526413465,2,0,0,0,2,37.80853299568496,1,0,2,0.04838186056297436,2.6586295167505862,2.0469968228144397,11.07807060116749,0,0.9938417120738893,1.1526797751677316,0,0,0,1.3230335499904586,0,0,0,0,2.1168154279346467,0.03159549583218502,0,9.737319138131582,5.151114992340425,0,0,0,1,2.267,2.0402608667997724,0,8.399644747259055,0,0,1
5.926727795768855,4.091949131286737,0,0,3,0,1,54.0944970329106,4,0,0,0.11977442881933248,2.032055573104667,1.993762160968531,12.033804510129578,0,1.010354105779774,1.1890625971828357,0,0,0,1.147499824141905,1,0,0,0,2.308770867878466,0.03307703987340874,0,20.226270402551403,4.550629802846604,0,0,0,1,2.267,2.4158881112828694,0,9.986349752509934,0,0,1
5.8065211382469535,3.5526603058953103,0,0,2,0,0,48.26696709838822,4,0,0,-0.027832966512316218,2.4176001448770927,1.2748005490701855,11.298308076320703,0,1.067566353387343,1.1865295015579913,0,0,0,1.3458306712878887,0,0,0,0,2.140166769322613,0.002363733493155898,0,25.44488878566728,3.569359934091419,0,1,0,1,2.7749933012055257,1.7251449663530154,1,14.223,0,0,1
5.2612509070080895,3.619006174501669,0,0,0,0,4,54.11786998912497,3,0,5,0.07478211517229004,2.510183970960476,2.0680329491599796,11.933903721281187,0,0.985947189397474,1.1933650564812668,0,0,0,1.355731906819143,0,0,0,0,1.9208234368384949,0.030788501969312793,0,7.735359985888461,5.71416643342243,0,0,0,0,2.7749933012055257,1.9242249841359151,0,8.112846541989166,0,0,2
4.7995946815133825,2.479365180881615,1,0,2,0,1,41.533356395582324,1,0,6,0.28736786973279915,2.354590234523158,2.357732575942973,11.522439032727199,0,0.9865219202714991,1.1756698615420376,0,0,0,1.3069307744689738,0,0,0,1,1.8320804639486252,0.030262985798271358,1,11.368268120093836,5.890445452623142,0,0,0,0,2.7749933012055257,1.7639140921564969,0,7.853896081333731,2,0,1
5.124853131876858,1.9282057541611572,0,0,0,0,1,57.395982422242746,1,1,0,0.147547780815113,1.544,1.5146477002214003,12.519,0,0.9825764615483256,1.1932600437990533,0,0,0,1.1029757232833626,1,0,0,0,2.0203189114886015,-0.012674499579066084,0,17.28042020567615,6.000734691679027,0,0,0,0,2.267,1.528,0,7.913836963443784,0,0,1
5.599695296960379,2.494086376710097,4,0,0,0,5,34.748781685331366,1,2,0,-0.027034507101545324,2.0306524330736258,1.323052236978501,11.399141516980684,0,0.9884829307870275,1.1327871762491217,0,0,0,1.316784768074304,0,0,0,0,2.2266953039998256,0.006499539056368181,0,10.641330188027647,6.73284564461877,0,3,0,1,2.7749933012055257,2.424146657167236,2,8.039099190306787,0,0,2
5.412253136043302,2.597080610047209,0,0,2,0,0,52.0572601446756,2,1,27,0.957140521116063,2.0811866457768704,2.6104164024169147,11.09625175224999,0,1.0008292643176604,1.1308574590429046,0,0,0,1.1914437618629325,1,1,0,3,1.9087434845438174,0.40413057158803356,0,0.0,5.124095747761658,0,1,0,2,2.267,1.5698685457573704,0,7.7770880113660565,0,0,1
5.54221326536578,3.5474977839305137,2,0,0,0,2,33.55096001705043,4,1,4,1.7770995081039196,1.9538512514784347,2.9600762445106623,11.433862896053462,1,0.9749837127772404,1.130171376236767,0,0,2,1.2393142904898093,0,0,1,0,2.1768784574421995,0.11300935257492019,0,19.205442360316603,6.432717158067594,0,3,0,0,2.267,1.9612086928242887,0,8.382954866712812,0,1,1
4.672240313304694,2.5598887419000342,0,0,0,0,2,41.52618192225608,1,0,0,0.9901406231393803,1.544,1.5020031674596426,10.78712019900648,0,1.017284933566716,1.166010666109274,0,3,0,1.2467411705848,1,0,1,0,2.0016078320005204,0.008469691994901527,0,19.58887430146127,11.421721983059406,0,0,0,1,2.7749933012055257,2.2579100063348028,0,8.152659224851098,2,0,1
5.946540658242333,2.807925702293335,0,0,0,0,1,53.02339717362321,2,1,0,0.0792670275069759,1.9120226770416144,2.2981586212867793,12.519,0,0.9945460615724809,1.2009175788031237,0,0,0,1.199742872981976,1,0,0,0,2.2584735399635845,0.05361051507128708,0,20.139377879092137,6.034108887371392,0,0,0,1,2.7749933012055257,1.528,0,9.752911247435456,0,0,1
5.031454127825125,2.3892701458215746,0,0,0,0,1,48.97616193058448,1,2,0,-0.23432460949224115,1.9189098777090268,1.7778220625659438,12.450694824805138,0,0.957,1.2079725487107238,0,0,0,1.2029950293739475,0,0,0,0,2.272717624623437,0.05814243460953122,0,68.47192526106596,3.651226714219972,0,1,0,1,2.267,1.9152630881512809,0,8.079826562921406,0,0,1
5.359108608705461,2.942689564438957,8,0,0,0,1,57.084097444906575,1,2,0,0.11383831474323305,2.117383570400276,2.796967137771238,11.439970853917698,0,0.957,1.1859983261903546,0,0,0,1.1232838719036695,0,0,0,0,2.497190286973369,0.02959004851718489,0,18.44939136641136,5.902641269399032,0,1,0,1,3.0167718095896374,1.7719413595897726,0,8.307805955983506,0,0,1
6.059824208891186,3.9196943511818754,0,0,2,0,1,59.162946755872305,3,0,0,0.14882371924038154,1.544,1.7134664842740475,11.059117300130122,0,0.9746894948737951,1.1375952982817514,0,0,0,1.1922722217547972,1,0,1,0,1.6466776936702523,-0.005186837081246513,0,24.395119541711306,4.787823144686598,0,3,0,1,2.267,1.6482056946261237,1,11.444934187526979,0,2,2
5.302572194478294,5.351597005654565,10,0,0,12,1,51.14060465695498,1,2,10,0.934382781703008,2.049843205013866,1.1697412308609747,11.112739995399277,0,1.0187225830423956,1.1420679341777047,0,0,0,1.2661477308304527,1,0,0,0,2.1288550000568764,0.0017118284629637158,0,0.0,2.169311839006462,4,0,0,0,2.7749933012055257,2.1982444342248093,1,9.206510988260716,0,0,1
5.839722604684961,3.9576720176964875,0,0,2,0,2,31.283583138227478,1,0,0,-0.0066299568434766976,1.7877499210518413,1.8101235560816087,11.585581157175884,0,0.9762896913180663,1.1507284749380629,0,0,0,1.276989586403633,1,0,0,0,1.909987404260764,-0.019420871508070692,0,18.930914934006772,5.669495452880154,0,1,0,0,2.7749933012055257,1.9253441082286233,0,7.4118233571505785,0,0,2
5.32174295809807,3.0295149828863117,0,0,4,0,1,48.50723608848251,1,0,0,0.144493233442299,1.7877499210518413,1.644249673014065,12.114561156808078,0,0.9944307833990645,1.1933425530997372,0,0,0,1.1432406969566753,0,0,0,0,1.9553418053752314,0.030006215958280985,0,6.798555336989646,6.260677143980367,0,3,0,2,2.7749933012055257,1.528,1,9.060419802985864,0,0,1
5.398302690477063,2.5598657391770674,0,0,0,0,1,36.598921748224726,0,1,0,-0.005383244610690306,1.544,1.5055823786903544,11.42483042643516,0,1.0859927676277157,1.1498799487205182,0,0,2,1.173290343731669,1,0,0,0,2.6599476031700746,0.03097642260896721,1,26.105943793272253,6.083039809320637,0,1,0,1,3.215271332889879,1.5863368982591992,0,10.349976013801788,0,2,1
5.126644854013015,5.920472110619672,3,2,5,1,0,33.05252814250186,3,2,0,0.2032987686727944,3.254285852346185,1.3042901582006525,9.594818436380185,0,1.311,1.1191257200487146,0,0,0,1.2012912815737644,1,1,1,2,2.3477669026488974,-0.20072271177026357,0,9.733566094310591,4.5578036363180425,4,5,0,6,2.267,1.528,4,11.691650455834111,0,0,2
5.7403340435176915,3.7616084964780176,2,0,0,0,4,35.31239716842401,0,0,0,-0.05281956403439252,1.544,0.9168075712738034,11.986648995813953,0,0.957,1.1586304212988778,0,0,0,1.3664596839689251,0,0,0,0,2.1653939468515473,0.050195108498359856,0,26.60496508380537,4.42829077635647,0,0,0,1,2.7749933012055257,1.8950253400494068,0,9.130683439759844,0,0,2
5.678917380616038,2.5900854041222656,1,0,0,0,2,31.49050517502504,4,0,10,0.0008655691643644956,1.544,1.3654005634025779,12.448938156776018,0,0.9924041541147233,1.148960773829544,0,0,0,1.2614861216395536,0,1,0,0,1.8553804021251081,0.011623559096825145,0,19.640871514687372,5.439128984647758,0,3,0,7,3.5021733823532832,2.280037211377523,0,7.303006171317007,0,0,2
5.860403005905089,2.6100175028284105,0,1,0,0,1,44.81673971859387,4,0,0,0.09390101393176209,2.836566381826148,1.56001958099817,10.973130361038871,0,0.9697974556603062,1.153526382222828,0,0,0,1.2258396454064768,0,0,0,3,2.256068047502645,0.0467739686918732,0,23.071903952168267,3.7999227139271508,0,1,0,6,2.267,1.9966993472933328,0,10.141176516247663,0,2,1
5.180382196149274,2.8723808147678866,0,0,5,2,2,23.204604611941527,1,2,0,-0.010185190010902899,2.716442393425243,1.4269231007499217,11.745820709045349,0,0.9885338164789873,1.1276691936643537,0,0,0,1.4202055919742003,2,0,0,0,2.033865136157695,-0.0009983355117410236,0,24.23307045609964,3.360653332317745,0,2,0,0,3.4045666246483304,3.1902452745533894,6,9.819972091277192,0,0,2
5.611145107634605,2.990332407766384,0,0,0,0,2,60.7,1,0,5,0.11486074512074429,1.834360757232595,2.8588130358556176,12.114561156808078,0,1.0216287226397394,1.1749948856703993,0,0,0,1.1773368540687332,0,0,0,0,1.7471816612390811,0.01563947451133805,0,19.787186257216398,3.436324728214851,0,2,0,1,2.7749933012055257,1.819666346958268,1,9.92314376745516,0,0,1
5.736534883350473,2.0203515862207726,0,0,0,5,0,42.97523122908915,3,1,0,-0.10715168640933541,2.425297333844164,4.437,11.450772932019506,0,1.0331477667169313,1.1472483116156922,0,0,0,1.1723258471657065,0,0,0,0,1.7027360906590716,-0.029963483763815964,0,15.31891225747475,4.953377224957819,5,1,0,1,2.267,1.528,1,10.057104426229822,0,0,1
5.9313149121263935,3.0142764603053074,0,0,0,0,1,56.714631776261186,5,0,0,0.05776289120330144,1.7877499210518413,2.899676970571034,12.032644993869715,0,0.9814466128938999,1.180598392703892,0,0,0,1.0817875533135555,1,1,0,0,1.3132931810993589,0.00889415034890957,0,23.4927715751512,6.022906079311863,0,0,0,1,2.7749933012055257,1.6447077238884638,1,8.818361873316963,0,0,1
6.205017140344985,3.079875292026778,0,0,0,0,2,45.525222808530216,1,0,0,1.3361597915191077,2.158531647292371,1.4315934314907814,10.981521208188422,0,0.9944510344786359,1.1344216866789112,0,3,0,1.3242032165046314,0,0,0,0,1.998701306424686,-0.02405313876084425,0,15.270551704573034,1.2112734147697648,0,0,0,2,2.267,2.7303354859376583,0,7.292892641214312,0,0,1
5.955105671852229,1.1349,0,0,10,0,0,60.7,4,0,0,0.11072150116512197,1.7877499210518413,3.0976875135257136,12.114561156808078,0,0.957,1.1838150399986715,0,0,0,1.0145533306617671,0,0,0,0,1.8852528096841972,0.04185349557796797,0,10.585401236701234,9.363086573005951,0,1,0,1,2.7749933012055257,1.528,0,9.149263788671671,0,0,1
5.661694150560149,1.8814530102564553,0,0,6,0,2,55.48346200205679,3,0,0,0.7273651429720275,1.7877499210518413,2.339053409554924,11.71348148999231,0,0.9804206079010761,1.1733278101235083,0,0,0,1.1023637835230273,0,0,0,0,1.9224214651014395,0.03429791018811784,0,22.038979508341203,8.198013539055218,0,1,0,1,2.7749933012055257,2.0744814806056704,0,8.841162945861962,0,0,1
5.602259356035554,1.6924825307629516,0,0,0,0,3,34.442500452138034,2,3,0,0.03452626273773386,2.235643177300343,2.01073828862165,11.39735699981119,0,0.9571012642222367,1.2006981481379477,0,0,0,1.2457376991116205,0,0,0,0,2.1779101522209063,0.023330258579773687,0,32.2173547533169,4.820182350271995,0,0,0,0,2.7749933012055257,2.1409834512140593,1,8.312559034613503,0,3,1
5.851159737270397,2.8962378554265698,0,0,0,0,1,54.500578488823436,1,0,0,0.48161633907472945,1.8662326259858701,1.9495902708184998,12.519,0,0.9990534614554994,1.1336288790054474,0,0,0,1.200346307666416,1,0,0,0,1.3132931810993589,0.014240960640197455,0,18.44764415554089,4.999603409261102,0,2,0,0,2.267,1.528,2,9.911309077008761,0,0,1
5.421194451618923,4.863455537752768,0,0,1,13,2,31.56705612649379,1,2,3,-0.010156532572783232,2.432679311519454,2.660451141398594,5.918253791846819,0,1.0031868349648612,1.1192043859877954,1,0,0,1.270857343823708,1,0,0,0,2.315369377602969,-0.7051178444043739,0,20.165219998750278,1.53105370269541,0,1,0,5,2.267,1.7190053906397802,0,9.168678372531634,0,0,2
5.580114685777267,3.8376857131775224,0,0,15,0,2,24.662627583085378,1,1,3,0.07026217580837461,2.184510079710396,2.5854152560271655,11.982549585986925,0,1.056391698161985,1.3598050495128569,0,0,0,1.2928203712456998,2,0,0,0,1.7051054850172387,-0.021248015144451,0,16.921754986624812,5.394942560328822,0,3,0,6,2.267,1.7598485748260577,2,6.336454528836147,0,0,2
5.885562784482202,2.9769796843335,8,0,0,0,1,57.18665804665825,1,0,0,-0.007136683793581032,2.222939805572989,3.9082859764344517,11.782248267782348,0,0.9970874534256954,1.162849646285902,0,0,1,1.257928876149537,0,0,0,0,2.0552631308087275,0.02673744227657962,0,19.941923279743165,4.243886093518191,0,1,0,2,2.267,1.9950926628113468,1,9.371897447894183,0,0,2
4.832429361392105,3.083413399845461,0,0,0,0,0,44.393789392435636,0,0,0,0.2032971765022157,1.544,2.3971875604627217,12.114561156808078,0,0.957,1.2169593220631176,0,0,0,1.2164453399937485,0,0,0,0,2.0451450818663375,0.007395039295007148,0,23.76391632181168,10.71224069861386,2,1,0,1,2.267,1.528,0,14.223,0,0,1
6.189920625815575,3.2658485277167366,1,0,2,0,9,28.58478230341939,6,0,11,-0.7200623651383246,2.560146432733373,1.8739000309722007,9.957668882996883,0,1.1073730507926571,1.151334204010843,0,0,0,1.320306406298069,1,0,0,0,1.6900662910343667,-0.044824601612681564,0,31.015136275755363,3.183993886298932,0,1,0,0,2.267,2.06150962930741,5,6.761933459474645,0,0,1
5.6774561477973755,3.7878684991666134,4,2,3,2,2,56.60862111784359,1,0,5,0.018918202644372818,2.0480523871484975,1.2686652630052415,10.806657214098655,0,1.02040723318161,1.1352430245264438,0,0,3,1.1241198220242377,1,0,1,0,1.7731202406350444,0.0043586888657414025,0,24.073338658132286,3.413329514759605,0,0,0,0,2.267,1.9518448886432238,0,7.627287298077239,0,3,2
5.868831207525917,3.605686196549465,0,0,0,0,0,36.99562466504892,5,2,3,0.07023197041237232,2.1133640184042415,1.1670304471123167,11.879444419410746,0,0.9799269361404832,1.1567284375573337,0,0,0,1.2435571869328814,2,0,0,0,1.9480328701170149,-0.04725596033182162,0,17.13133352286655,1.5670593193432012,0,9,0,1,2.267,2.4606712136786455,0,8.072874421495984,0,0,1
5.726609108333549,2.640579457177989,0,0,0,0,3,52.290528187751164,3,1,6,0.4263236661924109,1.8714378455036151,2.1739370918631806,12.02957104620918,0,1.311,1.171187259167585,0,0,0,1.249821421847254,1,0,0,0,2.1911841532686993,0.02366727756235691,0,14.103208648524713,10.382422464047577,0,9,0,4,2.267,1.528,5,7.535150616350186,0,0,1
5.673090486465574,2.1752412587105967,0,0,0,0,0,60.7,1,0,0,0.059562751957046106,1.7973107985982917,3.0694201605368328,12.519,0,0.9662229982639952,1.1673359703395316,0,0,0,1.2781299010850822,1,0,0,0,1.6658957994974872,-0.003121211894204672,0,22.64892915829634,4.6410825655163865,0,1,0,0,2.7749933012055257,1.528,0,9.467951073954698,0,0,2
5.390556717228597,3.7911040712507855,0,0,0,0,2,37.56084076530744,1,0,0,0.8854599108820927,1.9360844114153986,3.0694201605368328,11.960406645924929,0,0.9933962994210187,1.2136480614588958,0,0,0,0.9959493716819612,0,0,0,0,2.0293455243123733,0.019753271180724966,0,16.44085224400243,3.107603996569325,0,1,0,2,2.7749933012055257,1.528,2,7.250672764652451,0,0,1
5.110755518203243,3.1818762015363578,3,0,0,0,2,14.171014619968439,1,0,0,0.036870626259501965,2.659827542607077,1.3258469989630957,10.605217611213183,0,0.9888350911387505,1.1468464905080609,0,0,0,1.2190899730471025,0,0,0,0,1.7358273300686635,0.006703863114262097,0,15.411326248586919,2.1072539441167417,0,0,0,1,4.625826224408831,2.6616692293133233,5,8.891504797643417,0,0,2
5.480899861395697,2.746386509850666,0,0,0,0,2,36.421414142045656,1,0,0,-0.08542621883052923,2.1677686180769706,3.4866298624869687,11.223270235278044,0,0.9817890328984614,1.14677800950546,0,0,0,1.2411495104896682,0,0,0,0,1.8320804639486252,-0.042437826646495286,0,32.38011702614427,3.4852179371354177,0,9,0,4,2.7749933012055257,1.528,0,8.279084466142393,0,0,1
5.966487036744029,3.99409316655607,5,0,6,0,0,44.25734845794527,1,1,13,0.617901963511865,2.6162212403422505,3.0694201605368328,11.859424039366893,0,1.0196975187228554,1.1433139020836416,0,0,1,1.0723304092085044,0,0,0,0,2.0763240230023112,-0.012290747888896761,1,0.0,4.144048241450096,0,4,0,1,2.267,1.6168440122418517,1,9.914246882115469,0,0,2
5.366789068380077,1.8234144400408998,3,1,0,2,0,51.17465515526952,5,1,0,2.8025922902773486,1.544,1.281417432913229,11.188283077052363,0,0.9675712974974252,1.1715193287897379,0,0,1,1.1678362805735738,1,0,1,0,2.1898539787310143,0.016819518719842615,0,23.512720580189747,2.0227056038287556,0,1,0,0,2.7749933012055257,2.2988640615706166,0,7.924486048661246,0,0,2
5.819731577424462,1.5136233373544155,0,0,4,0,2,44.921790747516255,1,0,0,0.19905106318227736,1.544,3.0694201605368328,12.114561156808078,0,0.957,1.1737045036451133,0,0,0,1.0769031509630556,1,0,0,0,1.9126952652091724,0.043178953055228814,0,17.79849752504886,5.483292979772073,0,10,0,1,2.7749933012055257,1.528,0,9.027205273596014,0,0,1
6.049998422530884,3.858809300559009,0,0,0,0,1,51.2547862214887,1,1,6,0.0506389708333283,1.7745185537285322,2.056366582523985,11.120794038158294,0,1.134799568723118,1.1750969367664648,0,0,0,1.293835537555805,0,0,0,0,2.044900486134595,0.021491465028927844,0,22.18963946537011,4.935814165575255,0,5,0,1,2.7749933012055257,1.6813216154585475,0,8.338799840747711,0,0,2
5.6566766494600085,4.6287575968955075,0,0,0,1,2,41.33420745992568,1,2,2,-0.04494515034926012,3.1015324348764484,2.419384647946889,10.434151822405331,0,0.9673331398514492,1.1240081947469833,0,0,0,1.334419783681248,1,0,0,0,2.289119098681885,-0.0015930879368608233,0,21.325651914493957,4.040174684320055,0,0,0,1,2.267,2.153534974279228,0,6.885922357301506,0,0,2
5.55502080666935,2.9157184786978485,0,0,0,0,2,29.103726620472255,1,1,0,0.12554428809908874,1.7548921622293654,1.9422736264398104,12.114561156808078,0,0.9864290781066161,1.1738919180709457,0,0,0,1.3249489990345893,1,0,0,0,2.0391341523442685,-0.002493867326478615,0,18.482967463599067,4.734510580367569,0,0,0,1,2.7749933012055257,1.9150407462529087,1,8.735923427740785,0,0,1
5.778559469848867,4.588291728399897,1,0,0,0,2,50.56598866688395,4,0,0,-0.056409794858757266,2.204239991119281,1.4162367408629424,10.74346146554751,0,1.009034237329279,1.131206413522518,0,0,0,0.863,3,1,0,0,1.8700158356779522,0.028110487205107722,0,21.98556174576023,7.001313471364773,0,4,0,1,3.153416842908742,2.964517459065094,0,12.108465076913902,0,0,1
6.119560277495625,2.1583675528176833,0,0,0,0,3,36.066742980778656,1,0,0,0.3000297008662915,1.544,3.257108101543892,12.519,0,1.0087309202995696,1.1735829740103454,0,0,0,1.2696628718905494,1,0,0,0,2.0813292025389076,0.030011312165889373,0,0.0,2.9773646164874945,0,1,0,2,2.267,1.528,0,13.014943692572796,0,0,1
6.1921858594657175,4.092229538923018,0,0,5,0,3,47.36876909762702,1,0,12,-0.3001714706908877,1.544,1.6296660660332014,11.270345672830643,0,0.9973443076819587,1.1067426621439713,0,0,0,1.0234954660029123,1,0,0,1,2.1898672176690623,-0.05981350952470825,0,15.505637214242633,4.888771545164641,0,6,0,1,3.5021733823532832,1.528,0,7.966562004716538,0,0,2
6.14221428964856,3.1287091158620326,0,0,4,0,2,46.60913087779261,2,0,0,0.11662357084863688,1.544,2.129114762396225,12.114561156808078,0,1.0905665770539927,1.153388844130017,0,0,0,1.110065737080984,1,0,0,0,2.0960077127887256,0.03129113560373919,0,26.118932770841088,5.613216402110715,0,10,0,1,2.7749933012055257,1.6635273434507156,2,9.997698542619116,0,0,1
5.200978343911989,3.7710178216467183,0,0,1,3,0,32.22680134349934,1,1,0,1.3101692662525204,2.6065328319320864,1.0559688628371116,10.927312965496917,0,0.9890862139936459,1.1253752173216296,0,0,3,1.2110247263443763,1,0,0,0,2.3085731619635825,0.196529153311495,0,20.581363316584504,6.615090285785395,0,0,0,2,2.899120857198108,1.742926615300147,0,9.131170346687066,0,0,2
6.496,3.6892787753973746,0,0,0,0,2,55.8582605789335,4,0,0,0.006640916866500044,2.213066113636627,2.064674312654425,11.171017486064677,0,1.014382669343951,1.109009103758128,0,0,0,1.1160957341880784,0,0,0,0,2.094709464133626,-0.012260020458330755,0,14.502564638165389,6.136402929483516,0,9,0,1,2.267,2.196476877973673,0,9.228645810257273,0,0,1
5.80402739008322,4.570681256279613,0,0,0,0,2,49.49776056268145,1,3,0,-0.0017535275092774088,2.8460045021120077,1.1025423955886637,11.609350944798646,1,1.0090538550992831,1.1485954947496921,0,0,0,1.2780081492090678,0,0,0,0,2.3210082303206905,0.01099533962636885,0,24.88866226797751,4.510894438487265,0,1,0,1,2.267,2.4405189698243532,2,8.26060067526624,0,0,1
5.413744438253503,2.5406859799012014,0,0,2,2,2,40.05126386154552,1,0,11,0.04464677628012905,2.0235084068455933,1.9826858731218233,11.607551878970579,0,0.989394660158301,1.1529062589282835,0,2,1,1.1363986581854246,1,0,1,2,1.270762573315626,-0.01668074268182857,0,26.66711097633534,4.564557530118793,0,3,0,1,2.267,1.8810601136024272,3,10.690120057591738,0,0,2
4.833647738066588,3.23023434922796,5,0,8,0,0,42.013802841154785,2,0,0,0.05078139211352902,1.544,4.117598434735232,10.35427763391935,0,1.0113917128891527,1.1336342400089665,0,0,0,1.1931538734991625,0,0,0,0,2.1285360235111535,-0.004437119021962064,0,7.658216564607061,6.570313817013984,0,3,0,4,2.7749933012055257,1.9051405073590155,0,8.957573154635465,0,0,1
4.922600841646243,2.7644761348803875,2,0,9,0,3,55.48121114743021,4,2,0,0.164415636017431,1.7877499210518413,2.955477805746529,11.947155538448389,0,1.0602152396455269,1.1608937317074395,0,0,0,1.247219477343264,1,1,0,0,2.117887217356289,0.023109797203088176,0,0.0,5.4118463604308715,0,1,0,1,2.7749933012055257,1.710876178116624,1,7.816602038696452,3,1,2
5.353690662437595,2.9486471329697626,0,0,0,1,3,49.578637047711005,6,0,0,0.04187804494936176,1.7877499210518413,1.061517141666217,12.048026119586346,0,0.9867041001542071,1.160163295542759,0,0,0,1.186553264948291,0,0,0,0,1.8320804639486252,-0.02231534406181323,0,20.22811574795216,10.586501694024289,0,1,0,2,2.7749933012055257,1.865678989586655,0,6.988637089998385,0,0,2
4.930344791412084,3.3213872036375456,0,0,0,0,7,27.783034718322554,1,2,0,-0.4716462765982161,1.7877499210518413,2.672612618896224,10.769037754066881,0,1.0059269284416172,1.1520388788317382,0,0,0,1.258187687695472,0,0,0,0,1.2076099815530004,-0.015516924491931572,0,20.19424012432697,2.719288632872564,0,3,0,1,2.267,1.8197006264932065,1,9.430947410099238,0,0,1
5.913797684352428,3.985525751755408,6,0,0,4,1,55.99054329985276,0,1,5,0.0442462847106047,1.658820535839149,0.344453723779798,10.56684641134773,0,0.998687568543136,1.156360023883136,0,0,0,1.157481646822963,0,0,0,0,1.2121116314376872,0.006955838124427884,0,40.91914089322811,2.8652280661038434,0,8,0,1,2.7749933012055257,1.5291033991267486,0,9.874470887081648,0,0,2
5.617499736631898,2.911095170637242,0,0,0,0,2,57.6265252078272,1,0,0,0.15940993846753335,1.7877499210518413,2.7771949431719536,11.749860588169646,0,0.9799429765931402,1.1819331583259485,0,0,0,1.094547195307339,0,0,0,0,2.051807203417901,0.2532850373869609,0,20.882392749230878,7.3577000846077905,0,0,0,1,2.7749933012055257,1.6556956188507184,0,8.390319192303108,0,0,1
6.496,5.754832561882036,0,0,0,0,2,33.82921839742929,4,0,9,-1.2775200224731955,2.327139641909707,2.322864192575782,12.114561156808078,0,1.006421678521385,1.1170471784914862,0,0,0,1.128743095156967,4,0,0,0,2.2125033741222992,0.015421655985987425,0,23.875287167109267,3.9821491126143953,0,1,0,3,2.7749933012055257,2.0911842687166184,0,9.994822879684099,0,0,1
5.675848391088458,2.8428196581173344,0,0,4,4,1,60.21934206440817,2,0,0,0.10984092445782395,1.7877499210518413,2.8008828308189226,11.896110446178122,0,0.9714618034088687,1.1777278226982313,0,0,0,1.1625804317839683,0,0,0,0,1.9219814346115216,0.024611999143191374,0,22.66620563829626,6.260677143980367,0,1,0,6,2.7749933012055257,1.528,0,9.04823003453755,0,0,1
6.004638073825798,3.1269968314453114,0,1,3,0,4,51.78726930596822,1,0,0,0.39465155911361627,1.544,2.647988582230889,12.192851910076389,0,0.9772213302407448,1.1486451320395443,0,0,0,1.1841602637855664,1,0,0,0,1.8691751779751957,-0.11950634926316227,0,18.231154579050102,4.214706198177475,0,1,0,5,2.7749933012055257,1.738120475370612,0,9.098193939487397,0,0,2
4.126339230025836,2.426656269800702,0,0,0,0,1,57.676807311882555,4,1,0,-0.011589360229600937,1.8665936760124433,1.955891842984383,10.793667745912824,0,0.9772420510719512,1.1560942938717906,0,0,0,1.1281067439802022,0,0,0,0,2.121354845258461,-0.04890167537457223,0,21.12930062822157,5.264440761009082,0,1,0,3,2.267,1.528,1,8.393473157427291,0,0,1
5.365328303755953,2.707916168930615,7,0,5,0,2,50.71118373043839,21,1,3,0.11429151164659813,1.544,1.887511858813245,10.41767928116194,0,0.957,1.1177824374721885,0,0,0,1.1452440744189252,0,0,0,0,2.289396340110541,0.017510366308087597,0,10.645204566384097,3.077052834600364,0,1,0,0,2.267,2.067903438793302,4,14.223,2,0,1
6.047432483047611,2.728803585589589,0,0,5,0,2,52.27249499127111,3,1,6,0.18595781439693534,2.360816134578002,2.4231826332401205,11.678581032309165,0,0.9683138994014799,1.1948258951050361,1,0,0,1.171952975899193,0,0,0,0,2.2423397062809074,0.1564048469399078,0,22.0977931492431,4.465969251746277,0,1,0,1,2.7749933012055257,1.528,0,7.636653010305533,0,0,1
5.348023030677236,2.269756673910826,0,0,0,4,1,42.03359856962352,3,0,4,-0.03729960860742691,3.062761674300822,1.4039949620232275,11.990030435254631,0,0.9822205415817499,1.1749705860691138,0,0,1,1.1824724408298553,0,1,1,0,1.4614945775837902,0.004634890013143662,0,9.855875868670962,5.934979885709313,0,3,0,0,2.7749933012055257,1.528,0,9.182611488716075,0,0,2
5.864298639183357,2.6125598676759854,0,3,0,0,2,56.48425805466028,1,2,5,0.036016010079966264,1.544,1.562231110092649,12.519,0,0.9954723492675397,1.1693882260686412,0,0,0,1.3240692142703407,1,0,0,0,1.9595063153266121,0.01723745310159091,0,20.661311261158353,5.6590733021113335,0,6,0,5,2.9387452960417635,1.6605548881957566,2,6.649889083228565,0,0,1
4.728140144999657,2.3817512290176146,0,0,0,0,1,60.7,0,0,0,0.15875964052183691,1.7877499210518413,2.139767555973229,12.114561156808078,0,0.9694409865430631,1.1995384634475055,0,0,0,1.2052182210231754,1,0,0,0,1.8616092519067329,0.011377964425694387,0,16.854334483158414,5.202173132961332,0,1,0,0,2.7749933012055257,1.528,0,8.307219303573355,0,0,1
5.7603134316865106,2.8900439706601175,0,0,7,0,2,60.7,1,1,0,0.7209390196385502,2.4046950184097535,2.341038676085658,12.114561156808078,0,1.2109382606339893,1.1531014170778806,0,0,0,1.3064621994931864,1,0,0,0,1.9796953006578688,0.006180432396848382,0,20.064764018502032,4.612909098405856,0,5,0,1,2.267,1.9234190494605858,0,14.223,0,9,1
5.066277336385746,3.49073485654788,0,0,0,0,2,57.0337423660112,4,0,0,0.00793420783097025,1.544,2.584085458232609,12.19367481474616,0,0.9694466405088364,1.200973653565318,0,0,3,1.319250808601763,0,0,0,0,2.0323232127087185,0.03915408198316043,0,23.123439148666115,14.573745584980552,0,6,0,4,2.7749933012055257,1.528,0,9.051427881197242,0,0,1
6.070227444050927,3.1596909468093557,0,0,0,0,1,44.03835605343801,0,2,0,-0.04460219795347016,1.9602235629182103,1.5738396018778513,11.693511977582562,0,0.9914991063417409,1.1693600372117825,0,0,0,1.3539312311390361,0,0,0,0,2.124951672775657,0.30035413569121133,0,26.41353903433313,2.638403974586946,0,3,0,1,2.267,1.9699782706966527,0,7.774052089191639,0,1,1
6.496,2.84671020298775,6,0,0,0,2,44.972241494778544,2,0,10,0.07033094206352873,1.7877499210518413,2.3737381223997596,11.590428935805948,0,0.9870829722839393,1.1491372689997603,0,0,0,1.1946929531119665,1,0,1,0,1.971914101289285,0.022377866480762832,0,20.71395555394634,4.76842580513081,0,2,0,1,2.267,1.528,0,8.958114362672053,0,0,2
4.871188082674008,3.7996598350241504,0,0,0,0,0,38.619813270491505,0,2,2,0.044934945157124,2.842926618998434,2.4891792192652673,10.53701957726042,0,0.9953324009681337,1.1584955241724022,0,0,0,1.2215577500591221,0,0,0,0,2.291557696427073,0.0007833575325749134,0,24.415633591351714,4.039225539122619,0,1,0,0,2.6974192554581373,2.1585097636815496,0,12.614070042606816,0,0,1
5.755388511962968,3.1995473855023087,0,0,4,0,2,44.18010692175422,3,0,0,0.021743078537238527,2.4661578701807088,1.8026472760014203,11.784450911033513,0,1.025358877650655,1.1524513824109834,0,0,0,1.209336895102874,1,0,1,0,1.416272367676841,-0.0027734763611284943,0,19.751788667882437,5.600065563229298,0,0,0,1,2.267,2.1475087643318536,0,7.760968388375829,0,0,2
5.356474402232591,2.947720461610077,4,0,3,0,3,58.01018713944602,0,1,0,0.015098590248386749,2.193859316592075,1.0854257117613866,12.114561156808078,0,0.9897790782372147,1.1148845410870614,0,0,0,1.3294640353989577,1,0,0,0,2.074624315547807,-0.020011497375843033,0,28.831719221477485,9.729235996116115,0,0,0,1,2.267,1.825184440188248,1,8.290818701120054,0,0,2
5.710848634865813,2.020932840762776,0,0,2,0,2,35.87156414086293,1,0,1,0.6239935548006925,1.8991056108837756,1.4489611831489349,10.58949944157301,0,0.9823622666194712,1.1458481312627973,0,0,0,1.3091124899793938,1,0,0,0,1.9818087093214638,0.007375151889109737,0,22.367068297025924,4.253819603344937,0,0,0,1,2.7749933012055257,2.230210981819591,0,8.410320225997113,0,0,1
5.650605220500099,3.3931543127000348,0,0,0,0,1,49.28196637694538,2,2,0,0.028032474900567365,2.1196868564446882,1.9602956314986635,12.114561156808078,0,0.9640022061154303,1.1977266837297746,0,0,0,1.3113384856165262,1,0,0,0,2.2185007047991556,-0.006769654050683435,0,28.686695276204144,2.5930825777934263,0,1,0,6,2.7749933012055257,1.528,1,9.361096476873382,0,0,1
6.002917745687929,2.4521906936481237,0,0,0,0,1,47.370864496109114,1,0,0,0.00306778910759244,1.7877499210518413,3.0694201605368328,12.114561156808078,0,1.0145306555773286,1.2097068419659966,0,0,0,1.2975331477081606,0,0,0,0,1.4558161409950832,0.010598348480713731,0,25.822255596608677,6.260677143980367,0,1,0,1,2.267,1.528,1,9.257220624173717,0,0,2
5.33358672922879,2.270569737949632,6,0,0,0,1,60.17377251603955,2,1,0,0.051162435411814484,2.512890453810721,1.8601284119305348,11.822713564447778,0,0.970226623181511,1.140235485316388,1,0,0,1.2155444933621937,0,0,0,0,1.866919804805299,0.015142313050785453,0,21.660157708908184,4.375792405748473,0,1,0,0,2.7749933012055257,1.658093524373427,0,9.459431314969475,0,0,1
5.850668051431544,2.9316820950015647,0,0,3,0,2,56.39715761374332,1,0,0,-0.53351423089853,2.087540847458694,1.4443220712158187,10.406730032382018,0,1.0761900170875713,1.1616987565329648,0,0,0,1.1513304273602842,0,0,0,0,1.913034424784116,0.03290743372984697,0,22.243812447603037,5.489286701227195,0,1,0,0,2.7749933012055257,1.528,0,8.77150659463542,0,0,1
5.180769151432828,2.839543256897651,0,0,2,0,0,24.945607794592114,0,0,0,0.08671026816659214,2.213175412393893,1.9051516763686294,11.359585725118645,0,1.0052487728613217,1.1531955407566057,0,0,0,1.263123867006489,1,0,0,0,2.1421860461111115,-0.02451327107208724,0,20.008988065548376,3.4948564699216362,0,10,0,2,2.267,1.9268055534710926,0,7.894550259446067,0,0,1
5.72094343873816,3.643554352329479,0,0,11,0,1,43.0049223194708,0,0,0,0.038598409699832,2.070015564440945,2.2066508526782345,12.201873119608573,0,1.054958319150822,1.150941453397714,0,0,0,1.1281839442766088,0,0,0,0,1.7044309066349537,0.00901847271653814,0,22.100446943873827,4.910785761202282,6,10,0,6,2.267,1.528,0,12.11793812159679,0,0,2
5.224504643589389,4.3646221836275885,0,0,0,0,1,53.08312676759672,1,1,0,0.3680309705292599,2.0069659718722415,0.9723467526141767,11.33620827815017,0,0.9823942514112585,1.1570437020664284,0,0,0,1.1372556826101103,1,0,0,0,1.7393246134940485,-0.02088752901282931,0,19.813502000052136,3.918040531310039,0,0,0,1,2.267,2.0439400130134953,1,7.655335290680841,0,0,1
5.284894542352585,3.5917539152001425,0,0,8,0,4,52.6263466413056,1,0,8,0.022597874765103602,2.591587327962025,2.320154302794134,11.011550526590547,0,1.0262626126741163,1.1278631555849736,0,0,0,1.2008469881444346,1,1,0,0,1.8320804639486252,-0.134867417721163,0,13.769447507891316,6.241205805346684,0,1,0,1,2.7749933012055257,2.3206308767498225,0,7.202338224835682,0,0,1
5.519441768585236,2.140530799162357,0,0,2,0,0,38.008831449463926,1,1,0,2.6536695418524543,2.4575071707300795,2.5761774702132247,11.330601660869009,0,0.9954076636965583,1.140945930111435,0,2,0,1.2507279847043462,2,0,0,0,1.686046157333311,-0.0044825474390724415,0,15.098804429980891,4.085562416261427,0,10,0,1,2.7749933012055257,1.528,0,8.103342936880107,0,0,1
5.686154649912973,2.9682804769273203,5,0,0,0,1,47.17921426799421,2,0,11,0.6926099038592863,3.101334637377225,2.822955888007101,10.785018390970201,0,0.9754780841820495,1.118392959812303,0,0,2,1.1133025706541064,0,0,1,0,1.7959835827099715,0.3889389293690244,0,11.476792425424133,4.673264214085682,0,6,0,7,2.267,1.658770453077298,3,8.98906124796122,0,0,1
5.649359025039842,3.3207665060906333,8,0,16,0,1,55.61356666315517,4,0,0,0.02200539674646873,1.544,2.277391472151703,11.246403548658805,0,0.9820623517520958,1.1671213426879001,0,0,0,1.1124273225530537,0,0,0,0,2.1848332526163157,0.21017574495308333,0,17.26291415811271,4.6809711263138425,0,4,0,1,2.7749933012055257,1.528,1,10.16481359901411,0,0,2
5.500259725590691,4.08831987780319,7,0,1,0,2,48.70489118615869,1,1,0,0.48592254168332605,3.024701000049861,1.1028575494473312,9.741328993743414,0,1.0502518877489648,1.145964889704098,0,0,0,1.1898138342746885,0,0,0,0,2.1022950651270773,0.005564700953323284,0,25.09949617759208,1.9873081837956508,1,0,0,2,2.267,1.968198714364178,1,10.241222936082366,2,0,1
4.467343886352879,3.7603076292624076,0,0,0,2,3,55.42361880895207,6,1,0,0.18870871970819364,2.478641620913333,1.1437870426496533,11.002012875502707,0,0.9810259782693543,1.1559889534284333,0,0,0,1.294385492600764,1,0,0,0,2.354987046144891,0.03986555933428534,0,11.381480964671645,4.230062128038419,5,9,0,0,3.202468180198374,2.450009793569072,2,6.7506375264196326,0,0,1
5.743836262719379,8.313852073354386,0,0,3,13,6,41.26381986677989,2,1,0,0.007911874208961486,1.544,1.417624147269862,12.066120747548977,0,0.9840132930137477,1.166558471205905,0,3,0,1.299667873569379,2,0,0,0,1.5782270181143232,0.016623109104619,0,19.803830385838424,2.249185997470515,0,1,0,1,2.267,1.5619966296529475,0,8.911085177093325,0,0,2
5.3595394674302295,4.216158061206426,0,0,3,0,2,39.79199587692181,0,0,0,-0.2622857909110319,1.8804447571291902,0.883687776939769,12.114561156808078,0,0.9973659585185469,1.1393143200992024,0,0,0,1.2979640428474741,1,0,0,0,2.0064755270003074,0.0008745800015484261,0,16.718889300504053,4.868559196480984,0,0,0,1,2.7749933012055257,1.8006783050822603,0,9.74378246499277,0,0,2
5.10363887871023,5.1578808194848715,6,0,3,0,1,37.59318772424439,3,1,0,-0.5926381817451287,2.2167446747607684,1.7259422972510583,10.858842424417357,0,0.9669117003247563,1.1420814010489413,0,0,0,1.1802639749246313,0,0,0,0,2.0070576168542327,-0.255921080407236,0,23.901935574796465,4.3277888165962946,0,1,0,1,2.7749933012055257,1.838677949568778,0,12.131028062013442,0,0,1
5.565920306052874,3.74392493872094,1,0,8,0,1,27.06962489575921,4,1,0,0.18488667319713303,2.044545096046215,1.7785262148732235,12.094568224606483,0,0.9781389747226064,1.148767289722765,0,0,0,1.1578868680054615,1,0,0,0,2.0685672473386596,-0.019393465280841245,0,9.75908315879011,2.725631506479413,0,1,0,1,2.7749933012055257,2.5582587984737195,0,8.227310379712668,0,0,1
4.726558210809863,1.8572256400924843,0,0,0,0,1,55.9156301653062,4,0,0,4.722,2.224816864304715,2.6949705596047275,11.463364855152863,0,0.958761643688421,1.2141970031172218,0,1,0,1.1795169577602833,1,0,0,0,1.8825556245774542,0.416107600170499,0,33.23063183839442,5.245071805009939,0,0,0,0,2.267,1.528,1,9.007125018177087,0,0,1
5.03546038529957,3.4795545367639744,0,0,4,0,3,48.73942358608698,1,0,0,0.028964270780072136,1.6012151376442239,3.0694201605368328,12.519,0,1.2292560975193876,1.1871247525932205,0,0,0,1.2970882258951555,1,0,0,0,1.918384254244164,0.42544715463047456,0,16.222769462217258,3.586811994857142,1,2,0,1,2.7749933012055257,1.528,0,10.72770338375665,0,0,1
5.494038109253666,2.99943208673153,4,0,2,0,2,35.24555236608221,5,0,6,0.0018264687882291182,2.8697766930950332,1.7075933315914036,12.339304260325681,0,0.9911446917970568,1.1053879480764566,1,0,0,1.355412650781229,0,0,0,0,2.1194425667528445,-0.029946930755777108,0,22.729983991026927,1.9065541547991611,0,0,0,7,2.267,2.4292481831290447,0,6.655693671214453,2,0,1
5.19363921607064,3.5708073010149266,5,1,0,1,2,40.829486494470245,0,2,3,1.5416875911021464,2.947169643959577,0.8193822420266139,10.814830721452433,0,0.974981322001899,1.1327871648527816,0,0,3,1.2234350550573485,5,0,0,0,1.8308133694054611,7.591098331431604e-05,0,0.20305016573924034,3.118103743890531,0,3,0,1,2.7749933012055257,2.633079006463556,0,6.431194764001093,0,0,1
4.735203427912927,2.3392200145576627,0,0,3,0,1,31.94238669836244,0,0,11,0.14247530059335092,1.544,2.463066895116708,11.201964020506496,0,0.957,1.3019640084805004,0,0,0,1.1625255033768802,2,0,0,0,1.67187316475286,-0.015143514393942245,0,22.26476825208857,2.450432791780278,0,0,0,2,2.7749933012055257,1.7008507398116401,4,7.811526272818786,0,0,2
5.303134950553483,2.753815064917861,0,0,0,0,2,48.176321550433634,4,0,0,0.019732167573135995,1.790675143627888,2.3768913748325273,12.114561156808078,0,0.9758285374485799,1.1644308079672951,0,0,0,1.2460243209558073,2,0,0,0,1.9800563087147938,-0.0008772615228841976,0,25.304104956493923,5.074380190961697,0,1,0,1,2.7749933012055257,1.528,2,9.281336523539148,0,0,1
5.3445325435869355,2.0044575045912136,0,1,3,0,2,50.65055002497808,0,4,1,0.07432136844575768,2.573473627938194,2.418557598638485,10.101175779204278,1,1.0169869219967875,1.1845915989402405,0,1,0,1.1130845027941618,0,0,0,0,2.313678195890484,-0.0018168226391413194,0,25.670112495442932,5.704543509521112,0,5,1,1,2.267,2.555861820564836,1,10.752004264043013,0,0,1
5.688860406333327,2.0133478210372453,0,0,0,0,1,49.28196637694538,0,0,0,0.1634217936526243,1.7877499210518413,3.0694201605368328,12.114561156808078,0,0.957,1.2000868717417514,0,0,0,1.1555654665150241,1,0,0,0,1.3132931810993589,0.035504786090952964,0,20.251962198679458,6.260677143980367,0,3,0,1,2.7749933012055257,1.528,0,10.160545997459979,0,0,2
4.627984193375965,1.5926770217619122,0,0,0,0,1,41.35770029142635,3,1,0,0.11648948061825291,1.7877499210518413,4.437,12.519,0,0.9766223203893998,1.188488872662111,0,0,0,1.1356099709365264,1,0,0,0,2.0710138680143886,0.03146299149717871,0,24.230523440802852,6.260677143980367,0,1,0,5,2.7749933012055257,1.528,1,8.34908787484413,0,0,1
5.640478241816828,3.3915500353492396,0,0,0,0,2,34.92511745787283,6,0,0,0.0033540880758785112,2.3701622252086367,2.246780032770187,11.162239203985132,0,1.1146392123166913,1.1470973359969936,0,0,0,1.2831551766995926,0,0,0,0,1.3132931810993589,0.03226152697443656,0,14.388154183852084,13.845408502169118,0,1,0,0,2.267,2.0133833195079314,0,7.5289461659681916,0,0,2
5.161668726973738,2.6246045274993812,4,0,7,1,1,60.7,0,2,1,0.6157358329485816,2.636088501944184,4.437,11.244672967979618,0,0.957,1.1243624792089213,0,0,0,1.3756276163843573,2,0,0,0,2.24606862678445,0.7268116169614989,0,23.159662957104207,5.081493479733041,0,5,0,1,2.267,1.528,0,11.027463388094306,0,0,2
5.7995921614380705,3.6200533477664054,0,0,0,2,1,54.175434665576944,1,1,0,0.0006271732091329696,1.544,2.5185441379983224,11.542829155135937,0,0.9846836934246661,1.1489016977395645,0,0,0,1.1491821639213051,0,0,0,0,1.4663638274757025,0.009278111527270129,0,22.921788057457785,7.356106689477176,0,1,0,0,2.267,1.570568002288924,0,12.277301745514105,0,0,2
5.350282279687779,4.218620239011928,0,0,0,0,2,41.07565104731075,4,1,0,-0.1138833211584378,1.544,1.8718859851502998,12.114561156808078,0,1.0011239662908524,1.1530609553951894,0,2,0,1.2331971651071976,0,0,0,0,2.184888297241463,-0.01550768559973646,0,24.79733728153711,4.130022611551523,0,1,0,1,2.7749933012055257,1.528,0,7.250156873242366,0,0,2
5.573991671658947,3.608517889851589,3,0,0,2,2,28.19501610452424,1,0,0,0.11663099250180697,1.544,2.000562710558968,12.519,0,0.9797809996181395,1.1537130029799691,0,0,0,1.1183495471234859,1,0,0,0,1.8950027653384252,0.26176572342276755,0,16.470533056702305,6.260677143980367,0,5,0,4,2.7749933012055257,1.528,0,14.223,0,0,2
5.932646399765623,2.497362080942991,0,0,0,0,0,59.21967429205873,0,0,27,0.13907011672824932,1.7877499210518413,2.667720541476145,12.114561156808078,0,1.061772631701171,1.1484711516969677,0,3,0,1.0528043584810338,1,0,0,0,1.4504756227486386,0.16297187290002996,0,21.93796337683441,6.260677143980367,0,1,0,4,2.7749933012055257,1.528,4,7.590491223833583,0,0,1
5.579157728161231,2.6926199562970403,2,0,14,0,1,43.604588406131384,2,0,0,0.0705660668716904,1.9437551586165696,2.0030681341011976,12.114561156808078,0,0.957,1.2026570312619744,0,0,0,1.1487852751210017,0,0,0,0,2.3442866109544402,0.026424402482881595,0,0.18678254155395396,6.260677143980367,0,1,0,0,3.2297049891074026,1.528,6,8.6227856303756,0,0,2
5.613970864689362,3.4802447262112617,2,0,0,0,2,50.06327501819572,2,1,4,0.09837185198009085,2.221280573427363,1.0756860848431198,11.782013241891462,0,1.0005915869099127,1.1853670200186843,0,0,0,1.1511821086878382,0,0,0,0,2.1533421378857267,-0.0031515250563120055,0,23.60696927124141,5.138942245954134,0,1,0,0,2.823557391569692,1.788776514612231,0,8.583109664628276,0,1,2
5.44858406717124,2.279816581641104,10,0,3,4,4,38.48203914439287,1,1,13,1.0741766708840994,2.1989965253356214,2.7560211848341485,11.746902006081717,0,0.962522638373409,1.185721216754346,0,0,0,1.1634966245794853,0,0,0,0,2.2734761370412775,0.04460111349094473,0,24.028606196480922,3.182017366851326,0,1,0,1,2.7749933012055257,1.8475643565314366,1,9.572367287111188,0,0,1
5.895217208435083,3.241901345695835,7,0,6,0,10,50.96790698785877,8,1,0,-0.021441888617890575,1.961299398144564,2.012717123298916,11.364181800127266,0,1.0014411362601734,1.1482141834905428,0,0,0,1.1800021811476422,1,0,0,0,1.444756306113488,-0.003068466246253097,0,20.128859154165482,4.648624355835199,0,3,0,1,2.7749933012055257,1.7259612938546578,0,10.160545997459979,0,0,2
5.466745866138009,3.8539902346207158,2,0,0,7,2,25.709133511202843,1,0,0,0.01244430557010215,1.569732805937007,0.941240176382045,11.198393093659073,0,1.002973397562357,1.1396722179153596,0,0,0,1.3855653364643188,0,0,0,0,1.8729918029148056,-0.01706320620876144,0,19.38116160200671,3.3862024313042394,0,1,0,1,2.267,2.117062463245708,0,7.817150719814806,0,0,1
6.183701569972539,4.160216701373138,0,0,0,0,1,47.495747261054866,3,0,0,0.05119734647771327,2.0805689443177964,1.5442881421841013,10.90634544322443,0,0.9863058267113647,1.1402923180534414,0,0,0,1.1264822849873057,0,0,0,0,2.1517995616650074,0.07800634358732388,0,13.383898908914324,2.46070906172958,0,0,0,1,2.7749933012055257,1.528,1,9.139722388376853,0,0,1
5.943209801448068,1.9121307814363042,0,0,4,0,1,58.415537735509616,1,0,13,0.06427523317339318,1.544,2.8704286730608715,12.004055223834484,0,0.9864995491671444,1.1688903878465524,0,0,0,1.182433473078426,1,0,0,0,1.909293253322977,0.02947185601240648,0,18.435378780055114,6.260677143980367,0,1,0,1,2.7749933012055257,1.528,1,8.283637350198116,0,0,1
5.652384904128325,3.3711012148752277,0,0,6,1,2,37.9518692411318,5,2,0,-0.06119363014353486,2.3293282914256737,2.0984839549089456,12.519,0,1.005857810421519,1.1832707666513336,0,0,0,1.2044623229209281,2,0,0,0,1.8586755611554007,0.015145586880356663,0,10.730578743505603,3.4704668936763405,0,0,0,1,3.0899354023015784,1.8992160349571758,1,7.436355903397042,0,0,1
5.637201426316125,2.41487805533672,0,0,0,0,2,58.79021114455483,4,0,0,0.07617748972493155,1.8786774294770887,2.337688309105992,11.479930099738972,0,0.9677697629806524,1.1840156675918083,0,0,0,1.2145657920982722,0,0,0,0,2.0586093923694535,-0.01554359289796455,0,29.51244819272527,4.706710778022267,0,1,0,0,2.7749933012055257,1.5617419606400131,0,8.168275788946698,0,0,1
5.818965433760363,3.0375445054531194,0,0,3,0,2,58.158959339752585,1,1,0,0.009242050667620383,2.447810543907042,1.5561240528748608,11.471498856393126,0,0.9914060334265685,1.1623771076002447,0,0,0,1.259999219901042,0,0,0,0,2.1454312654996768,0.0007216070893857113,0,21.530993936637234,2.06808463039374,0,1,0,4,2.7749933012055257,2.0593779904153866,5,8.226379232960095,0,0,1
5.458284683757801,3.0099257888133932,0,0,0,0,1,50.04600226669906,1,3,0,-0.09111722914868647,1.9936122440363457,1.2332367392317685,10.88669263764194,2,0.9837654974573956,1.1733964300648856,0,0,0,1.3960121579824354,0,0,0,0,2.226167503671702,0.01081780593675487,0,22.268359251869683,2.6960842737530903,0,5,0,1,2.267,1.897247631091873,5,8.502611555898387,0,0,1
5.111537481822417,3.3345793165279103,0,0,2,0,0,48.265069353123835,0,0,0,0.054788181532064724,1.9228592314101978,2.1548512679126026,11.848286994667816,0,0.9801665304307562,1.1399117511898502,1,0,0,1.1742502492238935,1,0,0,0,2.28878613162727,0.007826698965324157,0,0.9410525466677345,2.105598196117878,0,0,0,7,2.267,1.528,0,8.069124406953895,0,0,2
6.29473532015319,3.9042570214004835,0,0,0,0,1,53.24909674075007,0,1,0,-1.4084439704066383,2.7886682063130115,1.2307538060002121,10.575763763226574,0,0.9720341808634171,1.142705215822521,0,1,0,1.2854403807333314,0,0,0,0,2.2802438515202637,0.3348429915576497,0,24.849036088948427,2.5648436644902595,0,6,0,1,2.7749933012055257,1.528,0,10.892112389058825,0,0,1
4.858770766928943,1.2120567768911017,3,0,3,0,1,52.647939764520586,5,0,22,0.5946012891785473,1.544,2.7525612345465156,10.880398627724581,0,0.9789533718747686,1.1643200748920794,0,0,0,1.1882115413852212,0,0,0,0,1.651979440040202,-0.16715269600179494,0,13.044508361867468,4.167516191173702,1,2,0,6,2.7749933012055257,1.5511556729064695,6,8.627725828897907,0,0,2
5.866384168846301,2.4880585353733204,0,1,9,0,1,49.95632270581612,3,0,0,0.03378653875400439,1.544,4.437,11.537204002741325,0,0.9767296648013857,1.1753305888642125,0,0,0,1.2502052554150387,1,0,0,0,1.8515233828990443,-0.003976667189791096,0,0.0,3.976333050102478,0,1,0,2,2.7749933012055257,1.528,5,8.775321535508494,0,0,1
5.497080119012901,2.894026329192661,0,0,0,0,2,52.58789278519422,1,0,0,0.03494796339012505,1.7877499210518413,2.497215684652238,12.519,0,0.975335912430446,1.1887342950204296,0,0,0,1.2995855240017882,1,0,0,0,1.7219200637784922,0.015483537211007559,0,22.88377653564325,4.3044382342910845,0,1,0,0,2.7749933012055257,1.528,0,10.23306675259807,0,0,2
6.105293866536503,2.987577788966919,0,0,7,4,1,56.648860213414515,2,1,0,1.752071683428034,1.7877499210518413,1.7312879139690975,10.417638178244434,0,0.9856402148553539,1.1747501772088833,0,3,0,1.1419305839847655,0,0,0,0,2.330851565843694,0.8361120916910089,0,18.078055426636563,4.628220791903432,0,1,0,0,2.267,1.528,4,9.884079400787924,0,0,2
5.3014073869322855,4.018558795407297,0,0,2,0,1,47.90320490276947,0,0,0,0.1554802341473021,1.9857500439116285,3.0639408984189034,12.114561156808078,0,0.957,1.188610592066915,0,0,0,1.125969141867738,0,0,0,0,1.849113924402293,-0.0026367733135050993,0,22.847130892804966,5.992061714354076,0,1,0,1,2.7749933012055257,1.7339291417567382,0,8.281103798739265,0,0,1
4.34735825359635,4.230499761159227,4,0,0,0,2,53.67982578992509,2,0,0,0.07193885298816208,2.180365802466522,3.1564988067616566,11.280275546290994,0,0.962402603084635,1.196299997116912,0,0,0,1.4740628759730372,1,0,0,0,2.128239728173792,0.043655678279772694,0,14.841926330850505,9.944009519211427,0,2,0,1,2.267,1.587403927931942,0,8.197970472603302,0,0,2
6.157853316761408,2.88744857650395,0,0,0,0,1,51.49801240045767,0,0,0,0.023856479724086742,2.3302823463905287,2.431923957341976,12.519,0,0.994556171003368,1.1555498888216391,0,0,3,1.2703774487253214,1,0,0,0,2.2039779990665163,0.021410121249969744,0,9.713066084807883,4.601566854067322,0,6,0,1,2.267,1.996446137601302,0,9.132694541866957,0,0,1
5.485267722376861,3.8168905680281893,0,0,1,0,2,26.061783507947432,1,0,2,-0.04086979303389925,2.714822118984282,1.1138262674020931,10.702704742120252,0,1.1154299195975546,1.1587870086886434,0,0,0,1.1582956646297962,3,0,0,0,1.4525191705881557,-0.0008846374669558518,0,22.55833857994356,4.936558437292576,0,0,0,1,2.267,3.1030482103635477,3,7.935370288712447,0,0,2
6.023316903262288,2.918427314217353,0,0,6,0,2,53.34989279641155,3,2,0,-0.05250438790799161,1.544,2.2917549132222086,12.114561156808078,0,0.9757996216745527,1.1594598157598692,0,0,0,1.2116677948660246,1,0,0,0,2.259924664479525,0.021594987793687962,0,19.90298676393838,3.442785530626509,2,0,0,1,2.7749933012055257,2.1521431687986756,0,7.804260073466565,0,0,1
5.825724588428173,2.3325696641668157,0,0,0,0,1,51.66504828309292,1,0,0,2.3062821300933334,1.544,2.142050186917329,12.114561156808078,0,0.9630201273967794,1.2039313732008783,0,0,0,1.0235147377402427,0,1,0,0,2.0854698144965296,0.1919928930712622,0,1.455500748744121,5.937903562775817,0,8,0,1,3.5021733823532832,1.528,0,9.82487366510307,0,0,2
6.088129010888485,3.797130306156687,7,3,1,0,3,45.53838884106327,1,2,0,0.010388545024902773,2.608594017559864,1.2761086816741112,10.823983779342381,0,1.0343646093530698,1.1766176228038623,0,0,0,1.2500552498417945,0,0,0,0,1.0,0.029349958274406465,0,3.074621891549622,3.155791573817818,0,1,0,0,2.7749933012055257,1.7288535369504539,3,8.341518633817717,0,0,1
4.797013218742104,4.614359487314939,0,0,2,0,0,19.823917877837378,2,0,0,-0.03325066346648511,3.0128574631849347,0.8012280134301858,9.539604189568458,3,1.0025125086860358,1.377,0,0,0,1.6086506235596136,2,0,0,0,2.3708168817711877,-0.021290532594873676,0,50.37119313715519,1.5965691838236742,0,8,0,0,2.6634632151474467,3.0080421938447732,0,6.752592440730355,1,0,2
3.4972482622443053,2.045190419390827,2,0,3,0,2,40.50123334888394,8,0,0,0.9589013149630395,1.544,2.1767869349075184,12.377069105498162,0,0.9772454045390561,1.377,0,0,3,1.2306538482235483,2,0,1,0,1.3132931810993589,-0.034397053925856576,0,0.0,2.232211563024873,0,6,0,3,2.267,2.1996088352366,0,8.513295774153898,0,0,1
5.364908768358202,1.9506618228359407,0,2,8,4,3,52.61090540712037,4,0,0,-0.03198118847107439,1.544,1.416754947010029,12.519,0,0.9850923167767748,1.1761733575944129,0,0,0,1.1563925509506785,1,0,0,0,1.924387025870506,-0.005250147078870462,0,7.215358903918864,3.873747190690068,0,1,0,1,2.847134657972892,1.528,0,9.874470887081648,0,0,2
5.224947207924797,2.5032791773969705,0,0,0,0,3,33.684210928140146,1,0,0,0.14962754042936782,1.544,2.497017893068133,12.114561156808078,0,0.9666098805028425,1.2014721207117371,0,0,0,1.1821309826416384,0,0,0,0,2.053569986367221,0.01683237817725318,0,13.927099910403612,4.488099053120462,0,6,0,1,2.267,1.6329246498134173,0,7.774428077846448,0,0,2
5.575478829192823,4.079743401133505,1,0,0,0,2,48.92451238700955,1,0,6,-0.013752060327448136,2.199485065738764,1.7695421393208,10.634730097390737,0,1.087016462372891,1.1080245745518142,0,0,0,1.179078828774204,0,0,0,0,2.02093329418928,-0.006091128177214706,0,14.647824874738419,2.329556347546684,0,1,0,1,2.7749933012055257,1.7894560086792435,0,7.600846314907467,3,0,1
6.005106458955627,3.3110536490422495,0,0,4,0,2,58.026830943821416,1,0,0,0.13932015808274956,2.4762614010732706,3.006727482345439,11.995587786264878,0,1.0723585390238795,1.1689230013370404,0,0,0,1.2534125379658778,0,0,0,0,1.8702735017289607,0.004841623077403096,0,14.623159649043467,2.5855310718035205,0,1,0,2,2.267,1.528,0,7.878523945440479,0,0,1
5.365541239533687,3.4902666673960296,0,0,2,0,9,31.773267263008748,0,1,0,-0.061274871611747925,2.6611904657335144,1.0006720987396136,9.677394730294836,0,1.0637994521810425,1.1374611474138112,0,1,0,1.278972642900884,1,0,0,0,1.411601792222248,-0.04173654574239697,0,21.612125631113514,3.7438403824694655,0,1,0,0,2.950371939209353,2.1232753826725577,0,8.838771962062017,1,0,1
5.90003489573573,4.795485601710336,0,0,0,0,0,33.74579447085507,5,1,9,0.019464083845272095,3.3416233323177575,1.9205351223515936,10.262563569932338,0,0.9872704271260432,1.169040615835231,0,0,0,1.2187197966613488,0,1,0,0,1.4955553300158946,0.0021918508259793088,0,0.0,4.524459509121516,0,5,0,2,2.7749933012055257,3.2261145220664877,0,7.926712065041439,0,1,1
6.1301908785213195,3.000231559527293,8,0,0,0,1,54.86282364069138,0,0,0,0.0721134022143228,1.7877499210518413,1.9321412326761462,11.173543393412366,0,0.9985006584740592,1.1487864316455705,0,0,0,1.1702044616164116,0,0,0,0,2.1020402790826793,0.01767160745423204,0,16.724103717992865,6.0021700291651,0,1,0,4,2.267,1.9462618966768428,0,8.910102781241163,0,0,2
5.68406700082419,3.4428551813398753,10,0,5,0,0,45.35532467984265,1,0,0,0.033016398809277266,2.0154212699353353,2.989884725667089,11.648989257063644,0,1.0688439836825536,1.1147504425761543,0,1,0,1.187139952782154,0,0,0,0,2.150971157475058,-0.008044873161722508,0,20.52997476157075,2.9952207988735697,0,3,0,1,3.035972291801123,2.268616287253762,3,8.32154993138993,0,0,2
4.882001336323415,1.6907377417555303,3,0,4,0,6,58.47862620575779,1,0,27,0.7307869026653199,1.544,1.9179460882921529,11.076048396767126,0,1.0269721708187052,1.377,0,2,0,1.10602972101658,0,0,0,0,1.411117650996529,-0.0032461828792375133,0,17.590437592647802,3.8553332438388406,0,4,0,0,2.7749933012055257,2.0093173740480346,1,8.523624301728102,0,0,1
4.070093714381683,2.8771798155231623,7,0,0,0,1,48.1499967648481,1,6,3,0.15911648259797032,2.7648848515439646,3.1223441845912148,11.69880577475512,2,0.9817524148120794,1.1717180091829769,0,0,0,1.1338116666041689,2,0,0,0,2.340397888141393,0.23984149272050564,0,25.597782063682853,4.090844119928764,0,0,0,2,2.267,1.8233950375986863,0,7.619397376554953,0,17,2
4.891829438636592,2.1796942850983663,0,0,3,0,3,46.00656364326119,0,1,3,0.1357807619206,2.612455151437538,1.3463800773448193,11.564704156373166,0,0.9912198105471712,1.1710904575448813,0,0,0,1.2592168685948568,0,0,0,0,1.5775634570041457,-0.19409718469596982,0,18.487828724849997,11.887343807266252,4,1,0,3,2.267,1.8790736916133666,0,8.82662118000321,0,5,1
6.20405805045879,2.726786369831195,0,0,0,0,1,59.797416091086525,4,0,0,0.15516270213428637,1.9441109866415376,1.5616471877908404,11.881815975146726,0,0.9662630001691221,1.1743803063719087,0,0,0,1.2090476445679808,1,0,0,0,1.3726110832980485,0.0019821642090409835,0,16.255195800519893,2.869022814705404,0,0,0,1,2.7749933012055257,1.559564762374239,0,8.075388536628994,0,0,2
5.112561210736938,1.6380351880393595,1,0,3,0,1,41.893370645004666,0,0,0,0.05207549405839806,1.544,2.6383115927086727,12.519,0,0.9663515102210696,1.1703834331288177,0,0,3,1.0940388859528394,0,0,0,0,1.8120390237953528,0.03975331374898665,0,24.97540614884073,6.260677143980367,0,1,0,0,2.267,1.528,2,9.050026890725443,0,0,1
5.570187870635834,4.656691202878512,2,0,4,0,2,32.25493462280785,5,0,0,-1.2921770894372542,2.032237593687278,1.3041142056653292,11.54748377962417,0,1.0191125445882667,1.0456347636850054,0,0,0,1.1897383908514227,2,0,0,0,1.8320804639486252,-0.16666651710382746,0,11.220775610582436,5.181277464968867,0,0,0,3,2.7749933012055257,2.0987834539619454,0,6.918042548304162,0,0,1
5.274835503631416,1.6864851432540542,0,1,0,0,1,56.016169983251615,3,0,12,0.2032971765022157,1.544,4.005665188592816,12.519,0,0.973975677998241,1.1620205590716357,0,0,0,1.2026479715830125,1,0,0,0,1.7204968022950715,-0.002270904715778029,0,0.0,6.062017955572756,0,1,0,1,2.267,1.528,6,14.223,0,0,2
6.496,2.748989013317943,0,0,0,0,0,48.7592128540167,1,0,0,0.01329272381477418,1.8777107795195889,4.367278802437137,10.001909775039618,0,0.9875694074992438,1.2795020199403473,0,0,0,1.0991638343055379,1,0,0,0,2.0111236304344624,-0.8702386067671748,0,21.7018238614868,4.456281284314358,0,0,0,1,2.267,1.528,0,7.049601901591075,0,0,1
6.066934695432263,3.47305160726067,0,0,0,0,2,47.83365310566277,8,0,4,0.059131588086529734,1.7877499210518413,2.6930438608569243,12.06520851560078,0,0.978560217741886,1.2022080324801752,0,0,0,1.2285502602341347,0,0,1,0,1.9848164832134603,0.03370935683356112,0,19.168283952550876,4.61119346138231,0,1,0,1,2.7749933012055257,1.528,2,8.69321100538377,0,0,2
5.620334329202379,2.2955804311521564,7,0,3,0,3,51.91002100297709,1,0,3,-0.036011289570764014,2.3205327857176465,2.7575058128040206,11.089074946290044,0,0.9640282244752009,1.1784688927624332,0,0,0,1.1864309835518465,0,0,0,0,2.189646883914404,0.012794446057283387,0,29.04628229887671,5.878353999854773,0,1,0,2,2.267,2.5746371762981544,4,12.27113136247665,0,0,1
5.192318699719698,4.111840172729294,10,2,0,0,1,43.685572406441004,8,1,0,-0.2614924600900034,3.1314399385266487,0.35173391683640287,10.369873719770405,0,1.0140207034668651,1.1506672988902942,0,2,0,1.2231370409593387,0,1,0,3,1.8391291039530444,-0.003996860509258352,0,11.743424991220387,1.751504597167561,6,6,1,5,5.389994569243081,2.276493620810513,0,7.1611108340454726,0,0,1
5.548585396107415,3.961308779563601,0,0,0,0,3,53.23378216952676,1,0,0,0.09234985179921386,2.0768299332352087,1.791381736366974,12.114561156808078,0,0.9745539460057059,1.1463370810858116,0,0,0,1.1126551033306002,1,0,0,0,1.9821903182617073,0.023836571240657883,0,14.961596027560422,3.073253705633001,0,0,0,1,2.267,2.4007656274376643,0,9.661134953448904,0,0,2
5.3896037182294965,3.253853807399368,0,0,2,0,0,43.35951482639596,1,1,0,0.06387196763892983,2.2915921366419627,1.216087847878926,11.886260649480796,0,0.9723703237207748,1.1498847076560061,0,0,0,1.210480269655951,0,0,0,0,1.868091504560124,-0.005562562949999341,0,17.85349832727548,2.6274204883027985,0,1,0,2,2.7749933012055257,1.964779727971297,2,8.096076413678915,0,0,1
5.898916706973177,2.253013020728428,1,0,6,0,5,39.69058280684814,5,0,5,0.03762654848954182,1.544,2.312022118739563,11.761937867291305,0,0.9926903661894129,1.1543726888167696,0,0,0,1.0699454340625834,0,1,0,0,1.8320804639486252,-0.5642433436315915,0,0.0,10.158420990689116,0,1,0,1,2.7749933012055257,1.7483039335346215,2,8.139569654272696,0,0,1
6.496,2.05849932933194,5,0,0,0,0,60.67707580265396,0,1,0,0.12849457833419592,1.7877499210518413,3.0694201605368328,12.114561156808078,0,0.9737327247931329,1.1642318837861487,0,0,0,1.0926170403879087,1,0,0,0,1.9859973456769326,0.01581962988528538,0,25.264806959825524,6.099512860247294,0,1,0,1,2.7749933012055257,1.528,2,9.723739639454083,0,0,2
5.755952386141475,3.8073454938357245,0,0,3,0,2,36.2835866236108,2,0,0,-0.027134339322682808,1.8330102294597146,1.4456204307021085,11.213678174572786,0,0.9943599351983158,1.1477667486696577,0,0,0,1.3211177030990369,0,0,0,0,1.928863057191363,0.006272355644765672,0,10.385401308674103,5.412685628209619,0,1,0,1,2.776366330510249,1.724579520510313,0,9.02811318418495,0,0,2
5.829447527330916,2.7676920385968753,0,0,0,0,2,59.982734195647055,0,0,0,-0.0702383427112594,1.809632843298433,2.1076651597562837,11.131151086256253,0,0.9809064416424619,1.2079725487107238,0,0,0,1.3515209031640645,2,0,1,0,2.337402776004088,0.023900354471959075,0,27.678531230956626,5.694773986367659,0,0,0,1,3.1672928603697077,1.528,3,10.354857918302496,0,0,2
5.67079999305215,1.7147616078889774,0,0,3,0,1,56.17772640733534,3,0,0,0.2032971765022157,1.7877499210518413,3.0694201605368328,12.114561156808078,0,0.9769969021019198,1.2079725487107238,0,0,0,1.255735550023315,0,0,0,0,1.8777893230745333,0.03729218011434981,0,0.773280656125535,6.260677143980367,0,1,0,1,2.7749933012055257,1.528,1,8.583887608188247,0,1,2
5.1333990961351645,2.8482136898424177,0,0,2,0,2,36.86472431748992,1,1,0,0.1310122789256538,2.6612973581541444,2.0333945166442366,11.088643631790239,0,0.9632625802285975,1.1265702816983805,0,0,0,1.220200309307636,1,0,0,0,2.042215239951851,-0.15053564551207252,0,14.20788825571043,3.8862621063662868,0,0,0,1,2.267,1.528,0,8.1687277201851,0,0,1
5.8462768090248955,1.3527370293020613,0,0,7,0,1,60.7,0,2,0,0.07415510144274813,1.963616741145071,2.391250178223082,11.075522634268392,0,0.957,1.1832157055597452,0,0,0,1.015546363017898,0,0,0,0,2.3970429287074517,0.680214748298644,0,11.078785922753104,5.133057178792445,0,0,0,3,2.9551350457611356,1.528,0,8.509458937569445,0,0,1
5.467280065551223,2.9769931733468247,0,0,2,0,4,26.32028196188059,1,1,4,0.009449350379727406,1.544,0.5087786347352956,9.179113543955587,0,0.9835480071381323,1.1527891730751934,0,0,0,1.2277569775944517,0,0,0,0,1.7878988402672356,0.023463459496594997,0,13.542512222113466,4.443203731021103,0,1,0,1,2.9089479565197465,1.528,0,8.777455158834082,0,0,1
5.603426925949863,3.8107496271218784,0,0,0,3,3,29.79375144033226,1,0,0,0.08446563921263033,1.727456516859362,2.4426946521126354,11.85349863274359,0,1.0322711551769548,1.1598666036463614,0,0,0,1.4124485675196488,0,0,0,1,2.0838251375531653,-0.0297700973981056,0,21.00768060777772,2.4292471553044983,0,2,0,1,2.267,1.6608102436323122,1,8.921078508626545,0,0,1
4.837297180958717,2.2575357730520844,0,0,4,0,1,50.28360742429827,3,0,0,0.09111456157305124,1.544,3.0694201605368328,11.58235135497331,0,0.9715481281427306,1.2042638806498338,0,1,0,1.1480327862669721,1,0,0,0,2.077636611487962,0.03187783045694019,0,0.0,6.151258804969608,0,0,0,1,2.267,1.528,2,8.748492591392285,0,0,1
5.933341419756531,2.5948495312298587,0,0,0,0,1,60.7,1,1,0,0.11644631784586897,2.0087491100647785,1.2936979632379575,12.114561156808078,0,0.9695701825794101,1.1932573056885327,0,0,0,1.2465424337296713,0,0,0,0,2.2634477921835514,0.03108683976851399,0,24.846327383805647,6.204998851565061,0,1,0,3,2.7749933012055257,1.528,0,11.576244380299208,0,0,1
5.81985731949632,3.4370941209929207,0,0,0,0,0,60.7,4,0,0,0.10219610901264144,1.544,2.5852622456183365,12.519,0,0.9599657088152167,1.1850033573728898,0,0,0,1.1613870429625082,0,1,0,0,2.3004826945792978,0.026514473114188083,0,20.576735304943096,6.146840468842191,0,1,0,1,2.7749933012055257,1.528,3,9.216536449550484,0,0,2
5.39043134306267,2.326548584778198,0,0,3,0,1,48.604828174190615,1,2,25,0.16325396419631577,2.531723255815656,2.4106801740130255,12.519,0,0.9911597843446468,1.1511424006629951,0,0,0,1.2120605374953588,0,0,0,1,1.7621570890499048,0.03243108877975274,0,10.756882081913922,5.312577718635579,0,1,0,5,2.267,2.2164685701096603,1,8.975540261635972,0,0,2
4.972433276017134,3.5371989214062594,0,0,0,0,5,56.826526598631794,3,1,0,-0.7651677589014485,2.5363761938407174,1.3669215743540335,10.56484455141301,0,0.957,1.1696075447813306,0,0,0,1.2855984274209655,0,0,0,0,2.004130626515969,0.27064658850623763,0,21.01200565106909,2.5999720190898956,0,1,0,1,2.3920277336029105,1.7016303544140805,0,9.0044283283795,0,2,2
5.230044060132459,3.3806481310320775,0,0,1,4,5,52.10097415344691,1,1,3,-0.9133531562409185,3.1329322146665213,3.971167047216034,11.044957735980041,0,0.9830571231562243,1.1502558974648165,0,0,0,1.264420662539584,0,0,0,0,2.4640780798041906,0.08354686582970798,0,7.659550651132164,3.221900984184212,4,1,0,1,2.938117654052551,1.575120132671131,1,7.967596528972016,0,1,1
6.221099581212316,2.23675272740339,0,0,0,0,2,60.7,8,0,22,0.007441742844718885,2.3003030175003887,1.1338259884983275,11.667092323309824,0,0.957,1.175030417850487,0,0,0,1.125263794178943,0,0,0,0,1.081747257398077,0.012676766600304161,0,19.409107530685766,5.113295755619255,5,1,0,2,2.7749933012055257,1.8188839165893282,6,8.69077298937123,0,0,1
5.540955190592207,2.893121464975932,0,0,2,0,2,41.40274328444661,1,1,0,0.4554086086615061,2.13235178816156,1.6612986929014966,11.95393166488877,0,0.9680547321945933,1.1570481932906154,0,0,0,1.1531633793490639,0,0,0,0,2.348277395676614,0.4473197119176875,0,21.77400585076203,4.520500864235554,0,0,0,1,2.8606413958909385,1.9621791315053814,1,10.132217387450273,0,0,2
4.557019477838311,2.5933607457811583,1,0,5,0,1,60.7,1,2,0,0.09552707616932953,1.544,2.321287566359398,12.033045525087658,0,0.9808741239554428,1.206112017560995,0,0,0,1.111736657709325,0,0,0,0,1.3948133775202862,0.5292770962448489,0,22.172021035359254,4.891256935681642,0,6,0,0,2.7749933012055257,1.5867212992965891,0,9.211485215232335,0,0,1
5.152369623877657,2.844471470665395,1,0,0,0,1,52.59726438848013,2,1,0,1.3532436796062053,1.544,1.8234419645806672,11.653039147103494,0,0.9990130688702873,1.2079725487107238,0,0,0,1.2199970929998207,1,0,0,0,2.221872773820672,0.024917783695124134,0,29.899960809937905,3.1148102660731674,0,3,0,1,2.7749933012055257,2.132465339953469,0,10.26546354934276,0,0,1
5.261104518438614,3.523060210577473,0,0,2,0,9,35.24686233914315,0,0,0,0.2598938340243614,1.544,1.667266577529627,12.00837163935983,0,0.9800217869613416,1.139276595397448,0,0,0,1.4227435665765646,0,0,0,0,2.0178557068552965,0.0343120416815256,0,0.0,3.941241892334208,0,6,0,1,2.957208551504908,2.218823795342691,0,9.453583051111222,0,0,1
5.167313881077206,2.27887244855153,3,0,2,2,0,43.48545521558741,4,0,9,0.4265841846591747,2.471023143221243,3.6484011431799512,11.310149383297261,0,0.9899120579944768,1.1584146979512049,0,0,0,1.2174161892261506,0,0,1,3,1.1322419572123614,-0.019626130945842098,0,0.0,2.449466502099282,0,1,0,1,2.267,2.1205377959714147,1,11.303605952877591,2,0,2
5.760281085580103,2.732504657065109,0,0,0,0,1,44.645544898261356,1,1,0,2.3713958615963593,2.5587492593435917,2.65247695203627,12.208498755624206,0,0.9764617508744265,1.1850291363098533,0,0,0,1.18992807263403,0,0,0,0,1.7061128698439019,0.02052473379830367,0,20.891075013693857,7.036272405205517,2,9,0,1,3.5021733823532832,2.1704345241800502,3,8.535310829341507,0,0,2
5.562775773173931,2.2606923071849274,2,2,4,0,1,58.95654372091886,0,2,0,0.09504920959317373,1.544,2.7076695087658216,12.085666574633535,0,0.957,1.1719884267639078,0,0,0,1.1936596787500875,1,0,0,0,2.122163337889818,0.010591980237108155,0,24.136065993752005,5.530124814930508,0,2,0,6,2.7749933012055257,1.528,1,8.39500925405685,0,0,1
5.361272059099163,1.1349,8,0,0,0,1,34.84702223615518,4,0,0,0.09765572958584226,1.544,2.351700561305159,12.23685544862624,0,1.0198434610434461,1.1735075133110011,0,0,0,1.0902016556401501,0,0,0,0,1.270762573315626,0.00961058934599023,0,9.680212579126865,4.748967717020717,0,3,0,1,2.7749933012055257,1.970507732758794,0,7.3975259007539895,0,0,1
4.577012970032861,2.934064401690977,10,0,0,0,2,31.787698120106214,2,0,0,0.10781701034234076,2.955319623630869,1.5791634960466767,10.905708858070012,0,1.0266858421096905,1.1617381339216126,0,0,0,1.1523107030019126,0,0,0,0,2.0874388454220734,0.019374262914805065,0,0.0,6.8578063487224625,0,3,0,1,2.7921342117028956,1.528,0,9.719211801444004,0,0,1
5.893003559320886,3.7798462485960296,0,0,6,1,1,47.051795817594545,3,1,10,-0.040232501291250077,2.074339078736764,1.0643109332379073,8.367995863513205,0,1.0379002585735544,1.1550749410449723,0,0,0,1.0508608596467675,1,0,0,1,2.0880543995852867,0.019774595422845823,0,22.774762119739822,5.496429141150437,0,5,0,4,2.267,1.771478386107156,0,9.881637068414406,0,0,1
5.5020214009106665,2.502899000149487,0,0,3,0,1,43.5273936613418,7,0,5,1.1230289544023564,1.544,1.9047060629064154,12.021716230802658,0,0.982707492107841,1.1454251773241364,0,0,0,1.1282008738012141,0,0,0,0,1.8637899788149892,0.008257941343325132,0,15.094556949788913,4.259382173147873,0,2,0,1,2.7749933012055257,1.528,0,8.262113780879693,0,0,1
5.108792528169283,3.3951012921599606,3,0,2,0,0,55.78061472738094,0,2,0,0.027057113428687503,2.4015887924052755,2.230484400044354,12.270716462134967,0,0.9739109791970576,1.1769456636428939,0,0,0,1.5316114246225037,2,0,0,0,1.719424195836326,0.015437379036320347,0,21.463659240851484,5.308167740530733,0,3,0,1,2.267,2.3638932633118035,0,7.839722385845293,0,17,2
5.2185884504935505,3.296036391421292,4,0,0,2,3,38.93993631167404,0,0,0,1.1731716311755243,2.023012359616034,0.691125332192295,12.519,0,0.9668216633518388,1.1718754955191075,0,1,0,1.1799650398393022,1,0,0,0,1.9870530248705436,0.4041125834752403,0,20.210205875996127,5.056405142222601,0,1,0,2,3.139601058205453,1.528,0,10.830578348339955,0,0,2
5.67718102813091,3.9604451958994753,2,0,0,0,2,51.612328100960326,4,0,0,0.046538019190197066,1.7877499210518413,2.4259481367923605,12.114561156808078,0,0.9909102891937314,1.2008165284937837,0,0,0,1.348791452284689,0,0,0,0,2.1909174267748464,0.0015378353323391367,0,21.750318248301753,2.920278939460034,0,5,0,2,2.7749933012055257,1.9220841418114378,1,8.575375237997353,0,0,1
5.515815033664798,2.909204576284979,0,0,6,0,1,55.68523169347136,4,1,0,-0.0496487908874683,1.544,3.7966861043412323,11.238497239839253,0,0.9908802029359433,1.1666132853771578,0,0,0,1.187749106489738,0,0,0,0,2.0403263197567467,0.0033894943253132428,0,10.795013582854658,10.858704655613971,0,0,0,6,2.7749933012055257,1.9399175494360352,1,8.257726682593901,0,0,1
4.977790165229708,2.133101979204964,0,0,8,0,0,53.438596906898105,2,1,9,-0.0027809290516792942,1.7973107985982917,1.4047561676889981,11.875890608625891,0,1.0225325338384796,1.183250659290236,0,0,0,1.1037815209977306,2,0,0,0,1.831865312023844,0.006749591901203824,0,19.72530082941854,3.2310704960401497,0,1,0,1,2.7749933012055257,1.7197856517001848,0,8.98680962765167,0,0,1
5.637428988107454,2.445072461719849,0,0,6,0,0,31.294177209177676,2,0,3,-0.20185917697391448,2.195560095285501,2.144923145946313,10.83113645581982,0,0.957,1.1165037699395899,0,0,0,1.2569411562073798,0,0,0,0,1.0,-0.06623136622419776,1,13.34491016576016,1.6628373362408277,2,2,0,1,2.267,1.528,0,8.804122999830083,1,0,2
5.747189847924551,2.4862692106333206,5,0,1,0,1,60.7,4,0,0,-0.13256202675199713,2.59519522059721,1.5548324549140444,11.27048820237192,0,0.9953321724330322,1.1556197972767743,0,0,0,1.1493423306133723,0,0,0,3,1.667597784567544,-0.09626721753920232,0,10.76758131790578,2.151597942507667,0,1,0,1,3.263447657528355,2.576484745187943,6,12.51498468208636,0,0,1
5.819234110960502,4.842284014304698,0,0,0,0,2,56.11488410747007,4,0,0,0.0063992111393164595,1.851852121673432,2.462310160958252,12.373898089936699,0,0.9973345780356961,1.1443555709266442,0,0,0,1.1163492912636999,0,0,1,0,2.0143011983110273,-0.01772793270915607,0,19.792240105481913,3.5433327460210986,0,1,0,2,2.7749933012055257,1.528,1,8.32845464730799,0,0,1
5.681375891567176,2.4386541893214875,0,0,7,13,0,53.157570838410315,0,0,0,-0.01831377166669478,2.38340415915125,1.709692076669963,11.99775908484514,1,0.9742945694503273,1.1603769540117062,0,0,0,1.137836035110257,0,0,0,0,2.1846929876202363,0.020219765687858805,1,68.83599577297039,6.1450067533517,0,1,0,3,2.7749933012055257,1.528,0,8.890675891120319,0,0,2
5.019622367584512,2.8898810717334333,2,0,13,0,1,50.65151272009024,3,1,0,0.11962495818928681,2.6650429170938676,3.3668156056031897,11.290603911058033,1,1.0313830988301975,1.1195838707103476,1,0,2,1.2373100720110326,1,0,1,0,2.025066684320135,0.43356183415046634,0,5.981927891552443,6.260677143980367,0,2,0,7,2.9650729511512752,1.528,2,9.454790527792932,1,3,1
5.231982413413454,2.6989873014187005,0,0,3,0,1,53.132305749951286,5,0,0,0.03885620533916168,1.7877499210518413,2.7313025563990063,12.114561156808078,0,0.979905360404748,1.1884779247383632,0,0,0,1.1916469148612872,1,0,0,0,1.8320804639486252,0.023252237012104597,0,24.415833771961587,6.260677143980367,0,1,0,1,2.267,1.528,0,10.36296454250853,0,0,1
5.460840076604358,2.8260184291018224,4,0,0,0,3,55.18684933572231,1,0,4,0.29654814062124557,1.544,1.1891333295794322,12.106097149410004,0,0.9805113398487266,1.1546583288596641,0,2,0,1.3746874488799044,2,0,0,0,1.7191267987113479,0.007954872215303962,0,0.002594654284043915,1.989150005268801,0,1,0,1,2.267,1.802694248715865,0,6.856973659748562,0,0,2
5.333862821897141,3.5921771382652388,1,0,3,0,2,44.73550107940596,1,0,3,-0.5476972908281116,1.544,4.065664612419678,11.541576669399356,0,0.9820177381487333,1.170869903660488,0,0,0,1.218442748961762,0,0,0,0,1.4630737402404423,0.016677358113656005,0,16.6329932003265,17.114,0,1,0,0,2.7749933012055257,1.6430596884728252,1,7.75743292916434,0,9,2
5.1957522069059845,2.337637528121428,0,0,1,0,0,51.090933121285126,1,2,0,0.10420167650852817,2.635820949436646,1.399941965877656,10.406434673946798,0,1.0404500277965523,1.1274935010632483,0,0,0,0.9710399676009753,0,0,0,0,2.3137177306751053,-0.15790981401520093,0,9.765811361506707,4.080128580391519,0,5,0,4,2.267,1.9181382023047688,3,9.895548573959356,0,0,2
5.344535670787357,2.5627064558356007,0,0,0,3,5,21.77828083431131,2,0,4,0.04080788955790026,2.391657641347014,1.41054954790781,11.855302050297725,0,0.9842105767286299,1.1679370127087825,0,0,0,1.1781712307571666,0,0,0,0,1.7235567420467124,0.029666616617415036,0,26.761904770283646,7.1299872515220635,0,0,0,0,2.7749933012055257,1.528,0,9.024176208798496,0,0,1
5.366747970990533,3.5284523496193705,6,0,0,0,2,60.7,5,0,0,-1.463463951019404,1.544,2.853114703841356,11.996225916451754,0,0.9833860519540525,1.18364867041538,0,0,0,1.2592734970225576,0,0,0,0,2.018331885204837,-0.6211209070127699,0,20.646798877080137,4.4451752050770335,0,1,0,1,2.7749933012055257,1.528,1,8.125523919608748,0,0,2
5.743454948660115,2.5369308508147,8,0,2,0,0,51.48081482113733,0,0,0,0.631137524101392,2.576484354643836,1.5130451873936048,12.519,0,0.9882008395311637,1.1767522059061115,0,0,0,1.3040613266547383,0,0,0,2,2.0430455951791955,0.27458198856812105,0,23.34852998460793,4.846676262553984,0,1,0,1,2.8953178663551022,2.110378093660135,1,11.638378443568243,0,0,1
5.626124596273393,3.583733583071469,0,0,7,0,3,58.312110875570106,0,1,0,0.0680603861501372,2.0736940851837082,2.3037524961319287,11.811805109626274,0,0.957,1.1457286919051641,0,0,0,1.3018421462535679,0,0,0,0,2.0207069055258553,0.041243019094562794,0,24.78694302577408,6.260677143980367,0,2,0,1,2.267,1.7727738982942813,0,7.948856898128742,0,0,1
5.467831760935423,2.994576957023791,0,0,0,0,2,49.28196637694538,1,0,0,0.0526855649349793,1.7877499210518413,2.3277660386755645,12.114561156808078,0,0.9665094835034455,1.233295608852301,0,0,0,1.121244318063399,0,0,1,0,1.8802230294343623,0.04580419344483737,0,21.353143950959293,13.78163235228471,0,1,0,1,2.267,1.528,0,13.270928937964953,0,0,2
5.382213877923171,3.228954435680005,0,0,6,0,4,31.863069775017188,2,0,9,0.2395827736607599,1.881182319944167,2.101018975651932,11.496758166433562,0,0.9715986169286278,1.1433347044498035,0,0,0,1.180271501679315,0,0,0,0,1.9518600805614605,0.015327655348062049,0,19.759571712677154,4.269010207442324,0,0,0,6,2.267,1.6023034990394978,0,8.71589724706316,1,0,2
5.284634780325399,5.195132064792102,0,0,2,0,2,49.58487608225422,2,1,0,0.1223067750036325,2.4099688331618347,2.3738457713157057,11.648771540589582,0,0.9650060360249082,1.1841727610350032,0,0,0,1.1168268354812159,1,0,0,0,2.1827216561116414,0.025145417661473667,0,24.082072471239233,4.238891155760415,0,1,0,1,2.7749933012055257,2.742448338619993,0,8.942324239131336,0,2,1
5.1734517988147095,2.179429741747084,0,0,2,0,1,58.22673964691645,1,0,13,0.9440051032294411,1.544,2.844473774685369,12.114561156808078,0,0.9634046165651914,1.1716326215012733,0,0,0,1.0417215866558514,0,0,0,0,2.1505539582539583,0.001504938977082798,0,22.620152528022373,7.9328561605862475,0,6,0,1,2.267,1.530569647280712,0,9.560231370788813,0,0,1
5.570494276112812,4.830646637119273,0,0,0,0,0,32.731955732666776,0,0,0,-0.01619334554333441,3.059562492071904,1.2750884107827498,11.494331379214994,0,0.9803582298329877,1.1463587216474251,0,0,0,1.3158516667930962,0,0,0,0,2.3676144066511497,0.009751824651823894,0,25.677133036538176,2.9603590790176098,0,3,0,0,3.1221954011446167,4.163826736364208,0,7.656574053474315,0,0,1
6.2109148359481345,4.411368018543947,3,0,6,4,4,25.82935852943062,4,1,0,-1.8395861064049288,1.7877499210518413,1.8830548745183981,11.249316473980814,0,0.9995350190204658,1.145271178939863,0,0,0,1.386900218364428,0,0,0,0,2.0867521990083815,-0.008219138061527548,0,28.377039049918196,4.320465659916712,0,3,0,1,2.267,2.7042176743271136,0,10.89114355833283,3,0,2
5.3556305077815365,2.7833833819568303,0,0,0,0,1,60.7,1,0,0,0.01818656557713214,1.912721066776013,2.8783223465793037,12.114561156808078,0,0.9711771758454405,1.1789580069570744,0,0,0,1.2107847552500732,1,0,0,0,2.0506276958990477,-0.003857979780357679,0,19.974428221723407,6.260677143980367,0,0,0,1,2.7749933012055257,1.528,0,8.32826341449088,0,0,1
4.7766039925752555,1.4399753859329518,0,3,9,1,3,44.86844949275341,1,0,22,1.7091510833812453,1.544,1.5532422970505706,12.482492694254967,0,0.9662885157812136,1.2079725487107238,0,0,0,1.0291785033887868,0,0,0,0,1.37397274591627,0.8548388791282074,0,16.85963502850578,5.426018916608156,0,1,0,0,2.7749933012055257,1.528,0,8.516344452456785,0,0,2
5.318396363105604,3.554475846220028,0,1,0,1,9,37.831731972313705,0,2,13,0.04877439643767371,2.319022788240905,1.3279694789050736,11.119271751688393,0,1.0553498946843765,1.1597554390702303,0,0,0,1.0559702476634012,0,0,0,0,1.1894848022666729,-0.024116377697820178,0,21.87773719102546,8.995993218200987,0,0,0,1,2.7749933012055257,2.0939516798353557,1,8.150840003259034,0,0,1
5.5021249269088806,1.8436183912405206,2,0,2,0,4,36.891686472911545,1,1,8,0.14820396237401334,1.544,1.9682057473492707,12.519,0,0.9823730879519676,1.161927311949744,0,0,0,1.1487616927625621,1,0,0,0,1.8468043930711928,0.034293811853439105,0,18.49434850768953,6.259418264301344,0,3,0,4,2.861135193475765,1.6654125401628435,0,7.858132875972067,0,0,1
5.367177685119067,1.1349,0,0,10,0,1,60.7,2,0,0,1.6858035822412767,1.544,3.0694201605368328,12.114561156808078,0,0.968035165503957,1.193011454088466,0,0,0,1.109845857504711,0,0,0,0,1.8320804639486252,0.013115205758828057,0,9.367327219798744,6.260677143980367,0,1,0,2,2.7749933012055257,1.528,0,10.895144342739508,0,0,1
5.199510524877752,3.2748021969626318,8,0,0,0,1,53.9378149490166,2,0,7,0.09626985181965854,2.386938247212335,1.4188519082119027,10.070405946648371,0,1.0223685117435724,1.1246498853843239,0,0,0,0.9599856149247012,2,0,0,1,2.1967220429509005,-0.008324905536403146,0,14.720434181460597,6.5700241524786325,0,1,0,5,2.267,1.528,0,8.932191475880927,0,0,2
5.599515431838084,2.6480320129361816,0,0,9,0,1,59.12510219228464,4,0,0,1.1143759307471472,1.544,1.408363930866204,12.025007184683938,0,0.957,1.1806054593785689,0,0,0,1.1575781074794391,0,0,0,0,1.5598437386717818,0.010307330432234868,0,22.496029156544598,6.260677143980367,0,1,0,6,2.7749933012055257,1.528,0,9.122645346386317,0,0,2
5.774231870376188,3.2807132967050827,0,0,3,0,2,36.19856230771781,1,0,0,0.08005455889965382,3.1990138195990783,1.7495565329218434,11.46174191089074,1,1.001980940957189,1.1363374935579267,0,0,0,1.2035493389246599,0,0,0,0,2.1218335782431685,-0.030226623777317822,1,15.536198836380784,4.03485936297977,0,1,0,2,2.7749933012055257,2.6801456912227337,0,6.1783360785877335,0,0,1
5.467812793340708,3.2174657889262344,0,0,0,0,2,32.21765195394349,0,2,0,0.09508858829897424,1.544,1.9678115666152742,12.114561156808078,0,0.973770844118328,1.1905848465638638,0,0,0,1.214953643119522,0,0,0,0,2.1676148139941414,0.042768305161771866,0,21.747274036728538,6.0853998294990586,0,10,0,1,2.7749933012055257,1.5819880902918773,1,7.8909566288632425,0,0,1
6.189194078509283,3.9505605191061397,0,0,0,0,1,58.92064342151318,1,0,0,0.07929439485304061,1.7877499210518413,2.759266611046698,12.114561156808078,0,0.977236946548688,1.1851757408589911,0,0,0,1.2037543049362505,0,0,0,0,1.9561149171732655,0.0008866193636434508,0,21.769684729650095,6.153227628920821,0,0,0,1,2.7749933012055257,1.528,0,8.521856847708994,0,0,1
5.478401698360781,2.3813128101060372,0,0,0,0,1,57.86452036555064,4,1,0,0.04326814011878605,2.8259738194929893,2.333595812627625,10.856558639867174,0,0.9943751647174097,1.1458509636763232,0,0,0,1.3254357106753227,0,0,0,0,2.1229069907755527,0.02169556733728184,0,0.0,3.1383657592815126,0,1,0,1,2.7749933012055257,2.992026988725328,1,8.926597712966155,3,0,2
5.8487701473638465,2.771517668279187,4,0,0,0,2,38.68159253726716,3,0,2,-0.13203352317975411,1.544,1.699395766963724,12.442816453554062,0,0.9723037205487383,1.195978707409172,0,0,0,1.0271916028924266,0,0,0,0,1.5543545492748347,0.04576625411446163,0,31.074292709468097,5.078496211297061,0,1,0,0,2.7749933012055257,1.528,3,10.160545997459979,0,0,2
6.001499062624054,3.4295439904426432,0,0,5,0,1,26.93329840192945,1,0,0,-0.03172734779165772,2.854591488304437,1.0014541731164108,10.754764041487347,0,0.9828924535432565,1.1293808535914904,0,0,3,1.2438418398511595,1,0,0,1,1.9458316605728458,-0.03076545903208893,0,33.22028749155383,2.9113662490932475,0,1,1,3,2.939057562642623,2.517372893122834,2,8.668732197630096,0,0,1
5.87499317408434,3.3109639476994186,0,0,2,0,1,43.25703648277473,2,1,0,-0.014203892372926574,1.8625744440758416,1.0274263874994436,11.835685845555854,0,1.0025377643635687,1.1658528791017804,0,0,0,1.4938983490002928,0,0,0,0,1.9487080841854838,0.00245283573414202,0,23.630251328352813,4.087037199536955,0,0,0,1,2.267,2.5208944006223395,1,6.843149316337105,0,0,2
5.3019186535424065,2.806802935283814,0,0,0,1,1,40.952651553778246,5,2,0,0.06941069369043663,1.800881346245715,0.8954531232544904,11.916252325930374,0,0.9920982656165448,1.1877260061537658,0,0,0,1.2438636582286162,1,0,0,0,2.233875324903989,0.01728802510007502,0,24.188320149753174,4.689113063424163,0,5,0,1,2.267,1.528,0,6.319378134543552,0,0,1
5.269419519528521,3.374534328553754,0,0,0,0,2,54.847917448328054,4,3,0,0.0646424341119831,2.199613045547421,2.002574042019338,11.836773091649976,0,0.9865098029628838,1.1862993195409033,0,0,0,1.3638150545351229,0,0,0,0,2.084601845442001,0.021513002956968993,0,23.9227234459667,4.1264224442922135,0,5,0,1,2.7749933012055257,1.528,0,14.223,3,0,1
5.639189835243085,2.9843687194449138,0,0,0,1,2,55.02220350008465,2,0,0,0.048836253719646464,1.544,2.2278990367490317,12.028680188704906,0,1.0075852841279174,1.1707327681368886,0,0,0,1.1873561143685505,0,0,0,0,1.8973420489951174,0.02593851900233894,0,23.502291425034215,3.299078614081138,0,1,0,1,2.7749933012055257,1.528,1,14.223,0,0,1
6.192235654459234,5.178143982024606,0,1,0,0,4,35.173302065528176,1,3,0,-0.01450326849550834,3.5164408829930194,0.5947435391030337,10.419464374955203,6,0.9857593586619815,1.1096591452025264,0,0,0,1.3839975624333443,0,0,0,0,2.291389947931938,0.02371667953998445,0,20.22940118222781,3.0548662088654006,0,10,0,1,2.267,2.996036873011234,0,6.512566594623994,0,0,2
6.102246133796103,2.613968639195318,4,0,0,0,5,32.969626470266014,3,1,0,0.3540116979933895,2.6224181544062963,2.0414308032143866,11.290975435118071,0,1.1731975738829292,1.1014391399400965,0,2,0,1.2202981984700043,0,0,0,0,2.166879897678398,-0.020833498729474865,0,18.55516822330444,2.6706681891805033,0,1,0,0,2.7749933012055257,4.333949806864706,0,9.976006575052265,0,0,2
5.298501379732567,1.8321513732425339,0,0,5,1,2,50.29250804519129,1,0,2,2.1680488129687494,2.3778442683571206,1.5523920957590323,12.519,0,0.957,1.152643228621618,0,0,0,1.147975491025102,0,0,0,0,1.8557539998757846,-2.478145095443241e-05,0,14.60784617982728,2.17849459823587,0,1,0,1,2.7749933012055257,1.9297195928400437,0,10.20195678951934,0,0,1
5.590113546374609,3.0671802099515073,2,3,16,0,0,36.23084752899429,3,3,1,-1.190930182795531,2.8905091673578522,1.2383670519090415,12.519,0,1.0530594851445059,1.1569545411948288,0,0,0,1.344218219441251,3,1,0,0,2.016909590677539,-0.0015475587245050268,0,22.517165541372982,4.976756080355097,0,2,0,4,2.267,2.3394307444337574,0,8.40495435245123,0,0,1
4.805270325368041,2.0560085411692923,0,0,2,0,2,31.684707229364115,0,1,3,1.0170216584196168,1.657160917190163,2.379589271383648,11.558933642784709,0,0.9633583886826127,1.1869603653882268,0,0,0,1.158535988661953,0,0,1,0,2.2560104993716434,0.13977616014597627,0,24.195712417405247,3.387621256599378,0,0,0,7,2.267,1.528,1,9.754809992180215,0,0,1
5.7771015812758,4.161723328458375,0,0,4,0,4,49.49825556736022,3,0,0,0.18865154491768565,1.7877499210518413,2.6175917394584998,12.114561156808078,0,0.9756153257377584,1.169461385706881,0,0,0,1.273908505150567,1,0,0,0,1.87203549429392,-0.016910533666430073,0,19.46674163615669,5.667946364745419,0,1,0,1,2.7749933012055257,1.957981512452268,0,8.557774143198197,0,0,1
5.760373307333715,3.102045815440855,0,0,3,0,3,60.7,1,0,0,0.20057018281553038,1.7877499210518413,2.721506118169519,12.114561156808078,0,0.9675748898864148,1.1932618782427353,0,0,0,1.218677045451203,1,0,0,0,1.3602132806998306,0.054134210880196244,0,19.391389845521925,6.260677143980367,0,0,0,1,2.7749933012055257,1.528,0,9.568047937239035,0,0,1
5.509792086531034,2.988999001780694,6,0,1,0,2,42.784311928203984,3,1,0,0.04478438841798432,3.3450617853673283,2.262639992041866,10.787452334236278,0,1.0102054366533455,1.190739507406749,0,0,0,1.3091522100606368,0,0,0,0,2.1633632015585573,0.029199817708640028,0,28.345383350479487,1.9218074487418126,0,8,0,0,3.0348571808301945,1.528,1,9.548899606937429,0,0,2
4.931458136079866,1.1349,1,0,0,2,1,60.7,4,2,0,4.665203610802901,1.7973107985982917,2.8278027006538977,12.114561156808078,0,0.957,1.209773745160665,0,0,0,1.176465025156743,0,0,0,0,2.1586077263498344,-0.11453167112367883,0,11.176990638532965,5.1960006313648535,0,1,0,3,2.267,1.528,0,10.739364880462887,0,0,2
5.503431074724231,3.075579764223599,1,0,0,0,3,48.34407281248248,3,1,0,-0.09400923865507554,1.7877499210518413,1.5522028915683288,12.10941082227589,0,1.2392633164328966,1.193049724379074,1,0,0,1.2725733784527704,0,0,0,0,1.91167445677498,0.006529017633843443,0,26.159415425787063,4.408697329051554,0,1,0,3,2.7749933012055257,1.528,5,9.125371507020404,0,0,2
5.305219709956182,2.5181039709272524,0,0,0,0,2,58.71478699047226,6,0,0,0.18374452605895086,1.544,3.0694201605368328,12.519,0,0.9773687178049584,1.1883808729457261,0,0,0,1.045521606811466,0,0,0,0,1.8320804639486252,0.00020350667653787,0,15.903147698393596,6.260677143980367,0,1,0,1,2.7749933012055257,1.528,0,8.471093440613103,0,0,1
5.6106966654086206,2.0339742567652372,6,1,1,0,2,41.25662228028116,1,0,0,0.060652599753074465,1.9725774432010896,1.099136156156792,10.972341300335097,0,0.9992448386633979,1.1290013078714267,0,0,0,1.236490267883183,0,0,0,0,1.4784589794215517,0.03628385270184609,0,17.10421733524867,2.068651494825002,0,3,0,0,3.1010442658093957,2.8536712460727243,0,8.632364016122054,0,0,1
5.038195619087966,3.305805610267851,4,0,0,0,5,48.475832866696805,0,1,0,0.020757106420592048,2.2913875082680537,1.659440656091716,10.968000240837673,0,1.0080014767150425,1.1668871054658745,0,0,0,1.213072509249293,0,0,0,0,1.809098124473787,-0.016164116651433098,0,21.844995557523138,3.78703607010069,0,6,0,1,2.267,1.528,0,7.708409724511696,0,3,2
4.764962437225433,2.4191670548782542,0,0,0,1,1,55.32106548668097,2,1,0,2.739035110386167,2.095802192934773,0.9650596852864755,11.66409222431817,0,1.1671328759233865,1.1325274775079333,0,0,0,1.2246793696062532,1,0,0,0,1.4387043699636328,-0.005325014763310388,0,18.19913678776427,6.665679260158381,0,1,0,0,3.5021733823532832,1.758818849949685,1,9.291248611595524,0,0,2
5.813045500287549,3.8899542571221795,0,0,0,0,6,54.61018853955916,2,1,0,0.021875340819329365,1.8452135512811367,1.6174750972105225,11.094476047072881,0,0.9924559293432114,1.1698460247191629,0,0,0,1.1992625684606244,1,0,0,0,2.357335954866477,-0.02624408066061072,0,17.45126746015525,5.839960992610536,0,1,0,2,2.7749933012055257,1.9425977744979792,0,7.001557773338646,0,0,2
6.252655829556137,3.077670106766223,8,0,0,0,1,41.49511173354383,2,3,0,0.40124773332352404,2.226346860849259,1.152988306910356,10.580538709852453,1,0.9812980359734312,1.1577174173228268,0,0,0,1.2612608232459392,0,0,0,0,2.4981468835391025,0.02724811961755697,0,20.022616598498146,1.958371912307775,0,0,0,0,3.1986591383225695,2.5712360326386907,0,9.043532078196225,0,0,1
5.417528064614706,2.7318487376667604,0,0,2,0,2,41.44317800829332,1,0,0,-0.0021268859481485716,2.0911639655981995,1.6406360806509823,11.187203637555523,0,0.9843901994856614,1.1497798348602377,0,0,0,1.257947033216227,0,0,0,0,1.4610799092397626,0.03447977706533239,0,20.465167310095666,4.102926412008832,0,1,0,1,2.7749933012055257,2.038336559531073,0,8.23974269880534,0,0,1
5.900059095770366,2.473421010667902,0,0,0,0,1,41.71436528455742,1,0,0,-0.033763193923545126,1.544,3.886535992883197,11.981825819793505,0,0.9993100869070914,1.176632997982732,0,0,0,1.1904976134616827,1,0,0,0,2.1778965007272886,0.011720761999697486,0,24.04254586754105,6.1902532612060766,0,0,0,1,2.7749933012055257,1.528,1,11.07665204020498,0,0,2
5.502819124524062,3.546643641215903,0,0,0,0,0,36.89006367683425,5,1,21,1.0571627398081296,1.544,1.8039509595036987,11.477097251179988,0,0.9940437551594097,1.1259252324484725,0,0,0,1.1078468951876899,1,0,0,0,1.734764440834728,0.032125731098750845,0,21.074519227909736,4.890255399952473,0,10,0,0,2.7749933012055257,2.092611338311117,0,8.752998464044026,0,0,1
5.622747383331701,1.4644233498176151,0,0,3,0,0,60.7,2,0,0,0.11171235289666112,1.7877499210518413,1.9179460882921529,12.114561156808078,0,0.957,1.1720852185189734,0,0,0,1.2124982833615863,0,0,0,0,1.8506224011834345,0.03367078031426453,0,17.40234619613798,6.260677143980367,0,0,0,1,2.7749933012055257,1.528,1,9.602481978833186,0,0,1
4.820340233040697,2.4382382604421715,0,0,8,0,2,55.78979560827591,3,0,0,0.06789267265715945,1.7877499210518413,2.432422933763688,11.204325871029495,0,0.9940995858854556,1.162387486213884,0,0,0,1.1060385413140283,1,1,0,0,1.0,0.00887950631167886,0,0.5182135083278628,3.299078614081138,0,1,0,1,2.267,1.528,0,7.582695915985165,0,0,1
5.9729764981052496,2.914075322077858,0,0,1,0,3,26.416724228854584,1,3,0,0.11000615389418966,2.624084503094041,2.0960363686852896,10.820008861085638,2,0.9818326355587353,1.178419733286422,0,0,0,1.2094556930113467,0,0,0,2,2.0823834905925547,0.019602356507473707,0,22.612808927413056,2.6555541124036846,0,0,0,1,2.7749933012055257,1.528,0,8.118901936821192,0,0,2
6.496,1.9103518487083377,0,0,0,0,1,60.7,0,0,0,0.05119728544438128,1.7877499210518413,2.889833139737042,11.856161976973423,0,1.0672431916712846,1.2017804970203558,0,0,0,0.9786413610025622,0,0,0,0,2.1872937544173863,0.0547208472721549,0,22.8214431789453,6.260677143980367,0,1,0,1,2.7749933012055257,1.528,0,9.682612726947468,0,0,1
5.590250579388718,4.451963811205076,3,0,2,0,2,36.5643784087794,0,1,0,-0.0684882241230873,3.3796443180846927,0.7146562215872271,12.167358524968154,0,1.0729941346969645,1.1330908076714479,0,0,0,1.2079449031433296,2,0,0,0,1.0,-0.2510682520493155,0,8.653290412160766,5.984295688184689,0,3,0,1,2.636343579473193,2.712248149000571,6,11.03183268357828,0,0,2
5.347509025211844,2.844698003053421,0,0,0,0,2,36.997709080907015,1,1,0,0.10291762065010483,2.2491120781666964,1.2251225603512845,11.808314732668984,0,1.0473972184130094,1.1493178543920042,0,0,0,1.044207579170663,0,0,0,0,2.227780732993469,0.04525669383077003,0,20.4675006866801,6.161839246128842,0,1,0,1,3.5021733823532832,2.5109566358649444,0,9.514557033437859,0,0,1
5.269861973789599,2.712507194566493,1,0,6,0,3,24.83097818520956,1,2,3,-0.03129592370904763,3.3815372018012972,3.4522593074580827,10.576228817603267,0,0.9829121898917783,1.1059478261620492,0,0,0,1.294036774357263,0,1,0,0,1.822320830984013,-0.1431066231889196,0,14.407406481752252,2.0451440237090495,0,8,0,3,2.267,1.8403650079097882,0,7.609189656176296,0,0,2
5.591046564311743,3.6084034572862222,0,0,3,0,1,59.568017819882016,3,0,0,0.00626059376153207,2.0456123846064984,1.9464107106542516,12.176282546641904,0,1.0246341755499766,1.1618915513718733,0,0,0,1.1127743815897488,1,0,0,0,2.0513506153093104,0.03532032676002624,0,21.90584929204129,6.260677143980367,0,1,0,5,2.7749933012055257,1.528,6,8.223623116296233,0,0,2
4.636926561651308,3.182185354031502,0,0,4,0,1,35.389272750706326,4,2,0,0.03691451838020321,2.0374632960531653,1.2358366104672454,11.397252613330982,0,0.9846280697638656,1.1881623326500397,0,0,0,1.3246062845370647,0,0,0,0,2.1340129072572456,0.2075662940649658,0,23.9768994698898,12.12754218685686,0,1,0,1,2.7749933012055257,2.1442148087086137,0,9.133964588376383,0,0,2
5.872699157963226,3.3975226961805243,0,0,6,0,2,44.17223922595268,4,0,0,0.07354877190941793,2.1890834982130665,3.2977517977851702,12.114561156808078,0,0.957,1.2028092855692496,0,0,0,1.1683740697643534,1,0,0,0,2.0003085247949373,0.032911771957209804,0,13.358194777088451,5.062844081270336,0,1,0,1,2.7749933012055257,2.0890285619923796,0,9.639623225655004,0,0,1
5.496531285119284,3.542637202611611,0,0,0,0,5,46.461632986647864,0,0,0,0.20050263112368288,1.7877499210518413,1.6526208213326674,12.114561156808078,0,0.9884801789049938,1.1857956517918287,0,0,0,1.2361702407718431,0,0,0,0,2.0821358744634324,0.0357504361994687,0,21.858124692973327,4.729347768668622,0,1,0,1,2.7749933012055257,1.528,0,8.40958391505195,0,0,1
5.354587535342852,1.1349,7,3,0,0,1,43.0296696416168,0,1,7,0.06778436290620844,2.704529196639866,2.8467009369382783,11.858042165943548,0,0.957,1.1936054763375925,0,0,0,1.2855215721653939,0,0,0,0,2.14478302329753,0.027838485187629623,0,11.724497730182097,2.1326384860745673,0,0,0,2,2.267,1.528,0,8.57987609099005,0,0,2
5.811598730649314,2.9215051161475905,2,0,3,0,3,48.248825176911495,1,0,0,0.49909533646282933,2.120085139584962,1.5503457909919338,11.295317676434763,0,0.9612138009415621,1.105878189417846,0,0,0,1.1638572295288772,0,0,0,0,1.6721408957853279,0.028328448859706843,0,21.891194909058722,8.243631139835584,0,6,0,1,2.267,2.25680438579523,0,8.112425038372443,0,0,1
5.676298331299795,2.048012208153298,0,0,3,0,4,26.483151256919335,3,1,4,0.025457536605537512,2.1878243746550368,4.1588794902974815,12.145491877599543,0,0.9918335565114789,1.0944179431420529,0,0,1,1.1820091532287038,0,0,0,0,1.6137633418024033,-0.009279150252024805,0,25.448958567117625,1.6183657481657496,0,2,0,1,2.7749933012055257,1.5358355491132227,0,8.536486320142359,0,0,1
5.786117565801411,3.840931660569326,0,0,0,0,18,24.66222633938709,1,1,0,-0.015448273513889239,1.9274618567467718,0.8059888971494755,10.261430295712684,1,0.9738497537130449,1.1227060836909262,1,0,3,1.2397619547662218,0,0,0,0,2.385250147044967,0.006628195619549771,1,1.5343749316350008,3.053943409589502,0,1,0,1,3.5820870750001386,2.124914237940849,0,8.2884635348645,0,3,1
5.847790700016082,5.046710508060201,3,0,2,0,2,36.23953122436614,2,3,0,-0.4500395471261771,3.2754800831625226,2.6067762030126023,9.984028834542684,0,0.9793610889580345,1.1041745336149675,0,0,0,1.2232710814916181,1,1,0,0,2.4345343592272606,-0.019586728068502875,0,23.362850902294255,1.9234665318235313,0,1,0,0,2.8827111224162807,1.7621731933182962,2,7.587410104487213,3,8,2
6.23080235900644,2.48441381715113,0,0,8,0,2,29.46587457780756,0,0,0,0.04014409714250065,2.136443061885192,1.4459826622017493,11.766598997277272,0,0.9967801734215564,1.139386055432005,0,0,0,1.211863194519942,0,0,0,0,2.0358394351350904,-0.013563377570081017,0,20.225999932259516,5.240331786940606,0,1,0,2,2.7749933012055257,1.528,0,8.034400186860172,0,0,2
6.496,3.013475385820107,2,0,0,0,1,52.76903173995948,0,0,9,-0.3521509180736445,2.217749734460506,3.203981502731373,12.519,0,1.0376450403392639,1.1435146313392979,0,1,0,1.1971891631357214,1,1,1,0,2.0217885465239984,0.00575574040191217,0,24.437521983422783,11.434430260493638,0,1,0,2,2.267,1.528,4,14.223,0,0,2
5.502977463259491,3.8206278902968407,0,0,0,0,2,25.873459100578028,4,0,0,1.4613179264625875,2.238307192202766,2.1141745823447797,12.33209433200806,0,0.986412827546508,1.1127200742863765,1,3,0,1.1834114681928052,0,0,1,0,2.1536629210242753,0.013108418207001538,1,0.0,4.264932002062743,1,8,0,2,2.267,2.127758378529882,0,8.181995245772818,0,0,2
5.456265943030672,3.703501567501789,2,0,0,0,2,29.938772682119858,1,1,0,0.15353057810913495,2.9893219627077943,1.6483583428564896,12.252965497268882,0,0.9888093482784821,1.1219540182604675,0,0,0,1.3220696043155689,1,0,0,2,2.1974421908156585,0.010864051803305595,0,19.909046611206094,1.9828921060304576,0,0,0,3,2.267,1.9878168078215863,0,7.308940298891115,0,0,1
5.535073928120687,2.8425804940549693,10,0,4,2,2,54.18054508929394,4,1,0,0.662926902806736,1.544,2.238376741628158,10.68090659343819,0,0.9614727066573957,1.1267900204133985,0,0,0,1.178828282400456,2,0,0,0,1.5134792458915385,-0.050511118857490225,0,18.92759869127434,2.132548544596807,0,1,0,6,2.267,1.7776908224062917,0,9.833104330817383,2,1,2
5.430092542732558,3.320008680869811,0,0,0,0,2,35.013520846583006,1,0,0,0.07316302294123596,1.7877499210518413,2.146626281400844,12.114561156808078,0,1.0111544961492551,1.1717890688226789,0,0,0,1.3336241264540776,1,0,1,0,1.6548300699423721,0.011638273186751423,0,22.199939508782283,5.113170385280675,0,1,0,1,2.7749933012055257,2.473601817410181,0,8.867912358969933,0,0,1
5.843996386283942,3.5455810726399997,3,0,0,0,0,33.956236479646236,21,0,13,-0.008112674290238724,2.1217833886255084,2.348351258241104,10.557076011293212,0,1.1380224884200998,1.1092701640710858,0,0,0,1.238083889783012,0,0,0,0,1.5208087820670002,-0.4105656331802628,0,15.09757558715134,2.720000938804443,0,1,0,1,2.7749933012055257,1.783123216825948,1,7.952026502600378,0,0,2
5.228760135926571,2.712962765549877,10,0,0,0,1,58.680614196884136,2,0,0,0.14510350572887581,1.7877499210518413,2.7402167184279023,12.114561156808078,0,0.994419605049007,1.1869497970045513,0,0,0,1.0820654571513837,1,0,0,0,1.9633412320185784,0.032070046989954366,0,8.991323844590767,6.260677143980367,0,1,0,1,2.7749933012055257,1.6123944152179048,0,8.839584344055018,0,0,2
4.809154482402885,2.735779383495156,0,0,2,0,3,53.87456645413552,0,2,0,-0.02641171993024378,1.7877499210518413,2.4242164690555263,10.538819278155211,0,1.0696628074718948,1.1788461194474726,0,0,0,1.286341461847198,0,0,0,0,2.413792344781355,0.03428753634145931,0,12.49924821981996,2.8587166815394838,0,1,0,0,2.85255982523256,1.5464525347380365,0,10.361183828824565,0,0,1
5.3207799438819325,2.7466631919344904,2,0,0,1,2,58.24826546328228,0,1,0,0.006569740557648928,2.0353865995518854,2.5957162804152247,11.47461617262578,0,0.9666147196438168,1.1507330136047589,0,0,0,1.2211913634237175,1,0,0,0,2.201334431544813,0.022646189471783137,0,15.325334785818916,5.011096709568558,0,1,0,1,2.8762869240901106,1.9619153566434604,0,9.003559928717676,0,0,1
5.416219791120638,3.501992108896772,0,0,0,0,5,34.447648062469234,2,0,0,0.07422785927781446,1.8744278543089066,4.283141907896351,12.156185038567266,0,1.0139536816974966,1.21783346017925,0,0,0,1.232112752654002,0,0,0,0,2.2219238382960005,0.00807380405320752,0,29.70696339291171,1.7690374303024914,0,0,0,1,2.267,1.528,0,10.05043640398528,0,0,2
5.335716066272542,2.768452751975336,0,0,3,0,1,48.555598502991366,4,1,0,0.03306719685149328,1.7877499210518413,2.702690383704816,11.466026786544093,0,0.9838645114142703,1.145570431602164,0,0,0,1.2806237607605686,0,0,0,0,2.109123379104565,0.014932597455214068,0,9.363888571991176,5.497572763263329,0,3,0,0,2.7749933012055257,1.528,1,8.251316332352598,0,0,1
5.234485338786269,3.271128407256679,0,0,0,0,2,49.86515594705272,4,1,0,0.0428873955072743,2.261614806785671,1.5669543148298042,12.114561156808078,0,0.9707616790142253,1.1839831581772955,0,0,0,1.2171648523540464,1,0,0,0,2.282331951732704,0.009227871815038906,0,15.565507282168006,4.61142177809647,0,3,0,1,2.7749933012055257,1.547645733411399,0,7.226512943270389,0,0,1
5.210106056623224,3.372131791551136,2,0,0,8,1,55.42072011978907,7,0,0,2.6207200790886014,1.7877499210518413,2.0432337760342487,12.519,0,0.9699589077075832,1.131862516806428,0,0,0,1.1456923254867237,0,0,0,0,1.9292833158473566,-0.025797960904385887,0,15.086460931084378,13.834720649166751,0,1,0,1,2.267,1.6387239011678334,0,8.30052186397566,0,0,1
5.00662640734573,2.9805017343939797,0,0,0,0,1,49.28196637694538,0,0,5,0.14288319855771237,1.544,1.7548900186797936,12.114561156808078,0,1.0217737796790496,1.1916601739549373,0,0,0,1.3999299631269566,1,0,0,0,1.9200946460015498,0.0196124561910647,0,19.512291746929478,5.674764268767818,0,0,0,1,2.7749933012055257,1.528,0,8.328849662089818,0,0,1
6.029764332084667,2.8685293751892345,5,0,0,0,1,37.228337006149545,2,0,0,0.12994621951559981,1.990619326904987,3.0620809804911033,11.069306631182961,0,0.9897172751769123,1.1474696286610953,0,0,0,1.2031525657227224,1,0,0,0,1.953939130167266,-0.004324705612579758,0,10.730578743505603,3.1738920041784966,0,1,0,3,2.7749933012055257,1.528,0,8.559668239076725,0,0,1
5.497309610557574,4.099995060419589,0,0,0,0,0,33.230845025325834,0,0,2,-0.9587010912930383,2.649313300542406,1.607354242543689,9.975274840588742,0,1.0060445772931144,1.1166451325967288,0,0,0,1.2058906135059497,0,0,0,0,1.3759676963402403,-0.011908445634356566,0,16.554785633225578,3.7889236581495886,2,4,0,0,2.267,1.6612929268963454,1,8.380190977673655,0,0,1
4.648943390055067,3.9034186532852475,1,0,4,0,2,28.630042242799398,2,3,0,-0.0036043022685688657,3.5139539680001732,1.1331770821172515,10.470101942147956,0,1.0276903056114084,1.1167536663727764,0,1,0,1.3894826882424245,1,0,0,3,1.5842322140197638,-0.822600703559175,0,17.589453365743676,5.863187075442193,0,1,0,1,3.046871700751599,3.2737984607467645,6,8.549927542740683,0,0,1
5.70520458648244,1.167468935895127,0,0,8,0,1,50.80928201060061,3,0,0,0.10164301275147368,1.544,2.6251260527476084,12.114561156808078,0,0.9662518043051697,1.1889388490459794,0,0,0,0.9968683316945112,1,0,0,0,1.9463982423462418,0.2121324976576165,0,19.192292653435512,6.260677143980367,0,1,0,1,2.7749933012055257,1.5718593614253888,0,8.523486698615528,0,0,2
5.5286453033792755,2.516602825026421,0,0,0,0,1,59.008165791763965,0,0,0,0.024206203768061086,1.7877499210518413,2.5427000114284413,11.994230502873881,0,0.9957592298565582,1.1758342837232922,0,0,0,1.1724450998944058,1,0,0,0,2.0612183100053274,-0.004404585340598148,0,20.779556886556353,4.6543310505639495,0,1,0,0,2.7749933012055257,1.528,0,9.2091719620357,0,0,2
5.765319271169306,3.183248811271294,0,0,0,0,2,38.19346392080146,0,1,0,-0.34579444886856453,3.473010262231003,1.5019545648489143,9.435317367338106,11,1.0087002850965663,1.1526025929830601,0,0,0,1.49878190466764,0,0,0,0,2.1468980071637516,-0.009667186748076893,0,17.95525438993889,3.2040802021178307,0,6,2,7,3.076953105730789,2.8506274834780863,0,6.766901192632043,0,0,1
6.367027869517648,4.065520216292254,3,0,0,0,2,31.58222923530243,4,1,0,-0.030235473437805437,1.544,2.428562274168989,11.54274600304671,0,0.9999590345453293,1.1494960733067148,0,0,0,1.2298146037294475,0,0,0,0,2.0297341675939236,-0.217156885585284,0,0.0,3.6754392940482408,0,0,0,1,2.267,1.9556766537317023,6,8.91939368435726,0,0,1
5.734839654572851,2.4464703641962346,3,0,0,0,1,58.50805410997071,2,0,0,-0.40201990206257043,1.7877499210518413,1.9179460882921529,12.114561156808078,0,0.9769601705591939,1.198313515937991,0,0,0,1.0765509896187884,0,0,0,0,2.0390458551199306,0.016978376058432894,0,26.21746880423488,6.260677143980367,0,4,0,1,2.7749933012055257,1.528,0,9.095762319492026,0,0,2
5.498219401048887,3.712855233442216,0,0,0,0,4,45.054882465833174,1,0,27,0.05046584978713617,1.8571410200445493,2.0854961083640835,11.350559051307416,0,1.0631793069136692,1.177595991261505,0,0,0,1.2263243560226873,1,0,0,0,1.8320804639486252,-0.02204442458527093,0,0.0,3.5898447339255,0,1,0,1,2.7749933012055257,2.508485163430419,4,8.247449737568722,0,0,1
5.918094097476413,3.6913725358780325,0,0,0,0,1,52.880416528058184,2,1,0,0.08187703250290111,1.7877499210518413,2.609033602280994,11.36364314491484,0,0.9876409961365964,1.1477325505277403,0,0,0,1.02284966008015,0,0,0,0,1.9329770077908048,0.043071727073152,0,18.801758205649907,5.0724961703614575,4,1,0,2,2.7749933012055257,1.6889831598872722,0,9.523556446420983,0,0,2
4.8814929008184835,4.589900310389103,0,0,0,0,2,42.61981914364531,5,0,0,0.33055786219650674,2.1688096929680594,2.672413130679353,10.909443309474126,0,0.9640781272409704,1.141193325213665,0,0,0,1.2089272089284637,0,0,1,0,2.023506023512621,-0.029347568282968972,0,20.90984872565878,2.5784200025618524,0,0,0,6,2.267,1.9922294905722906,1,7.4244258892381145,0,0,1
6.074456890644798,3.403411735053755,2,0,3,0,1,42.323081764446876,3,1,27,0.0402648546415112,1.5634619398438039,1.4191833694894203,11.340105307856764,0,1.0164658658343393,1.1138465430435005,0,0,0,1.0720726689214857,1,0,0,0,1.5718060594611338,-0.200277865722247,0,16.269250970538547,5.583963934671569,0,2,0,1,2.267,2.1693877952258824,0,8.493281871868065,0,0,1
4.265983934638481,3.8147746593090734,0,0,0,0,2,51.656156523129106,1,1,0,1.7547686511973872,1.840144031953619,2.3405667811522344,11.283843226556996,0,1.0556481362098444,1.1406039955699792,0,0,0,1.2135572220998094,1,0,0,0,1.5590201934429297,0.011142152941084005,0,18.312534199161295,7.545530002191798,0,1,0,0,3.0714819173134122,1.535374870828311,4,7.077251762366507,0,0,2
5.882599097808039,3.259561192316215,0,0,0,0,3,31.28467403794463,0,2,0,1.25075829867544,1.8866377639907146,3.347631423439746,12.519,0,0.981482454095033,1.1656879169795897,0,0,0,1.3357954244764274,0,0,0,0,2.318518217734254,0.033036586709612244,0,18.0316245064255,4.35411342795765,0,8,0,1,2.7749933012055257,2.1557356506482823,0,8.8449352361231,0,0,1
6.496,3.877680373284557,0,0,0,0,1,39.09222316951462,0,3,0,0.05818540665067471,2.52797234640833,2.0369468341508528,11.471723236924083,0,0.9871934133414603,1.143102166165893,0,0,3,1.3015948502715118,1,1,0,0,2.101318672275016,0.03799094113731264,0,63.11689300468613,4.1242652590518185,0,1,0,2,2.7749933012055257,2.4511524687355015,0,8.724401952246556,0,6,1
3.5878429628932063,2.15398299937309,6,3,4,1,5,60.7,1,0,5,0.9365746072309603,1.544,4.367278802437137,11.268162072945575,0,0.9652253523066211,1.184192829297683,0,0,0,1.2281076114129565,1,0,0,0,1.482206365416642,0.17038551959563752,0,22.445347314228997,4.956209661742085,0,9,0,2,2.7749933012055257,1.528,0,8.08930092647932,0,0,2
5.494234243993841,3.1053473385050854,5,1,4,0,1,41.4269027508264,5,0,0,0.6563559772650952,1.544,2.350544955512057,12.114561156808078,0,1.0068013716676227,1.1641559714612035,0,3,0,1.1043636757584838,0,0,0,1,1.425275564135005,0.05741957142748377,0,15.299198022436467,10.71224069861386,0,3,0,1,2.7749933012055257,1.9948020253438061,0,8.833285319653344,0,0,2
4.505759383984127,3.6698212744768934,0,0,0,0,1,50.328993529756524,2,0,0,0.14138675891062716,1.544,1.2511312559057823,10.81173700776146,0,0.9675891006799483,1.1465196172688428,0,0,0,1.1927338009313484,0,0,0,0,2.054057521645434,0.009601310639673177,0,7.515306734970279,2.8923559869358835,0,1,0,1,2.267,2.158505410389984,1,8.01786012001675,0,0,1
5.762297210087271,3.494603942318684,0,0,6,0,3,48.767583528724224,1,1,5,-0.028465195540076753,2.1807515251340375,1.619916372480211,11.987775878765307,0,1.0748412589929095,1.1755024753335528,0,0,0,1.113619197395231,1,0,0,0,1.97678396178295,0.2979860972577303,0,22.166580252086053,2.078822309167239,0,10,0,3,2.7749933012055257,1.528,4,8.552222708357062,0,0,2
5.212267007092774,2.1978204307959777,2,0,2,4,4,52.004958532675786,1,2,18,-0.003902365411596179,2.772583714342158,1.72224796351151,12.519,0,1.014115982862241,1.197906620617441,0,0,0,1.184166542384951,1,0,1,0,1.7950323313419103,0.10313521004988614,1,18.675408797232983,7.1454494771669825,0,0,0,1,3.5021733823532832,1.528,0,9.260163352187888,0,0,2
5.672949455858321,2.6738135554822806,0,0,0,0,1,60.7,1,0,0,0.1984197466028301,1.7877499210518413,3.0694201605368328,12.114561156808078,0,0.9760575516815625,1.1789897572914432,0,0,0,1.0064198060818799,0,0,0,0,1.9196515508831236,0.05083864179045267,0,19.729038586373246,6.260677143980367,0,1,0,1,2.267,1.528,1,9.978694761178295,0,0,2
5.768464948644482,3.253835657389814,8,0,0,0,2,39.693353845298624,4,2,0,0.08101083524862014,2.8501643595900292,0.8520347256584784,11.152780210278992,0,0.9925038273442415,1.1330075923104472,0,0,0,1.403181376149862,0,0,0,0,1.6994338914855618,0.24756034379183198,0,22.087588758982392,2.313453330722189,0,0,0,1,2.7749933012055257,1.6529843579851597,0,9.166286437071012,0,0,1
6.148665561044005,1.9811116068315697,0,0,0,0,2,56.302020626277,1,0,0,-0.044422061125765674,1.7877499210518413,2.5974752230795497,12.114561156808078,0,0.9864907907733643,1.1651818748458973,0,0,0,1.235236507139296,1,0,0,0,1.958966144071837,0.055707939142353724,0,26.344508035965056,5.373010706623269,0,1,0,1,2.7749933012055257,1.528,0,9.307545458801242,0,0,1
5.4055892718518175,2.3160803348141425,5,0,0,0,2,58.1078137092673,0,1,0,0.05406826286456629,1.941370947291968,2.41877415382519,12.519,0,0.957,1.1836912331234706,0,0,0,1.262872196616759,0,0,0,0,2.1794747853843215,0.04336034014707517,0,21.105994357655508,4.789935889709417,0,1,0,1,2.7749933012055257,1.528,0,9.06909870027528,0,0,1
5.241375787668387,2.1532322670479904,8,0,0,12,0,53.969231303262426,4,1,16,-0.028164014356701354,2.0675186143098534,1.291432484728678,11.857325614938523,0,0.9823268470337486,1.150966322309108,0,0,0,1.0974059248174126,3,0,0,0,2.0095851813569405,0.03830984519838915,0,18.773391243015443,5.263237661288727,0,0,0,0,2.267,2.365126632924564,0,7.48627773834156,0,0,1
5.5264596151159076,2.3721299385291523,0,0,0,0,6,31.557678246987958,3,0,0,0.13662927171527003,2.86751924020033,1.9013300431329463,10.602378506857791,0,1.0182031061331165,1.1639179499264736,0,0,0,1.1189157368432743,0,0,0,0,2.0992802033548013,-0.016571127852435325,0,21.297044958502685,4.108841547666358,0,0,0,1,2.684691253059608,3.441135460294104,0,8.364318734815807,0,0,2
5.3361508302750105,3.686345819222703,0,0,0,1,1,42.51310528961861,1,3,6,-0.2589637196936546,2.708719444181083,1.8059951282714597,10.335479862938122,0,0.9601567155774567,1.13532074467528,0,0,0,1.3593172525660546,0,0,0,0,2.251507910817365,-0.02669711513266213,0,11.194972082787219,3.9983931333371605,0,4,0,2,3.0421442342278606,1.6965535352383059,0,8.130488686251757,0,0,2
4.650077343493295,2.660263909183905,1,0,0,2,0,30.443056077862195,0,0,0,-0.013429268004131419,1.544,2.0656312563870123,7.73852254014874,0,0.957,1.1347055751693853,0,0,3,1.142244288907803,1,0,0,0,1.6486865735066112,-0.030181267932784146,0,18.014311205965605,4.218600119352056,0,6,0,0,3.279315630575464,2.5187157464965213,4,10.242747369531486,0,0,1
6.04947983868056,2.547919703955633,2,1,0,0,4,44.458808547492296,21,0,0,0.05956021297043529,1.544,2.4598980708281744,10.672690504644693,0,0.9905119348131821,1.164705055038593,0,0,0,1.1224212307255024,1,0,0,0,2.2895295763314096,0.37886794630605675,0,26.335027567965323,7.642374511844233,0,0,0,4,2.8101639578529527,1.5908550319206238,0,9.740630138493144,0,0,2
6.1338023249063625,2.1160600034516293,4,0,0,0,2,48.882907971707446,2,2,0,0.05024512274199115,1.544,3.13670183294299,12.114561156808078,0,0.9984921861412338,1.173183919252823,0,0,0,1.2018935285400179,0,0,0,0,2.165411899867749,0.044079655336483864,0,25.73258272819863,5.76755136598568,1,1,0,1,2.7749933012055257,1.7470205794545541,0,8.535025923209666,0,0,1
5.788496527314371,4.480263257827389,0,3,0,0,4,53.03303884563826,1,0,0,-0.07533443062583554,2.6047068053769893,2.790029730948186,11.176389648383354,0,0.9924614743543793,1.1534973903314838,0,0,0,1.147840867869501,0,1,0,0,2.5067757862244657,0.01539684523632752,0,11.061028627487696,4.435684874300811,0,0,0,1,3.129004422951171,1.528,1,7.85333922302887,0,0,1
2.961968486863607,2.0861241176695233,8,3,2,0,2,35.99956736179286,2,2,3,0.6980923692032333,1.544,2.2526136996805315,12.519,0,0.9681865081203467,1.160937539043537,0,1,0,1.1264887337896856,0,0,0,0,1.7932903892114047,0.0047748527790039096,0,1.4926901308470473,5.8270533538248666,4,1,1,1,2.267,1.6448309124584246,0,8.883158663653717,0,13,2
6.062009675644926,2.8944839234349082,0,1,0,2,2,38.43807921818965,4,2,0,-0.03720436304118854,2.6382459388422554,2.0170438746509762,10.783762356780311,0,1.044381669834669,1.1597588396033913,0,0,0,1.2117689105744238,0,0,0,3,1.4354425338048524,-0.0015666125537228217,0,21.32838479306916,3.3647097762605083,0,0,0,3,2.267,2.218043804266067,0,8.401770653826228,0,0,1
4.538849579316933,3.630777279654541,0,0,5,2,2,22.722997869622535,1,0,5,0.33801421816599764,2.3974047869675803,1.4252391777895612,12.134472252641675,0,0.985140484635015,1.1282222814454739,0,0,0,1.4593699176499533,2,1,0,0,1.478806098015495,0.008529219650941125,0,17.205696444017455,3.906314633350032,0,3,0,0,2.267,2.403675266587189,0,8.24945417035964,0,0,1
5.254800961274853,3.3525581265771924,0,0,0,0,1,49.28196637694538,4,0,0,0.031042626627691187,1.544,3.0694201605368328,12.114561156808078,0,1.1382462205143673,1.176811387047361,0,0,0,1.181327743645634,0,0,0,0,1.8320804639486252,0.0028340061840702174,0,19.203521933195276,3.299078614081138,0,1,0,0,2.7749933012055257,1.528,0,8.06637954404176,0,0,2
5.891732321690636,3.134868971860946,4,0,0,0,0,44.937300291951146,1,0,27,-0.6199849194650572,1.8454557586480684,1.4930721960928406,11.79541188731174,0,0.9866173594472267,1.1269272419601926,0,0,0,1.3736572706975387,0,0,0,2,1.266612880128725,0.014649471289976825,0,27.515682981274466,1.9514543558972357,0,5,0,7,2.8774551620187316,3.0383952566999284,3,8.448395271078496,0,0,2
5.188259879191079,4.676817390814671,0,0,0,0,5,31.161813924565894,1,2,0,-0.7893701528706536,2.173200667331938,1.2864674179176252,10.37103728718113,0,1.0571385802397033,1.1305136358377563,0,0,0,1.4016852599550444,1,0,0,0,2.1144594474083265,0.016461041437462125,0,22.665129520331142,3.4687409110516834,0,1,0,1,3.0369146985240025,2.2295691302316443,0,6.787317551408749,0,0,1
5.765764110319489,3.406307343797108,0,0,0,2,0,43.738527168150384,1,2,0,-0.43753702308229525,2.476193916864971,2.6667526576272893,10.807338673100638,0,1.161719455968962,1.1461964095282382,0,0,0,1.1183083390871646,3,0,0,0,1.6826525063448292,-0.0014061087247986205,0,19.052220739851393,3.7256682067101967,0,0,0,0,3.070030411316401,1.7639335958317925,0,8.962982902319407,0,0,1
5.354761432213361,2.9970698130389484,0,0,0,0,2,35.2237841768706,5,0,0,-0.055476936999275854,2.0129619373278285,3.4672612508804916,11.101778468279994,0,0.957,1.1676823887628816,0,0,0,1.3297835155401965,1,0,0,0,2.051790746486383,0.028760437122523918,0,2.2983277110762943,4.602340423518154,0,1,0,2,2.267,1.627111032337198,0,9.986964437610776,0,0,1
6.2518229575475335,2.110708401154811,2,3,2,0,1,28.03918300955153,5,0,9,0.13076983991748395,1.544,1.4926258213063912,12.050085701892328,0,0.9751895210226247,1.1375873913088506,0,0,0,1.0173545995197468,1,0,0,0,1.791893036513653,0.12431034800288152,0,0.029790173114080113,8.921352960318934,0,1,0,2,3.5021733823532832,1.9769275253444247,0,8.894975310053336,1,0,1
6.264107166132893,2.700552477782453,0,0,9,0,3,38.258094425068776,5,0,0,0.13885462023965592,1.544,3.0694201605368328,12.114561156808078,0,0.9806762204639615,1.1937288390448324,0,0,0,1.1922598555616122,0,0,0,0,1.8626899613804508,0.0051234168489974335,0,20.76106741253357,6.260677143980367,0,0,0,1,2.7749933012055257,1.528,0,9.307464496558604,0,0,2
5.4496603961470615,3.120417478604953,0,0,3,0,6,23.35801168499397,2,0,0,1.256941437042407,1.544,1.6140117166787114,11.705941144990776,0,0.9881548824786042,1.2394705042807188,0,0,0,1.131515686822233,1,0,0,0,2.1247778023302253,-0.01746289161132661,0,23.282354813133594,17.114,2,1,0,1,2.7749933012055257,1.528,3,8.996161920901557,0,0,2
5.6184906299419906,3.425207173948018,1,0,8,0,2,32.90904257111681,1,0,7,3.5896244917444173,1.544,1.3379528173572202,12.519,0,0.9797501530128551,1.1427494695171831,0,0,0,1.1712340819431115,0,0,0,0,1.8898125088352773,-0.035690016369338544,0,9.364334722953966,4.362686720574365,0,1,0,1,2.7749933012055257,1.7039423813116679,0,7.493367500726513,2,0,1
5.824926736211304,2.141642586045945,0,0,4,3,1,57.103083786129424,1,1,5,-0.24139600906056274,2.439053049213885,2.023320415094647,11.202639065594747,0,0.9907462829392049,1.1835441929738535,0,0,0,1.1139610770704862,1,0,0,0,2.2415210939069277,0.017767486915532028,0,0.0,2.4208517499518325,0,1,0,4,2.931853058655709,1.528,0,9.493183137246593,0,1,1
5.0458562885842735,2.395209941074605,0,0,9,13,0,49.72632533336069,1,0,0,-0.045723807277485706,1.544,3.7059450910752068,11.218637729482108,0,0.960573678626362,1.1682681840134008,0,0,0,1.1047784604581772,0,0,0,0,1.5341290424866671,0.0074155365121393434,0,22.20746697155806,4.871300831738788,0,1,0,1,2.267,1.528,2,8.511717379327814,2,0,1
5.817491520840036,2.548946486720324,2,0,7,0,0,57.14499612345964,1,0,0,0.2464025647697911,2.17576802461581,1.4238571264061368,10.439783631794192,0,0.9711074114333529,1.1668598892798676,0,0,0,1.1101426990931973,0,0,0,1,2.0023057413913574,0.019174994746421366,0,21.391083112565525,6.598748017970056,0,0,0,1,2.7749933012055257,1.528,1,12.061243706643236,2,0,2
4.820009301654895,1.1349,0,0,9,2,2,60.7,1,1,0,4.722,1.544,2.331834053256581,12.114561156808078,0,0.9850401679896394,1.2451066459613351,0,0,0,1.228560649751405,1,0,1,0,1.711860883052446,0.0321732129395457,0,14.142910069363317,6.260677143980367,0,1,0,0,2.7749933012055257,1.8469838183128073,0,8.659019921657812,0,0,2
5.743589438717467,3.1459979351001586,0,0,0,0,2,44.229211385887666,0,3,0,1.1482341277881598,2.067824921805582,4.437,12.114561156808078,0,0.9985554399013132,1.1449120391465948,0,0,0,1.1538150544688444,1,0,0,0,2.152618145810974,0.0028113988184751727,0,7.5672887271219675,3.2647423732000704,0,0,0,3,2.7749933012055257,1.853611637163323,0,7.395220971487925,0,0,1
5.289138786940608,2.3713809657678366,2,0,4,0,0,37.97550933535196,0,2,3,1.236624763101777,2.8553135232426685,1.575782444773584,12.519,0,0.9890511695230648,1.1342132944696628,0,2,0,1.3713058136808556,0,0,0,0,1.6578174159998365,0.007880351266508278,0,23.02888468770767,2.4704349642175076,0,2,0,3,2.7749933012055257,2.2416901342877287,0,14.223,2,0,1
5.526681748541941,3.676963466150784,0,0,0,0,2,37.24657208870219,5,1,4,-5.192502116420858,2.3225338827571615,2.254888157818344,11.588260475988333,0,0.9601949057231454,1.1717426610121906,0,0,0,1.3639976281304744,1,1,0,0,2.3998502291234467,0.021064072656166943,0,23.363401768393327,2.7429917439124174,0,3,0,1,2.267,1.6201117143186332,0,9.366555149063624,0,0,1
5.220603675675108,4.211705098068888,0,0,1,0,4,25.848081470130204,6,0,5,-0.008163530314120126,2.7976613311753766,0.8354449485569745,10.608215941387378,5,1.0676806624564452,1.1199779473931735,0,1,0,1.353429232152723,0,0,0,0,1.7877846573569545,-0.2572019087011255,0,2.9620438833936973,0.7956938752995352,0,3,0,1,3.153683532464392,2.582886136839662,1,6.599603191439749,0,0,1
5.5612199398660875,2.532324780627607,0,0,2,0,0,33.4605891538761,1,0,7,0.0961054524366079,2.5429786391804097,1.9744933918926055,10.92156050869552,0,1.029818339271031,1.1837664272410975,0,0,0,1.105619982549759,0,0,0,2,1.8393147673215875,0.022734232102751793,0,20.432318737170448,4.93625020972846,0,1,0,2,2.7749933012055257,2.371859325421643,1,7.730142522223606,0,3,1
5.402635723030001,1.7931501710043625,4,0,0,0,2,48.22719288980735,1,0,0,0.06575108627759785,1.544,2.4222982292083053,11.442195965524405,0,0.977150651388219,1.1735835116921143,0,0,0,1.1793723457308476,2,0,0,0,1.9982665950260898,0.06871946432377829,0,23.047573952748078,9.55497934388061,0,0,0,1,2.7749933012055257,1.528,0,10.065724800052395,0,0,2
5.063912314419763,2.6395217420740935,0,0,4,0,4,51.52935512552659,5,0,2,0.09520890940966106,2.34508798896116,1.2708768724905815,10.721416446113457,0,1.0148326021731349,1.1899930487063701,0,0,0,1.2756988981748325,0,0,0,0,1.3684490221561425,0.2048092922104891,0,18.115663204102987,3.4668387474268365,0,1,0,1,2.7749933012055257,2.0143695372633843,0,9.412837341124634,0,0,2
5.400715335822017,2.609882015764756,3,0,0,0,3,48.673085679651955,1,2,9,0.021523593520399523,2.8053068534866266,1.6138824383795234,10.960001672232067,0,1.0135762644515343,1.152890241433572,0,3,0,1.372572586985453,0,0,0,0,1.9022342459100978,-0.6457727138103045,0,14.879320322414788,1.5826924249240806,0,1,0,1,2.8074619774090324,3.806301920935069,0,9.010142642884668,0,0,1
5.99280989811312,2.8950663400758434,0,0,0,0,2,60.7,2,0,0,0.11053163867596474,1.7877499210518413,1.7287340825099624,11.75892676809439,0,0.981820338475021,1.200030826324431,0,0,0,1.0748972065409357,1,0,0,0,1.9578659008131953,0.017598002734217213,0,18.543816955759876,6.260677143980367,0,2,0,1,2.7749933012055257,1.528,0,9.116839463460417,0,0,1
5.508561482067048,2.302635397047428,0,0,6,0,2,52.45166968144239,4,0,0,0.0235997735297331,1.544,3.370806428542693,12.519,0,0.9801890789754683,1.1395118407727904,0,0,0,1.2086252725969833,1,0,0,0,1.9102823628948475,0.009269584919403138,0,15.656907190240013,5.192129236080374,0,1,0,0,2.267,2.1791875833730447,6,7.912653012088576,0,0,1
6.269448681565534,6.337723167872136,6,0,0,0,2,42.54233107483411,2,0,3,-0.08983205027695451,2.142036436247829,1.9664562040538647,10.956702497767285,0,1.105223433300123,1.1312210693748612,0,0,0,1.2802028147124431,1,0,0,0,2.1467559496888535,0.02675683528179825,0,10.741078924916406,2.810461919347029,0,0,0,1,2.7749933012055257,1.8824799742889555,0,9.467083472418336,0,0,2
5.845112263074502,3.197938747311437,0,0,0,3,4,46.86315275606147,2,0,0,0.7983704441999206,2.374293585935651,2.944629726419978,10.914794574528377,0,1.0071816493460357,1.1470172360980175,0,0,0,1.128068346184449,0,0,0,0,1.8320804639486252,-0.26888393485009376,0,18.840927650886297,12.355155341621243,6,1,0,0,2.267,2.684647793567675,0,10.267930902161357,2,0,1
6.07305299713394,2.321439422395254,0,0,6,0,1,44.048661614081055,6,1,5,-0.0224348826193826,2.243318922086134,1.0210853926550914,10.599065018696516,0,0.9766448646537522,1.1700756080569705,1,0,0,1.1831557881147143,2,1,0,3,1.493175819377449,-0.12432911726803404,0,1.5707331156338586,3.7335606262686123,0,1,0,2,2.267,2.210139029797276,0,9.279052881164096,0,0,2
5.58169268904047,3.132605302584009,6,0,1,0,2,25.226798023198114,1,0,0,-0.0031642342071025085,2.2909271275704377,3.9303197496136644,11.08076281269363,0,1.0206883238524538,1.1212608094016794,0,0,0,1.2014014300752542,0,0,0,2,1.9493146792302138,-0.011409001161495227,0,17.143838391431146,10.988320282725036,0,1,0,3,2.7749933012055257,3.133495267389527,3,9.274099629269413,3,0,2
4.74315177172129,3.585534513219035,2,0,0,0,3,43.77551350802014,4,0,13,1.2556945510937525,1.7307390320266918,2.1234886799239328,12.519,0,1.0611501062116806,1.1550295122727217,0,0,0,1.056922053071767,2,0,0,0,1.8320804639486252,0.016160179725315634,0,7.95726250744296,3.299078614081138,0,1,0,1,2.7749933012055257,1.528,0,9.704596766684565,0,0,2
5.561118970126982,1.990927856505472,8,0,16,0,2,47.59815317384442,1,1,0,0.1245916066133767,1.8096966776142978,2.9839565932358316,11.113271317141532,0,1.16021685463697,1.1708158603026835,0,0,0,1.2103144352041382,1,1,0,0,2.057629965006006,-0.007090835076353958,0,19.565615937515417,2.937995729936402,0,3,0,3,2.267,2.2402667913824654,0,6.995562964563681,0,0,1
5.630763179953153,3.4576898848759248,0,0,3,1,3,32.075169197205256,0,2,3,-1.5403041267625084,2.3607870577220287,2.3937401227710904,10.485777821774178,0,0.9973946633875879,1.136389647559924,0,0,0,1.2091999422082294,0,0,0,0,1.629170215605434,-0.0004786160752636385,0,16.673972501642904,2.548557433987816,0,1,0,2,2.267,2.3744289907369533,4,7.756768391076772,0,0,2
5.287869552353765,1.5944087636952828,2,1,3,0,2,44.68499495128874,0,0,0,0.013090141979230049,1.544,1.9892373278735618,12.031488789499607,0,1.0239951078711036,1.14389162645971,0,0,0,1.2427655544624778,2,0,0,0,1.4525191705881557,-0.177219587443419,0,0.0,5.566613902937486,0,0,0,1,2.267,1.528,0,8.597357944193773,0,0,1
5.004641835882032,2.1469109476984043,0,0,0,0,1,60.7,1,0,22,0.16339947986644843,1.7877499210518413,2.6323754271954796,12.114561156808078,0,0.9676107421775703,1.2065685486538402,0,0,0,1.1399059701851992,1,0,0,0,1.4914046987627283,0.023359112226727353,0,0.0,6.260677143980367,0,1,0,1,2.267,1.5518822171052848,0,9.201136621378422,0,0,1
5.786581127275687,2.9779535590517474,0,0,4,0,1,40.93493555448287,5,0,27,-0.09341199622934566,1.544,2.3379914283356187,11.91073681587576,0,0.9899667757755581,1.2005270162304176,0,0,0,1.0668670367844089,1,0,0,0,1.270762573315626,0.0017387377066362183,0,20.126967382967358,6.260677143980367,0,1,0,0,2.7749933012055257,1.528,0,10.160545997459979,0,0,2
5.743554610289241,3.260916445385022,5,0,0,0,2,37.42001718955949,4,2,0,0.0037506582538224553,1.8101628646413366,1.699368923866929,11.366244989163357,0,0.9806061112883725,1.1568794109168652,0,0,0,1.2484569680695845,0,0,0,0,1.6926367680779832,0.005302415093527354,0,21.44420178895365,4.849045456171815,0,9,0,1,2.7749933012055257,1.528,0,10.135182403784983,2,0,1
5.94254863360989,2.4489174369314313,10,0,4,0,2,58.3881086527216,3,0,13,0.05688478634594905,1.544,2.591283621100037,11.786895558800408,0,0.9795982165938658,1.163160534794494,0,0,0,1.165760319303132,0,0,1,0,1.9341496559025244,0.1610531717267227,0,0.11079935797796203,6.557309176382095,0,9,0,1,2.7749933012055257,1.528,2,8.082070917249556,0,4,1
4.775613643181859,2.273195261229566,0,0,0,0,2,41.62030986383289,1,0,7,0.3712244006374472,1.544,1.176150993031663,11.859233263437869,0,1.0122187525556998,1.1835654065528858,0,0,0,1.273975379776433,0,0,0,0,1.9778157666472111,0.014209578040536224,0,0.0,3.8729267794256597,0,1,0,1,2.267,1.697763280592453,0,8.328532128174194,1,0,1
5.463319353801434,2.241060969936054,0,0,0,0,1,52.813210907539215,0,2,0,0.06503487843668447,2.5251289272087156,1.4204231913662466,12.114561156808078,1,0.9698882335245405,1.1379700541147153,0,0,0,1.277336800514168,0,0,0,0,1.775421685133527,0.02241846277380782,0,12.526011072532732,5.013939660368271,0,2,0,0,2.267,1.7721503360093571,0,9.21650017846578,0,4,1
5.284849800903414,3.3565683132530197,0,0,0,0,2,34.45870848347405,1,2,0,0.04391922844613176,2.6731786668276674,3.453861804612993,12.114561156808078,0,0.9672095433035728,1.1428166695720403,0,0,0,1.2579557054154877,0,0,0,0,2.082380441967162,0.011618544533365546,0,10.858931695314885,10.71224069861386,0,1,0,5,2.7749933012055257,1.6835450365985765,4,8.291234361273755,0,0,1
5.699273288804172,2.875804533197479,0,0,14,0,1,39.66004586353695,1,0,12,0.13868824337664878,1.544,1.5418445167541759,12.519,0,0.9974120323081838,1.166635926749795,0,0,0,1.2893144286850926,1,0,0,0,2.0038642664393636,-0.11570597952015513,0,17.055213785507796,5.219095682418992,0,0,0,1,2.7749933012055257,1.528,0,8.815630199502616,0,0,1
5.674736252334565,2.996031494733394,0,0,0,0,1,44.57414519422866,1,1,0,0.15789399256754386,1.544,1.8919399723071844,12.519,0,0.9615315530397747,1.1893458425166774,0,0,0,1.1799126721599187,0,0,0,0,2.1576629010216504,0.06004072738551262,0,16.408089078535465,5.085916708361476,0,1,0,0,2.7749933012055257,2.066461192297191,0,13.790618980080092,0,0,1
5.146808541763039,2.8442240803105188,0,0,0,0,2,60.7,0,1,0,0.1077812570164605,1.544,3.0694201605368328,11.736336013224697,0,0.957,1.1468053239652356,0,0,0,1.0870861465444095,0,0,0,3,1.691758300219456,-0.018333877438327203,0,10.511956274299997,3.59014720260821,0,3,0,0,2.7749933012055257,1.869809805328675,5,8.371202471292237,0,0,2
6.490864058895563,3.916414907997342,0,0,0,2,1,36.89509262536354,4,0,0,-0.04210946545329882,1.598545573284361,1.3623953824436237,12.327043371528124,0,1.0833298532464128,1.1464229057142092,0,0,0,1.1445793075834414,0,0,0,0,2.086292703414463,0.006270990877142698,0,26.165296133512534,4.131521959259244,0,0,0,1,2.7749933012055257,2.1301002518386087,0,9.254381421286055,0,0,2
5.503487720284899,4.670251181998186,0,0,0,0,2,37.01756501948711,2,0,0,-0.4550095900160006,3.7792219321444778,1.2033701616720243,9.871956548370264,5,1.0465538860710224,1.1330524271758449,0,0,1,1.2868543782723698,0,0,0,0,1.6231368199143008,-0.013732604723520012,1,32.50287029265869,6.864642196625558,0,8,0,2,3.595396588782626,1.9166822548541744,1,8.392880432848942,0,0,2
4.512306310921883,2.646020511275859,1,0,0,0,0,53.637119989212735,0,2,22,0.6763946406193218,1.544,2.2946946087759033,12.519,0,0.9609307960235072,1.1806365455178112,0,0,0,1.130305984161864,1,0,0,0,2.1151050926332866,0.033630887572032565,0,29.44424134087348,4.520076847480686,0,0,0,6,2.267,1.528,0,9.862143297846833,0,0,2
5.476057974060415,6.360526747665554,0,0,0,0,1,45.08611600377286,5,0,0,0.1496873164747197,1.8366141165799506,1.3542701639259784,11.254380025007642,0,1.131782968720587,1.1596010543683837,0,0,0,1.0459978340601848,2,0,0,0,1.7540731086949022,0.48215639000662736,0,19.508764506952474,4.655617370623191,0,5,0,1,2.267,1.528,1,13.593545967691595,0,0,1
5.685076371187755,3.8026395353484634,2,3,0,1,2,58.738248756349584,2,0,7,0.7415088897132478,2.4797717683734057,3.2341440974278446,10.864983495997063,0,0.9824302780297826,1.16696532686741,0,0,0,1.158652621682882,0,0,0,0,1.4899107067268154,0.020186100075888835,0,24.137603488089553,10.419043028298368,0,0,0,5,2.267,1.8391124194574013,0,9.036206808221733,0,0,1
5.115114242853763,3.070392479297749,8,0,13,0,1,49.273028948333014,1,1,0,-0.024819796686925445,2.515391196398216,1.3088929847824824,10.673252182992623,0,0.9762303826568616,1.1748751498143057,0,0,0,1.340917740686075,1,0,0,0,1.6346909755568064,0.007691347077965606,0,20.983137449912043,5.274175866584882,0,1,0,6,2.7749933012055257,1.528,0,7.7550357990843315,0,0,1
5.396613429951227,2.379503877359719,1,1,0,2,2,47.60087169586331,1,0,0,0.3059194687759458,2.142587567248336,4.437,12.262274664397658,0,0.9860223606818549,1.1910659289722887,0,0,0,1.1833402465565084,0,0,0,2,1.9170346729476133,-0.003726185461186193,0,20.382065613080165,3.1012333583542566,0,1,0,3,2.267,1.528,0,8.317303555705056,0,0,2
5.67413370417488,2.097839277359876,0,0,3,0,2,46.95058332142228,1,1,0,0.04444915340280918,2.935376880622496,1.6572879185343574,11.523207391150548,0,0.9875807975497397,1.1424001085286903,0,0,0,1.2173175055294407,0,0,0,0,1.7305135303238122,-0.018013491687143036,0,23.663757786844478,4.589611212413692,0,0,0,0,2.7749933012055257,2.101734921027953,0,8.901354001301765,0,0,1
5.953064775012307,3.809351015722756,5,0,0,3,3,60.7,1,2,2,-0.03101059370242302,1.9106215929347035,2.5684860505714266,10.483903250695334,0,0.984855961551271,1.1799216369199055,0,0,0,1.2650906620131912,1,0,1,0,1.0,0.2219360636953303,0,12.544316103302423,3.9018350390327883,0,5,0,2,2.267,2.5596872386428737,0,8.163331667675559,0,0,1
5.333490071870405,3.9733951152915954,0,0,0,0,2,33.27629490715078,4,2,1,0.04417855297042782,3.4977793003332263,0.01088936759149367,10.297470605310266,0,1.1231167370469486,1.1022555067168502,0,0,0,1.268555785917042,3,0,0,0,2.206699257136712,-0.03018829739319967,0,17.588139355589306,2.409961594923298,0,1,0,0,2.7917370641006642,1.7470599673646636,1,7.092904799952415,0,0,2
5.55836307598709,2.7236453702267154,2,0,3,1,2,37.06143865704013,21,0,27,0.07448086769462148,2.2983300716855384,2.3682759861426326,11.010899562830865,0,0.9944432187251004,1.1349688166221201,0,0,0,1.1825762355686458,0,0,0,0,2.0275853517492055,-0.006415400089086004,0,17.06025240718308,5.8694195542610785,0,3,0,5,3.5021733823532832,2.0788848907507944,2,8.797836601641846,0,0,1
5.527925464862346,2.734862055817285,0,0,3,0,1,60.7,4,0,0,0.07518820655002456,1.7877499210518413,1.9179460882921529,11.174140243259073,0,0.9803660716828869,1.1784261854676483,0,0,0,1.11014920084762,0,0,0,0,1.9894495979965445,0.03600651659998041,0,14.922918535687138,3.2826384284331516,0,1,0,6,2.267,1.528,2,7.696641012440803,0,3,1
5.891816516873829,2.429713376116146,2,0,3,0,3,48.88695085421185,3,0,0,0.07307493963650673,1.544,3.221009587179589,11.77108878203703,0,0.9992276658610918,1.1469465004466548,0,0,0,1.220521022423138,1,1,0,0,2.000650902363351,-0.008827335564433797,0,19.989373806517722,8.799048715386872,6,3,0,5,2.7749933012055257,1.8056874778009289,0,8.347770700118662,0,0,2
5.591571443441346,2.291220987907748,5,0,4,0,1,45.39172805409605,3,0,0,0.03222489414668673,1.7877499210518413,2.78603966052731,12.519,0,0.9677485090501267,1.2197129674411207,0,0,0,1.161213335453237,0,0,0,0,2.0053111496963663,0.02579830878415119,0,25.576297485374237,8.961532745941463,0,1,0,1,2.267,1.528,0,10.150060091642555,0,0,2
5.611953448606792,3.444722881354654,3,0,7,0,5,55.53082517520356,1,0,6,0.0485762944486977,2.3714921565743197,2.5776454803176527,12.114561156808078,0,0.9812707348925638,1.1991806723607565,0,1,0,0.9731036796192971,0,1,0,0,2.134835259842934,0.054170194782810856,0,22.10392111436177,4.057627968211033,0,2,0,3,2.267,1.528,0,10.587722389528725,0,0,1
4.885175502545476,3.0983896129468715,4,0,3,0,0,60.7,3,0,3,2.003414974246155,1.8269716012084865,2.2082061522225915,11.500675655933078,0,1.0447447324182986,1.193135898048788,0,0,0,1.3662395269775114,1,0,0,3,1.7358839154676597,0.35802686389936617,0,15.29096624829688,3.8376337040633044,0,0,0,1,2.9125046314679937,1.762555018977958,2,9.473850984319057,0,0,1
4.463993067449971,3.2607672015426905,2,0,2,0,0,53.659816681682145,6,0,22,0.10786592245459825,1.7877499210518413,2.8834254661688288,11.286573222943439,0,1.0301189130299144,1.344475479803954,0,0,0,1.2035319857837106,0,0,0,0,1.8479498858345065,0.03222259174094573,0,0.0,4.404927758944507,0,1,0,1,2.267,1.528,0,8.125140158578645,0,0,2
5.435050524828593,3.5914506897155656,0,0,0,0,2,39.911614969520386,1,0,0,-0.049093515736348466,2.3111743996227743,1.6736577604058642,11.953548668494866,1,1.0717603924276764,1.1350656415035587,0,0,0,1.225983235964376,1,0,0,0,1.9189501688988357,-0.02400398495146318,0,23.298819802213373,4.413127284868889,0,5,0,2,2.7749933012055257,2.4681527283822335,1,8.528285071218109,0,0,1
5.91310029821917,3.991080037777622,0,0,0,0,3,47.10412285355419,5,0,0,0.05941013811040291,1.8917741614608836,1.1369747186346126,11.570537371087237,0,0.957,1.1693113747525323,0,0,0,1.1685024037684275,0,0,0,0,2.267133492070849,0.35468484688594565,0,20.240512636515643,4.957763555974412,4,1,0,1,2.7749933012055257,1.9137530279839887,0,7.701414100974369,0,0,1
5.537867478740535,2.6160056433165306,0,0,3,0,1,60.7,1,1,0,0.1474768234633404,1.544,2.452278307219858,12.519,0,0.9698626369747422,1.2079725487107238,0,0,0,1.1451787644242453,0,0,1,0,1.993128362750709,0.030781258822976977,1,26.236995174428458,5.651809877117939,0,0,0,1,2.7749933012055257,1.528,0,9.701061629517891,0,0,2
5.788240897641824,2.3124778623060482,0,0,2,0,1,48.19107414575693,1,1,0,0.10557713588494104,2.9575747155419156,2.169185451303797,10.885632182370307,0,0.9863289472677551,1.166932435653658,0,0,0,1.2059661382484244,0,0,0,0,1.995123490474175,0.03233768658921073,0,20.894334344802274,6.421824954905368,0,2,0,6,2.7749933012055257,1.528,0,7.4766374527876405,0,0,1
5.1115572502291595,3.300325493500967,1,0,0,0,1,54.79897458866327,4,0,0,0.055698750018703065,1.544,1.9179460882921529,12.519,0,0.957,1.1846218698987068,1,0,0,1.0965889504396826,2,0,0,2,1.3928837999509582,0.006701317026362811,0,28.156280221137354,5.082263233226495,0,9,0,1,2.7749933012055257,1.528,0,9.316522228415906,0,0,1
5.469771442765617,3.7476763594182962,7,0,2,0,2,36.11123398332373,0,0,5,-3.34750848189941e-05,3.113076832633138,2.005526697409901,9.940603900741404,0,0.998724760975938,1.1156826912671136,0,0,0,1.2701877754469109,1,0,0,1,1.9642689174343877,-0.005447761701253058,0,19.33824927696901,1.813399803726003,5,1,0,7,2.267,2.332458452503501,3,7.2735663164570274,3,0,2
4.8487356340195005,1.7767254748599057,2,0,4,0,1,34.96285086305025,1,0,0,2.6961951062691814,1.544,1.8126657637304535,11.628535302772713,0,0.957,1.206155830776893,0,0,0,1.0825489431752895,0,0,0,0,1.8320804639486252,0.0025863794807918106,0,20.22101844420231,5.810983932207845,0,2,0,1,2.7749933012055257,1.8317180484830589,1,10.219327548498715,0,0,2
6.192292663924506,2.9448758143228058,2,0,0,0,4,32.79629927847444,6,0,4,-0.07326014570146028,2.9207849963592896,1.9824856870802177,10.907279462645814,0,0.9962659014580703,1.1842788244118314,0,0,0,1.121722024919333,0,0,0,0,1.8504933291752017,-0.004759822559814641,0,21.084613356901702,5.122052720878343,4,0,0,0,2.7749933012055257,1.9130596961121928,0,9.794680051848854,0,0,2
5.738438916696693,2.6477586138517135,0,0,6,0,0,28.9544736496475,4,2,0,0.04638595159187519,1.9851491525099139,2.3911088660250797,12.372390371144041,0,0.9812263568787154,1.1425545926338894,0,3,1,1.23832508949002,0,0,0,3,2.0088247167359974,-0.01444164786946805,0,0.0,5.185658252234271,6,1,0,2,2.275213488698105,2.524358633914391,1,7.558432948705983,0,0,2
5.5146892415129845,3.649011705629058,0,0,8,0,3,51.69956830790424,1,0,5,1.2528547896834004,1.7973107985982917,1.542152926737744,11.340281902549814,0,0.9769711875881744,1.1260605966577455,0,0,0,1.2065211513048508,2,0,0,0,1.563013097038451,-0.09111779490090013,0,0.0,15.533240838880964,0,10,0,1,2.267,1.5610799600950238,1,7.9508362630367415,0,0,1
4.900245062671684,2.9858148677982292,2,0,0,0,0,41.54825721932873,0,1,0,-0.038224263587088754,2.316126551655656,0.8518137218880959,11.771279288911114,0,0.9810928586919493,1.1662918956304038,0,0,0,1.3546103674192262,0,0,0,0,2.0726127308928226,-0.0012804483002871129,0,23.0508949981492,2.9789720640222197,0,9,0,1,3.590818857563629,2.365951900024245,0,8.508521637686432,0,0,1
5.198093146835638,3.2498083188681184,0,0,2,0,2,56.216092744317294,4,0,0,0.6906339318953238,1.7877499210518413,2.660020423953236,10.716969228721181,0,1.0314380364967153,1.1870591894913187,0,0,0,1.1732151143201437,0,0,0,0,1.5529254543232573,0.019743010224741304,0,17.647893198932312,5.870455339891347,0,5,0,1,2.267,1.5759205311809419,0,7.244176840076682,0,0,1
4.961429664364668,2.457250267319346,0,0,3,0,5,60.7,1,0,0,0.051210535780756496,1.9274030797715656,2.5460611296321245,12.519,0,1.0155052927822912,1.1946597785484594,0,0,0,1.2378854940445316,1,0,0,0,1.912124558836331,0.028312428463399934,0,18.60160586725167,2.6490377788147015,0,1,0,2,2.7749933012055257,1.528,1,7.0405293941244915,0,0,2
4.120821365394843,2.7840393269897143,0,0,6,3,1,42.84975650559599,3,0,7,0.13559072853811321,2.3275001455997986,2.8690896869042177,12.519,0,0.957,1.1749878777340672,0,0,0,1.3131361084289517,1,0,0,0,1.8500602654627312,0.047085381650310155,0,8.357136253381883,5.7601832594529965,0,5,0,0,2.267,1.7684963141724555,0,8.826755566451377,0,0,1
5.57665071580676,3.075019495821122,0,0,0,0,1,41.73249823374541,0,1,0,0.029364264927940767,2.4029325841471287,2.7367269495288324,12.519,0,0.9637228682980945,1.186565011146408,0,2,0,1.2248324783835893,0,0,0,0,1.85917401794578,0.01679661300032113,0,24.381456589635906,10.175906283177651,0,1,0,0,2.7908200828183523,1.528,1,11.454032124812336,0,0,2
5.553770498798785,1.9605472408582691,6,0,3,0,1,58.20973808441714,4,0,0,0.09178366999166726,1.7877499210518413,2.770076187096971,12.114561156808078,0,0.9642563505150078,1.173369902924843,0,0,0,1.0504338165491194,1,0,0,0,2.2208952095060757,0.04557895235761408,0,23.530431701706373,6.260677143980367,0,1,0,1,2.7749933012055257,1.528,0,9.116717776753863,0,0,1
6.033076042686501,4.633321340264514,0,0,1,0,5,32.53189912482922,5,0,0,0.11815641077492145,2.3286525557679125,1.0731365286421137,12.519,0,1.0156621855349892,1.1542313902824508,0,0,0,0.9936350425395654,0,0,0,0,1.6539487135017668,0.007024599632900322,0,7.568298807835577,2.236319395052954,0,1,0,1,3.0112743075066946,1.779535870089274,0,10.044330484707848,0,0,1
5.070537917019109,2.617303094092503,0,0,0,0,0,55.25611650513872,0,0,0,0.18921692108524998,2.011955560357188,2.5545683769511855,12.519,0,0.9859980272272322,1.1746924464529094,0,0,0,1.3179321928862475,0,0,0,1,1.3759869605229793,0.021669848422460707,0,20.3254303026084,5.373383148263243,0,1,0,1,2.267,1.528,0,7.864315760036678,0,1,1
4.5489728789408845,2.166012962737244,4,0,0,0,2,59.01663065231008,1,0,3,0.13410141758420455,1.8972116535304278,1.5435902444070824,12.03018106617317,0,0.9970443696617297,1.1777177016296407,0,0,0,1.2885152890402396,1,0,0,0,2.235786248464987,0.03645831717623706,0,20.5640261628701,5.748233121863011,0,1,0,0,4.005531304337711,1.7177193090701446,0,9.400926962883494,0,0,1
5.839934100082967,2.418308229588537,0,0,0,2,1,58.639948106627514,4,0,0,0.06657442592615483,1.7877499210518413,1.6654773055535181,11.858585434145278,0,0.9682913442416669,1.1705036750383409,0,0,0,1.2674982230913996,0,0,0,0,2.0944801538708666,0.10044261564930941,0,14.62674692237913,3.299078614081138,0,1,0,1,2.7749933012055257,1.910224765553039,0,10.389160910292084,0,0,1
6.209129204164662,1.6846531284680142,0,0,9,0,0,58.92546098175445,5,0,27,1.189996726567664,1.544,4.437,11.721365088710678,0,1.0134251114673678,1.1739486563515238,0,0,0,1.2819180368781837,0,1,0,0,2.0948548948560655,0.012169246412379847,0,21.97320672045885,3.420880835262692,0,0,0,3,2.267,1.528,3,9.312218275597301,1,0,1
4.830192202039825,1.7274564449748255,0,0,2,0,2,51.71966404196596,1,0,15,0.06831948485110488,2.3144928866758545,1.5425321279532334,11.784213164661757,0,0.9649175462073875,1.1799842471654838,0,0,0,0.9637563792464738,0,0,0,0,1.6542273559975347,0.029896111263995006,0,0.18107111273139528,6.248849115061614,6,3,0,6,2.267,1.766340626611748,5,10.249254668589433,0,14,1
6.173142153944829,2.361319615757541,2,0,4,0,2,51.2485891996794,1,4,7,0.03988512355986354,1.544,3.9186199378210853,10.94476686084294,0,1.0083629492866866,1.1549800681416562,0,0,0,1.101207348202167,0,0,0,0,1.732024558781763,0.0011769133872750644,0,2.5768428646472747,4.521934978596374,6,9,0,1,2.7749933012055257,2.250080993221371,0,14.223,2,0,1
5.681598515534452,6.942948659065506,0,0,0,0,3,57.63543656790675,3,1,0,0.08336617256348021,2.1185259629699713,2.674266620793431,10.911105109299992,0,1.0029529500858947,1.1595662631951036,0,0,0,1.1637514098351938,0,0,0,0,2.3536629159304674,0.20536797009465724,0,20.78017314899413,3.8678924978055322,0,10,0,0,3.029713414352706,1.5399954405615925,1,6.339538947393904,0,0,1
6.3817858028018755,3.6364347874053715,2,0,1,0,0,60.7,2,1,0,0.8340828782872701,2.3422671640029114,1.799092074676341,12.519,0,0.9707213222283835,1.1823244054019864,1,0,0,1.1879039177385566,0,0,0,0,2.2059250073738617,0.1598370050477417,0,23.433565876395008,4.730876146689721,0,3,0,1,2.7749933012055257,1.5847675759576487,2,10.438309401197087,0,0,2
5.990702859962319,2.9503356960031693,1,0,0,0,3,48.448862391184704,1,3,0,0.21205391784258212,1.7044790185117962,2.0464819848927873,10.960628447368354,1,1.0016027083454997,1.160242120141909,0,0,0,1.1858656266498304,0,0,0,0,2.1235538215770546,0.018248225806748494,0,0.2581117462057192,2.88801667658028,0,1,0,1,3.4445500729333656,2.34148960556425,0,6.698559211541067,0,0,1
5.323813062581145,2.8954061059824774,7,0,10,4,1,60.7,4,1,5,-0.16883905793869874,1.544,2.691687658611287,12.114561156808078,0,1.0023130528187785,1.1424609399915038,0,0,0,1.1750129640537632,1,0,0,0,1.270762573315626,0.025120099911729303,0,20.635221403840138,4.731780768653891,1,6,0,2,2.7749933012055257,1.528,0,9.763322889501932,0,0,2
5.30555646651924,1.9977983904644474,2,0,1,0,5,35.57955531718246,1,0,0,0.02972222236840068,2.444367935025028,1.5897288046852083,10.595270764317835,0,1.037715357966765,1.1539696443620868,0,0,0,1.321808887956837,0,0,0,0,2.3514248861560327,-0.0026105353031700596,0,13.646270692542103,5.143686917881076,0,3,0,1,3.365887201688486,2.3411455555393985,1,8.5097709154951,0,0,2
5.450315759514563,3.4971655702406843,0,1,0,0,7,37.3466250559407,0,2,0,0.7829904958868961,2.6247703357567396,2.3178143488844287,11.325307902709593,0,0.9855736280265082,1.163786923637218,0,0,0,1.2972817153730078,2,0,0,0,2.271073367571765,0.7117677991526397,0,18.987773248394845,3.231111983730455,0,1,0,1,2.567759628724661,2.541068758552371,0,8.381387230423133,0,0,1
5.30940484432447,3.7038612713004513,3,0,4,0,6,36.04417581917365,4,0,12,-0.11523832834201936,1.7973107985982917,2.1254599910942584,10.876721247277864,0,0.9790211653758693,1.1895347902159275,0,0,0,1.2917968867413498,1,0,0,0,1.6195348156670366,0.03487865207412439,0,16.19606278214992,2.612839559765322,0,1,0,0,2.267,1.5337140202979125,0,8.095334961460843,0,0,1
5.500166604511468,2.519439017523199,7,0,0,0,3,37.51743639498676,1,0,0,0.86695975825701,2.2733962449143164,2.2984381073692175,12.015225232483488,0,0.9932404032803702,1.1594245185331595,0,0,0,1.2088926605154566,1,1,0,0,1.5685561129617411,0.02317060294283969,0,65.19551608644485,11.742963300314733,0,2,0,4,2.7749933012055257,1.899412498808326,0,8.731215913950981,0,0,1
5.483214889033369,3.3172741069804803,2,0,2,0,1,30.874371423559904,0,0,0,0.49668273219790837,2.178458995119125,1.746930402314687,11.063606100081666,0,1.1042089631825402,1.1433491303679573,0,0,0,1.1737970950956127,0,0,0,0,2.0779770130954733,-0.0034430244020877457,0,9.154863179130547,3.9360829538652338,0,1,0,1,2.267,2.6067150269673203,0,6.962231092637713,0,0,2
4.871471799465208,2.6407883957299862,0,0,0,0,2,42.6732134966722,0,2,0,0.07197544857402381,1.878290979888174,1.8571136619664412,10.713936661381743,3,0.9906204598261423,1.164611243124927,0,0,0,1.3313007341811138,0,0,0,0,2.2338480213585155,0.005907522718185282,0,16.234687630802853,3.3945432281955084,0,1,0,0,2.267,2.5029563606875467,2,7.608414359132089,0,0,2
5.885013460047341,3.1047228161333558,0,3,10,1,1,46.02663324128774,1,0,9,-0.14585018205968958,1.544,2.6454608154579797,12.519,0,0.9734332856293472,1.1746047455862385,0,0,0,1.1091332780797576,1,0,0,3,1.6157792724709927,-0.007379937007217405,0,14.854077722999303,17.114,1,1,0,1,2.267,1.9992532873156443,0,8.442087421792372,0,0,2
5.442873655472231,3.3723371079347935,10,3,2,0,2,49.948491244269974,0,0,14,-0.790966742508051,4.249153656952187,1.4138294504430655,10.051773625008988,0,0.981788128186113,1.1473286396539981,0,0,2,1.1810539324135645,0,1,0,3,1.8522741923516743,0.36768853344598407,0,11.018083439320256,3.567452317366479,5,8,0,6,3.126729123590666,2.4442620105332553,1,10.139717468647266,0,8,1
5.551396933239493,1.1349,4,0,3,3,1,30.308282334477983,1,3,0,0.0564146160729573,1.7877499210518413,2.0937257374166918,12.041613354764888,2,1.0368577959784036,1.1593195237423681,0,0,0,1.1256142875338555,0,0,0,0,2.177192069527708,0.035660047055186696,0,2.6685387825429063,3.0283143221750346,0,1,0,3,2.9877483105999625,2.5452305812258254,2,9.60253067788659,0,0,1
5.013555281958522,2.566032024093898,2,0,0,0,2,36.130795262253976,1,2,5,0.055182554510057,1.8556586455809818,1.9819019682520733,12.114561156808078,0,1.0078185320020432,1.1573095269627918,0,0,0,1.2046008832883068,2,0,0,0,1.509941827313956,-0.009841529260220905,0,22.496132333877018,4.469891202874606,0,1,0,1,2.7749933012055257,2.126147956815341,0,7.465465918218441,0,0,1
5.218326889815142,2.357673598718898,0,0,6,0,3,40.998453429774294,5,2,1,0.13761570463357303,2.4301545317692588,2.6533253763765017,11.392113568637084,0,0.9788381784508341,1.1404822761651752,0,0,0,1.1296011149326004,1,0,0,0,2.06388472810347,-0.5762767956018517,0,0.0,4.489791450764174,0,1,0,0,2.9390560637629393,1.528,0,9.714071483111713,0,0,1
5.764661852772402,2.7746535732994504,0,0,6,0,2,50.651037022228216,1,2,0,0.08649395383135006,1.864950245772291,2.6535353546303373,12.293080917290387,0,0.957,1.2043414075104875,0,0,0,1.1556776009762286,0,0,0,0,2.444334828910566,0.014609646465033987,0,32.03566019132807,3.6059851457465046,0,4,0,1,2.7749933012055257,1.528,0,10.12048360984421,0,0,1
4.548584206762982,2.6791966198986987,0,0,0,0,1,35.221932328201405,2,1,0,0.10121913626079701,1.9847390284621738,2.54079395825095,12.35179797293883,0,0.957,1.1850241371918397,0,0,0,1.2312329166366522,0,0,0,0,2.270916391592051,0.017450954566580232,0,19.251415906379144,4.867701989531838,0,1,0,1,2.854663364084077,1.528,1,9.170273166787105,0,0,1
5.1787564096163115,2.2490819134783977,1,0,2,3,1,37.76440296459907,1,3,8,3.6040390043083192,2.223642431918935,2.7122380611845816,10.85169020049441,0,0.9756198240064672,1.1361795128268548,0,0,0,1.0997638679453816,0,0,0,0,1.725439950385422,-0.029739886068873757,0,24.745294282869473,4.145326762443363,0,4,0,6,2.267,1.528,1,9.500748459511604,0,12,2
6.2432629968966165,3.40029538344925,8,0,3,0,2,47.728162825642485,6,1,0,1.5221746156757638,1.544,2.9010101535516264,11.490769441782623,0,0.9773906674884643,1.110076205160732,0,0,0,1.1700919498719007,0,0,1,0,1.8320804639486252,0.0026149268361934583,0,19.361709673177874,5.137960687937453,0,10,0,1,2.7749933012055257,2.3164592308838103,0,9.153212221808252,0,0,2
5.727123623135467,2.551647580610182,1,0,9,0,1,56.58820321361638,4,2,0,0.11871742916258161,2.004419929671116,1.1179336576288292,11.673465108890658,0,0.957,1.206128883785445,0,0,0,1.0721219521443646,2,0,0,0,2.2408989343886967,0.038208497595025176,0,11.57878985419271,10.069249319658468,0,0,0,0,2.267,1.528,0,9.867427389857637,0,0,1
6.045214500819104,2.449835320251628,0,1,0,0,0,53.054029227862046,1,1,0,0.08111970040289228,1.7877499210518413,1.6341895947019311,12.028739093029847,0,0.9933751513321097,1.1691323086501606,0,0,0,1.1048259281824389,1,0,0,0,2.4509290903191276,0.013104457961809021,0,22.681628608358643,3.38749568240659,0,1,0,1,2.7749933012055257,2.1347120618869893,1,10.96818648409042,0,0,1
5.9273073376659,5.827132926525253,7,0,0,1,2,43.29741503354884,6,0,0,-0.0555585272577975,3.2609706972588985,1.318508615051916,10.355262904126441,0,0.9939810268800896,1.122422143555609,1,0,0,1.253400827999797,0,0,0,0,1.48235633597637,-0.30314953726838256,0,15.228590468025477,1.703898575516315,0,5,0,1,2.7749933012055257,2.983641914999356,1,8.276804851024684,0,0,2
5.848329150786731,3.8283299703377733,0,0,9,0,2,27.054218846418518,1,1,0,0.025346309461317332,1.544,1.523217217295814,12.016309549758926,0,1.041006398461513,1.1224880706774012,0,0,0,1.3049803691753845,0,0,0,0,2.147380522702187,0.011586090480245512,0,19.23419961982684,3.5284051138534136,0,4,0,1,2.7749933012055257,1.528,0,8.374493502734776,0,0,2
6.0810300615390345,3.8261833946716175,0,0,0,0,2,33.69224876445741,3,0,11,0.05294075750269957,1.9463671239175189,3.0694201605368328,11.70663723324838,0,0.9810100829597966,1.1787437385130113,0,0,0,1.1326010410653362,1,0,0,0,2.2004815080211584,0.005971333164202736,0,17.278314395543283,6.260677143980367,0,1,0,1,2.7749933012055257,1.528,0,8.591849839940423,0,0,1
5.2989339799608155,2.3245046634032183,0,3,2,0,2,33.25422085863849,1,0,3,0.04965745720158376,2.5915654294548705,1.146632722380497,12.519,0,1.1108052957428955,1.1457668458486667,0,0,1,1.162303162134729,0,0,1,0,1.7215345338629962,-0.002087747155445891,0,0.0,2.031352075476484,1,0,0,0,2.7749933012055257,2.1078127349580082,0,9.014665792984422,0,0,1
5.474139467260527,2.972382149159985,2,0,2,0,2,48.48690058895553,0,1,4,0.013535035297777774,1.6366530413008882,0.7146799231062269,11.715706725062882,0,0.9884383667969228,1.1836406187438495,0,0,0,1.2978221528213991,1,0,0,0,1.6873035547359259,-0.0027685132032440585,0,19.377920921261715,5.676456258703112,0,1,0,1,2.267,3.171855236233541,0,7.712619275355385,0,0,1
5.686008808333102,2.497103117177364,0,0,6,0,2,39.56938711080926,1,0,27,-0.4531699467525424,2.488287799050666,2.5987398318630124,9.932467670453518,0,1.1192718626634124,1.1485799641054901,0,0,0,1.1336139171995816,1,0,0,0,1.4744557317479319,-0.013937513393837362,0,0.0,4.254339431578069,0,1,0,1,2.267,1.528,4,7.832659644608819,0,0,1
5.189187125305248,3.0168754993069182,2,0,0,0,0,55.34336835925154,0,1,10,0.09784412117169851,1.9905019787980651,2.526671155547806,12.114561156808078,0,1.0404025624084927,1.3408007557756856,0,0,0,1.1792503272034736,0,0,0,0,1.9451252798437815,-0.004681198740554173,0,22.709851811110234,4.131598404587646,0,1,0,1,2.7749933012055257,1.528,5,11.11194445762986,3,2,2
5.50781553235077,3.361378958497251,0,0,1,13,1,52.79806667616125,0,2,0,0.0235000420135934,2.3096093963260813,1.2312281189901062,11.872074406275349,0,1.0579398636509647,1.1583012403204713,0,0,0,1.2405361803296067,1,0,0,0,2.187389574407161,-0.0015638311089254823,0,25.14157656454671,2.582534106830285,0,0,0,1,2.7749933012055257,2.760742560090237,1,8.366559410101232,0,0,1
6.14035612258874,3.622644501179736,0,0,0,0,2,45.825413300330574,2,2,0,0.37453641441688235,2.3527112335710854,0.7863360692798661,10.334548453085189,0,0.957,1.1299924510718105,0,0,0,1.1768128813107996,0,0,0,0,2.250196959556462,0.4465512530844713,0,20.79193436283358,3.984020454340758,0,1,0,2,2.267,2.003599086731066,0,10.87869450896403,0,0,1
4.845262058236703,1.969948894648689,0,0,0,0,2,51.96552485847968,0,1,1,0.07914419182301105,2.4025833553738476,0.98271318212403,12.519,0,0.9726223239392435,1.1659372047728098,0,0,0,1.213701924904176,0,0,0,0,2.084025020112481,-0.046002626999056766,0,23.691243299684842,2.741208547452495,0,1,0,2,2.267,1.7294673668282163,0,9.241741985115707,0,0,2
4.9874183809947406,2.591510000694694,0,0,0,0,2,60.7,1,0,0,0.2032971765022157,1.544,3.0694201605368328,12.114561156808078,0,0.9818014178868731,1.2079725487107238,0,0,0,1.1163511861903817,0,0,0,0,1.940008605803162,0.04720054223410636,0,15.234661041253272,5.803015271175237,0,1,0,1,2.267,1.528,0,9.272998060245436,0,0,2
6.170039996365567,3.1863958435364035,0,0,0,0,2,60.7,4,0,0,0.03917049648224872,2.3082175527971813,2.6364666663190324,11.854483776964486,0,0.9926561310959005,1.1401954494866946,0,0,0,1.2203018554994927,2,0,0,3,1.9445427586025714,0.02705569520037072,0,22.676091771711587,5.477533282948964,0,1,0,1,2.7749933012055257,1.9730006743883448,0,7.990434450618358,0,0,1
6.059007267378144,3.540789476357314,2,0,16,0,0,60.7,1,1,0,-0.018730562187527302,2.422421632788446,3.927674912643135,10.615443069523547,0,1.0057132782764353,1.1527176736928249,0,0,3,1.01646129867518,0,0,1,0,1.980563386050344,0.022903646735347265,0,26.22003556360292,4.1995577919013645,0,1,0,3,4.534041231839025,1.528,0,10.015873578209794,0,0,1
