V1,V2,V3,V4,V5,V6,V7,V8,V9,V10,V11,V12,V13,V14,V15,V16,V17,V18,V19,V20,V21,V22,V23,V24,V25,V26,V27,V28,V29,V30,V31,V32,V33,V34,V35,V36,V37,V38,V39,V40,V41,target
4.279892792362024,3.4921530698610317,0,0,1,0,0,31.317271550280196,0,1,0,-0.0006206106284952476,3.1943339982468695,1.0728872487930807,9.048421365624268,2,1.023509131167639,1.1360699338436773,0,0,0,1.259471837518174,1,0,0,0,2.138927405159594,-0.0019530688676490302,0,10.870939539636295,2.891548094195114,0,0,0,0,3.7000004643391065,2.8250728941640952,2,8.784393175883853,0,0,1
4.398265459184921,2.665538694209782,0,0,1,0,0,29.6671672589102,0,0,2,-0.011737108606777721,3.321702500335044,1.626855424109747,9.95966248179438,0,0.9779206857268888,1.1355125279751705,0,0,0,1.25019106817793,2,0,0,0,2.2741982309301494,0.001993548039001527,0,0.031165600099763827,3.3012637193490804,0,0,1,0,3.6706658648957973,1.899604143560391,1,8.515506971734055,0,0,1
4.4228060896631005,2.878846662368416,0,0,1,0,0,30.57278095669622,1,0,0,0.0763178785354312,3.265982434358633,1.7440951044144468,8.72673108711388,0,0.9825836687281575,1.1343768773792788,0,0,0,1.2752778793711257,0,0,0,0,2.1721560599767016,0.001713997165243711,0,0.277586587704577,1.9356137553826347,0,0,0,0,3.279069171983092,2.2318179721967346,0,8.218706039356986,0,0,2
5.332034647710122,3.309372080857277,1,0,0,0,6,30.67206569180746,6,1,0,0.005257969566019534,3.41819328474431,1.0958939432187338,10.336611051932955,7,0.988793284788193,1.1286652527157508,0,0,0,1.2525024177123738,1,0,0,0,2.351131401568926,0.0035628843682285116,0,0.22343666043099436,1.9423644625704408,0,0,0,1,4.593572833471891,2.216859829382572,0,8.743793988249923,0,0,1
4.985520294185177,2.8268696634589867,1,0,1,0,0,28.93791443145612,1,0,2,-0.02567084493615422,3.3399768024613476,1.4353477740808565,10.264221338657807,0,0.9782289185443124,1.135864167329298,0,0,0,1.2521489226237155,1,0,0,0,2.3534889844482034,-0.0002606578553186889,0,11.858714491778567,1.8271684985816543,0,0,0,4,3.7436764080707023,2.054984707956196,1,8.321042883888891,0,0,1
4.406644483681866,2.708556049279651,0,0,1,0,0,30.249588425382072,0,3,0,-0.01807848275455329,3.6072860639385027,1.853205422411277,10.221788019634136,3,0.9944157601608771,1.1369640318944079,0,0,0,1.1349554643482005,0,0,0,0,2.2772549803710667,-0.004632836684689225,0,11.229850705207198,3.14383508353585,0,0,0,3,3.6443888293372106,2.192662899792633,2,8.534819984741056,0,0,1
4.432122058708072,4.189256051820657,2,0,0,0,0,29.589708927168523,1,3,0,-0.529287907483778,4.1047244512335315,2.8417395617664347,10.411218527704653,0,1.0225759957420744,1.1356550171117255,0,0,0,1.262513084998414,0,0,0,0,2.285113105335909,-0.00033543237269808006,0,11.088958745243954,6.945486161988247,0,0,0,0,3.7769820239438783,2.715120711118032,0,8.647988589066944,0,0,2
4.441323002593598,3.299581274703697,0,0,0,0,0,41.73392970904883,0,6,0,-0.7551039752808548,3.3479277138061603,3.1611066922708417,10.04334005696404,7,0.9946579805342967,1.1361801406546959,0,0,0,1.2288794831272956,0,0,0,0,2.309461204035418,0.002704885706272072,0,11.064352779072374,7.786022451486216,0,0,0,0,3.6555176981013116,2.193867416575383,0,8.399588587974693,0,0,2
4.463182253803462,2.693737820032148,1,0,0,0,1,31.010492695157254,1,2,0,0.002176942594130071,3.5274853962593378,1.1493834616162917,10.220013580176067,3,0.9886292791238175,1.1304838056713926,0,0,0,1.2342978513780418,0,0,0,0,2.0982094656845374,-0.004062715154298784,0,0.233050877889938,8.380469157626834,0,0,0,0,3.674756904554711,2.151143745452498,0,8.555086434713989,0,0,1
4.826071977373914,2.5351458041514494,0,0,1,0,0,42.01021107136554,0,1,0,-0.0018714131453830515,3.561480288775668,0.03653730755535323,10.271288103561542,2,0.9832968624008191,1.1244873562210203,0,0,0,1.251100709946001,2,0,0,0,2.3575846371523466,0.0013205858779713156,0,11.071758846040295,2.8606890423788927,0,0,0,0,3.760279402902675,2.0304157479841742,0,8.61951093303121,0,0,1
4.569456329878742,2.591840974970404,1,0,0,0,0,42.34040103888341,0,1,0,0.01644694411746724,3.815971687962814,0.8918665799416792,10.429562192247495,7,0.9889073373695344,1.1274104663285383,0,0,0,1.264601781826549,0,1,0,0,2.153917013713378,-0.0009912237752570134,0,0.44067440462403834,1.4309859969353023,0,1,0,0,4.366866494701119,2.158900298398579,1,11.922021059263287,0,0,1
4.218707482657833,2.6103303903041444,2,0,0,0,0,28.00354547329517,1,1,0,-0.7853778580330293,3.084544145664994,0.9524532983629348,8.79241008390282,0,1.0146103231918926,1.1368133140456853,0,0,0,1.2577396956819513,0,0,0,0,2.260785128039528,0.0033193353938511354,0,0.0,1.3201404595502397,0,0,0,2,3.6759688360423324,2.160934471688135,0,8.36707478777071,0,1,1
4.512815282610359,2.743486796543547,0,0,1,0,0,42.18521138199437,0,1,2,0.001558853060224433,3.38117092879914,0.1553453612559857,10.261098612509137,0,1.018061499533241,1.1310468226703514,0,0,0,1.261890091582704,3,0,0,0,2.3455006182418727,0.0014247476873433744,0,21.564392447004586,1.61848570206436,0,0,3,1,3.7458306142635083,2.8318558515475964,2,8.516151666673778,0,0,2
5.374727735765118,3.3431624328878082,0,0,1,2,0,31.807108138758732,3,0,7,-0.503266605606755,3.451733719390361,1.6006834407430983,10.450981480602877,0,0.98243865715762,1.1332726380447642,0,0,0,1.2327111145705854,3,0,0,0,2.360540866445755,-0.009253102023185258,0,0.12396002394009437,1.6738183012805528,1,0,3,0,3.734418663776174,2.709948737727038,2,8.998644605847199,0,0,1
4.88743077185803,3.2270620789512723,1,0,0,0,0,28.69708028377358,1,2,0,-0.009533812289441808,3.287575853015063,1.070475389126761,10.171394635167472,2,0.983978913300324,1.1338710712701503,0,0,0,1.2537954716905289,0,0,0,0,2.01179922318032,-0.007495872986238295,0,0.16801253749040457,3.1497087043412058,0,0,0,1,3.6786892505061153,2.1215099402092417,0,8.384800817589937,0,1,1
4.641529826022243,2.392437289245782,0,0,0,0,0,29.858495188134007,0,5,1,0.011120750321210094,3.3915548375873774,0.9681001230960461,10.32424040995958,7,1.0212782887248062,1.1339159677621706,0,0,0,1.1975737728860458,3,0,0,0,2.2501843847679286,0.010455160761577677,0,22.263678948514954,1.42661713619133,1,0,3,2,3.6702922451327704,2.794045407055662,1,8.420378064266204,0,0,1
4.799885770453259,2.4829323109881534,0,0,0,0,1,29.053943812544432,0,0,2,4.36724879066744e-05,3.225986299958814,0.4818491290440966,10.009743345227326,0,0.9810856908589052,1.1341205486208032,0,0,0,1.2588703992820367,2,0,0,0,2.266558167842658,0.00038812165720968636,0,0.08282961164758461,1.8207103895339336,0,0,1,0,3.6301876400861013,1.905778113500907,1,8.248013317233584,0,0,1
4.553191160680133,3.648664035342316,0,0,0,0,0,36.41543055421993,1,2,0,-0.7369654824431524,3.3394655852230377,3.1390979143984437,10.273615897241019,0,0.9913814447931089,1.137105418667281,0,0,0,1.240983270997154,0,0,0,0,2.263798637066481,0.0038734223425740434,0,10.281683549454781,6.850852361611884,0,0,0,0,3.6796588158672425,2.2392803073456253,0,8.394419644664094,0,0,2
4.782852404154747,3.732352859269759,0,0,0,0,0,29.178967967855687,1,0,0,0.01687344089916208,3.284941918275081,1.0707658495818981,9.968386221071027,2,0.9848392045129952,1.1369389709731703,0,0,0,1.1558499158750266,1,0,0,0,2.280536390619543,-0.007670070548562605,0,0.0974372733694465,1.49754650468173,0,0,0,0,3.702732192322488,2.0262783633903974,0,8.36004129172416,0,0,1
4.83663771957297,4.0327513522896465,0,0,0,0,2,31.596559914046903,0,1,3,-0.5749765141532914,3.3039466753479694,1.744544476957417,9.372377166722522,3,1.0186603623586556,1.130808261191126,0,0,0,1.2239305992351484,0,0,0,0,2.261116305943874,-0.010300790313115303,0,36.078461297522345,1.8270572838430517,0,2,0,0,3.6664944175363887,2.867177255817394,1,8.421799188598492,0,0,1
5.339632725555678,2.992241894967173,1,0,0,0,0,30.91688094106733,3,3,0,0.01953950390902548,3.5738658743439773,1.7629354707660498,9.727180491584,9,0.9861465117015686,1.1332890951291918,0,0,0,1.2715181354071479,0,0,0,0,2.288021637165527,-0.0038160808676497553,0,11.603807818437042,3.01511811600814,0,0,0,1,4.526634509100569,2.1232473506963894,0,11.941750292473255,0,0,1
4.357309798173725,2.932110386383744,0,0,0,1,0,30.214793844755267,3,2,0,-0.012111934152985284,3.2903342638253505,1.071982034037149,10.307131354697527,3,1.0280775347946722,1.1327312895001531,0,0,0,1.1565946539246097,1,0,0,0,2.2444317902602426,-0.003984421661674668,0,10.889747558213365,1.4598569634155774,0,0,0,0,3.204885825414389,2.1627371178761834,0,8.455382343724407,0,0,2
4.38141349689931,3.368999746494926,2,0,0,0,0,41.463778262507596,0,0,0,0.011700660073502128,3.0591527096862383,1.5939700683107048,8.56093655702771,0,1.0237098879540385,1.1291366902961741,0,0,0,1.2832740564463159,0,0,1,0,2.0002145033996896,-0.14144845333960177,0,0.0,1.5852291369762106,0,0,1,1,3.77503392831959,2.293874042340023,0,8.377571168850617,0,1,2
4.479168606145186,2.059902357963388,0,0,0,0,0,29.60293013650249,1,1,0,0.007381411907977651,3.4658020137702956,3.250701771052947,9.968273093738546,0,0.9778586218403875,1.140514368400458,0,0,0,1.1646665532446183,1,0,0,0,2.2812070126170227,-0.004277254660210865,0,0.2347981499787286,7.803563511649214,0,0,0,0,3.5248125753644373,2.0913632919617404,0,8.38395402371766,0,0,2
4.247469757302488,4.063118939640485,3,0,0,0,0,27.754921843139982,0,1,0,0.017699652366542834,3.020804161620191,1.0236088468763869,8.726534810496798,2,1.0288421693656202,1.1503547235019433,0,0,0,1.128178584390559,0,0,0,0,2.0460771468515238,-0.01982362093965788,0,10.60091295031764,2.908599381806337,0,0,0,0,3.6542014039478845,2.6353844730691702,0,7.4059910546503955,0,0,1
4.878464824202414,2.4324043134732793,0,0,1,0,1,31.040460916505026,0,2,2,-0.35903303706891043,3.737348879345369,0.8962736897187743,10.167946365886525,2,0.9868745154642667,1.1291505301387939,0,0,0,1.2497637413992926,1,0,0,0,2.32046619422459,-0.0023555612325079234,0,11.06169712913277,2.6812164898831097,2,0,3,0,3.6633421562708666,2.616699429168219,2,8.454668620089397,0,0,1
4.488647161354985,3.193557711947936,0,0,0,1,0,31.5027242839289,3,3,0,-0.025002949412711504,3.7193456960136526,1.6403919692070945,10.190597751830305,7,0.9933564543761886,1.1320016728537456,0,0,0,1.2196654648589074,0,0,1,0,2.1434494919231266,0.00384547873782727,0,21.978136176616356,1.6598378508410463,0,0,0,1,3.6886926113058927,2.28860130812768,4,8.552232100885472,0,0,2
4.925516549846682,3.3123302446986407,0,0,0,0,2,32.58300958340204,0,1,0,-0.006420161507307111,3.454065713815369,1.0813620104954247,9.949671348627952,7,0.9879017765570884,1.126000883678021,0,0,0,1.2453918914060795,0,0,0,0,2.298974080705907,-0.005137057077787616,0,11.155451340784833,1.527166581103221,0,0,0,0,3.7677997828013567,2.2528336072797925,0,8.526868825509457,0,0,2
5.2125321172331605,2.5305008537586917,0,0,0,0,0,29.504034736816177,0,3,0,-0.003451052351390184,3.0688196459768293,1.7293141422771685,9.99215501544401,0,1.0079900217207007,1.135972357632921,0,0,0,1.174855014645991,0,0,1,0,2.2653410416477135,0.032734684811807635,0,0.032138199552573174,2.9674643444618996,0,0,0,0,3.6132072789091265,2.137866476024505,0,7.215474822440594,0,0,2
4.828254497325089,3.250250779727927,0,0,0,0,0,30.506528174954788,1,1,0,-0.9618477135331501,3.8077421869665438,1.0570972302901793,10.123054281735152,0,1.023861980189482,1.132654130072091,0,0,0,1.1520887929830972,0,0,1,0,2.3081995655416114,0.00572119123972277,0,0.0,3.248831767121823,0,0,0,0,3.6543517827087566,2.089963988504015,0,7.6984748545495325,0,1,2
4.296902039655403,3.6860954953094835,0,0,0,0,0,28.556530684899844,1,3,0,-0.3431389986432917,3.1349919008472185,1.624851938835783,8.831901087553012,2,1.0227357983307093,1.1411177973615343,0,0,0,1.1566477770852388,0,0,0,0,2.097439611533065,-0.014899596115549064,0,10.332415012348577,2.97933820186323,0,0,0,0,3.599611347548105,3.5160907027856547,0,8.626319577209726,0,0,2
4.293102285836437,3.310976037678689,0,0,0,1,0,31.055625090733567,1,3,0,-0.49889273123511346,3.5319047644271375,3.2866398284878575,9.970017829020678,2,0.9895151793616824,1.1402954879672047,0,0,0,1.1975109446619134,0,0,0,0,2.1117374437403584,-0.005872703066658922,0,22.1184443220454,8.39873183317006,0,0,0,0,3.458484492578084,2.303225136017675,0,8.486960195959666,0,0,2
5.197258374103007,2.645164861053979,1,0,4,0,1,29.856892320623928,0,1,0,-0.012787782972877845,3.324090376850821,1.826755267042881,10.150025846366884,3,0.9862934289950286,1.1359970142122677,2,0,0,1.2313303210803435,1,0,0,0,2.3003398831416098,-0.0039835534056361,0,0.2176894419245532,1.4667501883113239,0,0,3,0,4.6287753709616375,2.0808099100427535,2,11.485749196557682,0,0,1
4.822331525414487,3.382351583982566,1,0,0,0,0,27.59467506999392,0,1,0,-0.985499481672239,3.309817251569881,1.106528896983709,9.893289223623196,0,0.9910740409403408,1.1402481818576171,0,0,0,1.1502558626270227,0,0,0,0,2.074066901539649,-0.0464683081725027,0,21.045662535363327,1.7556002438058318,0,0,3,3,3.6168352104058323,2.902635320764019,2,8.349591370700523,0,0,1
5.212092969876765,2.4574156759899792,0,0,1,1,3,42.475616077808745,3,2,0,-0.0034295059356256154,3.933462863557871,0.12549609611350387,10.365559390182018,3,0.9847635790272776,1.1260361801240746,0,0,0,1.25644497835644,2,0,0,0,2.3469933724552248,0.004124360136242251,0,11.062111033711835,2.8097632926705227,0,0,7,1,3.7921275311507605,2.041669837025745,0,8.53733376049952,0,0,1
5.354011297698215,2.478825349083891,1,2,0,0,1,40.21190928253226,0,6,3,0.0029885457272963234,3.653012378810958,1.7222392072389396,10.361958646831704,3,1.0148151934684333,1.1291041514145257,0,0,0,1.2717424975114042,1,0,0,0,2.3106523589441834,0.0008697541905021563,0,11.726661440904438,3.2482751615254033,0,3,0,1,4.501356924965955,2.728328708828334,0,9.222268411009974,0,0,1
4.877846353793175,2.5911828169502438,2,2,0,0,0,30.996141866454927,1,1,0,-0.024130217279019497,3.786080062482981,0.9564866977360442,10.100045761030312,0,1.0301413306169926,1.1285901222090893,0,0,0,1.2487586429459536,2,1,0,0,2.295256719486497,-0.0077174802613035895,0,10.850189836371067,2.8803641008243392,0,0,0,2,6.73834976805464,2.2276847469771566,0,10.963776443225553,0,1,1
4.810934980487005,3.235450455186971,1,0,4,0,1,28.615615680718914,0,0,7,0.014364951045731178,3.442115552810305,0.1284059640160938,10.120554066315913,0,1.026366853092401,1.1406483673031311,0,0,0,1.2357921492785175,1,0,0,0,2.2627438520697547,-0.007786501059951081,0,0.13273138435761728,1.566413973036126,0,0,0,0,3.6664007081625005,2.1671601394212012,2,8.391254264304255,0,0,1
4.807205604431247,2.741737910525086,2,0,0,0,0,28.44106238086879,2,1,0,-0.78304053999775,3.3956028804986986,1.7018197678164813,8.977902794400876,0,1.0408255839463794,1.1414996304143423,0,0,0,1.2077229092587631,0,0,0,0,2.116708764751805,-0.015204637829344302,0,21.856841889376003,3.014953407944479,0,0,0,3,3.639989311134676,3.845830717058337,0,8.580521088089524,0,0,1
5.33547588789404,2.6028796571114508,0,0,0,0,0,29.863037856293435,0,3,0,-0.39429720888428876,3.2981299033722915,1.909443484707729,10.096205089664208,7,1.0149442648536688,1.130047996286539,0,0,0,1.2073410541671228,0,0,0,0,2.304922072741195,0.0010146897433403418,0,22.18616372682554,3.3004229978732607,0,0,0,0,4.427335905223811,2.831250659850399,0,8.360920071202528,0,0,1
4.247313079880864,3.315756290003163,0,0,4,0,0,32.17647894567414,0,3,0,-0.2145943523120629,3.391570961284315,1.5427279531603784,10.006022134941269,2,1.0152304785786255,1.143526069960033,0,0,0,1.150367895411168,1,0,0,0,2.1452215720676135,-0.004151629213556523,0,21.842165650587955,3.1063933102551067,0,0,3,0,3.641898678382176,2.6471740519488183,4,8.361598720982643,0,0,1
5.352104975546673,3.1680161556765083,0,0,0,2,1,41.9720729928851,6,3,0,-0.02579387991308967,3.529518520055104,2.7398871480208604,10.483964526067838,8,0.9890477956601701,1.1315384182310126,0,0,0,1.2001821161832975,0,0,0,0,2.378812703737038,-0.0015610169639262922,0,22.499425279775505,3.61577085422478,0,0,0,2,3.6823710984178053,2.1937006845470073,0,8.681819541114983,0,0,1
4.451064929680948,3.329554797973572,0,0,4,0,0,30.685103778056504,1,1,7,-0.0040297817049331,3.4512325696540813,1.6606641595770593,9.979366801909547,0,0.9872150312040539,1.1384806038821949,0,0,0,1.1857062078497085,0,0,0,0,2.2708101709966817,-0.005231226948138234,0,0.0,7.78157943803186,0,0,6,0,3.601320513591678,2.135995167874801,3,8.394670292351531,0,0,1
4.84598544368279,3.30662862303015,0,0,4,0,0,31.33063166228829,2,1,7,-0.4547420712046969,3.4738747222725586,1.8322887839216877,10.136009856297923,0,1.0305621715369038,1.1387114537812502,0,0,0,1.2253315460343739,0,0,0,0,2.1971949238306006,-0.0033791960623664958,0,22.1014790665228,3.3000405880755523,0,3,3,0,3.6831288044669845,2.128881137581743,2,8.610278453541751,0,0,1
4.81397930912295,2.6454326261061905,0,0,0,0,0,46.60075082158847,1,1,0,0.00907392017660171,3.3356639112709803,1.7260807926823991,10.176372340445027,0,1.0306913210284774,1.1296205366799632,0,0,0,1.2323706786444828,3,0,0,0,2.28394885135476,-0.00975955972944804,0,11.132518134586283,3.247688175513122,0,0,0,0,3.742169467804766,2.191069794899826,0,8.515806426373437,0,1,1
4.904424366479236,3.4079336537453875,1,0,0,0,3,42.5128587174585,0,1,0,0.014159423470360453,3.3576784320369693,1.0807954523620495,9.978799797912057,3,0.9871787299981886,1.1210994460734107,0,0,0,1.2678053916731113,0,0,0,0,2.267485587285414,-0.0016423846563026825,0,0.10061369138276569,2.896673527361583,0,0,0,0,3.7338413651743054,2.2172984971176826,0,8.4237802961123,0,0,1
4.880540155981033,2.5131548436582642,0,0,3,0,0,42.41058624853979,1,0,0,0.0017650482086682114,4.172784273983636,1.557194570913652,10.589169990574744,3,0.9848246959098934,1.1264410824187354,0,0,0,1.272902660776911,2,0,0,0,2.3227990425456024,-0.001984871534108254,0,22.134271349995508,1.7448631576012053,1,1,0,1,3.7122184346937552,1.9905626680147954,0,9.238969076908251,0,0,1
5.271048001682769,2.5454007908227267,1,0,1,0,0,31.760490198459646,0,3,0,-0.6748664409246056,3.4120751217328027,1.0349698386426616,10.07611581757375,9,1.0271883318674417,1.1303920604963276,0,0,0,1.2423752253388898,1,0,0,0,2.2703047782868184,0.009250483483870114,0,22.185036384047663,1.519379815006125,0,0,0,0,3.8293976844443955,2.8239111962148558,0,9.157946494296493,0,0,2
4.39551709408106,3.463667159837077,0,0,1,0,0,30.72688031766088,1,0,3,0.5995487032960323,3.2513477547125067,0.9966893863078746,9.857415411762288,0,0.9940762109009104,1.1442903801751876,0,0,0,1.2453791235852318,0,0,0,0,2.059638267908265,-0.05391527834036904,0,0.0,2.6148103574873467,0,0,3,0,3.741330536007781,2.613127106177467,2,8.473551800020454,0,0,1
4.518119223901283,2.536942404996092,0,0,0,2,1,40.74502730647168,3,3,0,-0.6662434653214149,3.318647911932691,1.78234278818527,10.203432785786262,7,0.9872190719763422,1.135979382304791,0,0,0,1.2191186005292307,1,0,0,0,2.2869083183911774,0.0052078825430788124,0,0.21525668158936273,3.529364674661108,0,0,0,1,3.6002080663690053,2.1740424109033216,1,8.342527445937625,0,0,1
4.436187894640166,2.472389200174167,1,0,0,0,0,30.162660230458354,0,0,0,0.0035356540697142535,3.1064893477953186,1.4146413149032586,9.075936556249735,0,1.0271541656399719,1.134862736960062,0,0,0,1.2246318717710543,1,0,0,0,1.9870792845121974,-0.001630746370390896,0,0.0,1.6076235717040877,0,0,0,0,3.5785923204169756,2.157052867715736,0,9.719524217168326,0,0,2
4.843104738347544,3.236143719544807,0,0,2,0,3,31.496563450608054,1,2,3,-0.011943719413927363,3.3574861270545067,1.0972335985913033,10.097654975638058,0,1.0205241301664238,1.1377253282255027,0,0,0,1.2465094733657907,1,0,1,0,2.3136616745737184,-0.005552582533954601,0,37.3987287397792,2.878952726496707,0,0,3,0,3.7065409004850607,2.2164611372219505,2,8.51408013623692,0,0,1
4.882952142639755,2.411801097407896,0,0,0,0,1,41.69804657013189,1,2,0,-0.005691253403764054,3.632832151814381,1.1449957816494747,10.460626347946961,3,0.9855011793820564,1.127494025117283,0,0,0,1.2540567916741505,2,0,0,0,2.326828867491907,0.0005133560232414992,0,0.06924247771312558,3.3636776537159223,0,1,0,0,4.473540465467768,2.0034783795672495,0,8.71256466062016,0,1,1
5.1832071400563695,2.778477302039271,0,0,0,0,3,30.546162594641064,0,3,0,-0.010564320550570728,3.3740905825250325,0.9991664534264427,10.215057945278042,7,1.0197221059922534,1.1305226321876745,0,0,0,1.2566741163750648,0,0,0,0,2.301680311700058,-0.013742924739179112,0,10.787384081492725,2.4737302198288154,0,0,0,1,3.8025643356254517,2.717442624323409,0,8.47072449210224,0,0,1
4.457804727226809,3.2971168354434353,1,0,0,0,0,32.765218725442736,3,1,0,-0.32517509915533366,3.5593607492461876,1.752611696030008,10.229032506665643,8,0.9870212323089296,1.133015532908478,0,0,0,1.234855834041683,1,0,0,0,2.111071745091543,-0.003764292419009786,0,10.993324657971739,2.8539633750357365,0,0,0,0,3.677947666339094,2.1598866512564707,0,8.575601586262183,0,0,1
4.778874663968909,3.3171364364612197,0,0,0,0,0,41.27940902803446,0,2,0,-0.612192626841101,3.3530224473611123,1.0534465032190379,9.06869966366303,0,1.0350340956339288,1.1324781063619809,0,0,0,1.2236718684724426,0,0,1,0,2.0973025352346384,-0.009876407784092928,0,0.005225707235039519,1.3119651241904302,0,0,0,0,3.776836232224547,2.992086265184601,0,8.550539229926791,0,0,2
4.936364539534244,2.607654934358171,1,0,3,0,1,39.9699291549532,2,0,2,0.011800425360462599,3.5573817372929772,1.1108294581028382,10.317472179882254,8,1.0215341826284734,1.1309996903568398,0,0,0,1.2818454713202996,1,0,0,0,2.3159175485836485,0.05690580952644861,0,0.27016342102552254,2.104667995236451,0,0,1,2,3.777645927234773,2.1122352726584155,1,9.154409183217332,0,1,1
5.026643479678933,2.7750463001725754,2,0,0,0,3,46.89712620181657,0,0,0,-0.0011712438826960796,4.048836866409281,0.9041656943603883,9.640657881966566,0,1.00802583016702,1.1087570178886936,0,0,0,1.3158817605785555,1,0,0,0,2.345136713910898,-0.016827838215129474,0,0.0,1.3824618659753978,0,2,0,0,3.821806720883697,2.2839023928230366,0,8.835180795611684,0,1,1
4.451129332384062,3.3262208598698364,0,0,1,0,3,40.74993140089885,0,0,2,0.008392895596096404,3.380524160453607,0.9654450717932934,10.048238935668756,0,1.0223689249187522,1.1322332116118734,0,0,0,1.2647229287627109,1,0,0,0,2.261661731147669,-0.001141390690546165,0,22.211194270219995,1.6295990757285816,0,2,1,0,3.6965459159154306,2.703886182273987,1,8.49542329830465,0,0,1
5.204202476162442,2.7981023641679403,0,0,0,1,1,42.51038285767753,3,3,0,-0.3495298874283759,3.645703588910118,1.6816186657176941,10.62842567787375,9,1.0243952538589098,1.1221717825223763,0,0,0,1.2776510107411647,1,0,1,0,2.361130295693626,-0.004400831449821348,0,11.71558832268508,3.024728687731972,0,0,0,0,3.7709452979780984,2.740017078887126,0,8.874616566146521,0,0,1
4.288064554469881,3.2455606349139434,0,0,1,0,2,30.430039143195476,0,1,2,-0.018137047806637552,3.3788718299173977,1.8756548498097523,8.915259888640234,3,0.9803594502466777,1.1355112910673157,0,0,0,1.2239571997476963,0,0,0,1,2.0383682315038065,-0.0005228536354129224,0,0.28782999195430914,1.9083392479623096,0,0,0,0,3.647560723738188,2.04323767419511,1,8.37375225704566,0,0,2
4.304231349375036,3.336524776083851,0,0,0,0,0,46.74155117545974,1,0,0,-0.0012138653194656139,3.2994937729037273,1.0610039909227595,9.021769956295701,0,0.9968233636151949,1.1245364874003496,0,0,0,1.2591959947785167,0,0,0,0,2.227037206611614,0.013713365372232663,0,0.0,1.0591140552131204,0,0,0,0,3.6226715368173816,2.015785865260871,0,8.504167326759605,0,1,1
4.792180183086041,2.49171869801175,1,0,0,0,0,48.68843802376791,0,2,0,-0.8230494749082293,3.360456579623937,1.1223830954364826,10.019667714722125,8,1.0224546247812583,1.1304815288245689,0,0,0,1.2382172196760726,3,0,0,0,2.273346815008974,-0.0034747599569286535,0,21.432270682787525,1.6092021379074772,0,0,0,0,3.743783639505159,2.0920969488300445,0,8.504052964729926,0,0,1
5.347040965446118,3.1975612510586826,0,0,1,2,3,40.533158075965275,5,0,3,0.001988873764038594,3.403005907868268,1.093231436032312,10.470982543864,2,0.9827189481417329,1.1354168632847925,0,0,0,1.2505740713983695,3,0,0,0,2.2202372254608322,-0.0049218074749249685,0,0.21250978665992976,3.168480040660829,0,1,3,4,4.488999882391229,2.0693272633889723,1,8.545763516886732,0,0,1
4.799387243380476,3.4773663702259228,0,0,1,0,0,30.925751212805274,0,3,3,-0.0005661082466445977,3.2950927098557528,1.0782935397167073,10.329449783743556,8,0.9835593394681894,1.1378842629635302,0,0,0,1.1710991562070303,0,0,0,0,2.30173877947901,-0.009219446239993441,0,10.905430355449273,1.5539967999182331,0,0,3,0,3.6878346421659005,2.7802418820251655,1,8.492723582125237,0,0,1
5.194207259882043,3.2280961491652524,0,0,0,0,3,33.48781744170944,1,3,0,-0.7455083775839273,3.5663066508182055,1.7161860339676454,10.275709593724423,7,0.9882835347949153,1.1327136750018412,0,0,0,1.2109837602620317,0,0,0,0,2.330320503197611,-0.0010496371345250228,0,38.93173828735574,1.825784764011095,0,0,3,0,3.6671902433492773,2.8598046860791455,1,8.653299016659712,0,0,1
4.38206577465937,3.7998740989246387,0,0,0,0,0,31.90934719708965,0,2,0,-0.5938954709445671,3.3947401889521847,1.6660858020120823,10.138857999558876,3,0.9909682859680918,1.1288212151861938,0,0,0,1.1818353675873758,1,0,0,0,2.289034550854546,-0.006883567478586332,0,11.145902653843907,1.6053439897587194,0,0,3,1,3.761388775911025,2.121442022756575,0,8.681581768597418,0,0,1
5.185387671031064,2.8058359281398135,0,0,0,0,1,46.555182920750916,0,0,0,-0.01100055706145646,3.3229287424840916,1.741876788696363,10.109095766889157,3,0.9842794743210171,1.1251598605843134,0,0,0,1.2527446077066422,1,0,0,0,2.2694677961919725,0.0019486291788096827,0,21.711991481304878,1.5487918202626068,0,0,0,0,3.7373492921188434,2.035049944185991,0,8.430225896718907,0,0,2
4.8650395246425955,3.2463513909789503,0,0,0,0,0,28.37794875876891,1,1,0,0.0005079357766988063,3.168722247972716,1.147100952258144,9.853140556499664,3,0.9839461534865596,1.1322475257286146,0,0,0,1.1846395412631419,0,0,0,0,2.253623941544878,-0.014297940109193726,0,0.1746351092684087,1.5935721216168839,0,0,0,0,3.6638238852816745,2.12069859254594,0,8.173434090353753,0,0,1
4.837619653686161,3.3803682056903352,0,0,1,0,1,40.787798560860644,0,1,1,-0.010467228434923807,3.2330582909124526,0.9746710045018125,10.073385980230448,2,0.9886237253619105,1.1321683706013943,0,0,0,1.2370584102073576,0,0,0,0,2.294025827359256,-0.010706031471862882,0,0.0,1.3602732295928188,0,0,3,1,3.653522839306788,2.161395246782,1,8.220835201690118,0,0,2
5.379383654497064,2.9154804236568213,1,0,0,0,1,32.665309152663475,0,3,0,-0.33051284081304944,3.493939029398529,1.7896238014269934,10.317646994458414,7,1.019011512981349,1.1243457600397424,0,0,0,1.2373702511622555,0,0,0,0,2.3133519515745644,-0.005185450692738988,0,22.313743408057125,1.7157491852398665,0,0,0,0,3.788816852595542,2.7191093515699216,0,9.152374019015525,0,0,1
4.282170741292664,3.4203973653021755,0,0,0,0,0,27.832789580825136,1,3,0,-0.613834690127963,3.2387556025210964,1.5357041720268139,9.823391274221992,2,1.0306153751913505,1.1492203283758002,0,0,0,1.1391202983058153,0,0,0,0,2.0654918402058557,-0.011885342363881281,0,20.226296972609006,2.3770241452624954,0,0,0,2,3.4618710889120288,3.848562710709579,0,8.177602177073968,0,0,2
4.829251714800745,2.3215442827593065,0,0,1,0,0,31.63996363422855,0,1,2,-0.020576101423406955,3.667256187957641,1.6059089638477426,10.170383548828326,3,0.9925346732201679,1.1304799079101464,0,0,0,1.23210912239868,1,0,1,0,2.312416994416147,0.0007027304431627883,0,22.123296065939762,3.1013850519991153,0,0,1,3,3.719711149931988,2.8440312214819916,2,8.81391381421881,0,0,2
5.342885094344317,3.752891832130636,0,0,0,0,0,31.276416785954705,0,3,2,0.010857744524310696,3.425613700722218,1.8854609758834004,9.32735955096566,3,1.0210675412773005,1.1386573533091506,0,0,0,1.1709803650759854,0,0,0,0,2.285264690230417,0.0689033362866829,0,21.937060296151554,3.1665865984480224,0,0,3,4,4.372700335743068,2.112105969300054,0,8.993234228506616,0,0,2
5.284312006011928,3.2881705037367523,0,0,0,0,0,30.109941653096428,5,5,0,-0.008093041328195083,3.424915155755177,1.1519271420477604,10.238987020398245,3,1.0286456068233722,1.13632191805494,0,0,0,1.2285443444988458,0,0,0,0,2.3254954690610847,0.0014631356925399327,0,21.92063240070977,1.7798371281587204,1,0,1,3,3.7262368627438476,2.6585982434011886,0,9.104799923964796,0,0,1
5.337533980952068,2.5908696238851854,0,0,0,0,0,40.55527447660374,0,3,0,0.01231963958487928,3.3676316184837782,1.077064461404922,10.330180726502526,3,1.0137457561950767,1.1250359806330337,0,0,0,1.2704908481181003,0,0,0,0,2.3126339117677275,-0.011956390336991618,0,10.841802300647634,3.357484129097919,0,0,0,0,3.6908469370307255,2.108994085062333,0,8.615256184586928,0,0,1
4.854993821674732,3.3874591786739945,1,0,0,0,1,42.195706009229525,0,0,0,0.02603520943520548,3.489397765203033,1.6650058160724204,10.042071170007212,0,1.0194020108300972,1.1290336512136592,0,0,0,1.2828302391472306,0,0,1,0,2.270597807364146,-0.018668217339552245,0,0.3050742823031036,1.607882804660221,0,0,0,0,3.8590871315194097,2.1422778589187974,0,8.599486047604323,0,1,1
4.835109183199799,3.274233926050533,0,0,2,0,1,33.15775564284109,0,3,3,0.005254789686950264,3.5219898301722776,1.1471940729067156,10.057897358489955,2,1.0252528786585098,1.1314390480191296,0,1,0,1.2199954395401378,1,0,0,0,2.3288549249943014,-0.003845279601169987,0,22.111659338977216,3.265405144260918,0,2,3,1,3.723818181668749,2.829543027345779,2,8.55949475260438,0,0,1
4.279887331529427,2.851020629783074,0,1,0,0,0,46.51438428903347,0,1,0,-0.3855251098144342,3.4961779163004763,1.5875759640209282,10.1417644117258,0,0.9845234320339135,1.1279423925100245,0,0,0,1.1995640110041617,2,0,0,0,1.9918154199354239,-0.0026454542113576894,1,0.042731767395557826,2.973805113320369,0,0,1,0,3.7119703501737598,2.6943827221278274,0,8.474529996928451,0,0,1
5.324271624327268,2.4723194019476633,1,0,0,0,3,42.185353825913886,1,3,0,0.004564287008318279,3.799574247205557,1.129145938026267,10.516949394646243,7,1.024352106064504,1.117838395956979,0,0,0,1.2671071678373322,1,0,1,0,2.3190989309373777,-0.0009387004514622393,0,0.0,3.5058715187394074,0,0,0,0,3.8348025566440525,2.2878245117590907,0,9.045533763418927,0,1,1
4.858212679349233,3.1354807045800754,0,0,1,0,3,41.94597603709773,1,0,2,0.0023802765351790753,3.2471184559610524,0.913614361392686,10.026577754735682,0,0.9893485393888052,1.1248593650408791,0,0,0,1.2455041135262759,1,0,0,0,2.283042475336559,-4.958905566542025e-05,0,0.0,1.549066704703409,0,0,2,0,3.686427929504706,2.209560207432923,1,8.379106100281586,0,1,1
4.831606874368191,2.498731752815074,0,0,3,0,1,41.59921031131941,0,0,0,0.010415690950808887,4.205791174613853,0.9998949526112321,10.24996650894035,0,0.9926052281838887,1.124049636117876,0,0,0,1.2818463545253442,3,0,0,0,2.3087369882090263,-0.0019319113083221323,0,0.030612938063921957,3.470018498646378,0,0,0,0,6.706460961872401,2.11420225970949,0,8.787026750815324,0,0,1
4.401672531556102,2.8555046917463023,0,0,0,0,0,31.640160912740175,0,0,0,-0.4578124215090345,3.3202308151544337,1.7618182022092772,9.206722561844753,0,1.0157133941795937,1.1306623829128613,0,0,0,1.2366634668084342,0,0,0,0,2.243161784231491,-0.007637099473816523,0,10.782114513352663,3.3122933834026322,1,0,0,0,3.751050947690167,2.1369370439176323,0,8.497390717520524,0,0,1
4.857724596094117,2.734472364766553,0,0,0,0,2,31.65092703260658,0,3,0,-0.5635214854026396,3.6004804011788614,3.140121181338355,10.435845191251877,3,0.9938475277010871,1.1283011506460057,0,0,0,1.2406649982996114,1,0,0,0,2.3206287656520947,0.0009550789010650351,0,22.50543943541632,7.943916837520851,0,1,0,2,3.727755313570458,2.9821908789062914,0,8.710048125621459,0,0,2
4.880416798856582,2.8596711748375823,0,0,0,0,0,31.304630223916195,0,1,2,-0.007375955565904239,3.206209626780163,1.0339210536133614,8.95799276658793,0,1.0265857937623648,1.135586196703136,0,0,0,1.253151937718109,1,0,0,0,2.099541618641083,-0.5587853641869622,0,0.0,1.436328367827743,0,0,0,1,3.7555894554926144,2.924868534616698,1,8.39675749958906,0,0,1
5.3655104250516015,2.5122969555526686,0,0,3,0,0,27.9645807643875,0,3,0,0.013893244991945134,3.8256374549491596,0.9481917749153149,10.361614188406307,8,0.9913766031402478,1.133149929811185,0,0,0,1.1570771158647553,1,0,0,0,2.3342171516738865,0.002027326272905118,0,0.38437056324664265,1.8114808165190022,1,0,3,0,3.7212798303576213,2.0752325007207375,2,11.22243322139047,0,0,1
4.830178691864948,3.352290853670776,1,0,0,0,2,30.28772497553782,0,5,0,-0.029043699047754418,3.9526849427649227,1.4625299058460837,10.335752962727783,8,1.0289494682782179,1.134902654135392,0,0,0,1.243066101372525,2,0,0,0,2.2149144167938166,-0.11264935008687985,1,22.49869799152661,3.054046170022128,0,3,1,1,4.519921867988303,2.7794892682709262,4,11.555933286563501,0,1,2
5.05762350846215,3.382914483584669,1,0,1,0,1,28.11322286161154,0,3,3,-0.022250151566469357,3.2811495381261446,2.4264437699470482,10.516661531320079,8,1.0142591220152033,1.1256680143000963,0,0,0,1.2420844295947877,1,0,1,0,2.401770196005222,-0.001453571932638807,0,23.871127327596156,2.012183227476883,0,1,1,0,3.8727142009734967,2.6781227350253447,1,8.466437393878401,0,1,1
5.240988854896184,3.3715209392691037,0,0,0,0,2,32.249334928019316,0,1,0,0.05542874190311627,3.3050302806888325,0.3436392884793356,8.999409569037464,7,1.0233924462561357,1.1364016653893332,0,0,0,1.2075691612911967,2,0,0,0,2.3262297425410363,-0.00032876095716455117,0,0.047010102882009644,3.1195306033692107,0,2,0,2,3.712288602795208,2.3578811666621697,0,8.270094391567467,0,0,2
4.48810086283419,3.9976242618443383,0,0,0,0,0,30.912624033034852,2,1,0,0.008038480151918551,3.152762455931574,1.9112247534841482,9.29345068247438,0,0.9807798050530427,1.1389244081229994,0,0,0,1.2152415081838293,0,0,0,0,2.1591413806571707,0.0006633593169406071,0,0.09527338361773581,2.8603029179854347,0,0,0,1,3.702638613219832,2.126414093091348,0,7.570911651765528,0,0,1
4.796860616741016,2.350678190964845,0,0,0,0,1,42.38490794087938,0,3,0,-0.011969894756189042,3.585457371761523,1.0550477859204956,10.264849872734024,9,0.9900108692363708,1.1230163992933115,0,0,0,1.236310207981957,1,0,0,0,2.2903563135273672,-0.004161514716153855,0,11.18183472469413,3.242314774645622,0,0,0,1,3.6680674291303172,2.1631457469526985,0,8.595961881232647,0,0,1
4.826034647066976,2.855217209918561,0,0,0,0,0,30.924694818194638,1,1,0,0.013684392146927505,3.4151641326744433,0.3128745168501568,10.15271980098707,0,0.9884361432712955,1.1329035600574016,0,0,0,1.1873555111033238,1,0,0,0,2.296721221744142,-0.0006797155848687049,0,0.17160543552629837,1.754839168445625,0,0,1,3,3.649076453343494,2.586149716991949,1,7.62026664940601,0,0,2
4.784777208128193,2.72966800173937,2,0,0,0,1,30.493265172437372,1,1,0,-0.5879650551832976,3.7621064426812656,1.1021034627960042,10.206188889322174,0,1.0197228076254579,1.1180149910999937,0,0,0,1.2612365700976582,1,0,0,0,2.2927398170197453,-0.0017735275621218309,0,0.10042865032399721,1.7395363467088667,0,0,0,0,3.728087853537602,2.6417714344227967,0,8.563008452360858,0,1,1
4.272452502827566,2.381193275162979,0,0,0,0,0,29.655940047435667,0,2,0,-0.02698170653726255,3.1979563906249755,0.2902385980360168,9.990999444417607,2,0.9940987969597187,1.137813063795044,0,0,0,1.2275978791681506,0,0,0,0,2.2911692643910357,0.0040095412090221175,0,0.0,6.601798086757883,0,0,0,0,3.5876402374440177,2.2403551808028985,0,8.36291795381794,0,0,2
5.238281269523886,3.3241716065690725,0,0,0,0,0,27.815630756037372,1,1,0,0.0315299684913686,3.585951710436414,1.1984648093498247,10.309315743216509,3,0.9811181233478408,1.1344329238945146,0,0,0,1.2543862363357232,1,0,0,0,2.336568662927771,0.00256649023227895,0,0.0,1.7419593459604175,0,0,0,1,3.581769660995939,2.04930405498969,0,8.539970915916369,0,0,1
4.768199402180225,3.424597013284496,0,0,0,1,0,29.155666340578783,0,0,0,0.03142461064670593,3.211813717871179,0.995553669755327,9.994912741708053,0,1.1218845799261665,1.1343976911736888,0,0,0,1.250427419742352,0,0,0,0,2.3274178029630144,-0.011079696361260681,0,0.03872325696283879,1.178235103558845,0,0,0,2,3.7641107218789056,2.6852189136977795,0,8.412951291704866,0,0,1
5.534992027662809,3.9655580940175863,0,0,0,1,0,29.752508327607064,3,1,0,-0.6890458116518868,3.1310108511590697,1.4596413132244535,10.309911209786815,0,1.021454048173499,1.129319247822468,0,0,0,1.168075346248813,0,0,0,0,2.3646899445765492,-0.14894736153695093,0,11.31567887178178,1.9383605490116143,0,0,0,1,3.7117871108446345,2.664901617535991,0,8.085064442823944,0,0,2
5.1504644002940045,2.787334947791262,1,0,0,0,0,45.31402812645906,0,0,0,0.005657325813548694,3.2308721222534036,0.9736360239854848,10.053112510816195,0,1.0158226606437954,1.1326410600455934,0,0,0,1.27480256817837,0,0,0,0,2.252671211470966,-0.016443228146001836,0,0.0,1.3583370654644982,0,0,0,0,4.506183796381042,2.8463021382642655,0,8.483870704340541,0,0,1
5.311337947075241,2.8004569837874858,1,0,0,1,0,33.278533822841354,1,0,2,-0.0719893628617177,3.3562799999000648,1.0848913735855283,9.657861003131536,0,1.0263156517402598,1.1310760977326306,2,0,0,1.2542871675930625,0,0,1,0,2.3056092263542505,0.0022881665997855384,0,0.11410362501609349,1.7812787267179002,0,0,0,0,3.754662107349317,2.7822396418461968,0,7.875169255469311,0,0,1
4.26397097584537,2.3694648179555156,0,0,0,0,0,28.697636383994936,0,1,0,0.00522838402298144,3.0790938401794214,0.9454486551597902,9.910617979771713,3,0.9836157850316735,1.1368840495215118,0,0,0,1.2434688283782698,0,0,0,0,2.0127816518647728,-0.013404579556520668,0,0.0,1.266024547897142,0,0,0,1,3.6029312599524186,2.6164886211906992,0,8.339653527669332,0,0,1
5.171087677401603,2.6827724941793125,0,1,4,0,0,30.20844087420845,2,1,0,-0.6896512758991649,3.451676801516063,0.23980314322830337,10.38573058450373,3,0.9857791610556066,1.135328823158318,0,0,0,1.2577183875751246,1,0,0,0,2.3295270008900304,-0.01286651511470231,0,10.849378357527003,2.8711219530918846,0,0,6,2,3.7669604699960355,2.0848597633129637,0,9.077241623647886,0,0,1
5.283442455864034,2.4440062958049356,0,0,1,0,1,45.15292258850451,2,1,0,-0.4741187036736803,3.5822770015738694,1.0400242563698447,10.32256511015326,3,0.9916861865760978,1.1304514003880883,0,0,0,1.2352089691808017,1,0,0,0,2.3152002174379076,-0.0010334215575180388,0,11.259726238838182,3.3662123045926196,0,2,0,2,3.7273521208368456,2.2117765195287076,0,8.714721739065403,0,0,1
4.100100738768093,3.3239395587380463,0,1,0,0,0,30.255128801262394,0,1,0,-0.05336762617774215,3.0225118108437043,1.6512664137822757,8.52079941880428,3,1.085776910359025,1.139286435043952,0,0,0,1.2462293949380452,0,0,0,0,2.0346745814903238,-0.1295262601442211,0,0.0,3.0771331722288697,0,0,1,0,3.608844823105752,2.841442218027661,1,8.037800630665144,0,0,2
5.237329113530263,2.834334158632196,2,0,0,0,3,40.96520391382769,5,2,0,-0.00842834582872259,3.8087917978007644,0.22973289651186182,10.308016342684242,3,1.0197820281155925,1.1309889436114575,0,0,0,1.2764497687780074,1,0,0,0,2.355236308015385,-0.011360358860937815,0,0.0505942804188707,2.479092658183796,0,1,0,0,3.810241302479665,2.7741897184645756,0,11.90192466890999,0,0,1
4.183011945987206,2.5798707459166703,0,0,0,0,0,27.96194712073355,0,2,0,-0.008525887791453779,3.264515733493914,0.21392095740042197,10.227771136122646,0,0.977917302724712,1.141789177041449,0,0,0,1.2337628397760212,1,0,0,0,2.1517626761494775,-0.010015676622652315,0,0.0,2.6367720061667543,0,1,0,0,3.6747674532561043,1.996077686723833,0,7.656138487609332,0,0,1
4.415731397636189,2.381449742353703,0,0,0,0,0,27.880454941112742,0,2,0,-0.0026958474468726946,3.1815120402164485,0.3999517002863382,9.127769749764326,0,0.9851951992093712,1.1392081643850611,0,0,0,1.16060667496189,1,0,0,0,2.2519311010619845,0.0372414665331507,0,0.2074981574856502,5.799355888622319,0,0,0,4,3.5681881332441856,2.054430204498542,0,7.116833043001969,1,0,2
4.281157620891474,2.617023530197155,0,0,0,0,0,30.341334549304136,0,0,0,0.0006614168541445539,2.955747238454039,0.357825817157627,8.621471634109648,2,0.9808491910302607,1.1417006758233443,0,0,0,1.2374299612345951,3,0,0,0,2.2751267842306597,0.0029160044041021465,0,0.060341227412415384,2.325150863320114,0,0,0,1,3.3215874363136244,2.0143898273392247,0,7.263780506396405,0,0,2
5.311275292285266,3.2660650508979496,0,0,0,0,1,48.60631942538473,0,1,0,0.005186517294665181,3.2718443664961834,1.2050776365926708,10.18188605679153,9,1.0294765093266516,1.129722177354324,0,0,0,1.2549636002286646,1,0,0,0,2.2702565405641923,8.205795844681255e-05,0,10.64574817335312,1.4905409329258643,0,0,0,0,3.7488895284865995,2.8541554040613875,0,8.457517981336355,0,0,2
4.196985378219343,3.312148965968057,0,0,0,0,0,28.354988575069818,1,1,0,-0.010312789093219154,3.2282625503975235,3.3096941122650545,9.933774899553397,0,0.9931419104899165,1.1459405471966715,0,0,0,1.1164302281906822,0,0,0,0,2.039573093460644,-0.004563183907567575,0,0.1432670056151467,3.253112996955041,0,0,0,0,3.550197278192922,2.1770896482100053,0,7.308122988419697,0,0,2
5.312954028117648,3.3203984150291217,0,0,0,0,3,42.8060002134865,0,4,0,0.008276791863035343,3.633909517344166,0.5061628479826807,10.397342874150498,10,1.0220763534702773,1.1297643469031526,0,0,0,1.2493987429031357,3,0,0,0,2.3530508764424325,7.015397206713565e-05,0,0.48448060749892635,3.131113431871755,0,0,0,0,3.709890706635361,2.029485609353465,0,9.484362016545091,0,0,2
4.83607029076282,3.4352778585787624,0,0,1,0,0,31.62334557121707,0,3,3,-0.7453994588298061,3.578920284532264,1.6628747767804115,10.255817972277656,3,0.9910903809269366,1.1380972839862227,0,0,0,1.1687422127011469,1,0,0,0,2.322101543242542,-0.0011357988357385894,0,11.19946423258681,2.7894208882030007,0,0,3,6,3.632348442952654,2.978514204670496,2,8.640420285979188,0,0,1
5.389318965079777,3.24251187253866,0,0,7,0,0,28.489039894831116,0,1,0,-0.015125954242407124,3.1517019391471974,1.034446476412434,10.058383265372191,0,0.991106796665235,1.139226514886109,0,0,0,1.1753795337213793,0,0,0,0,2.2884657710766203,-0.0020769312779388887,0,11.243972642421395,1.4871915685727,0,0,0,0,3.7270221097191514,2.1564235980824193,0,7.6277725302461965,0,0,1
5.224162537382005,3.2731339623769378,0,0,1,0,3,49.761578980145046,0,0,0,0.004200417217939797,3.5105833676353777,0.09092230000618329,10.257131831985513,7,1.019172408396796,1.1254394712779348,0,0,0,1.2777392056256556,3,0,0,0,2.362482835594061,-0.00419365031379473,0,10.876843587987564,2.6930434677956443,0,0,0,0,3.8800013962995177,2.5763845800863914,0,9.334265493296044,0,0,1
5.297133065034899,3.4393780486891887,1,0,0,0,1,42.73814426665037,0,0,0,-0.005792241195160729,3.3978389707851173,1.658780729249795,10.24386421033958,6,1.0200158276889368,1.1236063109394523,0,0,0,1.2845209796296926,1,0,1,0,2.299008943783842,-0.006350605345054708,0,21.867104660141745,1.6171928650348175,0,3,0,0,4.729232238170223,2.7356532475296844,0,8.795064186402243,0,3,1
5.325906063002509,2.6569388538046974,0,0,0,0,0,30.573063616499166,3,0,0,-0.32961525954005644,3.4599409730343282,0.9968459005146081,10.24192894005696,0,0.9793612838333918,1.1320064340386264,0,0,0,1.2458640901224143,0,0,0,0,2.3414603691194413,-0.005117513787951688,0,0.18148320147536245,1.5534148765937426,0,0,0,2,3.7222722478143395,1.9570251134552328,0,8.449409870927457,0,0,1
4.798627311367854,2.638851520472121,0,0,1,0,1,42.12129634764118,3,3,0,-0.4053379034032063,3.444626963774997,1.6569962959716382,10.205352488880383,7,0.9869533530804228,1.1335338379555184,0,0,0,1.2275298317947985,0,0,0,0,2.2733806204292724,-0.004772372297845554,0,22.42714993689279,2.817261694248179,0,0,0,0,3.6697668346368006,2.05008770387979,0,8.484621246587455,0,0,2
5.186019086750279,2.426074895900708,0,0,0,0,3,30.891452491523665,3,1,0,-0.5563236675361941,3.866430288643971,0.29833766014332336,10.285695956934559,7,0.9842701720334475,1.125751980268219,0,0,0,1.2790986978336172,2,0,0,0,2.3417876608177752,-0.0010569684925060628,0,11.215189078067198,2.7618999306663152,0,0,0,0,4.551432469594823,2.059908368113368,0,8.733128121994612,0,0,1
4.439043168712701,2.5292771863954377,1,0,0,0,0,42.89441943142439,1,1,0,-0.012999392480827864,3.385000799603726,2.7555581640944427,10.06235393572838,0,0.984959183266248,1.1325436631285442,0,0,0,1.2327020351454216,0,0,0,0,2.0873782683131994,0.0005831900352284212,0,10.846324311089182,6.978542631255977,0,0,0,0,3.660143374634538,2.110477982641708,0,8.37126400811307,0,0,1
5.292062775797436,2.643481338230101,0,0,0,0,0,40.56883545056833,1,0,0,0.02272147458729736,3.192836870456296,1.0583048163681443,10.152728733850033,0,0.9905963179922264,1.1275991596839137,0,0,0,1.2364089762029888,0,0,0,0,2.311217659424727,-0.004993546796551536,0,0.05550854871161596,1.7522364172673692,0,0,0,1,3.6376004038066148,2.2627973558850587,0,8.181677651976644,0,0,2
4.355101253932904,3.3172704596833156,2,0,0,0,0,32.34027673202945,0,3,1,-0.640092971320054,3.4516842026601897,1.1618841371329172,10.172628366043519,0,0.9919480546169946,1.1323657044001172,0,0,0,1.2393843567827252,0,0,0,0,2.0485164751625717,2.4082721771345088e-05,0,10.781469291018391,1.4519491365533566,0,0,0,2,3.8427633000014065,2.856468784668292,0,8.52652251003031,0,0,2
4.4931859402991385,3.314944809399196,0,0,0,0,1,31.63881031369905,0,1,0,0.0003306282785265895,3.324921687295139,1.041674977886,10.024132110916915,3,1.0213870253235549,1.126613034128166,0,0,0,1.2469827881672748,1,0,0,0,2.2786508628985542,-0.010941708665714422,0,0.219392118541402,1.6120434160348713,0,1,0,1,3.8070015213580333,2.1807239460485497,0,8.536194032427078,0,0,1
4.606373268997186,2.459196922448248,0,0,4,0,0,42.25946053123722,1,0,3,0.043716825514372816,3.4892418327008197,3.2205160278023315,10.187117840824246,0,0.9814974908877552,1.1335887321850364,0,0,0,1.273516764646879,1,0,0,0,2.2755098879433366,0.003408947613945958,0,0.11853470032166105,3.706524677767023,0,0,1,1,3.5955327056016295,2.0681816691747774,2,8.280377586655936,0,0,1
4.167448051925787,3.2671480067344443,0,0,0,0,0,29.287783629273886,2,0,0,-0.010751684380311741,3.1454047770481557,1.6770669554473283,9.024307782236704,0,1.018258634577777,1.1430130494812087,0,0,0,1.2184623347309171,0,0,1,0,1.9978687831773412,-0.06222688795375648,0,0.12481782479045508,1.4218128698982029,0,0,0,0,3.800027290762027,2.634037372092883,0,7.643825983495977,0,1,1
4.834490622908106,2.5090605368881898,0,0,5,0,2,31.469487260443724,0,3,0,0.010960935846664946,3.3575777958585515,0.9754082281833131,10.048920552207527,6,1.0238647893699726,1.1328668636514434,0,0,0,1.1658562699002948,0,0,0,0,2.2970273160936823,-0.007204987902738119,0,0.21463631688929058,6.175701960878584,0,2,0,0,4.436874364306712,2.8969844959867004,2,8.915600162730884,0,0,1
5.343269547021275,2.615770702499023,2,1,1,0,2,41.216642579250404,0,2,2,0.005323808105639897,4.109139829534842,2.133028887688346,10.850837338674594,6,1.0293852798001921,1.129892666812144,0,0,0,1.2821948320623673,2,0,0,0,2.3473572036340866,-0.006728751500851781,0,22.894731585392478,3.0438203580076713,0,3,1,0,4.510619516206942,2.7555159480894305,2,9.378050092168849,0,1,1
5.072712541019377,2.615301076586611,0,0,0,0,0,39.79097417826345,3,3,0,-0.5423236248270464,3.336150497263092,1.4163645057654342,10.290621349366685,8,0.9852210127318816,1.1356065523616317,0,0,0,1.2106220868299433,1,0,0,0,2.20764152282707,-0.007530343935731453,0,21.476529905757424,2.8033796753816733,0,0,0,0,3.6909945030535845,2.7979106520338326,0,8.519424981112579,0,0,1
5.251395060145372,3.2644319161347632,1,0,0,0,2,41.451620719821996,0,2,0,0.012584761462463071,3.4617165068825972,1.0225635347680246,10.315159906241792,6,0.9912540394677427,1.131408531201622,0,0,0,1.2451278469184937,1,0,0,0,2.2967827556253373,-0.007242249244208651,0,0.053410074172679387,2.8232677009110008,0,3,0,0,4.5045379524519324,2.8087455283023544,0,8.558184891937037,0,0,1
4.249386360884377,2.46798926617851,0,0,0,2,0,31.8032426874255,2,1,0,-0.013546226596463224,3.2749646549616673,1.1406292007206227,9.33549222373717,3,0.9831387348103278,1.1402823584421526,0,0,0,1.14747821227034,0,0,0,0,2.2636387919742638,0.037107941663515456,0,0.2602771738094548,1.539185672945844,0,0,0,1,3.202979171466664,2.0867949296082724,0,7.293319530005274,0,0,1
4.892952619316094,2.5249820338522104,2,0,0,0,0,46.90401707944364,1,0,0,-0.18288214795936214,3.512370087945762,0.9458030730011077,10.203483530420154,0,0.9862718686508593,1.1289248189286125,0,0,0,1.2848711868571205,1,0,0,0,2.3149750887616243,-0.0010117167172338274,0,0.1348434230248877,3.097017351046966,1,0,0,0,3.788152702769841,1.9967544833799553,3,8.619351760323504,0,0,1
4.87084325744141,3.22822139468921,0,0,0,0,1,28.895237982015843,1,2,0,-0.6218948294680174,3.467089266707951,1.1402648787950285,10.059695954201153,4,1.0346340376190701,1.1305116572610496,0,0,0,1.217378910774623,1,0,0,0,2.2944080623905894,-0.0026839701355593692,0,21.4203110338635,1.7845252547940553,0,1,0,2,3.708039446106615,2.313151021022931,0,8.47161239518572,0,0,2
4.349774177745374,3.3082236848940982,1,0,0,0,0,28.704272382763136,0,2,2,0.011440632624178248,3.062022495474556,0.9022082763677927,9.077531873103421,0,1.0314042995095374,1.130262802324983,0,0,0,1.2798911434136937,0,0,0,0,1.9552967644775692,-0.0008906009467548395,0,10.57840188192085,1.2768776060378544,0,3,0,0,3.8011154729831937,2.970910954441206,1,8.357836450676281,0,0,2
4.50868156262356,3.3974897005809725,0,0,0,0,0,31.87581670346125,3,3,0,-0.28393980595794077,3.4238877401014034,1.129977910780683,10.17691920080707,8,1.032711254184825,1.140516125277797,0,0,0,1.240531155049356,0,0,0,0,2.2843075131176245,0.060013763425129846,0,21.49265034407797,1.6839041469713565,1,0,0,0,3.6403837967071877,2.7327908120729596,0,8.539134796758413,0,0,1
4.592954915670208,3.265315801493568,2,0,1,0,0,41.76843072124877,0,2,2,-0.6624858732131343,3.321724210985564,1.0123723375330413,9.020777821954685,3,0.988026500013935,1.1308381999888952,0,0,0,1.2464602322687832,0,0,0,0,2.099924417584667,-0.24678510947193644,0,0.02494912673934621,1.3886565604599024,0,0,1,1,3.7460738021726896,2.2177330168741407,1,8.479707253606367,0,0,2
4.841528303643269,3.3003618951656892,0,0,0,0,3,41.71491794941578,0,3,0,0.01127839833219741,3.4848664947492245,1.194910022067349,10.222878261119098,2,0.995749133884262,1.1314521427849664,0,0,0,1.22056910923955,0,0,0,0,2.299234619553159,-0.0016497491780181612,0,21.84929078348798,1.7651319293558154,0,0,0,1,3.705504192093265,2.27879304034862,3,8.578110082468797,0,0,1
4.559932717135248,2.844769452290869,1,0,0,0,0,42.157536540229906,0,3,7,-0.008487462213393332,3.642133437686739,0.9829043068551233,10.415186769862332,3,0.9851448632251524,1.1295242789548117,0,0,0,1.259329489312557,0,0,0,0,2.294786951855747,0.0010383672582440905,0,11.098493296307817,1.5979248429584965,0,1,3,2,3.7278734074778797,2.2167351621120726,2,8.753823132844907,0,1,1
4.844777843522747,3.3401495131289085,2,0,0,1,1,40.45411691047199,2,1,0,-0.004649022487496796,3.734919485610063,1.10712556798456,10.213404511045676,2,0.9873083802209598,1.1297992066126725,0,0,0,1.2591677572202944,1,0,0,0,2.326390643661957,-0.001764981596098743,0,0.0,1.5743421542615375,0,1,0,1,3.801521149741745,2.739036987132491,0,8.518957043256538,0,1,1
4.867363788352432,3.497933437565767,1,0,0,0,0,29.19128498401137,0,3,0,-1.161383437263098,3.257657346213899,1.7754011079218923,8.92753731940222,9,1.028945530527337,1.1315319629481915,0,0,0,1.1529653699746658,0,0,0,0,2.298284050538402,0.004267396628918904,0,21.22655038326022,1.6463776121442928,0,0,0,0,4.466418500502269,3.8806050413504534,2,8.580576157283623,0,0,2
4.8738922471662125,3.9395887271676386,0,0,0,0,0,30.07626360852168,1,3,2,-0.7773628513682194,3.4480199520725523,1.6558811548109915,10.118484274621713,6,1.0189861621793677,1.1410024643938754,0,0,0,1.2230376074282607,1,0,0,0,2.301777806321886,0.0003366668721120848,0,36.67058827680766,1.6748045506549742,0,0,0,0,3.63345257522869,2.886408107818024,0,8.42226261764018,0,1,2
4.912577590578647,3.2744012404517076,1,0,0,0,0,31.21135093878197,0,3,2,0.013603647114445193,3.542824258045894,1.8841907874338355,10.539868068077123,9,0.9872761570176233,1.133244511410994,0,0,0,1.2251166798338087,0,0,0,0,2.0947143704983597,0.002751018572516131,0,10.864369466041918,1.7223001053807971,0,0,0,2,3.6475309303804275,2.0569123879714653,0,9.122759137920443,0,0,2
5.406576274601732,2.5738110088713038,2,0,1,0,8,42.35385581365166,5,2,7,0.017003329386395764,4.094223046527116,0.8098100695390338,11.46503198344178,7,1.082389440331164,1.1250196404914927,0,0,0,1.298422949779063,1,0,0,0,2.4025739182726134,-0.003183529980355127,0,23.202346229539785,2.9391915269368063,0,3,0,4,4.65148833720721,2.8680612317545595,2,9.562589696644643,0,0,1
4.8264164156673734,3.2419755451316234,0,0,0,0,1,31.265602855828657,1,1,0,-0.012564188099092273,3.4349100838858706,1.8057816409295626,10.017929124589617,7,1.0150519364261665,1.1310496062450537,0,0,0,1.2205783819262113,1,0,0,0,2.3127898568329806,-0.005162192478757371,0,10.665834503213503,1.6152917242482259,0,0,0,0,3.6872550257633185,2.806760787095813,0,8.465961758763328,0,0,1
4.873030864914059,3.230776697363834,2,0,0,0,1,42.05976499712861,3,0,0,0.013378883357995862,3.726907661664154,1.1766639242019985,10.245201841246432,8,1.017521967200478,1.1292870629173173,0,0,0,1.2670950957578764,1,0,0,0,2.3067409139290174,-0.0034503010619646116,0,0.039040447500466535,1.7746115449397548,0,0,0,0,3.743898726435023,2.0492346257279537,0,8.928466299380478,0,1,1
5.339216054217507,3.500516257343542,0,0,0,1,0,32.89424605174298,3,3,0,-0.6981827825957214,3.5909658568940563,2.8161902171342637,10.547349622722294,10,0.9891945026054627,1.1363520656444577,0,0,0,1.159462920524058,1,0,0,0,2.3368631794314,0.0019656679453630994,0,0.0731756390688492,3.264616482429753,0,0,0,0,3.6238975585180833,2.169676291116746,0,8.671397798254205,0,0,1
4.575952783320545,3.37859286598791,1,0,4,0,0,28.558454680706763,2,1,0,-0.016248153575150415,3.411250487384142,1.720029932954392,9.226047149364867,2,1.0238879452514762,1.1333832429463355,0,0,0,1.261420045799454,1,0,0,0,2.25853908689281,-0.4724653447280539,0,0.04762783111403525,1.9038725139790873,0,0,0,0,3.9213885538495825,2.7170905590043053,0,8.594179489113785,0,0,1
4.852810400571956,3.72414368703359,2,0,3,0,0,28.016597347827283,3,0,0,0.19392670153336,3.4846571660367123,1.0360059727807909,10.17934730477162,0,1.029477126234337,1.1375240685862358,0,0,0,1.2666111573718617,0,0,0,0,2.2415201106037546,-0.004241610815435268,0,0.05929073335550664,1.6272835555958147,0,0,0,0,3.7842750539269727,2.903676266163705,2,8.64535092496335,0,1,1
5.34237509394948,3.270072877302813,2,0,0,1,0,41.59388217520528,1,2,0,-0.007962964265063679,3.3415976200683657,1.8947961496396242,10.14880154710695,2,1.027771719357544,1.1220657172600246,0,0,0,1.256693773424759,1,0,1,0,2.29708247164401,-0.002742791297686264,0,0.0,1.7303484449141986,0,0,0,0,3.8355665007708972,2.2126778996004606,0,9.303089952879187,0,0,2
5.209061302419466,2.747623564920959,0,0,0,0,2,47.71240118631627,3,1,2,-0.5326286265822513,3.366318892921979,0.9503695606377682,10.373651923578262,6,1.0262117352292426,1.116839480650047,0,0,0,1.2706158979702087,6,0,0,0,2.169921237878564,-0.0034344902729315637,0,21.968444991711692,1.5107332617010416,0,0,0,0,3.784489957570236,2.7117621796690115,1,8.455608539283068,0,0,2
4.440140476005644,2.936811061423264,0,0,0,0,1,48.40009222527756,0,0,0,0.034410777702931196,3.2847015725539768,1.0458305573070161,9.963924590979394,0,1.0236665614417408,1.1119859676404356,0,0,0,1.2672056567954997,1,0,0,0,2.2967634769955123,-0.002641074889570132,0,11.01267615092552,1.4938993694985885,0,0,0,0,3.7881198613453892,2.842256263961786,0,8.628240907087925,0,0,2
5.2351191322477995,3.331605437447086,0,0,0,0,1,30.94197153688203,2,5,0,-0.7644841319287323,3.475235917599246,1.0743334750799851,10.329564561308034,8,1.033339930774443,1.1315468973514038,0,0,0,1.2246358916102071,1,0,0,0,2.1555707709611225,2.4640194748627416e-05,0,22.048984557418613,2.947278423101196,0,0,0,0,3.694025211453651,2.8168455091734934,0,8.498504471739345,0,0,1
4.452600647229917,2.794803939169246,2,0,0,0,0,31.904145342935735,0,0,0,0.002228781712549202,3.225041477055911,1.0329142552244843,9.870029470813389,0,0.9852782206544758,1.1346428000358328,0,0,0,1.255504136210598,1,0,0,0,2.2476738736278787,0.00384513775067774,0,0.0,1.5350398401406193,0,0,0,0,3.6816955556957693,2.1696167835768425,0,10.465602021887344,0,1,1
5.466340938600843,2.706903716964746,0,0,0,0,0,45.61026977971152,0,1,0,-0.5128473637796617,3.3246873397022894,1.3080778132473077,10.60372280504128,0,1.018198523771576,1.1171335624403906,0,0,0,1.2755812883268773,2,0,0,0,2.4189059078268724,-0.00204230887624959,0,12.224195959644478,1.9496499275471515,2,0,0,0,3.8320220026291234,2.361363844674938,0,8.412194269482454,0,0,2
4.7839318406606175,3.8099733609394857,0,0,0,0,0,29.78243799887347,1,1,0,-0.3267066059435373,3.484838873855113,1.9468867734108062,9.995491470210967,7,0.9951542333818665,1.1360144470227431,0,0,0,1.1321030305873996,0,0,0,0,2.1116335969979443,-0.01256419582980997,0,0.31473312145119775,3.205617469031223,0,0,0,1,3.6280461416419287,2.278239763811391,0,8.440849401314585,0,0,2
5.279112952443505,3.8747898204810283,1,0,1,0,3,41.03418611689457,0,1,3,0.015975652642754055,3.6201046446868705,1.0402685997733818,10.397670075864161,2,0.983770402219397,1.129638720951567,0,0,0,1.2895196090313563,0,0,0,0,2.3347287470733455,-0.007837568670349975,0,11.32416527696585,2.5831179304305723,0,3,0,0,4.5831066373365115,2.1060960990168454,0,9.279534901890923,0,0,1
4.294020929301879,3.33316253241632,1,0,0,0,0,27.98573965984025,0,0,0,-0.0007784756344698366,3.3874310098478366,1.662568305424102,8.742919882922571,0,0.9783332785661727,1.1406583221531958,0,0,0,1.2540270088694654,0,1,0,0,2.0241346584834083,-0.0016475682566289309,0,0.02581381042626966,3.32657652945089,0,0,2,0,3.7670410084346853,1.9688860380990545,3,11.129513773613777,0,0,1
4.780491114691144,2.5149395999090354,1,0,0,1,0,42.51826209373459,6,0,0,0.009072827588003441,3.6669739372675787,1.0924753204027882,10.207252872472774,3,0.9787298404513751,1.1303497005994156,0,0,0,1.239491390798015,1,0,0,0,2.261663212227509,0.0024322822992137987,0,0.14944692604202486,3.46297923830916,0,0,0,0,3.6371509857968882,2.109588755919497,0,8.543106484149856,0,0,1
5.217083749061599,2.7486529052433224,0,0,0,0,0,28.713252063303432,3,3,0,-0.011849681220166117,3.3311026627308467,1.580022952381294,10.477225764419021,9,1.023264946264511,1.1347343969522043,0,0,0,1.2151581003866374,1,0,0,0,2.356083909358659,-0.010894064206951824,0,21.981982955018818,1.4621253918674868,0,0,0,0,3.717017322939644,2.8529699071490877,0,8.559145878276745,0,0,1
4.885502412146305,3.379892903386957,0,0,1,0,1,31.978251734904216,0,3,0,-0.46517805225648423,3.636494230395345,1.6086036617294575,10.324456276021214,8,1.0210201396661125,1.126285525708927,0,0,0,1.2223723781616822,0,0,0,0,2.291812684470433,-0.0034472962347694928,0,11.159675376085936,3.1177834099220783,0,0,0,0,3.7786635183231723,2.747667101919083,0,9.02363694488843,0,0,1
4.8334675985507225,2.896204734991007,0,0,0,0,0,41.91311129616186,3,2,0,-0.6701437918201294,3.3777722091660562,1.610539821564142,9.420994053272825,6,1.0864275699556054,1.1336973333035678,0,0,0,1.2234351888466282,1,0,0,0,2.0972931369790895,-0.0009942580921769775,0,21.209097228316853,1.8112146269239209,0,0,0,2,3.7064191854809465,2.923088341830442,0,8.546963647656746,0,0,2
5.4302635043663825,2.836353703943527,1,0,0,0,0,27.99545607526887,3,3,0,-0.010970071824249833,3.438768151542986,1.0386795766219372,10.31403471520062,8,1.0277989804552123,1.135322388920192,0,0,0,1.2540423859621095,2,0,0,0,2.27807439833874,-0.003669117945052533,0,11.02072654380292,3.0964483696096186,0,0,0,0,4.565299801749066,2.250555683266656,0,8.719830094701427,0,0,1
4.6622706800224,2.3679822938369255,0,0,0,0,0,30.93110734887213,1,0,0,0.02603344747414582,3.397369026381708,1.1770979975885452,10.143033495138818,3,0.9820371081418547,1.1340062015616323,0,0,0,1.1707205903249993,0,0,0,0,2.274818030497005,0.047923088868834875,0,0.2501420335229112,9.775528594031503,0,0,0,0,3.6192300495107395,2.033291337983749,0,8.260736066059636,0,0,1
4.323032293577778,3.1970685189940204,1,0,0,0,1,29.494697703140677,0,0,0,-0.0017915696964270272,3.3050156918347606,1.4547091722071581,9.069983697241785,0,1.0645730310707027,1.133389580887248,0,0,0,1.2489104914036453,0,0,0,0,2.140067863133021,-0.05833368798414161,0,0.024374922760502037,3.0642223557747528,0,0,0,1,3.6876973615004376,2.6622010137635175,0,8.431058422313287,0,0,1
4.809766343353056,3.2326874066766904,0,0,0,0,0,31.021528869561905,0,3,0,0.009188293617837844,3.307135702174936,1.1028886823376016,10.480580568751444,3,1.0241829939285056,1.1383117634772097,0,0,0,1.2387451385811266,0,0,0,0,2.3269313627464716,0.001730681318843025,0,0.0,1.4159558601978814,0,0,0,2,3.304595181901596,3.3552192130457237,0,8.429389490461235,0,0,1
4.82808885763223,2.4855885968909797,0,0,0,0,1,47.9249779479335,0,2,0,-0.008441698729694315,3.364397974496607,0.91188894379223,9.074659831406318,3,1.0192634370311067,1.1133013944361045,0,0,0,1.268373060603019,3,0,0,0,2.3001079512235516,-0.0014840227344517282,0,0.07184026882256977,1.4255466905204233,0,0,0,2,3.7135783454301885,2.0981285290523486,0,11.136119361573822,0,6,1
4.353447335416113,2.7822790725745357,0,0,1,0,0,40.13921552812132,0,0,1,-0.014012904439480162,3.225014772673285,1.5785226396077732,10.042640059984128,0,1.0127175196839833,1.134677818644622,0,0,0,1.2566843074765999,0,0,0,0,2.3160074692947594,-0.00975347195658139,0,0.0,1.5031778181434334,0,0,1,0,3.748048564645153,2.0227245978736645,1,8.296565864144956,0,0,1
4.3549721539589425,2.6571055077757237,0,0,0,0,0,30.526581845693837,0,2,1,0.02480985188885334,3.3708042312805455,1.177102270811424,9.054222224121958,3,1.0229176878030881,1.1379442488564877,0,0,0,1.1638001415554393,0,0,0,0,1.959622742553529,0.0018425540077253463,0,10.759930314651266,3.104139862572308,2,0,0,1,3.6300118458279624,2.60511396875947,0,8.453486291428698,0,0,2
4.495705298816894,2.733222006922404,0,0,0,0,1,42.354008127785974,0,0,0,0.00015012029828864433,3.1071204852257743,0.2826314683071578,9.99154160063618,0,1.0172803164508628,1.1305774900323335,0,0,0,1.159741253678084,0,0,0,0,2.245756020292881,0.21043200551826297,0,0.0,1.542161252323506,0,0,0,0,3.6225820637350874,2.06294987346054,1,8.317378520366667,0,0,1
4.651591217481316,2.7322596661684697,1,0,0,0,0,32.22590920619478,0,0,0,-0.018698881623450722,3.899055964177175,1.056774360852148,10.384291865099723,3,0.9812656979944551,1.124677833029662,0,0,0,1.2750246952134048,1,0,0,0,2.2946432289084018,0.002243645317709822,0,0.1636036026175559,1.868303314333888,0,0,0,0,4.477798989051306,2.0930905620750213,0,8.944034097087519,0,0,1
5.436822803546021,3.07203111358891,0,0,0,0,0,29.870415383214045,0,5,0,0.012018076494693162,3.931019419352482,1.0413613318582888,10.544670997578617,7,0.9906117803781301,1.1324395306677228,0,0,0,1.1913727561390226,0,0,0,0,2.352177854739832,0.0016216027325657069,0,11.83325902256049,3.350544858673098,0,2,0,1,3.7092523738014656,2.2463682152493103,0,9.164364570675675,0,0,2
4.848025707923456,4.160946741767372,0,0,1,0,0,27.834917382141583,3,3,2,-1.5176298394644312,3.2594851839916545,1.7360558074160115,10.12372343902235,0,1.0279734256654829,1.1453244606792063,0,0,0,1.1613173395573366,0,0,0,0,2.023610465238496,-0.011411300700589688,0,21.039034845242732,3.2375967648853394,0,0,3,3,3.7760034675330862,3.8130986187652933,4,8.456229004885321,0,0,1
4.316544552543168,2.5981374509610538,1,0,0,0,0,30.238227369656787,0,2,0,3.8039682656312575e-05,3.366849987984007,2.5099216996705804,9.954338927672744,2,0.9871731641848743,1.1365819458323463,0,0,0,1.25792770001399,0,1,0,0,2.0539202073938525,-0.21183126325809593,0,0.0,2.978047740853336,0,0,0,0,6.707406382248164,2.137355427581309,0,8.512317609877023,0,0,2
5.267655728610852,2.6982721354950017,0,0,0,0,0,47.84957533632407,0,5,0,0.0013534359672976038,3.4523811343159148,1.6488712117244162,10.361403430205616,0,0.9900165080037396,1.1307661684909025,0,0,0,1.2623367783318766,2,0,0,0,2.3374390267702596,0.016633308841042412,0,0.03920203644679502,1.6915698141847582,0,0,0,0,3.835981112548476,2.266734927181149,0,8.67571981666715,0,0,1
4.9612410337176245,3.741471389691372,0,0,0,1,0,31.835354048534793,0,1,0,0.1910468513531628,3.4413898012625643,3.6116292987817773,10.0692698301364,2,0.9932064470669403,1.143058668704802,0,0,0,1.182147659229068,0,0,0,0,2.3453413447554703,8.613300876875196e-05,0,11.20588017829203,3.4901012316710482,2,0,0,0,3.5816782937027067,2.4153921461743715,0,8.175175648800069,0,0,2
4.780569303700417,3.172906455878689,0,0,1,0,2,42.60904466179191,2,0,2,-0.6356967671046448,3.5606689250111323,1.1455874598048437,10.03412588445454,0,0.9827010162933623,1.1287841680106896,0,0,0,1.2346645244850767,0,0,0,0,2.2589712817694334,-0.002217360175872968,0,38.1048170879605,1.5895218406300218,0,0,1,2,3.739977538051275,2.0856135679809675,1,8.41232327552456,0,0,2
4.826261317528444,2.8118585179695406,0,0,0,0,1,43.837681448404425,0,0,2,-0.5034649875992565,3.730371602753209,1.824891481889219,10.08750393499117,8,1.0142137157561804,1.1333308033351543,0,0,0,1.241692461456622,1,0,0,0,2.2847961311335365,0.0031902154894049416,0,10.972439117422539,1.8697502647402366,2,1,1,3,3.680433906355616,2.8123111491409163,1,8.37252895790651,0,0,1
4.791219302992534,2.6271115742380005,1,0,0,0,0,31.85205630981923,1,5,7,-0.9252601973720356,3.730823256638984,1.121488871617522,10.073365399479979,3,0.9859241404834539,1.1384634782296823,0,0,0,1.2335634499561945,0,0,0,0,2.271857992721705,0.001516044164835433,0,0.11931053962342798,2.940441437711209,0,0,0,6,6.653864697102094,2.0541655163589034,1,8.501517076512696,0,0,1
5.383286441010978,4.075464556973259,2,0,1,0,0,31.387899378716156,0,3,2,0.0014076472193614933,3.402315834355001,1.6062118701535126,9.544733458209143,0,1.0217651529983043,1.1431144168109932,0,0,0,1.2172229835330215,0,0,0,0,2.3538074521728864,-0.010460507444059831,0,0.16919924633209144,1.7214229818473654,0,0,3,3,3.764523058812593,2.9402301709301244,3,8.690465288978118,0,0,1
4.311655803490639,2.4356602386316024,0,0,0,0,0,30.12342438597841,3,1,0,-0.0066367635981371634,3.181792743830336,1.057827892052172,9.983218223358373,0,0.987353610228372,1.137649653867175,0,0,0,1.219462992518192,0,0,0,0,2.061429402816807,-0.0001681282776764949,0,0.0,1.5861491000640633,0,0,0,1,3.147876833681035,2.270421857246995,0,8.210261145685351,0,0,2
4.849686786884376,3.7501579339635556,1,0,0,0,2,41.785884335334316,1,3,0,-0.23070640464071596,3.239366400929524,1.8320431494464728,10.012619809612637,2,0.9865065799753472,1.132165354943905,0,0,0,1.2181924952973215,0,0,0,0,2.2608585575211264,0.005725601027716127,0,21.032287192420878,1.5324112865026158,0,0,0,0,4.398298501356553,2.9700982489375187,0,8.283782720328706,0,0,2
5.270801178721647,3.4109649078375166,1,0,0,0,0,31.284890950507396,0,3,0,0.016198615571355646,3.4688284225831794,1.2582579249970987,10.277922963460563,9,1.025278375082477,1.1281345565848593,0,0,0,1.2623100739412736,1,0,0,0,2.3022038175589428,-0.006464994620654585,0,10.919001581545382,1.675461234500533,0,0,0,1,4.588114254349517,2.7279614941161667,0,9.43203240018469,0,0,2
4.1943939072545255,2.654582249890698,0,0,0,0,0,30.15530698600963,2,1,0,-0.007036622594767701,3.499966925444836,3.0463386152901273,9.898346791779993,0,0.974131987558937,1.1363461057395674,0,0,0,1.2343557100052334,0,0,0,0,2.109340967127355,-0.006640025707122192,0,0.0,3.2907387978842895,0,0,0,0,3.1984898588581796,1.9535999162841609,0,8.288228596257284,0,0,1
4.628593362848181,2.3466469151742917,0,0,0,0,0,30.626464372225538,1,3,0,0.02192625578463429,3.8869445675924403,3.127552761693838,10.394014419079602,6,0.9894905421964015,1.1395563089010898,0,0,0,1.1708138015078264,0,0,0,0,2.3401918230849486,-0.003572404732406189,0,0.3692968480377688,9.292982148114707,0,0,0,3,3.68264561492422,2.7978735119942435,0,8.595595488041724,0,0,1
5.224642514887432,2.6554024822813047,0,0,0,0,0,29.490494642840904,3,3,0,-0.5176534782549338,3.4223490554201437,1.715557029414274,10.186395306390212,6,1.0209580921236983,1.133082683504025,0,0,0,1.2334318678654626,0,0,0,0,2.2860584912424597,0.0028905541856724592,0,0.0,1.4541710527266662,0,0,0,0,3.7027586738026375,2.16946804131669,0,8.214663937387893,0,0,2
4.5105355152904405,2.5415193999945753,0,0,1,0,2,29.45302094501675,1,1,3,0.4425922145327661,3.483299423321789,1.114962940658672,9.944256261638245,2,0.9853879542051437,1.1357370689584403,0,0,0,1.1768568071685206,1,0,0,0,2.2802399843529906,-0.0057563537984859124,0,22.295657670243394,1.5655802551178732,0,0,1,0,3.6358207811038046,2.118697530913817,1,8.376673853135467,0,0,1
4.576715906352238,2.7348670061414264,0,0,0,1,0,29.024735007402697,0,0,0,-0.7439335067294213,3.5591224435360913,1.5657414604727145,10.173253247999162,6,0.9810228629992659,1.1347779948210286,0,0,0,1.2664814644122702,0,0,0,0,2.088296593233305,-0.0017793422132653305,0,0.2890413318635382,1.6425782123349695,0,0,0,0,3.275816271231278,2.0703709320434682,0,10.564276284620611,0,0,1
4.862365860778733,2.6770828911341544,0,0,4,0,2,42.815122017895646,0,0,1,-0.5940970300880696,3.3591933717731646,1.0152083769053244,9.959849492370818,2,0.9872673401220007,1.1248343280018234,0,0,0,1.2652300817198332,3,0,0,0,2.292733199039507,0.006672734433626165,0,0.0,1.5156756048887534,0,0,0,2,3.8034825358332984,2.872465481515657,1,8.563344424542807,0,0,2
5.316348397153558,2.556085413564713,0,0,0,0,0,29.133889827949442,0,3,0,-0.35073730730296293,3.6618396219888885,1.7919512525663481,10.502865214633717,6,1.0112477907386725,1.1280754583524042,0,0,0,1.2822675892184192,0,0,0,0,2.328927497986575,0.0017334023806725846,0,22.748066489945607,2.693542016319035,0,0,0,0,4.513132513277348,2.013338755378507,0,9.11672094052058,0,0,1
4.784027073012268,2.1527281266190004,0,0,0,0,2,33.18373701069463,0,2,0,-0.0286449574712812,3.3388063215616577,0.05913767509846818,10.013873697223364,3,0.9865859130980245,1.1206298507725585,0,0,0,1.2415407318547513,2,0,0,0,2.2651957402149265,-0.002036866361998089,1,0.2070180810691527,2.822436362706827,0,0,0,0,6.5806177805176365,2.2301929977609816,0,10.8300094716713,0,0,2
4.35438781654718,2.6145443664700094,0,0,0,0,1,47.362060362947794,0,2,0,-0.0037110481314793315,3.3001377289400415,1.0311282112744322,8.928727981238955,0,1.0257994820349874,1.128798571567384,0,0,0,1.2762170568107414,0,0,0,0,2.2281799388459604,-0.003501126114494251,0,0.0,1.6444095580206628,0,0,0,0,3.6721530263466207,2.1699573584541416,0,8.33368324858398,0,0,2
5.257122981177159,3.2907670377219764,2,0,0,0,0,30.12478104288946,1,1,0,0.0023371281025503215,3.330944159602238,1.1483433769726363,9.988782695634999,8,1.0325413199465248,1.125702119001629,0,0,0,1.264061195596626,0,0,1,0,2.096188534738691,-0.007787679867760112,0,21.329348529937626,1.633115178328797,0,0,0,0,3.8360714339364708,2.8831611300566067,0,9.208031673101994,0,0,1
4.919464431974304,2.736596745056561,0,0,0,0,1,41.128260185843395,1,1,0,-0.0015439913153131608,3.2453968832959164,1.1014307417817286,10.172036262557615,2,1.028138762220539,1.1326374046234673,0,0,0,1.2473850899977244,0,0,0,0,2.2748757124622414,0.00736811564227664,0,10.485835606686308,1.7796706109993732,0,1,1,1,3.655842037050782,2.7847713292537315,1,8.276052932320752,0,0,1
4.443623473210129,2.789348115832555,0,0,3,0,0,30.291270731454222,1,2,0,-0.5870045284948894,3.802696784000462,1.1293718030793078,10.434817851109848,6,1.0622813603142998,1.1382996313288223,0,0,0,1.2321514138122291,1,0,0,0,2.1369740142220057,0.0008603493118309383,0,22.224228888429483,3.485253343174997,0,0,1,3,3.7279340027448793,2.6970472113374178,0,8.572068810752674,0,0,2
5.579436970400999,4.177220589606815,2,0,0,1,0,27.953947468928423,1,0,0,-0.7086801305943206,3.1204184391464054,2.4160594707912173,9.771274250755186,0,1.0154076134931664,1.1287695052968532,0,0,0,1.2621191948746535,0,0,1,0,2.3708776257971462,0.0018048718029631545,0,11.736864625487645,2.052296496059266,0,0,0,0,3.8300961100788737,2.6392545170412203,0,8.272325214176343,0,1,2
4.483552782347376,3.307404536367759,0,1,3,0,0,30.35773093914933,0,1,8,-1.2456513095932709,3.351071666001864,2.8313570401816976,9.985412466119849,8,0.988372625683795,1.1388245782382298,0,0,0,1.150204895742658,0,0,0,0,1.9869316499047671,-0.007408678705238729,0,0.11833093362160249,6.47812477664528,0,0,0,3,3.656738852231901,2.822788396039459,1,8.376357827639916,0,0,2
5.218657220924551,2.582032066008109,0,0,0,0,0,32.589320700849605,5,3,0,-0.6142291242891311,3.581623491219183,1.152781207957964,10.23290800578512,8,0.9873626242505845,1.1388833827907852,0,0,0,1.2072287202829088,1,0,0,0,2.1352498098716426,0.000507319027384517,0,11.25563916254319,3.368268685136125,0,0,0,0,3.646767714651873,2.8757399381010544,0,8.654305646073942,0,0,2
5.351294340022431,2.50282784889113,0,0,0,0,0,30.271549376694352,2,0,2,0.010389781918021092,3.2837087960124096,0.936961633907433,9.43572610690905,0,0.9736128086307116,1.1288971198538793,0,0,0,1.2855044158849045,0,1,0,0,2.1213176180527684,0.027571838998307778,0,0.13075764146606286,1.4709183929050345,0,0,0,0,3.702750795894975,1.9196596507348422,0,8.417363027816053,0,0,2
4.487891691419599,2.5704023370079985,0,0,0,0,0,28.202294843897356,0,0,0,0.005354797891336239,2.9939824404146123,1.0347990822143622,9.158879447926823,0,0.9867985136948781,1.1350878712145622,0,0,0,1.2651398063753194,0,0,0,0,2.2521881728276854,-0.24278777655941763,0,0.16591841173095556,1.4240235029749173,0,0,0,1,3.68347658103221,2.777699521756407,0,8.248765865324831,0,0,2
5.1492328349650665,2.634880786690588,1,0,0,0,3,30.778685997480913,1,1,0,0.021805742830392078,4.065453607497507,3.269988829089356,10.212284730407976,8,0.9898940261086409,1.1136820385385833,0,0,0,1.2857712307760603,0,0,1,0,2.329354861775724,-0.005042374750231748,0,0.4543127014412101,3.329378213367972,0,0,0,0,4.574741097223643,2.1253011926979086,0,9.290850359837904,0,0,1
4.4669815062908045,2.4158914661754896,0,0,0,0,0,28.454782456811245,1,0,0,0.010969430399126583,2.9573915102805173,1.067522028289347,8.932267792425126,0,0.985137405071896,1.1444310542659208,0,0,0,1.169069165400819,0,0,0,0,2.2205922359074726,0.0042576941811973135,0,0.11256456999853258,1.3691264350991588,0,0,1,4,3.552016286698669,1.9810817790710566,1,7.3400393734577145,0,0,2
4.407115930842155,3.3500649282558177,1,0,0,0,0,43.18257770950006,0,2,0,0.003196346649892102,3.4822544997876337,1.2101283486343886,9.116399952711257,3,1.0268554486127355,1.1294019844493677,0,0,0,1.2717599925084864,0,0,0,0,2.2692176952130563,-0.004730429316083757,0,0.0,1.8691449113604728,0,0,0,0,7.055331829962199,2.7637126106673047,0,8.822940990900724,0,1,2
4.867901235400812,2.6457395264917984,0,0,0,8,0,30.209569963258232,5,1,0,-0.4480231078543976,4.049569739237341,1.1432282104858267,10.99016953811385,7,0.9828296893837298,1.137316890895011,0,0,0,1.2448583051076048,1,0,0,0,2.1144119737804368,0.002137393253205217,0,10.745189135086019,9.386471086483754,0,1,0,1,3.7314101920685285,2.0270666806557394,0,8.566102539502303,0,1,1
4.863062080384068,3.2069732258317414,0,0,0,0,0,28.652165400402392,0,0,3,0.021967840368859296,3.316121532326633,1.0460345684602377,10.196944093221767,0,0.979186875006915,1.1388497680286664,0,0,0,1.271380704257187,2,0,0,0,2.149707421636978,-0.0031304377343438715,0,0.05902765022084003,2.8743842499544208,0,1,0,0,3.6428014963122823,1.9511990875116008,0,8.520019897971112,0,0,1
5.265763023221209,4.661650841848892,1,0,0,0,0,27.01291281415881,0,3,0,0.004158492549319085,3.7351682087225826,2.8232758670855667,10.46748273184589,9,1.012370319802314,1.1413956421924414,0,0,0,1.2193208409561491,0,0,0,0,2.2949731064577357,-0.014327001744787859,0,11.750374603376823,2.9928120822100994,0,0,0,0,4.549766735697833,2.0719832726175005,0,9.334548270697013,0,0,1
4.787140429046489,2.278340128732902,2,0,0,0,3,48.504122467009736,0,1,0,-0.007887051669899399,3.5985653190405684,0.9169873067203225,10.150219807563325,3,0.9896958970998524,1.1094073906905002,0,0,0,1.2823598773814318,3,1,0,0,2.293447961098273,-0.0036571019563073027,0,0.06605682796520469,3.1638830855511255,0,0,0,0,6.455623165828877,2.1018118324857595,0,8.66182782822993,0,0,1
5.247565755270524,3.313928841093709,0,0,0,0,0,30.24169870249944,0,1,0,0.013338903828167522,3.2382848671557194,1.1139280565866105,10.057796898652608,2,1.0346132573616902,1.1331588602379403,0,0,0,1.2519069563296308,0,0,0,0,2.0273244139344464,0.0706027866698819,0,10.366015099103794,1.594260611596899,0,0,0,1,3.7595157090460116,2.8989635909461606,0,8.750802150200581,0,0,2
4.43177839942076,4.063337830850125,2,0,0,0,0,29.32525373724919,1,1,0,-0.01429541704546406,3.3809763537244426,2.7911645726696626,9.962188782666537,0,1.019317960053841,1.1320125245861452,0,0,0,1.271347536718946,0,0,1,0,1.9787512120028405,-0.0060885268403231855,0,0.019404278456958225,3.0706008543568037,0,0,0,0,3.8018764437508636,2.1912793817772505,0,8.449426699017263,0,1,1
4.562046195304853,3.2961113032179865,0,0,0,0,0,28.30611555699517,1,1,0,0.017747484427074144,3.27652912123659,1.9021678165487725,9.296163653254212,3,1.0274707425418543,1.1401574385519042,0,0,0,1.1633549835845935,0,0,0,0,2.0902605623196426,0.05385648654250225,0,0.00625260744272391,3.2650782598349175,0,0,0,1,3.5844238173629375,2.8059353095662543,0,7.331439904196348,0,0,2
4.814790026758739,3.3305512384134013,0,0,0,0,0,31.788787018819352,3,3,0,-0.6407980557521562,3.5076708824557534,0.5153880873020262,10.155804163170947,9,1.0264391047645143,1.1427426218412005,0,0,0,1.1395193380894666,0,0,0,0,2.292208995187542,0.0050586496928533,0,0.12242549794533061,3.0782621635406278,0,0,0,2,3.635708660062363,2.1291884450624843,0,8.501152294163141,0,0,1
4.78142230855872,2.83526251786569,0,0,0,0,1,41.35927911627977,0,3,0,-0.5674738189720151,3.1857782881912535,1.1030923058590603,10.01099434681261,9,1.0259633828896468,1.1308889683054817,0,0,0,1.228217318988071,1,0,0,0,2.287703951254054,-0.013285257489727868,0,21.272613071056835,1.6759857688890765,0,0,0,0,3.7586598447903095,2.6756004638254973,0,8.544473078804291,0,0,1
4.811178198337501,3.2520336015176308,0,0,0,0,1,40.94509955377827,1,2,0,0.012709457634711305,3.577026746691378,1.5975012001782312,9.965422844467234,3,0.9844551171255145,1.134028653354501,0,0,0,1.2429027210012638,2,0,0,0,2.280830283806208,-0.005607353741320103,0,0.06249864479073652,9.23977678126922,0,0,0,2,3.612979958876546,2.058703315739968,0,8.860901615755349,0,0,1
4.920360552486291,4.013584783020968,0,0,0,1,0,41.94714236297139,3,1,0,-0.0026747742702407746,3.5995502299047892,1.038418514975765,10.542461415517822,3,0.9787271590132629,1.1353131328012898,0,0,0,1.2518442579513822,1,0,0,0,2.3251465822493427,0.0024915250081690224,0,0.25254000362220114,1.7922873848596326,0,0,0,4,3.7731967509457207,2.1234736092572453,0,8.481246649534283,0,0,1
5.340347209388368,3.229824869909818,0,0,0,0,2,32.107756347926134,6,3,0,-0.012639607661852197,3.502315944384578,2.6783176127890154,10.385695992497784,7,0.9820745553074268,1.1326565563894513,0,0,0,1.2347979638188018,1,0,0,0,2.3092625457560856,0.0020802972399817463,0,0.17851319810017718,1.7808888042459665,1,0,0,0,3.692338455797475,2.1696305038139245,0,8.598636355759059,0,0,1
4.841614988726139,3.634135408370176,2,0,0,2,0,30.379630669260965,0,1,0,-0.5937922522408274,3.913688831210549,1.1314947713645163,10.184991949100414,0,1.0251663930991983,1.1290039186066085,0,0,0,1.256309559179459,0,1,0,0,2.287605189805266,-0.0047728656160240844,1,0.0,2.9343481733814722,0,0,0,0,6.832624948233051,3.5825942827454704,0,9.091410555496198,0,1,1
4.798370886323248,2.499120506302742,0,0,0,0,0,32.54793447571984,2,3,0,-0.6083830931694254,3.3091804393011808,1.455667324829921,10.059953736155498,3,1.0199123927233502,1.1395370371626106,0,0,0,1.1476348951801727,1,0,0,0,2.273815477738015,-0.004627578139449671,0,20.62619988100141,1.544453647826038,1,0,0,0,3.5828868222629313,2.775797204376234,0,8.362790897741698,0,0,1
4.495498002439222,2.6012431389351507,1,0,0,0,0,41.95683629376508,0,0,0,-0.013500670402300638,3.3877614216549117,1.0468472041392471,9.908808571111814,0,0.9808726284349095,1.1280144311017346,0,0,0,1.2495082110469893,0,0,0,0,2.2629369523124887,-0.00910011479898347,0,0.0038783327843418987,1.57969472854209,1,0,0,0,3.6350161811462347,2.132144423040291,0,8.465216862650285,0,0,2
4.459966868552461,2.405305060274029,1,0,0,0,1,42.395088069631115,0,2,0,-0.00826877823025729,3.250854094005017,1.1096270948528364,9.954442562242122,3,1.0293391010827262,1.1277952934029976,0,0,0,1.2458159554474815,1,0,0,0,2.2683037723351798,0.002810847560636813,0,21.45718185754522,1.754965996550327,0,0,0,0,3.7183854510360206,2.180855731736627,0,8.381612446130587,0,0,2
4.6199102538140595,2.6876903710838445,2,0,1,0,2,28.994029480054284,3,0,0,-0.01573489604588477,3.384329519284038,2.966632407983298,10.115894706998112,3,0.9782110213437375,1.134754061564398,0,0,0,1.250409561413654,0,0,0,0,2.303231847827348,-0.0019533550253929303,0,10.80205274526105,2.6320429355754547,0,0,0,1,3.7110009136830997,2.1559443318163183,0,8.398922574435826,0,0,1
5.213216809310314,3.407415384274597,1,0,0,0,0,30.784117275611127,3,2,0,0.001442641003985482,3.3071710255320195,1.0743289384900712,10.045695503816829,0,1.0204535135975403,1.13083072841283,0,0,0,1.1907611783842624,0,0,0,0,2.253050718538079,0.034450693459470154,0,0.06649534027451243,1.4474571452059315,0,1,0,1,3.703117774626667,2.1265334690301043,0,8.408789409421496,0,0,2
5.324562516813684,2.5582751761658207,0,0,0,0,0,28.925019123286212,0,3,0,0.06998768018207024,3.4925630443385396,1.0674788880271222,10.348399429191996,8,1.0289342481330246,1.1297994286460267,0,0,0,1.2657112748262724,1,0,0,0,2.330911959368618,-0.005854394048750275,0,43.25617184365838,1.4993974395003298,0,0,0,0,3.782317081968944,3.027811568965629,3,8.604085053658638,0,0,2
5.269533619544887,3.428881881621918,1,0,0,0,0,30.403766589647976,2,3,0,-0.3410924801872341,3.3504626621668687,2.8528578087117515,10.050435402314305,8,1.0299179478145424,1.1369236104740004,0,0,0,1.2199898194957837,0,0,0,0,2.285000059413022,-0.007726119383609797,0,10.666586754039537,1.530976250055189,0,0,0,0,3.6477419081436753,2.2535481991626507,0,8.476600813469702,0,1,2
4.86836621566533,3.2592344419095647,0,0,0,0,0,28.994863222448945,0,3,0,-0.4640164426027551,3.439070945594687,1.0711820733603772,10.37240959749833,2,1.0279759740502352,1.1415366340817135,0,0,0,1.1690321772694532,0,0,0,0,2.2550299770708295,-0.007430803810720015,0,0.11152121029953223,1.6135932484605127,0,0,6,1,3.6504403361852193,2.235822579689954,2,8.424977413298706,0,0,1
4.902976315335722,3.560121280184899,0,0,0,0,0,40.48794450973851,3,1,0,-0.011167814525919062,3.528971751901208,1.6133351070559743,10.093696634872357,3,0.9841546408950795,1.1369054415721176,0,0,0,1.2633661151591078,0,0,0,0,2.140965313681775,0.002083484083226902,0,11.025355488124957,6.841553568646999,0,0,0,2,3.7006071930334343,2.1481240283887995,0,8.584850297483309,0,0,1
5.261738543847168,2.8970038971566874,0,0,0,0,1,30.294832779369294,1,3,0,-0.00608325735054795,3.4600453611816433,1.5963844335539819,10.235251146622163,6,0.9895165536525158,1.1333576393704963,0,0,0,1.2462321112283958,1,0,0,0,2.3521864257290916,9.203886323346064e-05,0,10.833471175023748,1.5406207837244816,0,0,0,1,3.785810592230398,2.8551960712585296,0,8.748356692568168,0,0,1
4.880315986229805,2.6464222920093814,1,0,4,0,1,42.819496626537926,0,0,0,-0.002011006723582132,3.3616795931886427,0.9570159133913614,10.107004262856831,0,0.9888481367682725,1.1188196149643013,0,0,0,1.280345883852631,3,0,1,0,2.3011483981106657,-0.00016493674732275497,0,0.04337442573516201,1.5067996616556598,0,0,1,0,3.7235277067028694,2.166219178820545,0,8.532151606748238,0,1,1
4.335797976336587,2.507690089084878,0,0,0,0,0,30.579705693534162,1,5,0,-2.5570530570999415,3.0946445291139115,2.587885192363717,9.990565009057166,2,1.0302002095573786,1.1351415286840112,0,0,0,1.1442704725316437,1,0,0,0,2.049574933517744,0.050453780275173506,0,21.59671463382801,1.5416080222757835,0,0,0,1,3.64774232650577,2.8827021590872857,0,7.580510146436751,0,0,2
5.286803289476054,3.2208648879612074,1,0,0,0,3,34.429497779746626,0,3,0,-0.803046201486207,3.547294159894966,0.40287180746446183,10.313512534647451,10,1.02525815282207,1.122249539123214,0,0,0,1.232540431813632,2,0,0,0,2.3127980864457123,0.00025340722347311044,0,22.99308689618182,2.9034623950641913,0,3,0,0,4.680709871167165,2.8169661858496258,0,9.379900602256264,0,0,1
5.3581939313009945,3.2587693477110617,0,0,0,0,3,33.178977523823605,0,0,0,0.01664843530492025,3.3536341638503955,1.0558958018076823,10.575117117820664,3,0.9869878741212749,1.1202513571642723,0,0,0,1.2836995525554158,1,0,0,0,2.2451210084136903,0.010245468109737354,0,0.0,1.6337597252218017,0,1,0,1,4.5792054397897655,2.8915829659797136,0,9.125485055478869,0,0,2
4.885422277720016,2.337462835779725,12,0,0,0,2,42.098997428932414,0,0,0,0.006437091469173011,4.30245194002222,0.9475142762004592,10.519370992227348,2,1.0366427221389294,1.1233551347025998,0,0,0,1.2946648176159763,1,0,0,0,2.3746563774510303,-0.0018751007693058935,0,0.0,3.3054502684687894,0,0,0,0,4.553161771867943,2.1087777710144016,0,12.193468004228395,0,7,1
4.425932829852998,2.7553359324988937,0,0,1,0,3,41.97304868788854,0,0,3,0.007245640140637088,3.4899504341843075,1.7146165474755835,10.280091163989486,0,0.9866893484433832,1.1237318337956785,0,0,0,1.2953132060756423,3,0,0,0,2.237081337912791,0.0021054834179611674,0,0.003065740233175563,3.0845450105140024,0,1,3,1,3.7289055683997723,2.0405306471082616,1,8.45727255936957,0,0,1
5.206203493161724,2.607760496720316,0,0,0,1,6,48.22702557700305,0,0,0,0.022699725020589534,3.4334669172784302,0.18512399527937318,10.244020165121494,2,0.9912882938712094,1.124666835876056,0,0,0,1.280320031262079,3,0,0,0,2.3424539302645213,-0.0033848541836128884,0,0.15137691896661695,2.982534923360098,0,0,0,2,3.8495345950983655,2.0841720860473156,0,9.173113281417569,0,0,2
4.911784121065976,2.514337230814925,0,0,0,0,3,30.226483079719852,0,3,0,-0.40530254684044065,4.014506738599148,0.9776063450989956,10.34595276380104,10,0.9870167721046282,1.1230714872108714,0,0,0,1.2761638383921106,2,0,0,0,2.3916263204882298,-0.002858894980899059,0,24.359394225159644,1.4895642436886931,0,0,0,0,3.801880971026391,2.1935603294085264,0,8.742406013337344,0,0,2
4.777742766361103,2.524820483991196,0,0,0,0,0,46.314904410311264,2,0,0,0.00537863798741407,3.937327481686383,1.684445137507113,10.337282413458604,3,0.9829758234567709,1.1303333465068974,0,0,0,1.2400379691006749,1,0,0,0,2.1805891983976435,0.0006619227181594231,0,0.03522489080780665,3.54550001831229,0,0,0,0,3.7272728654997995,2.0716548282986516,0,8.491887859897092,0,0,1
4.808885434792069,2.683210866498245,0,0,0,0,0,30.59932401351307,0,3,0,0.010503819233515862,3.2063595580153827,1.0470140712670355,9.00557930682225,7,0.9873601406922752,1.1439416397868987,0,0,0,1.1259650166845232,0,0,0,0,2.1263702790613745,-0.005539810553653911,0,0.12824209374020562,1.4000283970851521,0,0,0,0,3.236334294248237,2.104825161396437,0,7.446316517703287,0,0,1
4.853650362293444,2.4631000564027206,0,0,0,0,0,46.52250656737363,0,1,0,0.007797491670711533,3.323554019890763,1.0244093871461057,10.161494726924035,3,1.0217925799064609,1.13148220229416,0,0,0,1.23632871470298,1,0,0,0,2.2617524763440557,-0.013222595535060168,0,10.919012929452855,7.341893906802973,0,0,0,0,3.683076143138285,2.1596204740988547,0,8.407574569126366,0,0,2
5.118077774794844,2.8157363110692115,1,0,0,0,0,30.444266407668746,1,3,0,-0.01723164309927638,3.3343340750753234,1.7719188130916868,8.931371227742913,8,0.9817799642525982,1.1370705390953526,0,0,0,1.1575249331130197,0,0,0,0,2.2395843959611246,0.029656498099238985,0,0.09221397956099758,2.7060158930785283,0,0,0,0,3.712416221911041,2.1182829837505426,0,8.400907111731492,0,1,1
5.2157476937115055,2.7153116887130135,1,0,0,0,3,29.238793614761825,0,2,0,-0.0010896010903876942,3.270134325554339,1.0779496862319518,10.321077983944024,9,1.0189685147804377,1.1315593413868992,0,0,0,1.263440759513685,1,0,0,0,2.3240478999936363,-0.010944324072304636,0,11.466775845933274,1.4121474644061374,0,0,0,0,4.564573803374938,2.1371633518591864,0,8.832650433582304,0,0,1
4.8266807186618985,2.771692024358108,0,0,0,1,0,45.0261314369997,0,0,0,-0.007279688289871032,3.2681301095352517,1.6790363591705404,9.488889265167035,0,1.0121696374817026,1.1277235797035436,0,0,0,1.2604162977608304,2,0,0,0,2.303117945796137,-0.00922301078607204,0,0.0,2.8593284741350673,0,0,0,1,3.7747953423934533,2.274190713689749,0,8.429110957491185,0,0,2
5.302942142182099,3.7562436071958776,0,0,1,1,1,41.13431875830401,3,2,2,0.0010860097930093621,3.3588279661764924,1.1704084748975685,10.05974539043682,3,0.9928637274260531,1.137493978455829,0,0,0,1.229717146099997,0,0,0,0,2.2872991983258846,0.005394256857877595,0,0.06605349837970403,1.6735462109309007,0,0,1,1,4.5114693929085625,2.971940506182169,1,8.411305200658513,0,0,1
4.536615347147513,3.2772733893424597,0,0,0,0,0,28.40024384138166,0,0,0,-0.00396327055395234,3.02991152370598,1.0175734627542963,10.145482007217959,0,1.0363407458268823,1.1391364435918898,0,0,0,1.1466731959661938,0,0,0,0,2.3189473597588908,0.0685562368044988,0,0.035426120992926725,1.337278385463652,0,0,0,0,3.349258934583971,3.041546605588085,0,8.488457216740043,0,0,1
4.467840904820849,2.706585694589606,0,0,3,0,1,40.57814915784217,1,0,0,-0.0016672827950560604,3.3352337095677123,1.5730674436275893,9.963424570684463,0,0.9829586155536497,1.1335212412868707,0,0,0,1.2459104902754052,0,0,0,0,2.2270662710750706,-4.010185964968484e-05,0,0.07762964132339567,1.9008188201227165,0,0,1,0,3.6952121420707242,2.0212389909624275,2,8.351034067975329,0,0,1
5.324182812887227,2.52530194493922,2,0,1,0,2,43.038024800152094,0,2,6,0.01977550304625147,4.129992983235035,0.1537965092895403,10.475815366139372,2,1.0654645690931666,1.1068103958455844,0,0,0,1.295878662161401,3,0,1,0,2.3622128067603154,-0.0028903730162647507,0,44.25086806384275,1.5287268885117824,0,3,3,2,3.9418705161120977,2.690052529567734,2,9.376472771143625,0,0,1
4.921110478167369,2.827205563600731,0,0,1,0,3,40.58525042680528,0,0,2,0.005613466802465632,3.4110837387908934,1.076902282952237,10.04286999230897,3,0.9852371673204892,1.1267842386326985,0,0,0,1.2369479960484724,0,0,0,0,2.3131112963622606,-0.008429836398210332,0,0.17471821781988167,1.5922014445623336,0,0,1,0,3.7618644610837118,2.87727097521825,0,8.52526502097583,0,0,2
4.853056025759656,3.1107394941517565,0,0,0,1,1,42.18760693166699,5,1,0,-0.006752668318848143,3.9829911912889093,1.7053431080956956,10.228565487081518,3,1.032388938452864,1.1252205232179093,0,0,0,1.2584108950679689,1,0,1,0,2.2739386598005824,-0.005400711622780716,0,10.97362155413442,1.7041523423221083,0,2,0,1,3.768889384465346,2.8607942272360902,0,9.156860084427692,0,1,1
5.362424549696811,2.7398316114598678,1,0,0,0,0,24.970319170887684,0,3,0,-0.01937772030700416,3.3567036902914196,1.7397962617661245,10.124643396210894,6,1.0251842490023353,1.1387914978694875,0,0,0,1.1681460169361317,1,0,0,0,2.287478666367529,-0.0034415713222257687,0,11.236918295242074,2.977060346613319,0,0,0,0,4.436724071888526,2.1708100491574225,0,8.530454442781702,0,0,1
4.850462528900837,3.2482289473112202,0,0,4,0,0,29.028474079739027,0,3,4,-0.00566337548025784,3.4464469609853103,0.9600882864534718,10.08559739053266,0,1.0230111446840129,1.14474285530321,0,0,0,1.1471117271892792,0,0,0,0,2.3215292254931432,-0.0033336217432287695,0,0.29627869718477284,1.7706115194750252,0,0,3,0,3.6451767620477487,2.1500282620686892,2,8.410845089641745,0,0,1
4.400621675328823,3.194770265656846,0,0,1,0,0,32.023365039011665,0,1,0,-0.012950261981672524,3.1024304322956784,1.1100096892575124,9.02421912409936,0,0.9926830858699931,1.1414981889709697,0,0,0,1.139932036888949,0,0,0,0,2.081530930672426,0.006412501477899833,0,10.387348947341179,1.6158753881618997,0,0,0,0,3.6904148642387478,2.876000942669364,1,8.268045740473184,0,0,1
4.252673657483314,3.231182056573007,0,0,1,0,0,28.691250695596324,1,0,2,-0.015018941019224939,3.0213971822167727,0.9449865906796281,9.141164357795803,0,0.9883502361059656,1.1376764473106553,0,0,0,1.230081745511161,0,0,0,0,2.0031499959013184,-0.005465203502758325,0,0.0,2.345945569747562,0,3,1,1,3.6051042625564897,2.095809917717928,1,7.346741294595691,0,0,1
4.624893614774732,3.3133074169184638,0,0,0,0,1,41.06377262509653,0,0,3,-0.01118530673982138,3.292803038173495,1.689592950820137,9.199793245203464,0,1.016503765285306,1.134074167413734,0,0,0,1.290391697674649,0,0,0,0,2.293014238028286,-0.00873241816118341,0,10.73798554985483,3.302105891022745,0,0,0,0,3.613503576392109,2.101263119864604,2,8.332067705718288,0,0,2
4.349951959844834,2.6967707471975353,12,0,0,0,0,31.361367703351902,0,1,0,-0.568402511415147,3.346035040687584,1.5617276830881965,9.312856244525905,0,1.0198654860614347,1.1313702382511162,0,0,0,1.2579132474964299,1,0,1,0,2.2689967758312846,0.002825209251932451,0,0.0,1.7057274473593802,0,0,0,2,3.7175423430888377,2.8861717747571167,0,7.64256357903681,0,1,2
4.934906900928879,3.0060204074469397,0,0,0,2,1,27.16449124456456,1,1,0,0.0019492208231934318,3.4198807958250255,1.0543079545344083,10.48599934070196,3,1.0088119565573244,1.1387028424812584,0,0,0,1.2298870074955848,1,0,0,0,2.359048167096488,-0.0045726522575008765,0,8.053087696365674e-05,1.494002724188144,0,2,1,4,3.7182904408174933,2.1654846903148086,0,8.449036506415881,0,0,1
4.855479333535346,3.3934250819247374,0,0,2,0,1,33.45364795498631,0,1,2,-0.6669115019008979,3.337665997656357,1.374476461632233,9.968606566333793,0,1.0187537094439127,1.13872434306574,0,0,0,1.2353281361529191,1,0,0,0,2.2690588271112806,0.0005969302940442159,0,21.25165125622554,1.7751560763298992,0,2,3,4,3.785205282045049,2.9141469626569,2,8.428174077893514,0,0,1
4.852797322529334,3.985175131881074,0,0,0,0,0,27.65174909775901,1,3,0,-0.004887082644124066,3.2435258564837315,1.6170809098129106,8.90869216903163,0,1.0271594100172168,1.147954319254769,0,0,0,1.160748638264311,0,0,0,0,2.0488626029932164,-0.00040660152709494834,0,0.15440338110066565,2.819959885656375,0,0,0,0,3.5091294952778256,2.211560118114925,0,8.237124661597635,0,0,1
4.518931124419313,2.683181595287569,0,0,0,0,0,42.75038829507052,0,0,0,0.002012507110396496,3.1708963764329225,1.1075699905827665,10.039559674073539,3,1.031471758232562,1.126805413379095,0,0,0,1.2561870647275044,1,0,0,0,2.303776826879453,0.056423430069868746,0,21.30339412043653,1.5482442136568617,0,1,0,2,3.707128829382939,2.921791614482927,0,8.372907582701497,0,0,2
4.814094686779758,3.004958232595149,0,0,1,0,0,41.56503674214689,3,0,2,0.6631536405521556,3.319321086480742,1.0437951752532477,9.992395493537135,0,0.9847754016729895,1.136725227810048,0,0,0,1.243771728089975,0,0,0,0,2.3210062518920815,-0.006170574676096846,0,0.17397800115039042,1.3458193388954318,0,0,3,0,3.753320543378281,2.123484628749985,1,8.336608968119391,0,0,1
4.657608307715294,3.3154780461854187,2,0,0,0,0,34.08037845240047,0,0,0,-1.635800631634212,3.394039067081273,0.9922643323331432,10.026597683251602,0,1.0265462997559673,1.1342998122976578,0,0,0,1.2756066365049201,0,1,0,0,2.26375973680137,-0.0071145224105388745,1,0.0,2.905380007497111,0,0,3,3,3.6850951380638484,3.580953047333104,2,8.874506041526276,0,1,1
4.749926802915196,2.683070742429372,0,0,0,0,0,27.778367798658017,1,1,0,-0.024031178944947204,3.451228558346959,1.100829953352583,10.006726909735724,3,0.9862447233940472,1.1361724865336367,0,0,0,1.2485923916751434,0,0,0,0,2.2575976801564153,-0.005560436956165267,0,0.14418814724164575,3.054293588522175,0,0,0,0,3.5953983291908886,2.0665511109216075,0,8.466188982774835,0,0,1
5.268708599439022,2.7467655391764416,0,0,0,0,2,40.84161695877086,0,3,0,0.015629320770741653,3.788033397598947,1.051637631653016,10.260262502822508,3,1.0224799292489712,1.12770965520923,0,0,0,1.256807761230314,1,0,0,0,2.3157409075663775,-0.002977215178231898,0,0.0,2.928516281097356,0,1,0,0,3.7499822193064145,2.7395454749932053,0,8.634343560338241,0,0,1
4.560249887277508,2.565796359458244,0,0,0,0,2,42.884167244711094,0,1,0,-0.012492005276073071,3.4150978896096444,0.8644863865657598,9.43444395347598,7,0.9833193886329986,1.1102061126515397,0,0,0,1.3004618933672214,1,0,0,0,2.1422143282859305,-0.003201917507332566,0,0.16680016200143316,2.7444546650875554,0,3,0,1,3.7645519370032705,2.1757964436932027,0,8.497085278104485,0,0,2
4.867428624726728,3.104349325032091,0,0,4,0,0,30.279223657654004,0,1,3,0.015129809128860543,3.2802238740797933,0.9496847395774585,10.063083542585257,0,1.0196997478875607,1.1356325186776648,0,0,0,1.2529055471851873,5,0,0,0,2.2951340974947954,-0.003485441877392988,0,0.03550540469944156,1.4731603899407981,0,1,6,0,3.6733600121966203,2.0617794008707166,2,8.343912615365717,0,0,1
5.306052489711298,2.5027811204772212,0,0,1,1,0,41.14392973163707,3,3,3,0.01033591470900725,3.402701720216909,1.0750574636406245,10.143758520637341,6,1.0321586571397936,1.1347049295319553,0,0,0,1.2327713773708084,0,0,0,0,2.3521997089336413,-0.0034846892058727754,0,0.3149730875621226,1.7902942715883616,0,0,3,0,3.713598174205954,2.9181551531602725,0,8.572886871531095,0,0,1
4.501009834908049,3.2612562495264474,1,0,0,0,1,49.198961068188936,0,0,0,0.5024177999630288,3.379018842126308,1.0267984293972914,10.22164120006506,0,0.9859049863016004,1.124981634245398,0,0,0,1.2823823942785328,0,0,0,0,2.039283557461442,-0.002888137070173699,0,0.07806392283065483,1.7361596360938867,0,0,0,0,3.7678529596119232,2.02242134720721,0,8.646562493477806,0,0,1
4.886483223456015,3.3547377794130924,1,0,1,0,0,38.94555942996706,1,1,2,-0.021757504950971836,3.3165440284281913,1.7714608378906314,10.085558248601354,2,1.0326170672082164,1.1485066048780668,0,0,0,1.2141556375369738,0,0,1,0,2.278122948481849,-0.010774405449525697,0,0.0,1.7827920034353157,0,0,3,1,3.8894228658528216,2.3577090179510476,1,8.559434149515058,0,0,1
4.479684790779996,2.6132854253097726,0,0,1,0,0,32.18889590648522,1,3,3,0.01737203989127863,3.5827815599795816,1.8482005634698169,10.332833592310562,7,1.0248620477822088,1.1334482364717382,0,0,0,1.2458692376424065,0,0,0,0,2.3230528559942623,0.0032201618167444204,0,0.10143055406179359,3.232658103836072,0,0,0,4,3.6306838100599363,2.6773117161245787,0,8.620059035294227,0,0,1
4.237905300233797,2.7758167263900524,0,0,0,0,0,30.88793395012899,1,0,0,-0.009547383276279985,3.2340031640351636,3.1808808110937825,9.049791038514899,4,0.9765198284270012,1.1391843156900934,0,0,0,1.2476196630732135,0,0,0,0,1.9583612198977933,0.033469887874214205,0,0.0,3.3550234628909155,0,0,0,0,3.1944715752310158,1.9432610415068832,0,8.254254441182459,0,0,2
4.57916309577529,3.3891687526457135,2,0,0,0,0,32.586431525227745,0,3,0,-2.872538933349806,3.464037496892292,1.6922022752980928,10.344699766220865,8,1.0196903376459039,1.1380469412926797,0,0,0,1.1536770561693552,1,0,0,0,2.1732933801766934,-0.01156708222269267,0,0.0023122642104012013,3.3690055331188797,0,0,0,3,6.743613909207684,2.9615791812253747,0,11.742190001516683,0,0,1
4.770449067524876,2.0822916531425117,0,0,0,0,0,28.65907863340653,0,1,0,0.0210170853173613,3.190541310501612,0.364486733057883,9.91597031079607,3,0.988966964074124,1.136956911220896,0,0,0,1.1250721779385942,3,0,0,0,2.143391703519647,-0.006931013125826465,0,22.32536261969875,1.387876105618922,2,0,1,0,3.574472918049252,2.029170826394712,2,8.192594254554203,0,0,2
4.3320153405417505,2.716839702495218,0,0,0,0,1,43.1785003938848,0,0,0,0.005065239600379712,3.248748703906293,1.8290031269746665,9.05131652516901,0,0.9798927285117491,1.1306185671486848,0,0,0,1.2470712816407796,0,0,0,0,2.2268114456888455,-0.0017102994437963484,0,0.0466698002363668,1.8813461165751861,0,0,0,1,3.7053727155014866,2.0127206153948722,0,8.325353202506648,0,0,2
5.39196981846762,3.409130063624484,2,0,1,1,3,31.97769840865697,2,2,2,0.0066975601285171405,3.846330905271018,1.0799612020391893,10.36070619932886,0,1.0325669666259047,1.1304206585815109,0,0,0,1.2546923925036653,0,0,1,0,2.3218051842200627,0.07482501142827891,0,0.2603613572664831,1.8929681634911497,0,0,1,1,3.755807672414255,2.1505855764276283,1,9.089386846215513,0,3,1
4.930907747193538,3.3284354111301466,2,0,0,0,3,30.78128733249524,1,1,2,-0.010855762441238499,3.315486016356713,1.6808462680173077,9.116516601186467,0,0.9883311092314442,1.129839357289533,0,0,0,1.2901188124398493,0,0,1,0,2.038779951281467,-0.012211896343710366,0,0.12688869588581686,1.5484325422617218,0,0,0,1,3.8371420673619054,2.2173042100846185,0,8.579134030354565,0,0,1
4.823161392376385,2.510900646925295,0,1,2,0,1,48.07501311737985,0,3,3,-0.016462135396684025,3.831881621533843,1.3835589805060255,10.00348758290913,3,1.0150073158639492,1.131404263242575,0,0,0,1.2568741963800154,3,1,0,0,2.3301371108498956,0.037912262847960475,0,22.21568811900115,2.760048249235505,0,3,3,5,3.7358978558026266,2.551073244770775,1,11.407998004614479,0,0,1
4.866176646486289,3.4184078263133157,0,0,0,0,0,33.33145243739136,3,3,0,0.00782624445682723,3.6820113295498555,2.8949846955195175,10.480246789127223,10,0.9887800684833146,1.1358922674355207,0,0,0,1.160850137268477,0,0,0,0,2.314986694039578,0.0023238815860155302,0,0.18172775559780402,9.194469273217912,1,0,0,0,3.5373019091013633,2.0107828180342353,0,8.65036774781433,0,0,1
4.600558683210747,2.7370352473678086,0,0,0,0,0,45.90498476486876,0,0,0,0.012928172567326743,3.398732723282555,0.9139754784011211,10.28628733721611,0,0.9713263459220293,1.1186531473664088,0,0,0,1.2936582576225606,1,0,0,0,2.3113005781070055,-0.0116011098498322,0,0.0,1.4917139251726514,0,0,0,0,3.7421506639227493,2.110091493211326,0,8.40812362325019,0,0,1
4.812985289455603,3.2466162347777936,0,0,0,0,2,29.440387532637704,0,1,1,-0.0037167223226614466,3.2730350404665858,1.2062311842063116,9.947998846357779,3,1.0287050629563566,1.1323176954804794,0,1,0,1.1576171519408573,2,0,0,0,2.285747628289542,-0.004534201952819381,0,20.889794729333687,1.8985138054677253,0,3,1,2,3.7449001022568678,2.900189009923487,1,9.054954895714003,0,0,1
5.346098695678649,3.3278293018604788,0,0,0,2,7,31.623873768522387,0,3,0,-0.02784134488190337,3.3357497149507913,1.0502093848029992,10.474168120276993,8,1.0086843811070343,1.1389005126995282,0,0,0,1.1595722862323175,1,0,0,0,2.372571066736969,0.00530421746700314,0,0.13556378015881404,2.337392007905189,0,0,3,0,3.512106500179331,2.774613294482991,3,8.028317569000937,0,0,1
4.862134093196694,2.390748933766432,0,0,0,0,0,30.014517280299742,0,3,0,0.022801442284018057,3.226848423393756,0.9684577792390767,9.44936538544829,0,1.0152803038030005,1.1404158849032482,0,0,0,1.1679830084943459,1,0,0,0,2.1393225192720804,-0.004903759372727532,0,0.12708383056992195,1.2882666112668422,1,0,0,0,3.6426469488719646,1.9982591132555634,0,8.358672400271987,0,0,1
4.812619687189165,3.3727664259544357,2,0,0,0,0,27.277780347170676,3,0,7,0.021850872929396446,3.4287162867055665,1.6573257299098842,10.052526599874971,0,0.9899450556405864,1.1389221050294214,0,0,0,1.2746684118444882,0,1,0,0,2.2603768051358357,-0.008671804472967188,0,0.08566162729925572,1.609637101281225,0,0,0,0,3.8313416263307407,2.7178609397846336,2,8.639654804912754,0,5,1
5.3905985502220375,3.1997451264416727,0,0,0,0,0,31.566335671206378,0,3,0,-0.46142675468236743,4.164462667671095,3.6892924865143453,10.6778543381887,9,0.9832131602126079,1.1330279997842654,0,0,0,1.2447233274123577,1,0,0,0,2.349586825179403,0.004362514076388377,0,23.2207467448824,3.6262174895855925,1,0,0,0,3.7408597441774547,2.05615925825214,0,8.915689321464196,0,0,2
5.197527343891685,2.657008816433246,0,0,0,0,0,42.602998588906594,0,0,0,0.020740597063529907,3.3116723335931924,1.5068888474505577,9.988264349906661,5,0.9788136347467703,1.1316692418675554,0,0,0,1.2269162516634893,1,0,0,0,2.2492865851148096,-0.0026635381504061793,0,0.21960571014040836,1.7294300770884827,0,0,0,1,3.717014519540071,1.9751601065134339,0,8.41817613660606,0,0,1
5.345193001095714,3.4096963629432397,0,0,0,0,2,41.72976849660783,2,2,0,-1.063668344134781,3.3590704380002276,0.9930266667631502,10.283774466089108,7,0.9865468826250244,1.1282982039158036,0,0,0,1.2691830234052501,1,0,0,0,2.3381617696483725,0.0018816956609230726,0,0.003162642313558197,1.7724318946363937,0,0,0,0,3.730502090449286,2.175448644039898,0,8.50941153644039,0,0,1
4.332114332294492,2.684367599289227,0,0,0,0,1,32.29815736186021,0,1,0,-0.024817500132161132,3.512953388798357,1.486453545630734,9.92315284340348,3,1.0284339863058696,1.1283786045815682,0,0,0,1.2692636202139576,0,0,0,0,2.066449235570285,-0.003004331468467225,0,10.778968444179327,2.8542603153342108,0,0,0,4,3.744104743619145,2.6572987371896284,0,8.581783425082854,0,0,2
5.405309114656209,3.5544954466393306,0,0,1,0,1,39.34781674383783,3,1,2,-0.0009228369957147639,3.369488917633121,1.7336499484331827,10.257635121311445,3,0.9873397244247804,1.1388892072056733,0,0,0,1.2358395601891417,0,0,0,0,2.3064424319712535,-0.0028545066754867145,0,0.20779504115659014,1.6582225307128688,0,1,1,1,3.758894153711101,2.1940518876699757,3,8.489346923349263,0,0,1
4.45212637335234,3.3025351250769877,0,0,1,0,2,32.10012906135138,0,1,2,-0.20200819247510982,3.3436055193964576,3.0821415092384483,10.10241884179072,0,0.9876612199234799,1.1329242727220032,0,0,0,1.2424445975198088,0,0,0,0,2.2653558366626023,-0.0026573045889329294,0,0.1061709531038134,2.028798227605388,0,0,1,0,3.6167316060213235,2.064881048109839,0,8.294445364901282,0,0,2
4.892059468124816,2.466256124523367,0,0,0,0,0,40.00732863932767,0,5,0,0.0115084724435071,3.3098656446318606,1.0749050742809756,10.417296819358999,7,1.026129182787385,1.134964937210496,0,0,0,1.1866085336750567,1,0,0,0,2.334820293894972,-0.010419189019516936,0,21.801670449003684,1.5704386583564802,0,1,0,1,3.7037102183099098,3.013314763196131,0,8.345168670848453,0,0,1
4.448363004313223,2.582358004532897,0,0,1,0,3,41.23527421425877,1,0,0,-0.01666011273859241,3.4693042929238707,1.5411084795074652,10.101535676917448,0,0.9848923749989584,1.128257906398993,0,0,0,1.2773405129536761,1,0,0,0,2.243469346195302,0.13187509064718933,0,0.13068150013779306,2.861784359605109,0,0,0,0,3.6652736369433843,2.056795957781285,0,8.509151994442247,0,0,2
4.869254442810668,3.350245926401585,0,0,3,0,2,42.63435340272134,0,2,0,-0.7202110993853207,3.322599250327241,0.3003637713516371,10.05310144640357,7,0.9895136634668138,1.1159813940455239,0,0,0,1.2571874589544116,3,0,0,0,2.3063277363158146,7.621957881610332e-05,0,0.0,3.0159565638686954,0,0,0,1,3.73185854362845,2.2544847003064037,1,8.528552786742685,1,0,2
4.8254008233382155,3.706818486067749,1,0,0,0,0,26.356098078009147,1,3,2,-0.025235948609701932,3.267720384958482,1.8851721020819219,9.867742846493101,3,0.9979112252093524,1.1474342646457851,0,0,0,1.1113709256074302,0,0,0,0,2.097854658402409,-0.01715726070541234,0,10.51819644095874,1.6146181157577741,0,0,2,2,3.5612500162618734,3.881672609546033,1,8.313148759232009,0,0,1
4.315221082375699,3.2700155626192644,0,0,0,0,0,27.752889335992922,0,3,0,-0.02393126250936642,3.2211091908008216,1.6638448029328037,9.00763774857558,0,1.0246718389919705,1.138706971970606,0,0,0,1.1421903755969183,0,0,0,0,2.2803645822137484,0.0017825640955432592,0,0.0,3.1422688452841623,0,0,0,0,3.6307444127976876,2.1858092691154964,0,7.557217195411946,0,0,1
5.264390509129026,2.795432184380631,0,0,4,0,0,41.536998212631836,1,3,6,-0.44650479794367015,3.4883279954191293,1.753394989987428,10.326489801902728,10,0.9897734754515531,1.1271581768509709,0,0,0,1.2645327676625546,1,0,0,0,2.272950281787521,-0.0024370555012281224,0,11.22255328192924,10.203410066450306,0,0,3,0,3.6365511442017793,2.118617765892086,0,11.819543157111342,0,0,1
5.229186023761014,2.8198913701299926,0,0,0,0,0,32.94081781353191,0,1,0,-0.006807886427163734,3.3400044233554596,1.5457921681150066,10.188795060989824,0,1.011222675579541,1.1307459324797735,0,0,0,1.2449705571833332,1,0,0,0,2.3490400436135093,-0.003342717663325785,0,41.198763550884735,1.5503291793393177,0,0,0,0,3.706892205929888,2.537590171133957,0,8.60793050966296,0,0,1
4.81095090568001,2.6520543925717055,0,0,0,0,1,45.23279003454508,0,1,0,-0.003865163223405646,3.381804439115499,1.0533296906654939,10.152026880359125,3,0.9922816732933742,1.127611582674714,0,0,0,1.2595721916913714,0,0,1,0,2.0178595592520923,0.006580967532432456,0,0.0,1.803666387775963,0,0,0,0,3.703146650015813,2.2146642571800514,0,8.401741762634517,0,0,1
4.648418881605134,3.188349023360095,0,0,0,0,0,31.003676959184293,1,1,0,0.0228846575168095,3.3770511531703145,1.9451575460621227,10.216802346584652,3,0.9851160603618349,1.133668281870729,0,0,0,1.257513514458552,0,0,0,0,2.2863053468583554,-0.0020468459973594956,0,11.045740686147296,1.9935036036405775,0,0,0,1,3.705339547465109,2.226184105542561,0,8.290402168484944,0,0,1
5.188897298825436,2.774496937356524,2,0,0,0,0,29.085043325803777,0,3,0,-0.0011271523456551598,3.4333616502844846,0.9131014411089899,10.38339503473387,8,1.0126704791491286,1.1326451360956031,0,0,0,1.2541836680889895,1,0,0,0,2.3165512394319943,-0.01123943067827002,0,0.05450581257744441,2.9453358462190478,0,0,0,0,3.795243865571381,2.7104779311282097,0,8.664684767151183,0,0,1
4.528416428160535,2.7355790122832584,0,0,0,0,0,42.9879999626657,0,1,2,0.0004948104983517217,3.264506543269146,1.4703114555076109,10.111542408705368,2,0.9870299777569234,1.128959794265726,0,0,0,1.1785285519745878,1,0,0,0,2.2887769075879616,-0.12472516085028554,0,11.091668085379178,1.7172934294832076,0,0,3,0,3.6781801038365862,2.5312062826538817,0,7.704493407106347,0,0,1
4.954604574007733,2.654433576915467,1,0,0,0,3,41.41418323444638,0,2,0,-0.0097149840640373,3.565133817434409,1.0184805057782196,10.340813721333106,7,1.024311363680537,1.1291774285692915,0,0,0,1.280273310295002,1,0,0,0,2.3417655018234944,-0.00036917535563919085,0,0.26206673425582455,3.0982917062579167,0,0,0,0,4.63397715517936,2.130616192989436,1,8.694413314728429,0,0,1
4.796540651491107,2.4720004543331053,0,0,0,0,1,40.87587329212153,5,0,0,0.00466372660598974,3.5525175974002656,1.5491791190341402,10.26738059779958,3,0.9930848289994966,1.130722198083687,0,0,0,1.2220377729349663,2,0,0,0,2.3027885288765155,-0.0034639768730373678,0,10.974896658163653,3.268137759433203,0,0,0,0,3.7217283229279814,2.239526633462546,0,8.597430490702074,0,0,1
4.760346870670759,2.5232392268861235,0,0,0,0,1,41.635697663795,2,0,0,-0.015278352357982207,3.4639756198120053,1.665537917732246,10.123522440765178,0,0.984599320928961,1.1336144956503096,0,0,0,1.2310483177680807,2,0,0,0,2.268073285266607,0.005746232898520832,0,0.0,1.788504177818666,0,0,0,0,3.5195101645242794,2.090710530410861,0,8.396061454263657,0,0,1
5.393198708246866,2.714796575048639,0,1,0,2,0,33.05729698636322,6,3,0,-0.01356166246937394,3.679464883991973,1.6470248645708756,10.560503731981612,3,0.9902749848647191,1.1323667262501065,0,0,0,1.1866647596509436,0,0,0,0,2.3516588648809336,7.632474581497056e-05,0,0.1607770466995896,3.0420560817215234,1,0,0,2,3.745306029285601,2.7851511389537884,2,8.752111602331443,0,0,1
5.240285606446084,2.4353457489887855,0,0,0,0,0,40.57459534116022,5,3,6,-0.02015979637725327,3.5375350577027045,0.46315386461810093,10.433101955596415,9,1.0302539334794654,1.1341999640874514,0,0,0,1.1525497993895257,1,0,0,0,2.3495188241942024,0.004174939115571198,0,22.915032647198323,3.1370715082668346,0,0,0,0,3.7348360696148863,2.199227174772099,0,8.710237295432517,0,0,1
4.477569403584888,3.2808964428786185,0,0,0,0,3,41.61574162664549,3,0,0,-0.012196937977783774,3.8207796502626357,0.34846004875210307,9.073401749134195,0,0.9885127947406568,1.1210368485541329,0,0,0,1.2468339613531003,0,0,0,0,2.265458597093577,0.0010980921534949558,1,0.0,1.515433384250223,0,0,0,0,3.612309227318602,2.114166815763694,0,8.322313352162807,0,1,1
4.798606954300797,3.14503855414285,0,0,1,0,1,41.86744812277375,0,1,8,-0.0045493216186387915,3.4713584337090655,1.545079989021216,10.038820134391694,3,1.0216992679856038,1.1381205300980959,0,0,0,1.2256358014754856,1,0,1,0,2.281851330333809,0.0008703965196744394,0,21.51201558183379,3.1923366800693858,0,0,1,3,6.898807438439907,2.173092060372968,1,8.664489446854907,0,0,1
5.292836864153371,3.409717318859978,1,0,1,0,3,42.267950318285926,0,3,0,-0.6008532566761167,3.5256442376776493,1.8138813559779803,10.30057884137513,10,1.0276183919828932,1.1257554386919018,0,0,0,1.2481524801909274,0,0,0,0,2.328231099013217,0.0025622507425641667,0,22.113901146747786,1.6159651573932572,0,1,0,1,3.6929469139708204,2.8958975207115953,0,8.680840303711365,0,0,2
5.349035223530603,3.300304588857807,0,0,0,0,3,46.10854021793167,3,1,0,0.025244578353046603,3.2884472106171048,1.095037147193913,10.335507753969603,2,0.9885925582707357,1.1243788621625515,0,0,0,1.2646940182921111,0,0,0,0,2.3440717928794212,-0.008804594946277876,0,0.0876184371511626,1.9169659376807857,0,0,0,1,3.7139491991474007,2.2284828910014496,0,8.487814067129001,0,0,1
4.8722229676675335,2.7731106534306127,0,0,0,0,1,41.75538698968788,0,0,0,0.0039972597968866595,3.24669363405466,1.0530560226408892,10.019065615790844,0,0.9842239749006038,1.1233521089956775,0,0,0,1.241574191217854,1,0,0,0,2.267628791690957,-0.0013586221469493287,0,0.0,1.6654450085652077,0,0,0,0,3.684923925244186,2.115558380933633,0,8.274362134645935,0,0,1
4.362629289242118,2.63472495649143,1,0,0,0,0,30.324783602188283,1,0,0,0.01317379915191139,3.3902208331477,1.8580802974494297,9.026444051429,3,0.9850810696927067,1.1336134812487235,0,0,0,1.1883315521864446,0,0,1,0,1.985026509228091,0.00039049811891018094,0,10.856244745459627,3.1926601970868327,0,0,1,0,3.6667639958759333,2.0614861194075353,1,10.999178603675125,0,1,1
5.307552233370497,3.318282508177038,2,0,0,0,0,31.835694594650395,0,2,0,-0.5616754567873988,4.203503885736988,1.4888646499746363,10.413010946833236,7,1.0277116694840083,1.1321206524650553,2,0,0,1.2645008949763483,2,0,0,0,2.157441473605902,-0.004791822236102172,0,22.337755839887304,8.450107591779247,0,0,0,0,4.534338346542403,2.0338947777133667,2,8.74897426910909,0,0,2
4.368906867528419,4.091468604855578,0,0,0,0,0,29.384053340084947,1,2,0,-0.002427796524953822,3.839676213896819,2.727661750681965,10.132179640330254,3,0.9911817374803785,1.1369944679617658,0,0,0,1.1784380439355586,0,0,0,0,2.2383499723394205,-0.005207226218038339,0,21.460526823919707,6.372760930338902,0,0,0,1,3.679918213439914,2.158019574652755,0,10.369795656855155,0,0,1
4.804174968180139,3.871509651221189,1,0,0,0,0,27.600028024149292,2,1,0,0.007402562638246898,3.5667458732543915,1.0961018473818611,10.050336977763086,7,0.9887429299198495,1.137457180506262,0,0,0,1.237063572221962,0,0,0,0,2.292783603512485,-0.010000711466126407,0,0.0,1.8257463709878152,0,0,0,0,3.7837492624226665,2.0836682600060525,2,8.682172307666974,0,0,1
4.854814294124513,3.645180364620631,2,0,0,0,0,41.700755917125136,0,1,0,-0.6532223339821455,3.222178357947036,1.199452739901745,10.034789544897539,8,1.0346620288124222,1.1301852722501873,0,0,0,1.22403448502064,1,0,0,0,2.2813487295962647,0.016726129132085075,0,21.260384770837454,1.6935863627526062,0,0,0,0,3.674604243479196,2.926029145046903,0,8.490800798244607,0,1,1
4.828508767372392,3.2347549691836854,0,0,0,0,0,30.71459067410265,0,2,0,-0.3431025564868162,3.4103139225008303,1.186186653012076,10.220259016823427,3,1.0213056683058175,1.1348384238348654,0,0,0,1.2360728635365905,0,0,0,0,2.102006128498592,0.002536135345307846,0,11.087909140036329,1.7097613526087512,0,0,0,1,3.646817215852605,2.6529793044290533,0,8.937981861023605,0,3,2
5.522575571988167,2.855465846983962,0,0,0,0,0,29.71728101849251,3,1,4,-0.6313198977435605,3.4497602065060695,1.6716107228809167,10.437844298008894,8,0.991169654222985,1.14489087375601,0,0,0,1.2350625523375038,1,0,0,0,2.392081259576039,0.0014703298183287416,0,0.30173533725895835,1.621589849659425,1,0,0,0,3.7316567866404826,2.2267102302927833,0,8.665133783401693,0,0,1
5.417855747730267,2.411839238682414,0,0,1,0,3,31.20674247032493,0,1,0,-0.6920396786048515,3.972009144101337,1.5660377361168867,10.19962952557243,0,0.9867486968895876,1.1288985300848955,0,0,0,1.2572458608879886,1,0,0,0,2.3433995706794657,0.0013705190127965416,0,10.933613134137824,3.274019196559144,0,1,3,0,4.500207282883004,2.130450752456245,2,9.194213855216669,0,0,1
5.292061886282224,3.1544894629686757,1,0,0,0,0,29.62101355133698,3,3,0,0.003339424293758833,3.5363389725480463,2.8026253134019914,10.233981253809644,10,1.0352634198134016,1.144180973299033,0,0,0,1.1557786008393303,1,0,0,0,2.2773938596579186,0.0011995717649794697,0,0.17178508894868583,2.8882932219153985,0,0,0,2,3.6300937700910514,2.225770432037794,0,8.548777308595827,0,0,1
4.859027501908008,3.4573485094777023,0,0,3,0,0,42.10484442551825,0,1,0,-1.701076209642229,3.4424873488774783,1.720343231922644,10.302032106395448,3,1.0230350425757264,1.1319419482460453,0,0,0,1.1722137443764016,1,0,0,0,2.3107942092736318,-0.14351634329513158,0,21.51955701980124,1.5987237891175796,0,0,0,2,3.7001425851178236,2.9566383546308224,0,8.569280667860328,0,0,2
5.358553806742691,3.3326534007973123,1,0,0,0,0,32.33047546562809,0,3,0,-0.519602005077623,4.078571354419266,1.4721949190754398,10.373947047925212,10,1.0278831890161997,1.1261335527451417,0,0,0,1.273791335121939,0,0,0,0,2.333016445080344,0.0007018129416573502,0,23.845040000955137,3.043400181616945,0,0,0,0,4.507348295329322,2.9682602406044456,0,12.417226190521097,0,0,1
5.231485262992138,2.828591449903091,2,0,0,0,0,29.517650788729547,3,0,0,0.0010252586640343948,3.5096340123948497,1.5351782298435845,9.216571850657633,2,0.9773850764265133,1.1339299777357787,0,0,0,1.2728423554591581,0,0,0,0,2.2964013707968194,6.713117762244193e-05,0,0.0,2.870566432071395,0,0,0,0,4.454968868615967,1.8794044599411173,0,11.70993982745617,0,0,1
5.289675138365622,2.702150203872516,0,0,1,0,3,49.548531125761066,0,0,2,0.038002158171249106,3.682714180865387,1.054069740905878,10.293169912654298,0,1.0215846145008032,1.1226755717103092,0,0,0,1.2605224391495775,1,0,0,0,2.361178789448648,0.0013267236466628673,0,22.721595282660573,1.6786563787448963,1,0,3,0,3.8396128690700495,2.6377255474747474,2,8.637659781733454,0,0,1
4.7732905538581045,2.7426776173230114,0,0,0,0,0,28.628031009780514,0,1,0,-0.014200485635332293,3.271911033290608,1.1113590187318774,10.113734034670392,3,1.0185312539266904,1.140521913751184,0,0,0,1.1682009395931372,1,0,0,0,2.0768285467586507,-0.005697537616411889,0,0.13343132484029452,1.74278394210497,0,1,1,0,3.680628655778494,2.0473031566937228,1,7.426405706301773,0,0,1
5.259956677656155,2.6578422162806934,2,0,0,1,0,28.364138610255388,1,0,0,0.020273405315203902,3.241435293783165,1.0798928453107046,10.222233236510288,2,1.032945443462461,1.1359208745060796,0,0,0,1.2593231769088873,0,0,0,0,2.248875439758751,0.016222349101704506,0,10.841950041254895,2.9847661756419885,0,0,0,1,4.510964734674305,2.928431853961489,0,8.519848412731905,0,1,1
4.395351660310126,2.6746152393734857,0,1,0,2,0,27.640138873888766,3,1,3,0.00804928152022831,3.3568779938269553,1.1470371358289682,10.264947927947604,2,0.9822131176534582,1.140841871144723,0,0,0,1.241651224284543,0,0,0,0,2.3025820227470417,-0.007624802844444789,0,0.21090549011860216,1.5806865451335983,0,0,0,1,3.6914536124959474,2.7022615932286733,0,8.346328800342418,0,0,1
5.28695410082676,2.4232911487098026,0,0,1,0,0,49.16861924069464,0,3,3,-0.15114992412054862,3.8472275643057476,0.9546889580639979,10.356300205630252,6,1.0186887799927549,1.1296307622735746,0,0,0,1.27886268495997,5,0,0,0,2.307456626669841,-0.0010363016636831643,1,23.12645023603014,2.7940160367103046,0,1,6,0,3.6954816204889647,2.560067039832672,2,8.554257968979371,0,0,1
4.5341866928326136,3.4156635057925744,0,0,0,0,2,31.320710625475403,0,3,7,0.13992628468065083,3.9061859091104987,3.023907049985271,10.231502192792949,3,1.0231568159827578,1.1348863517087817,0,0,0,1.2371611944023122,1,0,0,0,2.3175314884164795,-0.003368157140464966,0,11.179360488806994,3.067647268360416,0,0,3,0,3.7063943081112627,2.769448780397701,0,8.869111559607969,0,0,1
5.22045059565637,2.598989694915035,0,0,0,1,1,31.043979294724753,3,3,0,-0.515857675203129,3.3809160397356637,1.6282975560271513,10.330251922225802,7,0.9862101760983437,1.129279190782677,0,0,0,1.2529629497152441,3,0,0,0,2.3309820360450297,0.0013059345624243867,0,11.608959202123042,3.069571275336268,0,3,0,0,4.483968532699583,2.7145137332340483,0,8.762293661245666,0,0,1
4.48834205716027,2.7344563374787847,0,0,0,0,1,30.26791269153841,0,3,0,-0.6384246783326492,3.3372055275335017,1.8770662707696415,10.218234948342902,8,1.0206378516705152,1.132515517799873,0,0,0,1.1565355902813603,1,0,0,0,2.286793894770159,-0.002126526355057449,0,21.995144952154064,3.086655884084987,0,0,0,0,3.747368524530597,2.677218981416433,0,9.077085125454534,0,0,2
5.197938166842439,3.2887700632354813,0,0,0,0,3,40.828759358965456,0,2,2,-0.016653945874883606,3.1712386118659204,1.0500194341109954,10.02641389455668,3,1.0263502978583647,1.1317588499420295,0,0,0,1.2549284937944476,0,0,0,0,2.2597444904616193,-0.014683089195808593,0,10.841100870368836,1.2914276775100022,0,1,0,0,3.7074287162119193,2.875612938639837,0,8.48893242650436,0,0,1
5.294223005513538,3.408303255141797,1,0,0,0,3,31.82090555962634,5,3,0,-0.001998255538070324,3.508548398261687,2.042139871260781,10.258591737225055,7,1.0361347688232494,1.1314456046238806,0,0,0,1.2083543641459977,0,0,1,0,2.2992290401805278,-0.0011231900498175251,0,0.4118039882232295,1.996047484499976,0,0,0,1,3.8078672993012352,2.800722735991533,0,9.247267430451174,0,0,1
4.885506200589969,2.736496467455513,2,0,0,0,2,43.244952289182535,0,1,0,-0.8846705965668873,4.113522627483098,1.5302301025735072,10.315078274765701,8,1.0240645311049388,1.1255885116989528,0,0,0,1.2650595695161515,2,1,0,0,2.330036523646283,0.004075459141786595,0,21.920375630704317,3.0745216362867893,0,3,0,0,3.783941873342872,2.1928065900275038,0,8.715591470085565,0,1,1
5.3099192858794195,2.637766941062524,0,0,4,1,4,33.75290036565211,0,4,3,-0.5922686835595968,3.650709474209431,1.6400250199677866,10.44561942106799,7,1.030219988994565,1.120776444529284,0,1,0,1.1922089585147124,1,0,0,0,2.4111311915110667,-0.0009648478284698405,0,21.711795212456487,2.8926235065341785,0,2,3,0,3.9482304417377136,2.5268194837796187,0,8.920372075854843,0,0,1
4.309104292753767,3.7903182372085196,0,0,0,0,0,30.127880188974334,3,3,7,-0.03030744258562359,3.373698106098077,1.551540711557263,10.108206244693573,0,1.0150982902209744,1.1480954586933627,0,0,0,1.14464254521467,0,0,0,0,2.320110388442144,-0.0018527957472086248,0,0.10938623157467857,2.8700670601305838,0,0,6,3,3.671069617935787,2.725279778083438,4,7.529713460240003,0,0,1
5.275495474431736,3.3602846397100694,0,0,0,0,1,41.264012666054626,0,3,2,0.01887707420759545,3.321183748556244,1.641872005340165,10.102178198674398,7,0.9885945153331909,1.1397130507346163,0,0,0,1.2286448965235017,1,0,0,0,2.2717794395441797,-0.0017086578328386354,0,0.0,3.0808100136756726,0,0,0,0,3.7446305538003304,2.272832531771083,1,7.5554535679606305,0,0,1
5.342307826988112,2.4980070227195936,0,0,1,0,1,41.96638952903837,0,2,2,0.09100709966157122,3.839185441476344,0.9361505969776083,10.33320626184485,6,0.9920811426112847,1.1244331347755263,0,0,0,1.2714915870752042,5,0,0,0,2.3791311714617205,-0.0004012199940790956,0,22.198792043247163,1.5788494873802537,0,0,2,2,3.8235039337245578,2.668098604197134,1,9.1321614472062,0,0,1
4.477147582590545,2.7428171678963778,0,0,0,0,0,28.15106133703101,2,1,0,0.024093914136321545,3.1467853195556734,1.8660661968050989,9.253112395971174,0,0.9849290330125596,1.1458775739028657,0,0,0,1.1642434883322077,0,0,0,0,2.075614463019119,0.057655894806121946,0,0.1498124332566495,3.6291035799331492,0,0,0,0,3.619072177585917,1.9879769199228434,0,8.309849509476463,0,1,2
5.195548953497848,3.2697077568878,0,0,4,0,2,31.248189396535192,0,3,0,-0.024079802736346825,3.9004182610418288,2.6705099206180276,10.267236870450935,9,1.0224768658919237,1.1395978984202935,0,0,0,1.1256026530935377,1,0,0,0,2.290941330026412,-0.0019347397342327076,0,22.798048470339822,3.14320478822523,0,0,0,6,3.6829958306898742,2.7477863844211043,0,9.05491145346598,0,0,1
4.888286136348934,2.609189506061498,2,0,0,0,0,28.853681810178173,0,1,0,0.01752276097692356,3.4625736962214546,1.1003061793795257,10.303963011421525,8,1.025299408192578,1.13193379319031,0,0,0,1.271578664908238,1,0,0,0,2.316963082781133,0.0007163775456954637,0,22.329220359549314,1.731060515041355,0,0,0,0,4.559162413225603,2.152157956621232,0,9.142731922667414,0,3,1
5.360935073984859,2.2074440941901496,0,0,0,1,2,46.53646279071696,0,3,0,-0.1522540811718749,3.2929523479385976,1.0041075574867837,10.460361556435757,7,0.990393534988204,1.130805188665669,0,0,0,1.2479769600986859,1,0,0,0,2.3356010982149087,-0.009584377483728578,0,11.37589492009694,1.7632901315583438,1,0,0,0,3.6832514891513224,2.211445638462326,0,8.524451391938014,0,0,1
4.855645894741528,2.46702564079464,0,0,1,0,3,49.863237470498355,0,0,3,-0.014522573268646359,3.418383956798345,0.07447382340783149,10.19924059535929,0,0.9821845979982109,1.10889125688812,0,0,0,1.2965686173039994,3,0,0,1,2.3166744870266633,-0.005928532779379782,0,0.24827510609376652,2.6967213661662996,0,0,3,1,3.8273109764931554,2.022883884812151,3,8.476395354121664,0,0,1
5.347411066810722,2.7721161051690064,0,0,0,1,1,30.52737758872258,3,0,0,0.016760836616538956,3.3810057825316235,1.6940873078205647,10.351611472182913,6,0.9893217497561088,1.1336798774385108,0,0,0,1.2385954536859018,0,0,0,0,2.3566887371263525,-0.006008778812495042,0,22.548180191210154,1.5434509045465599,0,0,0,0,3.7359323109094444,2.6659084104120407,1,8.509526322375693,0,0,1
4.885904117489659,3.19556882665283,2,0,0,0,0,32.440376566797596,0,0,0,0.014401690237042124,3.637766825426693,0.9412399980077185,10.171654081596886,0,1.0200938575752567,1.1235891753557352,0,0,0,1.3014035832063078,1,0,0,0,2.1874338142679317,0.0011582640032802571,1,0.16769727555618935,2.9916135182712424,0,0,0,0,7.125677311611982,2.612774016567179,0,9.133437128524662,0,1,1
4.068010126402916,3.2600793753495108,0,0,0,0,0,30.718766932917287,0,1,0,-1.3303093853147898,3.2768054368948,1.0590122907028656,8.676347207872256,0,1.0337287706010467,1.1406037388353996,0,0,0,1.2311887570332536,0,0,0,0,1.9036543854008312,-0.14355207521905655,0,21.03380347497267,1.3897282564198914,0,0,0,0,3.7752597915555905,3.491587239280581,0,8.412751142738177,0,0,1
4.830590597448879,3.2382180600596433,0,0,1,0,0,40.04261244585775,0,1,2,-0.6634984073160869,3.2668566607671767,1.6373577638340708,10.04791200899376,0,1.0263348745043095,1.1386260293448331,0,0,0,1.2182097922013688,1,0,0,0,2.2946848722728257,-0.0009475743442020829,0,21.39540348098289,3.155334316735527,0,3,1,1,3.7197023998140653,2.138018401440437,2,8.498024995942986,0,0,1
5.252064164201676,2.6652513959006026,0,0,0,0,3,29.612859658412653,0,1,0,-0.48366919637070716,3.428585200453102,1.0544336659262223,10.355809960995337,9,1.0187165628060093,1.1341637972422747,0,0,0,1.237600678778618,0,0,0,0,2.3201628811793524,-0.010549428143388065,0,39.50718833033306,1.508401705086053,0,0,0,4,3.7338936436269803,2.8208882726657105,0,8.609634733584961,0,0,2
4.9542064337108735,3.4405575099981633,0,0,0,1,0,42.891883055900244,2,3,0,-0.003554273183713162,3.5301232669767306,1.770327839898751,10.188513520606136,0,0.9908567932347716,1.1316264491356545,0,0,0,1.2470100486678377,1,0,0,0,2.3178839307257224,-0.0013178947497105348,0,0.07872372476686362,2.9640470146903892,0,0,0,1,3.769584780710012,2.212222936234928,1,8.527922909231325,0,0,1
4.669115255877536,2.8909881281001897,0,0,0,0,2,43.65755034369561,0,1,0,0.012976538686316496,3.2462605007701306,1.1172354272319076,9.977453821546252,3,0.9867775024967523,1.1297153527252846,0,0,0,1.2510164542139879,0,0,0,0,2.236657994441861,-0.011161672328036045,0,0.072168944136169,1.7871833236404837,0,0,0,0,3.657716400091214,2.1844576130460296,0,8.373892739369085,0,0,1
4.850640078455286,2.6828082191260942,2,0,0,0,1,47.44668804430612,0,1,0,-0.0005632928449291793,3.444768859841021,0.9106522463834017,10.223850534591055,3,1.0265556380967686,1.123014130249577,0,0,0,1.2439693273420251,1,0,0,0,2.3029176640732927,-0.0040028771825533155,0,11.087836369673825,2.634771986702189,0,1,0,2,3.7623289363934798,2.8746133442546067,1,8.574371065312693,0,1,1
5.1210127547502475,3.3069342510884123,0,0,0,1,3,44.07539102618055,0,1,1,-0.2450298171908548,3.2831002763277457,0.9056043015502497,10.217780254420141,8,0.9790308704009323,1.1352066532658427,0,0,0,1.2474539983510489,1,0,0,0,2.302532951776127,-0.013929410728435133,0,36.16653839509487,1.3950039731815667,0,1,0,2,3.7480754257328734,2.062858471687341,0,8.498970266945147,0,0,1
4.5059536048323885,2.448357260930903,0,0,0,0,0,31.02267990564214,0,3,0,0.007078500716049399,3.502933271367978,0.11787237144229298,10.104001697172247,7,1.0085106004625535,1.126619408542609,0,0,0,1.1666964689905799,0,0,0,0,2.23213287787332,-0.002875551011846865,0,0.18648756848284137,3.269571906782918,0,0,0,0,3.5790081872808392,2.054289651837268,0,8.395315210805128,0,0,2
4.54354944893457,2.4270047385759135,0,0,0,0,0,30.926507202337415,1,0,0,-0.5093944824934911,3.8826146407284794,1.0871838537970606,10.390717978509437,8,1.0233961354567633,1.1242176929035472,0,0,0,1.262174732431257,0,0,1,0,2.32800119106554,0.00428101346054197,0,10.715857571349778,1.7385605570699376,0,0,0,0,3.7511014761192576,2.867507848958349,0,11.906764899494512,0,1,1
4.851493055388943,2.450852501648761,0,0,0,0,1,41.59001407578231,0,2,0,-0.5205873940019946,3.491037944115202,1.105748076784416,10.088571823690828,3,1.0286775887210544,1.1296992428931014,0,0,0,1.2247406393419786,0,0,0,0,2.29316073313592,-0.0015799836173461938,0,0.0019202382892103444,1.7348733325871701,0,0,0,0,3.6689251610739433,2.2621381919367263,0,8.709821066355092,0,0,1
4.838043768558065,3.4784173804496348,0,0,8,0,6,34.48282596341506,1,3,7,-0.9910343026424743,3.7007689298402497,2.9422792313791546,10.251378416003538,9,0.987926598151941,1.1367115733499094,0,0,0,1.1816894240202518,0,0,0,0,2.3036001420471144,0.0024877866484804105,0,40.44894916737361,6.99560187758368,0,2,3,0,3.6381793422384803,2.251633398013336,2,8.55345615534737,0,0,1
5.317569106194478,3.3683582123452247,0,0,0,0,0,30.698358601429668,0,3,3,-0.6322547992584941,3.435825578421208,1.74824875227716,10.146277165611771,0,0.9887281303613442,1.134733284775547,0,0,0,1.2464912430087094,0,0,0,0,2.3180212692461906,-0.00031184108106266926,0,8.583177023556209,2.7264035363449115,0,0,0,0,3.742129835467023,2.8258527085397707,2,8.49001240122557,0,0,1
4.44740544675076,2.6251214339529643,0,0,1,0,0,28.41965464362098,0,2,2,-0.6478048863957312,3.325472529530916,0.9936930261652405,9.122824145705643,8,1.0381499269022973,1.1347326885486007,0,0,0,1.2224803456300062,1,0,0,0,2.3454573060948674,-0.005033405186770326,0,21.72565247584801,2.92562188898163,0,0,1,1,3.6541226323420104,2.2716963806657993,1,8.450836812400997,0,0,1
4.254640146353911,2.4276014491810214,1,0,1,0,0,45.766358798270886,1,0,0,0.011239286827302871,3.325361060390747,0.9857119441154525,9.998467404294427,0,0.9828183367429006,1.1305647693418603,0,0,0,1.27870536430297,0,0,0,0,1.8648994314987646,-0.006311890609330564,1,0.0,1.3294044002675034,0,0,0,0,3.713139400947417,2.1306423381699005,0,10.648465129153957,0,0,1
4.613746038787036,3.2880516886304907,1,0,0,0,0,32.077592642991156,3,3,0,0.004125250649180066,3.199198929101549,0.42726567607196897,9.968893502386742,3,1.023449479437851,1.1336716768647557,0,0,0,1.1563238404428735,0,0,0,0,2.278275005817088,0.001421499325798046,0,0.0,1.6088444256268377,0,0,0,0,3.6685663109870177,2.2605159676260143,0,8.40868964901368,0,0,1
4.908610810816431,2.5892941908659424,0,0,0,0,1,48.84194751349441,0,0,0,-0.6724384176233219,3.4241973954343012,1.005087351481078,10.162756317497964,0,1.0182921134808507,1.1229678546206685,0,0,0,1.249539264787599,1,1,0,0,2.3334003046981904,-0.005294045530351136,0,0.26585923700990105,1.4525909770279213,0,0,0,1,3.784075831391518,2.181250443053267,0,8.4684015586552,0,2,2
5.310687925079176,2.9609249417045658,2,1,1,0,0,29.416959118426533,0,3,2,0.004579750231931718,3.376300018648633,1.7682364366558174,9.952270071110009,3,1.090789059040858,1.1413112978927247,0,0,0,1.1524658683830267,0,0,0,0,2.2778670364819424,-0.015413121981557441,0,21.048835682955154,1.713742638984676,0,0,3,2,3.7424864368576887,3.5940883572899383,2,8.478024057330105,0,1,1
5.2915534197758225,2.835379128618777,0,0,0,0,3,48.03864561021532,0,1,0,0.03912579701466206,3.525857194771252,0.9613492544328707,10.202960214350206,2,1.027495763708613,1.118757370153898,0,0,0,1.2740905116508905,2,0,0,0,2.3390382020682496,-0.013138268202144858,0,11.247538760461268,2.5323239643788686,0,3,0,0,3.8608707137206184,2.5664684930097135,0,8.61301176616862,0,0,1
5.295782819465758,2.6790920600001122,1,0,0,0,3,31.89717059297636,5,0,0,0.02408323008813136,4.136067820427981,1.0989000887450093,10.50076473648263,0,0.9799860959285716,1.1285171907548175,0,0,0,1.2595362537495605,1,0,0,0,2.3490964469407674,-0.009081979594684837,0,0.1537618066787823,2.875817318873112,0,0,0,0,3.7688475109020945,2.0575601658703366,0,9.42860024646031,0,0,1
4.308024951260184,2.86199338813768,0,0,0,0,0,32.80808054162347,1,1,2,0.015022581418588579,3.3138586152468084,1.0340709558237564,9.843661183850083,2,0.9888537675731044,1.1360806538693906,0,0,0,1.1626047612627388,1,0,0,0,2.272164320243606,-0.0011256799725019998,0,10.659239800739332,6.4050536280014425,0,0,0,2,3.6702958161520804,2.663628859866733,0,8.301535718252923,0,0,2
5.524878029583384,4.535720645566116,1,0,7,0,0,27.798009493448166,6,3,9,0.0017147993896613827,3.558973943734055,0.9607890616210755,10.505705499647068,8,0.9930587609448089,1.1452098243145947,0,0,0,1.2511064430483312,0,0,0,0,2.426754873537545,-0.0031350976967579325,0,0.7018916343326518,2.8298240453659993,0,0,0,4,3.763763895966833,2.215448111189975,3,8.502948081699685,0,0,1
5.163555458702001,2.7971424397417417,1,0,0,0,0,41.28190574066677,5,1,0,-0.0018186102745705866,3.772159201631094,2.4748823297889477,10.114842192959888,7,0.9837651663133561,1.1308744566878255,0,0,0,1.2740223676467894,0,0,0,0,2.294116836589051,-0.013571267199115281,0,0.0,1.5021983843692528,0,1,0,0,3.7407888542146193,2.062097329000096,0,8.530616205167394,0,1,1
4.89132865686404,2.723959045132503,0,0,0,0,1,33.00079668171382,0,1,0,-0.8187093571074953,3.5640354223602437,1.7747378522908899,9.914034745829163,3,0.9864600642872253,1.11934167208833,0,0,0,1.272736402741948,0,0,0,0,2.2519237553706204,0.0003680422793293928,0,10.945698230865846,2.996817012484503,0,0,0,0,3.657973494804676,2.8404933576699527,0,8.503644759029836,0,0,1
5.338418817453896,2.7861742081783376,1,2,0,0,6,28.559616486333535,3,3,7,0.014230066016963125,3.5348358309355277,1.0477459014884094,10.46933598952741,6,1.0287647865042604,1.1320832844170678,0,0,0,1.2788739772292825,1,0,1,0,2.2891437814375304,0.0009828560736107924,0,0.32867427946288547,3.2328832777759615,0,3,1,6,3.777031405612583,2.9337311571792215,3,9.187452877836812,0,1,1
5.1936382888310995,2.7075308151851174,1,0,0,0,0,31.596230300652792,6,1,0,-0.005431206521046133,3.3824644152703978,0.9977564660726256,10.339909519931002,7,1.0519099116720558,1.1294992884978334,0,0,0,1.2517903408924371,1,0,0,0,2.3237373662252274,0.003528868849452825,0,10.837423925092505,3.0057168336418756,0,0,0,0,3.7240499925569424,2.058465277983322,0,9.222411548403391,0,0,1
4.8751707212417585,3.424442962820556,1,0,1,0,0,46.22542569112741,0,2,1,0.006065145664060094,3.269213338227559,1.0196440726992153,9.895855947321017,0,1.0260902964218195,1.130194462633975,0,0,0,1.287072232391733,1,0,1,0,2.321785556593698,-0.009414622128565335,0,21.33491614071188,1.685893608483662,0,0,2,2,3.8323239853541455,2.7718499339071556,2,8.53969175479526,0,1,2
4.779378750373334,2.8100966785992285,0,0,0,0,2,31.73183064019147,0,2,0,-0.6979932704912155,3.3725978991874204,1.154068768589116,10.063354997890428,3,1.0247776777132007,1.1329209061915178,0,0,0,1.192954485184322,1,0,0,0,1.988641413610584,0.0051502065001679965,0,21.830513152171235,3.4176104132344935,0,0,0,2,3.7188212545346264,2.7318115675715258,0,8.401010494605538,0,0,2
4.282255055641609,2.739655234828346,0,0,0,0,0,30.189455062394906,0,3,2,-0.5352735956661043,3.2189579123530168,0.9724663998545195,10.010049408254938,6,1.0317360714037247,1.1344798228247241,0,0,0,1.2217075160919495,0,0,0,0,2.280210444615291,-0.005253036454974823,0,21.395985357574094,3.0851503206363358,0,0,1,1,3.695512274850858,3.0203117595003297,2,8.372704015514012,0,0,2
5.238447543205453,2.6935632556464286,2,0,4,1,0,31.50489793740562,1,1,0,-0.5236060107135946,3.4457938586665597,1.5376947932023277,10.301046249942509,7,1.0228165602840589,1.1332219241946266,0,0,0,1.2600066111669754,0,0,0,0,2.322309708248582,-0.0010291884637535118,0,11.098567090377903,2.725862415911916,0,0,0,3,3.7827335091391845,2.7055552114094445,0,8.738088156906876,0,1,1
5.485901994464463,2.8908826049269045,1,0,0,1,0,30.651161920385253,3,3,0,-0.00838502663414065,3.445950280811896,1.0697201192392654,10.207197047481808,2,0.9798466245621079,1.1339099214321569,0,0,0,1.258920313653787,0,0,0,0,2.2960095802707032,0.006769402142259999,0,0.08182038675426809,3.016204646018603,0,0,0,0,3.3376590700305293,2.1284027297800887,0,8.416220771724625,0,0,1
5.350975998637472,2.672323054298134,1,0,0,0,3,47.199329897609424,0,2,0,-0.006293468014004731,3.5799332431589606,0.9149646404721351,10.429004728162592,7,1.0305692408223985,1.1188996275623517,0,0,0,1.2824697793973479,5,0,1,0,2.388737811763588,-0.00919283752455859,0,22.42118713908574,1.4892847049705453,0,1,0,0,3.8466179239875506,2.713415782394384,0,8.956518801198584,0,1,1
5.0010051713690675,2.6290844637781867,0,0,4,0,3,39.97720884288101,1,0,0,-0.0243832559040422,3.227069503541218,2.221160255275686,10.394578531241976,0,1.0054849522281009,1.1282488708947016,0,0,0,1.1813863610728172,0,0,0,0,2.3401778997994085,0.0037290638501340763,0,12.063984590158748,3.6719099299962035,0,0,6,0,3.7460869432249213,1.9362806315847683,0,8.32103328049969,0,0,2
4.2705219129883405,2.7093181254025462,0,0,0,0,0,30.70415947081615,1,2,0,-0.010367476103559365,3.270294917055384,1.5096335142108137,9.990759170638922,3,0.9890808487965789,1.133197228053027,0,0,0,1.1716177601448177,1,0,0,0,2.2660327649818384,0.01255696555554264,0,10.901035132281034,2.8150840562721924,0,0,0,0,3.660949158706252,2.602329483758666,0,7.64484196666276,0,1,2
4.823058149141865,2.861540953708916,0,0,0,0,6,29.628594781782777,0,0,3,0.005000035165209332,3.1856173588181966,0.8564633512601023,10.204678451621426,3,0.9942203388450523,1.1365792499832825,0,0,0,1.2496418624852081,3,0,0,0,2.323740307549778,-0.025775597247416054,0,21.845308424237054,1.472357933061457,0,3,3,2,3.6928327618187624,2.5023145944104557,2,8.758578922320691,0,0,1
4.857122901416065,2.7420446465086488,2,0,0,0,0,31.670722111847454,0,3,0,-0.6491983214113999,4.062745571333987,1.023969355544065,11.006877377644697,4,0.9883616558903495,1.1300973101546041,0,0,0,1.170629590007709,2,0,0,0,2.3285804430256665,5.102539369285014e-05,1,22.151378299481863,1.8618026344676621,0,0,0,2,3.6571551299871077,2.1127206089518857,0,8.745930935031765,0,0,1
4.843994643298705,2.7497375917054137,0,0,0,0,2,33.5888834353422,0,3,0,-0.791451086729461,3.4689697034565614,1.5708237341957851,10.091185885472205,3,0.9948053064054329,1.1403571333171159,0,0,0,1.1682517475837264,0,0,0,0,2.016356699207476,-0.00023845658432290252,0,10.64129256232794,2.830631590493673,0,0,0,3,3.6429625208943204,2.231639305233444,0,8.491781640709059,0,0,2
4.514596522365182,2.538505791981167,0,0,0,0,2,42.51298881012563,0,0,0,-0.003176098076116145,3.4440045269261863,0.997918887490674,9.356922058045786,3,1.0193573119133228,1.12592349831506,0,0,0,1.2503845862303018,1,0,0,0,2.256107754491439,-0.0025084872313538243,0,10.675375131179832,1.8747529763065902,0,0,0,0,3.660511686428486,2.0532419795476984,0,8.462069699634588,0,0,1
4.543534595923086,3.3047617707992356,1,0,0,0,1,42.652750727999546,0,3,0,-0.005361446034606293,3.1261455562107865,1.0516466677388956,10.026609973550851,2,1.0250656743146067,1.1288617373373881,0,0,0,1.2419089413906932,1,0,0,0,2.2792804770405932,0.0027658677231045684,0,21.557909861927747,1.5912080136494033,0,0,1,1,3.7655871628010464,2.913940131711199,0,8.241572248563454,0,0,1
4.38890312510789,3.3114837119317846,0,0,0,0,0,30.659444435962012,1,3,1,0.009614529128346145,3.425942904115175,1.7226702974714507,8.952474512523256,2,1.0238285956873088,1.1409682286950285,0,0,0,1.146137628411971,0,0,0,0,2.0931688591707545,-0.003783636506730869,0,21.488218891232165,3.235076075235348,0,0,0,0,3.6493955552960253,2.729962658756966,4,8.369757277967082,0,0,1
4.872893834021201,2.786470300085291,0,0,0,0,1,33.53662731107937,0,3,0,-0.5290748986991971,3.3969213356304864,1.8844775072467363,10.26814257277833,7,1.0297432967477371,1.1263004565652805,0,0,0,1.2517365702290764,0,0,0,0,2.2582240237893947,0.004074557654568821,0,39.794884616474235,1.5287936722456843,0,0,0,1,3.6615126326821086,2.1338832199855053,0,8.310750994881467,0,0,1
4.794202115960023,3.3984240815223723,0,0,1,0,0,41.429529527334566,0,0,2,-0.3292299355499218,3.2767560833790026,1.0730338552061425,9.918745749550206,0,1.026870366923267,1.136891638380371,0,0,0,1.2561917540969585,0,0,0,0,2.299758999736959,-0.024846632636749508,0,0.06943375191325454,1.5441880986229255,0,0,3,2,3.796760607463541,2.099068268430352,1,8.801771729854293,0,2,1
5.249499590451504,3.793749957052301,1,0,0,1,0,29.12094728063221,3,3,0,-0.002639003689671673,3.317032723652217,1.0463776615190468,10.061270330533517,2,1.0312404456510644,1.1411200796468746,0,0,0,1.1457796007689172,0,0,0,0,2.284465614646214,-0.009133869011455565,0,0.0,1.6457494562362067,0,0,0,1,3.6686236116525195,2.9807620053504995,0,8.3808728078924,0,1,1
4.520992822777603,3.237090150975898,0,0,1,0,0,30.87708946549401,0,0,2,-0.014296775943536216,3.255140655891946,2.029188496384437,9.087283208974236,0,0.982933546044134,1.133432708147038,0,0,0,1.2757320612843341,0,0,0,0,2.0280981354912115,-0.005656747725684114,0,0.19316822448664628,3.6200387619015277,0,0,0,0,3.692552931740204,2.016348470951553,1,8.258821353727434,0,0,1
4.5357270214995635,3.260208334401736,0,0,0,0,0,29.227651376641244,0,1,0,0.014938417548265834,2.95743284118207,1.1377985169900269,9.518893901083288,0,0.9805026984380908,1.1304533821362686,0,0,0,1.181087693780331,0,0,0,0,2.2903902408678545,0.003280782147401542,0,10.676867261216843,1.6479579927915944,0,0,0,0,3.7242940638825117,2.2445979855904037,0,7.349125372789197,0,0,1
4.853707279703498,2.616140085220117,0,0,0,0,0,31.6410461368308,0,1,0,-0.7501909048613824,3.382786156313838,1.6785108790311574,10.060775952460366,10,1.0418529735332414,1.1280313113116258,0,0,0,1.227834887338511,0,0,0,0,2.2904061598344816,-0.006676233620938332,0,0.08305967093078462,3.1097221902479144,0,0,0,0,3.7104172063435814,2.2974030149477196,0,8.617693472356274,0,0,2
5.278931237443247,2.7153404705408573,0,0,0,0,0,31.43882350588189,0,3,0,-0.5088958329940073,3.2049160900890974,0.48186218909092426,10.249794664781785,3,1.0230061270137234,1.1380180935086444,0,0,0,1.1593825202737211,1,0,0,0,2.3195723592217905,0.01812064657261727,0,10.832387741181206,1.482792739009325,0,0,0,0,4.46203279773906,2.17036117101332,0,8.863188950319744,0,0,2
4.889834474205055,2.768421601233368,0,0,0,0,0,40.820224427819575,0,0,2,0.021755335485272753,3.2917132369638846,1.033263598613633,10.13744551491449,0,0.9882731574572581,1.1263283868952005,0,0,0,1.2406024530811,1,0,0,0,2.328832308799313,0.006798718444087228,0,10.76618663003907,1.3693766453898728,0,1,0,0,3.656576542680572,2.1271678096812794,1,8.460895591130143,0,0,2
4.474475383072463,3.2941945885524917,1,0,1,0,0,31.30789282540559,0,1,0,-0.005932185384177288,3.2588232304318363,1.053978749449956,8.86600777765785,0,1.0247672803034114,1.1307270232302526,0,0,0,1.2770521107532233,0,0,1,0,1.9604147182901812,-0.020944031976224676,0,0.1171456077376728,1.5349108964553058,0,0,0,0,3.794727061381364,2.2329270778734394,1,8.356001995239554,0,1,1
4.870659196790297,2.8444909322862504,2,0,0,0,1,32.53734017907324,0,1,0,-1.409909682274925,3.911634500085378,1.0162703885064899,10.150481308433346,2,1.0213483782413886,1.1200185092014867,0,0,0,1.2894222342257233,2,0,0,0,2.0944962419799626,-0.0007150932457527474,0,0.0,2.615338549037864,0,1,0,0,6.8606236765906035,2.1443809410735004,0,11.425701765561476,0,0,1
4.785297160385748,2.6365104621096638,0,0,0,0,0,33.51353185534873,1,2,0,-0.015754407173501277,3.5436512150606507,2.6662263768105134,10.099237210218025,3,0.9820202198162293,1.1359908710530116,0,0,0,1.2439991215008233,0,0,0,0,2.0817621208721815,-0.00042898110351314103,0,10.766231934544908,6.5131665187003085,0,0,0,0,3.524302562087711,1.9330487788399124,0,8.394261076985323,0,0,2
5.366951026455304,2.5398371885637565,0,0,0,6,2,42.95015173409949,3,0,0,0.009193040404271033,3.7391549125455117,0.8652388892446898,10.59755282335391,0,0.9894964032691933,1.1213467699488082,0,0,0,1.3148111305334114,2,0,1,1,2.386414748192762,0.001366261360535993,0,0.0,1.5944111494518787,0,0,0,1,3.7933910369727095,2.020067247769253,0,8.465884107924012,0,6,1
5.331084750524813,2.5876759499914503,0,0,0,0,3,30.092672491448795,2,2,0,-0.026360206442702833,3.984552867984575,1.7214206782831805,10.300678908300096,8,1.0144695937738128,1.124112653865644,0,0,0,1.2476754682969915,2,0,0,0,2.320884545063796,0.0038218592258922567,0,0.1683885184798915,3.4183743479634283,0,0,0,0,3.6828100237567756,2.1577641700843873,0,8.611721721162304,0,0,2
4.832470947276356,3.7530404298978604,2,0,0,0,0,28.38315550817125,0,2,0,-0.010750408973858426,3.49910443791629,1.063942877701429,10.204110763956393,2,1.0863508365164998,1.133943498361116,0,0,0,1.234584268782913,0,0,0,0,2.294051544137041,-0.010741778486668201,0,21.582604279798232,2.839744615313812,0,0,0,0,3.7614613393222402,2.8714493846613554,0,8.632753328491921,0,0,1
4.942141860271891,2.8908653541820546,0,0,0,0,2,42.25611215525554,1,0,2,0.06820038574056132,3.5268814528546306,1.064131652515262,10.185748711114162,0,0.9867121064499484,1.1299850653185803,0,0,0,1.3174364295056933,2,0,0,1,2.371121868511,0.0009444262750293545,0,0.14476904193407042,3.4128739195965996,0,2,2,2,3.721054125875095,2.3327419242001457,1,8.412046919887938,0,0,1
4.902568494494857,3.9189672121431456,1,0,0,0,0,32.65382228905361,3,0,0,-0.0034265173315365764,3.5523316334531816,3.0244795797812993,10.178235625004916,2,0.9869748443980051,1.1379025373253449,0,0,0,1.173724486896448,0,0,0,0,2.127668772780099,0.003370350837121194,0,0.0,7.730798826128018,0,0,0,0,3.714564952042854,2.0637938959520206,0,8.476272390661528,0,0,1
4.580740211420341,3.3979440637189446,1,0,0,0,1,41.907975224719216,0,0,0,-0.004366719330315331,3.3513360081594126,1.104847858583361,10.173364452762254,2,1.0267471098267753,1.1306435970940232,0,0,0,1.2449685231060696,1,0,0,0,2.293125299700103,-0.0013429104951452502,0,0.1930666721288764,1.6564851854197564,0,3,0,1,3.7371057941734667,2.1773049784424874,0,8.581883890715478,0,1,1
4.4333006592604525,2.549596116914705,0,0,0,0,0,28.67209379357544,0,1,0,-0.009845325277376585,3.1864574232027048,1.1024853598344466,9.989366406266893,0,0.986490666845292,1.1324816444717556,0,0,0,1.2567385675747036,1,0,0,0,2.291976475861825,-0.005654721660676208,0,10.853063987982038,1.8208414259287171,1,0,2,0,3.6545417265706064,2.022627477435757,1,8.202461359297997,0,0,1
4.903626308016378,3.2751563339771534,1,0,1,0,3,41.940328831785244,0,3,2,-0.8603922752273891,4.032178021796622,1.0408182820148404,10.908330604539842,8,1.0259555212881655,1.127163353845919,0,0,0,1.2409087416331679,3,0,0,0,2.343224715792958,0.003982295437412141,0,22.313866321917484,1.7475167741987068,0,0,3,1,3.852823459058634,2.8883266052052297,1,8.690094410094966,0,0,1
4.170165711175815,3.318096744277225,1,0,0,0,0,29.449791794391608,0,1,0,-0.0031309672573564427,3.064334992059311,1.4628401732748557,8.695831237042594,2,1.0237341270645415,1.1442838558468507,0,0,0,1.1416135424519045,0,0,0,0,2.035096119184589,-0.18209596551732482,0,0.0,2.9051684108233093,0,0,2,2,3.1848164537524957,2.659300707985526,8,7.066253402618915,0,0,1
4.770439861699855,2.2562901593753515,0,0,1,0,3,32.20709660331329,0,0,3,-0.014455294858478672,3.587792391929931,0.08231591554136555,10.259565122639048,0,0.9891806019528157,1.1240992297148633,0,0,0,1.263699045291792,6,0,0,1,2.1815875957233084,0.003752102941789363,1,0.20267564614608674,2.682161502705611,0,2,0,4,3.744745207426596,2.1716874757920097,2,8.603823511596692,0,0,1
4.452729047605511,2.6969059621448688,1,0,0,0,0,30.936705718148662,0,1,0,0.007766154962943804,3.333280758555844,1.1623128244781267,9.281243378994848,3,0.9866667331706724,1.1403082821958817,0,0,0,1.2246306426279285,0,0,0,0,2.260640948272476,-0.10936166609866448,0,10.56967865178871,1.879450495357469,0,0,0,0,3.697979405618388,2.7090231760420203,1,8.42438384523079,0,1,2
4.829358119265197,3.2514893376434264,1,0,0,0,1,42.71400312358907,0,3,0,-0.016841744436846853,3.475817588519338,1.2263635983835763,10.018206866492871,9,1.0257475658112793,1.130236867930678,0,0,0,1.2304315063045292,1,0,1,0,2.2563413871008784,-0.0013232749400650741,0,21.651249016682883,3.179491048779398,0,1,0,1,3.8020307222441208,2.815934724627567,0,8.581693148599928,0,0,2
5.237324644942034,2.7050248692177954,0,0,0,0,3,42.58888029838752,0,3,0,0.0033358758999581318,3.3494628736846828,0.2780920162861404,10.314158734064279,9,1.0144521489218268,1.1244882066139932,0,0,0,1.2371574799163256,0,0,0,0,2.3172083191445236,-0.0021950074526810416,0,11.072676262283526,1.363672735112407,0,0,0,2,3.707983152124904,2.1092325197638226,0,8.578821149468,0,0,1
4.73836303938882,2.551628195014515,0,0,1,0,2,32.53540655594441,0,0,2,0.009227070436501688,3.6640212887969255,0.40052682075950563,10.18156534893723,3,1.0190940470549787,1.1306207378262048,0,0,0,1.226181401874967,3,0,0,0,2.3423136245114624,0.00928956824840456,0,0.03151337464987664,2.8732851198139566,0,0,1,1,3.723012066082429,2.0153765296605193,1,8.562673443600778,0,0,1
4.295180458784727,3.545864628238662,2,0,0,1,0,28.226418464972692,0,1,0,-0.19774314969972187,3.316886841388975,1.115946234467017,9.089013578546098,0,1.0643949387676008,1.1401644164052394,0,0,0,1.1674801584357226,0,0,0,0,2.2234939242045035,0.09888372333395573,0,10.316075855193827,2.0078557330046176,0,0,0,1,3.691569452104045,2.7317790779403666,0,8.445394153229701,0,1,1
5.13844653848697,2.828139978946779,0,0,0,0,1,45.82869047691629,1,0,0,-0.34935921230018196,3.0036885983748425,1.1375104453851799,9.994859399923328,3,0.9808752978216144,1.1263528786638466,0,0,0,1.2475876203168892,0,0,0,0,2.2829576981334054,-0.01809504801680466,0,10.445229287008209,1.4868815273751754,0,0,0,0,3.64967410227298,2.6494968756352475,0,8.22688265472096,0,0,2
5.373150099990407,3.2985286628587502,0,0,1,0,0,28.357153417099365,3,1,0,0.011044618920424026,3.309585888916839,1.1888386922862022,10.06890961592456,6,0.9870138305928435,1.144021390195236,0,0,0,1.2004392969887914,0,0,0,0,2.3069831731538026,0.052837333877890025,0,0.002140374358930077,1.8595813586863212,0,0,1,1,3.795065852499988,2.8442309076805463,1,8.376456081255927,0,0,1
5.334865890580476,2.6013369575430514,0,0,0,0,0,29.180220417165838,0,0,1,0.018318385721595474,3.0343471882013056,0.8900407638599356,10.08226921050043,2,1.0193763826844247,1.1315415249245417,0,0,0,1.267351522843529,3,0,0,0,2.0775346684516554,-0.01813754779421147,0,10.801877920645499,1.2747579391155823,0,0,1,1,3.6537553216287897,2.8180206999461044,1,8.191798298527173,0,0,2
5.118617353321486,3.491636979126238,0,0,2,0,0,28.383195486033408,0,3,3,-0.024271523964884887,3.1980581233999703,0.9547030834396257,10.295312078808914,8,1.0784161310745526,1.1451495683874622,0,0,0,1.1414605911087718,1,0,0,0,2.3128154494045736,-0.017377464191456544,0,37.82210936407809,1.3517451907324123,0,0,3,4,3.6831879914972894,2.7990852168507203,2,8.523371573291147,0,0,1
5.320187355697985,2.5497198504819885,0,0,0,0,0,30.81599407273327,0,2,2,-0.41923780534774224,3.894502818701148,1.0282268839734203,10.329631906489986,7,1.0344649228353995,1.129614921766195,0,0,0,1.2489030034869157,3,0,0,0,2.344443109957864,-0.007009069107455563,0,22.47010049327023,1.7230431887761628,0,0,0,0,4.5906340931421745,3.926706622094212,0,9.330047370867273,0,0,1
4.842575010136776,2.748161901330062,1,0,7,0,0,29.803691943733185,0,5,0,0.008985082215134594,3.8555106974172872,1.0700956954688656,10.130878369535058,9,1.0257982217428918,1.1340532669577432,0,0,0,1.2366719799774093,1,0,0,0,2.2860936972209247,-0.00930577262472009,0,21.959526569734855,1.6188531841343825,0,3,0,0,3.7023330926269606,3.717538214993608,2,8.498604255269285,0,0,1
4.408581198552326,3.2355603920871006,0,0,0,0,1,27.857303026850243,0,0,3,0.008282540548894613,3.1317859687775598,1.0585575893715011,10.059414982558136,0,1.0112347079270805,1.1394729345489971,0,0,0,1.187626088681418,1,0,0,0,2.0801878183750055,-0.010226469728410147,0,0.13749902963374377,1.5137963594085275,1,0,0,0,3.645827008804545,2.1052131246507355,1,8.333055282501613,0,0,2
4.848607357359667,2.564602903838298,2,0,4,0,0,28.195360071800135,1,1,3,0.011946411895515036,3.834983450089651,2.731934885418414,10.18102946998507,0,0.9808863833946511,1.138577543313587,0,0,0,1.2616363972146292,0,0,0,0,2.2881821184237983,-0.007602038729826467,0,11.345542948600228,6.961114307412674,0,0,0,0,3.727631579245507,2.0565691921186438,0,8.521697589254808,0,0,1
4.876483719488184,2.8232713844228137,1,0,0,0,2,43.89494573786105,3,2,2,-0.7793825530643375,3.521320337363862,1.6045479355835912,10.315523397342881,7,1.026672277335922,1.129085972108524,0,0,0,1.2697366045382807,1,0,0,0,2.1289382905169805,5.323155550002135e-06,0,0.23920501369209263,2.917352005194096,0,1,0,1,7.145630550283572,2.273451461845889,0,9.250890211353445,0,1,1
4.616942461240194,3.2941730819357034,0,0,0,0,0,32.34508305011043,2,2,0,-0.016033712549713183,3.5124793034720705,2.846649774208108,9.984260729918276,3,0.9881726637850867,1.1365092865403648,0,0,0,1.1486653846759938,0,0,0,0,2.1460878213548726,-0.0018477044731566837,0,0.2730182390944314,7.861532812644964,0,0,0,0,3.6383740449691597,2.2396047309360823,0,8.401393262114567,0,0,2
5.351868021301563,3.3648947487521226,0,2,1,0,1,40.78732867391372,0,1,3,0.006689945836829998,3.599089664050426,0.9749410039349005,10.617644696524325,2,0.9783791057638547,1.1239110296093033,0,0,0,1.2973591573257086,1,0,0,0,2.359621905216084,-0.010051174439517887,0,21.942326045508846,3.1276358574406364,0,1,0,0,4.55688253414294,2.2279206651622925,2,11.72081412620531,0,0,1
4.892963258606284,2.389024455716748,0,0,4,0,0,41.631212406269384,0,1,0,0.026068272116266125,4.183692233777459,0.1332160625189487,10.297460382254906,3,1.0234537696601294,1.1267070840520097,0,0,0,1.2487760732004343,1,0,0,0,2.319014741999134,0.0011071099551155617,0,0.12937606011235758,3.404963016615962,0,1,0,0,3.6764098681332813,2.670266329965428,0,9.0832684054231,0,0,1
5.416523309975504,3.2551602235620796,0,0,1,2,0,33.62040981426442,4,1,2,-0.03614039286795062,4.014715363928075,1.7186491730911706,11.07733853273133,3,0.9848706380263517,1.1300453179353114,0,0,0,1.2544045558346701,2,0,0,0,2.354979767771613,-0.00024817247217832883,0,23.100901936683204,2.918762538437703,0,0,3,1,3.6889768304510717,2.169152050430087,1,8.813317315887716,0,0,1
4.512403357958908,3.221511300936448,1,0,1,0,2,41.035014190160894,1,0,2,-0.0036732118530992744,3.4653449256376003,0.8713422533598496,10.043077355746698,0,0.9808797112191109,1.1226085455393036,0,0,0,1.2424224913033906,0,0,0,0,2.2548397723378186,0.0020543990120898458,0,0.11654512879037422,1.9834393254364415,0,0,0,1,3.6292240326494514,1.9994084528057943,1,8.370997379183649,0,0,1
5.34356747858476,2.2934451439669314,1,0,1,1,7,46.88674418234635,3,1,2,-0.33608776984328864,4.037335775528966,0.9787417834469286,10.672147553047997,8,1.0349334192120967,1.1219855733868296,0,0,0,1.2564586756443035,6,0,1,0,2.4827755035167822,-0.003190268284834082,0,23.67271147262952,1.7145526890830773,0,2,2,1,3.946413644574468,2.85673119289489,1,9.451242636923627,0,1,1
4.919316915376809,3.252626253185692,0,0,0,0,2,46.069300751522086,0,3,0,0.005686380896905019,3.298819917249537,1.0871371673533496,10.18360543252637,3,1.0306854405479218,1.1284012983293141,0,0,0,1.2611364014554984,0,0,0,0,2.2620881226233145,-0.010717822674692241,0,21.565527665927867,1.634942109884133,0,0,0,1,3.741438316542487,3.002986190266077,0,8.587131903985807,0,0,1
4.765911847744831,2.797984422905277,0,0,0,0,1,29.2988056074581,1,3,0,0.0030788311167417783,3.2244907164273204,0.17055381685250356,10.074903266393983,2,0.9911248918532147,1.1461136320092258,0,0,0,1.1529972111174798,0,0,0,0,2.3299045999061914,-0.022311297484855608,0,0.0777841229483122,1.406887757443685,0,0,6,0,3.612793914747081,3.2346128208087013,0,7.764845157044287,0,0,2
5.420750566424063,2.6982038207102095,1,0,4,11,7,43.19441376904204,3,1,9,-0.0010515834336632603,4.254614108905518,0.33429546803547605,11.392781725577498,8,0.9946337890558803,1.127894649427446,0,0,0,1.2707330695173622,2,0,1,0,2.391744259982687,0.0013592474931315008,0,0.13620814015911822,2.979710650768116,0,3,8,1,3.820955518377053,2.1731784158186573,4,9.533581277977182,0,1,1
4.948299691546449,2.4319376104763015,0,0,1,0,0,32.61753740231005,0,3,3,0.020925555470941926,3.721457657497426,3.1667261217760605,10.32028947166312,7,0.9912711300848469,1.1466913812404513,0,0,0,1.1853748378056002,1,0,0,0,2.329009858121989,-0.0029182449074631554,0,11.436124037019555,7.506923491247841,0,0,3,3,3.622148827373533,2.1858742541143905,2,8.636176204541853,0,0,1
4.837168241890864,3.2415110620950105,0,0,2,0,0,43.01192946243272,0,0,3,-0.5252562219252351,3.5825324697345002,1.9294497572100386,10.17258489200765,0,0.9814973105470539,1.136237737620095,0,0,0,1.2584221887867426,1,0,0,0,2.3067765367221273,0.0010569391448258575,0,10.806598060024578,3.1005770705831064,0,0,0,0,3.6396758906888085,2.596789023195006,2,8.532935138486831,0,0,1
4.55479429873029,3.3644835956758814,2,0,0,0,0,42.51770375240371,0,0,0,0.022568965629400712,3.0951100918391186,0.10579842649484417,8.765302355272368,0,1.0268147988973049,1.1269625727961183,0,0,0,1.2702079606344854,1,0,0,0,2.0832060787974385,-0.010086062932267457,0,0.06376231097131294,1.3989833993712961,0,1,0,0,3.8406239307214673,2.6632018094779135,0,8.77585726535327,0,0,1
4.669001869959202,2.3100852613876315,1,0,0,0,2,46.67099517655898,0,3,0,-0.44194271774309163,3.9316239247667752,0.9716684125758132,9.889636094782057,3,1.0185165572966732,1.1259026082631878,0,0,0,1.28468236071076,1,0,0,0,2.246610577039422,-0.003675031904309169,0,11.110621051148668,1.7077250738692893,0,0,0,0,3.7818922726153015,2.164858383523387,0,11.124973291885594,0,0,1
5.181845376315844,2.6165179040601183,0,0,0,2,0,29.148663850878318,3,1,0,0.009261969213421479,3.0408704649835085,1.052350184149301,9.4580793443175,3,0.9806107354303832,1.1428027302190114,0,0,0,1.1566752783808876,0,0,0,0,2.291450994514884,-0.01106338209864717,0,0.1361745362519099,1.478117923378487,0,0,0,1,3.677301545304922,1.9978268498171639,0,8.248539808017208,0,0,1
4.847642646935528,2.9212671309612217,0,0,0,0,0,46.794087809280065,0,2,0,-0.44810233322959636,3.33752994278169,1.916018893839314,10.302258785405781,0,1.0263077702812349,1.1328524493950585,0,0,0,1.2453109090406842,0,0,0,0,2.301067204599056,-0.004493315523451033,0,10.60018903658877,1.8150813288796923,0,0,1,0,3.663236023036909,2.9455966979988806,0,8.53296814917379,0,0,2
4.830224055416289,2.498225830372025,0,0,1,0,3,41.13993853769107,0,1,2,-0.8279440914921277,3.4800520348010586,1.1752814772503213,10.269806988911721,7,1.027370239542569,1.1290691330421938,0,0,0,1.2397621288975749,0,0,0,0,2.330450290286397,-0.009050029137833055,0,21.762886011835267,1.7806564944355268,0,0,1,2,3.819756574791253,2.765031202205644,4,8.669038277898222,0,0,1
4.97611928519636,2.7430253391188066,0,0,0,2,2,30.344116488390135,6,1,0,-0.022521899511665572,3.9930311644041625,1.1396424423374782,10.689040773681409,7,0.9884151114136144,1.1313510919532062,0,0,0,1.2390276946212728,2,0,0,0,2.37656714722307,0.0020573149795180485,0,21.91456765377002,1.8640133285340879,0,0,0,0,3.834597663808061,2.1958367112244717,0,8.891825253836204,0,0,1
4.780661655159404,2.5236579627188966,0,0,1,0,0,41.13374255080564,0,0,6,0.006562754992591252,3.4740868758492414,0.42412871744076375,10.101505674128104,0,1.0158294474557334,1.1287019332867185,0,0,0,1.2629201985570035,2,0,0,0,2.290226099717921,0.004780616661092136,0,0.1854404007342822,3.258366891688304,0,0,1,0,3.734930272058387,2.049682151600627,2,8.63391479906913,0,0,1
4.208200025014046,2.7093619557524935,0,0,0,0,0,30.654711954544812,3,3,0,-0.5569705023178494,3.374054826806794,1.7725197892010962,10.11310148502965,6,0.9855503218734509,1.140561776659576,0,0,0,1.1650238380836426,1,0,0,0,2.048965899872042,-0.006404341873200156,0,21.255594311402938,3.0357494293818363,0,0,0,5,3.661504205674196,2.7219670149046036,0,8.468575146080928,0,0,2
5.363697635074374,3.1937543851529258,0,0,0,1,2,42.65955448819323,1,1,0,-0.0194284256308321,3.4430385552068596,1.0972355274766306,10.276913540123067,7,1.0246852898300356,1.1283742674827586,0,0,0,1.2170436639197344,0,0,0,0,2.3387762443509903,-0.0004728751430473309,0,21.6467335228744,1.6402388680962159,0,0,0,1,3.673688306909113,2.2855505989780576,0,8.509732533192789,0,0,1
4.784191423517295,3.1836489931661234,0,0,0,0,3,30.06664687258916,0,2,7,-0.007117392818686733,3.431236040435776,1.6711726720742053,10.288539471687674,3,0.9832152067998026,1.134535279970274,0,0,0,1.219884132513133,0,0,0,0,2.227447265568485,-8.237127899478076e-05,0,0.2547158484210638,1.5760153088364437,0,0,0,0,3.6823545693796795,2.084952628464163,0,8.413998523570394,0,0,1
5.195346473220236,3.363862983940254,0,0,0,0,3,32.28144628912861,0,2,0,0.020679476880007007,3.378964600026127,1.177071111894598,10.076166927616155,3,1.0253993644474984,1.1332593797835202,0,0,0,1.2483068149577874,0,0,0,0,2.273700816372629,-0.0010796388893647166,0,21.49893223117234,1.456640388911397,1,0,0,0,4.527617156913956,2.7445348763841735,0,9.165771128888792,0,0,1
4.548615810018915,3.464091490283651,0,0,0,0,0,30.884411288566888,0,3,0,0.0068645210537817926,3.2266461254542906,0.9729071056390762,9.936327399823059,8,1.091456580897643,1.138786496325816,0,0,0,1.1727201534606315,0,0,0,0,2.263406713847229,0.0017751578780909967,0,22.092506508023426,1.4874594963745542,0,0,0,0,6.6132988233582415,2.312869702983529,0,8.53562428785517,0,0,1
4.37551164825421,2.6861903668222014,1,0,7,0,1,33.06697358710463,1,0,7,-0.010766537251401247,3.43618712337018,1.4885117016610836,9.18849832296621,0,0.9822649154626157,1.133129148620165,0,0,0,1.2639390127788366,0,0,0,0,2.04695837911454,-0.005015196160511484,0,0.0,2.929326007666703,0,0,3,1,3.7623419541783085,2.0283987895657307,0,8.486941332159446,0,0,1
4.406781644615149,3.281714282707119,0,0,0,0,0,33.01810007950514,1,1,0,-0.5368866458130895,3.266401499819593,1.9778456257591426,10.159051741157521,7,0.9856572728402672,1.1329267781343124,0,0,0,1.2285796379135618,0,0,0,0,2.0365682514314667,0.006108158924468468,0,10.83198807866164,1.8091630855091996,0,0,0,1,3.64801078423256,2.151558300212803,0,8.200099079701777,0,0,1
5.235061616684491,2.8307372712784535,0,0,0,1,3,39.917246478971535,3,1,0,-0.02413965902950177,3.335755656581763,1.4937865537634027,10.39535098126478,7,1.0153601291422139,1.1382668474774666,0,0,0,1.2565152224486849,5,0,0,0,2.350834111381006,-0.008340061863934937,0,10.700993162984126,1.3070038093906393,0,0,0,4,4.525426520849044,2.08571870257383,0,8.598673597794873,0,0,1
4.800295713567232,3.289245568648764,0,0,0,0,0,30.605025631737686,1,3,1,0.007509395922595375,3.4611905297289964,1.6653524353824978,10.103565980917447,6,0.9925982504190933,1.1317308802419777,0,0,0,1.2413999968994869,0,0,0,0,2.0737136588400222,-0.002525747508716664,0,33.97094406746059,1.9772822311089693,0,1,0,2,3.614414948332906,2.1729083793695474,0,7.529535890964977,0,0,2
5.209106905833196,2.6565817228592845,0,0,0,1,0,40.05194395187957,3,1,0,-0.012551850053142657,3.2319810634871384,0.9755482541298928,10.317333057466705,2,0.9809347164242254,1.1343046353161081,0,0,0,1.2380612441190968,1,0,0,0,2.3384006204418846,-0.01465562117713323,0,0.0,1.5369786325443124,0,0,0,1,3.677798077610214,2.016137774907676,0,8.267642228564446,0,0,1
4.875485576281419,3.2738845152443656,0,0,0,2,1,42.238378561470554,3,3,0,0.00802425418772568,3.37180734917903,1.4934945885894284,10.030451870803581,7,1.0151186346052743,1.132553618569752,0,0,0,1.2387941844840213,1,0,0,0,2.2761525765016026,-0.005056605593079399,0,10.45127343083138,1.5657282957300636,0,0,0,0,3.735272962909396,2.1085171776742024,0,7.482006459734482,0,0,1
4.834260632031679,3.2878921510353476,1,0,4,1,0,27.958960040143143,0,1,0,-0.0059073786566847825,3.4870044775030005,1.804456884769362,10.181485454625,3,0.9885917540545057,1.1454693777587652,0,0,0,1.211174153759139,1,0,1,0,2.306192492536587,-0.0029352606739948307,0,0.13808200203995524,1.87454963660903,0,0,3,1,3.722843204681863,2.1624974619520416,2,8.581952987332008,0,0,1
4.522967253647477,3.3150067474504663,1,0,0,0,0,29.32047776970846,3,2,0,0.024694336915656166,3.383134234507562,1.8586621934748329,10.226612598607772,8,1.0196841162775176,1.1413483942513363,0,0,0,1.2468141201614353,0,0,0,0,2.291335343309967,0.0011711206252784832,0,11.213971780844933,2.9976909164533754,0,0,0,0,3.6448381427564134,2.0431137818217215,0,8.537015330302983,0,1,2
4.835597354882961,2.593815343651085,0,0,0,1,0,39.961555437315624,3,1,0,0.003537593450463947,3.398037376689503,0.9950094570165898,10.215732976605322,3,0.9954840821198151,1.1308515042558522,0,0,0,1.155232593086738,1,0,0,0,2.3452148860878332,-0.0017770805857251588,0,0.11071420529096294,1.810910288264405,0,0,0,1,3.765324621909599,2.3210875172334267,0,8.506244726362496,0,0,1
4.397574394785031,2.883644265795223,1,0,0,0,0,31.804779795431706,0,2,0,-0.014082021104772998,3.6132958431892623,2.835870836210387,10.264032112055546,3,0.9869465954690134,1.1390246730891018,0,0,0,1.1689284225585619,0,1,0,0,2.266230696312046,8.780191075441176e-06,0,0.0,7.806969697195519,0,0,0,0,3.5521470547363414,2.1094069380878064,0,8.505662453452587,0,0,2
4.529075987974852,2.504642801591996,0,0,0,0,1,29.371562950547457,1,3,0,-0.008559849446927625,3.965582504914309,3.131933563221402,10.146813078452624,0,0.9755370852325456,1.1396817244057262,0,0,0,1.2428100637087902,1,0,0,0,2.291233430224303,-0.004198891868265665,0,0.14837908602443212,9.208466824282706,0,0,0,0,3.607153878225563,2.071691079428938,0,8.45612491702732,0,0,1
4.702707556272061,2.407622104467957,0,0,1,0,0,30.260904873156065,0,2,3,-0.00984076994586246,3.5315870111502847,2.686968202912478,10.175317700996397,3,0.9813892180322066,1.1304427006530864,0,0,0,1.250057730789645,1,0,0,0,2.321802442539821,-0.003190659853697088,0,10.902114239869984,2.9308080607045364,0,0,1,1,3.723588989279025,2.0926152709551293,1,8.576869981252232,0,0,1
5.418347362476043,2.5595187476464702,0,0,0,2,7,40.759507073381734,6,0,0,-0.03783473312691341,3.976414999231268,1.724048743791385,11.04485164126852,8,0.9808244189322595,1.1294114157830892,0,0,0,1.2584075904171461,2,0,0,0,2.391035513542227,0.002833959693067542,0,0.3369986102554351,9.367158014436207,0,0,0,1,3.7767520667359493,2.0578454476604016,0,8.695524286584888,0,0,1
4.795529132378826,2.4501918195315007,0,0,0,0,1,50.19518226818015,0,2,0,-0.021729982946478696,3.4826649839389914,1.0414388136981296,9.990170855073933,3,0.9850217402920298,1.1202815168131095,0,0,0,1.2598705700503372,1,0,0,0,2.269186242852398,0.00046756668299745394,0,0.021663367809063767,1.73835354274227,0,0,0,0,3.775614831559152,2.0334191884100274,0,8.70591694181256,0,0,2
4.77851050331233,4.106209175273504,1,0,0,0,0,30.42503464914066,3,1,0,0.005131073821468067,3.5165246094038847,3.1262588383146013,10.196482711930297,9,0.9830875929420504,1.1474205085090308,0,0,0,1.1470615167562626,0,0,0,0,1.8886207748472879,-0.0009827610054113024,0,0.25191540484292935,2.7120948397770035,0,0,0,0,3.7588041909191876,2.016343700016399,0,8.542843331246544,0,0,1
4.577367898041711,2.695303026909632,2,0,7,0,0,28.624338197541825,0,3,0,-0.02332397326413754,3.425308747218795,1.6132441941121463,10.304827567964475,7,1.018166495529283,1.1343597193321233,0,0,0,1.2639784627652153,1,0,0,0,2.3204496267949595,-0.00351666661359892,0,22.767972019777982,3.241437109994204,0,0,0,0,4.52359796753923,2.739324989993113,0,9.240591863949723,0,0,1
4.798335401079129,3.247236334550827,0,0,2,0,3,42.21307338029073,1,1,0,-0.008999684734487496,3.290485293618859,1.0000401995310775,10.231012093535616,7,0.9861860004642997,1.1364508662308346,0,0,0,1.155764489512384,0,0,1,0,2.286577815619876,-0.002710131134476295,0,0.0,1.6158952441247931,0,0,0,1,3.608772371755812,2.0828001083960763,1,8.353712265163848,0,0,1
4.955650808109308,3.42704404269859,2,0,0,0,0,41.078393757214116,0,1,0,-0.00858620904655502,3.497750461686927,1.094589044876005,9.409293608768321,3,1.0142365400167073,1.118979074359585,0,0,0,1.2790364328442774,1,0,0,0,2.332699361149802,-0.020713338741168107,0,10.803162909170432,1.4284683264043458,0,1,0,0,3.901762739731334,2.270944867214713,0,8.762646165746908,0,1,2
5.246414584256384,2.63246436719521,1,0,1,0,3,41.13113400944874,0,2,3,-0.002313434419864212,3.383605629007912,0.9070387838930265,10.276315833952193,8,0.9884431027437762,1.13157667583116,0,0,0,1.265223090001999,1,0,0,0,2.3409741635992614,-0.009391574834470026,0,10.857488631852807,2.6275907052947076,0,0,0,0,4.568467960396732,2.7054712610256524,2,9.221377422488452,0,0,1
4.828295075035671,2.7312439215129247,1,0,0,0,2,46.973766978365475,0,3,0,-0.6468313900611382,3.530388402450301,1.179353354176316,10.211659209969715,9,1.0343071149370118,1.1244430631423794,0,0,0,1.2212655579684724,0,0,1,0,2.2885949889505257,-0.006418428196866449,0,22.023517127496486,1.562146636337405,0,0,0,0,3.719612214767289,2.9315289564252516,0,8.686472082595781,0,0,2
4.803542330667078,3.145232283301184,0,0,1,0,2,30.012257694816252,0,1,3,-0.027268765117941223,3.3922349958274056,1.10696843059949,10.177234236971163,3,1.0102080517454926,1.1403410026766951,0,0,0,1.162401874382569,0,0,0,0,2.2661600740427907,-0.0019233555286654455,0,10.80736174043688,3.4995080014384787,0,0,0,0,3.58998780910295,2.0541091160044744,2,8.36625582522942,0,0,1
4.934663277007487,2.7611365872140246,0,1,1,0,3,28.407831476444148,1,0,8,-0.0029445178767683287,3.368813747240065,1.175356866991461,10.20779032945928,2,0.9874998671827262,1.1375915534842989,0,0,0,1.2423281709957292,1,0,0,0,2.3432389865510355,0.0037926663512577547,0,0.30022207997472533,1.8017863646769179,0,1,1,1,3.7831656921247503,2.09816226556554,1,8.389862628388569,0,0,1
5.272684946059325,2.615573370341676,0,0,0,0,0,46.631952796120565,1,1,0,0.02294807803838251,3.464223812378028,0.6889232793425006,10.167942729482446,0,0.980590006579513,1.1408538618916775,0,0,0,1.2212675446966692,1,0,0,1,2.1669036854996566,0.005988847013077601,0,0.15441114139443096,3.312554886027508,0,0,0,0,3.6325703765732626,1.9772888780267712,0,8.546795650004709,0,0,2
4.875559302001412,3.2583616954015366,1,0,0,0,1,47.46786576909199,0,3,0,-0.009302858637112959,3.567807494874532,1.2260499319541935,10.29972195448184,8,1.028125138621845,1.1283529981534635,0,0,0,1.2442291635604978,1,0,0,0,2.3277655924930594,-0.008145949167826984,0,21.874074339777778,1.736174243129749,0,3,0,0,3.8170645118301536,2.807543263364009,0,9.260766514665118,0,0,1
4.455887017639922,3.3205469239658454,0,0,0,0,1,29.207604518456254,0,0,0,-0.01127536468658103,3.0677734167276802,0.954903450112397,8.858557951952157,0,0.9856659204243781,1.1334819441319974,0,0,0,1.2768507419356598,0,0,0,0,2.238933153177625,-0.0498019441684237,0,0.014754512305298666,1.4651383827152618,0,0,0,0,3.7138831595701034,2.0906982707028923,1,8.19355332946492,0,0,1
4.890652042687369,3.4286767113036065,1,0,0,0,3,47.17943248067349,0,1,0,0.006775709723262065,3.2604952047596134,1.0121012512472594,10.043943916142785,6,1.0359781603204903,1.1192532247824776,0,0,0,1.2657004657107043,1,0,0,0,2.2748817886596413,-0.0016216514267748353,0,0.08054864895057345,1.419087742864172,0,2,1,0,3.810517794999903,2.9264249766843653,0,8.47787185016252,0,0,1
5.306536557585888,2.8938052297897814,0,0,0,0,2,32.40625113731031,0,3,0,0.04037241901262635,3.402923453221868,1.12855580297916,10.053608287657418,6,1.0792567216325872,1.1245496211816322,0,0,0,1.2562243283224015,1,0,0,0,2.3019185727046576,-0.008154446895690889,0,21.823445044671892,1.6521888109476948,0,0,0,0,3.8309275375057807,2.8961840946227886,0,8.49516249229701,0,0,2
4.892293928108157,2.769288955838132,0,0,0,0,2,49.41756288645555,0,0,0,0.006411103983053721,4.016477315180358,0.8009869771123379,10.400571985255207,0,0.9854412548355449,1.1012446863401117,0,0,0,1.3049237331610852,2,0,0,0,2.3720529547034284,0.0030486566077095887,0,0.0,1.8907135263377137,0,0,0,0,3.804160260014829,2.0925193522724843,0,8.682160407480033,0,0,1
5.274070129614726,3.3369511812481734,1,0,0,1,0,30.12693814940665,2,2,0,-0.012512376511314701,3.302310809061767,1.6939313297958412,10.106986951137364,7,0.9938364240509396,1.1370372780732743,0,0,0,1.2177226727311015,1,0,1,0,2.3025202976035506,-0.006493372328987746,0,0.039854949811426676,3.299407982280231,0,0,0,1,3.6933210520172466,2.2384738825580874,0,8.246209575686079,0,0,1
5.262781610746853,2.4808270166286177,0,0,0,0,1,41.200121080203516,1,2,0,0.00907788602849661,3.5215688500811573,1.0351693540093123,10.326761414372852,7,0.9946645072321352,1.1268677548591388,0,0,0,1.2173895092351585,0,0,0,0,2.3544802870217896,-0.003255687235830489,0,22.13650273289236,1.7255352893706457,0,0,0,0,3.801832276666842,2.281537771497838,0,8.63035727517862,0,0,1
5.282855435358754,3.1896503841143957,1,0,0,0,3,49.54493647345358,0,3,0,-0.7078887910844979,3.381281814134047,1.1785025525335895,10.211322888759712,9,1.0362104181210596,1.1216725304760835,0,0,0,1.2631602921471752,1,0,1,0,2.307284508805981,0.005020213840089941,0,21.647346693250135,1.6566603402469702,0,0,0,1,3.8610827934197407,3.0720009575197023,0,8.73262113086964,0,1,2
4.455513038410832,2.7389113117498987,0,0,0,0,0,30.9408404081454,0,3,0,-1.9360657935648675,3.367940983483414,1.4893420243691171,9.602586864964758,2,1.0313554870198822,1.1284829082374357,0,0,0,1.2407185626563233,1,0,0,0,2.278073951806049,-0.25607568521570157,0,21.02437992570471,1.581396697896705,0,0,0,1,7.047843993607246,3.7197166895385547,0,11.923110654075884,0,1,2
5.272721451203291,2.5734121695093193,0,0,0,0,0,32.67149234095214,0,2,0,0.27522722875201877,3.3534790262335723,1.0022021628297544,10.271436074363892,2,0.9832783523001043,1.1314876295791032,0,0,0,1.2464230767795363,2,0,0,0,2.3471803523044903,-0.004652318651521172,0,22.30340227826815,1.5647871115580443,2,0,0,0,4.444943927805595,2.631521030084749,0,8.552715268514438,0,0,1
4.309849209233624,3.2834217041326346,0,0,0,0,0,28.087756147542667,1,2,0,-0.0012488919429267543,3.061445143457907,0.8274422922301714,9.421387175846881,0,1.031792777928849,1.1387705732948576,0,0,0,1.238394627933147,0,0,0,0,2.0231941442539747,0.22731622876937335,0,20.76046834517972,1.3511794501701544,0,0,0,1,3.686206559925851,2.879737341933072,0,7.403705053654968,0,0,2
4.793292531114475,2.5258939834675975,0,0,0,0,0,30.689107275395386,0,1,0,-0.020494970602065173,3.417652649684402,2.924699494369266,9.987552502689365,3,0.9933494585342824,1.134390835923436,0,0,0,1.2165334728918678,0,0,0,0,2.094282609753163,-0.0027848514571626763,0,0.0,7.934365107206194,0,1,0,1,3.5519708645283625,2.2040190397449058,0,8.370888682074566,0,0,1
4.917561404570762,3.3268446920491037,2,0,0,0,3,40.74271422433141,0,1,0,0.0018804561182593261,3.509850422100216,1.084791635376526,10.166131467258394,3,1.0246832603890874,1.1229051499422944,0,0,0,1.269944468874783,0,0,1,0,2.2887002106453083,-0.007164077256642084,0,0.24535085174770432,3.1848479321392453,0,2,0,1,3.9582545469472605,2.843818244789188,0,8.740953573940587,0,1,1
4.829976154442646,2.5342861649729063,0,0,1,0,2,31.338816436071447,0,2,2,-0.7462512025545106,3.437183377633415,1.0250593046554781,10.214702921438745,7,1.0711155177025202,1.1285163707210877,0,0,0,1.2339383212159631,3,0,0,0,2.32083237693909,-0.005565358420179111,0,21.870420028690024,1.5871667953524586,0,0,1,0,6.934107087862732,2.811225147574714,1,8.698957891300765,0,0,1
4.9020750939217015,3.3534684137035318,0,0,0,0,0,46.26952067332489,0,2,0,-0.572946583403376,3.4677659221164077,1.2472167183070288,10.077170205804027,8,1.0325285038879342,1.1332310059632562,0,0,0,1.176085884302084,1,0,0,0,2.30117490317867,-0.0026431112429539556,0,21.293375701811957,1.7243600633756813,0,0,0,0,3.8404763086679705,2.8359240832181363,0,8.713820916494646,0,0,1
5.017955133730635,3.3884440230040225,0,0,0,0,3,41.56258719250135,2,1,0,-0.021981577742299734,3.2284581565476427,1.4217233151349489,10.38603887927366,3,1.0191310637500817,1.1252003231482817,0,0,0,1.2476639054615821,1,0,0,0,2.360734030696588,-0.0050920397433866955,0,11.781004195657871,1.8862875944713684,0,1,0,0,3.861158008947808,2.5967238099896393,0,8.406568718157008,0,1,1
4.425181535025782,2.863019532178418,0,0,0,0,0,32.596384870680254,0,2,1,0.007690941969964976,3.3284391265530955,1.0475740823184825,9.478304918834324,3,1.0235510100650136,1.130314692158288,0,0,0,1.24940125578576,1,0,0,0,2.0170334166491495,0.0035826043292905944,0,10.769127211015302,1.6276945500130113,0,0,0,1,3.6305391763071175,2.9320292910545986,1,8.429068204682274,0,0,2
4.23998269385605,2.575444851691064,0,0,0,0,0,29.149920950674478,1,0,1,-0.024927107353570038,2.933842563708348,1.731580470666574,8.878362453278449,0,0.9797336736085109,1.1405426472683589,0,0,0,1.2454785179735162,0,0,0,0,2.0197606195320383,-0.11225294098386626,0,0.0,2.0076390060654212,0,0,1,2,3.558447677535001,2.6424114456974572,1,7.026053236244355,0,0,1
4.330022238609386,2.5610390804121845,0,0,0,0,0,30.28183026015961,0,1,3,-0.7835350572521207,3.315898386889589,1.9155157380630294,10.050459990771051,3,1.0233793710566021,1.13915018033915,0,0,0,1.1539629128949045,1,0,0,0,2.2644231685557266,0.0030807144774664353,0,10.949148190766469,3.5969221658269084,0,0,1,0,3.5883585128657502,2.6718532225660647,1,8.203503134342052,0,0,1
4.8393972971013515,2.692075944752007,2,0,0,0,2,31.733255973358585,0,2,0,-0.6616716169363379,3.58221231846184,1.1576797457849348,10.101256001885284,0,1.037064100536352,1.1221413306123829,0,0,0,1.2733924781776866,1,1,0,0,2.3374630359034025,-0.006446739113902279,0,10.368363919921403,1.4600751464841313,0,0,0,0,3.88588776591668,2.549900127871672,0,8.738660013299524,0,1,1
4.617330882785372,4.064902495619716,0,0,1,0,0,41.14843623978908,1,3,0,-0.6342575276963905,3.5118886055415848,1.1034507743595652,10.223996694067333,8,0.9881549404691021,1.1373802647473918,0,0,0,1.2419671836419577,0,0,0,0,2.3477352171788892,-0.0011675093315501584,0,23.048420669468246,2.920683883901091,0,0,0,0,3.7793938515381402,2.2520614602938696,1,8.524727446987011,0,0,2
4.853087259476396,3.3799577896727167,0,0,0,0,0,30.749536873576258,1,3,0,-0.644926570770849,3.579461955375701,1.7161400955075465,10.260797924522885,3,1.0273094092675727,1.1359893953233382,0,0,0,1.1651962056612402,0,0,0,0,2.2910583932195134,0.0004994491767747597,0,21.747231883002854,2.933600141669578,0,0,0,0,3.6138265818124014,2.8759489440848247,0,8.433916904636375,0,0,2
4.809948179340692,2.717278525963949,0,0,8,0,0,30.945066639287734,2,3,0,0.007446932675617687,3.5159004274167645,2.691019624092048,10.786916224371087,6,0.9901197016215415,1.1454262035030978,0,0,0,1.2129670252126932,0,0,0,0,2.3266678596908212,-0.006576313449539158,0,0.2726630745686257,1.697002899649082,0,0,3,3,3.71991955962434,2.1257337182338603,1,8.478597726882713,0,0,1
4.843150163602172,3.1393510167698926,0,0,0,0,3,41.65308091889039,0,0,2,-0.004025958004716828,3.4833667304187586,0.9811756212777955,10.168574571389764,8,1.0184889764511842,1.1214258365227898,0,0,0,1.247731663908995,0,0,0,0,2.2868472790487466,-0.003211763950691693,0,10.995180988317463,1.6595425767773764,0,2,0,1,3.763356209576076,2.6633333803127477,0,8.591266841286311,0,0,1
5.355427910207427,3.168647185970874,0,0,0,1,0,44.92179520599136,0,1,0,0.010257724088208242,3.6852548260355062,0.9677257709667496,10.775668177835994,2,0.98305203634099,1.1275453505271413,0,0,0,1.2532184906969297,2,0,0,0,2.4179793509694507,0.0018983181009260225,0,0.0,3.096123218047144,0,0,0,0,3.921996493739529,2.110411989137015,0,8.811230528702122,0,0,1
5.242771081796121,2.7468674225649092,0,0,0,1,0,41.569307700049926,1,1,0,-0.0003634808016876125,3.485886270714786,1.6404323365485882,10.201431015083308,7,0.9879045197586628,1.1294812784952202,0,0,0,1.2499305826008247,1,0,0,0,2.3108976463616533,0.0009933635945765411,0,0.05158931852514753,3.0088342612701613,0,1,0,1,3.707736222390515,2.6650861606642673,0,8.54322019876004,0,0,1
4.260288493972914,2.630132630046393,0,0,0,0,0,41.891144351070906,0,2,1,-0.9563208483104138,3.2452456965655094,1.0221826578131687,9.08885576547277,0,1.0171179841766622,1.1354776278314616,0,0,0,1.2427017638306903,1,0,0,0,2.12498419669997,0.062079484682617196,0,21.04941541324883,1.371317002560847,0,0,0,0,3.752022100586029,2.6216486334530087,0,8.203068453808969,0,0,2
4.2928958958210215,3.4123541628325245,0,0,0,0,0,29.562301491860605,1,0,0,-0.5009591364628295,2.8333142605761648,1.8580359678326515,8.79539236569125,2,1.0169209961038044,1.1430026207708228,0,0,0,1.14985954450853,0,0,0,0,1.9935307963388529,0.06817902189367372,0,0.0,3.615495808226814,0,0,0,3,3.2264217373068806,2.2139530763638877,0,7.10170494097691,0,0,2
4.6603517751702865,3.4211846109161024,1,0,0,1,0,40.26942696143754,0,1,2,0.002522166222865673,3.430667671487189,1.0267040401356775,10.485705630839579,3,0.9858290316887228,1.1268693547288666,0,0,0,1.2776936693515595,0,0,0,0,2.339953725148601,-0.014541040120673766,0,0.06839492451420241,1.685296298122079,0,1,1,0,3.803040991995859,2.2200938852662726,1,8.654085924228538,0,1,1
5.197415573153502,3.3365964382835354,0,0,0,0,2,42.07190234093202,0,1,0,-0.6035777632378426,3.4140142999624707,1.129202083426872,10.168063522535464,9,1.0787385765695778,1.1323848866986428,0,0,0,1.215005848978723,1,0,0,0,2.2857997339301512,-0.0022836495619927757,0,21.502135963503978,1.643713169873031,0,1,1,0,3.8053799498780863,2.9672414881804077,1,8.481105984160704,0,0,1
5.2375273913738045,3.3023466516491706,1,1,4,0,0,42.796633972938295,0,3,1,-0.5484938720840953,3.876642357601395,1.8118866827776574,10.142450252072656,7,1.0206710223731363,1.1344566066246928,0,1,0,1.2434880269754545,1,0,0,0,2.2962666272713657,-0.1477072846866292,0,10.641443515634535,3.2912255973471773,0,0,3,1,3.766628862005166,2.7301177377067463,2,9.067777717144784,0,1,1
4.399452037495401,2.7363142488164267,0,0,0,0,0,30.308690177228574,3,3,0,0.004624632735100905,3.186728723157642,1.6449008456860832,9.894516524733712,3,0.9792604333534846,1.1435988628503584,0,0,0,1.160831159697809,0,0,0,0,2.087056152627342,-0.0035623686564455765,0,0.19045629020497007,2.7592733397042384,0,0,0,0,3.5928908983871835,2.045198657692832,0,8.202619422143709,0,0,2
4.369109275214668,3.5430830509673834,0,0,1,0,0,28.113696068959523,1,3,1,-0.6119598309911105,3.3612701926865682,1.8344234397871109,9.095255622496959,8,1.0308790105583607,1.1402118918182151,0,0,0,1.1474889975508964,0,0,0,0,2.3299128020868807,-0.011986134728069576,0,0.13991784241392363,1.7883265910267134,0,0,0,2,3.7194849551813816,2.215778498449374,3,8.531297722090995,0,0,1
4.361037343244639,3.3408617797793503,1,0,0,0,1,30.04438359889275,1,0,0,-0.5185198056349866,3.586895893036772,1.9618590416447277,9.312879493950643,0,0.979723845685902,1.1348699630935055,0,0,0,1.2686302559031253,0,0,0,0,2.003308649301607,0.0010890999356753747,0,0.003633509935511526,3.390414680999156,0,0,0,0,3.561314877328091,1.9678813384125062,0,8.503782902164959,0,0,1
5.191864280316293,2.735664562519687,0,0,0,0,2,48.50298661099438,0,3,0,-0.1324701038514271,3.543157328364027,0.9026413259613578,10.213746608067668,7,0.9903786687165514,1.1232867314045927,0,0,0,1.252773737045888,1,0,0,0,2.349480900919534,-0.0010729096173345963,0,22.53674916386986,3.076871411517937,0,1,0,0,3.797421081679408,2.0711918367711384,0,11.669979556984888,0,0,1
4.453157136661337,3.259056306409448,0,0,2,0,0,32.29737281671225,0,2,0,-0.3971133018733084,3.4514782449522543,1.8289837942623703,10.245500761126973,3,1.0187247396046242,1.1349434484488765,0,0,0,1.2503162736055442,0,0,0,0,2.3142113166920377,0.0039839015532871355,0,10.819186321281883,3.4292273828354447,0,0,3,0,3.6048836437881797,2.613392207910511,2,8.582790439865832,0,0,1
4.857748655503846,2.344927147434372,2,0,0,0,0,41.26802250149237,0,0,0,-0.7690157851863075,4.013678819172944,1.0115319400473863,10.172853769316468,0,1.0311025839932286,1.1273672216086112,0,0,0,1.2627667798496427,2,0,0,0,2.131508520795914,-0.0010954070183860371,0,10.746571913550161,3.1910142962721952,0,1,0,0,6.708377510778085,2.879285098407081,0,11.399399028225014,0,0,1
4.407421285078598,2.6092895265453935,1,0,0,0,1,48.41076759856588,0,0,0,-0.008290074351104171,3.2629184674072333,1.07800945942073,9.190808068699047,3,1.0166275601902681,1.1285934449063129,0,0,0,1.2268057452903118,1,0,0,0,2.2962403789977586,-0.0007822897826798691,0,0.0,1.6864446352780627,0,0,0,0,3.69484953512954,2.1095249769491944,0,8.248313411585087,0,0,1
5.416617220368884,4.503643213290404,1,0,0,1,0,29.73874513268471,1,3,0,-0.44660434483581435,3.571847841600358,1.1505642955385247,10.187398571808432,3,1.019526773542087,1.132701173891478,0,0,0,1.184040783335999,0,0,0,0,2.344694427090662,0.00485579280508837,0,11.07589479892716,1.5918534086805813,0,0,0,1,4.591393946161775,2.966914903685197,0,8.811970128403434,0,0,1
5.306896884789247,3.262229297581339,0,0,0,0,0,31.54651122047494,0,5,0,-0.6717607410813327,3.293707208142247,1.8008156335598562,10.279169768741628,7,1.081020854189985,1.1331911645281378,0,0,0,1.1670227744174493,0,0,0,0,2.3289540339156267,-0.0001415271787930934,0,22.026139883915345,3.2990063757958015,0,0,0,0,3.674784762987782,2.9803949044484637,0,8.644740485451642,0,0,2
4.791959448066292,3.255999245450305,1,0,1,0,0,30.85595459755229,0,0,7,-0.010408833964853901,3.4143643665466965,1.4966346718084051,9.169628836625423,0,1.0171632535841142,1.1387581621269194,0,0,0,1.2282047106079588,0,0,1,0,2.2734360179149746,-0.004417789213384289,0,0.020757498525900715,1.7665275111778,0,0,3,0,3.7293397815621114,2.1734845685507627,0,8.410709066034736,0,1,1
4.442607023343836,2.8107064343154686,0,0,0,0,0,33.70591903474476,0,3,0,-0.6929000947988484,2.980795020290236,1.7648962518868383,9.046095519488949,0,1.01861949476874,1.1365432207562232,0,0,0,1.2260002056925372,1,0,0,0,1.9434287498108798,-0.13430839525766486,0,10.386370457139114,1.632434716119535,0,0,0,0,3.6679242484387036,2.8095778597309455,0,8.356528578511679,0,0,2
4.33795558779034,3.333056035821066,0,0,0,0,0,41.42314349162069,2,3,2,-0.6154369987689633,3.3938990636742434,1.0689607986925822,10.17116097164844,3,1.022109616841435,1.1325010356802583,0,0,0,1.1598320141924985,0,0,0,0,2.2401272943690107,-0.010713029324979709,0,0.10125542310790106,1.7123845048454456,0,0,0,1,3.6262038542738995,2.8391319861677284,0,8.38992372474989,0,1,1
4.901202835019864,3.048185860046167,0,0,0,0,3,40.6426966410406,0,2,0,0.0001516785685885463,3.510530260188972,1.0090866939726268,10.356372611523657,7,1.0140157337305293,1.1259829545437858,0,0,0,1.2652552395353007,0,0,0,0,2.306035028802984,-0.0046122466072694,0,0.1495305851548798,1.7089743566212312,0,1,0,1,3.6659501994230266,2.165092599973691,0,8.44492057453861,0,0,1
4.8700368588175635,2.420889670684033,0,0,0,0,0,43.58615342517646,0,0,0,0.006178687787884502,3.310221514742588,0.005925651306292412,9.981463256637863,0,0.9812400211800956,1.1231490839666105,0,0,0,1.292851232395095,3,0,0,0,2.2840633892759548,-0.00034545038376102304,0,0.11607387446459307,1.4208155508911757,0,0,0,0,3.693860116245783,2.0964021209646218,0,8.414123637388144,0,0,2
5.335787106153248,3.1895322453431767,0,0,7,0,0,28.782598315701097,0,3,0,0.00920234180246301,3.465420644552322,0.26585437961950975,10.325015248889656,7,1.0216612414516728,1.141508165575101,0,0,0,1.167260344981838,3,0,0,0,2.342482355956497,-0.007085339300713924,0,0.23679537693494607,2.6554517588055537,0,0,5,0,3.5815351242172206,2.0408859108440316,2,8.807549662421128,0,0,1
4.810277490038853,2.85708227848013,0,1,1,0,0,30.342854156797216,0,3,7,0.004311164891676736,3.1674067275609277,0.9295659685544898,10.102347575343217,0,0.9907148039850083,1.1406827193389433,0,1,0,1.2376148197224073,2,0,0,0,2.3515890716689603,-0.021308035953644822,0,22.403835320047204,1.3729716534291156,0,0,1,4,3.5720514830683094,2.5801973459483563,2,9.281527940276463,0,0,1
4.8386226156396805,2.5650242031959873,0,0,0,0,0,42.29010371874597,0,3,0,-0.018281181691458145,3.4979746177975963,1.1426770389223317,10.32579231956205,7,1.0310331103914545,1.131743279114139,0,0,0,1.1467888472392604,1,0,0,0,2.3019469145765035,-0.004014295564954007,0,21.91554053977919,1.61511493032252,0,0,0,2,3.7719862276947933,3.030527078703941,0,8.710892052350252,0,0,1
5.46850213837881,3.23566424615968,0,0,0,0,1,40.617570472117066,0,2,0,0.01608106944860359,3.4204277334707713,1.050211777362684,10.292653900825497,3,1.027210956228697,1.1231772970993972,0,0,0,1.258270123996962,2,0,0,0,2.3191669182065566,-0.008766238774360455,0,0.3094875823411953,2.7708235141756568,0,0,0,0,4.50751519262196,2.2533607956142854,0,8.61346107529938,0,0,1
4.807063558737348,2.7240869422771676,1,0,0,0,1,48.2300118049475,1,1,0,-0.00014038046729413108,3.360409479722,1.0351127820282988,9.234289880171342,0,0.9829090580150178,1.1263266063721369,0,0,0,1.279295165539598,0,0,1,0,2.275583702997532,-0.005604291497044822,0,0.0,1.531168247572371,0,0,0,0,3.873568496371343,2.6417381006998286,1,8.53088877648291,0,1,1
4.495488457311704,3.2296490918979863,0,0,1,0,0,29.605684692792593,0,0,2,0.009227731891654394,3.3351325731529315,1.017400676823334,10.104040461907669,0,0.9837101914519635,1.1391173189298178,0,0,0,1.1817795306819068,1,0,0,0,2.272310469021704,-0.0058580667889187015,0,0.08396080227276898,1.5657447667639786,0,0,2,0,3.6037952523859653,1.9818516545448606,1,7.618020152806203,0,0,1
4.861895402629458,3.312316299214481,0,0,1,0,3,40.358302798164765,0,3,2,-0.019914595887826844,3.4557814421504096,1.1763679144921504,10.044818491951428,3,1.0292101097895827,1.1369277338154595,0,0,0,1.2200835358612645,1,0,0,0,2.2824844207252255,0.009082162131165882,0,10.547771026341081,3.355322056169136,0,3,1,0,3.677362854028708,2.264331348283548,1,8.473909381754952,0,0,1
4.43801533196246,3.860830242744017,0,0,0,0,0,27.917713166418615,3,1,0,0.004003650144626928,2.998098807374005,1.1378569028651273,8.96572045664104,0,0.9820197820919018,1.1444237959742918,0,0,0,1.186989181747911,0,0,0,0,1.9715018879226913,-0.0065599663771655535,0,0.0,1.5511749303370221,0,0,0,0,3.721888683546962,2.594631872284767,0,8.14955016852786,0,0,1
5.298455795166958,2.5102993865891654,0,0,1,0,3,41.41150151259325,0,1,0,-0.00904336668575819,3.7843859639038966,1.7955602870207685,10.519585836716793,8,1.021599968022497,1.1194972401480865,0,0,0,1.2488057011543443,1,0,0,0,2.311893205879111,-0.0014145921311593933,0,22.948751441322845,3.242293906544436,0,2,0,0,4.664246970937393,2.1926941311850174,2,9.658355234296025,0,0,1
5.283552472085992,2.617985278339066,2,0,1,0,3,50.45137876668288,0,0,0,0.011197819563197441,3.4070141327497367,0.9293748679500794,10.309042464797894,0,1.0159425091929413,1.1145720017512497,0,0,0,1.2963387172915257,3,0,1,0,2.3311578327649944,-0.0025727192697492735,0,0.1507624269212861,1.5215551769704083,1,2,0,0,3.807621929932559,2.0360657507311295,2,9.187172438575832,0,1,1
4.844485289803633,2.8108345608583356,2,0,0,1,3,46.21950687622128,1,0,0,0.038785125298602736,3.314502313906609,1.0789887619202054,10.057146754395486,0,0.9911146335232041,1.1286271235118879,0,0,0,1.2441426713098023,1,0,0,0,2.275469034012134,-0.010654454528997794,0,0.19451805680065637,1.4460446006204846,0,3,0,0,3.853304799590354,2.100338412161073,0,8.904705640285686,0,0,1
4.917899627885158,2.676955873349267,0,0,0,0,0,32.19302162185984,0,1,0,-0.4805177737306619,3.4513249364349816,1.129566442446415,10.363889402551077,8,0.990439480117514,1.1308030527473643,0,0,0,1.184832352279596,1,0,0,0,2.292539601591004,-0.0011695022284799758,0,21.679892142925155,1.616327215190829,0,0,0,3,3.7815240616765013,2.830015516429612,1,8.522509642134446,0,0,2
5.281183575759122,4.1052089906330975,2,0,0,1,0,28.055072695067157,0,3,0,-0.6632623156587697,3.251356066090644,1.5952364640118637,10.138969001235381,7,1.075915198520719,1.137500518390344,0,0,0,1.2428979252171974,0,0,0,0,2.275668589928855,-0.010235844955382134,0,20.738808140462705,1.5930660137448747,0,0,0,1,3.644483252167886,2.7996290459186675,0,9.003935295963073,0,1,1
4.483211814531109,2.5022864385461094,0,0,0,2,0,30.658839220081436,1,2,0,-0.027029662395711453,3.399833362554367,0.9641416868836676,10.176385669997522,0,1.0225437351768647,1.1302741007251207,0,0,0,1.2473355416149354,1,0,0,0,2.3032961793958715,0.05010395444793772,0,10.408393543733593,1.5839978404713244,1,0,0,0,3.6556308538418625,2.1561080098384333,0,8.365517489537602,0,0,1
5.239797821168356,3.2900515275948137,0,0,1,0,3,47.62679438318825,0,2,0,0.005821377487749972,3.5014354530550515,1.0480941209309154,10.142716253753992,5,0.9902125671833336,1.1258217219142397,0,0,0,1.2517240488166383,0,0,0,0,2.2773290926057213,-2.0139268891624642e-05,0,21.69320467312894,1.845988307269442,0,1,0,1,3.772347543129779,2.7609172315077988,0,8.522214511332418,0,0,1
4.2665234165855015,2.6307046994612175,0,0,0,0,0,29.13035823255896,1,3,0,0.012034609274734154,3.5531123145443493,0.32793773845066754,8.918889999781106,2,0.98688609105613,1.1370279907420158,0,0,0,1.2424481786553618,1,0,0,0,2.0258978676388018,0.03964656728158582,0,10.724176088490099,2.6657638207223213,0,0,0,0,3.3220385732677133,2.1226420800824215,0,8.806151896793262,0,0,2
4.261107165681424,3.218095432066313,1,0,0,0,0,28.858061915296073,3,0,1,-0.8848278245855605,3.0282775218301308,1.1497815983854323,8.953141381660869,0,1.0251771922932849,1.1483946575052588,0,0,0,1.117338110180424,0,0,0,0,2.009166824958167,-0.129590653376185,0,0.14031998817765978,1.5406984236269994,0,0,1,2,3.67001349644552,2.7487316028546034,1,8.268099892489664,0,0,2
5.32241505899513,2.3890642333651124,0,0,0,0,2,40.698132243980275,0,0,4,-0.334359733710641,3.4938111697686947,0.8508964843423703,10.636343679590748,7,1.0161855317678552,1.1264210625295294,0,0,0,1.2813066408710836,2,0,0,0,2.364592938778477,-0.000631914937977335,0,0.36151744192735336,3.061801963282465,0,0,0,0,3.8046912959868253,2.0969668300831237,2,8.655915685873913,0,0,1
4.856702686686409,2.575165165578914,0,2,0,0,0,30.53585469042433,3,2,0,-0.3191555473980514,3.9511964484531985,0.9923536786724445,10.316032061710175,2,0.9908279834849356,1.1300091901055804,0,0,0,1.2567141256722967,2,0,0,0,2.324553294227502,-0.00961114243611625,0,0.08573668061336587,1.7862412613119176,2,1,0,1,3.7446892477610234,4.792366357116452,1,9.199948212307431,0,0,2
5.403663245360294,4.1581430969757855,2,0,0,0,0,29.89362960990965,0,1,9,-0.018244593648767512,4.035144191439196,2.5723236036659705,10.369550059778355,7,0.9917981200465972,1.1388548584802625,0,0,0,1.2458369272189078,1,0,0,0,2.352987764456796,0.001089185084814662,0,0.34793181548239266,1.6416994420793318,0,0,0,2,3.807693566970564,2.235746138369066,0,8.703175521027232,0,0,1
5.4227180620075695,2.503401803194521,0,0,2,1,8,43.57572896815687,0,1,3,0.47876945205183663,4.136735676528767,1.011153007510949,10.812641169938512,0,0.9882109887665544,1.1043947234835092,0,0,0,1.2884865509539865,6,0,1,0,2.470771527276346,-0.0005273811381854203,0,23.893352391831097,2.926931222534447,0,3,0,1,3.856073788881659,2.759895861450736,1,9.376596594321843,1,0,1
4.548146416335615,3.2206135132805116,0,0,0,0,0,28.85165232176764,0,3,0,0.0021517446796130877,3.225542268976062,2.9399140762801825,9.271529101523697,3,0.980681148790069,1.1415322700267778,0,0,0,1.159998862404721,0,0,0,0,2.002666554973116,0.009436800551730372,0,0.27022424494962893,2.7228953602813113,0,0,0,0,3.1914731815678925,2.152210558460412,0,8.236745088795526,0,0,1
4.338484869359762,3.2327665609097576,0,0,0,0,0,28.63144919858243,0,2,0,-0.008518151141359715,3.204520069242293,1.7091484081389785,8.993308416848771,3,1.0232103879946368,1.1428750558698184,0,0,0,1.1492040872141527,0,0,0,0,2.070490874987815,-0.02469164264212001,0,10.435913918272353,3.07381650830943,0,0,0,0,3.5791598584817543,2.903541249411,0,8.331553469660852,0,0,1
4.240968102231238,2.7055982347324656,1,0,0,0,0,28.428638729884863,3,1,0,0.0008572132474189914,3.265662854336283,2.6027593945620615,9.279328156014982,0,0.9769531298880074,1.1387904626596637,0,0,0,1.2521395851944526,0,0,0,0,2.0909818122556927,0.008590744490119682,0,10.960436352921473,6.596115886158008,0,0,0,0,3.667104083169977,2.046175164799196,0,8.329153030851197,0,0,2
4.819067263428844,3.3535978931267345,1,0,0,0,3,47.39575235156683,0,0,0,0.012071704025180506,3.365394928306066,1.099640521053064,10.030034252093008,7,1.0248817113837247,1.1207827314545458,0,0,0,1.2817023321920031,1,0,0,0,2.264210131314149,-0.0052704096135360754,0,0.14520631875741974,1.4395828093189427,0,3,0,0,3.88586149875372,2.9257534210349156,0,8.580187312509437,0,1,1
4.842445159368564,2.701050950624547,2,0,0,0,1,45.64570943082214,0,0,2,0.03943132739625375,3.5119335020494686,0.9795407314589039,10.10472463237691,0,0.9852396045024009,1.1271489602204288,0,0,0,1.2494259169191781,2,0,0,0,2.2893010340968067,-0.005925916591604804,1,0.23239848886947972,3.073797581998578,0,0,0,0,3.7199063513353434,2.058090848838859,0,8.457275942907179,0,1,1
