LOC_BLANK,BRANCH_COUNT,CALL_PAIRS,LOC_CODE_AND_COMMENT,LOC_COMMENTS,CONDITION_COUNT,CYCLOMATIC_COMPLEXITY,CYCLOMATIC_DENSITY,DECISION_COUNT,DECISION_DENSITY,DESIGN_COMPLEXITY,DESIGN_DENSITY,EDGE_COUNT,ESSENTIAL_COMPLEXITY,ESSENTIAL_DENSITY,LOC_EXECUTABLE,PARAMETER_COUNT,HALSTEAD_CONTENT,HALSTEAD_DIFFICULTY,HALSTEAD_EFFORT,HALSTEAD_ERROR_EST,HALSTEAD_LENGTH,HALSTEAD_LEVEL,HALSTEAD_PROG_TIME,HALSTEAD_VOLUME,MAINTENANCE_SEVERITY,MODIFIED_CONDITION_COUNT,MULTIPLE_CONDITION_COUNT,NODE_COUNT,NORMALIZED_CYLOMATIC_COMPLEXITY,NUM_OPERANDS,NUM_OPERATORS,NUM_UNIQUE_OPERANDS,NUM_UNIQUE_OPERATORS,NUMBER_OF_LINES,PERCENT_COMMENTS,LOC_TOTAL,target
0,8,0,0,0,14.716742722553269,5,0.29989057003265646,8,2,1,0.6348448698894652,25.154768580778796,5,0,0,0,4.3526475548043795,43.208130748730376,0.0,0.0,139.0570792878576,0.1201379709849196,1236.168887728433,597.2361747419513,0.3848485401962083,0,2,2.0,0.0,0.0,58.69065272733072,0.0,7,44.30681680152719,24.053898015876594,12,True
0,21,0,3,0,17.816247634364252,13,0.2838916329954167,8,2,1,0.7411192472306346,61.02419378659701,3,1,0,2,10.008797230387263,43.56424864101634,0.0,0.0,337.9473781635529,0.12234695227265763,1244.9094366917677,1825.3506384510506,0.01,1,2,13.367219385721672,0.1509933155542788,0.0,84.41033661402639,6.324322558821598,3,235.56730356982,25.660657883516492,0,True
0,1,0,0,0,17.816247634364252,5,0.49267191219898443,8,2,1,0.6764666978040981,25.325301278699744,5,1,0,2,0.0,25.636729428143347,0.0,0.0,141.5008990045225,0.24413280831992196,1244.9094366917677,674.2247651416598,0.8658621545691703,1,2,2.0,0.0,0.0,94.13013907829227,0.0,0,45.24857500284908,0.0,0,True
0,1,0,0,0,17.816247634364252,5,0.49267191219898443,8,2,1,1.0,25.325301278699744,12,1,0,0,0.0,25.636729428143347,0.0,0.0,141.5008990045225,0.24413280831992196,1244.9094366917677,674.2247651416598,0.893122857551083,1,2,2.0,0.0,0.0,94.13013907829227,0.0,0,45.24857500284908,0.0,0,True
0,3,0,0,0,17.816247634364252,5,0.49267191219898443,8,2,1,1.0,25.325301278699744,6,1,0,2,0.0,25.636729428143347,0.0,0.0,141.5008990045225,0.24413280831992196,1244.9094366917677,674.2247651416598,0.9478877851296119,1,2,2.0,0.0,0.0,94.13013907829227,0.0,0,45.24857500284908,0.956875283706724,0,True
3,1,0,2,0,14.841569663009428,13,0.29211107447519724,20,0,1,1.0,200.26702449402498,1,0,0,0,6.939434818256995,37.13258314067775,7161.8181309575975,0.0,169.0085345885791,0.062210934732218656,1106.193414199318,516.9459978825109,0.9273419730604272,1,0,2.0,0.11185184757458771,0.0,94.13013907829227,0.0,4,32.4995791278833,0.0,45,True
0,3,0,0,0,17.816247634364252,5,0.49267191219898443,8,2,1,0.6764666978040981,25.325301278699744,6,1,0,2,0.0,25.636729428143347,0.0,0.0,141.5008990045225,0.24413280831992196,1244.9094366917677,674.2247651416598,0.8658621545691703,1,2,2.0,0.0,0.0,94.13013907829227,0.0,0,45.24857500284908,0.0,0,True
0,3,0,0,0,17.816247634364252,5,0.49267191219898443,8,2,1,1.0,25.325301278699744,6,1,0,0,0.0,25.636729428143347,0.0,0.0,141.5008990045225,0.24413280831992196,1244.9094366917677,674.2247651416598,0.8658621545691703,1,2,2.0,0.0,0.0,94.13013907829227,0.0,0,45.24857500284908,0.0,0,True
0,1,0,0,0,17.816247634364252,5,0.49267191219898443,8,2,1,0.6764666978040981,25.325301278699744,6,1,0,2,0.0,43.56424864101634,0.0,0.0,141.5008990045225,0.24413280831992196,1244.9094366917677,674.2247651416598,0.8658621545691703,1,2,2.0,0.0,0.0,94.13013907829227,0.0,0,45.24857500284908,0.0,0,False
0,1,0,0,0,17.816247634364252,5,0.49267191219898443,8,2,1,1.0,25.325301278699744,6,1,0,2,0.0,25.636729428143347,0.0,0.0,141.5008990045225,0.24413280831992196,1244.9094366917677,674.2247651416598,0.8658621545691703,1,2,2.0,0.0,0.0,94.13013907829227,0.0,0,45.24857500284908,0.0,0,True
0,5,0,0,0,17.816247634364252,5,0.49267191219898443,8,2,1,0.7411192472306346,25.325301278699744,10,1,0,2,0.0,43.56424864101634,0.0,0.0,141.5008990045225,0.5044243830476912,1244.9094366917677,674.2247651416598,0.3316392840614479,1,186,4.321407569471304,0.0,0.0,488.49754601269836,0.0,0,235.56730356982,0.8686713750231494,0,True
0,12,1,1,0,13.486496367794242,13,0.21548920761450896,7,2,24,1.0,25.325301278699744,6,1,0,5,22.757086281540957,43.56424864101634,0.0,0.0,132.6423521005574,0.09539253281631038,692.540860970521,614.4632902900343,0.13811958938962515,0,21,6.797870322802282,0.14551941881243194,0.0,161.10655177443107,7.605158514307233,0,235.56730356982,89.52552375444708,3,True
0,7,0,0,0,17.816247634364252,5,0.49267191219898443,8,2,1,0.6764666978040981,25.325301278699744,6,1,0,2,0.0,25.636729428143347,0.0,0.0,141.5008990045225,0.24413280831992196,1244.9094366917677,674.2247651416598,0.8658621545691703,1,2,2.0,0.0,0.0,94.13013907829227,0.0,0,45.24857500284908,0.0,0,True
0,1,0,0,0,17.816247634364252,5,0.49267191219898443,8,2,1,1.0,25.325301278699744,5,1,0,2,0.0,25.636729428143347,0.0,0.0,141.5008990045225,0.24413280831992196,1244.9094366917677,674.2247651416598,0.8658621545691703,1,2,2.0,0.0,0.0,94.13013907829227,0.0,0,45.24857500284908,0.0,0,True
0,2,0,0,0,17.816247634364252,5,1.4265414934963134,8,2,1,0.6764666978040981,25.325301278699744,6,1,0,2,0.0,73.95446583430038,0.0,0.0,141.5008990045225,0.5044243830476912,4087.910736975494,674.2247651416598,0.01,1,2,2.0,0.0,0.0,94.13013907829227,0.0,0,45.24857500284908,0.0,0,True
0,5,0,0,0,4.23029052489886,5,0.49267191219898443,8,2,1,1.0,25.325301278699744,11,1,0,0,0.0,25.636729428143347,0.0,0.0,141.5008990045225,0.1419273300888613,1110.2696269609444,674.2247651416598,0.8658621545691703,1,2,2.995803343746358,0.0,0.0,94.13013907829227,0.0,0,45.24857500284908,0.0,0,True
0,13,0,0,0,17.816247634364252,13,0.49267191219898443,8,2,1,1.0,117.10788541026939,6,1,0,2,0.0,73.95446583430038,0.0,0.0,337.9473781635529,0.1419273300888613,1244.9094366917677,4663.904501732728,0.01,12,1,2.0,0.0,0.0,215.04218802129668,0.0,3,235.56730356982,21.466806187447602,12,False
0,5,0,0,0,17.816247634364252,5,0.49267191219898443,8,2,1,1.0,25.325301278699744,6,1,0,2,0.0,25.636729428143347,0.0,0.0,141.5008990045225,0.24413280831992196,1244.9094366917677,674.2247651416598,0.8658621545691703,1,2,2.4558466007405224,0.001205923975824988,0.0,94.13013907829227,0.0,0,45.24857500284908,0.0,0,True
0,1,0,0,0,17.816247634364252,5,0.49267191219898443,8,2,1,1.0,25.325301278699744,1,1,0,1,0.0,25.636729428143347,0.0,0.0,141.5008990045225,0.24413280831992196,1244.9094366917677,674.2247651416598,0.8658621545691703,1,2,2.0,0.02075296033770821,0.0,94.13013907829227,0.0,0,45.24857500284908,0.0,0,True
0,4,0,0,0,17.816247634364252,5,0.49267191219898443,8,2,1,1.0,25.325301278699744,6,1,0,2,0.0,25.636729428143347,0.0,0.0,141.5008990045225,0.24413280831992196,1244.9094366917677,674.2247651416598,0.8658621545691703,1,2,2.0,0.0,0.0,94.13013907829227,0.0,0,45.24857500284908,0.0,0,True
0,1,0,0,0,17.816247634364252,26,0.39706917865829117,8,2,1,1.0,25.325301278699744,5,1,0,2,5.412500634801136,25.636729428143347,0.0,0.0,337.9473781635529,0.17645036437012696,798.158850153417,440.4372711632628,0.9785366944828608,1,1,4.710085641507167,0.17044609957576007,0.0,94.13013907829227,0.0,0,45.24857500284908,0.0,0,True
0,4,0,0,0,17.816247634364252,5,0.49267191219898443,8,2,1,0.6764666978040981,25.325301278699744,6,1,0,2,0.0,43.56424864101634,0.0,0.0,141.5008990045225,0.24413280831992196,1244.9094366917677,674.2247651416598,0.8658621545691703,1,2,2.0,0.0,0.0,94.13013907829227,0.0,0,45.24857500284908,0.0,0,True
0,36,0,0,0,17.816247634364252,5,0.48856444256243337,8,2,1,0.7411192472306346,25.325301278699744,6,1,0,0,4.386308566683281,43.56424864101634,0.0,0.0,141.5008990045225,0.1419273300888613,1244.9094366917677,1825.3506384510506,0.01,1,2,2.899478640935906,0.0,0.0,94.13013907829227,0.0,0,45.24857500284908,0.0,0,True
0,1,0,0,0,17.816247634364252,5,0.49267191219898443,8,2,1,1.0,25.325301278699744,10,1,0,2,0.0,25.636729428143347,0.0,0.0,141.5008990045225,0.24413280831992196,1020.9340693966699,674.2247651416598,0.8658621545691703,1,2,3.7932920103876397,0.0,0.0,94.13013907829227,0.0,0,45.24857500284908,0.0,0,True
0,4,0,0,0,17.816247634364252,5,0.49267191219898443,8,2,1,1.0,25.325301278699744,5,1,0,2,0.0,25.636729428143347,0.0,0.0,141.5008990045225,0.24413280831992196,1244.9094366917677,674.2247651416598,0.8658621545691703,1,2,2.0,0.0,0.0,94.13013907829227,0.0,0,45.24857500284908,0.0,0,True
0,2,1,0,0,2.1734666290899414,4,0.23797993203855633,1,2,1,0.5840358329788111,13.817816024109227,3,1,0,2,2.338269119640138,22.49819813408378,0.0,0.0,121.23864831696272,0.13614384374986654,310.90555390463675,298.18414316535575,0.5160361221040792,21,1,9.698038716673304,0.0,0.0,85.32647502438081,0.0,4,32.07424396881196,0.0,6,False
0,5,0,0,0,17.816247634364252,5,0.49267191219898443,8,2,1,1.0,25.325301278699744,6,1,0,2,0.0,25.636729428143347,0.0,0.0,141.5008990045225,0.24413280831992196,1244.9094366917677,674.2247651416598,0.8658621545691703,1,2,2.0,0.0,0.0,94.13013907829227,0.0,0,45.24857500284908,0.0,0,True
0,3,1,0,0,13.504788229925452,5,0.4138485480034244,7,2,1,0.6764666978040981,18.983912484430636,1,1,0,2,4.987203130892089,43.56424864101634,0.0,0.0,719.7358636537497,0.23804351177458233,1244.9094366917677,602.3074763506581,0.955778260857447,1,1,5.738556467645292,0.0,0.0,78.75205799079725,0.0,0,45.24857500284908,0.0,0,True
0,4,0,0,0,4.23029052489886,5,0.49267191219898443,8,2,1,1.0,25.325301278699744,12,1,0,1,13.198924733493952,25.636729428143347,0.0,0.0,141.5008990045225,0.1419273300888613,1231.6196121537357,674.2247651416598,0.01,1,2,2.0,0.0,0.0,94.13013907829227,0.0,0,45.24857500284908,0.0,0,True
0,5,0,0,0,17.816247634364252,5,0.49267191219898443,8,2,1,0.6764666978040981,25.325301278699744,6,1,0,2,0.0,43.56424864101634,0.0,0.0,141.5008990045225,0.24413280831992196,1244.9094366917677,674.2247651416598,0.01,1,2,2.0,0.0,0.0,94.13013907829227,0.0,0,45.24857500284908,0.0,0,True
0,1,0,0,0,17.816247634364252,5,0.49267191219898443,8,2,18,1.0,25.325301278699744,12,1,0,2,0.0,25.636729428143347,0.0,0.0,728.4291793828762,0.1419273300888613,1244.9094366917677,674.2247651416598,0.951543238017323,4,2,2.0,0.0,0.0,94.13013907829227,0.0,0,45.24857500284908,0.0,0,True
0,44,2,4,2,2.899883469644899,10,0.25210161235270906,7,2,1,0.6553046936689768,51.5442112054383,5,0,0,6,36.15074716750878,73.95446583430038,32773.50580773562,0.0,276.52511789803714,0.10605747367956062,713.8095537366382,3440.0853461637134,0.12875538036245748,30,0,8.3513339050438,0.06452771058661316,83.10202218861936,440.81816666661916,9.34323987997677,8,105.13042308720156,5.528843679315714,17,False
0,1,0,0,0,3.418236263441682,5,0.3693098239292834,8,2,1,1.0,19.367877814259554,6,1,0,2,4.069455606819435,25.636729428143347,0.0,0.0,141.5008990045225,0.12457053316736416,318.1107424938998,570.101222759076,0.9709033736292815,1,1,4.158057158991923,0.007349341234330592,0.0,45.467326238496376,0.0,0,30.475786003014875,13.293756725113617,0,True
0,3,0,0,0,4.23029052489886,5,0.49267191219898443,8,2,1,1.0,25.325301278699744,6,1,0,2,0.0,25.636729428143347,0.0,0.0,141.5008990045225,0.24413280831992196,1244.9094366917677,674.2247651416598,0.8658621545691703,1,2,2.0,0.0,0.0,94.13013907829227,0.0,0,45.24857500284908,0.0,0,True
0,1,0,0,0,0.8532721082853958,5,0.6320688185998715,4,2,1,1.0,25.325301278699744,4,0,0,2,0.0,19.443185294186975,0.0,0.0,136.05794160633354,0.1838422135777875,491.31380425820925,468.07193069534475,0.4331922273176552,1,1,2.7276107785260884,0.0,0.0,66.75978852738942,0.0,0,22.60457718341655,20.578184764992315,6,True
0,7,0,0,0,16.30206565846031,5,0.2784313156367112,7,2,1,1.0,20.169037949195683,1,0,0,2,28.53254540241614,23.064460650344905,0.0,0.0,141.5008990045225,0.08940476488203172,609.5862720084842,539.6222963056973,0.3516681841739674,0,1,10.358425437692413,0.10493241506663951,0.0,57.58183176249812,1.2755159803458351,1,44.447112201166426,0.6778991977835772,0,False
0,5,0,0,0,17.816247634364252,5,0.49267191219898443,8,2,1,1.0,25.325301278699744,6,1,0,2,0.0,43.56424864101634,0.0,0.0,141.5008990045225,0.24413280831992196,1244.9094366917677,674.2247651416598,0.8658621545691703,1,2,2.0,0.0,0.0,94.13013907829227,0.0,0,45.24857500284908,0.0,0,True
0,3,0,0,0,17.816247634364252,5,0.49267191219898443,8,2,1,0.6764666978040981,25.325301278699744,6,1,0,2,0.0,43.56424864101634,0.0,0.0,141.5008990045225,0.24413280831992196,1244.9094366917677,674.2247651416598,0.8658621545691703,1,2,2.0,0.0,0.0,94.13013907829227,0.0,0,45.24857500284908,0.0,0,True
0,13,0,0,0,17.816247634364252,5,0.49267191219898443,8,2,1,0.6764666978040981,25.325301278699744,6,1,0,2,0.0,25.636729428143347,0.0,0.0,141.5008990045225,0.24413280831992196,1244.9094366917677,674.2247651416598,0.8658621545691703,1,2,2.0,0.0,0.0,94.13013907829227,0.0,0,45.24857500284908,0.7008593100069458,0,True
4,11,0,0,0,13.760546081394283,21,0.23135064286966778,7,2,1,0.6404193640383167,22.93733501527116,7,0,27,1,7.937122080860302,18.184865241593464,0.0,0.0,82.62125702419019,0.07393196863618592,396.56909264562177,539.687605240812,1.0,0,1,10.57923994031144,0.11613913040703891,0.0,385.86600469579764,0.0,5,34.3828172370498,8.77820371015774,21,True
0,17,0,0,0,17.816247634364252,30,0.49267191219898443,1,2,1,0.6764666978040981,25.325301278699744,10,1,0,1,9.298527949709193,73.95446583430038,0.0,0.0,337.9473781635529,0.24413280831992196,1244.9094366917677,1825.3506384510506,0.8940851150076695,12,2,2.0,0.0,0.0,94.13013907829227,0.0,0,45.24857500284908,0.0,0,True
0,2,0,0,0,4.23029052489886,5,0.49267191219898443,8,2,1,0.6764666978040981,25.325301278699744,5,1,0,2,0.0,25.636729428143347,0.0,0.0,141.5008990045225,0.24413280831992196,1244.9094366917677,674.2247651416598,0.8658621545691703,1,2,2.0,0.0,0.0,94.13013907829227,0.0,0,45.24857500284908,2.007798884041431,0,True
0,3,0,0,0,17.816247634364252,5,0.49267191219898443,8,2,1,0.6764666978040981,25.325301278699744,10,1,0,2,0.0,43.56424864101634,0.0,0.0,337.9473781635529,0.5044243830476912,1244.9094366917677,674.2247651416598,0.8710719761267245,4,2,2.0,0.0,0.0,215.04218802129668,0.0,0,235.56730356982,0.0,0,True
0,1,0,0,0,17.311314863176406,13,0.4732168123037843,8,0,1,0.6764666978040981,25.325301278699744,8,1,0,0,0.0,25.636729428143347,82769.6419049445,0.0,131.07460582953865,0.24413280831992196,633.3020002315372,581.9177756196474,0.9776010562164149,0,0,7.71855718931015,0.007820099720151338,0.0,94.13013907829227,1.74805220009023,3,34.34860768449981,53.90683293482004,0,True
0,7,0,0,0,17.816247634364252,5,0.49267191219898443,8,2,1,0.6764666978040981,25.325301278699744,6,1,0,0,0.0,25.636729428143347,0.0,0.0,141.5008990045225,0.1419273300888613,1244.9094366917677,674.2247651416598,0.8658621545691703,1,2,2.0,0.0,0.0,94.13013907829227,0.0,0,45.24857500284908,1.7735776910412346,0,True
0,4,0,0,0,17.816247634364252,5,0.49267191219898443,8,2,1,1.0,25.325301278699744,5,1,0,1,0.0,25.636729428143347,0.0,0.0,141.5008990045225,0.24413280831992196,1244.9094366917677,674.2247651416598,0.8658621545691703,1,2,5.219153710818631,0.0,0.0,94.13013907829227,0.0,0,45.24857500284908,0.0,0,True
0,9,0,0,0,17.816247634364252,5,0.49267191219898443,8,2,1,1.0,25.325301278699744,1,1,0,2,0.0,25.636729428143347,0.0,0.0,141.5008990045225,0.1419273300888613,1244.9094366917677,674.2247651416598,0.8658621545691703,1,2,4.720300275751747,0.0,0.0,94.13013907829227,0.0,0,45.24857500284908,0.0,0,True
0,7,0,2,0,17.816247634364252,5,0.4085253144314702,8,2,1,0.6764666978040981,25.325301278699744,3,1,0,2,0.0,25.636729428143347,0.0,0.0,141.5008990045225,0.1419273300888613,1194.2386306110668,674.2247651416598,0.01,1,2,9.81265904927253,0.0,0.0,94.13013907829227,0.0,0,116.30860640963833,0.6494519232845308,0,True
0,4,0,0,0,17.816247634364252,5,1.4265414934963134,8,2,1,1.0,25.325301278699744,6,1,0,2,0.0,43.56424864101634,0.0,0.0,141.5008990045225,0.1419273300888613,1244.9094366917677,674.2247651416598,0.8658621545691703,1,2,2.5670907821586204,0.0,0.0,94.13013907829227,0.0,0,45.24857500284908,0.0,0,True
0,5,0,0,0,17.816247634364252,5,0.47494493109547553,8,2,1,0.6764666978040981,25.325301278699744,5,0,0,1,7.819346678472375,25.636729428143347,0.0,0.0,141.5008990045225,0.1419273300888613,1244.9094366917677,674.2247651416598,0.8658621545691703,1,2,2.43351780298156,0.038058564791459484,0.0,94.13013907829227,0.0,0,235.56730356982,2.909373042253769,0,True
0,5,0,0,0,17.816247634364252,5,0.49267191219898443,8,2,1,0.6764666978040981,25.325301278699744,6,1,0,2,0.0,25.636729428143347,0.0,0.0,141.5008990045225,0.24413280831992196,1244.9094366917677,674.2247651416598,0.8658621545691703,1,2,2.0,0.0,0.0,94.13013907829227,0.0,0,45.24857500284908,0.0,0,True
0,1,0,0,0,17.816247634364252,5,1.4265414934963134,8,2,1,1.0,25.325301278699744,6,1,0,2,0.0,25.636729428143347,0.0,0.0,141.5008990045225,0.24413280831992196,1244.9094366917677,674.2247651416598,0.8658621545691703,4,2,2.0,0.0,0.0,94.13013907829227,0.0,0,45.24857500284908,0.0,0,True
0,1,0,0,0,17.816247634364252,5,0.49267191219898443,8,2,1,0.6764666978040981,25.325301278699744,6,1,0,2,0.0,43.56424864101634,0.0,0.0,141.5008990045225,0.24413280831992196,1244.9094366917677,674.2247651416598,0.8658621545691703,1,2,2.0,0.0,0.0,94.13013907829227,0.0,0,45.24857500284908,0.0,0,True
0,1,0,1,0,17.816247634364252,5,0.279372482327435,8,2,1,1.0,25.325301278699744,4,0,0,0,0.0,25.636729428143347,2320.777093444438,0.0,141.5008990045225,0.1419273300888613,1244.9094366917677,657.7391571953402,0.9594551798819334,1,0,2.0,0.0,0.0,94.13013907829227,0.0,1,40.07872454629563,18.135322124495787,4,True
0,1,0,0,0,17.816247634364252,5,0.49267191219898443,8,2,1,1.0,25.325301278699744,6,1,0,2,0.0,25.636729428143347,0.0,0.0,141.5008990045225,0.1419273300888613,1244.9094366917677,674.2247651416598,0.8658621545691703,1,2,2.0,0.0,0.0,94.13013907829227,0.0,0,45.24857500284908,0.0,0,True
0,3,0,0,0,17.816247634364252,5,0.49267191219898443,8,2,1,1.0,25.325301278699744,5,1,0,2,0.0,25.636729428143347,0.0,0.0,141.5008990045225,0.24413280831992196,1244.9094366917677,674.2247651416598,0.8658621545691703,1,2,2.0,0.0,0.0,94.13013907829227,0.0,0,45.24857500284908,0.0,0,True
0,2,0,0,0,17.816247634364252,5,0.3036159032015199,7,2,1,1.0,24.204099127217813,10,1,0,1,1.563825078350515,25.636729428143347,0.0,0.0,141.5008990045225,0.2412361529321745,1244.9094366917677,427.58318539311017,0.8658621545691703,1,1,13.649938342649625,0.04395738793127385,0.0,91.58926683656304,0.0,0,45.24857500284908,31.992025639651047,0,True
0,1,0,0,0,4.23029052489886,5,0.49267191219898443,8,2,1,0.6764666978040981,25.325301278699744,1,1,0,2,0.0,25.636729428143347,0.0,0.0,141.5008990045225,0.1419273300888613,1244.9094366917677,674.2247651416598,0.8658621545691703,1,2,2.0,0.0,0.0,94.13013907829227,0.0,0,45.24857500284908,0.0,0,True
0,7,0,0,0,17.816247634364252,5,0.49267191219898443,8,2,1,0.6764666978040981,25.325301278699744,6,1,0,2,7.0476621808136635,25.636729428143347,0.0,0.0,141.5008990045225,0.5044243830476912,1244.9094366917677,674.2247651416598,0.3516681841739674,1,2,4.767661013366665,0.0,0.0,215.04218802129668,0.0,0,116.30860640963833,0.0,0,True
0,1,0,0,0,17.816247634364252,5,0.49267191219898443,8,2,1,1.0,25.325301278699744,6,1,0,2,0.0,25.636729428143347,0.0,0.0,141.5008990045225,0.24413280831992196,1244.9094366917677,674.2247651416598,0.8845942413887518,1,2,2.0,0.0,0.0,94.13013907829227,0.0,0,45.24857500284908,0.0,0,True
0,2,0,0,0,17.816247634364252,5,1.4265414934963134,8,2,1,1.0,25.325301278699744,5,1,0,2,0.0,43.56424864101634,0.0,0.0,141.5008990045225,0.24413280831992196,1244.9094366917677,674.2247651416598,0.8658621545691703,1,2,2.013808459286965,0.0,0.0,94.13013907829227,0.0,0,45.24857500284908,0.0,0,True
0,1,0,0,0,4.23029052489886,5,0.806523341593526,8,2,1,1.0,25.325301278699744,6,1,0,2,0.0,25.636729428143347,0.0,0.0,141.5008990045225,0.24413280831992196,1244.9094366917677,674.2247651416598,0.8658621545691703,1,2,2.0,0.0,0.0,94.13013907829227,0.0,0,45.24857500284908,0.0,0,False
0,5,0,0,0,17.816247634364252,5,0.49267191219898443,8,2,1,0.6764666978040981,117.10788541026939,6,1,0,2,0.0,43.56424864101634,0.0,0.0,141.5008990045225,0.1419273300888613,1244.9094366917677,674.2247651416598,0.8658621545691703,1,2,2.9311424967106814,0.0,0.0,94.13013907829227,0.0,0,45.24857500284908,0.0,0,True
0,2,0,2,0,2.905391513878037,30,0.3630020642404607,7,2,1,0.6764666978040981,25.325301278699744,5,1,0,2,0.0,25.636729428143347,0.0,0.0,141.5008990045225,0.1419273300888613,391.75249116287097,674.2247651416598,0.055281274977595496,22,1,3.5245565955958784,0.1039183000759969,0.0,52.046723525923525,0.0,0,45.23844437317933,20.814143630187147,1,True
0,3,0,0,1,17.816247634364252,5,0.49267191219898443,8,2,1,1.0,25.325301278699744,4,1,0,2,0.0,43.56424864101634,0.0,0.0,337.9473781635529,0.1419273300888613,1244.9094366917677,674.2247651416598,0.872542235317661,4,1,2.0,0.0,0.0,215.04218802129668,0.0,0,235.56730356982,0.0,0,True
0,8,0,0,0,17.816247634364252,5,0.49267191219898443,8,2,1,0.6764666978040981,61.02419378659701,6,1,0,1,0.0,43.56424864101634,0.0,0.0,141.5008990045225,0.1419273300888613,1244.9094366917677,674.2247651416598,0.8658621545691703,4,2,2.0,0.0,0.0,94.13013907829227,0.0,0,45.24857500284908,0.0,0,True
0,4,0,0,0,17.816247634364252,5,0.49267191219898443,8,2,1,1.0,25.325301278699744,6,1,0,2,0.0,43.56424864101634,0.0,0.0,141.5008990045225,0.24413280831992196,1050.425409457284,674.2247651416598,0.8658621545691703,1,2,9.346903001541143,0.0,0.0,94.13013907829227,0.0,0,45.24857500284908,0.0,0,True
0,3,0,0,0,17.816247634364252,5,0.49267191219898443,8,2,1,1.0,25.325301278699744,8,1,0,2,0.0,25.636729428143347,0.0,0.0,141.5008990045225,0.24413280831992196,1244.9094366917677,674.2247651416598,0.8658621545691703,1,2,2.0,0.0,0.0,94.13013907829227,0.0,0,45.24857500284908,0.0,0,True
0,1,0,0,0,17.816247634364252,5,0.49267191219898443,8,2,1,1.0,25.325301278699744,5,1,0,2,0.0,25.636729428143347,0.0,0.0,141.5008990045225,0.5044243830476912,1244.9094366917677,674.2247651416598,0.8658621545691703,1,2,2.0,0.0,0.0,94.13013907829227,0.0,0,45.24857500284908,0.0,0,True
0,1,0,0,0,17.816247634364252,5,0.49267191219898443,8,2,1,1.0,25.325301278699744,6,1,0,0,0.0,43.56424864101634,0.0,0.0,141.5008990045225,0.1419273300888613,1244.9094366917677,674.2247651416598,0.8872951260648367,1,2,2.0,0.0,0.0,94.13013907829227,0.0,0,45.24857500284908,0.0,0,True
0,6,0,0,0,17.816247634364252,5,0.49267191219898443,8,2,1,1.0,25.325301278699744,12,1,0,0,0.0,25.636729428143347,0.0,0.0,141.5008990045225,0.24413280831992196,1244.9094366917677,674.2247651416598,0.8658621545691703,1,2,2.0,0.0,0.0,94.13013907829227,0.0,0,45.24857500284908,0.0,0,True
0,2,0,0,0,17.816247634364252,5,0.49267191219898443,8,2,1,1.0,25.325301278699744,6,1,0,2,0.0,43.56424864101634,0.0,0.0,141.5008990045225,0.24413280831992196,1244.9094366917677,674.2247651416598,0.8658621545691703,1,2,2.0,0.0,0.0,94.13013907829227,0.0,0,45.24857500284908,0.0,0,True
0,2,0,0,0,17.816247634364252,5,1.4265414934963134,8,0,1,0.6764666978040981,25.325301278699744,6,1,0,1,0.0,43.56424864101634,0.0,0.0,141.5008990045225,0.24413280831992196,1244.9094366917677,674.2247651416598,0.8937503613278883,1,1,2.0,0.0,0.0,94.13013907829227,0.0,0,45.24857500284908,0.0,0,True
0,3,0,0,0,17.816247634364252,4,0.4133667745261105,8,0,1,1.0,57.7226103627212,5,1,0,1,0.0,25.636729428143347,0.0,0.0,802.9909609045935,0.24413280831992196,1244.9094366917677,674.2247651416598,0.01,1,2,2.0,0.0,0.0,94.13013907829227,0.0,0,45.24857500284908,0.0,0,True
0,6,0,0,0,17.816247634364252,5,0.49267191219898443,8,2,1,1.0,25.325301278699744,6,1,0,2,9.51512622648934,25.636729428143347,0.0,0.0,141.5008990045225,0.1419273300888613,1230.6769654043344,674.2247651416598,0.8658621545691703,12,2,6.0160417779340065,0.0,0.0,94.13013907829227,0.0,0,45.24857500284908,0.0,0,True
0,1,0,0,0,4.23029052489886,5,0.49267191219898443,8,2,1,1.0,25.325301278699744,9,1,0,2,0.0,25.636729428143347,0.0,0.0,141.5008990045225,0.24413280831992196,1244.9094366917677,674.2247651416598,0.9218033713511622,1,2,3.0058305127543017,0.0,0.0,94.13013907829227,0.0,0,45.24857500284908,0.0,0,True
0,1,0,0,0,17.816247634364252,5,0.806523341593526,8,0,1,1.0,25.325301278699744,1,1,0,2,0.0,25.636729428143347,0.0,0.0,141.5008990045225,0.24413280831992196,1009.6738473185296,674.2247651416598,0.8798089338372566,1,2,2.5311378816925596,0.0,0.0,94.13013907829227,0.0,0,45.24857500284908,0.0,0,True
0,6,0,0,0,4.23029052489886,5,0.49267191219898443,8,2,1,0.6764666978040981,25.325301278699744,6,1,0,2,0.0,43.56424864101634,0.0,0.0,141.5008990045225,0.24413280831992196,1244.9094366917677,674.2247651416598,0.8658621545691703,1,2,2.0,0.0,0.0,94.13013907829227,0.0,0,45.24857500284908,0.0,0,True
0,1,0,0,0,17.816247634364252,5,1.4265414934963134,8,2,1,0.6764666978040981,25.325301278699744,6,1,0,0,0.0,25.636729428143347,0.0,0.0,141.5008990045225,0.24413280831992196,1187.540633259936,674.2247651416598,0.8884357078943128,1,1,2.0,0.0,0.0,94.13013907829227,0.0,0,45.24857500284908,0.0,0,True
0,22,0,0,0,17.816247634364252,5,0.49267191219898443,8,2,1,0.6764666978040981,25.325301278699744,5,1,0,2,14.567328746099887,43.56424864101634,0.0,0.0,337.9473781635529,0.1419273300888613,1244.9094366917677,674.2247651416598,0.3516681841739674,12,2,2.0,0.0,0.0,94.13013907829227,0.0,0,45.24857500284908,0.0,0,True
0,4,0,0,0,4.23029052489886,5,0.3774293388384271,8,2,1,1.0,117.10788541026939,3,1,0,2,6.002441836034588,25.636729428143347,0.0,0.0,141.5008990045225,0.24413280831992196,1169.9887981728752,674.2247651416598,0.9008543185913002,1,2,2.0,0.15521681852413702,0.0,94.13013907829227,1.1591939673478198,0,45.24857500284908,2.545276113261248,0,True
0,2,0,0,0,17.816247634364252,5,0.49267191219898443,8,2,1,0.6764666978040981,25.325301278699744,6,1,0,2,0.0,25.636729428143347,0.0,0.0,141.5008990045225,0.24413280831992196,1244.9094366917677,674.2247651416598,0.8658621545691703,1,2,5.75381855896326,0.0,0.0,94.13013907829227,0.0,0,45.24857500284908,0.0,0,True
2,4,0,1,8,12.284034217699745,26,0.29355448940887674,7,2,1,0.6278837391054772,48.683033458543036,5,0,0,0,26.00315655782819,29.823704589892593,10220.806083236977,0.0,337.9473781635529,0.056363466452979766,2699.058622257452,1445.8455728912477,0.01,12,6,14.584205104265495,0.08757885457041796,0.0,212.16240953725458,19.989790180723276,21,143.21297690670147,19.37116659821802,43,False
0,1,0,0,0,17.816247634364252,5,0.49267191219898443,8,0,1,1.0,25.325301278699744,1,0,0,1,0.0,25.636729428143347,0.0,0.0,141.5008990045225,0.1419273300888613,1244.9094366917677,552.5263999285605,0.8658621545691703,12,2,2.0,0.0,0.0,90.41626908620782,0.0,0,45.24857500284908,0.0,0,False
0,1,0,0,0,17.816247634364252,5,0.49267191219898443,8,2,1,0.6764666978040981,25.325301278699744,6,1,0,2,0.0,25.636729428143347,0.0,0.0,141.5008990045225,0.24413280831992196,1244.9094366917677,674.2247651416598,0.8658621545691703,1,2,2.0,0.0,0.0,94.13013907829227,0.0,0,45.24857500284908,0.0,0,True
0,7,0,0,0,17.816247634364252,5,0.47022697344212894,8,5,1,0.6764666978040981,25.325301278699744,5,1,0,2,1.5735370781692382,25.636729428143347,0.0,0.0,141.5008990045225,0.5044243830476912,1244.9094366917677,674.2247651416598,0.897975235466501,0,2,2.0,0.07193663484707771,0.0,94.13013907829227,0.0,0,45.24857500284908,0.5086528050084332,0,True
0,1,0,0,0,17.816247634364252,5,0.49267191219898443,8,2,1,1.0,25.325301278699744,6,1,0,2,0.0,25.636729428143347,0.0,0.0,141.5008990045225,0.24413280831992196,1244.9094366917677,674.2247651416598,0.935580656679159,4,1,2.0,0.0,0.0,94.13013907829227,0.0,0,45.24857500284908,0.0,0,False
0,11,0,0,0,17.816247634364252,13,0.40865776524205444,8,2,1,0.6764666978040981,117.10788541026939,5,1,0,1,0.0,43.56424864101634,0.0,0.0,337.9473781635529,0.24413280831992196,1244.9094366917677,622.0468194023274,0.01,12,2,2.0,0.0,0.0,94.13013907829227,0.0,2,235.56730356982,17.641619314366192,13,True
0,6,0,0,0,17.816247634364252,5,0.49267191219898443,8,2,1,1.0,25.325301278699744,6,1,0,2,0.0,43.56424864101634,0.0,0.0,141.5008990045225,0.5044243830476912,1244.9094366917677,674.2247651416598,0.8658621545691703,1,2,2.0,0.0,0.0,94.13013907829227,0.0,0,45.24857500284908,0.0,0,True
0,2,0,0,0,14.05327528153314,5,0.1823477526109498,8,2,1,1.0,25.325301278699744,1,0,0,1,0.0,25.636729428143347,0.0,0.0,141.5008990045225,0.5964485760265577,961.0192435799052,674.2247651416598,0.9503370851086375,1,2,9.267328006662844,0.05949471842570353,0.0,94.13013907829227,0.0,0,45.24857500284908,0.0,0,True
0,4,0,0,0,17.816247634364252,5,0.49267191219898443,8,2,1,0.6764666978040981,25.325301278699744,6,1,0,2,0.0,43.56424864101634,0.0,0.0,141.5008990045225,0.24413280831992196,1244.9094366917677,674.2247651416598,0.8658621545691703,1,2,2.3050539178484644,0.0,0.0,94.13013907829227,0.0,0,45.24857500284908,0.0,0,True
0,7,0,0,0,17.816247634364252,5,0.49267191219898443,8,2,1,0.6764666978040981,25.325301278699744,12,1,0,0,0.0,25.636729428143347,0.0,0.0,141.5008990045225,0.1419273300888613,1244.9094366917677,4663.904501732728,0.3554411957481172,1,1,2.0,0.0,0.0,440.81816666661916,0.0,2,45.24857500284908,6.857942598941422,0,True
0,15,0,0,0,17.816247634364252,13,0.49267191219898443,8,2,1,0.6764666978040981,25.325301278699744,6,1,0,0,0.0,43.56424864101634,0.0,0.0,141.5008990045225,0.1419273300888613,1244.9094366917677,674.2247651416598,0.8658621545691703,1,2,3.7607010457293106,0.0,0.0,94.13013907829227,0.0,0,45.24857500284908,1.273037695078484,0,True
0,2,0,0,0,17.816247634364252,5,0.49267191219898443,8,2,1,1.0,25.325301278699744,6,1,0,0,0.0,25.636729428143347,0.0,0.0,141.5008990045225,0.24413280831992196,1244.9094366917677,674.2247651416598,0.8658621545691703,1,2,2.0,0.0,0.0,94.13013907829227,0.0,0,45.24857500284908,0.0,0,True
0,7,0,0,0,17.816247634364252,5,0.49267191219898443,8,2,1,1.0,25.325301278699744,6,1,0,2,0.0,43.56424864101634,0.0,0.0,141.5008990045225,0.5044243830476912,1244.9094366917677,674.2247651416598,0.8658621545691703,1,2,2.0,0.0,0.0,94.13013907829227,0.0,0,45.24857500284908,0.0,0,True
0,12,0,0,0,15.759813270695991,13,0.20340036235215203,8,2,1,0.6764666978040981,25.325301278699744,4,1,0,0,3.6651547854530495,43.56424864101634,0.0,0.0,141.5008990045225,0.12388194655658641,1244.9094366917677,627.75651585178,0.12454368127207523,1,1,2.0189757475157615,0.23932385605715978,0.0,94.13013907829227,0.0,2,108.12783117161871,0.0,22,True
0,1,0,0,0,17.816247634364252,5,0.49267191219898443,8,2,1,1.0,25.325301278699744,6,1,0,2,0.0,25.636729428143347,0.0,0.0,141.5008990045225,0.24413280831992196,1244.9094366917677,674.2247651416598,0.8811631381600391,1,2,2.0,0.0,0.0,94.13013907829227,0.0,0,45.24857500284908,0.0,0,True
0,4,0,0,0,17.816247634364252,5,1.4265414934963134,8,2,1,1.0,25.325301278699744,6,1,0,2,0.0,25.636729428143347,0.0,0.0,141.5008990045225,0.24413280831992196,1244.9094366917677,674.2247651416598,0.8658621545691703,1,2,2.0,0.0,0.0,94.13013907829227,0.0,0,45.24857500284908,0.0,0,True
0,6,0,0,0,17.816247634364252,5,0.49267191219898443,8,2,1,1.0,25.325301278699744,6,1,0,2,0.0,25.636729428143347,0.0,0.0,141.5008990045225,0.24413280831992196,1244.9094366917677,674.2247651416598,0.8658621545691703,1,2,2.0,0.0,0.0,94.13013907829227,0.0,0,45.24857500284908,0.0,0,True
0,8,0,0,0,13.859855157592051,5,0.49267191219898443,8,2,1,1.0,23.173161794942935,2,1,0,1,0.0,25.636729428143347,0.0,0.0,141.5008990045225,0.1419273300888613,1195.055393561375,674.2247651416598,0.8658621545691703,1,7,6.920716581119757,0.02839534635491555,0.0,94.13013907829227,0.4539089328201831,3,45.24857500284908,0.0,0,False
3,10,0,0,2,14.134718733932962,9,0.06706238902179856,5,2,1,0.536634499737976,15.541548840503413,3,0,10,3,12.69243154639739,48.032831716608115,4737.116978759912,0.0,2867.0,0.13712014193510336,640.1392492877551,381.2805005334514,0.4853595410089142,0,0,5.990831257449786,0.18065586782360354,0.0,328.99543161819327,10.571840315511086,16,98.44475835827171,2.9859999106499484,19,True
0,1,0,0,0,17.816247634364252,5,1.4265414934963134,8,2,1,1.0,25.325301278699744,6,1,0,2,0.0,25.636729428143347,0.0,0.0,141.5008990045225,0.24413280831992196,1244.9094366917677,674.2247651416598,0.9027381285147749,1,2,2.0,0.0,0.0,94.13013907829227,0.0,0,45.24857500284908,0.0,0,True
0,13,0,0,0,17.816247634364252,13,0.49267191219898443,8,2,1,1.0,25.325301278699744,6,1,0,2,0.0,43.56424864101634,0.0,0.0,141.5008990045225,0.1419273300888613,1244.9094366917677,674.2247651416598,0.8724242050140055,1,2,3.7256401599437368,0.0,0.0,94.13013907829227,0.0,0,45.24857500284908,0.0,0,True
0,1,0,0,0,17.816247634364252,4,0.34967444895338684,8,2,1,1.0,25.325301278699744,5,1,0,0,10.084800157155035,43.56424864101634,0.0,0.0,141.5008990045225,0.1419273300888613,1164.034378513214,5050.644645517261,0.05526651933589266,0,1,5.69232885077054,0.015599794420749921,0.0,94.13013907829227,0.0,5,45.24857500284908,0.0,2,True
0,3,0,0,0,17.816247634364252,5,0.49267191219898443,8,2,1,1.0,25.325301278699744,6,1,0,2,0.0,25.636729428143347,0.0,0.0,141.5008990045225,0.1419273300888613,1244.9094366917677,674.2247651416598,0.8658621545691703,1,2,2.0,0.0,0.0,94.13013907829227,0.0,0,45.24857500284908,0.0,0,True
0,8,0,0,0,17.816247634364252,5,0.49267191219898443,8,2,1,1.0,25.325301278699744,6,1,0,1,0.0,43.56424864101634,0.0,0.0,337.9473781635529,0.24413280831992196,4087.910736975494,674.2247651416598,0.8658621545691703,4,2,2.0,0.0,0.0,94.13013907829227,0.0,0,45.24857500284908,0.0,0,True
2,18,2,3,0,14.514970852036866,11,0.2739158825584765,8,2,10,0.6764666978040981,106.33790645764331,3,0,0,0,42.91667794621232,43.56424864101634,22009.163569700202,0.0,337.9473781635529,0.1419273300888613,4087.910736975494,5025.468886763567,0.01,10,20,14.788175594918993,0.10647014518295159,0.0,440.81816666661916,27.937641410931672,15,235.56730356982,55.82538869224547,24,True
0,13,0,0,0,17.816247634364252,5,0.49267191219898443,8,2,1,1.0,25.325301278699744,6,1,0,2,0.0,25.636729428143347,0.0,0.0,141.5008990045225,0.5044243830476912,1244.9094366917677,674.2247651416598,0.8733174009306457,4,2,2.0,0.0,0.0,94.13013907829227,0.0,0,45.24857500284908,0.0,0,False
0,3,0,0,0,12.606435991983084,5,0.2047552766992601,8,2,1,1.0,25.325301278699744,4,0,0,1,11.612057464288956,25.636729428143347,0.0,0.0,141.5008990045225,0.1419273300888613,721.6461101365779,674.2247651416598,0.9348214637607978,1,2,20.003682306480826,0.0679767341196589,0.0,60.0020787048511,0.0,0,39.79635378940742,0.47912193491026034,0,False
0,2,0,0,0,17.816247634364252,5,0.49267191219898443,8,2,1,0.6764666978040981,25.325301278699744,6,1,0,2,0.0,25.636729428143347,0.0,0.0,141.5008990045225,0.1419273300888613,1244.9094366917677,674.2247651416598,0.8658621545691703,1,2,2.0,0.0,0.0,94.13013907829227,0.0,0,45.24857500284908,0.0,0,False
0,7,0,0,0,17.816247634364252,5,0.49267191219898443,8,2,1,1.0,25.325301278699744,6,1,0,0,19.838823917225767,25.636729428143347,0.0,0.0,141.5008990045225,0.1419273300888613,1244.9094366917677,674.2247651416598,0.01,12,2,2.0,0.0,0.0,94.13013907829227,0.0,0,45.24857500284908,14.752155913090661,0,True
0,3,0,0,0,4.23029052489886,5,0.49267191219898443,8,2,1,1.0,25.325301278699744,6,1,0,2,0.0,25.636729428143347,0.0,0.0,141.5008990045225,0.1419273300888613,1244.9094366917677,674.2247651416598,0.8658621545691703,1,2,2.0,0.0,0.0,94.13013907829227,0.0,0,45.24857500284908,0.0,0,True
2,25,0,0,0,16.967670231750713,5,0.21030426511190609,8,2,1,0.6586383961140895,117.10788541026939,9,0,0,2,4.156262518075328,73.95446583430038,14405.413853044844,0.0,337.9473781635529,0.09833613551157369,1089.7348483397955,1778.4355717916578,0.01,12,1,31.469539603712406,0.11658333587788691,0.0,215.04218802129668,21.96283556019116,15,235.56730356982,36.4433893836619,24,True
0,4,0,0,0,17.816247634364252,5,0.49267191219898443,8,2,1,0.6764666978040981,25.325301278699744,6,1,0,2,0.0,25.636729428143347,0.0,0.0,141.5008990045225,0.24413280831992196,1244.9094366917677,674.2247651416598,0.8658621545691703,1,2,2.0,0.0,0.0,94.13013907829227,0.0,0,45.24857500284908,0.0,0,True
0,3,0,0,0,17.816247634364252,5,1.4265414934963134,8,2,1,1.0,25.325301278699744,5,1,0,2,0.0,43.56424864101634,0.0,0.0,141.5008990045225,0.24413280831992196,1244.9094366917677,4663.904501732728,0.915133065466787,1,2,2.0,0.0,0.0,94.13013907829227,0.0,0,235.56730356982,0.0,0,True
0,1,0,0,0,17.816247634364252,5,0.49267191219898443,8,2,1,0.7411192472306346,25.325301278699744,5,1,0,2,0.0,25.636729428143347,0.0,0.0,141.5008990045225,0.1419273300888613,754.0874732495316,674.2247651416598,0.8658621545691703,1,1,2.452739653193049,0.0,0.0,94.13013907829227,0.0,0,45.24857500284908,0.0,0,True
0,5,0,0,0,17.816247634364252,5,0.49267191219898443,8,0,1,1.0,25.325301278699744,5,1,0,2,0.0,25.636729428143347,0.0,0.0,141.5008990045225,0.24413280831992196,1244.9094366917677,674.2247651416598,0.8787093324566125,1,2,2.0,0.015166109071022393,0.0,94.13013907829227,0.0,0,45.24857500284908,0.0,0,False
0,6,0,0,0,17.816247634364252,5,0.49267191219898443,8,2,18,0.7411192472306346,25.325301278699744,5,1,0,0,15.404432545792469,25.636729428143347,0.0,0.0,728.4291793828762,0.67,836.835842129226,674.2247651416598,0.8836579400528197,4,2,2.0,0.08101488713322476,0.0,94.13013907829227,0.0,0,45.24857500284908,0.0,0,True
1,12,0,0,0,8.381430753730326,9,0.2276210783737808,5,0,1,1.0,41.00472799496906,6,0,0,0,16.773379909402948,70.90586564007695,0.0,0.0,95.42764777691579,0.17198808679278677,858.1739191592242,497.0029097923998,0.9924557389513151,3,6,4.923435851460581,0.17204526908312273,0.0,27.07427430473334,0.0,0,37.842578556327254,1.590426264045332,7,False
0,3,0,0,0,12.58740155435838,13,0.4268088317970544,6,2,1,0.6764666978040981,25.325301278699744,4,1,0,2,5.0721295682838505,73.95446583430038,0.0,0.0,141.5008990045225,0.5964485760265577,903.9364811245182,674.2247651416598,0.9541071408013547,1,1,5.663210102121353,0.0006596696827161491,0.0,94.13013907829227,0.0,0,45.24857500284908,0.0,4,True
0,1,0,0,0,15.878065447732764,5,1.4265414934963134,8,0,1,1.0,25.325301278699744,1,1,0,2,2.6867945564854345,24.451777324260057,0.0,0.0,141.5008990045225,0.22477467231399995,1068.2873799634003,494.48283265718914,0.8716809060876582,1,1,5.598287992070755,0.0,0.0,94.13013907829227,0.0,0,45.24857500284908,0.0,0,True
0,5,0,0,0,17.816247634364252,5,0.49267191219898443,8,2,1,0.6764666978040981,25.325301278699744,3,1,0,2,0.0,25.636729428143347,0.0,0.0,141.5008990045225,0.1419273300888613,1244.9094366917677,674.2247651416598,0.8658621545691703,1,2,5.719497816583825,0.0,0.0,94.13013907829227,0.0,0,45.24857500284908,0.0,0,True
0,3,0,0,0,17.816247634364252,5,0.49267191219898443,8,2,1,1.0,25.325301278699744,5,1,0,2,0.0,25.636729428143347,0.0,0.0,141.5008990045225,0.1419273300888613,1244.9094366917677,674.2247651416598,0.8658621545691703,1,2,6.924848035070055,0.0,0.0,94.13013907829227,0.0,0,45.24857500284908,0.0,0,True
0,4,0,0,0,17.816247634364252,5,0.49267191219898443,8,2,1,0.6764666978040981,25.325301278699744,6,1,0,2,0.0,43.56424864101634,0.0,0.0,141.5008990045225,0.1419273300888613,1244.9094366917677,674.2247651416598,0.9141926165033277,1,2,2.061085681583191,0.0,0.0,94.13013907829227,0.0,0,45.24857500284908,0.0,0,True
0,9,0,0,0,17.816247634364252,5,0.49267191219898443,8,2,1,0.6764666978040981,25.325301278699744,12,1,0,2,0.0,25.636729428143347,0.0,0.0,141.5008990045225,0.24413280831992196,1244.9094366917677,674.2247651416598,0.8658621545691703,1,2,2.0,0.0,0.0,94.13013907829227,0.0,0,45.24857500284908,0.0,0,True
0,11,1,0,0,17.816247634364252,5,0.6992476373540457,8,2,1,0.6764666978040981,25.325301278699744,4,1,0,2,4.121516658175654,25.636729428143347,0.0,0.0,141.5008990045225,0.67,1244.9094366917677,674.2247651416598,0.3516681841739674,12,16,3.6619175275520783,0.0,0.0,81.16900308404001,0.0,0,45.24857500284908,0.0,0,True
0,7,0,0,0,17.816247634364252,33,0.49267191219898443,8,2,1,0.6764666978040981,25.325301278699744,6,1,0,2,0.0,43.56424864101634,0.0,0.0,337.9473781635529,0.24413280831992196,17352.470629364325,674.2247651416598,0.3516681841739674,1,2,2.0,0.0,0.0,94.13013907829227,0.0,0,45.24857500284908,0.0,0,True
0,1,0,0,0,17.816247634364252,4,0.49267191219898443,8,2,1,1.0,25.325301278699744,4,1,0,1,0.0,39.52049009829557,0.0,0.0,141.5008990045225,0.67,1024.325974218702,616.364659460613,0.9651976056096065,1,34,2.0,0.0,0.0,94.13013907829227,0.0,0,45.24857500284908,0.0,0,False
0,2,0,0,0,15.225230202628465,5,0.33233408784288854,8,2,1,0.6764666978040981,117.10788541026939,4,1,0,0,0.0,43.56424864101634,0.0,0.0,141.5008990045225,0.1419273300888613,1244.9094366917677,1825.3506384510506,0.9478263459374077,30,20,5.234320403654211,0.0,0.0,94.13013907829227,0.0,0,110.05979923269138,0.0,31,False
0,2,0,0,0,17.816247634364252,5,0.4835873184640608,1,2,1,1.0,25.325301278699744,5,1,0,1,0.0,25.636729428143347,0.0,0.0,141.5008990045225,0.24413280831992196,1244.9094366917677,674.2247651416598,0.8818617890959459,1,2,2.0,0.026890270819614898,0.0,94.13013907829227,0.0,0,45.24857500284908,0.0,0,True
0,2,0,0,0,17.816247634364252,5,0.49267191219898443,8,2,1,1.0,25.325301278699744,6,1,0,2,0.0,25.636729428143347,0.0,0.0,141.5008990045225,0.24413280831992196,1244.9094366917677,674.2247651416598,0.8658621545691703,1,2,2.0,0.0,0.0,94.13013907829227,0.0,0,45.24857500284908,0.0,0,True
0,5,0,0,0,17.816247634364252,5,0.49267191219898443,8,2,1,0.6764666978040981,25.325301278699744,6,1,0,2,0.0,43.56424864101634,0.0,0.0,141.5008990045225,0.24413280831992196,1244.9094366917677,674.2247651416598,0.8689269286311199,4,2,2.0,0.0,0.0,215.04218802129668,0.0,0,45.24857500284908,0.0,0,True
0,2,1,0,0,9.350083541861036,4,0.3816461130860822,8,2,1,1.0,25.325301278699744,1,1,0,3,0.0,22.11163711677819,0.0,0.0,141.5008990045225,0.23478346697153166,1115.9539182840663,674.2247651416598,0.9146608419387728,0,0,10.610239227380035,0.10768912057934532,0.0,69.44485137827768,0.0,1,36.92739644821533,0.0,1,True
0,2,0,0,0,17.816247634364252,5,0.49267191219898443,8,2,1,1.0,25.325301278699744,6,1,0,2,0.0,25.636729428143347,0.0,0.0,141.5008990045225,0.24413280831992196,1244.9094366917677,674.2247651416598,0.8658621545691703,1,2,2.7155121630763563,0.0,0.0,94.13013907829227,0.0,0,45.24857500284908,0.0,0,True
0,3,0,0,0,17.816247634364252,5,0.49267191219898443,8,2,1,1.0,25.325301278699744,6,1,0,2,0.0,25.636729428143347,0.0,0.0,141.5008990045225,0.24413280831992196,1244.9094366917677,674.2247651416598,0.8658621545691703,1,2,2.0,0.0,0.0,94.13013907829227,0.0,0,45.24857500284908,0.0,0,True
0,1,0,0,0,4.23029052489886,5,0.49267191219898443,8,2,1,1.0,25.325301278699744,5,1,0,0,0.0,25.636729428143347,0.0,0.0,141.5008990045225,0.24413280831992196,1244.9094366917677,674.2247651416598,0.8950698420593042,1,2,2.0,0.0,0.0,94.13013907829227,0.0,0,45.24857500284908,0.0,0,True
9,20,0,2,7,8.136376014136955,20,0.10078883024050159,17,2,7,0.574229515447126,104.73648024278432,1,1,7,1,25.29502413111291,49.43573710036594,12392.961534517863,0.1663203087109017,337.9473781635529,0.07350599958018673,1040.006882279426,2676.7917344928283,0.10457581372957894,1,1,4.431363371617946,0.19924766780873868,0.0,215.04218802129668,19.343598443949908,27,195.75340504504982,21.65232400488884,50,True
0,3,0,0,0,17.816247634364252,5,0.49267191219898443,8,2,1,0.6764666978040981,25.325301278699744,6,1,0,2,0.0,43.56424864101634,0.0,0.0,141.5008990045225,0.24413280831992196,1244.9094366917677,674.2247651416598,0.8658621545691703,1,2,2.0,0.0,0.0,94.13013907829227,0.0,0,235.56730356982,0.0,0,True
0,1,0,0,0,4.23029052489886,5,0.49267191219898443,8,2,1,1.0,25.325301278699744,6,1,0,2,0.0,25.636729428143347,0.0,0.0,141.5008990045225,0.24413280831992196,1244.9094366917677,674.2247651416598,0.8658621545691703,1,2,2.0,0.0,0.0,94.13013907829227,0.0,0,45.24857500284908,0.0,0,True
0,1,0,0,0,17.816247634364252,5,0.49267191219898443,1,0,1,0.6764666978040981,25.325301278699744,9,1,0,0,0.0,25.636729428143347,0.0,0.0,141.5008990045225,0.24413280831992196,1244.9094366917677,674.2247651416598,0.9185562354724494,1,2,2.0,0.0,0.0,94.13013907829227,0.0,0,45.24857500284908,0.0,0,False
1,5,3,1,0,4.899546430670455,2,0.31913668160373737,0,2,1,1.0,16.05943085544106,4,1,0,2,17.786242860945272,31.991638725402552,0.0,0.04331894711563224,66.35237191744284,0.11034851174400431,105.2850221460986,238.60485826373167,0.9089323701837864,2,0,5.827537930579191,0.009200220810385004,5.1002630066120425,52.41312308416484,11.059819580526684,6,36.35189114041479,18.800780497486148,0,False
0,3,0,0,0,17.816247634364252,5,0.49267191219898443,8,2,1,1.0,25.325301278699744,6,1,0,2,0.0,25.636729428143347,0.0,0.0,141.5008990045225,0.24413280831992196,1244.9094366917677,674.2247651416598,0.8658621545691703,1,2,2.0,0.0,0.0,488.49754601269836,0.0,0,45.24857500284908,0.0,0,True
0,2,0,0,0,17.816247634364252,5,0.49267191219898443,8,2,1,1.0,23.211577439054672,6,1,0,7,0.0,25.636729428143347,0.0,0.0,740.9685863831758,0.24413280831992196,786.5201391706341,530.180665192339,0.9103779167553003,1,0,5.193573257453346,0.0,0.0,94.13013907829227,0.0,0,235.56730356982,0.0,0,True
0,1,0,0,0,17.816247634364252,5,0.49267191219898443,8,0,1,1.0,117.10788541026939,9,1,0,2,0.0,43.56424864101634,0.0,0.0,141.5008990045225,0.24413280831992196,1244.9094366917677,674.2247651416598,0.8945361439229115,4,2,2.0,0.0,0.0,94.13013907829227,0.0,0,45.24857500284908,0.0,0,True
0,1,0,0,0,17.816247634364252,5,0.49267191219898443,8,2,1,0.6764666978040981,25.325301278699744,6,1,0,2,0.0,25.636729428143347,0.0,0.0,141.5008990045225,0.24413280831992196,1244.9094366917677,674.2247651416598,0.893725829724468,1,2,2.0,0.0,0.0,94.13013907829227,0.0,0,45.24857500284908,0.0,0,True
0,16,0,0,0,17.816247634364252,5,0.49267191219898443,8,2,1,0.6764666978040981,25.325301278699744,5,1,0,2,0.0,43.56424864101634,0.0,0.0,337.9473781635529,0.1419273300888613,1244.9094366917677,1825.3506384510506,0.8658621545691703,1,2,8.901307018665264,0.0,0.0,94.13013907829227,0.0,0,45.24857500284908,0.0,0,True
0,4,0,0,0,17.816247634364252,5,0.49267191219898443,8,2,1,0.6764666978040981,25.325301278699744,5,1,0,2,0.0,25.636729428143347,0.0,0.0,141.5008990045225,0.1419273300888613,1244.9094366917677,674.2247651416598,0.8658621545691703,1,2,2.0,0.0,0.0,94.13013907829227,0.0,0,45.24857500284908,0.0,0,True
0,1,0,0,0,17.816247634364252,5,0.49267191219898443,8,2,1,1.0,25.325301278699744,5,1,0,2,0.0,43.56424864101634,0.0,0.0,141.5008990045225,0.24413280831992196,1244.9094366917677,674.2247651416598,0.8897352926060152,1,2,2.0,0.0,0.0,94.13013907829227,0.0,0,45.24857500284908,0.0,0,True
0,6,0,0,0,17.816247634364252,5,0.49267191219898443,8,2,1,0.7411192472306346,25.325301278699744,4,1,0,3,0.0,25.636729428143347,0.0,0.0,141.5008990045225,0.1419273300888613,1244.9094366917677,674.2247651416598,0.8658621545691703,1,2,2.0,0.0,0.0,94.13013907829227,0.0,0,45.24857500284908,0.0,0,False
0,1,0,0,0,17.816247634364252,13,0.49267191219898443,8,2,1,1.0,25.325301278699744,6,1,0,2,0.0,25.636729428143347,0.0,0.0,141.5008990045225,0.24413280831992196,1244.9094366917677,674.2247651416598,0.8658621545691703,1,2,2.0,0.0,0.0,94.13013907829227,0.0,0,45.24857500284908,0.0,0,True
0,12,0,0,0,17.816247634364252,5,0.49267191219898443,8,2,1,0.6764666978040981,25.325301278699744,12,1,0,2,0.0,25.636729428143347,0.0,0.0,141.5008990045225,0.24413280831992196,1244.9094366917677,674.2247651416598,0.8658621545691703,1,2,2.0,0.0,0.0,94.13013907829227,0.0,0,45.24857500284908,0.0,0,True
0,4,0,0,0,4.23029052489886,5,0.3155983207815216,8,2,1,0.6764666978040981,25.325301278699744,9,1,0,2,6.37244387354111,43.56424864101634,0.0,0.0,141.5008990045225,0.24413280831992196,2691.078820386559,595.3688729726223,0.9026048220345912,1,8,2.3887842440620606,0.08470771571074569,0.0,440.81816666661916,0.0,2,45.24857500284908,10.632526757503546,0,False
0,16,0,1,0,12.404165110735056,18,0.4551086194596856,7,2,1,1.0,22.049389879171738,1,0,0,0,0.0,73.95446583430038,8712.204366569396,0.0,337.9473781635529,0.11232832116602931,1244.9094366917677,1636.7570983845035,0.01,1,1,3.801604894210325,0.0,0.0,94.13013907829227,3.748000236378221,6,43.02165939116755,1.312393138585446,0,False
0,14,1,1,10,10.980088730362533,4,0.4361584579226351,8,2,9,1.0,117.10788541026939,1,0,0,2,0.0,43.56424864101634,45208.17210052246,0.0,337.9473781635529,0.12577400801909677,1244.9094366917677,1825.3506384510506,0.13806045925565297,4,1,22.07156796178777,0.031618411337961186,0.0,215.04218802129668,8.439858109169617,3,235.56730356982,12.84608001712161,18,False
0,4,0,0,0,13.224959051259557,5,1.3827343622879273,1,2,1,1.0,17.01165650092224,14,0,0,0,10.596362148309588,25.636729428143347,0.0,0.0,141.5008990045225,0.24413280831992196,519.5541015887371,596.1235679555147,0.9086389825956243,0,1,6.026124364686667,0.0,0.0,93.3503530847149,0.0,0,116.30860640963833,43.100458114697105,0,True
0,4,0,0,0,17.816247634364252,5,0.49267191219898443,8,2,1,1.0,25.325301278699744,12,1,0,2,0.0,43.56424864101634,0.0,0.0,141.5008990045225,0.1419273300888613,1244.9094366917677,674.2247651416598,0.8658621545691703,1,2,2.0,0.0,0.0,94.13013907829227,0.0,0,45.24857500284908,0.0,0,True
0,2,0,0,0,17.816247634364252,5,0.49267191219898443,8,2,1,0.6764666978040981,25.325301278699744,6,1,0,3,0.0,43.56424864101634,0.0,0.0,141.5008990045225,0.24413280831992196,1244.9094366917677,674.2247651416598,0.8658621545691703,1,2,2.0,0.0,0.0,94.13013907829227,0.0,0,45.24857500284908,0.0,0,True
0,8,0,0,0,17.816247634364252,13,0.49267191219898443,8,2,1,0.6764666978040981,25.325301278699744,4,0,0,2,0.0,25.636729428143347,0.0,0.0,141.5008990045225,0.1419273300888613,885.1069963426703,674.2247651416598,0.8658621545691703,1,1,8.408751882472856,0.0,0.0,94.13013907829227,0.0,0,45.24857500284908,0.0,0,False
0,1,0,0,0,17.816247634364252,5,1.4265414934963134,8,0,1,1.0,25.325301278699744,6,1,0,0,0.0,25.636729428143347,0.0,0.0,141.5008990045225,0.24413280831992196,1244.9094366917677,674.2247651416598,0.8658621545691703,1,2,2.0,0.0,0.0,94.13013907829227,0.0,0,45.24857500284908,0.0,0,True
0,7,0,0,0,17.816247634364252,5,0.49267191219898443,8,2,1,1.0,25.325301278699744,5,1,0,2,0.0,43.56424864101634,0.0,0.0,141.5008990045225,0.24413280831992196,1244.9094366917677,674.2247651416598,0.8658621545691703,1,2,6.698980078266989,0.0,0.0,94.13013907829227,0.0,0,45.24857500284908,0.0,0,True
0,4,0,0,0,17.816247634364252,13,0.49267191219898443,8,2,1,0.6764666978040981,61.02419378659701,6,1,0,1,0.0,73.95446583430038,0.0,0.0,337.9473781635529,0.1419273300888613,1244.9094366917677,674.2247651416598,0.3856858272191014,1,9,3.23166215372065,0.0,0.0,215.04218802129668,0.0,0,235.56730356982,16.232029470541452,0,False
0,8,0,0,0,83.06050090501242,13,0.49267191219898443,8,2,1,0.6764666978040981,61.02419378659701,6,1,0,1,13.796327972846846,43.56424864101634,0.0,0.0,740.9685863831758,0.1419273300888613,1244.9094366917677,674.2247651416598,0.01,1,2,4.199600699275677,0.0,0.0,94.13013907829227,0.0,0,177.82534341114945,0.0,0,True
0,1,0,0,0,17.816247634364252,5,0.49267191219898443,8,2,1,1.0,25.325301278699744,4,1,0,2,0.0,25.636729428143347,0.0,0.0,141.5008990045225,0.24413280831992196,1244.9094366917677,674.2247651416598,0.8658621545691703,1,2,3.0389980884959336,0.0,0.0,94.13013907829227,0.0,0,45.24857500284908,1.147291062345935,0,True
0,5,0,0,0,17.816247634364252,5,0.45233115024749726,8,2,1,1.0,25.325301278699744,2,1,0,2,0.0,43.56424864101634,0.0,0.0,141.5008990045225,0.5044243830476912,1137.9953726520882,674.2247651416598,0.8658621545691703,1,2,2.0,0.0,0.0,91.39965360660986,0.0,0,45.24857500284908,0.13650383690824325,0,False
0,3,0,0,0,17.816247634364252,5,0.49267191219898443,8,2,1,1.0,25.325301278699744,6,1,0,1,0.0,25.636729428143347,0.0,0.0,141.5008990045225,0.24413280831992196,1244.9094366917677,674.2247651416598,0.8658621545691703,4,2,2.0,0.0,0.0,94.13013907829227,0.0,0,45.24857500284908,0.0,0,True
0,2,0,0,0,4.23029052489886,5,0.34230967948830693,8,2,1,1.0,25.325301278699744,8,1,0,5,10.782962894124731,25.636729428143347,0.0,0.0,141.5008990045225,0.1419273300888613,1197.0007943194169,674.2247651416598,0.9284584089292701,1,2,2.0,0.0,0.0,94.13013907829227,0.0,0,45.24857500284908,21.315402162600716,2,True
0,2,1,0,1,15.934212284522879,4,0.10653578497751436,27,2,1,1.0,106.51714941006716,1,0,8,1,149.928554716703,60.40923416579777,10344.73011094048,0.26561061339265585,105.93839389920961,0.06669882479027794,472.70191033175377,346.97032587685567,0.4619938587377142,7,6,4.159312109924381,0.1533428092711862,3.459144848846684,140.97167906987164,15.75613241595399,11,70.95529911360492,20.08708364800915,37,True
0,1,0,0,0,17.816247634364252,5,0.48868665599019667,8,2,1,1.0,25.325301278699744,5,1,0,0,0.0,25.636729428143347,0.0,0.0,141.5008990045225,0.24413280831992196,1244.9094366917677,674.2247651416598,0.36434863120958993,1,2,2.0,0.0,0.0,94.13013907829227,0.0,0,45.24857500284908,0.0,0,True
0,2,0,0,0,17.816247634364252,5,0.49267191219898443,8,2,1,0.6764666978040981,25.325301278699744,12,1,0,2,0.0,43.56424864101634,0.0,0.0,141.5008990045225,0.1419273300888613,1244.9094366917677,674.2247651416598,0.8658621545691703,1,2,2.0,0.0,0.0,94.13013907829227,0.0,0,45.24857500284908,0.0,0,True
0,7,0,0,0,17.816247634364252,5,0.49267191219898443,8,2,1,0.6764666978040981,117.10788541026939,5,1,0,2,0.0,43.56424864101634,0.0,0.0,337.9473781635529,0.1419273300888613,1244.9094366917677,674.2247651416598,0.9148572915226592,1,2,9.948910293643143,0.0,0.0,440.81816666661916,0.0,0,45.24857500284908,7.802781709327579,0,True
0,3,0,0,0,4.23029052489886,5,1.4265414934963134,8,2,1,1.0,25.325301278699744,6,1,0,2,0.0,25.636729428143347,0.0,0.0,141.5008990045225,0.24413280831992196,1244.9094366917677,674.2247651416598,0.9014946745042574,1,2,2.0,0.0,0.0,94.13013907829227,0.0,0,45.24857500284908,0.0,0,True
0,1,0,0,0,17.816247634364252,5,0.49267191219898443,8,2,1,1.0,25.325301278699744,6,1,0,2,0.0,25.636729428143347,0.0,0.0,141.5008990045225,0.1419273300888613,1244.9094366917677,674.2247651416598,0.9406732506996761,1,2,2.0,0.0,0.0,94.13013907829227,0.0,0,45.24857500284908,0.0,0,False
0,4,0,0,0,17.816247634364252,5,0.49267191219898443,8,2,1,1.0,25.325301278699744,4,1,0,2,0.0,25.636729428143347,0.0,0.0,141.5008990045225,0.1419273300888613,1244.9094366917677,674.2247651416598,0.8658621545691703,1,2,2.0,0.0,0.0,94.13013907829227,0.0,0,45.24857500284908,0.0,0,False
4,6,3,0,2,48.32551324804923,27,0.20929631491039424,8,3,1,0.5700062665151362,357.0,1,1,0,0,27.2651462760235,72.50100787846681,27348.82061977225,0.0,740.9685863831758,0.07728412232353618,12608.821462220709,4663.904501732728,0.39724550851636514,0,0,10.747548628607682,0.08798764451464844,0.0,440.81816666661916,9.629253180067924,19,50.783533326400914,46.97637218337399,21,False
0,7,0,0,0,17.816247634364252,5,0.49267191219898443,8,2,1,0.6764666978040981,25.325301278699744,5,1,0,2,0.0,43.56424864101634,0.0,0.0,141.5008990045225,0.1419273300888613,1244.9094366917677,674.2247651416598,0.3516681841739674,1,2,9.074934074436165,0.0,0.0,94.13013907829227,0.0,0,45.24857500284908,0.0,0,True
0,1,0,0,0,17.816247634364252,5,1.4265414934963134,8,2,1,1.0,25.325301278699744,6,1,0,2,0.0,25.636729428143347,0.0,0.0,141.5008990045225,0.24413280831992196,1244.9094366917677,674.2247651416598,0.8658621545691703,1,2,2.0,0.0,0.0,94.13013907829227,0.0,0,45.24857500284908,0.0,0,True
0,12,0,0,0,17.816247634364252,5,0.49267191219898443,8,2,1,0.6764666978040981,25.325301278699744,6,1,0,3,0.0,43.56424864101634,0.0,0.0,141.5008990045225,0.5044243830476912,1244.9094366917677,674.2247651416598,0.8658621545691703,1,2,2.0,0.0,0.0,94.13013907829227,0.0,0,45.24857500284908,0.0,0,True
0,1,0,0,0,4.23029052489886,5,0.49267191219898443,8,2,1,1.0,25.325301278699744,6,0,0,0,0.0,25.636729428143347,0.0,0.0,141.5008990045225,0.1419273300888613,1244.9094366917677,674.2247651416598,0.8926801238908956,1,2,2.0,0.0,0.0,94.13013907829227,0.0,0,45.24857500284908,0.0,0,False
0,6,0,0,0,17.816247634364252,5,0.49267191219898443,8,2,1,1.0,25.325301278699744,6,1,0,2,0.0,43.56424864101634,0.0,0.0,141.5008990045225,0.24413280831992196,1244.9094366917677,674.2247651416598,0.8658621545691703,4,2,4.649740340923142,0.0,0.0,94.13013907829227,0.0,0,45.24857500284908,0.0,0,True
0,1,0,0,0,17.49890131404061,5,0.6980075029493031,8,2,1,0.6764666978040981,264.26547505728075,12,1,0,1,0.0,43.56424864101634,0.0,0.0,337.9473781635529,0.1419273300888613,1244.9094366917677,1825.3506384510506,0.4646324376882523,12,1,25.1883113231762,0.0,0.0,94.13013907829227,0.0,0,38.585149602088656,0.0,22,True
0,4,0,0,0,16.677318015766527,13,0.40858541235215423,8,2,1,0.6764666978040981,117.10788541026939,3,1,0,2,18.656295608575387,43.56424864101634,3999.5761246103257,0.0,141.5008990045225,0.1878978991714475,3339.123683468537,545.949947155146,0.9777928151247675,10,9,7.63482501698623,0.07711789871011931,0.0,94.13013907829227,1.5615690791249328,6,235.56730356982,41.116590046584804,1,True
0,1,0,0,0,3.8602762959060346,5,0.4900217003805477,8,2,1,0.6764666978040981,25.325301278699744,3,1,0,2,0.0,43.56424864101634,0.0,0.0,141.5008990045225,0.24413280831992196,1062.7321936215385,674.2247651416598,0.938803068133058,1,1,3.0939409508949907,0.0,0.0,94.13013907829227,0.0,0,45.24857500284908,0.0,0,False
0,2,0,0,0,17.816247634364252,5,0.49267191219898443,8,2,1,0.6764666978040981,25.325301278699744,6,1,0,1,0.0,43.56424864101634,0.0,0.0,141.5008990045225,0.67,1244.9094366917677,1825.3506384510506,0.8658621545691703,22,2,2.0,0.0,0.0,94.13013907829227,0.0,0,45.24857500284908,0.0,0,True
0,1,0,0,0,17.816247634364252,5,1.4265414934963134,8,2,1,0.6764666978040981,25.325301278699744,5,1,0,0,0.0,43.56424864101634,0.0,0.0,141.5008990045225,0.24413280831992196,1244.9094366917677,674.2247651416598,0.8658621545691703,1,2,6.485287366660858,0.0,0.0,94.13013907829227,0.0,0,45.24857500284908,0.0,0,True
0,17,0,1,5,16.3772595955069,13,0.4401804790390714,8,2,1,0.6764666978040981,117.10788541026939,4,1,0,0,21.24305426763683,73.95446583430038,0.0,0.0,337.9473781635529,0.1419273300888613,3209.389948623899,1825.3506384510506,0.08233343312439356,1,2,5.750008727836007,0.033049455233400624,0.0,215.04218802129668,6.4094823724869325,0,235.56730356982,30.234643993067355,22,True
0,1,0,0,0,17.816247634364252,5,0.49267191219898443,8,2,1,1.0,25.325301278699744,6,1,0,2,0.0,43.56424864101634,0.0,0.0,141.5008990045225,0.24413280831992196,1244.9094366917677,674.2247651416598,0.8658621545691703,1,2,2.0,0.0,0.0,94.13013907829227,0.0,0,45.24857500284908,0.0,0,True
0,6,0,0,0,17.816247634364252,5,0.49267191219898443,8,2,1,1.0,25.325301278699744,5,1,0,2,0.0,43.56424864101634,0.0,0.0,141.5008990045225,0.24413280831992196,1244.9094366917677,674.2247651416598,0.8658621545691703,1,2,2.0,0.0025454652229252722,0.0,94.13013907829227,0.0,0,45.24857500284908,2.7789416401001095,0,True
0,2,0,0,0,17.816247634364252,5,0.49267191219898443,8,2,1,1.0,25.325301278699744,6,1,0,2,0.0,25.636729428143347,0.0,0.0,141.5008990045225,0.1419273300888613,1244.9094366917677,674.2247651416598,0.8658621545691703,1,2,2.0,0.0,0.0,94.13013907829227,0.0,0,45.24857500284908,0.0,0,True
0,21,0,0,0,17.816247634364252,13,0.4579805042426346,8,2,1,1.0,117.10788541026939,6,1,0,2,0.0,43.56424864101634,0.0,0.0,337.9473781635529,0.1419273300888613,1244.9094366917677,1825.3506384510506,0.8658621545691703,1,2,2.0,0.0,0.0,215.04218802129668,0.0,0,235.56730356982,6.998995926630608,2,True
0,8,0,1,0,17.816247634364252,30,0.49267191219898443,8,2,1,1.0,117.10788541026939,8,1,0,0,0.0,25.636729428143347,0.0,0.0,141.5008990045225,0.1419273300888613,1244.9094366917677,674.2247651416598,0.8658621545691703,1,2,8.147015317925652,0.0,0.0,94.13013907829227,0.0,0,45.24857500284908,4.121624014630044,0,True
0,4,0,0,0,17.816247634364252,5,0.49267191219898443,8,2,1,1.0,25.325301278699744,6,1,0,2,0.0,25.636729428143347,0.0,0.0,141.5008990045225,0.24413280831992196,1244.9094366917677,674.2247651416598,0.8660008679186353,1,2,2.0,0.0,0.0,94.13013907829227,0.0,0,45.24857500284908,0.0,0,True
1,3,0,0,0,15.302267212049902,5,0.20178226899925714,7,2,1,1.0,20.270834287039413,4,1,0,2,0.0,39.67730414494078,0.0,0.0,2867.0,0.11913768182587889,335.8901057833388,473.5065132556269,0.04759580889413301,3,1,6.565559136950684,0.24849695986668632,0.0,54.33084634836496,0.0,1,41.28109618425815,51.733571676407365,1,False
0,16,0,2,0,13.323599066937687,5,0.3295381240887427,8,2,1,1.0,25.325301278699744,12,0,0,3,4.9109360079051925,43.56424864101634,0.0,0.0,337.9473781635529,0.1419273300888613,1244.9094366917677,4663.904501732728,0.05664701285887297,12,2,10.87013329185178,0.08624158740720154,0.0,94.13013907829227,3.6660757189570052,3,116.30860640963833,50.97070615762774,33,True
0,3,0,0,2,17.816247634364252,13,0.49267191219898443,8,0,1,0.6764666978040981,25.325301278699744,5,1,0,0,0.0,25.636729428143347,0.0,0.0,141.5008990045225,0.1419273300888613,1244.9094366917677,674.2247651416598,0.9144516031808224,1,2,2.0,0.0,0.0,94.13013907829227,0.0,0,235.56730356982,0.0,1,False
9,18,4,0,0,11.511188376790082,6,0.15488197246486043,17,2,1,0.41173083475469713,117.10788541026939,1,0,29,1,62.135062794328086,70.42782892603114,1401719.45,0.3385204665337015,222.5686413134349,0.03561985068312325,400.4706368042331,3292.518265231228,0.3223074934369497,12,3,18.443625619765804,0.1660444200148213,37.18850885665862,168.78054989162234,23.53590741886453,32,108.65169091907842,23.78674487927846,56,False
0,2,0,0,0,17.816247634364252,5,0.49267191219898443,8,2,1,0.6764666978040981,25.325301278699744,6,1,0,2,0.0,25.636729428143347,0.0,0.0,141.5008990045225,0.24413280831992196,1244.9094366917677,674.2247651416598,0.8658621545691703,1,2,2.0,0.0,0.0,94.13013907829227,0.0,0,45.24857500284908,0.0,0,True
0,9,0,0,0,1.8469000715156607,12,0.35610475833437205,8,2,1,1.0,116.27211229131434,1,0,0,1,1.3326595001038868,25.547631429349366,2826.260593868014,0.0,337.9473781635529,0.0958960344912126,1232.9259303698107,1404.5017530934506,0.6015588735131441,1,1,8.200064426050348,0.027355698902312188,0.0,74.28499436224593,0.0,1,45.24857500284908,15.795972612459355,21,False
0,1,0,0,0,17.679345673808402,5,0.49267191219898443,8,2,1,1.0,25.325301278699744,12,1,0,2,0.0,25.636729428143347,0.0,0.0,141.5008990045225,0.24413280831992196,1244.9094366917677,674.2247651416598,0.8658621545691703,1,2,2.0,0.0,0.0,94.13013907829227,0.0,0,45.24857500284908,0.0,0,True
0,19,0,0,0,17.816247634364252,5,0.4550350336003216,8,2,1,0.6764666978040981,57.065316394917815,8,1,0,2,6.085144546868145,43.56424864101634,0.0,0.0,141.5008990045225,0.24413280831992196,1244.9094366917677,674.2247651416598,0.866811945532392,4,2,4.265839896988529,0.0,0.0,94.13013907829227,0.0,0,45.24857500284908,0.0,0,False
0,2,0,0,0,17.816247634364252,5,0.49267191219898443,8,2,1,1.0,25.325301278699744,5,1,0,2,0.0,25.636729428143347,0.0,0.0,141.5008990045225,0.24413280831992196,1244.9094366917677,674.2247651416598,0.8658621545691703,1,2,2.0,0.0,0.0,94.13013907829227,0.0,0,45.24857500284908,0.0,0,True
0,4,0,0,0,17.816247634364252,5,0.49267191219898443,8,2,1,0.6764666978040981,61.02419378659701,12,1,0,1,0.0,43.56424864101634,0.0,0.0,141.5008990045225,0.1419273300888613,1244.9094366917677,674.2247651416598,0.8658621545691703,1,2,2.0,0.0,0.0,94.13013907829227,0.0,0,45.24857500284908,0.0,0,True
0,1,0,0,0,17.816247634364252,5,1.4265414934963134,1,2,1,0.6764666978040981,25.325301278699744,6,1,0,2,0.0,25.636729428143347,0.0,0.0,141.5008990045225,0.24413280831992196,1244.9094366917677,674.2247651416598,0.8713816945063839,1,2,2.0,0.0,0.0,94.13013907829227,0.0,0,45.24857500284908,0.0,0,True
0,5,1,0,0,1.0959755538698723,4,0.10997166455372696,10,2,1,1.0,20.514340782831958,2,0,2,1,8.782713439066963,23.981180513964574,0.0,0.012368016452754635,132.22110717318245,0.1134257293326078,368.8344403857857,453.6105857523149,0.9391477894983483,0,0,3.9597553655251447,0.14911705552120366,5.568075751945344,58.85536046034625,0.0,3,39.893248480780436,21.827959886096597,0,True
0,1,0,0,0,17.816247634364252,5,0.49267191219898443,8,2,1,0.6764666978040981,25.325301278699744,6,1,0,2,0.0,25.636729428143347,0.0,0.0,141.5008990045225,0.1419273300888613,1244.9094366917677,674.2247651416598,0.8658621545691703,1,2,2.0,0.0,0.0,94.13013907829227,0.0,0,45.24857500284908,0.0,0,True
0,7,0,0,0,17.816247634364252,5,0.49267191219898443,8,2,1,1.0,25.325301278699744,6,1,0,2,0.0,25.636729428143347,0.0,0.0,141.5008990045225,0.24413280831992196,1244.9094366917677,674.2247651416598,0.8658621545691703,1,2,2.0,0.0,0.0,94.13013907829227,0.0,0,45.24857500284908,0.0,0,True
0,1,0,0,0,17.816247634364252,5,0.49267191219898443,8,2,1,0.6764666978040981,25.325301278699744,5,0,0,0,0.0,25.636729428143347,0.0,0.0,141.5008990045225,0.24413280831992196,1244.9094366917677,674.2247651416598,0.9385700651221311,1,2,2.0,0.0,0.0,94.13013907829227,0.0,0,45.24857500284908,0.0,0,True
0,1,0,0,0,4.23029052489886,5,0.49267191219898443,8,2,1,1.0,25.325301278699744,5,1,0,0,0.0,25.636729428143347,0.0,0.0,141.5008990045225,0.24413280831992196,1244.9094366917677,674.2247651416598,0.8910724656840749,1,2,2.0,0.011032556002552443,0.0,94.13013907829227,0.0,0,45.24857500284908,17.545030815228916,0,True
0,1,0,0,0,11.167527408703535,3,1.3993665996932516,8,2,1,0.6460493421485421,18.225058473406722,4,1,0,2,0.0,25.636729428143347,0.0,0.0,141.5008990045225,0.1745177330202012,620.4219100651695,674.2247651416598,0.9310853682441339,1,0,2.0,0.0048025236012109035,0.0,59.73208806736458,0.0,0,42.60982613509817,0.0,5,True
0,1,1,0,4,17.816247634364252,5,0.49267191219898443,8,0,1,0.6764666978040981,25.325301278699744,1,1,0,1,6.035332648195618,24.469984020527228,0.0,0.0,141.5008990045225,0.1419273300888613,4087.910736975494,644.4686013697255,0.9420261918455742,1,0,2.0,0.0,0.0,94.13013907829227,0.0,3,223.56223032448904,0.0,34,False
0,6,0,0,0,4.23029052489886,5,0.49267191219898443,8,2,1,1.0,25.325301278699744,4,1,0,2,0.0,25.636729428143347,0.0,0.0,141.5008990045225,0.24413280831992196,1244.9094366917677,674.2247651416598,0.8658621545691703,1,2,2.0,0.0,0.0,94.13013907829227,0.0,0,45.24857500284908,0.0,0,True
0,2,0,0,0,17.816247634364252,5,0.49267191219898443,8,2,1,0.6764666978040981,25.325301278699744,1,1,0,2,0.0,25.636729428143347,0.0,0.0,141.5008990045225,0.1419273300888613,1244.9094366917677,674.2247651416598,0.8658621545691703,1,2,3.2388786768703066,0.0,0.0,94.13013907829227,0.0,0,45.24857500284908,0.0,0,True
0,6,0,0,1,17.816247634364252,13,0.4796221633938047,8,2,1,0.6764666978040981,117.10788541026939,6,1,0,0,0.0,73.95446583430038,0.0,0.0,337.9473781635529,0.1419273300888613,1244.9094366917677,674.2247651416598,0.01,1,2,2.0,0.0,0.0,94.13013907829227,0.0,1,235.56730356982,12.504606737854244,42,True
0,9,0,0,0,17.816247634364252,13,0.49267191219898443,8,2,1,0.6764666978040981,25.325301278699744,6,1,0,1,0.0,43.56424864101634,0.0,0.0,141.5008990045225,0.24413280831992196,1244.9094366917677,674.2247651416598,0.8658621545691703,1,2,2.0,0.0,0.0,94.13013907829227,0.0,0,45.24857500284908,0.0,0,True
0,18,0,0,0,17.816247634364252,13,0.49267191219898443,8,2,1,1.0,57.42507685725404,6,1,0,2,0.0,43.56424864101634,0.0,0.0,337.9473781635529,0.1419273300888613,1244.9094366917677,1825.3506384510506,0.8658621545691703,12,2,2.0,0.027901380033794845,0.0,94.13013907829227,0.8814733168193101,0,45.24857500284908,0.0,6,True
0,2,0,0,0,17.816247634364252,5,1.4265414934963134,8,2,1,1.0,25.325301278699744,6,1,0,2,0.0,25.636729428143347,0.0,0.0,141.5008990045225,0.1419273300888613,1244.9094366917677,674.2247651416598,0.8658621545691703,1,2,2.0,0.0,0.0,94.13013907829227,0.0,0,45.24857500284908,0.0,0,True
0,1,0,0,0,17.816247634364252,5,0.49267191219898443,8,2,1,1.0,25.325301278699744,3,1,0,2,0.0,43.56424864101634,0.0,0.0,141.5008990045225,0.24413280831992196,958.9134923735814,674.2247651416598,0.8697146630508618,4,1,2.0,0.0,0.0,94.00880774972089,0.0,0,45.24857500284908,0.0,0,True
0,4,0,0,0,17.816247634364252,5,0.49267191219898443,8,2,1,0.6764666978040981,25.325301278699744,6,1,0,0,0.0,25.636729428143347,0.0,0.0,141.5008990045225,0.24413280831992196,1244.9094366917677,674.2247651416598,0.8658621545691703,1,2,2.80402773935878,0.0,0.0,94.13013907829227,0.0,0,45.24857500284908,0.0,0,True
0,2,0,0,0,4.23029052489886,5,0.49267191219898443,8,2,1,0.6764666978040981,25.325301278699744,6,1,0,2,0.0,25.636729428143347,0.0,0.0,141.5008990045225,0.5044243830476912,1244.9094366917677,674.2247651416598,0.8658621545691703,1,2,2.0,0.0,0.0,94.13013907829227,0.0,0,45.24857500284908,0.0,0,True
0,1,0,0,0,17.816247634364252,5,0.49267191219898443,8,2,1,1.0,25.325301278699744,6,1,0,1,0.0,25.636729428143347,0.0,0.0,141.5008990045225,0.5044243830476912,1244.9094366917677,674.2247651416598,0.8658621545691703,1,2,2.0,0.0,0.0,94.13013907829227,0.0,0,45.24857500284908,0.0,0,True
0,5,0,0,0,17.816247634364252,5,0.4237232136256861,8,2,1,0.7411192472306346,25.325301278699744,5,1,0,2,6.607873904220902,43.56424864101634,0.0,0.0,141.5008990045225,0.1419273300888613,1244.9094366917677,674.2247651416598,0.8658621545691703,4,2,10.131772858912548,0.0,0.0,94.13013907829227,0.0,0,45.24857500284908,5.493238941139027,0,True
0,8,0,0,1,46.370643532980026,10,0.3004648722638242,8,2,1,1.0,117.10788541026939,5,1,0,2,15.483229035670373,73.95446583430038,35314.72886400193,0.0,2867.0,0.1419273300888613,1244.9094366917677,5050.644645517261,0.10979596745107303,12,1,11.589155555738479,0.05653163695101201,0.0,215.04218802129668,0.30995593834488133,6,203.06130494063837,6.400969569156069,18,True
0,1,0,0,0,17.816247634364252,5,0.49267191219898443,8,0,1,1.0,25.325301278699744,5,1,0,2,0.0,25.636729428143347,0.0,0.0,141.5008990045225,0.1419273300888613,1244.9094366917677,674.2247651416598,0.9078859717672492,1,1,2.0,0.0,0.0,94.13013907829227,0.0,0,45.24857500284908,0.0,0,False
0,2,0,0,0,17.816247634364252,5,0.49267191219898443,8,2,1,0.6764666978040981,25.325301278699744,5,1,0,1,0.0,25.636729428143347,0.0,0.0,141.5008990045225,0.1419273300888613,1244.9094366917677,674.2247651416598,0.8658621545691703,1,2,2.0,0.0,0.0,94.13013907829227,0.0,0,45.24857500284908,0.0,0,True
0,19,0,0,0,17.816247634364252,13,0.49267191219898443,8,2,1,0.6764666978040981,25.325301278699744,6,1,0,2,0.0,43.56424864101634,0.0,0.0,337.9473781635529,0.1419273300888613,1244.9094366917677,1825.3506384510506,0.8658621545691703,1,2,2.0,0.0,0.0,94.13013907829227,0.0,0,116.30860640963833,0.0,0,True
0,1,0,0,0,4.23029052489886,5,0.49267191219898443,8,2,1,1.0,25.325301278699744,5,1,0,2,0.0,25.636729428143347,0.0,0.0,141.5008990045225,0.24413280831992196,1244.9094366917677,674.2247651416598,0.8658621545691703,1,2,2.0,0.0,0.0,94.13013907829227,0.0,0,45.24857500284908,0.0,0,False
0,2,0,0,0,17.816247634364252,5,0.49267191219898443,8,2,1,1.0,25.325301278699744,6,1,0,1,0.0,25.636729428143347,0.0,0.0,141.5008990045225,0.24413280831992196,1244.9094366917677,674.2247651416598,0.8658621545691703,1,1,2.0,0.0,0.0,94.13013907829227,0.0,0,45.24857500284908,0.0,0,True
8,20,2,3,1,0.20526781274682793,4,0.023193634400405172,3,2,7,0.2159852489205243,82.71940795163708,1,0,27,1,22.59026946084419,50.40991301216475,53851.40738808754,0.2721741316085106,153.8239855309791,0.046290337349725694,39.429144575666655,2597.5867177676273,0.14236993754803628,0,1,109.25292629375926,0.18523663806673907,55.11980839115647,52.00673775270396,16.68437037017774,25,70.34938296037367,93.02,45,False
0,3,0,0,0,17.816247634364252,5,0.49267191219898443,8,2,1,1.0,25.325301278699744,4,1,0,2,0.0,25.636729428143347,0.0,0.0,141.5008990045225,0.24413280831992196,1244.9094366917677,674.2247651416598,0.8658621545691703,1,2,5.762677735143181,0.014717729941423771,0.0,94.13013907829227,0.0,0,45.24857500284908,0.0,0,True
0,20,0,0,0,17.816247634364252,33,0.4279341592904212,8,2,10,0.6764666978040981,61.02419378659701,11,1,0,1,0.0,43.56424864101634,0.0,0.0,337.9473781635529,0.1419273300888613,1244.9094366917677,1825.3506384510506,0.033835673057247995,4,2,4.469510437178926,0.035122049358141304,0.0,215.04218802129668,0.0,0,235.56730356982,29.965467397665996,30,False
0,14,0,0,0,17.816247634364252,5,0.49267191219898443,8,2,1,0.7411192472306346,25.325301278699744,9,1,0,0,0.0,25.636729428143347,0.0,0.0,141.5008990045225,0.24413280831992196,1244.9094366917677,674.2247651416598,0.01,1,2,4.603521205433486,0.0024343135519286907,0.0,94.13013907829227,0.0,0,45.24857500284908,0.0,0,True
0,2,0,0,0,4.23029052489886,5,0.383674273128661,8,2,1,1.0,25.325301278699744,6,1,0,1,0.0,25.636729428143347,0.0,0.0,141.5008990045225,0.1419273300888613,1244.9094366917677,674.2247651416598,0.8658621545691703,4,2,12.812814048351875,0.008883710539289172,0.0,94.13013907829227,0.0,0,45.24857500284908,0.6651014798618012,0,True
0,4,0,0,0,17.816247634364252,5,0.49267191219898443,8,2,1,0.6764666978040981,25.325301278699744,6,1,0,2,0.0,43.56424864101634,0.0,0.0,141.5008990045225,0.1419273300888613,4087.910736975494,674.2247651416598,0.01,1,2,2.0,0.0,0.0,94.13013907829227,0.0,0,45.24857500284908,0.0,4,True
0,1,0,0,0,4.23029052489886,5,0.49267191219898443,8,2,1,1.0,25.325301278699744,6,1,0,2,0.0,43.56424864101634,0.0,0.0,141.5008990045225,0.24413280831992196,1244.9094366917677,674.2247651416598,0.8658621545691703,1,2,2.0,0.0,0.0,94.13013907829227,0.0,0,45.24857500284908,0.0,0,True
0,7,0,0,0,4.23029052489886,5,0.49267191219898443,8,2,1,1.0,25.325301278699744,5,1,0,2,0.028163656625936895,25.636729428143347,0.0,0.0,141.5008990045225,0.24413280831992196,1244.9094366917677,674.2247651416598,0.8658621545691703,1,2,2.9609832308476487,0.0,0.0,94.13013907829227,0.0,0,45.24857500284908,0.0,0,True
0,21,0,0,4,16.423172295694073,13,0.49267191219898443,7,2,1,1.0,25.325301278699744,5,1,0,2,18.871757125661894,43.56424864101634,0.0,0.0,337.9473781635529,0.1419273300888613,1244.9094366917677,3868.3199854279887,0.4436665811998356,4,36,28.220600879470044,0.043051829035834654,0.0,215.04218802129668,9.773254537663886,6,235.56730356982,0.0,40,True
0,2,0,0,0,17.816247634364252,5,0.49267191219898443,8,2,1,1.0,25.325301278699744,1,1,0,2,0.0,25.636729428143347,0.0,0.0,141.5008990045225,0.48740157913040616,1112.012737478888,674.2247651416598,0.9020445224161451,0,0,2.0,0.03662805237316432,0.0,94.13013907829227,0.0,0,45.24857500284908,0.0,0,True
0,1,0,0,0,17.816247634364252,5,0.49267191219898443,8,0,1,1.0,25.325301278699744,12,1,0,2,0.0,25.636729428143347,0.0,0.0,141.5008990045225,0.24413280831992196,1244.9094366917677,674.2247651416598,0.8658621545691703,1,2,2.0,0.0,0.0,94.13013907829227,0.0,0,45.24857500284908,0.0,0,True
0,2,0,0,0,17.816247634364252,5,0.49267191219898443,8,2,1,1.0,25.325301278699744,12,1,0,2,0.0,25.636729428143347,0.0,0.0,141.5008990045225,0.24413280831992196,1244.9094366917677,674.2247651416598,0.3516681841739674,4,2,2.0,0.0,0.0,94.13013907829227,0.0,0,45.24857500284908,4.402439160143583,0,False
0,6,0,0,0,4.23029052489886,5,0.49267191219898443,8,2,1,1.0,25.325301278699744,6,1,0,1,0.0,73.95446583430038,0.0,0.0,141.5008990045225,0.24413280831992196,1244.9094366917677,674.2247651416598,0.8658621545691703,1,1,3.262505685500077,0.0,0.0,94.13013907829227,0.0,0,45.24857500284908,0.0,0,True
0,1,0,0,0,17.816247634364252,5,0.49267191219898443,8,2,1,1.0,25.325301278699744,6,1,0,1,0.0,25.636729428143347,0.0,0.0,141.5008990045225,0.24413280831992196,1244.9094366917677,674.2247651416598,0.8658621545691703,1,2,2.0,0.0,0.0,94.13013907829227,0.0,0,45.24857500284908,0.0,0,True
0,5,0,0,0,17.816247634364252,4,0.3867951430178816,8,2,1,1.0,25.325301278699744,1,1,0,2,0.0,25.636729428143347,0.0,0.0,141.5008990045225,0.1419273300888613,1244.9094366917677,674.2247651416598,0.9163806907156147,0,2,2.0,0.0,0.0,94.13013907829227,0.0,0,45.24857500284908,0.0,0,True
0,1,0,0,0,17.816247634364252,5,0.27717309832090564,8,2,1,1.0,25.325301278699744,6,0,0,3,0.0,25.636729428143347,0.0,0.0,141.5008990045225,0.24413280831992196,1030.0037587538463,674.2247651416598,0.4011348044550653,1,9,2.0,0.12103882862122067,0.0,94.13013907829227,0.0,0,45.24857500284908,0.0,0,True
0,8,2,3,0,10.368330533831783,11,0.45001006655048126,8,2,1,0.6855987208739707,14.294415156824876,6,1,0,1,0.0,37.76164153538179,3149.509425557606,0.0,115.71807069293669,0.10698623040136959,1244.9094366917677,1825.3506384510506,0.11369745127223901,1,1,2.0,0.1078000377751312,0.0,75.93049898066107,6.102315026498959,8,35.669965659803964,67.06369692466181,12,False
0,4,0,0,0,17.816247634364252,5,0.49267191219898443,8,2,1,1.0,25.325301278699744,12,1,0,2,0.0,25.636729428143347,0.0,0.0,141.5008990045225,0.24413280831992196,1244.9094366917677,674.2247651416598,0.8658621545691703,1,2,2.0,0.0,0.0,94.13013907829227,0.0,0,45.24857500284908,0.0,0,True
0,89,0,0,0,17.816247634364252,13,0.3976011115751564,8,2,1,0.6764666978040981,25.325301278699744,10,1,0,2,0.0,43.56424864101634,0.0,0.0,337.9473781635529,0.1419273300888613,1244.9094366917677,674.2247651416598,0.01,1,2,2.0,0.07219860878944274,0.0,94.13013907829227,0.0,0,45.24857500284908,19.92195756638485,1,True
0,1,0,0,0,17.816247634364252,5,1.4265414934963134,8,0,1,1.0,25.325301278699744,5,1,0,2,0.0,25.636729428143347,0.0,0.0,141.5008990045225,0.24413280831992196,561.1253257417502,674.2247651416598,0.9122990789373033,1,0,2.0,0.04747519085946092,0.0,75.74767969631625,0.0,0,45.24857500284908,0.0,0,False
0,8,1,0,2,27.995848187245617,17,0.39991070623853214,5,2,1,0.5651134627515932,106.92434071668792,8,0,3,0,23.231048963048128,69.04454119995403,57701.96492585986,0.0,301.2769260493234,0.1206946224945428,3893.3541079952915,1825.3506384510506,0.833519885561978,1,0,2.0,0.850240728908408,0.0,194.9508051192753,24.64347278237443,17,176.73658229905232,13.603389769830146,46,False
0,1,0,0,0,17.816247634364252,5,0.49267191219898443,8,2,1,0.6764666978040981,25.325301278699744,5,0,0,0,0.0,25.636729428143347,0.0,0.0,337.9473781635529,0.1419273300888613,1012.3472996699959,674.2247651416598,0.9065079126834891,4,2,2.0,0.0,0.0,94.13013907829227,0.0,0,45.24857500284908,0.0,0,True
0,5,0,0,0,17.816247634364252,5,0.49267191219898443,8,2,1,1.0,25.325301278699744,5,1,0,2,0.0,43.56424864101634,0.0,0.0,141.5008990045225,0.24413280831992196,1244.9094366917677,674.2247651416598,0.8658621545691703,1,2,2.0,0.0,0.0,94.13013907829227,0.0,0,45.24857500284908,0.0,0,True
0,5,0,0,0,17.816247634364252,13,0.49267191219898443,8,2,1,0.6764666978040981,25.325301278699744,6,1,0,2,0.0,43.56424864101634,0.0,0.0,337.9473781635529,0.1419273300888613,1244.9094366917677,674.2247651416598,0.01,1,2,2.0,0.0,0.0,94.13013907829227,0.0,0,45.24857500284908,0.0,0,False
0,1,0,0,0,17.816247634364252,5,0.49267191219898443,1,2,1,0.6764666978040981,25.325301278699744,6,1,0,0,0.0,25.636729428143347,0.0,0.0,141.5008990045225,0.24413280831992196,1244.9094366917677,674.2247651416598,0.8658621545691703,1,2,2.0,0.0,0.0,94.13013907829227,0.0,0,45.24857500284908,0.0,0,True
0,1,0,0,0,17.816247634364252,5,0.49267191219898443,8,0,1,1.0,25.325301278699744,12,1,0,0,0.0,25.636729428143347,0.0,0.0,141.5008990045225,0.24413280831992196,758.0586754725082,674.2247651416598,0.9038216037307066,1,2,2.0,0.0,0.0,94.13013907829227,0.0,0,45.24857500284908,0.0,0,True
0,2,0,0,0,17.816247634364252,5,0.49267191219898443,8,2,1,1.0,25.325301278699744,6,1,0,2,0.0,43.56424864101634,0.0,0.0,141.5008990045225,0.24413280831992196,1244.9094366917677,674.2247651416598,0.9026124797985078,1,2,2.0,0.0,0.0,94.13013907829227,0.0,0,45.24857500284908,0.0,0,True
0,4,1,0,3,13.66047957819315,3,0.3683077373382331,8,2,1,0.6430977187011424,134.2253111910018,9,1,0,2,1.0099203921898372,80.94682736511481,6647.797317907807,0.10674744027929911,299.1727225900455,0.12691966692405712,868.0509011911373,666.1803056603843,0.8145594344400753,22,1,2.0,0.14297786461996728,0.0,488.41148737616595,6.789024606108679,8,176.9318338013527,0.0,2,False
0,1,0,0,0,17.816247634364252,5,0.4461075500652588,8,2,1,1.0,25.325301278699744,5,1,0,0,0.0,25.636729428143347,0.0,0.0,141.5008990045225,0.24413280831992196,1244.9094366917677,674.2247651416598,0.8865669222990156,1,2,2.0,0.023041704132801002,0.0,94.13013907829227,0.0,0,45.24857500284908,0.0,0,False
0,2,0,6,0,17.816247634364252,5,0.49267191219898443,8,4,1,1.0,25.325301278699744,12,1,0,2,0.0,25.636729428143347,0.0,0.0,141.5008990045225,0.1419273300888613,1244.9094366917677,674.2247651416598,0.8658621545691703,4,2,8.507275525855224,0.0,0.0,94.13013907829227,0.0,0,45.24857500284908,0.0,0,True
0,3,0,0,0,17.816247634364252,5,0.49267191219898443,8,2,1,1.0,25.325301278699744,6,1,0,1,0.0,25.636729428143347,0.0,0.0,141.5008990045225,0.1419273300888613,1244.9094366917677,674.2247651416598,0.8658621545691703,1,2,2.0,0.0,0.0,94.13013907829227,0.0,0,45.24857500284908,0.0,0,True
0,1,0,0,0,17.816247634364252,5,0.49267191219898443,8,2,1,0.6764666978040981,25.325301278699744,6,1,0,0,0.0,25.636729428143347,0.0,0.0,141.5008990045225,0.24413280831992196,1244.9094366917677,674.2247651416598,0.9011825871760483,1,2,2.0,0.0,0.0,94.13013907829227,0.0,0,45.24857500284908,0.0,0,True
0,1,0,0,0,4.23029052489886,5,0.48710516715792374,8,0,1,1.0,25.325301278699744,9,1,0,2,0.0,25.636729428143347,0.0,0.0,141.5008990045225,0.24413280831992196,4087.910736975494,674.2247651416598,0.8816963325997301,1,1,9.830794904307126,0.05284627022141187,0.0,94.13013907829227,0.0,0,45.24857500284908,0.0,0,False
0,10,0,1,0,13.397489783993194,5,0.4229315164604185,6,2,1,1.0,21.649084534180815,14,1,0,2,0.0,25.636729428143347,0.0,0.0,141.5008990045225,0.17112991208564388,3472.88241080221,3205.122176005921,0.9478666652843188,0,1,8.144096724075652,0.016138425664230585,0.0,215.04218802129668,5.376724425042902,2,259.19453613029066,0.0,2,True
0,1,0,0,0,17.816247634364252,5,1.4265414934963134,8,2,1,1.0,25.325301278699744,9,1,0,2,0.0,25.636729428143347,0.0,0.0,141.5008990045225,0.24413280831992196,1244.9094366917677,674.2247651416598,0.8658621545691703,1,2,2.0,0.0,0.0,94.13013907829227,0.0,0,45.24857500284908,0.0,0,True
0,8,0,0,0,14.730974924461554,5,0.4041383530350956,8,2,1,0.6764666978040981,24.45035057264736,6,1,0,2,9.203567197836236,43.56424864101634,0.0,0.0,141.5008990045225,0.13340254379478336,955.8198690202294,493.54951145705286,0.9338515682159472,1,1,3.668724470255814,0.0,0.0,83.75624495578319,0.0,0,45.046093151356175,49.83807094158597,0,True
1,2,0,0,0,15.206417795076316,5,1.095403487849338,8,2,1,1.0,25.325301278699744,4,1,0,2,7.089417705683493,25.636729428143347,0.0,0.0,103.72779179326719,0.14818100637107307,454.1502847236461,347.60457611210387,0.9927427535956627,0,1,3.2128920858448455,0.16063400007337522,0.0,75.74509233184062,1.0398071453344908,0,45.24857500284908,39.128625662195155,0,True
0,1,0,0,0,17.816247634364252,4,0.806523341593526,21,0,1,0.6764666978040981,25.325301278699744,3,1,0,2,0.0,25.636729428143347,0.0,0.0,141.5008990045225,0.1419273300888613,782.6017643351993,674.2247651416598,0.9237352606988571,1,1,2.0,0.05261152666685053,0.0,93.32621280504861,0.0,0,45.24857500284908,0.0,0,True
0,8,2,2,0,4.23029052489886,8,0.18613637470953565,16,2,1,0.9547007083607294,15.755976274921771,1,0,0,0,74.50682159227404,43.56424864101634,3993.3250874038604,0.12459325875465908,334.3987250713027,0.06562070237692688,1244.9094366917677,3651.627753001695,0.01,11,0,2.0,0.08749580735870498,0.0,215.04218802129668,10.597204066217898,16,103.76119314869895,9.843875633565453,29,False
0,16,0,2,4,15.059842303566736,5,0.36388406707827614,52,2,1,0.6764666978040981,25.325301278699744,4,0,0,5,4.842274314294087,43.56424864101634,0.0,0.0,337.9473781635529,0.1419273300888613,1244.9094366917677,674.2247651416598,0.01,4,2,12.304188432537305,0.04577703801454193,0.0,440.81816666661916,4.043908694759861,3,116.30860640963833,19.575800350018223,16,True
0,2,0,0,0,4.23029052489886,5,0.806523341593526,8,2,1,1.0,25.325301278699744,4,1,0,0,1.444621324841437,25.636729428143347,0.0,0.0,141.5008990045225,0.1419273300888613,799.0937016419737,674.2247651416598,0.8658621545691703,1,1,2.0,0.0027408299684880816,0.0,94.13013907829227,0.0,0,45.24857500284908,0.0,0,True
0,1,0,0,0,17.816247634364252,5,0.49267191219898443,8,0,1,1.0,25.325301278699744,1,1,0,0,0.0,25.636729428143347,0.0,0.0,141.5008990045225,0.24413280831992196,1244.9094366917677,674.2247651416598,0.8658621545691703,1,2,2.0,0.0,0.0,94.13013907829227,0.0,0,45.24857500284908,0.0,0,True
0,5,0,0,0,17.816247634364252,5,0.3227476101514417,8,0,1,0.7411192472306346,25.325301278699744,4,1,0,0,9.203475028131345,25.636729428143347,0.0,0.0,141.5008990045225,0.11934803266244551,531.0499531424059,674.2247651416598,0.9146819657191964,1,1,14.942513621245634,0.025873409146932216,0.0,94.13013907829227,0.0,0,45.24857500284908,0.37667447168566,0,True
0,1,0,0,0,4.23029052489886,5,1.4265414934963134,8,2,1,1.0,25.325301278699744,6,0,0,0,0.0,25.636729428143347,0.0,0.0,141.5008990045225,0.24413280831992196,1244.9094366917677,674.2247651416598,0.8736803694959776,1,2,2.0,0.0,0.0,94.13013907829227,0.0,0,45.24857500284908,0.0,0,True
0,4,0,0,0,17.816247634364252,5,0.49267191219898443,8,2,1,0.7411192472306346,60.18255029779996,5,1,0,0,0.0,25.636729428143347,0.0,0.0,141.5008990045225,0.24413280831992196,1244.9094366917677,674.2247651416598,0.8658621545691703,4,2,6.43989667989469,0.0,0.0,488.5771744413372,0.0,0,235.56730356982,11.524875689484363,0,True
0,2,0,0,0,17.816247634364252,5,0.49267191219898443,8,2,1,1.0,25.325301278699744,6,1,0,2,0.0,25.636729428143347,0.0,0.0,141.5008990045225,0.24413280831992196,1244.9094366917677,674.2247651416598,0.8658621545691703,4,2,2.0,0.0,0.0,94.13013907829227,0.0,0,45.24857500284908,0.0,0,True
0,20,0,0,0,17.816247634364252,5,0.49267191219898443,8,2,1,0.6764666978040981,135.8253705404062,9,1,0,2,3.569008645900702,43.56424864101634,0.0,0.0,141.5008990045225,0.1419273300888613,1244.9094366917677,674.2247651416598,0.01,1,43,2.0,0.0,0.0,94.13013907829227,0.0,0,235.56730356982,0.0,0,True
0,4,0,0,0,17.816247634364252,5,0.49267191219898443,8,2,1,1.0,25.325301278699744,6,1,0,0,0.0,25.636729428143347,0.0,0.0,141.5008990045225,0.5964485760265577,738.6593635652874,674.2247651416598,0.9338198235183547,1,2,2.0,0.0,0.0,94.13013907829227,0.0,0,45.24857500284908,9.399451181678323,0,True
0,6,0,0,0,17.816247634364252,5,0.49267191219898443,8,2,1,1.0,25.325301278699744,12,1,0,2,0.0,43.56424864101634,0.0,0.0,141.5008990045225,0.24413280831992196,1244.9094366917677,674.2247651416598,0.8658621545691703,1,2,7.9426090211045,0.0,0.0,94.13013907829227,0.0,0,45.24857500284908,0.0,0,True
0,25,0,0,0,17.816247634364252,5,0.36320393496812964,8,2,1,0.7411192472306346,25.325301278699744,1,1,0,1,0.12408371502507443,43.56424864101634,0.0,0.0,141.5008990045225,0.1419273300888613,971.0182439923108,674.2247651416598,0.9110710585085333,1,2,3.320031133964946,0.0,0.0,94.13013907829227,0.0,0,45.24857500284908,30.67808784780029,0,False
0,1,0,0,0,17.816247634364252,5,1.4265414934963134,8,2,1,1.0,25.325301278699744,12,1,0,0,0.0,25.636729428143347,0.0,0.0,141.5008990045225,0.24413280831992196,1244.9094366917677,674.2247651416598,0.8658621545691703,4,2,2.0,0.0,0.0,94.13013907829227,0.0,0,45.24857500284908,0.0,0,True
6,23,3,1,11,10.363171119302994,10,0.17773241047584906,8,2,8,0.532778729096378,61.02419378659701,1,0,7,2,51.508089940799806,42.46025198889363,58291.68012635869,0.2142780397777836,337.9473781635529,0.08351819207850808,2980.4166036240713,1487.596130829177,0.276382892745213,12,0,22.19761485734025,0.10453025230371171,21.933624678386053,215.04218802129668,24.207721271942212,29,71.76546955542595,23.18813651647242,56,True
0,3,0,0,0,17.816247634364252,5,0.49267191219898443,8,2,1,0.6764666978040981,25.325301278699744,6,1,0,0,0.0,43.56424864101634,0.0,0.0,141.5008990045225,0.24413280831992196,1244.9094366917677,674.2247651416598,0.8658621545691703,1,2,2.0,0.0,0.0,94.13013907829227,0.0,0,45.24857500284908,0.0,0,True
0,5,0,0,0,17.816247634364252,5,0.49267191219898443,8,2,1,0.6764666978040981,25.325301278699744,5,1,0,2,0.0,25.636729428143347,0.0,0.0,141.5008990045225,0.1419273300888613,1244.9094366917677,674.2247651416598,0.01,1,2,2.070428735746539,0.010235840499924403,0.0,94.13013907829227,0.0,0,45.24857500284908,1.3838957352886427,0,True
0,5,0,0,0,17.816247634364252,5,0.49267191219898443,8,0,1,0.6764666978040981,25.325301278699744,6,1,0,2,0.0,25.636729428143347,0.0,0.0,141.5008990045225,0.24413280831992196,1244.9094366917677,674.2247651416598,0.8658621545691703,1,2,2.0,0.0,0.0,94.13013907829227,0.0,0,45.24857500284908,0.0,0,True
0,20,0,2,0,17.816247634364252,13,0.25831658641903965,8,2,1,0.6764666978040981,61.02419378659701,10,1,0,1,0.0,43.56424864101634,34516.30163516625,0.0,337.9473781635529,0.1419273300888613,4087.910736975494,1825.3506384510506,0.10660390710994838,12,2,14.905902574106648,0.09817802705422932,0.0,94.13013907829227,5.937197811220432,3,235.56730356982,4.968429996253507,28,True
0,2,0,0,0,4.23029052489886,5,0.49267191219898443,8,2,1,0.6764666978040981,25.325301278699744,5,0,0,2,0.0,43.56424864101634,0.0,0.0,141.5008990045225,0.24413280831992196,1244.9094366917677,674.2247651416598,0.8658621545691703,1,2,2.0,0.0,0.0,94.13013907829227,0.0,0,45.24857500284908,0.0,0,False
0,3,0,0,0,17.816247634364252,5,1.4265414934963134,8,2,1,0.6764666978040981,25.325301278699744,6,1,0,2,0.0,25.636729428143347,0.0,0.0,141.5008990045225,0.24413280831992196,1244.9094366917677,674.2247651416598,0.8658621545691703,1,2,2.0,0.0,0.0,94.13013907829227,0.0,0,45.24857500284908,0.0,0,True
0,4,0,0,0,17.816247634364252,5,0.49267191219898443,8,2,1,1.0,25.325301278699744,3,1,0,2,0.0,25.636729428143347,0.0,0.0,141.5008990045225,0.5044243830476912,954.5108450111339,674.2247651416598,0.8658621545691703,1,2,2.0,0.013089101601760147,0.0,94.13013907829227,0.0,0,45.24857500284908,0.0,0,True
0,13,0,0,0,17.816247634364252,13,0.3881887160950535,8,2,1,0.7411192472306346,25.325301278699744,12,1,0,1,16.506083659962606,43.56424864101634,11032.148467593433,0.0,337.9473781635529,0.1419273300888613,1244.9094366917677,641.5329961348478,0.01,1,22,4.160815829891238,0.0,0.0,215.04218802129668,8.062617208428343,0,235.56730356982,15.093217946135486,32,True
0,2,0,0,0,17.816247634364252,5,0.49267191219898443,8,2,1,1.0,61.02419378659701,6,1,0,2,0.0,25.636729428143347,0.0,0.0,141.5008990045225,0.24413280831992196,1244.9094366917677,674.2247651416598,0.8658621545691703,1,2,2.0,0.0,0.0,94.13013907829227,0.0,0,45.24857500284908,0.0,0,True
0,3,0,0,0,4.23029052489886,5,0.49267191219898443,8,2,1,0.6764666978040981,61.02419378659701,6,1,0,2,0.0,25.636729428143347,0.0,0.0,141.5008990045225,0.5044243830476912,1244.9094366917677,674.2247651416598,0.01,1,2,2.0,0.0,0.0,94.13013907829227,0.0,0,45.24857500284908,0.0,0,True
0,4,0,0,0,17.816247634364252,5,1.4265414934963134,8,2,1,1.0,25.325301278699744,3,1,0,2,0.0,43.56424864101634,0.0,0.0,141.5008990045225,0.24413280831992196,1045.1880893716789,674.2247651416598,0.8756343349256726,1,2,5.218827645691401,0.09949400614793345,0.0,94.13013907829227,0.0,0,45.24857500284908,0.0,0,True
0,4,0,0,0,17.816247634364252,5,0.49267191219898443,8,2,1,0.6764666978040981,25.325301278699744,1,1,0,0,0.0,25.636729428143347,0.0,0.0,141.5008990045225,0.1419273300888613,1059.9437450667042,664.2313991206885,0.9000727938074577,1,0,9.318010699347822,0.0,0.0,94.13013907829227,0.0,0,45.24857500284908,0.0,0,False
0,1,0,0,0,17.816247634364252,5,0.4166218139106225,8,2,1,0.6764666978040981,25.325301278699744,7,1,0,2,4.068818894260369,25.636729428143347,0.0,0.0,141.5008990045225,0.24413280831992196,1244.9094366917677,674.2247651416598,1.0,1,1,2.0,0.0,0.0,94.13013907829227,0.0,0,45.24857500284908,0.0,7,True
0,11,0,0,0,13.314394843695842,5,1.1017682891206217,8,2,1,1.0,20.79799657513855,2,1,0,0,3.3941334762011444,43.56424864101634,0.0,0.0,141.5008990045225,0.46292557110253024,429.70152818072063,1705.6568371306143,0.5249999542223205,0,1,26.341211296485888,0.0,0.0,61.20402787992693,6.1454716486112435,1,44.04385934935641,54.872597648894285,1,False
0,3,0,0,0,4.23029052489886,5,1.4265414934963134,8,2,1,1.0,25.325301278699744,4,1,0,2,0.0,25.636729428143347,0.0,0.0,141.5008990045225,0.24413280831992196,1244.9094366917677,674.2247651416598,0.9134803342754338,1,2,2.8399562071518196,0.0,0.0,94.13013907829227,0.0,0,45.24857500284908,0.0,0,False
0,1,0,0,0,17.816247634364252,5,0.49267191219898443,8,2,1,1.0,25.325301278699744,6,1,0,2,0.0,25.636729428143347,0.0,0.0,141.5008990045225,0.24413280831992196,1244.9094366917677,674.2247651416598,0.8658621545691703,1,1,4.940795265642219,0.0,0.0,94.13013907829227,0.0,0,45.24857500284908,0.0,0,True
0,3,0,1,0,17.161010157538502,5,0.20853332398304114,15,2,1,0.6764666978040981,61.02419378659701,6,1,0,2,0.0,73.95446583430038,86562.9334600796,0.0,133.32973535358732,0.1419273300888613,1084.7804124721115,553.0148982038075,0.1315864635323185,0,5,6.1051430164945115,0.08389123394785487,0.0,94.13013907829227,0.0,0,45.24857500284908,3.5987628403503766,18,False
0,6,0,0,0,17.816247634364252,5,0.49267191219898443,8,2,1,0.7411192472306346,25.325301278699744,6,0,0,1,0.0,43.56424864101634,0.0,0.0,337.9473781635529,0.1419273300888613,1244.9094366917677,674.2247651416598,0.9386172473366017,1,2,2.160154395689145,0.009008899459566858,0.0,94.13013907829227,0.0,0,116.30860640963833,0.0,0,True
0,3,0,0,0,17.816247634364252,5,0.4152518167041074,7,0,1,0.6764666978040981,25.325301278699744,5,1,0,1,0.0,25.636729428143347,0.0,0.0,141.5008990045225,0.24413280831992196,980.5561643893075,674.2247651416598,0.9369302726398004,1,2,3.922047310675317,0.015331533937457772,0.0,94.13013907829227,0.0,0,45.24857500284908,37.61962518082826,0,True
0,1,0,0,0,4.23029052489886,5,0.49267191219898443,8,2,1,0.6764666978040981,25.325301278699744,5,1,0,1,0.0,25.636729428143347,0.0,0.0,141.5008990045225,0.24413280831992196,1242.4340870435826,674.2247651416598,0.9244513678735788,1,2,2.0,0.0,0.0,94.13013907829227,0.0,0,45.24857500284908,11.497214839328556,0,True
0,4,0,0,0,17.816247634364252,5,0.49267191219898443,8,2,1,0.6764666978040981,25.325301278699744,5,1,0,0,0.0,25.636729428143347,0.0,0.0,141.5008990045225,0.24413280831992196,1244.9094366917677,674.2247651416598,0.8658621545691703,1,2,5.043373288997264,0.0,0.0,94.13013907829227,0.0,0,45.24857500284908,0.0,0,True
0,2,0,0,0,4.23029052489886,5,0.49267191219898443,8,2,1,1.0,25.325301278699744,6,1,0,2,0.0,25.636729428143347,0.0,0.0,141.5008990045225,0.24413280831992196,1244.9094366917677,674.2247651416598,0.9239743828376824,1,2,2.0,0.0,0.0,94.13013907829227,0.0,0,45.24857500284908,0.0,0,True
0,7,0,0,0,16.446758721093886,5,0.27663790550750356,8,2,1,0.6764666978040981,25.325301278699744,3,1,0,1,9.264787481188144,40.26036548692771,0.0,0.0,141.5008990045225,0.22786432868733975,912.3415117533203,674.2247651416598,0.907478268638606,93,2,13.244938848583613,0.02021456356943825,0.0,94.13013907829227,1.816696806741879,0,235.56730356982,25.58018422073441,7,False
0,9,0,1,5,2.9955308920475567,11,0.4920909220425431,8,2,1,1.0,357.0,4,0,0,5,0.0,80.94682736511481,0.0,0.0,337.9473781635529,0.17416495978756324,1244.9094366917677,4663.904501732728,0.5055432345099464,57,0,2.0,0.01853534068986383,0.0,488.49754601269836,0.0,9,205.8641304367361,0.034787248981585056,24,True
0,3,0,0,0,17.816247634364252,13,0.49267191219898443,1,2,1,1.0,25.325301278699744,12,1,0,2,0.0,25.636729428143347,0.0,0.0,141.5008990045225,0.24413280831992196,1244.9094366917677,674.2247651416598,0.8658621545691703,1,2,5.747333183553766,0.0,0.0,94.13013907829227,0.0,0,45.24857500284908,0.0,0,True
0,12,0,0,0,17.816247634364252,5,0.49267191219898443,8,2,1,1.0,117.10788541026939,10,1,0,2,0.0,43.56424864101634,0.0,0.0,141.5008990045225,0.1419273300888613,1244.9094366917677,1825.3506384510506,0.01,12,2,2.6764767477358435,0.02666775905521221,0.0,94.13013907829227,0.0,2,45.24857500284908,6.598136275375814,4,False
0,1,0,0,1,2.8847232550912016,4,0.44230550190998297,8,2,1,1.0,25.325301278699744,7,1,0,0,0.0,25.636729428143347,0.0,0.0,141.5008990045225,0.10170781797392511,1064.066342851538,460.0297005094506,0.9845570191251217,1,0,2.0,0.06174302566806948,0.0,83.62895254239055,0.0,4,42.50159425307335,0.0,2,True
0,4,0,0,0,3.4917039160791927,5,0.49267191219898443,7,2,1,0.6764666978040981,25.325301278699744,5,1,0,0,6.629219136567112,25.636729428143347,0.0,0.0,141.5008990045225,0.24413280831992196,1047.2544133082765,461.2401765029797,0.913931300228588,4,2,3.7874830313192196,0.0,0.0,94.13013907829227,0.0,0,45.24857500284908,0.0,0,False
0,1,0,0,0,17.816247634364252,5,0.3853740149413286,16,2,1,1.0,25.325301278699744,6,1,0,2,3.319729217073357,25.636729428143347,0.0,0.0,128.496795934885,0.2198152310032418,780.006715557682,522.1570543326579,0.311771049167227,0,1,6.980492704842703,0.0,0.0,86.3689926606659,0.0,3,177.82534341114945,0.0,0,True
0,3,0,0,0,17.816247634364252,5,0.49267191219898443,8,2,1,0.6764666978040981,25.325301278699744,4,1,0,2,0.0,25.636729428143347,0.0,0.0,141.5008990045225,0.24413280831992196,1244.9094366917677,674.2247651416598,0.8658621545691703,1,2,2.0,0.0,0.0,94.13013907829227,0.0,0,45.24857500284908,0.0,0,False
0,1,0,0,0,17.816247634364252,5,0.49267191219898443,8,2,1,1.0,25.325301278699744,5,1,0,2,0.0,43.56424864101634,0.0,0.0,141.5008990045225,0.1419273300888613,1244.9094366917677,674.2247651416598,0.8658621545691703,1,2,2.0,0.0,0.0,94.13013907829227,0.0,0,45.24857500284908,0.0,0,True
0,3,0,0,0,4.23029052489886,13,0.49267191219898443,8,2,1,1.0,25.325301278699744,5,1,0,2,0.0,25.636729428143347,0.0,0.0,337.9473781635529,0.24413280831992196,1244.9094366917677,674.2247651416598,0.8658621545691703,1,2,2.0,0.0,0.0,94.13013907829227,0.0,0,45.24857500284908,0.0,0,True
0,5,0,0,0,17.816247634364252,5,0.49267191219898443,8,2,1,1.0,25.325301278699744,5,1,0,2,0.0,25.636729428143347,0.0,0.0,141.5008990045225,0.24413280831992196,1244.9094366917677,674.2247651416598,0.8658621545691703,1,2,2.0,0.0,0.0,94.13013907829227,0.0,0,45.24857500284908,0.0,0,True
0,5,0,0,0,17.816247634364252,5,0.49267191219898443,8,2,1,1.0,25.325301278699744,1,1,0,2,0.0,43.56424864101634,0.0,0.0,337.9473781635529,0.24413280831992196,1244.9094366917677,674.2247651416598,0.8686808255708208,1,1,2.0,0.02167340580374731,0.0,94.13013907829227,0.0,0,45.24857500284908,6.113326191077809,0,True
0,18,0,0,0,17.816247634364252,5,0.49267191219898443,8,2,1,0.6764666978040981,61.02419378659701,12,1,0,1,12.593780828063155,73.95446583430038,0.0,0.0,337.9473781635529,0.1419273300888613,1244.9094366917677,674.2247651416598,0.01,1,2,7.039908714292853,0.0,0.0,94.13013907829227,0.0,0,116.30860640963833,7.551706159815218,15,True
1,25,0,5,5,17.816247634364252,12,0.3679911630877169,8,2,9,0.7411192472306346,61.02419378659701,3,0,0,2,25.409796602138652,43.56424864101634,7513.41300906711,0.0,337.9473781635529,0.05989564124856334,1244.9094366917677,1825.3506384510506,0.01,1,0,29.911418263633244,0.11982914756165144,1.6574841650587047,94.13013907829227,8.555579458083137,15,235.56730356982,14.293460369137797,43,False
1,17,1,4,4,17.315087146683346,10,0.16407144916755526,39,2,1,0.6764666978040981,105.72155684083364,7,0,1,0,23.561268545837546,43.56424864101634,9865.900182579493,0.0,334.5917534833659,0.06708836059285125,3953.2272644827353,460.0417575436256,0.017022686503583156,10,1,9.915764040961601,0.16830084270475792,0.0,215.04218802129668,12.30807230970621,23,197.37108630905766,49.79501396787802,34,True
0,12,0,0,0,17.816247634364252,13,0.38399506936552297,8,2,1,1.0,25.325301278699744,7,1,0,2,0.0,43.56424864101634,0.0,0.0,141.5008990045225,0.1419273300888613,4087.910736975494,1825.3506384510506,0.01,1,2,13.749375247682458,0.0,0.0,94.13013907829227,0.0,0,45.24857500284908,0.0,0,True
0,1,0,0,0,4.23029052489886,5,1.4265414934963134,8,0,1,0.6764666978040981,25.325301278699744,6,1,0,2,0.0,25.636729428143347,0.0,0.0,141.5008990045225,0.24413280831992196,1244.9094366917677,674.2247651416598,0.8658621545691703,1,2,2.0,0.0,0.0,94.13013907829227,0.0,0,45.24857500284908,0.0,0,True
0,6,0,0,0,17.816247634364252,5,0.49267191219898443,8,2,1,0.6764666978040981,25.325301278699744,6,1,0,1,0.0,25.636729428143347,0.0,0.0,141.5008990045225,0.24413280831992196,1244.9094366917677,674.2247651416598,0.8658621545691703,1,2,2.0,0.0,0.0,94.13013907829227,0.0,0,45.24857500284908,0.0,0,True
0,1,0,0,0,17.816247634364252,5,0.49267191219898443,8,2,1,0.6764666978040981,25.325301278699744,12,1,0,2,0.0,25.636729428143347,0.0,0.0,141.5008990045225,0.24413280831992196,1244.9094366917677,674.2247651416598,0.8658621545691703,1,2,2.0,0.0,0.0,94.13013907829227,0.0,0,45.24857500284908,0.0,0,True
0,14,0,2,3,17.816247634364252,29,0.4332942698581572,8,2,1,0.6798296332448697,25.325301278699744,6,0,0,1,25.451721934377304,73.95446583430038,20881.154235953127,0.0,337.9473781635529,0.1419273300888613,1244.9094366917677,1825.3506384510506,0.4373907555935856,12,1,6.0811107215579145,0.07976393843657072,0.0,94.13013907829227,15.297309832666855,13,116.30860640963833,8.668985467474215,18,True
0,4,0,0,0,17.816247634364252,5,0.49267191219898443,8,2,1,0.6764666978040981,25.325301278699744,6,1,0,0,0.0,25.636729428143347,0.0,0.0,141.5008990045225,0.24413280831992196,1244.9094366917677,674.2247651416598,0.8998361035792699,4,2,2.0,0.0,0.0,94.13013907829227,0.0,0,45.24857500284908,0.0,0,True
0,1,0,0,0,4.23029052489886,5,0.49267191219898443,8,2,1,0.6764666978040981,25.325301278699744,4,1,0,2,0.0,43.56424864101634,0.0,0.0,141.5008990045225,0.24413280831992196,1244.9094366917677,674.2247651416598,0.8658621545691703,1,1,2.0,0.015248123289168192,0.0,94.13013907829227,0.0,0,45.24857500284908,0.0,0,False
0,1,0,0,0,17.816247634364252,5,0.44209653226721923,8,2,1,0.6764666978040981,25.325301278699744,5,1,0,1,0.0,25.636729428143347,0.0,0.0,141.5008990045225,0.1419273300888613,1244.9094366917677,674.2247651416598,0.8658621545691703,1,2,2.0,0.02739241772030923,0.0,94.13013907829227,0.0,0,45.24857500284908,0.0,0,True
0,1,0,0,0,17.816247634364252,5,0.49267191219898443,8,2,1,1.0,25.325301278699744,6,1,0,2,0.0,25.636729428143347,0.0,0.0,141.5008990045225,0.24413280831992196,1244.9094366917677,674.2247651416598,0.8915594380811329,1,2,2.0,0.0,0.0,94.13013907829227,0.0,0,45.24857500284908,0.0,0,True
0,1,0,0,0,17.816247634364252,5,0.49267191219898443,8,2,1,1.0,25.325301278699744,6,1,0,7,0.0,25.636729428143347,0.0,0.0,141.5008990045225,0.1419273300888613,1244.9094366917677,674.2247651416598,0.8658621545691703,1,2,2.0,0.0,0.0,94.13013907829227,0.0,0,45.24857500284908,0.0,0,True
0,2,0,0,0,17.816247634364252,5,0.49267191219898443,8,2,1,1.0,25.325301278699744,6,1,0,2,0.0,25.636729428143347,0.0,0.0,141.5008990045225,0.24413280831992196,1244.9094366917677,674.2247651416598,0.8912551974031034,1,2,2.0,0.0,0.0,94.13013907829227,0.0,0,45.24857500284908,0.0,0,True
0,2,0,0,0,17.816247634364252,5,1.4265414934963134,8,2,1,1.0,25.325301278699744,5,1,0,1,0.0,25.636729428143347,0.0,0.0,337.9473781635529,0.5044243830476912,1244.9094366917677,674.2247651416598,0.8658621545691703,1,2,2.0,0.0,0.0,94.13013907829227,0.0,0,45.24857500284908,0.0,0,True
0,12,9,0,16,2.6093996111403093,54,0.2153670268791178,7,2,1,0.20708338911096935,50.50121864609964,1,1,33,2,29.105384355993998,46.05814312011312,64812.08583022263,0.0879833012554553,117.66170537865536,0.029321540171767538,2741.251382740036,1073.740859971978,0.29488516575966967,8,2,12.230931559388496,0.11115358300237618,2.539200252446724,166.03373396332134,47.428278305438305,36,51.99719295423482,56.29305770860168,58,True
0,6,0,0,0,17.816247634364252,5,0.49267191219898443,8,2,1,0.6764666978040981,25.325301278699744,10,1,0,0,0.0,43.56424864101634,0.0,0.0,802.9909609045935,0.24413280831992196,1244.9094366917677,674.2247651416598,0.8658621545691703,1,2,2.4591552288980254,0.0,0.0,94.13013907829227,0.0,0,45.24857500284908,0.0,0,False
0,1,0,0,0,4.23029052489886,5,0.49267191219898443,8,2,1,1.0,25.325301278699744,5,1,0,2,0.0,25.636729428143347,0.0,0.0,141.5008990045225,0.24413280831992196,1244.9094366917677,674.2247651416598,0.3516681841739674,1,2,2.0,0.0,0.0,94.13013907829227,0.0,0,45.24857500284908,0.0,0,True
0,4,1,0,0,0.8065147490350298,2,0.3309693027345615,0,0,1,1.0,12.213524919074887,1,0,0,1,2.253882987414972,65.77032483762741,0.0,0.0,452.34418158060953,0.0999356098271372,734.2133590908699,319.5090019103028,0.7112530855915751,0,0,18.928983211434428,0.026290102859723684,0.0,58.17877310541228,42.42106635147747,10,127.70856658044988,0.7345467812673444,161,True
0,15,0,0,0,17.816247634364252,5,0.49267191219898443,8,2,1,0.6764666978040981,61.02419378659701,9,1,0,0,0.0,43.56424864101634,0.0,0.0,337.9473781635529,0.1419273300888613,1244.9094366917677,1825.3506384510506,0.01,1,9,2.0903431411805773,0.0,0.0,94.13013907829227,0.0,0,45.24857500284908,69.40138530470993,19,False
0,2,0,0,0,17.816247634364252,5,0.49267191219898443,21,2,1,0.6764666978040981,25.325301278699744,6,1,0,2,0.0,25.636729428143347,0.0,0.0,141.5008990045225,0.24413280831992196,1244.9094366917677,674.2247651416598,0.01,1,2,2.0,0.0,0.0,94.13013907829227,0.0,0,45.24857500284908,0.0,0,True
0,13,0,0,0,17.816247634364252,13,0.33945148813894865,8,2,1,0.6764666978040981,25.325301278699744,8,0,0,1,0.0,25.636729428143347,0.0,0.0,337.9473781635529,0.1419273300888613,1244.9094366917677,674.2247651416598,0.06727482855228092,9,2,2.0,0.03501235143345112,0.0,94.13013907829227,1.2141899336865176,3,235.56730356982,15.217368318861428,0,False
0,17,0,0,0,4.23029052489886,5,0.48118280383332557,8,2,1,0.6764666978040981,25.325301278699744,5,1,0,2,0.0,43.56424864101634,0.0,0.0,141.5008990045225,0.1419273300888613,1244.9094366917677,674.2247651416598,0.37671772500653444,1,23,5.992504007090909,0.0,0.0,94.13013907829227,0.0,0,45.24857500284908,0.0,3,False
0,1,0,0,0,17.816247634364252,5,0.49267191219898443,8,2,1,1.0,25.325301278699744,4,1,0,2,0.0,25.636729428143347,0.0,0.0,141.5008990045225,0.24413280831992196,1244.9094366917677,674.2247651416598,0.8658621545691703,1,2,2.0,0.0,0.0,94.13013907829227,0.0,0,45.24857500284908,0.0,0,True
0,3,0,0,0,17.816247634364252,5,0.49267191219898443,8,2,1,1.0,25.325301278699744,6,1,0,2,0.0,25.636729428143347,0.0,0.0,141.5008990045225,0.24413280831992196,1244.9094366917677,674.2247651416598,0.3516681841739674,1,2,2.0,0.0,0.0,94.13013907829227,0.0,0,45.24857500284908,0.0,0,True
0,3,0,0,0,17.816247634364252,5,0.49267191219898443,8,2,1,1.0,25.325301278699744,6,1,0,1,0.0,25.636729428143347,0.0,0.0,141.5008990045225,0.24413280831992196,1244.9094366917677,674.2247651416598,0.8658621545691703,1,2,2.0,0.0,0.0,94.13013907829227,0.0,0,45.24857500284908,0.0,0,False
0,1,0,0,0,12.173290964053173,4,0.6872135323397657,8,2,1,1.0,47.454278080482354,5,1,0,2,0.0,43.56424864101634,0.0,0.0,141.5008990045225,0.24413280831992196,3476.866825961289,674.2247651416598,0.9467494463245102,1,1,2.8298313074517902,0.0,0.0,90.72490108203934,0.0,1,31.452183337422156,8.923276835553438,2,True
0,2,0,0,0,17.816247634364252,13,0.49267191219898443,8,2,1,0.6764666978040981,25.325301278699744,6,1,0,2,0.0,43.56424864101634,0.0,0.0,141.5008990045225,0.24413280831992196,1244.9094366917677,674.2247651416598,0.8658621545691703,1,2,13.02885707204505,0.0,0.0,94.13013907829227,0.0,0,45.24857500284908,0.0,0,True
6,9,2,0,1,17.816247634364252,10,0.1494370718947917,8,2,5,0.6554779680253859,61.02419378659701,6,0,0,0,7.919335446660355,68.02046169086245,22842.685201581677,0.0,337.9473781635529,0.11385640083558946,1230.1462434304713,4386.367062152846,0.23632441615803781,12,17,18.873226273880455,0.06519246344065413,0.0,215.04218802129668,7.359692907841399,20,116.30860640963833,0.7164859204667188,46,True
0,7,0,0,0,17.816247634364252,5,0.49267191219898443,8,2,1,0.6764666978040981,25.325301278699744,1,1,0,2,0.0,25.636729428143347,0.0,0.0,141.5008990045225,0.24413280831992196,1244.9094366917677,674.2247651416598,0.8658621545691703,1,2,2.0,0.0,0.0,94.13013907829227,0.0,0,45.24857500284908,0.0,0,True
0,16,0,0,0,17.816247634364252,5,0.49267191219898443,8,2,1,0.6764666978040981,61.02419378659701,6,1,0,2,0.0,73.95446583430038,0.0,0.0,337.9473781635529,0.1419273300888613,1244.9094366917677,674.2247651416598,0.01,1,2,2.0,0.0,0.0,215.04218802129668,0.0,0,116.30860640963833,0.0,0,True
0,1,0,0,0,17.816247634364252,5,1.4265414934963134,8,2,1,1.0,25.325301278699744,6,1,0,1,0.0,25.636729428143347,0.0,0.0,141.5008990045225,0.24413280831992196,1244.9094366917677,674.2247651416598,0.8658621545691703,1,2,2.0,0.0,0.0,94.13013907829227,0.0,0,45.24857500284908,0.0,0,True
0,3,0,0,0,10.86188556330833,31,0.37168170223193814,8,0,1,0.6764666978040981,25.325301278699744,3,1,0,0,1.211919305542004,43.56424864101634,0.0,0.0,740.9685863831758,0.11658305124180016,427.0290743957263,1825.3506384510506,0.01,0,1,4.661113569106494,0.027170197747279877,0.0,93.24279566702839,0.0,0,45.24857500284908,48.29383158799176,0,True
7,24,1,0,0,14.550301108866273,5,0.30465936899503054,8,2,9,0.6764666978040981,61.02419378659701,9,1,15,0,37.69580347340462,43.56424864101634,15025.492173148388,0.24714317931945368,337.9473781635529,0.09068932987165412,2157.6650885821714,4589.868762641073,0.01,9,0,36.66248972873401,0.1307370047064012,30.017676429276044,85.52179567597139,10.257235955443317,8,92.19970835438522,3.320719203263621,91,True
0,10,0,0,0,17.816247634364252,5,0.49267191219898443,8,2,1,1.0,25.325301278699744,5,1,0,2,0.0,73.95446583430038,0.0,0.0,141.5008990045225,0.5044243830476912,1244.9094366917677,674.2247651416598,0.4173016807127852,1,1,2.471876655394592,0.0,0.0,94.13013907829227,0.0,0,45.24857500284908,0.0,0,True
0,1,0,0,0,4.23029052489886,5,0.49267191219898443,8,2,1,0.6764666978040981,25.325301278699744,8,1,0,0,3.878329540378582,25.636729428143347,0.0,0.0,141.5008990045225,0.24413280831992196,788.9768059622496,674.2247651416598,0.8658621545691703,1,2,2.0,0.037413846541533555,0.0,94.13013907829227,0.0,0,45.24857500284908,8.700247224160254,0,True
0,2,0,0,0,4.23029052489886,5,0.49267191219898443,8,2,1,1.0,25.325301278699744,6,1,0,2,0.0,43.56424864101634,0.0,0.0,141.5008990045225,0.24413280831992196,1244.9094366917677,674.2247651416598,0.8658621545691703,1,2,2.0,0.0,0.0,94.13013907829227,0.0,0,45.24857500284908,0.0,0,True
0,1,1,0,0,17.816247634364252,12,0.312513094918619,8,2,1,0.6764666978040981,25.325301278699744,8,1,0,1,12.922319741142946,43.56424864101634,0.0,0.0,141.5008990045225,0.24413280831992196,967.215058631174,674.2247651416598,0.9579615853672431,1,1,2.0,0.0,0.0,94.13013907829227,0.0,2,38.35349549675877,7.823534048841778,3,True
0,3,0,0,0,4.23029052489886,5,0.49267191219898443,8,2,1,1.0,25.325301278699744,12,1,0,2,0.0,25.636729428143347,0.0,0.0,141.5008990045225,0.24413280831992196,1244.9094366917677,674.2247651416598,0.8658621545691703,1,2,2.0,0.0,0.0,94.13013907829227,0.0,0,45.24857500284908,0.0,0,True
0,5,0,0,0,17.816247634364252,5,1.4265414934963134,8,0,1,1.0,25.325301278699744,6,1,0,2,0.0,25.636729428143347,0.0,0.0,141.5008990045225,0.24413280831992196,1244.9094366917677,674.2247651416598,0.01,1,2,2.0,0.0,0.0,94.13013907829227,0.0,0,45.24857500284908,0.0,0,True
9,12,0,0,1,9.803554346198835,10,0.11580779474127903,5,2,5,1.0,61.02419378659701,7,0,27,0,33.48831269845743,73.95446583430038,17278.741311054,0.0,257.7911126316924,0.07223742463629174,1244.9094366917677,1448.9464952653852,0.335483832868384,7,7,40.889694772498174,0.11381066130069176,13.003348148501711,388.23057107480855,24.187666934264072,35,90.37343424069675,29.00815414749269,56,False
24,17,5,8,11,1.0313464455755152,3,0.01,15,2,2,0.4770705836162231,57.284276425006354,1,0,52,0,52.35083019715855,50.64687515802498,73582.4454746363,0.3868735312049645,173.4399210652912,0.018073606187136184,3656.900079698194,967.97553340896,0.3804578766570602,8,4,12.708306275870292,0.26292405909652256,65.04389708064292,367.41026897768495,27.96113847019653,37,51.65816590497295,36.68594849759445,71,False
0,21,0,0,13,17.081098638381754,13,0.2902102745738255,5,2,1,0.6764666978040981,25.325301278699744,3,0,0,1,19.886305087728665,73.95446583430038,2675.4094672851797,0.0,337.9473781635529,0.1419273300888613,1244.9094366917677,1825.3506384510506,0.01,11,2,13.24919353607178,0.06805076315424001,0.0,215.04218802129668,12.355539883193348,10,235.56730356982,8.634466235256092,24,True
0,16,0,0,0,17.816247634364252,13,0.806523341593526,8,2,1,0.6764666978040981,25.325301278699744,5,1,0,0,0.0,25.636729428143347,0.0,0.0,141.5008990045225,0.5044243830476912,1244.9094366917677,674.2247651416598,0.899735222574252,1,2,2.0,0.0,0.0,94.13013907829227,0.0,0,45.24857500284908,0.0,0,True
0,6,0,0,0,17.816247634364252,5,0.49267191219898443,8,2,1,0.6764666978040981,25.325301278699744,5,1,0,2,0.0,25.636729428143347,0.0,0.0,141.5008990045225,0.24413280831992196,935.5882680646547,674.2247651416598,0.8658621545691703,4,2,9.264261039853041,0.0,0.0,94.13013907829227,0.0,0,45.24857500284908,0.0,0,True
0,8,0,0,0,17.816247634364252,13,0.49267191219898443,8,2,10,0.7411192472306346,117.10788541026939,5,1,0,2,3.7721299113294915,25.636729428143347,0.0,0.0,141.5008990045225,0.1419273300888613,1244.9094366917677,4564.856624230048,0.01,12,41,25.906768063998413,0.033485329018428094,0.0,215.04218802129668,8.122541879199062,0,235.56730356982,17.772800702140707,0,True
0,6,0,0,0,4.23029052489886,5,0.2464503481889706,8,2,1,1.0,61.02419378659701,9,0,0,1,19.91137944398883,24.319035669016557,0.0,0.0,337.9473781635529,0.1419273300888613,1226.6508742372293,674.2247651416598,0.8799444990823365,1,1,10.287089140156898,0.0,0.0,94.13013907829227,0.0,0,235.56730356982,1.0209612206764156,0,True
0,6,0,0,0,17.816247634364252,5,0.49267191219898443,8,2,1,1.0,25.325301278699744,6,1,0,0,0.0,43.56424864101634,0.0,0.0,141.5008990045225,0.1419273300888613,1244.9094366917677,674.2247651416598,0.01,1,2,4.313348563332831,0.0,0.0,94.13013907829227,0.0,0,235.56730356982,0.0,18,True
0,5,0,0,0,17.816247634364252,5,0.49267191219898443,8,2,1,0.6764666978040981,25.325301278699744,1,1,0,2,0.0,43.56424864101634,0.0,0.0,141.5008990045225,0.24413280831992196,1244.9094366917677,674.2247651416598,0.8658621545691703,1,2,2.0,0.0,0.0,94.13013907829227,0.0,0,45.24857500284908,0.0,0,True
0,3,0,0,0,17.816247634364252,5,0.49267191219898443,8,2,1,0.6764666978040981,25.325301278699744,6,1,0,2,0.0,43.56424864101634,0.0,0.0,141.5008990045225,0.24413280831992196,1244.9094366917677,674.2247651416598,0.8658621545691703,1,9,5.487279252774498,0.0,0.0,94.13013907829227,0.0,0,235.56730356982,0.0,0,False
0,24,0,0,0,17.816247634364252,5,0.49267191219898443,8,2,1,0.6764666978040981,25.325301278699744,12,1,0,2,3.4048987965081636,73.95446583430038,0.0,0.0,337.9473781635529,0.1419273300888613,1244.9094366917677,674.2247651416598,0.8658621545691703,12,2,23.662977202763432,0.0,0.0,215.04218802129668,0.0,0,116.30860640963833,4.812075744830851,4,True
0,4,0,0,0,17.816247634364252,5,0.49267191219898443,8,2,1,1.0,25.325301278699744,11,1,0,0,0.0,43.56424864101634,0.0,0.0,141.5008990045225,0.1419273300888613,1244.9094366917677,674.2247651416598,0.8815717306281711,4,2,2.0,0.0,0.0,94.13013907829227,0.0,0,45.24857500284908,0.0,0,False
0,5,0,0,0,17.816247634364252,5,0.358707930499628,8,2,1,0.6764666978040981,25.325301278699744,3,0,0,6,0.0,25.636729428143347,0.0,0.0,141.5008990045225,0.24413280831992196,1244.9094366917677,674.2247651416598,0.8837299214595832,1,1,2.5632815063193894,0.02987641683919983,0.0,94.13013907829227,0.0,2,45.24857500284908,0.0,0,True
0,5,0,0,0,17.816247634364252,5,0.36480814032870595,8,2,1,1.0,25.325301278699744,7,1,0,0,0.0,25.636729428143347,0.0,0.0,141.5008990045225,0.1419273300888613,1244.9094366917677,674.2247651416598,0.8658621545691703,1,2,2.0,0.0,0.0,94.13013907829227,0.0,0,45.24857500284908,0.0,0,True
0,1,2,0,0,15.075319804577608,4,0.2582030317995564,8,2,1,1.0,25.325301278699744,1,1,0,2,0.0,43.56424864101634,3924.636227243389,0.0,235.1393266347602,0.0986968165782809,1000.2024121214635,256.065798638641,0.22105426984823645,1,0,14.55275050255531,0.034905451579608726,0.0,94.13013907829227,0.0,6,34.54244562852376,7.869774747110814,25,False
0,3,0,0,0,17.816247634364252,5,0.49267191219898443,8,2,1,1.0,25.325301278699744,12,1,0,2,0.0,25.636729428143347,0.0,0.0,141.5008990045225,0.1419273300888613,1244.9094366917677,674.2247651416598,0.8658621545691703,1,2,2.0,0.0,0.0,94.13013907829227,0.0,0,45.24857500284908,0.0,0,True
5,17,1,0,3,15.78450390585463,24,0.07524891395316591,7,2,1,0.6308982546177088,61.02419378659701,8,0,7,2,49.760155009324286,73.95446583430038,3470.629654744731,0.043340980367281456,250.75678097866677,0.17081114883148707,707.2498095241223,404.0814982046224,0.3919452165383002,4,1,37.85815242879006,0.16389659582136468,5.803040478767024,215.04218802129668,0.0,7,41.171041386570046,14.167782277021619,30,True
0,4,0,0,0,17.816247634364252,5,0.49267191219898443,8,2,1,1.0,25.325301278699744,6,1,0,2,0.0,43.56424864101634,0.0,0.0,141.5008990045225,0.24413280831992196,1244.9094366917677,674.2247651416598,0.8658621545691703,1,2,2.0,0.0,0.0,94.13013907829227,0.0,0,45.24857500284908,0.0,0,True
0,8,0,6,0,17.816247634364252,5,0.4071094918598829,8,2,1,0.6764666978040981,25.325301278699744,8,1,0,1,5.293562516883133,73.95446583430038,0.0,0.0,337.9473781635529,0.1419273300888613,1244.9094366917677,674.2247651416598,0.03165449973689494,1,1,33.234610627640095,0.030346404162105357,0.0,94.13013907829227,0.0,0,235.56730356982,13.449386975697827,0,True
0,1,0,0,0,2.908394739852021,5,0.5717399369887871,8,2,1,1.0,25.325301278699744,8,0,0,2,0.0,19.288405685616596,0.0,0.0,140.24715835231333,0.24413280831992196,332.4527822927495,674.2247651416598,0.9950253375907728,1,1,2.0,0.03608120928674859,0.0,62.81872933237912,0.0,0,35.78833377472291,0.0,0,False
0,5,0,0,0,17.816247634364252,5,0.49267191219898443,8,2,1,0.6764666978040981,25.325301278699744,6,1,0,2,0.0,43.56424864101634,0.0,0.0,141.5008990045225,0.1419273300888613,1244.9094366917677,674.2247651416598,0.3516681841739674,1,2,6.040278045581503,0.0,0.0,94.13013907829227,0.0,0,45.24857500284908,0.0,0,True
1,12,0,0,0,17.816247634364252,5,0.30511341000008607,8,2,1,1.0,25.325301278699744,1,1,0,1,2.0703445005881527,73.95446583430038,0.0,0.0,141.5008990045225,0.24413280831992196,1169.7354199836054,674.2247651416598,0.8870838961308628,4,5,2.9944288948313047,0.05606626097391709,0.0,94.13013907829227,0.0,0,45.24857500284908,49.73616904829731,7,False
0,10,0,0,0,17.816247634364252,5,0.49267191219898443,8,2,1,1.0,25.325301278699744,6,1,0,2,0.0,25.636729428143347,0.0,0.0,141.5008990045225,0.24413280831992196,1244.9094366917677,674.2247651416598,0.8658621545691703,1,2,4.792929394862904,0.0,0.0,94.13013907829227,0.0,0,45.24857500284908,0.0,0,True
0,8,0,0,0,17.816247634364252,5,0.49267191219898443,8,2,1,1.0,25.325301278699744,5,1,0,2,0.0,25.636729428143347,0.0,0.0,141.5008990045225,0.24413280831992196,1244.9094366917677,674.2247651416598,0.8658621545691703,1,2,5.999099385057801,0.0,0.0,94.13013907829227,0.0,0,45.24857500284908,0.0,0,True
0,2,0,0,0,4.23029052489886,5,0.49267191219898443,8,2,1,0.6764666978040981,25.325301278699744,6,1,0,2,0.0,25.636729428143347,0.0,0.0,141.5008990045225,0.24413280831992196,1244.9094366917677,674.2247651416598,0.8658621545691703,1,2,2.0,0.0,0.0,94.13013907829227,0.0,0,45.24857500284908,0.0,0,True
0,1,0,0,0,4.23029052489886,5,0.49267191219898443,8,2,1,1.0,25.325301278699744,5,1,0,2,0.0,25.636729428143347,0.0,0.0,141.5008990045225,0.24413280831992196,1068.5080953654947,674.2247651416598,0.8813072426382635,1,2,2.0,0.0,0.0,94.13013907829227,0.0,0,45.24857500284908,0.0,0,True
0,2,0,0,0,1.9467119171524985,5,0.35673639364560794,16,2,1,1.0,11.70747019024413,5,0,0,0,0.0,25.00848949348871,0.0,0.0,100.79044180013736,0.221883971710642,171.41111462234034,657.0904636379032,0.18246571075210266,0,1,2.723109835925145,0.07329153422047945,0.0,52.599975613133424,0.0,0,42.905810859475835,2.245471689089055,0,True
0,18,2,4,16,14.700678586902537,13,0.3707052838233621,21,2,1,0.6764666978040981,61.02419378659701,6,0,3,0,29.499193665494023,25.636729428143347,76844.14857164682,0.0,337.9473781635529,0.13486014325103746,1135.8781540372493,4230.5068997591015,0.03328502728170574,12,1,16.908188319824873,0.09695348677950143,0.0,94.13013907829227,18.380460585924407,18,116.30860640963833,6.4357050461509475,34,False
0,3,0,0,0,4.23029052489886,5,0.49267191219898443,8,2,1,1.0,25.325301278699744,5,1,0,2,0.0,25.636729428143347,0.0,0.0,141.5008990045225,0.24413280831992196,1244.9094366917677,674.2247651416598,0.8658621545691703,4,2,2.0,0.0,0.0,94.13013907829227,0.0,0,45.24857500284908,0.0,0,True
0,4,0,0,0,17.816247634364252,5,0.49267191219898443,8,2,1,1.0,25.325301278699744,6,1,0,2,0.0,43.56424864101634,0.0,0.0,141.5008990045225,0.24413280831992196,1244.9094366917677,674.2247651416598,0.8658621545691703,1,2,2.094786778057525,0.0,0.0,94.13013907829227,0.0,0,45.24857500284908,0.0,0,True
0,1,0,0,0,17.816247634364252,5,0.49267191219898443,8,2,1,1.0,25.325301278699744,6,1,0,2,0.0,25.636729428143347,0.0,0.0,141.5008990045225,0.24413280831992196,1244.9094366917677,674.2247651416598,0.3516681841739674,1,2,2.0,0.0,0.0,94.13013907829227,0.0,0,45.24857500284908,0.0,0,True
0,1,0,0,0,4.23029052489886,5,0.49267191219898443,8,2,1,0.6764666978040981,25.325301278699744,6,1,0,2,0.0,25.636729428143347,0.0,0.0,141.5008990045225,0.24413280831992196,1244.9094366917677,674.2247651416598,0.8658621545691703,1,2,2.0,0.0,0.0,94.13013907829227,0.0,0,45.24857500284908,0.0,0,True
0,15,0,0,0,17.816247634364252,5,0.49267191219898443,8,2,1,0.6764666978040981,25.325301278699744,6,1,0,2,0.0,43.56424864101634,0.0,0.0,141.5008990045225,0.24413280831992196,1244.9094366917677,674.2247651416598,0.8658621545691703,1,2,2.0,0.0,0.0,94.13013907829227,0.0,0,45.24857500284908,0.0,0,True
9,15,1,3,0,3.5161858358938964,10,0.15032759810105975,1,2,1,0.6124537110633741,21.45042093714115,1,0,5,1,39.483432343088104,50.157649363157546,4760.767119109254,0.0,141.5008990045225,0.0947730234536045,2170.746836626428,454.23422328560696,0.36498777192592374,0,5,12.483037375974938,0.11868664104467025,0.0,56.99542166943487,23.370282798499595,10,184.0856204148185,14.127556466470379,4,True
8,16,1,3,4,11.520439382288018,12,0.2912798755836982,8,2,1,1.0,21.918957562375542,4,0,20,2,6.623238699968226,66.35250745010686,33745.287638249916,0.0,337.9473781635529,0.04839375333263654,967.7297391178448,568.6489467129902,0.01,10,8,18.91351814406523,0.08211984765577113,0.0,80.47734813598333,4.5985417050750055,14,109.05539472571955,47.909110466798865,44,False
0,2,0,0,0,17.423066534343143,5,0.49267191219898443,8,2,1,0.6764666978040981,25.325301278699744,11,1,0,2,0.0,25.636729428143347,0.0,0.0,337.9473781635529,0.1419273300888613,1244.9094366917677,674.2247651416598,0.8785841480857421,1,2,2.5393885732566455,0.0,0.0,94.13013907829227,0.0,0,235.56730356982,0.0,0,True
0,4,0,1,0,17.816247634364252,5,0.469833544095034,8,2,1,0.6764666978040981,25.325301278699744,5,1,0,2,0.0,43.56424864101634,0.0,0.0,141.5008990045225,0.1419273300888613,1244.9094366917677,674.2247651416598,0.8658621545691703,1,2,3.3195060536101972,0.0,0.0,94.13013907829227,0.0,0,45.24857500284908,0.0,0,True
0,4,0,0,0,17.816247634364252,5,0.49267191219898443,8,2,1,0.6764666978040981,25.325301278699744,12,1,0,2,0.0,25.636729428143347,0.0,0.0,141.5008990045225,0.1419273300888613,1244.9094366917677,674.2247651416598,0.8740810523518422,1,2,2.3398873576597308,0.0,0.0,94.13013907829227,0.0,0,45.24857500284908,0.0,0,True
0,9,0,0,1,11.46615414341171,21,0.22377741282876182,8,2,1,1.0,25.325301278699744,1,1,0,2,17.522918251762615,70.50391953280982,9703.923022956986,0.0,141.5008990045225,0.4248851261205844,1244.9094366917677,627.2690851264339,0.9269473424352429,12,9,8.317956959912753,0.09175689051729956,0.0,87.06312082476543,0.0,11,195.3183184081962,7.451947017672055,49,False
0,10,0,0,0,17.816247634364252,5,0.2240599029461453,8,0,1,0.6764666978040981,25.325301278699744,8,1,0,2,0.0,25.636729428143347,0.0,0.0,141.5008990045225,0.24413280831992196,1138.3949925117477,674.2247651416598,0.8962449664641448,22,2,5.003875318733417,0.0,0.0,94.13013907829227,0.0,0,235.56730356982,0.0,0,True
0,1,0,0,0,46.370643532980026,4,0.37313843697209814,8,2,1,0.6764666978040981,21.960308129845533,4,0,0,2,0.0,25.636729428143347,0.0,0.0,141.5008990045225,0.1419273300888613,1226.864631885843,651.9604467846461,0.8881045745345744,1,1,3.0898029445460184,0.10835026642306154,0.0,94.13013907829227,0.8670472168475962,0,45.24857500284908,7.297816148434514,0,True
0,7,0,0,30,17.64676294630492,3,0.3278531125248968,8,2,1,0.6764666978040981,117.10788541026939,1,1,0,2,0.0,73.95446583430038,5505.571070713744,0.0,328.6051191671402,0.12885574015755316,1231.347100142393,4663.904501732728,0.9518628807960561,11,2,10.6875293416907,0.10385665843158695,0.0,215.04218802129668,0.0,6,45.24857500284908,15.149544536306493,30,True
0,6,0,2,0,13.252643750807959,10,0.2501164007464537,8,2,1,0.6764666978040981,117.10788541026939,5,1,0,1,9.529961311289021,43.56424864101634,9144.021311608903,0.0,135.91276539645582,0.09871975881780282,1163.4255750836187,1825.3506384510506,0.6909847590882776,4,1,20.844989945730703,0.1206137641434069,0.0,215.04218802129668,7.6781840553665965,10,235.56730356982,42.22861884380231,71,False
0,2,0,0,0,17.33419955473487,11,0.420764255044693,25,2,1,0.7411192472306346,61.02419378659701,6,1,0,2,19.095922323329116,73.95446583430038,0.0,0.0,337.9473781635529,0.1419273300888613,1244.9094366917677,4639.261219253902,0.05746899884234316,1,1,2.0,0.004303742722430309,0.0,94.13013907829227,13.680376175006868,10,235.56730356982,28.304800692306625,35,True
0,4,0,0,0,17.816247634364252,5,0.4014729906373382,8,2,1,0.6764666978040981,25.325301278699744,5,1,0,2,0.0,25.636729428143347,0.0,0.0,141.5008990045225,0.1419273300888613,1137.1132197037864,674.2247651416598,0.3516681841739674,1,2,13.000664432760974,0.0,0.0,94.13013907829227,0.0,0,45.24857500284908,0.912331024593256,0,True
0,1,0,0,0,17.816247634364252,5,0.49267191219898443,8,0,1,1.0,25.325301278699744,6,1,0,0,0.0,25.636729428143347,0.0,0.0,141.5008990045225,0.24413280831992196,1244.9094366917677,674.2247651416598,0.8658621545691703,1,2,2.0,0.0,0.0,94.13013907829227,0.0,0,45.24857500284908,0.0,0,True
0,7,0,0,0,17.816247634364252,5,0.49267191219898443,8,2,1,1.0,25.325301278699744,6,1,0,2,0.0,25.636729428143347,0.0,0.0,141.5008990045225,0.5044243830476912,1244.9094366917677,674.2247651416598,0.8658621545691703,12,2,2.0,0.0,0.0,94.13013907829227,0.0,0,45.24857500284908,0.0,0,True
0,1,0,0,0,17.816247634364252,13,0.49267191219898443,8,2,1,1.0,117.10788541026939,12,1,0,1,0.0,43.56424864101634,0.0,0.0,141.5008990045225,0.24413280831992196,1244.9094366917677,674.2247651416598,0.36352815039296205,1,1,2.0,0.0,0.0,215.04218802129668,5.409051378203939,0,45.24857500284908,0.0,0,True
0,7,0,0,0,17.816247634364252,5,0.49267191219898443,8,2,1,0.6764666978040981,25.325301278699744,6,1,0,1,0.0,43.56424864101634,0.0,0.0,141.5008990045225,0.24413280831992196,1244.9094366917677,674.2247651416598,0.8658621545691703,1,2,2.0,0.0,0.0,94.13013907829227,0.0,0,45.24857500284908,0.0,0,True
0,7,0,0,0,17.816247634364252,5,0.49267191219898443,8,2,1,1.0,25.325301278699744,6,1,0,2,0.0,25.636729428143347,0.0,0.0,141.5008990045225,0.24413280831992196,1244.9094366917677,674.2247651416598,0.8873992023958055,1,2,10.026779887944556,0.0,0.0,94.13013907829227,0.0,0,45.24857500284908,0.0,0,True
0,1,0,0,0,4.23029052489886,5,0.49267191219898443,8,2,1,1.0,25.325301278699744,6,1,0,1,0.0,25.636729428143347,0.0,0.0,141.5008990045225,0.24413280831992196,1244.9094366917677,674.2247651416598,0.8658621545691703,1,2,2.0,0.0,0.0,94.13013907829227,0.0,0,45.24857500284908,0.0,0,True
0,8,0,0,0,17.816247634364252,5,1.4265414934963134,8,2,1,0.6764666978040981,25.325301278699744,5,1,0,2,0.0,43.56424864101634,0.0,0.0,141.5008990045225,0.24413280831992196,1244.9094366917677,674.2247651416598,0.8658621545691703,1,2,3.2827948326008425,0.0,0.0,94.13013907829227,0.0,0,45.24857500284908,0.0,0,True
0,2,0,0,0,17.816247634364252,5,0.49267191219898443,8,2,1,0.6764666978040981,25.325301278699744,6,1,0,2,0.0,25.636729428143347,0.0,0.0,141.5008990045225,0.1419273300888613,1244.9094366917677,1825.3506384510506,0.8658621545691703,1,2,2.0,0.0,0.0,94.13013907829227,0.0,0,45.24857500284908,0.0,0,True
0,1,0,0,0,4.23029052489886,3,0.2907271970215363,1,0,1,1.0,25.325301278699744,1,1,0,0,0.0,25.636729428143347,0.0,0.0,141.5008990045225,0.21441884219712687,493.85454390438787,585.9109146254852,0.8820044375758922,1,1,2.0,0.0,0.0,82.8254744074384,0.0,4,45.24857500284908,2.91071981751649,0,True
0,1,0,0,0,17.816247634364252,5,0.49267191219898443,8,2,1,1.0,25.325301278699744,6,0,0,1,0.0,25.636729428143347,0.0,0.0,141.5008990045225,0.24413280831992196,1244.9094366917677,674.2247651416598,0.9210996677077175,1,2,2.0,0.0,0.0,94.13013907829227,0.0,0,45.24857500284908,0.0,0,True
0,17,0,0,0,17.816247634364252,5,0.49267191219898443,1,2,1,1.0,25.325301278699744,5,1,0,3,0.0,25.636729428143347,0.0,0.0,141.5008990045225,0.24413280831992196,1244.9094366917677,674.2247651416598,0.8658621545691703,1,2,6.193051052150739,0.037553083132212846,0.0,94.13013907829227,0.0,0,45.24857500284908,0.0,0,True
0,13,0,2,0,83.0572311481994,2,1.3395705797826487,38,2,1,0.6991353839638594,22.181619552133068,5,1,0,0,8.558813120948033,65.4780157067426,0.0,0.0,670.4102097948612,0.5564409208898065,1174.5171360634856,4595.976419770641,0.9179018783652397,4,1,2.0,0.0,0.0,332.0398699702631,0.0,2,103.16753362275313,12.324062226713288,6,False
0,15,0,0,0,4.23029052489886,13,0.49267191219898443,8,2,1,0.6764666978040981,25.325301278699744,4,0,0,2,0.0,43.56424864101634,0.0,0.0,337.9473781635529,0.1419273300888613,1244.9094366917677,674.2247651416598,0.8658621545691703,1,2,2.0,0.0,0.0,94.13013907829227,0.0,0,45.24857500284908,0.4123829451661572,2,False
0,2,0,0,0,17.816247634364252,5,1.4265414934963134,8,2,1,0.6764666978040981,25.325301278699744,12,1,0,2,0.0,25.636729428143347,0.0,0.0,141.5008990045225,0.24413280831992196,1244.9094366917677,674.2247651416598,0.8658621545691703,1,2,2.0,0.0,0.0,94.13013907829227,0.0,0,45.24857500284908,0.0,0,True
0,5,0,0,0,17.816247634364252,5,0.49267191219898443,8,2,1,0.6764666978040981,25.325301278699744,6,1,0,2,0.0,73.95446583430038,0.0,0.0,141.5008990045225,0.24413280831992196,1244.9094366917677,674.2247651416598,0.8658621545691703,4,2,2.0,0.0,0.0,94.13013907829227,0.0,0,45.24857500284908,0.0,0,True
0,16,0,0,0,17.816247634364252,13,0.3707862114554426,8,2,1,1.0,24.835670745003284,10,1,0,5,17.6193102826161,25.636729428143347,0.0,0.0,141.5008990045225,0.1419273300888613,1208.5520824181829,645.7555641738024,0.9200811300149878,3,2,2.0,0.10333744564347318,0.0,94.13013907829227,0.0,0,45.24857500284908,0.0,31,True
0,4,0,0,0,16.411445543500832,5,0.49267191219898443,8,2,1,0.6764666978040981,18.649994423263127,4,1,0,2,0.0,25.636729428143347,0.0,0.0,141.5008990045225,0.24413280831992196,1244.9094366917677,674.2247651416598,0.8797879674620523,0,2,2.0,0.01605121130696728,0.0,94.13013907829227,0.0,0,45.24857500284908,0.0,0,True
8,18,3,2,16,2.5107829865902223,4,0.13252983567668308,17,2,7,0.41429681030947,90.89232951262436,1,0,22,0,31.070200121477814,53.93368012965773,66897.27825337036,0.20802400815425565,303.93766374354,0.0,1244.9094366917677,1092.9097984191772,0.01,8,24,29.061243375041933,0.18842169722340887,0.0,245.4128213702405,26.74154304460616,37,81.14496191274017,60.29821851324594,71,False
0,8,0,0,0,17.816247634364252,5,0.49267191219898443,8,2,1,0.6764666978040981,25.325301278699744,6,1,0,0,0.0,73.95446583430038,0.0,0.0,141.5008990045225,0.1419273300888613,1244.9094366917677,674.2247651416598,0.8658621545691703,12,2,2.0,0.0,0.0,94.13013907829227,0.0,0,45.24857500284908,0.0,0,False
0,5,0,0,0,17.816247634364252,13,1.4265414934963134,8,2,1,0.6764666978040981,25.325301278699744,6,1,0,2,0.0,25.636729428143347,0.0,0.0,141.5008990045225,0.1419273300888613,1244.9094366917677,674.2247651416598,0.8658621545691703,4,2,2.0,0.0,0.0,94.13013907829227,0.0,0,45.24857500284908,0.0,0,True
1,10,2,0,0,4.949933055383987,1,0.11314188591387293,6,2,1,0.3658044404781088,99.55433481802135,3,0,0,0,10.354322914136059,54.709192852331185,5184.700200854754,0.36511827567551713,202.04312535755852,0.046229480601073035,541.1650771719382,158.10495200293985,0.33567801728732705,0,2,5.163833918909418,0.11435402894342875,0.0,79.00040693097876,18.223315201512506,13,55.44724111754135,27.137382758790217,58,False
0,1,0,0,0,4.23029052489886,5,0.49267191219898443,8,2,1,0.6764666978040981,25.325301278699744,6,1,0,2,0.0,25.636729428143347,0.0,0.0,141.5008990045225,0.5044243830476912,1244.9094366917677,674.2247651416598,0.8658621545691703,1,2,2.0,0.0,0.0,94.13013907829227,0.0,0,45.24857500284908,0.0,0,True
0,11,3,3,6,7.65896383331345,6,0.01,8,2,1,0.6282914589304911,113.21029170206637,5,0,9,1,25.391866751111227,63.629063860451765,11302.93383232404,0.0,740.9685863831758,0.05937940641151315,962.5120038198161,1187.2079273454808,0.5716084984706717,4,8,70.82473444564269,0.13630886779656248,0.0,184.70605062094242,0.0,27,81.01486161352412,22.94240751376983,47,False
0,6,1,0,0,17.646449579446667,11,0.3541122423181113,8,2,1,0.7411192472306346,112.11022405394874,5,1,0,2,14.327696915755656,23.01162515359401,0.0,0.0,337.9473781635529,0.18147118509840438,1244.9094366917677,595.2969075498902,0.01,1,1,4.666394691380049,0.0,0.0,94.13013907829227,6.802677994787974,5,45.24857500284908,0.1768098114581171,3,True
0,6,0,0,0,17.816247634364252,5,0.49267191219898443,8,2,1,1.0,25.325301278699744,6,0,0,2,0.0,25.636729428143347,0.0,0.0,141.5008990045225,0.1419273300888613,1244.9094366917677,674.2247651416598,0.8658621545691703,1,2,2.0,0.00937574895312182,0.0,94.13013907829227,0.0,0,45.24857500284908,0.0,0,True
0,2,0,0,0,17.816247634364252,5,0.49267191219898443,8,2,1,1.0,25.325301278699744,6,1,0,1,0.0,25.636729428143347,0.0,0.0,141.5008990045225,0.24413280831992196,1244.9094366917677,674.2247651416598,0.8658621545691703,1,2,3.210660716452373,0.0,0.0,94.13013907829227,0.0,0,45.24857500284908,0.0,0,True
0,4,0,0,0,4.23029052489886,5,0.49267191219898443,8,2,1,1.0,25.325301278699744,9,1,0,2,0.0,43.56424864101634,0.0,0.0,141.5008990045225,0.24413280831992196,1244.9094366917677,674.2247651416598,0.8658621545691703,1,2,2.0,0.0,0.0,94.13013907829227,0.0,0,45.24857500284908,0.0,0,True
0,1,0,0,0,17.816247634364252,5,0.49267191219898443,8,2,1,1.0,25.325301278699744,1,1,0,1,0.0,25.636729428143347,0.0,0.0,141.5008990045225,0.1419273300888613,1244.9094366917677,674.2247651416598,0.8658621545691703,1,2,2.0,0.0,0.0,94.13013907829227,0.0,0,45.24857500284908,0.0,0,False
0,8,0,0,0,17.816247634364252,5,0.3075362697219346,8,2,1,0.6764666978040981,57.42507685725404,1,1,0,0,0.0,43.56424864101634,0.0,0.0,337.9473781635529,0.1419273300888613,1244.9094366917677,674.2247651416598,0.9019048567651037,1,2,3.661557700913037,0.0,0.0,494.62267578488013,0.0,0,45.24857500284908,0.0,0,True
0,14,0,0,0,17.816247634364252,13,0.49267191219898443,8,2,1,1.0,25.325301278699744,6,1,0,2,0.0,25.636729428143347,0.0,0.0,337.9473781635529,0.24413280831992196,1244.9094366917677,674.2247651416598,0.8658621545691703,4,2,2.0,0.0,0.0,94.13013907829227,0.0,0,45.24857500284908,0.0,7,True
12,20,2,15,9,2.6571078588707486,4,0.01,12,2,1,0.15335116022125617,57.39045012290241,4,0,77,2,39.901559845324115,28.45831542725,73582.4454746363,0.3069543598423885,162.37658342112792,0.0023586074096408408,441.9936720720253,3001.0682505359478,0.13662611898034216,12,8,12.432666763676973,0.1907069864170639,28.83685952273175,34.782008768203156,22.089848733837346,37,28.27329713531897,50.82910692445067,56,False
0,2,0,0,0,17.816247634364252,5,0.49267191219898443,1,0,1,1.0,25.325301278699744,12,1,0,2,0.0,25.636729428143347,0.0,0.0,141.5008990045225,0.1419273300888613,1244.9094366917677,674.2247651416598,0.8658621545691703,1,2,2.0,0.0,0.0,94.13013907829227,0.0,0,45.24857500284908,0.0,0,True
0,3,0,0,1,7.788442637948596,2,0.33657962203735525,6,2,1,1.0,113.61345972867602,3,0,1,0,0.0,26.04524440357869,0.0,0.0,191.16587490432727,0.11317491673630989,830.4497840591639,422.48202378570426,0.10732613041653777,10,2,4.327604595581535,0.09692085955393126,0.0,304.390429183404,0.0,3,32.76174092219286,0.0,26,False
0,16,0,0,0,17.816247634364252,5,0.49267191219898443,8,2,1,0.7411192472306346,61.02419378659701,1,0,0,1,0.0,73.95446583430038,0.0,0.0,337.9473781635529,0.1419273300888613,1244.9094366917677,674.2247651416598,0.8952974736171241,1,2,12.373506889259556,0.0,0.0,94.13013907829227,0.33415680238213064,0,235.56730356982,16.722778099455677,0,True
0,4,0,0,0,4.23029052489886,5,1.4205252240772626,8,2,1,1.0,22.72772915940085,4,1,0,0,0.0,25.636729428143347,0.0,0.0,132.84646690694646,0.24413280831992196,529.0186112441439,369.5799652282881,0.43255081936892514,0,2,2.0,0.06578890510623081,0.0,94.13013907829227,0.0,0,45.24857500284908,0.0,0,False
0,6,0,0,0,17.816247634364252,5,0.49267191219898443,8,2,1,1.0,25.325301278699744,5,1,0,2,0.0,25.636729428143347,0.0,0.0,141.5008990045225,0.24413280831992196,1244.9094366917677,674.2247651416598,0.8658621545691703,1,2,2.0,0.0,0.0,94.13013907829227,0.0,0,45.24857500284908,0.0,0,True
0,1,0,0,0,4.23029052489886,5,0.49267191219898443,8,2,1,1.0,25.325301278699744,6,1,0,2,0.0,25.636729428143347,0.0,0.0,141.5008990045225,0.24413280831992196,1221.0266257497035,674.2247651416598,0.8658621545691703,1,2,2.0,0.0,0.0,94.13013907829227,0.0,0,45.24857500284908,0.0,0,True
0,6,0,0,0,17.816247634364252,13,1.4265414934963134,8,2,1,0.6764666978040981,25.325301278699744,7,1,0,2,0.2824280897601117,43.56424864101634,0.0,0.0,141.5008990045225,0.24413280831992196,1244.9094366917677,674.2247651416598,0.01,4,2,2.0,0.045199713150734025,0.0,94.13013907829227,1.4526460187018753,0,45.24857500284908,1.6668206295479844,0,True
0,1,0,0,0,17.816247634364252,5,0.49267191219898443,8,2,1,0.6764666978040981,25.325301278699744,3,1,0,2,0.0,25.636729428143347,0.0,0.0,141.5008990045225,0.1419273300888613,9493.487787033906,674.2247651416598,0.8658621545691703,4,2,2.0,0.0,0.0,82.55939863842316,0.0,0,45.24857500284908,4.4660469907078415,0,True
0,15,0,0,0,17.816247634364252,5,0.49267191219898443,8,2,1,0.6764666978040981,25.325301278699744,6,1,0,2,0.0,25.636729428143347,0.0,0.0,141.5008990045225,0.1419273300888613,1244.9094366917677,674.2247651416598,0.8658621545691703,1,2,2.0,0.0,0.0,94.13013907829227,0.0,0,45.24857500284908,0.0,0,True
0,1,0,0,0,17.816247634364252,5,0.49267191219898443,8,2,1,1.0,25.325301278699744,6,1,0,2,0.0,73.95446583430038,0.0,0.0,337.9473781635529,0.1419273300888613,1244.9094366917677,674.2247651416598,0.375352184212257,12,2,2.0,0.0,0.0,94.13013907829227,0.0,0,45.24857500284908,0.0,0,True
7,1,3,0,0,13.561779413900046,9,0.01,16,2,1,0.6276112306238038,25.325301278699744,1,0,5,2,28.181320874502305,69.84861690839783,17463.564845154713,0.014643927577891958,337.9473781635529,0.10051715144319232,1244.9094366917677,1425.6359011846607,0.36886485965472326,11,11,11.13138103523779,0.1088592144075065,0.0,215.04218802129668,6.245767719801536,18,83.60563971598151,35.30207336377706,39,False
0,14,0,0,0,46.370643532980026,11,0.4145357416659547,7,2,1,0.6698258019176401,117.10788541026939,7,0,0,1,19.480962854639216,73.95446583430038,376.9806582094561,0.0,337.9473781635529,0.11798979320831418,1244.9094366917677,639.732479031379,0.01,12,1,2.0,0.053840984407803015,0.0,494.62267578488013,10.897571512992295,10,116.30860640963833,40.03981468452408,32,False
0,7,0,0,0,4.23029052489886,5,0.49267191219898443,8,2,1,0.6764666978040981,25.325301278699744,4,1,0,0,0.0,25.636729428143347,0.0,0.0,141.5008990045225,0.1419273300888613,1238.3988477191228,674.2247651416598,0.8658621545691703,1,2,2.0,0.0,0.0,94.13013907829227,0.0,0,45.24857500284908,0.0,0,True
0,1,0,0,0,17.816247634364252,5,0.49267191219898443,8,2,1,0.6764666978040981,25.325301278699744,6,1,0,0,0.0,25.636729428143347,0.0,0.0,141.5008990045225,0.24413280831992196,1244.9094366917677,674.2247651416598,0.8658621545691703,1,2,2.0,0.0,0.0,94.13013907829227,0.0,0,45.24857500284908,0.0,0,True
0,7,0,0,0,17.816247634364252,5,0.49267191219898443,8,2,1,1.0,61.02419378659701,5,1,0,2,0.0,25.636729428143347,0.0,0.0,141.5008990045225,0.24413280831992196,1244.9094366917677,674.2247651416598,0.8658621545691703,1,2,3.9780172338021056,0.0,0.0,488.48187291275303,0.0,0,45.24857500284908,0.6219797497067877,0,True
0,4,0,0,0,17.816247634364252,5,0.49267191219898443,8,0,1,0.6764666978040981,25.325301278699744,5,1,0,2,0.0,25.636729428143347,0.0,0.0,141.5008990045225,0.1419273300888613,1244.9094366917677,674.2247651416598,0.8658621545691703,1,2,9.19853359558238,0.0,0.0,94.13013907829227,0.0,0,45.24857500284908,0.0,0,True
0,1,0,0,0,17.816247634364252,5,0.49267191219898443,1,2,1,1.0,25.325301278699744,4,1,0,0,0.0,25.636729428143347,0.0,0.0,141.5008990045225,0.1419273300888613,1215.903657631033,674.2247651416598,0.8658621545691703,1,2,2.0,0.013181990259122603,0.0,70.87625581405538,0.0,0,45.24857500284908,1.3541836070156195,0,True
0,13,0,0,0,17.816247634364252,13,0.49267191219898443,8,2,1,0.6764666978040981,61.02419378659701,6,1,0,2,0.0,43.56424864101634,0.0,0.0,141.5008990045225,0.1419273300888613,9493.487787033906,674.2247651416598,0.8658621545691703,1,2,2.0,0.0,0.0,94.13013907829227,0.0,0,235.56730356982,0.0,3,True
0,7,0,0,0,17.816247634364252,13,0.49267191219898443,8,2,1,1.0,25.325301278699744,6,1,0,1,0.0,43.56424864101634,0.0,0.0,337.9473781635529,0.1419273300888613,1244.9094366917677,674.2247651416598,0.8658621545691703,1,2,4.499324406433174,0.04123039433568507,0.0,94.13013907829227,0.0,0,45.24857500284908,0.0,0,True
0,4,0,0,0,17.816247634364252,5,0.3211490839229413,8,2,1,1.0,25.325301278699744,4,1,0,2,0.0,25.636729428143347,0.0,0.0,141.5008990045225,0.24413280831992196,915.3483564590888,631.447506837133,0.8658621545691703,1,2,7.936792045888547,0.007536113766060976,0.0,94.13013907829227,0.0,0,45.24857500284908,0.0,0,True
0,4,0,0,0,17.816247634364252,5,0.49267191219898443,8,2,1,0.6764666978040981,25.325301278699744,6,1,0,0,0.0,25.636729428143347,0.0,0.0,141.5008990045225,0.24413280831992196,1244.9094366917677,674.2247651416598,0.8658621545691703,1,2,2.181237127124021,0.0,0.0,94.13013907829227,0.0,0,45.24857500284908,0.0,0,True
0,5,0,0,0,4.23029052489886,5,0.49267191219898443,8,2,1,0.6764666978040981,25.325301278699744,6,1,0,2,0.0,25.636729428143347,0.0,0.0,141.5008990045225,0.1419273300888613,1244.9094366917677,674.2247651416598,0.8658621545691703,4,2,4.193954974886081,0.0,0.0,94.13013907829227,0.0,0,45.24857500284908,0.0,0,True
0,20,0,0,0,8.973104696532447,1,0.2843001848997991,6,2,4,1.0,20.397026890906844,16,1,0,1,16.858287746219787,20.681282617408456,5042.297385591573,0.0,2867.0,0.47751243708209695,822.9669134611797,470.7649509145033,0.287195592264173,0,1,2.898319643773859,0.1153897919233747,51.80154118371933,57.25353241447616,10.282571877037787,10,17.042284362613653,24.777775421810617,17,True
0,1,0,0,0,17.816247634364252,5,0.49267191219898443,8,2,1,0.6764666978040981,25.325301278699744,6,1,0,2,0.0,43.56424864101634,0.0,0.0,141.5008990045225,0.1419273300888613,1244.9094366917677,674.2247651416598,0.9161975969645819,1,2,2.0,0.0,0.0,94.13013907829227,0.0,0,116.30860640963833,0.0,0,True
1,15,0,0,0,3.08759298635378,11,0.01,28,2,1,1.0,22.716235180481544,1,0,0,1,12.204163064454477,35.414857832860875,9001.732864474186,0.0,337.9473781635529,0.1419273300888613,993.1259902893331,609.6958008237166,0.9337812356288553,1,1,11.352087145634687,0.10184195493373029,0.0,85.36113387073881,2.612573708373249,10,98.42009454626495,31.03509460621267,0,True
0,1,0,0,0,17.816247634364252,5,0.49267191219898443,8,2,1,0.6764666978040981,25.325301278699744,6,1,0,1,0.0,25.636729428143347,0.0,0.0,141.5008990045225,0.1419273300888613,1244.9094366917677,674.2247651416598,0.3516681841739674,1,2,2.0,0.0,0.0,94.13013907829227,0.0,0,45.24857500284908,0.0,0,True
0,1,0,0,0,4.23029052489886,5,0.49267191219898443,8,2,1,1.0,25.325301278699744,12,1,0,1,0.0,25.636729428143347,0.0,0.0,141.5008990045225,0.5964485760265577,1244.9094366917677,674.2247651416598,0.87156914838199,1,2,2.0,0.0,0.0,94.13013907829227,0.0,0,45.24857500284908,0.0,0,True
0,4,0,0,0,17.816247634364252,5,0.49267191219898443,8,2,1,0.6764666978040981,25.325301278699744,6,1,0,2,0.0,25.636729428143347,0.0,0.0,141.5008990045225,0.5044243830476912,1244.9094366917677,674.2247651416598,0.8658621545691703,1,2,2.0,0.0,0.0,94.13013907829227,0.0,0,45.24857500284908,0.0,0,True
0,4,1,0,19,12.99084207739759,4,0.29163537243842486,8,2,1,0.6764666978040981,25.325301278699744,1,1,0,0,13.866521851797799,43.56424864101634,19577.694634180774,0.0,141.5008990045225,0.11018442118074068,786.5423009039442,674.2247651416598,0.03968523983222308,1,1,2.0,0.05281618705187789,0.0,94.13013907829227,0.0,3,235.56730356982,16.46473893990146,8,False
0,3,0,0,0,17.816247634364252,5,0.49267191219898443,8,2,1,0.6764666978040981,25.325301278699744,4,1,0,2,0.0,43.56424864101634,0.0,0.0,141.5008990045225,0.24413280831992196,1244.9094366917677,674.2247651416598,0.8658621545691703,1,2,2.0,0.0,0.0,94.13013907829227,0.0,0,45.24857500284908,0.0,0,False
0,5,0,0,0,17.816247634364252,5,0.49267191219898443,8,2,1,1.0,25.325301278699744,5,1,0,1,0.0,25.636729428143347,0.0,0.0,141.5008990045225,0.1419273300888613,1244.9094366917677,674.2247651416598,0.3516681841739674,1,2,6.338730642925066,0.0,0.0,94.13013907829227,0.0,0,45.24857500284908,0.0,0,False
0,1,0,0,0,17.816247634364252,5,0.49267191219898443,8,2,1,1.0,25.325301278699744,6,1,0,2,0.0,43.56424864101634,0.0,0.0,141.5008990045225,0.1419273300888613,1244.9094366917677,674.2247651416598,0.8658621545691703,1,2,2.0,0.0,0.0,94.13013907829227,0.0,0,45.24857500284908,0.0,0,True
0,5,0,0,0,17.816247634364252,5,0.4362893955434227,8,2,1,0.6764666978040981,25.325301278699744,4,1,0,2,0.0,25.636729428143347,0.0,0.0,141.5008990045225,0.24413280831992196,1082.9382828143491,674.2247651416598,0.3931781983806609,1,2,2.0,0.013871706907263734,0.0,94.13013907829227,0.0,0,45.24857500284908,34.42138093744235,0,True
0,2,0,0,0,17.816247634364252,5,0.49267191219898443,8,2,1,0.6764666978040981,25.325301278699744,12,1,0,2,0.0,43.56424864101634,0.0,0.0,141.5008990045225,0.24413280831992196,1244.9094366917677,674.2247651416598,0.01,1,2,2.0,0.0,0.0,94.13013907829227,0.0,0,177.82534341114945,2.6944531689471276,0,True
0,12,0,0,0,17.816247634364252,5,0.49267191219898443,8,2,1,0.6764666978040981,25.325301278699744,5,1,0,1,24.89318540623117,43.56424864101634,0.0,0.0,141.5008990045225,0.14008720965620494,1244.9094366917677,674.2247651416598,0.01,1,2,4.950686055911662,0.0,0.0,94.13013907829227,1.5005619434291972,0,45.24857500284908,0.0,0,True
0,4,0,0,0,17.816247634364252,13,0.40716981395683294,8,2,4,0.6764666978040981,25.325301278699744,5,1,0,2,1.1360848268555817,73.95446583430038,0.0,0.0,337.9473781635529,0.1419273300888613,1244.9094366917677,533.1974670167392,0.9154524721376912,1,2,2.0,0.0,0.0,94.13013907829227,0.0,0,259.19453613029066,0.0,0,True
0,3,0,0,0,12.468322148221857,4,0.39936857330155706,5,0,1,1.0,63.34254113388987,5,1,0,0,9.399791732148149,15.541906537675688,0.0,0.0,128.75749102906812,0.16543883957624173,424.3626764332063,542.6006035366116,0.8985502131216423,0,1,4.077454214925053,0.07058846491222334,0.0,58.204574878933,5.565377554768931,0,45.24857500284908,18.266288354148436,0,True
0,10,0,2,0,17.816247634364252,13,0.49267191219898443,8,2,1,0.7411192472306346,117.10788541026939,5,1,0,2,8.294425357818985,73.95446583430038,0.0,0.0,141.5008990045225,0.1419273300888613,1244.9094366917677,1825.3506384510506,0.01,12,9,4.350091305483108,0.0,0.0,94.13013907829227,0.0,0,235.56730356982,0.0,7,True
0,1,0,0,0,17.816247634364252,5,1.4265414934963134,8,2,1,1.0,25.325301278699744,6,1,0,7,0.0,25.636729428143347,0.0,0.0,141.5008990045225,0.24413280831992196,1244.9094366917677,674.2247651416598,0.8717649840855212,1,2,2.0,0.0,0.0,94.13013907829227,0.0,0,45.24857500284908,0.0,0,True
0,9,0,0,0,17.816247634364252,5,0.49267191219898443,8,2,1,1.0,25.325301278699744,5,1,0,0,0.0,25.636729428143347,0.0,0.0,141.5008990045225,0.24413280831992196,1125.0462847636998,674.2247651416598,0.8658621545691703,1,2,10.365844085682518,0.045293664762385034,0.0,94.13013907829227,0.0,0,45.24857500284908,0.313643342604203,0,True
0,2,0,0,0,4.23029052489886,5,0.49267191219898443,8,2,1,0.6764666978040981,25.325301278699744,6,1,0,0,0.0,25.636729428143347,0.0,0.0,141.5008990045225,0.24413280831992196,1244.9094366917677,674.2247651416598,0.949443527159993,1,2,2.0,0.0,0.0,94.13013907829227,0.0,0,235.56730356982,0.0,0,False
6,13,2,0,6,8.053351180131605,4,0.32217773499328795,7,2,1,1.0,20.22980792621946,1,0,0,1,16.142461056878894,67.41193382274174,2847.4181902972227,0.0,285.9835993242993,0.08956737732120931,538.3267002935128,1326.54921202179,0.01,4,16,33.6466726392217,0.20766123543859777,39.44945124171295,43.18453937549006,23.602410077747656,7,30.485059339355267,26.955318957547853,31,True
0,2,0,0,0,17.816247634364252,5,0.49267191219898443,8,2,1,1.0,25.325301278699744,9,1,0,0,0.0,25.636729428143347,0.0,0.0,141.5008990045225,0.5964485760265577,1244.9094366917677,674.2247651416598,0.8979466349381632,4,2,2.0,0.0,0.0,94.13013907829227,0.0,0,45.24857500284908,0.0,0,True
0,3,0,0,0,17.816247634364252,5,0.3676689097051249,8,2,1,1.0,25.325301278699744,4,1,0,2,9.277108028119365,43.56424864101634,0.0,0.0,141.5008990045225,0.24413280831992196,965.5301870868129,674.2247651416598,0.8801580428730335,1,1,2.0984374636373264,0.0,0.0,94.13013907829227,0.0,0,45.24857500284908,0.0,0,True
0,11,0,3,9,23.028428545896386,9,0.2937587046466625,8,2,1,1.0,117.10788541026939,28,0,58,1,24.907987265125765,43.56424864101634,11763.773900498361,0.06045307395567481,337.9473781635529,0.0657979081598353,1244.9094366917677,1825.3506384510506,0.7327333998751879,4,14,15.231096083862825,0.054394056718983244,0.0,94.13013907829227,5.071721503136853,12,67.95683500609759,72.08697921482812,65,True
0,1,0,0,0,17.816247634364252,5,1.4265414934963134,8,2,1,1.0,25.325301278699744,5,1,0,2,0.0,25.636729428143347,0.0,0.0,141.5008990045225,0.24413280831992196,1244.9094366917677,674.2247651416598,0.8658621545691703,1,2,2.0,0.0,0.0,94.13013907829227,0.0,0,45.24857500284908,0.0,0,True
0,6,0,0,0,17.816247634364252,5,0.49267191219898443,8,2,1,1.0,25.325301278699744,6,1,0,2,0.0,25.636729428143347,0.0,0.0,141.5008990045225,0.1419273300888613,1244.9094366917677,674.2247651416598,0.8658621545691703,1,2,2.0,0.0,0.0,94.13013907829227,0.0,0,45.24857500284908,0.0,0,True
0,7,0,0,0,17.816247634364252,5,0.49267191219898443,8,2,1,1.0,25.325301278699744,6,1,0,2,0.0,43.56424864101634,0.0,0.0,141.5008990045225,0.24413280831992196,1244.9094366917677,674.2247651416598,0.8658621545691703,1,2,3.98509471283075,0.0,0.0,94.13013907829227,0.0,0,45.24857500284908,0.0,0,True
0,1,0,0,0,17.816247634364252,5,0.49267191219898443,8,2,1,1.0,25.325301278699744,6,1,0,2,0.0,25.636729428143347,0.0,0.0,141.5008990045225,0.24413280831992196,1244.9094366917677,674.2247651416598,0.9540234838624533,1,2,2.0,0.0,0.0,94.13013907829227,0.0,0,45.24857500284908,0.0,0,True
0,6,0,0,0,17.816247634364252,5,0.49267191219898443,8,2,1,0.6764666978040981,25.325301278699744,6,1,0,2,0.0,25.636729428143347,0.0,0.0,141.5008990045225,0.24413280831992196,1244.9094366917677,674.2247651416598,0.8658621545691703,1,2,2.0,0.0,0.0,94.13013907829227,0.0,0,45.24857500284908,0.0,0,False
0,7,0,0,0,17.816247634364252,5,0.49267191219898443,8,2,1,1.0,25.325301278699744,5,1,0,2,0.0,25.636729428143347,0.0,0.0,141.5008990045225,0.24413280831992196,988.5482394642781,674.2247651416598,0.8658621545691703,1,2,2.0,0.0,0.0,94.13013907829227,0.0,0,45.24857500284908,0.0,0,True
0,19,0,0,0,17.816247634364252,5,0.4049927635108189,8,2,1,0.6764666978040981,25.325301278699744,5,1,0,2,6.899254124034506,43.56424864101634,0.0,0.0,141.5008990045225,0.1419273300888613,1244.9094366917677,674.2247651416598,0.3516681841739674,1,2,5.118894237075702,0.0,0.0,94.13013907829227,0.0,0,116.30860640963833,0.0,0,True
0,2,0,0,0,17.816247634364252,5,0.49267191219898443,8,2,1,1.0,25.325301278699744,6,1,0,2,0.0,25.636729428143347,0.0,0.0,141.5008990045225,0.24413280831992196,1244.9094366917677,674.2247651416598,0.8658621545691703,1,2,2.676996941555988,0.0,0.0,94.13013907829227,0.0,0,45.24857500284908,0.0,0,True
0,5,0,0,0,4.23029052489886,5,0.4737751232946332,8,2,1,0.6764666978040981,25.325301278699744,8,1,0,1,16.253893310043924,25.636729428143347,0.0,0.0,141.5008990045225,0.24413280831992196,1244.9094366917677,674.2247651416598,0.01,1,2,4.054986373045079,0.0,0.0,94.13013907829227,2.7967084091875796,1,45.24857500284908,0.0,0,False
0,9,0,0,0,17.816247634364252,5,0.4912713709762063,8,2,1,1.0,25.325301278699744,7,1,0,0,0.0,73.95446583430038,0.0,0.0,141.5008990045225,0.24413280831992196,1244.9094366917677,674.2247651416598,0.8658621545691703,1,2,2.0,0.05972959224427082,0.0,93.44113068278745,0.0,0,45.24857500284908,42.018518246782634,0,False
0,2,0,0,2,4.23029052489886,5,0.4741661801095781,8,2,1,0.6764666978040981,25.325301278699744,5,1,0,0,0.0,73.95446583430038,0.0,0.0,141.5008990045225,0.12390997454508232,4087.910736975494,637.1070284412428,0.9111182249824819,1,1,3.215989704553529,0.0,0.0,94.13013907829227,0.0,6,116.30860640963833,0.0,2,True
0,1,0,0,0,17.816247634364252,5,0.49267191219898443,8,2,1,1.0,25.325301278699744,6,0,0,2,0.0,25.636729428143347,0.0,0.0,141.5008990045225,0.24413280831992196,1244.9094366917677,674.2247651416598,0.8658621545691703,1,2,2.0,0.0,0.0,94.13013907829227,0.0,0,45.24857500284908,0.0,0,True
0,2,0,0,0,17.816247634364252,13,0.49267191219898443,8,2,1,0.6764666978040981,117.10788541026939,1,1,0,1,0.0,43.56424864101634,0.0,0.0,141.5008990045225,0.1419273300888613,1244.9094366917677,674.2247651416598,0.9445874187408787,1,2,8.498414017465606,0.0,0.0,94.13013907829227,0.0,0,45.24857500284908,0.0,0,False
0,1,0,0,0,17.816247634364252,5,0.49267191219898443,8,2,1,1.0,25.325301278699744,6,1,0,2,0.0,25.636729428143347,0.0,0.0,141.5008990045225,0.24413280831992196,1244.9094366917677,674.2247651416598,0.8658621545691703,1,2,2.246991225219796,0.0,0.0,94.13013907829227,0.0,0,45.24857500284908,0.0,0,True
0,17,0,8,3,17.816247634364252,13,0.49267191219898443,21,2,1,0.6764666978040981,61.02419378659701,1,1,0,0,34.44365268731717,73.95446583430038,31573.36423197626,0.0,337.9473781635529,0.1419273300888613,1244.9094366917677,1721.096722780656,0.07471244862749662,12,23,6.877134689560398,0.06731028262298036,0.0,94.13013907829227,9.419576579414834,5,116.30860640963833,10.458474512565486,8,True
0,4,0,0,0,17.816247634364252,5,0.49267191219898443,8,2,1,1.0,25.325301278699744,5,1,0,0,0.0,25.636729428143347,0.0,0.0,141.5008990045225,0.1419273300888613,1244.9094366917677,674.2247651416598,0.8658621545691703,1,2,3.6144177458161484,0.0,0.0,94.13013907829227,0.0,0,45.24857500284908,0.0,0,True
0,2,0,0,0,17.816247634364252,5,0.49267191219898443,8,2,1,1.0,25.325301278699744,6,1,0,2,0.0,43.56424864101634,0.0,0.0,141.5008990045225,0.1419273300888613,1244.9094366917677,674.2247651416598,0.8658621545691703,1,2,2.0,0.0,0.0,94.13013907829227,0.0,0,45.24857500284908,0.0,0,True
0,1,0,0,0,17.816247634364252,5,0.49267191219898443,8,2,1,0.6764666978040981,25.325301278699744,6,1,0,2,0.0,25.636729428143347,0.0,0.0,141.5008990045225,0.24413280831992196,1244.9094366917677,674.2247651416598,0.3516681841739674,1,2,2.0,0.0,0.0,94.13013907829227,0.0,0,45.24857500284908,0.0,0,True
0,16,0,0,1,17.816247634364252,13,0.35666366712859743,8,2,1,0.6764666978040981,117.10788541026939,9,0,0,0,18.47948656962742,73.95446583430038,0.0,0.0,141.5008990045225,0.1419273300888613,4087.910736975494,1825.3506384510506,0.3953626307090173,4,9,37.576440428870285,0.0,0.0,94.13013907829227,0.0,2,116.30860640963833,0.0,10,False
0,4,0,0,0,17.816247634364252,5,0.40567988244792713,8,2,1,1.0,25.325301278699744,1,0,0,1,2.0147110786010316,43.56424864101634,0.0,0.0,141.5008990045225,0.24413280831992196,853.5089387210821,674.2247651416598,0.9050578013606168,1,1,7.03704953304017,0.0,0.0,94.13013907829227,2.2246685831688007,0,45.24857500284908,0.0,0,True
11,8,0,0,0,16.03507858037888,3,0.18969825360696466,8,2,1,0.7120843931083861,25.325301278699744,1,0,0,0,24.199005565876796,25.636729428143347,1285.6906660427492,0.0,141.5008990045225,0.1419273300888613,921.6143288579588,513.2263714409922,0.8893566386105849,4,7,7.529171544574474,0.09939707409582632,0.0,74.5198737873632,5.764368662361183,5,45.24857500284908,18.733196511119296,0,False
0,2,0,0,2,17.816247634364252,5,0.4605383741207726,8,2,1,0.6764666978040981,25.325301278699744,1,1,0,1,4.1978776695440345,73.95446583430038,0.0,0.0,141.5008990045225,0.1419273300888613,1244.9094366917677,674.2247651416598,0.8658621545691703,1,2,4.86982634666286,0.0,0.0,94.13013907829227,0.0,0,45.24857500284908,0.0,3,True
0,18,0,0,0,12.818650701664478,10,0.28509063041424737,8,2,1,0.6764666978040981,135.8253705404062,4,1,0,7,13.792430624549565,61.63404010797727,0.0,0.0,274.22240443792396,0.07502334406041014,568.1903123771871,674.2247651416598,1.0,12,1,2.0,0.1565454384369785,0.0,418.4205000998633,1.9082635368093728,1,42.512815643754735,45.865601549076366,30,False
0,3,0,0,0,17.816247634364252,5,0.49267191219898443,8,2,1,0.6764666978040981,25.325301278699744,12,1,0,2,0.0,43.56424864101634,0.0,0.0,141.5008990045225,0.24413280831992196,1244.9094366917677,674.2247651416598,0.8658621545691703,1,2,2.0,0.0,0.0,94.13013907829227,0.0,0,45.24857500284908,0.0,0,True
0,3,0,0,0,4.23029052489886,5,0.49267191219898443,8,2,1,1.0,25.325301278699744,4,1,0,0,1.4484882147592284,25.636729428143347,0.0,0.0,141.5008990045225,0.1419273300888613,1192.7897428722729,674.2247651416598,0.8658621545691703,1,2,4.2681983162807136,0.0,0.0,94.13013907829227,0.0,0,45.24857500284908,1.4566194976413975,0,False
0,1,0,0,0,17.242920689923732,5,0.49267191219898443,8,2,1,1.0,25.325301278699744,7,1,0,2,0.0,25.636729428143347,0.0,0.0,141.5008990045225,0.24413280831992196,1244.9094366917677,674.2247651416598,0.8658621545691703,1,2,2.0,0.0,0.0,89.55524745799164,0.0,0,45.24857500284908,0.0,0,True
0,5,0,0,0,4.23029052489886,5,0.49267191219898443,8,2,1,1.0,25.325301278699744,4,1,0,2,0.0,25.636729428143347,0.0,0.0,141.5008990045225,0.24413280831992196,1244.9094366917677,674.2247651416598,0.8658621545691703,1,2,3.7938357484199683,0.0,0.0,94.13013907829227,0.0,0,45.24857500284908,0.0,0,True
0,3,0,0,0,4.23029052489886,33,0.49267191219898443,8,2,1,0.6764666978040981,25.325301278699744,1,1,0,0,0.0,43.56424864101634,0.0,0.0,337.9473781635529,0.1419273300888613,1244.9094366917677,674.2247651416598,0.900732258714032,1,2,2.0,0.0,0.0,94.13013907829227,0.0,0,45.24857500284908,0.0,1,True
3,4,0,0,0,27.97813408362722,3,0.17705990444529823,7,2,1,1.0,16.178887923958015,2,0,0,2,9.278074750598812,58.23949424191135,2164.6741650081926,0.0,141.5008990045225,0.13794234488348514,33974.19010176439,422.98075798058954,0.9568761583265926,1,0,4.2354221075378415,0.1635997241518058,0.0,29.86212729084598,11.580309273939397,11,17.305947821055668,42.15520666226416,1,False
0,7,0,0,0,17.816247634364252,5,0.49267191219898443,8,2,1,0.6764666978040981,25.325301278699744,7,1,0,2,0.0,25.636729428143347,0.0,0.0,141.5008990045225,0.24413280831992196,1244.9094366917677,674.2247651416598,0.8658621545691703,1,2,2.0,0.0,0.0,94.13013907829227,0.0,0,45.24857500284908,0.0,0,True
0,1,0,0,0,4.23029052489886,5,0.49267191219898443,8,2,1,1.0,25.325301278699744,6,1,0,0,0.0,25.636729428143347,0.0,0.0,141.5008990045225,0.24413280831992196,1244.9094366917677,674.2247651416598,0.8658621545691703,1,2,2.0,0.0,0.0,94.13013907829227,0.0,0,45.24857500284908,0.0,0,True
0,1,0,0,0,17.816247634364252,5,0.49267191219898443,8,2,1,0.6764666978040981,25.325301278699744,6,1,0,2,0.0,25.636729428143347,0.0,0.0,141.5008990045225,0.24413280831992196,1244.9094366917677,674.2247651416598,0.8658621545691703,1,2,2.0,0.0,0.0,94.13013907829227,0.0,0,235.56730356982,0.0,0,True
0,64,0,0,5,4.23029052489886,5,0.47077497232473486,8,2,1,1.0,25.325301278699744,4,1,0,0,11.163768386408425,43.56424864101634,0.0,0.0,337.9473781635529,0.1419273300888613,1244.9094366917677,674.2247651416598,0.01,1,2,12.2783826432922,0.045079297103634314,0.0,94.13013907829227,0.0,4,45.24857500284908,2.6988451251782775,0,True
0,1,0,0,0,17.816247634364252,5,0.4737663430575423,1,2,1,0.6764666978040981,25.325301278699744,3,1,0,0,0.0,25.636729428143347,0.0,0.0,141.5008990045225,0.24413280831992196,1209.4292103223038,674.2247651416598,0.8828829397153152,0,2,5.550927643157453,0.0,0.0,94.13013907829227,0.0,1,45.24857500284908,0.04421660250194759,0,True
0,1,0,0,0,14.06850996035764,5,0.4694134190909115,1,0,1,1.0,23.02887846000328,5,1,0,0,0.0,25.636729428143347,0.0,0.0,141.5008990045225,0.1419273300888613,1244.9094366917677,674.2247651416598,0.8857602835124416,4,2,3.007429742261151,0.0,0.0,93.17183339133689,0.0,0,45.24857500284908,0.0,0,True
0,7,0,0,0,17.816247634364252,5,0.49267191219898443,8,2,1,0.6764666978040981,25.325301278699744,6,1,0,0,0.0,43.56424864101634,0.0,0.0,141.5008990045225,0.1419273300888613,1244.9094366917677,674.2247651416598,0.8658621545691703,1,2,2.0,0.0,0.0,94.13013907829227,0.0,0,45.24857500284908,0.0,0,True
0,1,0,0,0,4.23029052489886,5,0.49267191219898443,8,0,1,1.0,25.325301278699744,5,1,0,2,0.0,25.636729428143347,0.0,0.0,141.5008990045225,0.24413280831992196,1238.3823552664269,674.2247651416598,0.38906276035385795,1,2,6.386475195621628,0.0,0.0,94.13013907829227,0.0,0,45.24857500284908,0.0,0,True
0,5,0,0,0,17.816247634364252,5,0.49267191219898443,8,2,1,0.6764666978040981,25.325301278699744,6,1,0,0,0.0,43.56424864101634,0.0,0.0,141.5008990045225,0.1419273300888613,1244.9094366917677,674.2247651416598,0.8666028641796609,1,2,2.180879521637072,0.0,0.0,94.13013907829227,0.0,0,45.24857500284908,0.0,0,False
0,3,0,0,0,15.423027809103694,4,0.7540390441737035,1,0,1,1.0,23.700917893116884,4,1,0,1,0.0,16.704479766483082,56.56714279881999,0.0,112.50803010020206,0.24413280831992196,645.742882209411,674.2247651416598,0.9292008657376944,0,1,5.117164008101506,0.533440292813679,0.0,64.97740302723079,0.0,0,45.24857500284908,25.95169180285203,12,True
19,1,1,0,0,10.719833099129616,10,0.29027040985722047,1,2,1,1.0,134.2253111910018,1,0,0,1,0.0,20.575474347595083,6430.372924111165,0.0,244.51455165109073,0.10696096450067852,1244.9094366917677,518.4172386386012,0.4950473895558552,1,0,8.98247635651581,0.0,0.0,165.51667428149656,2.279722727855445,13,37.58113584247914,0.0,11,False
2,8,1,0,0,0.701287323944729,27,0.3867885484993856,16,2,1,1.0,16.75475401386349,4,1,0,4,15.62603909887396,43.56424864101634,1557.4945682413372,0.0,337.9473781635529,0.0750943942283426,347.7222487552604,456.8032193251006,0.041751030543478035,0,1,30.0743737066726,0.0290599741555108,0.0,170.2430337895795,14.80511073373224,3,101.15501543679858,63.059101937137136,11,False
0,1,0,0,0,2.9065389291250017,5,0.49267191219898443,8,2,1,1.0,25.325301278699744,6,1,0,1,0.0,25.636729428143347,0.0,0.0,127.98488997184688,0.24413280831992196,400.94075223562106,674.2247651416598,0.877631059483177,1,2,2.0,0.0,0.0,57.32353922550838,0.822095980366135,0,44.37833635744792,0.0,0,True
0,1,0,0,0,17.816247634364252,5,0.49267191219898443,8,2,1,0.6764666978040981,25.325301278699744,5,1,0,2,0.0,43.56424864101634,0.0,0.0,141.5008990045225,0.5044243830476912,1244.9094366917677,674.2247651416598,0.01,1,2,2.0,0.0,0.0,94.13013907829227,0.0,0,45.24857500284908,0.0,0,True
0,1,0,0,0,17.816247634364252,5,1.4265414934963134,8,2,1,0.6764666978040981,25.325301278699744,5,1,0,2,0.0,43.56424864101634,0.0,0.0,141.5008990045225,0.24413280831992196,1244.9094366917677,674.2247651416598,0.8658621545691703,1,2,2.0,0.0,0.0,94.13013907829227,0.0,0,45.24857500284908,0.0,0,True
0,5,0,0,0,17.816247634364252,5,0.4435022855881854,8,2,18,1.0,25.325301278699744,3,1,0,2,0.0,25.636729428143347,0.0,0.0,141.5008990045225,0.24413280831992196,1068.0889551419023,674.2247651416598,0.3516681841739674,1,2,3.289813692433032,0.0,0.0,94.13013907829227,0.0,0,45.24857500284908,0.0,0,True
0,2,0,0,0,17.816247634364252,5,0.49267191219898443,8,2,1,0.6764666978040981,25.325301278699744,5,1,0,2,0.0,43.56424864101634,0.0,0.0,141.5008990045225,0.24413280831992196,1244.9094366917677,674.2247651416598,0.9005923412146397,1,2,2.0,0.0018660290101336768,0.0,94.13013907829227,0.0,0,45.24857500284908,0.0,0,True
0,5,0,0,0,17.816247634364252,5,0.49267191219898443,8,2,1,0.6764666978040981,25.325301278699744,6,1,0,2,0.0,25.636729428143347,0.0,0.0,141.5008990045225,0.5044243830476912,1244.9094366917677,674.2247651416598,0.8658621545691703,1,2,2.0,0.0,0.0,94.13013907829227,0.0,0,45.24857500284908,0.0,0,True
0,1,0,0,0,4.23029052489886,5,0.49267191219898443,8,2,1,0.6764666978040981,25.325301278699744,6,1,0,2,0.0,25.636729428143347,0.0,0.0,141.5008990045225,0.1419273300888613,1244.9094366917677,674.2247651416598,0.8826706000745456,1,2,2.0,0.0,0.0,94.13013907829227,0.0,0,45.24857500284908,0.0,0,False
0,8,0,0,0,17.816247634364252,5,0.49267191219898443,8,2,1,0.6764666978040981,25.325301278699744,6,1,0,2,0.0,43.56424864101634,0.0,0.0,141.5008990045225,0.1419273300888613,1244.9094366917677,674.2247651416598,0.8658621545691703,1,2,2.0,0.0,0.0,94.13013907829227,0.0,0,45.24857500284908,0.0,0,True
0,8,0,0,0,17.816247634364252,5,0.49267191219898443,8,2,1,1.0,25.325301278699744,6,1,0,2,0.0,25.636729428143347,0.0,0.0,141.5008990045225,0.24413280831992196,934.3193799853623,674.2247651416598,0.8658621545691703,1,2,6.363921395155661,0.0,0.0,94.13013907829227,0.0,0,45.24857500284908,0.0,0,True
0,1,0,0,0,4.23029052489886,5,0.49267191219898443,8,2,1,1.0,25.325301278699744,4,1,0,2,0.0,25.636729428143347,0.0,0.0,141.5008990045225,0.5044243830476912,1244.9094366917677,674.2247651416598,0.9436497440444087,1,0,2.0,0.06715082124273736,0.0,94.13013907829227,0.0,0,45.24857500284908,0.0,0,True
0,1,0,0,0,17.816247634364252,5,0.49267191219898443,8,2,1,0.7411192472306346,25.325301278699744,6,1,0,2,0.0,43.56424864101634,0.0,0.0,141.5008990045225,0.24413280831992196,1244.9094366917677,674.2247651416598,0.3516681841739674,1,2,2.0,0.0,0.0,94.13013907829227,0.0,0,45.24857500284908,0.0,0,True
0,1,0,0,0,17.816247634364252,5,0.49267191219898443,8,2,1,0.6764666978040981,25.325301278699744,12,1,0,2,0.0,25.636729428143347,0.0,0.0,141.5008990045225,0.1419273300888613,1244.9094366917677,674.2247651416598,0.9070007405547031,1,2,2.0,0.0,0.0,94.13013907829227,0.0,0,45.24857500284908,0.0,0,False
0,4,0,1,0,3.2490808446900568,12,0.32785745594005344,8,2,1,1.0,85.12031738013596,4,1,0,0,0.0,23.244703312941972,0.0,0.0,141.5008990045225,0.12422681921145814,999.2274247031038,623.3540028574687,0.01,11,6,4.415101872915803,0.04366681061848244,0.0,84.76985767226472,0.0,4,96.25876874296395,0.0,0,False
0,20,0,0,0,17.816247634364252,5,0.49267191219898443,8,2,1,0.6764666978040981,25.325301278699744,5,1,0,2,11.37444396508298,25.636729428143347,0.0,0.0,141.5008990045225,0.5044243830476912,1244.9094366917677,674.2247651416598,0.8658621545691703,1,2,2.120279384857537,0.0,0.0,488.48187291275303,0.0,0,45.24857500284908,0.0,0,True
0,6,0,0,0,17.816247634364252,13,0.27661054666235535,8,2,1,1.0,25.325301278699744,3,1,0,2,24.008083967861733,43.56424864101634,0.0,0.0,141.5008990045225,0.1419273300888613,1239.1408792431525,674.2247651416598,0.8658621545691703,4,2,7.133891875345859,0.0765299807773476,0.0,94.13013907829227,0.0,0,45.24857500284908,85.33621564008723,0,True
0,1,0,0,0,4.23029052489886,33,0.49267191219898443,8,2,1,0.7411192472306346,25.325301278699744,11,1,0,1,0.0,25.636729428143347,0.0,0.0,141.5008990045225,0.1419273300888613,929.761085100597,674.2247651416598,0.9098503338116756,1,1,2.0,0.0,0.0,94.13013907829227,0.0,0,45.24857500284908,0.0,0,True
0,12,0,0,0,17.816247634364252,5,0.4536932826033415,8,2,1,0.7411192472306346,25.325301278699744,9,1,0,3,0.3212908631448652,43.56424864101634,0.0,0.0,141.5008990045225,0.1419273300888613,1244.9094366917677,674.2247651416598,0.9403562838096703,4,2,2.0750509532517514,0.04802959446878195,0.0,94.13013907829227,0.0,5,45.24857500284908,0.0,0,True
0,2,0,0,0,17.816247634364252,5,0.49267191219898443,21,2,1,0.6764666978040981,25.325301278699744,11,0,0,1,0.0,43.56424864101634,0.0,0.0,141.5008990045225,0.1419273300888613,1244.9094366917677,674.2247651416598,0.01,1,2,2.0,0.0,0.0,94.13013907829227,0.0,0,45.24857500284908,0.5044995056339306,0,False
0,1,0,0,0,17.816247634364252,5,1.4265414934963134,8,2,1,0.6764666978040981,25.325301278699744,6,1,0,2,0.0,25.636729428143347,0.0,0.0,141.5008990045225,0.24413280831992196,1244.9094366917677,674.2247651416598,0.8658621545691703,1,2,2.0,0.0,0.0,94.13013907829227,0.0,0,45.24857500284908,0.0,0,True
0,4,0,0,0,17.816247634364252,5,0.49267191219898443,8,2,1,0.6764666978040981,25.325301278699744,6,1,0,2,0.0,25.636729428143347,0.0,0.0,141.5008990045225,0.1419273300888613,1244.9094366917677,674.2247651416598,0.8658621545691703,1,2,2.0,0.0,0.0,94.13013907829227,0.0,0,45.24857500284908,0.0,0,True
0,2,0,0,0,17.816247634364252,5,0.49267191219898443,8,2,1,1.0,25.325301278699744,6,1,0,0,0.0,25.636729428143347,0.0,0.0,141.5008990045225,0.1419273300888613,1244.9094366917677,674.2247651416598,0.8658621545691703,1,2,2.0,0.0,0.0,94.13013907829227,0.0,0,45.24857500284908,0.0,0,True
0,4,0,0,0,17.816247634364252,5,0.49267191219898443,8,2,1,0.6764666978040981,25.325301278699744,6,1,0,0,0.0,25.636729428143347,0.0,0.0,141.5008990045225,0.5044243830476912,1244.9094366917677,674.2247651416598,0.9169038505725785,1,2,6.5358149118721505,0.0,0.0,94.13013907829227,0.0,0,45.24857500284908,0.0,0,True
0,1,0,0,0,17.816247634364252,5,0.49267191219898443,8,2,1,1.0,25.325301278699744,6,0,0,2,0.0,43.56424864101634,0.0,0.0,141.5008990045225,0.24413280831992196,1244.9094366917677,674.2247651416598,0.8658621545691703,1,2,2.0,0.0,0.0,94.13013907829227,0.0,0,45.24857500284908,0.0,0,True
0,12,0,0,0,17.816247634364252,5,0.49267191219898443,8,2,1,1.0,61.02419378659701,6,1,0,2,0.0,43.56424864101634,0.0,0.0,141.5008990045225,0.1419273300888613,1244.9094366917677,674.2247651416598,0.8658621545691703,4,2,2.0,0.0,0.0,94.13013907829227,0.0,0,45.24857500284908,0.0,0,True
0,1,1,1,0,0.0,7,0.08851898132458327,17,2,1,0.4759400311934425,49.66895559763277,4,0,0,0,20.24973394208589,46.3478188377607,10542.64408476899,0.04401786827234405,533.2510645117518,0.12745754073387253,484.3581767573478,2263.4766185846042,0.19836944344012677,8,0,42.82298790560893,0.021527911330222207,0.0,211.00128263084625,2.2067303666079807,16,22.6617450139718,20.96083949244085,37,True
0,10,1,2,0,17.816247634364252,5,0.28963058277159237,8,2,1,1.0,61.02419378659701,6,0,0,1,9.180930000488726,43.56424864101634,2720.4031066299576,0.0,337.9473781635529,0.1419273300888613,1244.9094366917677,1825.3506384510506,0.01,12,2,15.314586753572112,0.012272554706866362,0.0,215.04218802129668,0.0,9,116.30860640963833,14.163011212079411,81,True
0,5,0,0,0,17.816247634364252,5,0.49267191219898443,8,2,1,1.0,25.325301278699744,5,1,0,2,0.0,25.636729428143347,0.0,0.0,141.5008990045225,0.1419273300888613,1154.593931088596,674.2247651416598,0.8662685827155374,1,2,5.716773073782729,0.0,0.0,94.13013907829227,0.0,0,45.24857500284908,0.0,0,True
0,1,0,0,0,4.23029052489886,5,0.49267191219898443,8,2,1,1.0,25.325301278699744,6,0,0,2,0.0,25.636729428143347,0.0,0.0,141.5008990045225,0.24413280831992196,1244.9094366917677,674.2247651416598,0.8658621545691703,1,2,2.0,0.0,0.0,94.13013907829227,0.0,0,45.24857500284908,0.0,0,True
0,4,0,0,0,4.23029052489886,5,0.49267191219898443,8,2,1,0.6764666978040981,25.325301278699744,6,1,0,2,0.0,25.636729428143347,0.0,0.0,141.5008990045225,0.1419273300888613,1244.9094366917677,674.2247651416598,0.8658621545691703,1,2,2.0,0.0,0.0,94.13013907829227,0.0,0,45.24857500284908,0.449689275515606,0,True
0,3,0,0,0,17.816247634364252,5,1.4265414934963134,8,2,1,0.6764666978040981,135.8253705404062,6,1,0,2,0.0,25.636729428143347,0.0,0.0,141.5008990045225,0.24413280831992196,1244.9094366917677,674.2247651416598,0.8658621545691703,1,2,2.0,0.0,0.0,94.13013907829227,0.0,0,45.24857500284908,10.226517019218194,0,True
0,9,0,0,0,17.816247634364252,5,0.49267191219898443,8,2,1,1.0,25.325301278699744,12,1,0,2,0.0,25.636729428143347,0.0,0.0,141.5008990045225,0.24413280831992196,1244.9094366917677,674.2247651416598,0.8658621545691703,1,2,2.0,0.0,0.0,94.13013907829227,0.0,0,45.24857500284908,0.0,0,True
0,1,0,0,0,17.816247634364252,5,0.49267191219898443,8,0,1,1.0,25.325301278699744,5,1,0,0,0.0,25.636729428143347,0.0,0.0,141.5008990045225,0.24413280831992196,1244.9094366917677,674.2247651416598,0.8658621545691703,1,2,2.0,0.0,0.0,94.13013907829227,0.0,0,45.24857500284908,2.972617741689131,0,False
0,4,0,0,0,4.23029052489886,13,0.49267191219898443,8,2,1,1.0,25.325301278699744,5,1,0,2,0.0,25.636729428143347,0.0,0.0,141.5008990045225,0.24413280831992196,1225.0284292032682,674.2247651416598,0.3566635093030227,1,2,2.4792277803610747,0.0,0.0,94.13013907829227,0.0,0,45.24857500284908,0.0,0,True
0,5,0,0,0,17.816247634364252,5,0.49267191219898443,8,2,1,0.6764666978040981,25.325301278699744,6,1,0,2,0.0,43.56424864101634,0.0,0.0,141.5008990045225,0.24413280831992196,1244.9094366917677,674.2247651416598,0.8658621545691703,1,2,2.0,0.0,0.0,94.13013907829227,0.0,0,45.24857500284908,0.0,0,False
0,1,0,0,0,17.816247634364252,5,0.49267191219898443,8,0,1,1.0,25.325301278699744,4,1,0,2,0.0,25.636729428143347,0.0,0.0,141.5008990045225,0.24413280831992196,1244.9094366917677,674.2247651416598,0.8658621545691703,1,1,2.0,0.0,0.0,94.13013907829227,0.0,0,45.24857500284908,0.0,0,True
0,6,0,0,0,13.331281010417872,13,0.40292421437762194,5,2,7,0.6764666978040981,24.64953403789428,5,0,0,2,1.5409863404365947,25.636729428143347,5217.521389518066,0.0,99.88849069667393,0.39983144280554794,618.0893554224551,498.78644029303365,0.4333209866055467,0,0,4.696648448748681,0.0837063248427296,0.0,68.05778303932314,2.1439261302234747,4,45.24857500284908,19.382031470142145,7,True
0,1,0,0,0,17.816247634364252,5,1.4265414934963134,8,2,1,1.0,25.325301278699744,6,1,0,2,0.0,25.636729428143347,0.0,0.0,141.5008990045225,0.24413280831992196,1244.9094366917677,674.2247651416598,0.8658621545691703,1,2,2.0,0.0,0.0,94.13013907829227,0.0,0,45.24857500284908,0.0,0,False
0,6,0,0,0,17.816247634364252,5,0.49267191219898443,8,2,1,0.6764666978040981,264.26547505728075,5,1,0,2,11.261130318007048,43.56424864101634,0.0,0.0,141.5008990045225,0.24413280831992196,1244.9094366917677,674.2247651416598,0.8658621545691703,1,2,7.910441185919859,0.0,0.0,94.13013907829227,0.0,0,45.24857500284908,0.0,0,True
0,1,0,0,0,17.816247634364252,5,0.49267191219898443,8,2,1,1.0,25.325301278699744,6,1,0,2,0.0,25.636729428143347,0.0,0.0,141.5008990045225,0.24413280831992196,1244.9094366917677,674.2247651416598,0.8658621545691703,1,2,2.3714597019682806,0.0,0.0,94.13013907829227,0.0,0,45.24857500284908,0.0,0,True
0,2,0,0,0,17.816247634364252,5,0.4368125669045525,8,2,1,1.0,25.325301278699744,4,1,0,2,0.0,43.56424864101634,0.0,0.0,141.5008990045225,0.24413280831992196,955.1988250983985,674.2247651416598,0.8658621545691703,1,2,2.0,0.07373867974994172,0.0,94.13013907829227,0.0,0,45.24857500284908,0.0,0,True
0,4,0,0,0,17.816247634364252,5,0.49267191219898443,8,2,1,1.0,25.325301278699744,6,1,0,1,0.0,43.56424864101634,0.0,0.0,141.5008990045225,0.24413280831992196,1138.3784356354083,674.2247651416598,0.9029952263296386,1,2,3.8238310747425976,0.0,0.0,440.81816666661916,0.0,0,45.24857500284908,0.0,0,False
0,5,0,0,0,4.23029052489886,5,0.49267191219898443,8,2,1,0.6764666978040981,25.325301278699744,6,1,0,0,0.0,43.56424864101634,0.0,0.0,141.5008990045225,0.1419273300888613,1244.9094366917677,674.2247651416598,0.8658621545691703,1,2,2.0,0.0,0.0,94.13013907829227,0.0,0,45.24857500284908,0.0,0,True
0,8,0,0,0,17.816247634364252,5,0.49267191219898443,8,2,1,0.6764666978040981,25.325301278699744,6,1,0,2,11.55545202271291,43.56424864101634,0.0,0.0,141.5008990045225,0.1419273300888613,1244.9094366917677,674.2247651416598,0.8713222582955947,4,186,2.0,0.0,0.0,94.13013907829227,0.0,0,235.56730356982,0.0,0,True
4,17,1,0,12,1.9285682726074573,4,0.050335897253443646,7,2,1,0.33867755424944906,61.02419378659701,7,0,29,0,34.41382333106806,25.889778095182155,45677.55120646216,0.25514530663565277,599.9962388971545,0.05310875465122113,1244.9094366917677,1168.676417010455,0.24612838833919037,11,6,14.027073191099149,0.07304590059502072,6.107951106021048,215.04218802129668,12.412336069535309,37,59.68898586418863,25.859638762087762,28,False
0,7,0,0,0,17.816247634364252,5,0.49267191219898443,8,2,1,1.0,25.325301278699744,6,1,0,2,0.0,43.56424864101634,0.0,0.0,141.5008990045225,0.24413280831992196,1244.9094366917677,674.2247651416598,0.8658621545691703,1,2,2.0,0.0,0.0,94.13013907829227,0.0,0,45.24857500284908,0.0,0,True
0,4,1,1,6,17.816247634364252,13,0.33580541996152513,5,2,1,1.0,61.02419378659701,8,0,0,1,0.331891438629091,73.95446583430038,980.8553929422292,0.0,337.9473781635529,0.1419273300888613,1244.9094366917677,674.2247651416598,0.01,1,5,17.13912756031875,0.04603539843338191,0.0,215.04218802129668,9.167664954538024,0,39.974745511571335,0.0,17,False
0,4,0,0,0,17.816247634364252,5,0.49267191219898443,8,2,1,0.6764666978040981,25.325301278699744,5,1,0,2,0.0,25.636729428143347,0.0,0.0,141.5008990045225,0.24413280831992196,1244.9094366917677,674.2247651416598,0.8658621545691703,1,2,2.0,0.0,0.0,94.13013907829227,0.0,0,45.24857500284908,0.0,0,False
0,20,1,0,5,17.816247634364252,13,0.49267191219898443,21,2,1,0.7411192472306346,61.02419378659701,6,1,0,2,0.0,43.56424864101634,10062.85787123683,0.0,337.9473781635529,0.12157778284623996,1244.9094366917677,1791.5742793761533,0.029781466125795297,1,46,2.1627106425719624,0.0437445261244319,0.0,215.04218802129668,5.674527196949626,12,235.56730356982,32.09448805517938,43,True
0,1,0,0,0,4.23029052489886,5,0.3670878261419061,8,0,1,0.6764666978040981,25.325301278699744,6,1,0,2,0.0,25.636729428143347,0.0,0.0,141.5008990045225,0.1419273300888613,1244.9094366917677,674.2247651416598,0.8949186307354307,1,2,2.0,0.0,0.0,94.13013907829227,0.0,0,45.24857500284908,0.0,0,True
0,3,0,0,0,17.816247634364252,5,0.49267191219898443,8,0,1,1.0,25.325301278699744,6,1,0,2,0.0,25.636729428143347,0.0,0.0,141.5008990045225,0.24413280831992196,1244.9094366917677,674.2247651416598,0.8658621545691703,1,2,2.0,0.0,0.0,94.13013907829227,0.0,0,45.24857500284908,0.0,0,True
0,5,0,7,3,17.816247634364252,5,0.37109613514339634,8,2,4,1.0,117.10788541026939,5,0,0,1,10.309860566323774,43.56424864101634,0.0,0.0,141.5008990045225,0.24413280831992196,1244.9094366917677,600.9235862952836,0.9781053746686343,1,0,15.994165442108638,0.04074183657609138,0.0,94.13013907829227,0.4673762475218881,3,436.74803091409007,0.0,8,True
0,1,0,0,0,4.23029052489886,5,0.49267191219898443,1,2,1,1.0,25.325301278699744,6,1,0,2,0.0,25.636729428143347,0.0,0.0,141.5008990045225,0.24413280831992196,1244.9094366917677,674.2247651416598,0.9420833810968586,1,2,2.0,0.0,0.0,94.13013907829227,0.0,0,45.24857500284908,0.0,0,True
10,24,2,1,7,8.198255572585214,7,0.06784922903463293,5,2,1,0.9432548005352387,117.10788541026939,1,0,34,2,45.21135900720911,49.697860848570585,69969.83917854878,0.5084848165524073,225.88542957456565,0.050073805766411725,716.7091974998832,1175.2482025060199,0.0976599822669956,9,7,17.434974398699605,0.19154533429599338,66.12808705141248,455.11171656275366,21.71260912492406,37,30.53040996970394,93.02,52,False
0,7,0,0,0,17.816247634364252,5,0.49267191219898443,8,2,1,1.0,117.10788541026939,12,0,0,0,0.0,43.56424864101634,2959.416297224212,0.0,141.5008990045225,0.1419273300888613,4087.910736975494,1825.3506384510506,0.11333456698109506,4,2,4.671628095878994,0.0,0.0,94.13013907829227,2.8506674340994262,1,45.24857500284908,0.7754380655387383,33,True
0,16,0,0,0,17.816247634364252,13,0.3974729387949846,8,2,1,1.0,117.10788541026939,1,0,0,2,0.0,73.95446583430038,0.0,0.0,337.9473781635529,0.1419273300888613,4087.910736975494,1825.3506384510506,0.08284619739888413,4,2,22.208836011155196,0.0,0.0,94.13013907829227,16.944325400540293,7,235.56730356982,24.883428480394205,16,True
0,8,0,0,0,12.767346903394547,28,0.4469586352597009,8,2,1,0.6764666978040981,117.10788541026939,1,1,0,0,13.194695786143447,73.95446583430038,0.0,0.0,337.9473781635529,0.10013652196456119,4087.910736975494,674.2247651416598,0.01,1,1,11.377618917530771,0.003925862472851552,0.0,87.24977465090666,10.906115017387705,0,116.30860640963833,0.0,12,True
0,3,0,0,0,3.126955669050764,5,0.2049750138083074,18,2,1,1.0,22.20669039550229,4,1,0,2,8.673159680297397,25.636729428143347,0.0,0.0,141.5008990045225,0.13227097091130396,1072.2705649840386,1825.3506384510506,0.38885438166378516,8,2,7.946200401923424,0.095028382772857,0.0,94.13013907829227,0.0,0,45.24857500284908,28.20033722404802,18,True
0,4,0,0,0,16.49938727404421,5,0.4453203364253142,8,2,1,1.0,25.325301278699744,1,1,0,1,5.193934481850496,24.744369869997797,0.0,0.0,141.5008990045225,0.5044243830476912,843.6863946677942,674.2247651416598,0.3580342472339114,0,2,5.472324902078994,0.045468609322375196,0.0,94.13013907829227,0.0,2,36.1223102281036,1.4383113210207523,0,False
0,10,0,0,0,17.816247634364252,5,0.49267191219898443,8,2,1,1.0,25.325301278699744,5,1,0,2,0.0,25.636729428143347,0.0,0.0,141.5008990045225,0.24413280831992196,1244.9094366917677,674.2247651416598,0.8658621545691703,1,2,2.0,0.0,0.0,94.13013907829227,0.0,0,45.24857500284908,0.0,0,True
0,1,0,0,0,4.23029052489886,5,0.49267191219898443,8,2,1,0.6764666978040981,25.325301278699744,6,1,0,2,0.0,25.636729428143347,0.0,0.0,141.5008990045225,0.5044243830476912,1244.9094366917677,674.2247651416598,0.8658621545691703,1,2,2.0,0.0,0.0,94.13013907829227,0.0,0,45.24857500284908,0.0,0,False
0,7,0,0,0,17.816247634364252,30,0.49267191219898443,8,2,1,1.0,25.325301278699744,6,1,0,0,0.0,43.56424864101634,0.0,0.0,141.5008990045225,0.1419273300888613,1244.9094366917677,674.2247651416598,0.01,1,9,2.0,0.0,0.0,94.13013907829227,0.0,0,116.30860640963833,0.0,0,True
0,5,0,0,0,17.816247634364252,5,0.49267191219898443,8,2,1,0.6764666978040981,25.325301278699744,5,1,0,2,0.0,43.56424864101634,0.0,0.0,337.9473781635529,0.24413280831992196,4087.910736975494,674.2247651416598,0.01,1,2,2.0,0.0,0.0,94.13013907829227,0.0,0,45.24857500284908,0.0,0,True
0,2,0,0,0,17.816247634364252,30,0.49267191219898443,8,2,1,1.0,25.325301278699744,6,1,0,0,0.0,25.636729428143347,0.0,0.0,141.5008990045225,0.24413280831992196,1244.9094366917677,674.2247651416598,0.8658621545691703,1,2,2.0,0.0,0.0,94.13013907829227,0.0,0,45.24857500284908,0.0,0,True
0,20,1,0,0,3.5086911244231547,30,0.49267191219898443,8,2,1,0.6764666978040981,25.325301278699744,3,1,0,2,5.655618890175015,43.56424864101634,0.0,0.0,141.5008990045225,0.67,1244.9094366917677,674.2247651416598,0.41235411626446944,57,8,6.208738049864069,0.0917582335392009,0.0,94.13013907829227,7.79162722191796,0,45.24857500284908,2.742948812237464,7,True
0,10,0,0,0,17.816247634364252,13,0.49267191219898443,8,2,1,0.6764666978040981,61.02419378659701,12,1,0,0,0.0,43.56424864101634,0.0,0.0,337.9473781635529,0.1419273300888613,1244.9094366917677,1825.3506384510506,0.01,4,2,2.0,0.0,0.0,94.13013907829227,0.9999843245656823,1,116.30860640963833,0.0,29,True
0,5,0,0,0,17.816247634364252,5,0.49267191219898443,8,2,1,1.0,25.325301278699744,2,1,0,2,0.0,43.56424864101634,0.0,0.0,141.5008990045225,0.1419273300888613,1244.9094366917677,674.2247651416598,0.8658621545691703,4,2,2.0,0.04597548741176562,0.0,94.13013907829227,0.0,0,45.24857500284908,1.3171104551492505,0,True
0,1,0,0,0,17.816247634364252,5,1.2859429541208054,8,2,1,1.0,25.325301278699744,5,1,0,1,0.0,25.636729428143347,0.0,0.0,141.5008990045225,0.24413280831992196,1197.3946804748186,602.5672677588979,0.9162379950141026,20,2,2.0,0.4421617048125424,0.0,94.13013907829227,0.0,0,45.24857500284908,0.0,0,True
0,19,0,0,0,17.816247634364252,5,0.4883853630884898,8,2,1,0.6764666978040981,117.10788541026939,5,1,0,3,4.380631124746447,73.95446583430038,0.0,0.0,337.9473781635529,0.11752968950710765,1235.4987529903744,1825.3506384510506,0.01,12,1,2.0,0.0,0.0,94.13013907829227,0.0,3,45.24857500284908,47.63607881347339,0,True
0,12,0,0,0,17.816247634364252,5,0.49267191219898443,8,2,1,1.0,25.325301278699744,11,1,0,0,0.0,43.56424864101634,0.0,0.0,141.5008990045225,0.1419273300888613,17343.841975967014,635.6577352551742,0.9058015803728828,1,2,6.083067918458825,0.0,0.0,94.13013907829227,0.0,0,45.24857500284908,7.646356781407955,0,True
0,4,0,0,0,17.816247634364252,5,1.921873933207988,8,2,1,1.0,25.325301278699744,1,1,0,2,0.0,25.636729428143347,0.0,0.0,141.5008990045225,0.24413280831992196,1177.052721818197,674.2247651416598,0.8658621545691703,1,2,2.0,0.048350260161667574,0.0,94.13013907829227,0.0,0,45.24857500284908,0.0,0,True
0,1,0,0,0,17.816247634364252,4,1.303980183975877,8,0,1,1.0,25.325301278699744,5,1,0,2,0.0,25.636729428143347,0.0,0.0,141.5008990045225,0.24413280831992196,1244.9094366917677,674.2247651416598,0.9132916526391175,1,2,2.0,0.0,0.0,94.13013907829227,0.0,0,45.24857500284908,0.0,0,False
2,9,0,0,0,3.3512769786157945,5,0.12339388222511653,8,2,1,0.6764666978040981,18.639659625313612,1,1,0,1,0.0,73.95446583430038,0.0,0.002519217664381672,141.5008990045225,0.13845919376665797,596.162542927763,1783.5033130252368,0.13824781786781276,0,43,2.0,0.08739306911419266,0.0,57.92171929030384,4.982461512405369,6,37.54894531844557,0.0,17,False
0,10,1,0,0,17.816247634364252,4,0.3412898082468086,8,2,1,0.7411192472306346,25.325301278699744,4,1,0,0,7.536448190352425,73.95446583430038,0.0,0.0,337.9473781635529,0.1419273300888613,3858.4368801889977,674.2247651416598,0.8780889906172832,12,2,15.182541012927622,0.1175629107815066,0.0,205.66477650836435,0.0,0,235.56730356982,1.4675890657509463,6,True
0,2,0,0,0,17.816247634364252,5,0.4492296155612322,8,2,1,0.6764666978040981,25.325301278699744,4,1,0,2,0.0,25.636729428143347,0.0,0.0,141.5008990045225,0.24413280831992196,933.4380001207807,674.2247651416598,0.8658621545691703,1,2,2.1296117774908385,0.0,0.0,94.13013907829227,0.0,0,45.24857500284908,0.0,0,True
0,1,0,0,0,17.816247634364252,5,0.49267191219898443,8,2,1,1.0,25.325301278699744,5,1,0,0,0.0,25.636729428143347,0.0,0.0,337.9473781635529,0.24413280831992196,1244.9094366917677,674.2247651416598,0.951436895051197,1,2,2.0,0.0,0.0,94.13013907829227,0.0,0,45.24857500284908,0.0,0,True
0,10,0,0,0,1.1100008822795413,55,0.12786108004341776,1,0,4,0.7411192472306346,101.06000540783683,1,1,0,1,6.673454238382858,15.853003589860693,0.0,0.0,627.2491528232583,0.3208688358339839,1221.6895450397076,375.65718143039317,0.9599084793674632,0,2,9.876204433727178,0.11078172876571266,0.0,29.41362435849099,22.2828639830215,11,32.550092195622675,2.5596196301236516,0,True
0,1,0,0,0,4.23029052489886,5,0.49267191219898443,8,2,1,1.0,25.325301278699744,5,1,0,0,0.0,43.56424864101634,0.0,0.0,141.5008990045225,0.24413280831992196,1244.9094366917677,674.2247651416598,0.8658621545691703,4,2,2.0,0.0,0.0,94.13013907829227,0.0,0,45.24857500284908,0.0,0,True
0,3,0,0,0,4.23029052489886,13,0.49267191219898443,8,2,1,1.0,25.325301278699744,4,0,0,1,0.0,73.95446583430038,0.0,0.0,802.9909609045935,0.24413280831992196,1244.9094366917677,674.2247651416598,0.9668229876441149,1,2,2.0,0.13948705663529903,0.0,93.2929787002401,0.0,1,45.24857500284908,0.0,0,True
0,1,0,0,0,4.23029052489886,5,0.47914085695037856,8,2,1,0.6764666978040981,25.325301278699744,5,1,0,2,0.0,25.636729428143347,0.0,0.0,141.5008990045225,0.24413280831992196,1244.9094366917677,674.2247651416598,0.8911128637335957,1,2,2.0,0.0,0.0,94.13013907829227,0.0,0,45.24857500284908,0.0,0,True
0,2,0,0,0,17.816247634364252,5,0.49267191219898443,8,2,1,0.6764666978040981,25.325301278699744,6,1,0,0,0.0,43.56424864101634,0.0,0.0,141.5008990045225,0.24413280831992196,1244.9094366917677,674.2247651416598,0.8658621545691703,1,2,2.0,0.0,0.0,94.13013907829227,0.0,0,235.56730356982,0.0,0,True
0,4,0,0,0,4.23029052489886,5,0.38305134332909396,1,0,1,1.0,25.325301278699744,1,0,0,2,8.787425747657192,25.636729428143347,0.0,0.0,141.5008990045225,0.1419273300888613,715.9870084580033,524.5321330725034,0.8883576506460862,1,2,12.975876375404813,0.0,0.0,94.13013907829227,0.0,0,45.24857500284908,0.2989563259869197,0,True
0,12,0,0,0,17.816247634364252,13,0.48866733946859675,8,2,1,0.7411192472306346,264.26547505728075,1,1,0,2,25.14825191290503,43.56424864101634,0.0,0.0,337.9473781635529,0.1419273300888613,1244.9094366917677,1825.3506384510506,0.01,1,2,14.7474314227915,0.06938420544058173,0.0,215.04218802129668,5.6257135386995,3,116.30860640963833,9.06993183074345,26,True
0,1,0,0,0,17.816247634364252,5,0.49267191219898443,8,2,1,1.0,25.325301278699744,8,1,0,2,0.0,25.636729428143347,0.0,0.0,141.5008990045225,0.24413280831992196,1244.9094366917677,674.2247651416598,0.8931595172266465,1,1,2.7873953082571306,0.0,0.0,94.13013907829227,0.0,0,45.24857500284908,0.0,0,True
0,8,0,0,0,17.816247634364252,5,0.49267191219898443,8,0,1,1.0,25.325301278699744,5,1,0,2,0.0,25.636729428143347,0.0,0.0,141.5008990045225,0.1419273300888613,1244.9094366917677,674.2247651416598,0.8658621545691703,1,2,4.148754085566246,0.0,0.0,94.13013907829227,0.0,0,45.24857500284908,0.0,0,True
0,8,0,0,0,17.816247634364252,5,0.49267191219898443,8,2,1,1.0,25.325301278699744,5,1,0,2,0.0,25.636729428143347,0.0,0.0,141.5008990045225,0.24413280831992196,1244.9094366917677,674.2247651416598,0.8658621545691703,1,2,2.0,0.0,0.0,94.13013907829227,0.0,0,45.24857500284908,0.0,0,True
0,15,1,0,15,17.816247634364252,9,0.24881245614269226,8,2,8,0.7411192472306346,117.10788541026939,6,0,0,0,25.832793361223434,43.56424864101634,22272.965845708968,0.10187860672339395,337.9473781635529,0.12482915477652029,1244.9094366917677,1520.236312289489,0.06717619391766783,12,18,16.50928714427141,0.07419427550546995,0.0,215.04218802129668,19.286661448357307,24,235.56730356982,35.45134065696962,57,False
2,10,0,4,8,17.816247634364252,9,0.11649970077573735,7,2,1,0.7566565741274905,49.54546959045851,8,0,15,0,22.40696535532136,65.63984139144772,15958.149781131147,0.00572647294125006,141.5008990045225,0.11864770874430655,1110.1817531114239,356.58187011635493,0.01,3,0,6.009895683506695,0.18599120013704185,67.57923838507179,93.11610781755732,20.11915351243574,32,41.548909764220475,27.086665997760917,34,True
0,2,0,0,0,17.816247634364252,4,0.49267191219898443,8,2,1,0.6764666978040981,57.42507685725404,6,1,0,2,2.765413195912668,43.56424864101634,0.0,0.0,141.5008990045225,0.1419273300888613,1244.9094366917677,674.2247651416598,0.8658621545691703,1,2,2.0,0.0,0.0,94.13013907829227,0.0,2,45.24857500284908,0.0,0,True
0,6,0,0,0,17.816247634364252,5,0.44998998409330526,8,3,1,0.6764666978040981,21.237607141786235,3,0,0,2,0.0,25.636729428143347,0.0,0.0,141.5008990045225,0.24413280831992196,1244.9094366917677,674.2247651416598,0.9166938641398366,1,9,2.0,0.0,0.0,94.13013907829227,0.0,0,45.24857500284908,8.329089601733948,0,True
0,4,0,0,0,4.23029052489886,5,0.49267191219898443,8,2,1,1.0,25.325301278699744,6,1,0,2,0.0,25.636729428143347,0.0,0.0,141.5008990045225,0.24413280831992196,1244.9094366917677,674.2247651416598,0.8658621545691703,1,2,2.0,0.0,0.0,94.13013907829227,0.0,0,45.24857500284908,0.0,0,True
0,5,0,0,0,17.816247634364252,5,0.2341599451116496,1,2,1,1.0,25.325301278699744,1,1,0,2,1.9540295112828758,25.636729428143347,0.0,0.0,2390.127048576678,0.1419273300888613,1244.9094366917677,1433.668818530733,0.9060606300124652,1,1,2.0,0.06254297171804507,0.0,94.13013907829227,0.0,0,45.24857500284908,1.0220285020389321,0,True
0,3,0,0,0,17.816247634364252,5,1.4265414934963134,8,2,1,1.0,25.325301278699744,9,1,0,2,0.0,43.56424864101634,0.0,0.0,141.5008990045225,0.24413280831992196,1244.9094366917677,674.2247651416598,0.8658621545691703,1,2,3.9131473763544924,0.0,0.0,94.13013907829227,0.0,0,45.24857500284908,0.0,0,True
0,2,0,0,0,17.816247634364252,5,0.49267191219898443,8,2,1,1.0,25.325301278699744,5,1,0,2,0.0,43.56424864101634,0.0,0.0,141.5008990045225,0.24413280831992196,1244.9094366917677,674.2247651416598,0.8658621545691703,1,2,2.0,0.0,0.0,94.13013907829227,0.0,0,45.24857500284908,0.0,0,False
0,1,0,0,0,17.816247634364252,4,0.40360064757937697,8,2,1,1.0,19.983041162851432,4,1,0,2,0.0,25.636729428143347,0.0,0.0,141.5008990045225,0.1419273300888613,974.8993175382498,674.2247651416598,0.8737162185346621,1,0,2.0,0.0,0.0,83.19924288117156,0.0,0,45.24857500284908,7.661227356625308,0,True
0,5,0,0,0,17.816247634364252,5,0.49267191219898443,8,2,1,0.6764666978040981,25.325301278699744,12,1,0,2,0.0,25.636729428143347,0.0,0.0,141.5008990045225,0.24413280831992196,1244.9094366917677,674.2247651416598,0.8658621545691703,1,2,2.0,0.0,0.0,94.13013907829227,0.0,0,235.56730356982,0.0,0,True
0,5,0,0,0,13.427173496770079,4,0.44536393870908053,6,2,4,1.0,25.325301278699744,4,1,0,2,0.0,25.636729428143347,0.0,0.0,127.71407964540862,0.24413280831992196,1244.9094366917677,441.8374570538894,0.885427709894947,2,1,2.0707907835376727,0.05712547929077431,0.0,70.22414695636621,0.0,0,45.24857500284908,1.754625152118167,0,False
0,3,0,0,0,4.23029052489886,5,1.4265414934963134,8,2,1,1.0,25.325301278699744,6,1,0,0,0.0,25.636729428143347,0.0,0.0,141.5008990045225,0.24413280831992196,1244.9094366917677,674.2247651416598,0.8658621545691703,1,2,2.0,0.0,0.0,94.13013907829227,0.0,0,45.24857500284908,0.0,0,True
0,17,0,0,0,17.816247634364252,5,0.49267191219898443,8,2,1,1.0,25.325301278699744,5,1,0,2,0.0,43.56424864101634,0.0,0.0,141.5008990045225,0.24413280831992196,1244.9094366917677,674.2247651416598,0.8658621545691703,1,2,2.0,0.0,0.0,94.13013907829227,0.0,0,45.24857500284908,0.0,0,True
0,2,0,0,0,17.816247634364252,5,1.4265414934963134,8,2,1,1.0,25.325301278699744,6,1,0,2,0.0,25.636729428143347,0.0,0.0,141.5008990045225,0.24413280831992196,1244.9094366917677,674.2247651416598,0.8658621545691703,1,2,2.0,0.0,0.0,94.13013907829227,0.0,0,45.24857500284908,0.0,0,True
0,4,0,0,0,17.816247634364252,5,0.49267191219898443,8,2,1,1.0,25.325301278699744,6,1,0,2,0.0,43.56424864101634,0.0,0.0,141.5008990045225,0.24413280831992196,1244.9094366917677,674.2247651416598,0.8728006553363664,1,2,2.0,0.0,0.0,94.13013907829227,0.0,0,45.24857500284908,0.0,0,False
0,2,0,0,0,17.816247634364252,33,0.49267191219898443,8,2,1,1.0,25.325301278699744,6,1,0,2,0.0,43.56424864101634,0.0,0.0,141.5008990045225,0.24413280831992196,1244.9094366917677,674.2247651416598,0.8658621545691703,1,2,4.571099492564631,0.0,0.0,94.13013907829227,0.0,0,45.24857500284908,0.0,0,True
0,1,0,0,0,17.816247634364252,5,0.49267191219898443,8,2,1,1.0,25.325301278699744,6,1,0,2,0.0,25.636729428143347,0.0,0.0,141.5008990045225,0.24413280831992196,1244.9094366917677,674.2247651416598,0.8658621545691703,1,2,2.0,0.0,0.0,94.13013907829227,0.0,0,45.24857500284908,0.0,0,True
0,5,0,0,0,17.816247634364252,5,0.49267191219898443,8,2,1,1.0,25.325301278699744,1,1,0,2,0.0,25.636729428143347,0.0,0.0,141.5008990045225,0.24413280831992196,1244.9094366917677,674.2247651416598,0.8658621545691703,1,2,2.0952398930844653,0.0,0.0,94.13013907829227,0.0,0,45.24857500284908,0.0,0,True
0,4,0,0,0,2.3416963977165857,4,0.4791634427091932,8,2,1,0.6764666978040981,25.325301278699744,9,1,0,1,0.0,25.636729428143347,0.0,0.0,141.5008990045225,0.5044243830476912,1096.8349780726762,674.2247651416598,0.9622802926921818,4,2,2.0,0.057783552206590184,0.0,80.58468148452407,0.0,0,41.49918301563504,0.03232304859842394,17,True
0,4,0,0,0,17.816247634364252,5,0.49267191219898443,8,2,1,1.0,25.325301278699744,6,1,0,2,0.0,43.56424864101634,0.0,0.0,141.5008990045225,0.24413280831992196,1244.9094366917677,674.2247651416598,0.8658621545691703,1,2,2.0,0.0,0.0,94.13013907829227,0.0,0,45.24857500284908,0.0,0,True
0,11,0,0,4,13.446555459725738,11,0.49267191219898443,8,2,1,1.0,25.325301278699744,5,1,0,2,0.0,43.56424864101634,0.0,0.0,141.5008990045225,0.1419273300888613,1244.9094366917677,552.0617331349249,0.9058119455065705,0,11,8.1270431625372,0.0,0.0,85.26941349116615,2.5670986206544533,2,45.24857500284908,10.806121696139375,5,True
0,3,0,0,0,17.816247634364252,5,0.49267191219898443,8,2,1,1.0,25.325301278699744,6,1,0,0,0.0,25.636729428143347,0.0,0.0,141.5008990045225,0.1419273300888613,1244.9094366917677,674.2247651416598,0.8658621545691703,1,2,8.6591308079085,0.0,0.0,94.13013907829227,0.0,0,45.24857500284908,0.0,0,True
0,2,0,0,0,17.26365636800403,5,1.3815071065412239,5,2,1,0.6764666978040981,19.99119524449173,3,0,0,0,0.0,43.56424864101634,0.0,0.0,117.94687639265402,0.24413280831992196,904.3044045516526,674.2247651416598,0.37494148254665155,0,2,2.0,0.3541373141145089,0.0,75.3862307978804,0.19592089625734754,0,45.24857500284908,0.0,0,False
0,1,0,0,0,17.816247634364252,5,1.4265414934963134,8,2,1,1.0,25.325301278699744,6,1,0,2,0.0,25.636729428143347,0.0,0.0,141.5008990045225,0.24413280831992196,1244.9094366917677,674.2247651416598,0.8658621545691703,1,2,2.0,0.0,0.0,94.13013907829227,0.0,0,45.24857500284908,0.0,0,True
0,4,0,0,0,17.816247634364252,5,1.231607241681193,8,0,1,1.0,25.325301278699744,5,1,0,2,3.0776767401261367,25.636729428143347,0.0,0.0,141.5008990045225,0.24413280831992196,895.1166266562276,674.2247651416598,0.8996450136430991,4,2,9.906208644658179,0.0,0.0,94.13013907829227,0.0,0,235.56730356982,0.0,0,True
0,3,0,0,0,17.816247634364252,5,0.49267191219898443,8,2,1,1.0,25.325301278699744,1,1,0,0,0.0,43.56424864101634,0.0,0.0,141.5008990045225,0.24413280831992196,1244.9094366917677,674.2247651416598,0.8658621545691703,1,2,2.0,0.0,0.0,94.13013907829227,0.0,0,45.24857500284908,12.654560235695724,0,True
0,1,0,0,0,17.816247634364252,5,0.394002409974635,8,4,1,1.0,25.325301278699744,6,1,0,2,0.0,25.636729428143347,0.0,0.0,141.5008990045225,0.24413280831992196,1032.2511775518824,674.2247651416598,0.8658621545691703,1,2,2.0,0.036331081702960906,0.0,94.13013907829227,0.0,0,45.24857500284908,0.015340065907560763,0,True
0,1,0,0,0,17.816247634364252,5,0.38015821784492726,8,2,1,1.0,25.325301278699744,10,0,0,0,0.0,73.95446583430038,4216.102169994567,0.0,141.5008990045225,0.1419273300888613,1244.9094366917677,674.2247651416598,0.07133255773816138,1,1,19.370990965221935,0.006370454124662306,0.0,488.49754601269836,0.0,2,45.24857500284908,3.884277173323456,26,True
0,1,0,0,0,17.816247634364252,5,0.6056998590046632,8,2,1,1.0,25.325301278699744,3,1,0,0,1.4945688295165613,25.636729428143347,0.0,0.0,141.5008990045225,0.24413280831992196,3687.6484657684837,674.2247651416598,0.8951741859791457,1,8,2.0,0.0,0.0,94.13013907829227,0.0,0,45.24857500284908,0.0,0,True
0,3,0,0,0,4.23029052489886,5,0.49267191219898443,8,2,1,1.0,25.325301278699744,6,1,0,2,0.0,25.636729428143347,0.0,0.0,141.5008990045225,0.24413280831992196,1244.9094366917677,674.2247651416598,0.8658621545691703,1,2,2.0,0.0,0.0,94.13013907829227,0.0,0,45.24857500284908,0.0,0,True
0,4,0,0,0,17.816247634364252,5,0.49267191219898443,8,2,1,1.0,25.325301278699744,6,1,0,2,0.0,25.636729428143347,0.0,0.0,141.5008990045225,0.24413280831992196,1244.9094366917677,674.2247651416598,0.8658621545691703,1,2,2.0,0.0,0.0,94.13013907829227,0.0,0,45.24857500284908,0.0,0,True
0,1,0,0,0,17.816247634364252,5,0.49267191219898443,8,2,1,1.0,25.325301278699744,1,1,0,1,0.0,25.636729428143347,0.0,0.0,141.5008990045225,0.24413280831992196,1063.8372523758085,674.2247651416598,0.8658621545691703,1,2,2.0,0.04533158200923681,0.0,94.13013907829227,0.0,0,45.24857500284908,0.04993299090526446,0,False
0,1,0,0,0,17.816247634364252,5,0.49267191219898443,8,2,1,1.0,25.325301278699744,6,1,0,2,0.0,43.56424864101634,0.0,0.0,141.5008990045225,0.24413280831992196,1244.9094366917677,674.2247651416598,0.8658621545691703,1,2,2.0,0.0,0.0,94.13013907829227,0.0,0,45.24857500284908,0.0,0,True
0,1,0,0,0,17.331435688748087,5,0.49267191219898443,8,2,1,0.6764666978040981,25.325301278699744,5,1,0,2,0.0,43.56424864101634,0.0,0.0,337.9473781635529,0.24413280831992196,1037.8579028084187,674.2247651416598,0.925018813688979,4,1,2.0,0.0,0.0,94.13013907829227,0.0,0,45.24857500284908,0.0,0,True
0,1,0,0,0,17.816247634364252,5,0.49267191219898443,8,0,1,1.0,25.325301278699744,5,1,0,1,0.0,25.636729428143347,0.0,0.0,141.5008990045225,0.24413280831992196,1244.9094366917677,674.2247651416598,0.8658621545691703,1,2,2.0,0.0,0.0,94.13013907829227,0.0,0,45.24857500284908,0.0,0,True
0,3,0,0,0,17.816247634364252,5,0.49267191219898443,8,2,1,0.6764666978040981,25.325301278699744,6,1,0,1,8.42740982093563,25.636729428143347,0.0,0.0,141.5008990045225,0.5044243830476912,1065.4892678620645,674.2247651416598,0.8658621545691703,1,1,2.0,0.0,0.0,94.13013907829227,0.0,0,45.24857500284908,0.0,0,True
0,6,0,0,0,17.816247634364252,5,0.49267191219898443,8,2,1,1.0,25.325301278699744,9,1,0,2,4.834149509102106,25.636729428143347,0.0,0.0,141.5008990045225,0.1419273300888613,970.7779438026398,674.2247651416598,0.8658621545691703,1,2,2.0,0.03800379659279808,0.0,94.13013907829227,0.0,0,45.24857500284908,1.894258803350065,0,True
0,5,0,0,0,4.23029052489886,5,0.3330365628542281,8,0,1,1.0,25.325301278699744,11,1,0,2,8.816389282852398,73.95446583430038,0.0,0.0,141.5008990045225,0.24413280831992196,1063.0215846274373,674.2247651416598,0.8666113483209785,1,2,13.26130419240473,0.004294181344393605,0.0,94.13013907829227,0.0,0,45.24857500284908,0.0,0,False
0,3,0,0,0,14.996527346689556,4,0.49267191219898443,6,0,1,0.6368022926726983,17.158419732342896,10,1,0,0,6.705774022142329,25.636729428143347,0.0,0.0,531.2055745307499,0.2401478683425513,767.5570397524918,633.303191151658,0.9932562359829904,0,1,9.835275391301604,0.0034824854810813766,0.0,94.13013907829227,0.0,0,107.73574114394177,0.0,0,False
0,4,0,0,0,17.816247634364252,5,0.49267191219898443,8,2,1,1.0,25.325301278699744,6,1,0,2,0.0,25.636729428143347,0.0,0.0,141.5008990045225,0.24413280831992196,1166.4861491079355,674.2247651416598,0.8658621545691703,4,2,2.0,0.0,0.0,94.13013907829227,0.0,0,45.24857500284908,0.0,0,True
0,5,0,0,0,17.816247634364252,12,0.3325190893065296,8,2,1,1.0,61.02419378659701,4,1,0,1,24.463037370289303,40.48981792376372,0.0,0.0,141.5008990045225,0.08950989332603265,848.0946468872125,482.43575181507356,0.01,1,1,10.058847936666474,0.1452835263293381,0.0,92.63126023560145,0.0,4,235.56730356982,0.0,20,True
0,5,0,0,0,17.816247634364252,5,0.49267191219898443,8,2,1,1.0,25.325301278699744,6,1,0,2,0.0,25.636729428143347,0.0,0.0,141.5008990045225,0.24413280831992196,1244.9094366917677,674.2247651416598,0.8658621545691703,1,2,2.0,0.0,0.0,94.13013907829227,0.0,0,45.24857500284908,0.0,0,True
0,4,0,0,0,17.816247634364252,5,0.49267191219898443,8,2,1,1.0,25.325301278699744,1,1,0,2,0.0,25.636729428143347,0.0,0.0,141.5008990045225,0.24413280831992196,1244.9094366917677,674.2247651416598,0.8658621545691703,1,2,2.0,0.09610568564166018,0.0,94.13013907829227,0.0,0,45.24857500284908,0.0,0,False
0,3,0,0,0,17.816247634364252,5,0.49267191219898443,8,2,1,1.0,25.325301278699744,6,1,0,1,0.0,25.636729428143347,0.0,0.0,141.5008990045225,0.5044243830476912,1244.9094366917677,674.2247651416598,0.8658621545691703,1,2,2.9670638568170236,0.0321624824063303,0.0,94.13013907829227,0.0,0,45.24857500284908,0.0,0,True
0,14,0,0,0,4.23029052489886,5,0.49267191219898443,8,2,1,1.0,25.325301278699744,5,1,0,1,0.0,25.636729428143347,0.0,0.0,141.5008990045225,0.1419273300888613,1244.9094366917677,674.2247651416598,0.8658621545691703,1,2,65.37407365859833,0.0,0.0,94.13013907829227,0.0,0,45.24857500284908,0.0,0,True
0,6,0,0,0,17.816247634364252,5,0.49267191219898443,8,2,1,1.0,25.325301278699744,6,1,0,2,0.0,25.636729428143347,0.0,0.0,141.5008990045225,0.24413280831992196,1244.9094366917677,674.2247651416598,0.8658621545691703,1,2,2.0,0.0,0.0,94.13013907829227,0.0,0,45.24857500284908,0.0,0,True
7,12,1,0,12,24.890880724822473,4,0.10773621152004173,8,2,1,0.8790482563069024,61.02419378659701,1,0,8,2,29.00036174467057,28.680666624839674,22408.384667565973,0.0,261.25370478022063,0.07126139925991767,1244.9094366917677,1381.5933913496533,0.3390727511409911,3,17,5.444715179849457,0.14317856420439912,0.0,397.6474285636848,17.8930524329296,33,58.098770002872925,17.230603622055913,60,True
0,4,0,0,0,4.23029052489886,5,0.49267191219898443,8,2,1,1.0,25.325301278699744,6,1,0,2,0.0,43.56424864101634,0.0,0.0,141.5008990045225,0.24413280831992196,1244.9094366917677,674.2247651416598,0.8658621545691703,1,2,5.033485053052728,0.0,0.0,94.13013907829227,0.0,0,45.24857500284908,0.0,0,True
0,7,0,0,0,17.816247634364252,5,0.49267191219898443,8,2,1,1.0,25.325301278699744,6,1,0,2,0.0,25.636729428143347,0.0,0.0,141.5008990045225,0.24413280831992196,1244.9094366917677,674.2247651416598,0.8658621545691703,1,2,2.0,0.0,0.0,94.13013907829227,0.0,0,45.24857500284908,0.0,0,True
0,6,0,0,0,4.23029052489886,5,1.921873933207988,8,2,1,0.6764666978040981,25.325301278699744,5,1,0,2,0.0,43.56424864101634,0.0,0.0,141.5008990045225,0.67,1244.9094366917677,674.2247651416598,0.8658621545691703,1,2,2.0,0.0,0.0,94.13013907829227,0.0,0,45.24857500284908,0.9980854081106786,0,True
0,1,0,0,0,4.23029052489886,5,0.49267191219898443,1,0,1,1.0,25.325301278699744,1,1,0,1,0.0,25.636729428143347,0.0,0.0,141.5008990045225,0.24413280831992196,1244.9094366917677,674.2247651416598,0.8858239932749334,1,2,2.0,0.0,0.0,94.13013907829227,0.0,0,45.24857500284908,0.0,0,True
0,1,0,0,0,17.816247634364252,5,0.49267191219898443,8,2,1,1.0,25.325301278699744,4,1,0,0,0.0,25.636729428143347,0.0,0.0,141.5008990045225,0.24413280831992196,1244.9094366917677,674.2247651416598,0.897914091409083,1,2,2.0,0.023078584264110663,0.0,94.13013907829227,0.0,0,45.24857500284908,0.0,0,False
0,1,0,0,0,17.816247634364252,5,0.49267191219898443,8,2,1,0.6764666978040981,25.325301278699744,6,1,0,2,0.0,25.636729428143347,0.0,0.0,141.5008990045225,0.24413280831992196,1244.9094366917677,674.2247651416598,0.8658621545691703,1,2,2.919833722945165,0.0,0.0,94.13013907829227,0.0,0,45.24857500284908,0.0,0,True
0,1,0,0,0,17.816247634364252,5,0.49267191219898443,8,2,1,1.0,25.325301278699744,6,1,0,2,0.0,25.636729428143347,0.0,0.0,141.5008990045225,0.24413280831992196,1206.9117920350154,674.2247651416598,0.8658621545691703,1,2,2.0,0.0,0.0,94.13013907829227,0.0,0,45.24857500284908,0.0,0,True
0,5,0,0,0,17.816247634364252,5,0.49267191219898443,8,2,1,1.0,25.325301278699744,6,1,0,2,0.0,25.636729428143347,0.0,0.0,141.5008990045225,0.5044243830476912,1244.9094366917677,674.2247651416598,0.8658621545691703,1,2,2.0,0.0,0.0,94.13013907829227,0.0,0,45.24857500284908,0.3074405547446579,0,False
0,1,0,0,0,17.816247634364252,5,0.49267191219898443,8,2,1,1.0,25.325301278699744,6,1,0,0,0.0,25.636729428143347,0.0,0.0,141.5008990045225,0.24413280831992196,1244.9094366917677,674.2247651416598,0.8658621545691703,1,2,2.0,0.0,0.0,94.13013907829227,0.0,0,45.24857500284908,0.0,0,True
0,12,0,0,0,13.996533602924359,5,0.689587171987637,7,3,1,1.0,23.69150566216099,9,1,0,5,8.352054200945876,80.94682736511481,0.0,0.0,141.5008990045225,0.24413280831992196,3050.2188411849766,4686.314442392987,0.3818544049443723,0,1,3.616285734726232,0.0,0.0,93.28934708899081,5.014508921077238,0,45.24857500284908,47.458967775871976,0,True
0,2,0,0,0,17.816247634364252,5,0.49267191219898443,8,2,1,1.0,25.325301278699744,6,1,0,2,0.0,25.636729428143347,0.0,0.0,141.5008990045225,0.24413280831992196,1244.9094366917677,674.2247651416598,0.8658621545691703,1,2,2.0,0.0,0.0,94.13013907829227,0.0,0,45.24857500284908,0.0,0,True
0,1,0,0,0,4.23029052489886,5,0.49267191219898443,1,2,1,1.0,25.325301278699744,6,1,0,2,0.0,25.636729428143347,0.0,0.0,141.5008990045225,0.24413280831992196,1244.9094366917677,674.2247651416598,0.9044889310279824,1,2,2.0,0.0,0.0,94.13013907829227,0.0,0,45.24857500284908,0.0,0,True
0,1,0,0,0,17.816247634364252,5,1.921873933207988,8,2,1,1.0,25.325301278699744,6,1,0,2,0.0,25.636729428143347,0.0,0.0,141.5008990045225,0.24413280831992196,1244.9094366917677,674.2247651416598,0.8663247134167223,12,2,2.0,0.0,0.0,94.13013907829227,0.0,0,45.24857500284908,0.0,0,True
0,6,0,0,0,17.816247634364252,5,0.49267191219898443,8,2,1,1.0,25.325301278699744,6,1,0,2,0.0,43.56424864101634,0.0,0.0,141.5008990045225,0.24413280831992196,1244.9094366917677,674.2247651416598,0.8658621545691703,1,2,3.093520708919024,0.0,0.0,94.13013907829227,0.0,0,45.24857500284908,0.0,0,True
0,1,0,0,0,17.816247634364252,5,0.49267191219898443,8,2,1,1.0,25.325301278699744,6,1,0,1,0.0,25.636729428143347,0.0,0.0,141.5008990045225,0.1419273300888613,1244.9094366917677,674.2247651416598,0.38832138744617717,1,2,2.0,0.0,0.0,94.13013907829227,0.0,0,45.24857500284908,0.0,0,True
0,1,0,0,0,17.816247634364252,5,0.49267191219898443,8,0,1,1.0,25.325301278699744,5,0,0,1,0.0,43.56424864101634,0.0,0.0,141.5008990045225,0.1419273300888613,1244.9094366917677,674.2247651416598,0.9485548684487979,1,2,2.0,0.0,0.0,94.13013907829227,0.0,0,45.24857500284908,0.0,0,True
0,1,0,0,0,4.23029052489886,5,0.49267191219898443,8,2,1,0.6764666978040981,25.325301278699744,6,1,0,2,0.0,25.636729428143347,0.0,0.0,141.5008990045225,0.24413280831992196,1244.9094366917677,674.2247651416598,0.8658621545691703,1,2,2.0,0.0,0.0,94.13013907829227,0.0,0,45.24857500284908,0.0,0,True
0,3,0,0,0,17.816247634364252,5,0.49267191219898443,8,2,1,1.0,25.325301278699744,6,1,0,2,0.0,25.636729428143347,0.0,0.0,141.5008990045225,0.24413280831992196,1244.9094366917677,674.2247651416598,0.8658621545691703,1,2,2.0,0.0,0.0,94.13013907829227,0.0,0,45.24857500284908,0.0,0,True
0,52,0,0,0,12.149489934335737,22,0.14453523132396534,17,2,1,1.0,54.64541205688623,1,1,7,0,87.87182730449143,71.95167568524872,1167.0264126223983,0.0,802.9909609045935,0.0853034465493266,627.8535638666956,1416.1403142933364,0.20364844240736724,7,19,22.109999600476883,0.09504034165992319,0.0,197.92896274741813,32.04279603329884,14,33.129480537915,41.604467023002314,18,True
0,1,0,0,0,17.816247634364252,5,0.49267191219898443,8,2,1,1.0,25.325301278699744,6,1,0,2,0.0,25.636729428143347,0.0,0.0,141.5008990045225,0.1419273300888613,1244.9094366917677,674.2247651416598,0.8658621545691703,1,2,2.086463676935212,0.0,0.0,94.13013907829227,0.0,0,45.24857500284908,0.0,0,True
0,9,0,0,0,4.23029052489886,13,0.49267191219898443,8,2,1,0.6764666978040981,25.325301278699744,3,1,0,2,0.0,73.95446583430038,0.0,0.0,141.5008990045225,0.24413280831992196,1244.9094366917677,674.2247651416598,0.8658621545691703,1,2,2.0,0.016681543200076157,0.0,94.13013907829227,0.0,0,45.24857500284908,0.0,0,True
0,24,0,0,0,17.816247634364252,30,0.49267191219898443,21,2,1,1.0,25.325301278699744,4,1,0,1,15.167204411300904,25.636729428143347,0.0,0.0,141.5008990045225,0.14075242812730038,1244.9094366917677,674.2247651416598,0.01,93,2,11.153555240811091,0.02614896441455753,0.0,94.13013907829227,0.0,5,45.24857500284908,0.0,0,True
0,8,0,0,0,17.816247634364252,13,0.49267191219898443,8,2,1,0.6764666978040981,25.325301278699744,9,1,0,6,0.0,25.636729428143347,0.0,0.0,141.5008990045225,0.1419273300888613,1244.9094366917677,674.2247651416598,0.8658621545691703,4,2,7.254814949123744,0.0,0.0,94.13013907829227,0.0,0,45.24857500284908,16.3068816454248,0,False
0,1,0,0,0,17.816247634364252,5,0.49267191219898443,8,2,1,1.0,25.325301278699744,6,1,0,1,0.0,25.636729428143347,0.0,0.0,141.5008990045225,0.24413280831992196,1244.9094366917677,674.2247651416598,0.8658621545691703,1,2,2.0,0.0,0.0,94.13013907829227,0.0,0,45.24857500284908,0.0,0,True
0,18,0,0,0,17.816247634364252,5,0.46043805524167003,8,2,1,0.6764666978040981,117.10788541026939,5,1,0,1,0.0,73.95446583430038,0.0,0.0,141.5008990045225,0.24413280831992196,1244.9094366917677,674.2247651416598,0.01,1,9,6.489180176944821,0.0033972250839073154,0.0,94.13013907829227,2.7474791643669296,0,235.56730356982,3.7822902844368667,15,False
0,2,0,0,0,17.816247634364252,5,1.4265414934963134,8,2,1,1.0,25.325301278699744,6,1,0,2,0.0,25.636729428143347,0.0,0.0,141.5008990045225,0.24413280831992196,1244.9094366917677,674.2247651416598,0.8658621545691703,1,2,2.0,0.0,0.0,94.13013907829227,0.0,0,45.24857500284908,0.0,0,True
0,1,0,0,0,17.816247634364252,5,0.49267191219898443,8,2,1,1.0,25.325301278699744,12,1,0,2,0.0,25.636729428143347,0.0,0.0,141.5008990045225,0.24413280831992196,1244.9094366917677,674.2247651416598,0.8658621545691703,1,2,2.0,0.0,0.0,94.13013907829227,0.0,0,45.24857500284908,0.0,0,True
0,5,0,0,0,17.816247634364252,5,0.49267191219898443,1,2,1,1.0,25.325301278699744,5,1,0,0,0.0,43.56424864101634,0.0,0.0,141.5008990045225,0.24413280831992196,1244.9094366917677,674.2247651416598,0.8658621545691703,1,2,5.0987544957618445,0.0,0.0,94.13013907829227,0.0,0,45.24857500284908,0.0,0,True
0,3,0,0,0,17.816247634364252,5,0.49267191219898443,8,2,1,1.0,25.325301278699744,6,1,0,2,0.0,25.636729428143347,0.0,0.0,141.5008990045225,0.5044243830476912,1244.9094366917677,674.2247651416598,0.8658621545691703,1,2,4.5906279728225385,0.0,0.0,94.13013907829227,0.0,0,45.24857500284908,0.0,0,True
0,1,0,0,0,17.816247634364252,5,1.4265414934963134,8,2,1,1.0,25.325301278699744,6,1,0,2,0.0,25.636729428143347,0.0,0.0,141.5008990045225,0.1419273300888613,1244.9094366917677,674.2247651416598,0.8658621545691703,4,2,2.0,0.0,0.0,94.13013907829227,0.0,0,45.24857500284908,0.0,0,True
0,3,0,0,0,4.23029052489886,5,0.49267191219898443,8,2,1,0.6764666978040981,25.325301278699744,1,1,0,2,0.0,25.636729428143347,0.0,0.0,141.5008990045225,0.1419273300888613,880.2186591330566,674.2247651416598,0.8779359376523443,1,2,2.0,0.0,0.0,94.13013907829227,0.0,0,45.24857500284908,0.0,0,True
0,3,0,0,0,17.816247634364252,5,0.49267191219898443,8,2,1,1.0,25.325301278699744,6,1,0,2,0.0,25.636729428143347,0.0,0.0,141.5008990045225,0.24413280831992196,1244.9094366917677,674.2247651416598,0.8658621545691703,4,2,2.0,0.0,0.0,94.13013907829227,0.0,0,45.24857500284908,0.0,0,True
0,4,0,0,0,17.816247634364252,5,0.49267191219898443,8,2,1,0.6764666978040981,25.325301278699744,6,1,0,2,0.0,25.636729428143347,0.0,0.0,141.5008990045225,0.24413280831992196,1244.9094366917677,674.2247651416598,0.8658621545691703,1,2,2.0,0.0,0.0,94.13013907829227,0.0,0,45.24857500284908,0.0,0,True
0,11,0,0,0,17.816247634364252,5,0.49267191219898443,8,2,1,0.6764666978040981,117.10788541026939,6,1,0,2,0.0,43.56424864101634,0.0,0.0,141.5008990045225,0.1419273300888613,1244.9094366917677,5050.644645517261,0.9076374682773565,1,2,2.0,0.0012966606718091689,0.0,94.13013907829227,0.0,0,235.56730356982,0.0,1,True
0,5,0,0,0,17.816247634364252,5,0.49267191219898443,8,2,1,1.0,25.325301278699744,5,1,0,2,0.0,25.636729428143347,0.0,0.0,141.5008990045225,0.24413280831992196,1244.9094366917677,674.2247651416598,0.8658621545691703,1,2,2.0,0.0,0.0,94.13013907829227,0.0,0,45.24857500284908,0.0,0,True
0,5,0,0,0,4.23029052489886,5,0.49267191219898443,8,2,1,0.6764666978040981,25.325301278699744,4,1,0,2,0.0,25.636729428143347,0.0,0.0,141.5008990045225,0.24413280831992196,1198.0838201876636,674.2247651416598,0.8658621545691703,1,2,2.0,0.0046354574083005695,0.0,94.13013907829227,0.0,0,45.24857500284908,0.0,0,True
0,6,0,0,0,17.816247634364252,5,0.49267191219898443,8,2,1,1.0,25.325301278699744,5,1,0,2,0.0,25.636729428143347,0.0,0.0,141.5008990045225,0.24413280831992196,1244.9094366917677,674.2247651416598,0.8658621545691703,1,2,4.084959487846779,0.0,0.0,94.13013907829227,0.0,0,45.24857500284908,0.0,0,True
0,5,0,0,0,17.816247634364252,13,0.49267191219898443,8,2,1,1.0,25.325301278699744,5,1,0,2,0.0,73.95446583430038,0.0,0.0,141.5008990045225,0.1419273300888613,1244.9094366917677,1825.3506384510506,0.3516681841739674,12,23,6.2303338674323925,0.0,0.0,215.04218802129668,0.0,0,235.56730356982,0.0,0,False
0,4,0,0,0,4.23029052489886,5,0.37038459967463316,8,2,1,1.0,25.325301278699744,1,1,0,4,0.0,25.636729428143347,0.0,0.0,141.5008990045225,0.1419273300888613,981.157108134415,642.2950383729406,0.8987933884448632,1,1,2.5983192921231977,0.03357452859914207,0.0,94.13013907829227,0.0,0,45.24857500284908,2.9725573800327147,0,True
0,2,0,0,0,17.816247634364252,5,0.49267191219898443,1,2,1,1.0,25.325301278699744,5,0,0,0,0.0,25.636729428143347,0.0,0.0,141.5008990045225,0.24413280831992196,1244.9094366917677,674.2247651416598,0.8658621545691703,1,2,2.0,0.0,0.0,94.13013907829227,0.0,0,45.24857500284908,0.0,0,True
0,14,0,0,0,17.816247634364252,33,0.49267191219898443,8,2,1,1.0,25.325301278699744,5,1,0,0,0.0,43.56424864101634,0.0,0.0,141.5008990045225,0.1419273300888613,17352.470629364325,1825.3506384510506,0.8686772052507781,1,43,5.563818821202715,0.01310409759412505,0.0,94.13013907829227,0.0,0,235.56730356982,10.092478086870058,0,True
0,2,0,0,0,17.816247634364252,5,0.49267191219898443,8,2,1,1.0,25.325301278699744,6,0,0,0,0.0,43.56424864101634,0.0,0.0,141.5008990045225,0.1419273300888613,1244.9094366917677,674.2247651416598,0.8791001302647081,1,2,2.0,0.0,0.0,94.13013907829227,0.0,0,45.24857500284908,0.0,0,True
0,1,1,0,0,2.704346020003077,5,0.36376181628780185,8,2,1,1.0,25.325301278699744,4,1,0,6,3.6863622929528717,25.636729428143347,0.0,0.0,141.5008990045225,0.23380649171168494,1244.9094366917677,674.2247651416598,0.8777694895032473,3,1,2.0,0.014001658279598941,0.0,94.13013907829227,0.0,0,45.24857500284908,0.0,0,True
0,1,0,0,0,17.816247634364252,5,1.4265414934963134,8,2,1,1.0,25.325301278699744,6,1,0,2,0.0,43.56424864101634,0.0,0.0,337.9473781635529,0.24413280831992196,1244.9094366917677,674.2247651416598,0.908438330292384,1,0,2.0,0.014417424512668059,0.0,94.13013907829227,0.0,0,235.56730356982,0.0,0,True
0,1,0,0,0,4.23029052489886,5,0.49267191219898443,8,2,1,1.0,25.325301278699744,5,1,0,2,0.0,25.636729428143347,0.0,0.0,141.5008990045225,0.24413280831992196,1244.9094366917677,674.2247651416598,0.3516681841739674,1,2,2.041353410620766,0.0,0.0,94.13013907829227,0.0,0,45.24857500284908,0.0,0,True
0,2,0,0,0,17.816247634364252,5,0.49267191219898443,8,2,1,1.0,25.325301278699744,4,1,0,2,0.0,25.636729428143347,0.0,0.0,141.5008990045225,0.24413280831992196,1016.7572269041411,674.2247651416598,0.8764421149000861,1,2,2.0,0.005723745440725472,0.0,94.13013907829227,0.0,0,45.24857500284908,0.0,0,True
0,1,0,0,0,17.816247634364252,5,0.49267191219898443,8,2,1,0.6764666978040981,25.325301278699744,6,1,0,2,0.0,25.636729428143347,0.0,0.0,141.5008990045225,0.24413280831992196,1244.9094366917677,674.2247651416598,0.8675895351857532,1,2,2.0,0.0,0.0,94.13013907829227,0.0,0,45.24857500284908,0.0,0,True
0,5,0,0,0,17.816247634364252,5,0.49267191219898443,8,2,1,1.0,57.42507685725404,5,1,0,2,0.0,25.636729428143347,0.0,0.0,141.5008990045225,0.24413280831992196,1244.9094366917677,674.2247651416598,0.9098874657028969,1,2,2.0,0.0,0.0,94.13013907829227,0.0,0,45.24857500284908,0.0,0,False
0,7,0,0,0,17.816247634364252,30,0.49267191219898443,8,2,1,0.6764666978040981,61.02419378659701,5,1,0,2,0.0,43.56424864101634,0.0,0.0,141.5008990045225,0.1419273300888613,1244.9094366917677,674.2247651416598,0.8658621545691703,4,2,18.88202288600064,0.0,0.0,94.13013907829227,0.0,0,235.56730356982,0.0,0,True
0,2,0,0,0,4.23029052489886,5,0.49267191219898443,8,2,1,1.0,25.325301278699744,6,1,0,2,0.0,25.636729428143347,0.0,0.0,141.5008990045225,0.24413280831992196,1244.9094366917677,674.2247651416598,0.8658621545691703,1,2,2.0,0.0,0.0,94.13013907829227,0.0,0,45.24857500284908,0.0,0,False
0,1,0,0,0,17.816247634364252,5,0.49267191219898443,8,2,1,1.0,25.325301278699744,5,1,0,2,0.0,25.636729428143347,0.0,0.0,141.5008990045225,0.1419273300888613,959.3002275045721,674.2247651416598,0.8827654288488833,1,2,6.769981315009299,0.0,0.0,94.13013907829227,0.0,0,45.24857500284908,0.0,0,True
0,15,7,0,8,4.770675377665765,4,0.18433242946340359,6,2,1,0.5437502951746381,61.02419378659701,5,0,8,3,12.454381565370557,25.800995838051044,13341.618053856959,0.049066181582111346,510.6716431980109,0.05517849007365446,794.94932866569,1326.4330624280542,0.6867479905940332,0,1,2.0,0.15604769445968525,7.224678267427699,30.802569276541305,6.568732467647488,27,45.24857500284908,58.48273930931766,52,True
1,14,0,0,0,16.17927931546027,13,0.23016817845046575,8,2,1,0.6764666978040981,117.10788541026939,12,0,0,1,56.57878526130711,73.95446583430038,207.55579967639505,0.0,337.9473781635529,0.24413280831992196,1244.9094366917677,674.2247651416598,0.893846677581548,1,2,17.18466257560809,0.056740590837675464,0.0,94.13013907829227,3.0433319519849693,8,116.30860640963833,29.443993464446407,9,True
0,4,0,0,0,17.816247634364252,5,0.49267191219898443,8,2,1,0.6764666978040981,25.325301278699744,6,1,0,2,0.0,25.636729428143347,0.0,0.0,141.5008990045225,0.24413280831992196,1244.9094366917677,674.2247651416598,0.8658621545691703,1,2,2.928622821776557,0.0,0.0,94.13013907829227,0.0,0,45.24857500284908,0.0,0,True
0,1,0,0,0,17.816247634364252,5,0.49267191219898443,8,2,1,0.6764666978040981,25.325301278699744,12,1,0,2,0.0,25.636729428143347,0.0,0.0,141.5008990045225,0.1419273300888613,1244.9094366917677,674.2247651416598,0.8658621545691703,1,2,2.0,0.0,0.0,94.13013907829227,0.0,0,45.24857500284908,0.0,0,True
0,11,0,0,0,17.72890070679116,5,0.49267191219898443,8,2,1,0.6764666978040981,25.325301278699744,6,1,0,2,0.0,43.56424864101634,0.0,0.0,337.9473781635529,0.1419273300888613,1244.9094366917677,674.2247651416598,0.9086810963620349,4,23,2.0,0.0,0.0,94.13013907829227,0.0,0,259.19453613029066,0.0,13,True
0,20,1,3,5,46.370643532980026,13,0.30840527033631326,8,2,1,0.6764666978040981,117.10788541026939,5,0,0,1,24.233602082084552,73.95446583430038,24153.8088314145,0.0,337.9473781635529,0.13110234471387108,1244.9094366917677,1825.3506384510506,0.0335809657174512,12,1,21.127686785482922,0.04477406248489347,0.0,215.04218802129668,19.20280566411793,14,235.56730356982,41.85115046928043,49,True
0,4,0,0,0,4.23029052489886,5,0.4565430673427191,1,0,1,1.0,25.325301278699744,5,1,0,0,0.0,25.636729428143347,0.0,0.0,141.5008990045225,0.24413280831992196,848.1347183933722,584.1284830732789,0.8858713958567109,1,2,8.145260163541884,0.0,0.0,82.91150004853289,0.0,0,45.24857500284908,0.0,0,True
0,4,0,0,0,17.816247634364252,5,0.49267191219898443,8,2,1,0.7411192472306346,25.325301278699744,4,1,0,1,0.0,25.636729428143347,0.0,0.0,141.5008990045225,0.24413280831992196,861.3726174748693,674.2247651416598,0.8658621545691703,4,2,2.0,0.0,0.0,94.13013907829227,0.0,0,45.24857500284908,0.3781670742044586,0,True
0,2,0,0,0,17.816247634364252,5,1.4265414934963134,8,2,1,0.6764666978040981,25.325301278699744,12,1,0,2,0.0,43.56424864101634,0.0,0.0,141.5008990045225,0.24413280831992196,1244.9094366917677,674.2247651416598,0.8658621545691703,1,2,2.0,0.0,0.0,94.13013907829227,0.0,0,45.24857500284908,0.0,0,True
0,6,0,0,0,3.426504218469769,4,0.2760784082505795,8,2,1,0.6764666978040981,25.325301278699744,1,1,0,0,0.0,25.636729428143347,0.0,0.0,141.5008990045225,0.4837153863714003,751.6595394028474,649.4554409421543,0.3769444261149594,0,2,5.376424939077497,0.02351916860964802,0.0,44.05454068041574,0.0,4,38.20472055089891,89.52582471262139,2,True
0,3,0,0,0,17.816247634364252,5,0.49267191219898443,8,2,1,1.0,25.325301278699744,6,1,0,0,0.0,43.56424864101634,0.0,0.0,141.5008990045225,0.1419273300888613,1244.9094366917677,674.2247651416598,0.8994873880565412,1,2,4.693816707857422,0.0,0.0,94.13013907829227,0.0,0,45.24857500284908,0.0,0,False
0,1,0,0,0,17.816247634364252,5,0.49267191219898443,8,2,1,1.0,25.325301278699744,5,1,0,2,0.0,25.636729428143347,0.0,0.0,141.5008990045225,0.24413280831992196,1244.9094366917677,674.2247651416598,0.8658621545691703,1,2,2.0,0.0,0.0,94.13013907829227,0.0,0,45.24857500284908,0.0,0,True
0,3,0,0,0,17.816247634364252,5,0.49267191219898443,8,2,1,1.0,25.325301278699744,12,1,0,2,0.0,43.56424864101634,0.0,0.0,141.5008990045225,0.24413280831992196,1244.9094366917677,674.2247651416598,0.8658621545691703,1,2,2.0,0.0,0.0,94.13013907829227,0.0,0,45.24857500284908,0.0,0,True
0,2,0,0,0,17.816247634364252,5,0.49267191219898443,8,2,1,1.0,25.325301278699744,6,0,0,2,0.0,73.95446583430038,0.0,0.0,141.5008990045225,0.24413280831992196,1244.9094366917677,674.2247651416598,0.900029436539815,1,2,2.0,0.0,0.0,94.13013907829227,0.0,0,45.24857500284908,0.0,3,False
1,2,1,0,11,8.330460000569225,4,0.43870530580102063,6,2,1,0.6414877590886096,135.8253705404062,1,1,0,2,14.237881113889415,23.170543472781446,15499.536195153521,0.0,103.35249564303624,0.04729855733344415,978.5094252402863,603.0013837862514,0.3941513325262618,1,6,4.499085410467984,0.09849861458871137,0.0,60.435208591332795,25.293407746089052,1,44.77654817506202,21.278044262357078,48,False
0,29,1,0,1,11.863700844759066,4,0.09845828443691844,5,2,5,1.0,20.651200354269292,4,0,0,1,1.6765404313602534,30.8604708788348,0.0,0.04193537145529719,279.684119263757,0.08911753906651562,10596.270593405352,496.94479111985305,0.9749702562142014,0,0,29.043047217065784,0.16074045527401565,0.0,488.48187291275303,10.876848331373623,10,21.975428473192544,26.031254245593683,38,False
0,7,0,0,0,17.816247634364252,5,0.49267191219898443,8,2,1,0.6764666978040981,25.325301278699744,6,1,0,0,0.0,43.56424864101634,0.0,0.0,141.5008990045225,0.24413280831992196,1244.9094366917677,674.2247651416598,0.8658621545691703,1,2,2.0,0.0,0.0,94.13013907829227,0.0,0,45.24857500284908,0.0,0,True
0,3,0,0,0,17.816247634364252,5,0.49267191219898443,8,2,1,1.0,25.325301278699744,4,1,0,2,0.0,25.636729428143347,0.0,0.0,141.5008990045225,0.5044243830476912,1244.9094366917677,674.2247651416598,0.8750045015516223,1,2,2.0,0.0,0.0,94.13013907829227,0.0,0,45.24857500284908,0.0,0,True
0,1,0,0,0,17.816247634364252,5,1.4265414934963134,8,2,1,0.6764666978040981,25.325301278699744,4,1,0,1,0.0,43.56424864101634,0.0,0.0,141.5008990045225,0.24413280831992196,737.0858805002672,674.2247651416598,0.4254969462905588,1,1,2.0,0.0,0.0,94.13013907829227,0.0,0,45.24857500284908,0.0,0,False
0,5,0,0,0,17.816247634364252,5,0.39689766513333014,8,2,1,1.0,23.311553669389408,3,1,0,2,7.159112977311711,42.320066838244514,0.0,0.0,141.5008990045225,0.11931719248024353,240.45631888154992,619.737080996123,0.8658621545691703,1,2,3.890556926878993,0.3910312348336569,0.0,91.40514964226068,0.0,0,235.56730356982,0.0,0,True
0,1,0,0,0,17.816247634364252,5,0.806523341593526,8,2,1,1.0,25.325301278699744,4,1,0,0,0.0,25.636729428143347,0.0,0.0,141.5008990045225,0.24413280831992196,1244.9094366917677,674.2247651416598,0.8658621545691703,12,2,2.0,0.06397867124905714,0.0,94.13013907829227,0.0,0,45.24857500284908,0.0,0,True
0,1,0,0,0,2.593290807972688,4,0.2683833991234259,7,2,1,0.6764666978040981,23.091022618196355,1,1,0,0,0.0,23.124060125357566,0.0,0.0,109.18693866211026,0.09989940205026684,756.1610126341837,563.4548140686254,0.9780197167158832,1,0,2.6869028356596627,0.06390901647979583,0.0,86.40269181464487,0.0,3,36.78297520769474,1.2603172946277583,4,True
4,2,4,8,1,8.914360291817715,6,0.1931018494656821,19,2,2,0.5639179547982854,23.773731294014247,1,1,21,1,6.492230588397238,37.961404877239055,33598.45600458383,0.1898568723130614,275.33393041421675,0.03979076895065497,798.7998654046843,1525.463616173083,0.941706793044931,0,11,7.560936462769474,0.13218508973909898,57.856533205924926,261.3211066423871,11.670129392819613,31,16.659378686250218,43.93510216404759,68,False
0,15,5,3,9,16.928135512477148,12,0.3552454907062154,8,2,1,0.6481185753887513,25.325301278699744,1,0,2,1,32.877200693480816,73.95446583430038,17771.63924398227,0.0,337.9473781635529,0.1384295373363723,4087.910736975494,1221.3669220893964,0.01,12,0,6.015806780042584,0.08452011274597739,0.0,440.81816666661916,14.3063270664364,24,116.30860640963833,11.410742465185159,41,True
0,5,0,0,0,4.23029052489886,5,0.49267191219898443,8,2,1,0.6764666978040981,25.325301278699744,11,1,0,2,0.0,43.56424864101634,0.0,0.0,141.5008990045225,0.24413280831992196,1244.9094366917677,674.2247651416598,0.8992640221801629,1,2,2.0,0.0,0.0,94.13013907829227,0.0,0,45.24857500284908,0.0,0,True
0,10,0,0,0,17.816247634364252,13,0.49267191219898443,8,2,1,0.6764666978040981,25.325301278699744,42,1,0,2,0.0,25.636729428143347,0.0,0.0,141.5008990045225,0.1419273300888613,1244.9094366917677,674.2247651416598,0.01,1,2,2.0,0.0,0.0,94.13013907829227,0.0,0,116.30860640963833,0.0,0,True
3,3,1,0,7,11.208179704094803,11,0.2818936059792797,8,2,1,0.6005020958903592,117.10788541026939,1,1,0,2,0.0,30.989421385254374,6703.3060122675815,0.0,234.54405158987163,0.11880211634215909,50901.74463848646,547.0082030922156,0.9814319627993294,2,0,5.240586717938548,0.12496605392538712,0.0,76.54419054915104,18.15058367103059,9,36.95219258381555,44.96886116839367,91,True
0,1,0,0,0,17.816247634364252,5,0.49267191219898443,8,2,1,1.0,25.325301278699744,10,1,0,0,0.0,25.636729428143347,0.0,0.0,141.5008990045225,0.24413280831992196,1244.9094366917677,674.2247651416598,0.8662443737928166,1,2,2.0,0.0,0.0,94.13013907829227,0.0,0,45.24857500284908,0.0,0,True
6,14,1,9,1,10.060141654493897,5,0.02284116392527158,0,2,4,0.31305407094901794,53.450599340075414,1,1,4,2,141.99779497840973,11.347811452348477,19852.047973806446,0.3163076290195327,483.91259731735266,0.1466536388969389,392.77779344668187,853.4603303850894,1.0,8,0,3.817586892150386,0.1082789403666039,0.0,72.36995147235551,15.374569260614626,28,72.79843686874776,53.27061581423807,55,False
0,1,0,0,0,17.816247634364252,5,0.49267191219898443,8,2,1,1.0,25.325301278699744,5,1,0,0,0.0,25.636729428143347,0.0,0.0,141.5008990045225,0.24413280831992196,1244.9094366917677,674.2247651416598,0.8658621545691703,1,2,4.497985051721188,0.0,0.0,94.13013907829227,0.0,0,45.24857500284908,0.0,0,True
0,1,0,0,0,17.816247634364252,5,0.49267191219898443,8,2,1,1.0,25.325301278699744,6,1,0,2,0.0,25.636729428143347,0.0,0.0,141.5008990045225,0.1419273300888613,1244.9094366917677,674.2247651416598,0.8658621545691703,1,2,2.0,0.0,0.0,94.13013907829227,0.0,0,45.24857500284908,0.0,0,True
0,1,0,0,0,17.816247634364252,5,0.49267191219898443,8,2,18,1.0,25.325301278699744,6,1,0,2,0.0,25.636729428143347,0.0,0.0,141.5008990045225,0.24413280831992196,1244.9094366917677,674.2247651416598,0.8658621545691703,1,2,2.0,0.0,0.0,94.13013907829227,0.0,0,45.24857500284908,0.0,0,True
