att1,att2,att3,att4,att5,att6,att7,att8,att9,att10,att11,att12,att13,att14,att15,att16,att17,att18,att19,att20,att21,att22,att23,att24,att25,att26,att27,att28,att29,att30,att31,att32,att33,att34,att35,att36,att37,att38,att39,att40,att41,att42,att43,att44,att45,att46,att47,target
0.03522060077196669,2.5767684088153437,25.245180612907333,47.97637619570541,134.4336708507646,329.82751936365287,257.4515411554985,0.1842979483345325,2.0082847711713745,33.377849930390234,72.08019364421779,102.98587472968146,79.41543082268913,0.2039345698655483,7.70753311036194,30.7444464944046,263.2218880398542,216.44742759145532,9.434624122159239,0.2973844581300442,11.404706077459817,28.85014578060663,73.45051852901672,74.58914681617577,1.230919686395202,14.369989991306229,164.87098134475855,189.50071211229027,51.65084590500812,0.4356408180950371,9.857980700613673,137.81531892756342,41.7529119095593,4.527371342202638,49.243212615733626,309.82687990678,243.38906648776248,5.2000678355929315,27.808216962134246,44.47480568658623,7.840594793145602,161.55840909074232,498.62058306884717,11.556809190033121,27.006167458620205,32.59472838272318,533.658763649023,6
0.14625406506673636,0.8471411535970139,13.742859651577051,9.851857173140264,68.24980204038984,329.1441369866285,193.01885461508084,0.048894061639803976,1.841549682481105,48.0132986497744,177.10701706836497,77.80786876955759,56.15730969572365,0.2298312080165673,6.4989423991814395,21.688050753579848,134.3125572396487,195.07452383900636,81.40329919435871,0.3311939205300303,10.174032091494634,37.679280499468476,68.29867896332937,97.2248264496593,1.5056996652885737,11.238147616629567,69.43701665878639,329.860580400686,146.65636759985455,0.5224900170864512,26.790318791607582,75.64579382353594,188.54093373368283,3.4958024379431505,52.65826812088626,431.15745581,9.560778195950473,8.749619859253754,24.785833595541362,116.42423686553003,6.310716779252842,283.07602373525566,221.45357609231888,3.924874942157171,46.26439033357296,89.22969907,473.31897751146363,10
0.09914152537770905,1.9398885046175323,25.767088219055044,110.97655325851176,68.74756601186567,431.9213962451593,335.39347153428196,0.2939820053325908,2.0613566940222503,28.860151667439084,82.11833627442175,207.91091953841098,4.60701809,0.8955986971620387,6.418961053466404,45.24011591279847,37.46420787720624,242.67610008692606,13.280669026514737,0.32256279698039103,14.21391648356968,22.71597275166902,118.6186784850425,42.86019477831393,0.7358482979081529,20.132396716161864,72.73214614727593,237.81251605352247,97.3129887000872,1.4293542617414121,10.640947586520141,22.917370106802494,80.72273245501208,3.6228306534958414,37.77772587846846,274.92232055744125,185.12979463273314,3.901294967801898,24.176911002446676,16.886742870521786,4.306518122403245,223.4603119297454,414.34734810373686,4.2875084780814205,17.472867438782266,61.4219350785327,631.0188890865425,10
0.22966658116034153,1.2840501288323685,16.191895253856863,34.6097473762057,185.6065226908044,125.8117128893604,73.25477746443953,0.24003369274843409,1.4449260966411963,14.686889254832229,59.71551765359783,184.17578406971202,4.60701809,0.2684048174946074,3.459470490344795,17.24528962573314,155.65039342905067,282.20860007166993,197.869923582491,0.15673312593559227,3.5545829728583036,36.568872086431725,94.62534924209083,208.42269782181137,0.22047252455033015,21.19043192703361,60.95386684973613,144.80515647700693,160.1401957816521,0.7982736410011255,15.503050611211481,34.81649847303644,68.07940888700898,0.8214468070142429,29.789276368793626,327.32359101994854,32.290756379635816,1.6313452594593774,75.4983807445957,46.4138547858165,9.382469329828135,185.3994343740458,366.84048292260195,3.172691055696624,134.9660053993954,61.649310327764205,637.8793889864556,10
0.14225906209569628,0.45966027610212923,12.339822517457499,50.112253978127086,46.81406533409508,262.3155592367008,105.38343775489032,0.16872591535665682,0.9579526120076305,62.74820765205336,34.77776555323148,68.59579437397248,318.49594957,0.056999524704659944,3.2334598072465486,53.05560966805937,110.67367320609301,151.9970981283284,7.6321615457119805,0.25511740995321613,3.826548666732941,50.962354215835624,232.30188402836484,102.74254404422234,1.3440337030016107,17.737966216756938,92.09035188025591,316.8653197832421,96.83658353563075,0.20973920466340823,2.715589049728261,117.90634196637319,173.37147642113098,3.851914556535529,35.9244633825364,353.6851946784752,81.2971779769694,3.3994732523863735,39.359393176373416,43.33245700897835,11.975207543992955,228.37338652574007,477.9105633939442,10.419200596423106,19.175284054598862,60.3348361674539,553.869720133471,4
0.12104685847454813,2.019851019785018,36.011269899904676,53.6498784130078,140.82430299167572,259.9706642260128,251.36663519164728,0.08154620142924632,1.1209105010519715,30.718561054792772,98.82403071907882,187.4337637351101,141.55659418222453,0.5383568704304659,10.524244552742816,95.00390772957746,58.8516334512528,98.11718182796848,65.30506248387911,0.2504364019219564,14.04186202644156,20.460078374932856,90.601689951328,148.0811987975701,0.7193501612804748,35.535123879107616,100.31114509428387,108.2217345547482,39.81955525292534,1.7921999652313734,34.17650692299469,54.33789050694017,118.77297371575652,1.98537118137234,23.12275340753557,309.14888686264925,243.77242090949886,2.045448425682875,17.168611101056225,98.52138836024989,6.562889315580379,195.90056670389285,421.2977275554025,6.323605257606405,159.0232222244642,54.525542711587704,542.5310529133367,1
0.23503302958916936,0.8468310481414437,25.838404929529887,34.93460428332052,146.7149146378428,143.4495111023073,175.91981436246112,0.24683190194100368,3.983188303713159,11.75412370087148,39.13307810945774,75.14196041850072,30.838843106837963,0.3370322247584774,6.079902657772056,22.272872627203583,228.26716137260163,163.88012015037103,490.46772881448607,0.30140611586640026,6.643749127522458,1.04835619,29.682441153695418,36.60617164809372,2.4661379352638146,24.2817827199066,64.7132353287353,255.75804780646783,135.97448300121275,0.9252458958884135,3.775886711973757,80.30147389407726,58.87076692562929,2.358116716221856,33.583042447488175,295.1479757791434,55.366904580896104,0.9269477906936205,54.00455880773222,126.9228335487293,2.8351377714327217,215.98361281272284,381.0837254007423,2.9232932277083443,53.23123113592827,50.719881890801226,428.27214408894685,10
0.03674131281407983,0.5982810972977994,31.31214867127913,51.070517979651825,142.11597360155415,218.06750150121732,120.19189344663275,0.055886870402966506,2.5739533716020353,31.778360215858527,91.82877411190775,46.7334526209911,70.7272139090859,0.2581350141306052,6.617233577963991,47.166415046932954,104.35147030000054,103.27174813140135,149.4966686762264,0.3335727936154123,12.926891764170941,44.768539017711525,66.31342574735643,144.76735373913158,1.1381541247890345,15.295990915882841,104.09541249286875,184.0098572548361,18.55551041082793,0.45307682817372225,16.719837135208728,137.7329095246766,86.53348952366717,4.116604644913463,31.509071233685837,282.6136889484439,287.03879951939905,3.8157818436011413,43.05703278613758,204.98873099910296,5.965818207454273,155.18955479857658,406.363486312645,16.143236913452053,69.54046973446998,41.75418697581681,599.3387106926991,10
0.03158301322693473,0.32499002370312385,30.360396108889802,91.41846103686136,115.0667557688494,205.38982488363456,212.1196533815829,0.052420321802320605,2.560667426744631,28.619065485006256,51.38765873338929,179.4833765923962,48.345308551432524,0.1268832682500713,3.6506896197012,32.29552526044672,194.48986397854088,163.74913097861292,141.5842376843958,0.2756567799376106,7.971509046142467,53.42639924293985,134.72594652967663,152.99978575014958,0.4700299602806248,11.309876099785622,59.475373296922776,302.43091164022576,72.46244305547685,1.1120813799269587,10.984770760446029,66.86085997894803,53.28872855475969,2.6226101733477254,53.28470881780826,418.9913155397394,35.10551674199768,4.484285355865202,18.397448094439397,158.08681625126124,13.090930897789807,229.0162957594971,366.35220166153834,5.336417412617827,35.842833925478914,48.083961906353856,383.55956695703406,10
0.048480618956321365,2.013760147812044,14.096025137962275,38.426297171857144,84.80886053938708,139.5680705510171,117.71583185718679,0.04625852350238953,0.2511687804179308,13.459579462285559,49.45304073437299,224.99385607067268,70.99567914723158,0.09569188976680976,2.4370203519723637,24.44850802767182,140.31036430305033,252.88219257233575,97.21870171617681,0.04923098309981806,1.3613919755064379,24.66305956871261,127.75739624080701,137.5116707315004,1.4849903325882783,13.923567880856769,62.8601930699466,85.38349759537273,50.48905860375446,1.0957424685613697,9.778981562371456,50.12951475584626,28.440745277305325,2.9092524463886194,66.71853509051782,261.43422361986745,158.39468308146868,5.485803045992885,26.30470103533399,66.25419959540088,9.16873183149129,170.90997193539695,491.67733722244407,4.121273615718176,1.2930820827669685,48.05587891784073,502.91291897425646,9
0.03019081573585763,2.429711722226752,26.63332202366273,78.97448962530392,149.88263193245012,534.4478769209518,68.80996370332454,0.16000743053677827,2.6133249904098173,12.617781822514921,21.43663754331517,52.32937285096846,4.60701809,0.22823893929878097,2.6739518897439254,87.45934802966232,84.31599719769179,234.69625414923524,101.2245388726801,0.16634314384744328,2.540442919485634,47.67313294105608,135.41234199963964,48.1742389981667,2.1209163878443222,8.299133061619008,106.65899005057038,35.961355197695156,521.01780197706,1.2878722822494433,12.925742257599591,104.72265235734405,53.38589022798987,3.8076627713292073,15.769025610415195,231.5436255368567,35.46308085920765,4.924762416886704,17.155114132525885,63.56573551691743,6.899833901973697,153.87102142063526,492.0131971630505,4.399360360193578,9.292830625589083,44.78429121285703,595.6888758853019,10
0.05971648903644246,2.9640321964502454,27.91907348908747,159.295816474296,114.93513278601307,496.5737558038315,136.0592731089959,0.028483753169288778,0.2642901110828564,27.561531411518978,127.17290910874665,99.01613460772768,232.33860563113228,0.22341363662385794,7.066745515676265,49.402695121644754,33.73742890337774,206.65048893277043,10.752640981351433,0.23970402630260618,8.98433923815116,73.79411121590047,86.38129673252733,133.1997459028929,0.9215783947786865,38.88208380167495,63.88085984898737,276.7859090357451,94.00020470437856,1.7836290351938375,39.37993387397911,206.14214138019952,53.44069515700775,2.0550953345088274,39.67178298947064,250.3315439461398,232.6263495859992,5.278928112252529,30.35338666380757,124.20765972291227,8.383880227384813,145.86156564931787,408.4973551993337,11.756163219393592,132.804522819781,41.24363847733219,418.8271961212474,10
0.09041357929733944,3.9553416400704013,10.799554303898718,92.72494627955896,171.06610456447774,102.46294553596363,41.82527096938373,0.27557498387250245,4.058774758736901,52.49039001853177,157.22644937425554,187.9338638360229,15.105672302464868,0.3937800818069928,7.84958334509239,44.292670927716436,67.70412049489342,42.202645606532826,17.85522392543532,0.23141832680297944,16.06142417600156,100.78355370904218,37.27249194348829,209.50314800926304,2.1721003669644183,25.233222167427506,82.80436132622232,281.3402482858518,163.7701140698985,1.1574428561718773,10.161454172294473,85.53438763869566,79.148605624007,1.6983869993513023,32.19245520474656,279.7338129333506,81.49575931913111,5.533833916199081,44.67698205968423,211.2121058419732,6.204795923476103,200.5100933763349,370.47365715140046,16.485218298718966,139.57676195020358,46.64784095580099,410.7142695523578,9
0.08317095309550633,3.4436035469396815,41.99603627109375,140.1200092793194,107.94734056983744,80.09826915044823,82.30672154931995,0.45228855667780843,4.263085510568687,42.57832193970098,110.91654550572292,236.86456101246895,318.058608148424,0.22999724127779284,11.823566911480684,74.6453822465219,202.5737174052552,121.15025406528156,245.1046138139739,0.41080807446074286,4.835178248645415,24.526733443865027,104.56368035304328,131.3132139484496,1.4136944880030888,25.557007021715823,121.06052025736332,176.91464699637652,166.58251099832256,1.3063233075961231,36.04730708056575,20.657554877488963,140.97222951893266,3.5836178786708253,27.84716716365738,417.12364006105526,278.2504309763406,7.370266817900019,26.268773878726623,74.90920322570086,15.51853961589128,202.84047772747525,437.495593234927,11.66639433440363,97.25447321060717,53.9183736672031,466.2422376326934,4
0.01708077850003066,0.9883724777333657,18.42285583086516,90.24395722443042,199.0816034922777,381.85443375173645,86.7588034132299,0.02497491788451231,1.7725577936609356,22.971973532310212,137.4461093417137,3.46991186,145.92649008000444,0.26786790399552995,6.957412075047353,34.70359682643416,269.31308510190064,283.23194264585084,349.63206730219235,0.29257741747515664,4.932049735066474,62.144396898844334,132.39716482911973,67.1093222411865,0.3546256890046918,8.870476526285447,61.8382965088118,125.90754917214059,271.25929282807886,1.5635597170294608,19.147259092509973,2.07886167,86.0522013454692,0.6317740167853046,12.963442112912187,203.22152734469216,173.9543537407152,6.353152579060013,11.797888719046362,227.4315989521175,7.094769896241651,142.86837824016393,321.75743005291065,8.003337498420143,153.26942533292686,47.70498997310998,449.30749917988567,7
0.04655422581327022,1.3637525906835977,5.470222738331526,62.30845723536269,43.24138896308449,296.5996724817472,353.70669835729973,0.13623200939452373,1.2188940193370903,34.590054456310156,116.61845006591972,241.27829901497927,156.5964338388169,0.0787241858189119,9.745872930009188,33.99220834599632,71.51858460438606,121.98258897291171,69.82287620274252,0.6276048167190085,6.653679740761053,28.004390752772284,32.06365418840593,66.52476338759764,0.26654753647967855,16.60228197008275,35.287872976090405,188.6653625312219,253.83842288099356,0.20803118118597813,37.95408426120843,59.93645718118903,175.89060815579376,1.957889322074203,22.498114944851697,355.96694919543796,58.160073945273226,6.217849795506606,11.319006796210413,96.72500243082325,8.717377189855457,198.77248081973087,395.158621944037,5.048259269599913,64.36878513917233,57.492140554065784,556.1712610044049,1
0.029536317342169133,1.3544889737436194,24.52303712152036,54.031020562667415,171.38867280001963,165.42566447105844,183.55094916370484,0.036717477826333306,0.09620661711913492,13.49986346037624,39.748209927922495,32.39695173214854,290.59839905688835,0.31933960169449216,4.4682682006510985,91.1211964257028,243.91195633956764,226.88972769337215,410.77989787981613,0.040513114406472414,0.3114937639029556,24.44051606094127,37.80851108909565,5.7025015,1.3465980877254544,6.033500019452814,102.7362674802522,53.98566631360754,120.20355462567207,0.06552959302357397,6.614525440744426,6.0993658333084255,187.46252628212073,4.123634830385003,77.45166674615528,317.9281751704729,52.32127389397446,1.7077725118206692,32.19215280712205,189.35374087861766,7.984406355485174,165.76298798091207,340.18205118883367,1.0090037203800013,17.9658176844098,60.47067513419355,458.3964534597191,3
0.007922860256542548,0.42033687464809605,8.970685100473487,94.26915410896797,154.56316152953693,374.9962215710183,117.77911795398533,0.04228314620351652,3.6594823782132093,5.162867494729802,37.139723765327076,28.876627661512835,13.380944706177019,0.13044382705930407,2.6369729050877417,39.58524752527006,146.4343515696441,138.49920759870943,135.24957484738098,0.2608809286747188,7.60300232911674,49.811681010593944,116.83960774226175,145.92936608875195,1.6333687594176958,13.273893831345523,66.1411037826317,133.25647188151618,330.4473774547824,1.4038277068276372,14.426106622340964,60.79605681444321,56.28781346375092,2.819414723908145,44.40208596317642,212.0484103785403,76.1872503087169,2.6208475203515365,16.291814156905417,181.72122548551968,8.260054854749209,154.74955044211316,473.24234709444585,5.611829238550712,36.36230757949145,46.36209414566223,443.2987837641604,7
0.13793028263564017,2.1728917021299896,35.49585413544578,130.67848601715917,173.91968541429796,138.62608151669332,132.30361861718924,0.1028640329651279,2.04920421204059,27.788993920104133,100.54059912690893,188.7279542198411,117.96878762549042,0.19374054927281936,18.61244460537763,52.392530462670564,111.90204328835551,205.8499405366938,61.26341527184112,0.15897443668795042,7.89463271459576,18.49009987874417,122.14015918813335,160.33385022074935,1.36892077731789,25.85907730077716,107.4676885992658,272.83137834404624,95.07935816303893,0.9255201801965964,42.252633387158596,91.62214717053632,224.17208210776948,2.107917931263983,42.47456596041255,331.0760107336696,122.87474579686686,3.545304016032831,46.11664989753393,172.6738686611584,8.051514277959177,225.2462583132951,335.06251332110355,6.456653849481945,104.41047537899362,69.72458854889588,464.9713860084028,10
0.020936214527834736,0.7192996817508763,17.166834006477586,38.83298457257286,99.76076328217403,78.62654791530403,52.90530307488319,0.25695066525827215,2.613488036229347,12.524608582255691,20.968079870650378,48.06720426730029,97.0158721724811,0.27776115803232315,7.0763505962035795,27.715459931743894,46.91522764747051,64.78668201762353,101.7696925063974,0.3097564928364469,7.715705190020972,42.61313867166945,66.83678813064982,157.19253978117104,0.35104974030615316,10.644107202950073,94.66788384331713,105.75923392648862,224.78688929041635,0.7920750316313745,21.15776922694034,44.11394710839936,65.06928501305728,1.3983892745306314,39.45951565354223,287.8549231800891,30.493262086879334,2.5968828756094853,53.222527609222816,73.62553557216155,7.727975534688604,193.91930384444765,407.19114278627575,5.443652772851686,90.58860980449754,54.716879774106175,478.9637354397372,5
0.2285145111415231,1.9566541623475453,14.211643968161031,19.885405948187117,130.3566559204397,431.5927701998366,67.17846707894496,0.057592419139037045,1.4245811693568773,82.51677736661301,37.94649844338433,100.1166294132066,90.1070914680483,0.07135777970355614,8.199358759025767,14.926182375217884,2.26039986,239.21520891001464,397.9861554692491,0.3978552222164905,9.37278302563255,20.52935132184803,108.36954622022523,174.97117877172883,0.5078743385966631,9.69681668090363,82.15393136589604,164.8555210559513,187.16351147472307,0.6050801153986746,17.640064696356866,52.16676113587574,127.51736248191813,4.393870515167012,4.543838046947945,225.3059038790811,41.14673590291892,3.964933965036113,34.508975533427225,121.01842400196529,7.118158648413307,104.47871843134578,437.14077475984124,8.10664117137662,177.63341582969977,42.40433320850035,530.4273383236348,7
0.10690802723242732,1.1561314730135273,57.919368636274264,114.48731339472786,134.01181753638508,353.32054978008216,30.202725420274657,0.26341506826886074,4.838815177061143,58.70135471897362,123.19795008898541,82.25439848933277,71.5156994477334,0.23487978680066524,5.908377048469548,48.37311389974549,18.024978154510137,275.32427659157804,125.42238874149848,0.613763583364952,30.455965688231245,62.51652952188654,75.21457402942104,96.28422988025882,1.2887202547062269,15.71988227463204,32.702327280036286,258.9428486974141,144.064960491526,2.4675907655112876,50.50300657895068,41.78087798598823,76.23227528493038,4.874970503679103,28.053646354430747,262.49877973614934,41.87578010077385,3.972868367991671,25.39938405924909,61.730191578903266,11.251411514883955,198.90376136576535,289.79892674864453,5.153220734512292,5.510148385491341,44.609105766066335,554.0546992873711,4
0.030818514383536257,1.0623793406863402,33.704562418918755,47.89537959408864,66.58702098592849,164.81179582656952,306.62696204959605,0.054037233221008514,1.9866513622937743,29.98020006395337,157.31299945274282,105.12618323569465,7.161271907868624,0.3593633819020984,1.990258677160031,31.862394966962988,70.55006681413158,180.88960041882717,68.0579188420962,0.16420634849747193,8.465595679270741,93.61757419858851,122.34801130535618,134.89401211956002,0.3917579464720506,21.882795021076415,61.458119093582695,344.83287101800295,47.233869135221504,0.38840032082354636,38.66618516576747,102.50503368925175,111.64716548182253,2.107669042096685,50.90865840937497,272.24112848855424,418.7735604,3.5117166710154493,25.95149927913888,186.61504349121012,7.167697104524446,170.18128989044908,344.9978824939006,25.034211786393683,115.99375861440544,50.59672668030871,598.1234285715681,2
0.1472886908554116,2.8001852290704017,34.49376443021307,25.90062718182455,168.1765117885304,95.95780567980475,290.95484053472444,0.22975951441418965,1.328560271532305,11.533028987995735,63.17836864042162,114.98039285550271,195.49727690153003,0.13357659819727102,9.956065327063568,43.43057910978494,251.2680023764884,104.04463829589812,176.74680828069745,0.38134541294331636,3.018945579851467,122.05212590547137,37.72485518287917,181.13105526448678,1.1037297285038603,6.915327634443148,101.75211051301642,194.88749730354982,203.16107514784167,0.6530948210090782,32.67006395488376,83.74452396452915,258.84982740630187,3.0823244892393094,43.74410623121655,298.20398790669816,278.24423626600185,4.952614003106062,44.47337020254425,46.15254078609471,9.26347671076083,132.44681296979567,264.87069861425806,6.4406889792394075,141.70630182211127,62.93849810247066,447.0785150054595,5
0.213244230020594,3.3348498562473523,7.5113389967984485,44.0708741846962,102.3857314599432,186.28918640054516,274.66326640566024,0.1557773408438144,3.4393399315869915,21.221579837724086,109.29809369320837,177.44600659564153,153.20289145454035,0.42177465541424874,6.730052792871647,29.60791740154482,71.30215690651565,139.6759723196343,122.17929838557401,0.4397927494948038,13.323282986278826,72.75258119695127,133.09243135383974,85.01259227443498,0.8908500848847705,27.94193191659199,66.22470540347413,210.39266467753743,145.60902565017443,1.7630011029809274,23.93308767847955,71.01855802182112,73.86452323428036,1.7415689826424106,24.134881768208338,288.798498322106,81.79757835669596,3.301824117792563,20.630876601799475,218.22029415795794,7.134586382848382,236.25541129068296,313.08630810457834,4.964121041002436,91.38116101542596,67.539210563253,516.8401767651698,10
0.08349085054344721,2.4939073448502453,14.041759588675596,33.067360767684235,102.04334146610793,517.1288021485453,60.17102741935008,0.1708423450418634,1.0890996060702745,11.700452376478001,31.315141338683556,127.48931205709215,118.44590068361127,0.10182689145931095,3.8747357713129627,16.3960424404481,136.41193552542995,265.55871793114915,58.790644320844,0.14805591055420936,2.6835105503957886,52.21303571066175,142.77728504118664,102.63632546311732,1.0554565096542767,2.0509182951297564,88.81703821062693,89.95131498531397,149.65557759269234,0.6447845690442995,9.135159823982686,59.565943094173704,167.4485214901798,0.8598308840673434,48.68343570823663,204.7435760987721,347.16670493877,3.0539805751128712,23.96746506495263,54.70108779037386,10.713949363323952,127.71245722470452,458.5471670954386,4.914006436751279,77.51777127879487,41.252737454810315,495.19159202520655,2
0.03198848511757901,1.6602576427587228,40.18787136752261,48.0349608799947,59.822584011174186,144.49711850706746,110.47734300482958,0.03643953448895382,1.631190077397182,12.422189214230976,58.7547702892882,135.74967619672051,318.49594957,0.09203620623062082,9.611328575099844,63.755009870083775,27.198129568784186,152.63627556090358,55.20941199143968,0.10045624853225142,7.847270432714751,61.014902133937404,63.36709733300499,164.58754596025662,1.5175796321332247,20.067276091916884,70.52610094766294,173.69652460821902,168.62646491082361,0.6415659897382291,0.43353847,19.58258263990637,165.9579295223616,3.490561382705641,45.96068863400371,288.88152610965057,113.74341352181895,1.4180980443094509,8.753877183364281,75.91173948609884,13.26020096190657,228.60200330149718,489.4101570078566,0.36292568,143.19532790608716,64.45582682806644,578.7725188879369,6
0.0415801387721285,0.9694862342618877,17.760359365216935,51.900761806406074,53.99865691696365,337.8761114958313,170.43512575510374,0.12169511077013011,3.6006361884972375,78.1788069686841,94.39243829429006,222.67708937582296,37.97921344228943,0.3516340569557003,6.480410759674658,38.21718831850876,39.76048909386711,296.6884034717463,46.805701790775515,0.3297680577123677,14.524302265296793,89.48108400363282,111.30267226077237,95.21542283319671,1.2224139340846758,8.32302229775005,84.31372126809873,117.63585099645101,13.001537131708137,1.3564046480813197,20.593862012892796,47.280625883816015,244.5323547017753,3.940366082387383,18.519977671720234,183.40898465650017,48.91883289798608,4.574296018514412,49.01840584628836,123.42461981071901,8.997209813018202,151.38164440740647,410.19479887429037,10.286610037061898,166.45659730366077,39.96390774654752,433.27059638298215,10
0.21388156741744263,5.553419227027175,15.823370489819752,70.89007253357234,91.00383910646684,150.98401124908827,202.49626355988465,0.045524834960142826,2.1324232296599854,9.276101002252348,21.12363994514699,121.3336921227615,318.49594957,0.1556724697902717,11.294856661522838,23.42748314099987,24.748658593867766,214.0289685977367,424.9960574220361,0.38719139182981366,4.2040752374705175,69.88338228798634,69.23908892567178,10.062642371955661,1.2863092515224746,25.993382601251646,68.12180680323485,170.5114850657809,143.20518577838868,0.03191206,7.790793738434829,102.18860838364566,66.75357981116473,1.9910638209388507,29.39948774527123,318.9004820487995,149.18431189436183,2.7546563857588335,20.548399691396178,49.02777636144512,6.642789463937615,238.6354824955828,274.8785402431915,7.4861530831580225,35.4081547931946,89.22969907,583.0455113314404,1
0.009221295272602237,0.9548637900083026,17.89448264740609,106.82237859816969,87.87004158058299,315.5680166343597,338.5709114305284,0.26333966990287616,5.538064727437877,28.169588718170644,35.06168752317159,66.60037449042869,275.76076879661036,0.02742121462983907,5.952096129250864,32.87697570311248,109.10777058103068,222.24349439436332,86.96897004845343,0.2516429341588477,5.154944138154896,61.13325295347675,76.52677615662462,116.78654296404909,1.342768160192941,12.940894186897099,40.00075919916855,148.89994071876973,47.62072502015428,0.3634557001273139,11.837479076989823,49.60193366006564,158.87512131485673,1.851058889051246,35.802636502710094,249.10334968415214,72.45976395628352,4.4613360570342655,16.817724190882767,186.0356317359423,6.397931699639632,146.43997390055625,470.92636585863863,2.293540845045083,162.16094076849336,46.03404217773853,601.8349181983273,9
0.05237535518386134,1.5968155320177406,9.282106557774688,47.057661913584816,173.65972970094998,292.9114069590721,186.18052779635178,0.11448813910547978,0.23311634618801746,12.12745049910869,113.62926589867114,163.28367852303006,137.08081051664075,0.08767342808994388,2.8374842897907158,9.330760669410521,63.06651786901033,144.35663829494473,169.4165308435387,0.10068842865194616,0.14045953,32.63136207561928,242.46153988357023,31.817690233019533,0.6665178668579566,8.967204665435174,111.33217909860497,176.68066660812832,459.78381240067193,0.09228183022102782,9.687326527219625,2.07886167,60.32999328691708,2.4217386631480964,25.199854688581542,192.9131458855241,381.6516979931172,3.0121541895612842,16.47106478526616,28.625760504982672,7.101298690233313,148.8969858707634,533.9742029131864,1.5597222772381758,93.05519386093565,38.31187189155587,614.5396936210332,7
0.010649558217145725,1.108914873435605,26.83314508257549,16.27456938945914,108.10696729687396,344.5056181624545,326.53353403034293,0.02491065771238392,0.8527045746005688,2.835261596552513,9.861344851586335,31.785989059994744,4.60701809,0.10131074764195555,7.668924659691216,12.330020846785494,70.50277244514098,331.5104110872334,214.91495907702054,0.2892619122344236,1.3936781829075573,20.443664649190502,40.037106056316965,89.98125939928373,0.7045344430498499,7.145466945446472,124.80442437235442,83.19831702363008,304.966803827209,4.535792808254197,2.5660177002123143,47.21021101655567,2.2606416,0.38387049654769323,23.39336260091731,264.7277939536481,141.54928846364356,2.1829652986548433,32.03932069534351,79.46498448074217,5.722818549519962,196.15049855761515,377.49462563549963,4.393027112251053,12.023309401251176,35.63271210552529,536.5931209659376,1
0.04579051204043974,0.9443719958125534,23.982554656590615,100.6696282156067,124.42363637261502,81.53351651551863,296.7584876340575,0.0950671124317912,3.948041565673969,34.36466768888124,149.1014125095823,77.42384205612487,78.77215651340083,0.10396690835880909,9.481132433089735,15.789387653801484,109.35387203405055,116.83826501819671,299.88034013992416,0.3426756733238695,15.01427212866941,50.03600920526265,105.55430322306893,142.5401213324801,2.175122854645279,18.227214195647264,91.67454504131048,161.3699408520681,143.95451116603988,0.9548795908252966,10.860038206286369,60.455573804306546,175.57070276876092,3.5920779702008785,22.747859109833694,357.0028668752507,107.99382335324658,4.741387559667924,33.845099870474165,138.50620826247112,4.381957104116731,201.26846655122287,418.5144908502295,1.968002665402746,83.72154959811877,67.18859216054302,431.71080854654605,2
0.1066150576800485,1.7659190499033024,28.989706253322634,68.28896056278653,158.51698853611194,233.8958220836492,365.60640542494906,0.04870342607642006,3.4400119700890137,12.222449057995256,94.36416634562545,11.825235857387788,103.6870896468802,0.23748349566109572,11.365824682011201,13.024832192730617,90.1713220088821,156.94734452355408,304.16709983398266,0.1398675605827423,9.198523986409771,19.164386884775126,111.14838894194719,148.51190518327337,1.3047342592933822,28.100244021631774,46.354694673553624,208.0881532269072,0.06494351,0.20007504268554793,7.1721439355108325,93.25530630862698,129.54488679596906,2.049828520897907,42.94294836220303,314.78695049499817,32.168623163119264,0.6360674217622355,25.238668830874914,57.561609109978164,10.913848199736115,195.9332137996957,379.730809316307,17.22797432242523,23.10913187763734,78.4613893329815,544.2409638133973,9
0.15137330301404578,1.6259400304007046,25.82510444821095,111.1366739387484,153.76217441484758,267.996388791413,30.45065802013164,0.07318141359434881,3.4925257261231186,50.90884598712577,78.93317344388295,163.99077863255602,111.37384035809012,0.07784886450352085,4.029616370445288,61.10859230304568,105.9011275511705,162.75252414314,40.792517108959146,0.15233698451593627,9.524177558478328,26.87217186539669,112.34627441332076,53.159649552817896,1.1006727722234846,23.749824076927894,46.63880600208779,101.61278026086725,116.26981717591062,0.3635382714076352,16.651082260468208,58.7811314266346,151.8522504977466,4.492577513922509,19.34205964713555,221.60344762871446,160.58667373446698,4.761782855551585,12.674961243018615,122.66899847762943,19.391652401544285,182.42781609268135,499.853257615616,12.328519933100711,30.73182063938286,46.87943793718623,604.7765323224305,6
0.0094075011646855,0.7032964888086864,3.913266669091798,47.406072763422344,36.58493013257163,187.10292225449115,196.92674714862346,0.01701973256705526,2.017701715473588,28.634498919350346,148.88156451254764,131.92572515208911,78.80248694554376,0.11995202104936944,2.484497784456276,8.117531114882162,76.59935632522507,131.04037267920924,118.32123648396527,0.2977297966964405,11.575350285705142,52.07544740891008,169.84873981204223,181.9616305539852,1.0241957779214332,8.72023321240263,31.676132895416426,304.7645518362193,200.6477722661416,1.380403587561066,44.987339253665,39.323464104146,74.34304296715898,0.3635062498789223,18.54876907982969,257.80473326061815,75.31661204864523,1.8427007180494648,43.66523765745764,25.673563420278573,2.1547960205297816,180.91246818109306,543.0484457485238,1.960865212050285,29.978998086827325,57.1343313997012,568.8718775116606,1
0.005129617146977957,2.0908810176325563,22.032549097501608,41.3265237631951,109.62674972353304,376.32683434575347,121.79786847426199,0.0978862421724281,1.5072277057429622,30.917553513941893,39.00985386858191,32.52878440961766,115.74164906595855,0.09937990348491337,6.90041021143719,34.180265428644454,15.547494108801445,72.0739791267982,107.73784229368027,0.27367294893653343,7.403644621562122,37.34992161376887,19.57723576111509,109.67650929853616,0.9029235853617598,3.7191373841340516,99.92553487800043,216.06686186562982,135.42191853506017,1.3354351712643096,45.19699926363368,127.29055169551249,164.2669113792572,2.0865169815056914,22.322054340792096,347.5369234740708,150.68918111798453,3.0446105650632416,21.615838267172954,91.41555583818881,6.921698340500222,211.75343471141,458.73762171830913,11.892479254549825,74.47476180200931,62.45958732318869,587.3887607892129,3
0.02514921109933298,0.8571075412835328,24.851489087893576,54.94321267984813,105.35772997854653,483.93757371875927,179.786720715725,0.11145562092595837,1.7925941932670209,14.206814444275587,27.415232390585157,66.35042103406147,156.5964338388169,0.08403041156814366,2.8217134042127836,8.030949378525703,93.68122874493484,277.21287387321564,80.02449131736375,0.14923769154295607,2.116434405391878,16.942001515900234,35.5981094526606,45.80525797396032,0.6424258608380934,6.195331844825626,57.53166939177137,125.16300438748448,388.2832760132304,0.32489908004338697,8.80848401185262,49.99060188623869,117.6341344643397,2.1778129892527978,49.52576202778448,346.3543342479683,29.49065072197028,6.4957447696860235,15.335826068124398,187.2057983876644,6.51011642353453,151.51520723073583,457.2347172735324,0.4668790067897528,0.75313,88.8396381382621,573.4099684843177,10
0.09781759953607706,0.7765105253309363,18.307127487041868,70.6667340419398,79.0753919937732,333.2955845991323,116.95863310724239,0.05739332165419465,1.402039793304395,66.11626857761539,13.00621327667081,16.46132761283547,64.44813682944779,0.231941628398532,4.427249069988084,29.045133142286094,69.88199617399512,178.5424360580204,247.96899382867775,0.14925541505770823,8.175961991126915,40.69425029098519,33.208948753049,208.03666519052504,2.060028644608142,11.588921013432321,95.5752263836022,171.93890084838554,16.949921194136955,1.5924113537069264,14.956243105413057,39.183798596650995,141.34198171432814,2.0398303671074496,51.8708331693792,289.08994692068245,102.60036151116572,2.1635045612145625,34.57384329008415,29.42391263488276,9.917487943131954,185.13205781399614,317.25962198212414,15.307534875847388,58.104884430266345,64.33917881004008,529.4548642972136,5
0.03803842146280086,1.560395160051311,16.560242164011314,40.63914461990521,44.7105244753876,198.5316943231422,242.46617250608173,0.055077964417229154,7.204684981636853,13.890732394580523,44.851392411421266,175.21795872609323,111.76006928875722,0.3262604595310783,8.065186328004547,8.350047415634517,244.32573340857658,158.42379455317314,29.546497236558164,0.28946328479089617,3.49614348485766,26.80761906875241,122.7245219872006,111.06829718161157,1.2622140800372192,17.043630303765607,66.65654671624068,121.77733177389659,43.029441551562854,1.754499047970157,16.522551166174896,58.57926777477328,234.12597865248375,2.584196916430929,17.342947845970926,169.39684035987437,2.7303671509728105,1.4173023089054118,88.7327224469344,29.98021315317133,5.941762016506524,195.90188020356206,465.45816549159065,16.142049476714366,169.95445607559043,32.43469314881281,422.55370635178946,10
0.006632401474209258,2.757967761354205,25.903618636746433,27.05734689503683,134.89457759901913,220.6913208844697,97.06973492212536,0.03583734583718423,1.1959958070149992,16.465314971807555,163.4390524859237,97.10405155621694,107.91503745970522,0.033747632246653544,2.5044665505016557,68.9327286549392,120.15095537969216,183.91014036271852,80.58465356973598,0.34780027935648494,14.618996260892501,100.16983136496106,116.27934287579994,18.936381519869556,0.16464225001385918,9.762834638513581,78.41131735101098,181.09339647551593,204.7887850002676,1.4277449860345248,18.732773713698894,67.87015530865372,49.589844698870024,2.445410493179504,36.066313775486684,220.96576722975635,186.27325865247718,4.663910896353041,56.523961476148926,202.18173441894928,7.385307999875189,171.67379936594506,438.54262482968727,6.91353697643383,113.49277883087218,41.255218835931714,544.2886546700006,5
0.026612431710038048,1.959907334454579,12.321634501545363,112.51295078443334,167.75304898064272,232.751342265378,317.3545026998699,0.07843176612700013,1.5816035954515077,21.531243909712625,16.82831437345905,51.18173686451328,144.10592222535487,0.00570986,6.519965319717074,35.77506579345119,120.29473919283103,229.60865115310614,79.29304607635167,0.18830021549005485,8.118885094586126,9.870815461155438,136.68400870310072,54.700773061343085,1.5856745091127926,9.015818589144978,79.89207155791517,208.95636605063524,91.88971463576796,0.24314239832218726,27.265568262613186,33.793894616821504,109.69333558225219,4.179624625619018,24.7029404421314,170.65940247525265,30.817155084774274,2.10475958558756,10.69259625809945,184.86423258011973,18.585995473383498,188.3890853510255,472.3517691326796,6.174996453037544,29.59351856818048,38.595935216838924,436.671526360841,1
0.06628237833077927,1.4301743449151663,35.24193264713981,121.79972720833173,68.31540151466366,449.0803043468569,140.9860952973902,0.10303895961317268,5.481975807339241,58.86106265720883,76.08759961156812,138.7649315967239,126.58692716369701,0.09930575654029435,7.403332210496073,44.640166064271035,73.85328763470756,89.72561320453177,44.88352519942903,0.39076190870246386,9.466204404635063,55.18367112076126,115.52597817990984,109.16081301292758,1.5901057962635117,15.18750826173407,113.25570533052287,116.27342131400943,175.37434741502642,3.9169997964618464,16.795410896375195,93.37782787614412,228.4752522396368,4.466742893806398,47.851882424083676,318.1412517499117,92.80103807924439,9.007988698084556,47.335215955293144,124.02915940820691,10.800165417913211,166.8442119225471,200.78042652931487,6.674430320655908,76.12242787412573,46.33948586401492,362.47902819663204,2
0.05638266013349379,1.412427117850407,16.06521801562516,124.85512371667122,131.7627541454675,80.92385872333489,71.93068430178995,0.021627265174885404,1.8421210038050089,26.09552673041732,109.15630942414886,70.54015279296716,141.4342659011462,0.2799398955775287,2.132124031700328,59.79141866516985,36.582286529295445,309.9047160558293,224.19491512947235,0.2453682076765264,22.47040693820304,95.01224866165867,6.498235849813145,186.1072931098347,0.9045180194076011,18.761491081255624,49.133722244031766,161.71665989557545,135.94394618330108,0.762341924455747,13.532925584758205,50.681896775293545,54.306097783628275,2.4151665816797117,38.23549259779069,254.34255184637362,215.2863820533646,4.62243525804272,21.429317293302926,233.11412149967958,9.367445905875872,196.78039702611534,444.51465368954666,11.10010263833867,102.89466725238677,49.95610468436669,596.5246122013282,9
0.03170292197429508,0.8519708362474787,20.57636654626067,24.219076660571638,125.20571134940911,169.74439284909428,125.13544582267353,0.04177712068050941,1.3290311531625876,9.659493002720765,37.213872080785094,49.08111425619804,43.41907792993216,0.09832018514513499,7.203470438601737,24.339582617416923,118.98479202848992,104.3241339902064,105.6099752772343,0.21338672493807642,9.251740814192226,101.31573154001597,122.73176589135198,248.84590061209178,0.9836282174882381,7.181432868298064,104.59217916155777,311.2889974010096,145.05595648017936,0.7157184180181113,9.336072521698986,20.289062266239924,181.2379111247251,1.273630455741526,34.06583874296979,281.52216573305236,20.531143317641195,2.789470999129224,43.22840944171512,198.70893648576794,9.566297983113806,170.33375201560756,314.9892698962993,3.59418419242929,32.85862238742439,52.04311548646709,491.49799955399124,1
0.00109432,0.9065138019566935,12.642577218687443,135.39556220369698,248.16001400804316,398.17589380122945,213.06529107677937,0.039375163012828146,4.698677987386567,14.351489441612468,95.66526114360482,88.40397187716121,68.78118135485686,0.3431677559250323,4.1801172230348715,47.407740108954954,111.61679589469912,179.22279208114304,153.26176976895857,0.375218397447346,8.548791245677473,74.53745778343519,53.48698643071161,172.4937256772768,0.27620288678326604,6.054727447708854,83.2099975449251,137.52875140899135,94.00523267298712,0.6448309703886834,19.964614576245797,90.56767206815795,110.11240588709657,0.9771730105750756,54.403070604972186,162.61382896754023,148.6539981090242,3.710667779161324,55.184697761099955,62.61763982707258,21.12299896754233,138.39107898747127,459.7453259592844,4.5391386300794805,117.1565266664301,38.964763982912174,562.334850119718,8
0.24894503760274575,0.7508599183457731,17.795884837249893,54.14447468373184,100.07709117941675,498.5911187255271,58.65653801377242,0.17883801573674887,2.361597872380435,14.61775296529909,37.565147788216706,43.73116689341383,78.5270338482442,0.30937976127725425,6.502736874092845,19.732441010024786,57.189766335064704,234.8546485086033,16.068544937695187,0.17516499660223872,2.4758298618598955,40.643469659659736,127.98464215530419,71.07165988625835,2.103397816523763,19.586452674071634,58.15730345124047,154.1359912855619,249.36041675050637,1.147755748114549,4.880678489360468,125.89652709787813,65.37614042739725,2.1623462437346443,16.79458497341277,231.2580886308137,127.00883868509044,3.86365456039743,15.570219247000576,33.678207556541025,3.1825247433583748,161.23761687729146,216.7179495446723,4.919074035075712,21.88160184418981,48.46741834120325,508.2777099196116,10
0.09881975226432553,2.9718936900092943,15.482798279374922,17.946452576154655,76.78209648213515,304.50290321200055,193.60964634865792,0.22380972843434757,4.004917154237472,15.146666425665819,108.73442333862732,141.49342203367522,318.49594957,0.16425326483581634,6.055132961401662,68.8171300877525,145.11521170879058,138.55238946013205,431.2320711821911,0.5896367929842066,16.761386901434783,51.149472990101806,35.6689536091511,84.12000086466213,0.907895198982736,5.285635320575382,80.3931978939448,61.02600087099874,467.5877203280755,1.2488862322016434,22.43159787765882,126.52330770585768,74.04296362077329,0.9870662472620175,48.391071737071535,260.92331761543784,89.69793084537568,4.287945644691989,41.24534331980053,47.801623134873665,8.471967087880587,216.50197891771396,193.7127320155565,12.562879262495851,13.372006504304775,63.10220335076764,497.32666337406783,9
0.1635513165458189,2.4837326783245213,41.28828338051239,152.93038442951394,63.04049332318257,193.82241407876535,209.78449661550923,0.159866590856103,3.452627951288633,15.04954903677175,84.62034204980976,133.5457960283319,91.0179371450204,0.2186408446557807,10.396613671999136,101.69599942628986,2.26039986,251.6614514195662,243.8549521039394,0.3184925989160625,16.876186353580092,52.15233375478898,51.47606810020096,237.5742724251961,1.7773222919445333,33.34075983039567,31.447575177251686,165.1760633686444,84.00214406311521,0.9165641950387015,11.946250106637581,68.48981496459797,104.4493242958421,4.094454307727075,52.05033089384638,360.8117765137717,279.94827511042365,7.022593063021254,77.49568442312992,181.86937951290545,5.745696122539297,195.1679853883906,280.4890728288473,20.71528606874951,157.65726243674936,60.64081955124022,538.8291226556474,5
0.038737522843620656,1.991705444387155,3.342765765132235,48.9696109979508,79.86075738152553,425.9506193641536,135.29275875232094,0.0658404871459222,2.108277129792107,35.43515923104549,70.34372442609813,64.20343780885258,18.212454965687463,0.3395199483937993,8.47293580957208,39.4280095499181,80.46810021302576,193.04750049888798,75.2032453721724,0.5146205797402371,27.48407705372002,38.35606911229489,52.35463898644437,117.34161517640305,1.1541014531740528,10.693000874911535,111.7701438371514,108.31666403490358,58.50809703821821,0.9740344355560598,47.81257081686512,61.41377646846315,135.68391068956032,1.898739044970368,34.048118941527186,269.4042980474237,71.73598632313781,3.2446520734104904,70.74874787744082,133.40703915219115,13.396934031836794,177.9279789963405,385.072838305922,6.417311868659029,121.36073489286238,52.33605316878896,544.5487235567062,10
0.09752234894985345,2.0247634566170154,26.088918137086647,31.98649383840199,151.07476176669397,209.35670337101124,375.1239535972687,0.060072626657047414,4.425869905927785,87.3635452118679,92.55337807943815,154.54215982762992,81.01998762207077,0.3614483637563089,7.27267096190746,46.546300764033305,79.59524814567769,129.2252545527462,101.62514497511069,0.44950764808597926,11.559037429399318,128.53427351939652,95.24482068284684,161.70594095331043,1.8256033926223822,22.318287853883525,36.643583199624416,287.13746833584827,63.21215790177838,1.6440706664526896,24.223552168216717,58.76284583610339,192.704259709148,1.467236427263135,68.0809009742893,233.18183413678693,51.474154551518204,8.129048461451003,72.46821247529144,76.16619491247513,5.697076825447008,197.34441891309308,324.84183148336257,6.653100651401271,207.5251131670371,66.77569556169034,385.84657006478795,5
0.004863216930178625,1.6946401006762495,19.36434735563502,60.50343108868651,120.12557022828759,358.9698635703166,152.4110921125387,0.03980438264495603,2.9176631708339995,82.0758950181293,47.71570787606759,231.7659719531357,126.05397185245258,0.10554736615349317,7.68214857095576,65.57102260973787,91.35947236407189,37.502105714944946,86.9324689362705,0.48603054656347855,5.165402575962593,17.23215882789424,21.27130172895874,45.863988732960195,1.0169381398396997,12.950699944372145,57.39933357339037,151.3024226016677,29.464749083170602,0.7132370966815048,12.594779551507747,46.01898293363571,20.640927294953617,2.2028303718568614,27.433949367929607,243.6005703849904,150.1321194801625,0.8314898857129008,40.270604538129476,166.28762301780233,6.875863419737754,157.8510635482775,509.01834471380835,7.920245887219454,131.97246353467398,39.65156538276268,403.3483194597394,4
0.07246167948739227,3.5865532269081712,23.694463133002525,121.14731014547901,82.88370589220455,90.46115201055957,248.85264038696184,0.06502983899988457,3.1391852800725055,57.254754206427116,140.96753123659573,135.03182042032194,245.7936070810861,0.5791112706958979,12.430669138979535,46.94147814006795,167.08611673887467,130.34574974119957,181.69925626586559,0.45884219974664286,18.92760379854603,86.95554832817976,97.89080552717196,135.52800402772036,2.29554542609847,21.939277665194638,103.34240292462022,191.02924121852374,166.83347111366217,0.9959003751626763,47.302971605497845,96.25700841046066,255.79343825457735,4.812041099410829,10.511614842831436,140.9045011467839,259.80761244242285,8.656694142316143,85.64370710648413,102.08457970817088,3.4165614104213686,155.9349857167756,138.46295370785674,37.40693179,167.82119395492626,34.624805105972015,492.09944967980954,2
0.05119534377912771,2.507721951500142,16.30896615487157,109.41484529260126,98.31176312627653,334.37189532986713,240.42107099183497,0.07570024991480664,0.6367075127013041,20.28253772695728,42.40220784258136,198.26690224452838,158.86464017717879,0.374284382578985,14.330855812386723,33.83173621851394,49.2570690581381,107.63128326086621,79.4964002005531,0.3034744427077901,6.603140624660304,102.36938854603059,91.3622592772274,91.51668796450066,0.6545077536239139,25.894613372620285,95.1559911183168,337.7415214862176,94.92624120963846,0.9726917004523836,14.611351215690481,100.70555847606525,54.17346982423254,1.9136627367298118,47.57887975500044,269.9940748531746,39.250038068207175,2.1150892959131258,26.743118659194465,183.19934083418957,11.566640019291519,175.9501614074705,452.4988588250641,2.398562929693142,95.19414486065168,60.701775818663606,497.5628575195845,3
0.06470579426201502,1.9404633058555565,22.39243655165599,44.62821540904726,180.8316873386297,186.79490003776638,269.2737831538767,0.04710310775217105,1.9490829410136914,3.698060890874471,80.2349082274946,177.81963024477733,22.11637444443039,0.11559866542703454,9.38484388900752,40.08285276473583,86.24450560775139,98.47798794254771,106.52600560610416,0.14058437829049586,1.417465148005552,12.621916083785159,130.3184639638821,211.72479328184153,0.9144355918303674,8.672505477361177,150.4006707381268,234.6296971012174,94.06473062851266,1.952138257390624,10.691941762285824,63.825921704090135,166.8394567166137,0.7306430483270978,38.718070996338184,273.2362588792594,154.926292507388,3.510272765035356,9.568903572734824,50.719254042690366,6.025258070692451,151.35015463466388,426.95863382484174,2.346472321376913,44.36507034112816,40.46050093498781,628.3201321114234,6
0.37254891128364365,2.0615065949725997,16.849862186358507,57.0252342416038,194.41022807812004,145.17953623782074,421.9825720073984,0.019812473042252712,1.6474717242863726,77.41945544209605,45.79816870438731,197.15609041395177,52.838685645430616,0.24949737445084735,3.127817616481452,55.62108155378934,108.65157148847888,145.46456515838187,122.91311335253252,0.30420798996547327,4.2963220281739956,32.17467478203117,75.61124255767042,57.01992463490329,3.2599602155322733,18.764019286881567,106.86954656904253,187.8375820826547,129.60700675610315,1.104695381967665,10.233399642814529,51.36538329714559,195.81405047491418,3.3691617180629323,32.68437260855268,278.1628242850687,12.133196723109126,4.311495645696209,27.152398354055194,90.9036560382167,8.11808734233215,213.46018261490553,291.277976929514,5.240330037042636,130.65585683521525,56.01056968140413,485.18347218269025,10
0.048076731869513084,0.6661423283833525,17.599636194264672,80.84246573542161,103.86768180031065,254.07312579452903,200.7428323043903,0.025225599032982417,1.1069342672751414,40.3649968627394,51.41533273157192,186.72901249081127,41.53898709236334,0.04233161051869815,8.071527481202299,55.05190196175879,220.48346438996555,144.41885785482756,54.060517883950325,0.14154978060064466,2.613345607815523,47.8189827920466,67.32653129409948,167.1786822580847,1.479898044187237,22.682297902696526,99.91982216831106,307.9766594661028,106.25770173781297,1.8482567946558244,15.078576004035872,99.14083678179287,207.52903601045222,6.417939403374107,36.70813559853732,301.7269688432453,73.70752337186795,3.588778890968019,40.0795636354612,181.90510747659866,5.053915627882514,202.36086374355895,431.2326368777574,24.00348731112802,176.9610196277311,52.09996451959203,560.6433736491296,3
0.06101859880518795,1.13269757880411,56.80746191257958,136.77151521046977,125.05221229729776,313.08033887623486,212.89853885138027,0.10442694723871948,2.052189990734953,26.259288496355182,82.98772909898545,191.7301134629416,4.60701809,0.399771338333952,10.274566611005614,52.31109308982343,123.64195182633105,223.87867117538846,125.48007396615725,0.25584725535097697,7.872446722500334,67.44551396036596,102.50713996048452,131.58244647938426,3.30780437,25.89884969104039,68.67672989503268,104.18158161077503,6.769804267169796,0.7995949980650887,11.946488305730105,62.62256570702432,50.80908604971138,3.43630845451191,18.055472435430403,304.6954895041886,160.05036057094358,3.25114133473693,30.957114778428082,68.43221136199307,10.916846044596566,175.2678530026179,373.0820781920597,5.98555532935222,108.26802452871199,56.093809327390396,410.6553325396595,7
0.03220479977761728,1.6038214823483317,14.98138120243943,32.24362743881581,64.65472054494629,170.60753652862488,0.04566031,0.06906936695996825,1.8863986784989395,14.005066492762097,95.81629073275684,142.99397634954335,173.7595524927989,0.1039102342881535,4.002221417041998,22.49883074245784,79.27242913527564,186.47324568023353,378.0514682111678,0.16002715192424624,26.22109574318627,48.4404392466725,188.70216648239696,130.58515124319138,1.8572794728536492,7.0985768728427665,39.17002426546726,179.25632161802199,209.7025615172632,0.3643767897056755,25.95268352666066,89.83525042998487,192.27843641244132,1.6298514248348703,49.51015367819666,277.49277814829014,42.42930818377534,3.067953160708748,36.365651834121074,151.1718131590934,9.466947591546178,190.85297831412663,339.21604207012507,3.143590583223689,28.361619245951754,51.60131327773957,559.6467975757433,10
0.29617016498026044,0.7849736915946227,23.760201254739517,145.16295657187354,167.67273895059827,393.3078155155169,84.07417450459643,0.11107384548962992,3.3024176288303964,64.83022093215091,66.62641421768745,179.1117779810322,12.684613303868105,0.3408971693096887,11.893109532214941,28.539880446745272,69.6858987498257,111.22060321269194,116.39470598253193,0.18450711255717528,4.143071958768053,38.09645100771742,32.97133386607927,62.32141044409812,1.1062754538910324,9.222424356884968,99.25321518610176,267.00418553319724,162.49442271621368,1.7585839778119043,10.503800479607019,49.366377068125864,134.53831093333534,3.6266814602519046,47.90899055430322,303.94297017156134,13.823660954025165,2.8465983263749437,79.95642229434569,132.88511553829238,4.214599676495676,202.6907155046428,446.1310597502318,7.471949620583199,22.11513836139656,66.71245097357357,534.9820186668532,9
0.017070833663937746,2.5189067713303004,32.60343322388348,50.7979598123933,142.92178572423617,359.3390467583068,230.9417832553566,0.08972131319882001,5.1390545462136865,3.0586505610475863,44.49062369660412,237.8200067816843,32.11807111520409,0.13981185495107776,0.7346801128896434,46.087629991298336,110.79016834637775,113.77671406440173,479.50095981847153,0.2581957682573955,2.5749975985539324,10.634049298772641,42.44493953786164,254.59815049378705,0.7961524425818681,11.514124123457453,100.92679933973433,102.78978213577383,0.4431642233329569,1.5103439647357475,33.53218782292932,63.26578102327176,207.19800703380972,2.289804210250347,32.57100432074603,273.4465823650975,33.62903789309923,1.2141926400496765,0.71013604,134.49389008604993,5.691850118726626,223.109558184748,290.0797566335094,0.36292568,53.95215000778868,65.1620684093489,455.527744526311,1
0.05217894217533364,2.0383426922667818,14.405050764645733,142.29471438687744,98.69816860115829,369.06532097613047,201.89696203657041,0.4108274126736055,2.787470424643909,19.687736292505928,78.71539561848621,159.45138098798338,123.99847633769298,0.129737661360307,5.36543871409854,24.654068632572418,56.3210985144965,214.69153607855787,133.72840316470834,0.4088973222218802,10.21307397470318,48.76951457370337,103.7713902148259,232.44794390042526,1.5291648053354847,4.57295366486899,31.189096206906502,105.63428834010024,346.5302649139046,0.30691780957884895,10.756971950321228,81.12556964126803,77.01132560551389,3.1409769566599692,30.809818868096677,334.11926582991913,54.06135991595651,7.435129195969815,47.91857294619194,42.78633548162681,15.505852005068467,228.27686588338176,449.0608859792353,8.941390430037206,32.849969178285825,56.0120963358158,543.3903713097071,1
0.046154260243229495,1.2032255879422844,13.417093949003897,56.60116115290955,40.7424908375153,135.39223737402375,123.02872735364663,0.04008537168787,1.8338412058770437,28.059103141371715,132.2060281205089,209.01144756190456,8.905608883203001,0.145970973485851,6.105633176515459,49.9257806627462,96.31129593272128,153.91690030526198,270.5183940635886,0.06482147285154541,15.991143073863986,52.47424222546242,26.81936449984059,128.57433735548972,2.121481563973389,10.55627960869693,41.0827323937681,324.4765453528938,26.38691393436929,1.0194346941030081,31.26410341214572,53.30577709804365,101.04950483455967,2.3889402267673314,43.464674123971086,278.96084766199374,220.415216447728,6.177767474638981,15.96747968474736,139.39223948612647,2.2889210032098983,142.75441317959675,428.19827234978413,6.173748989980716,108.77469770468333,55.14792069400868,554.9978737510197,10
0.014044071587446177,0.4454864613511688,10.520179233269555,33.43192473892375,111.70058578991113,497.8358104048684,70.91372925314892,0.25945024870557676,2.1032405643082708,19.320571030133987,35.98021115487233,66.91696479688846,201.3240603387725,0.1556397504182015,4.245508941976315,0.52874142,35.613443059842076,71.70837140249166,113.9794400870745,0.3531518137139884,6.659214705228428,76.31667606651064,37.63947431951193,142.31959767162982,0.43940137955841657,4.589341491778359,15.6982939645154,129.63048561200986,391.39684058138135,1.286539510205262,43.16855562842958,35.93102590272865,110.32541980478254,5.379860295834904,17.429480626536225,202.72360323924417,151.2229460946075,2.1647041431500584,12.24537662402979,52.18452609529995,4.8886692006906065,145.6646013261017,405.88436669116373,4.805360009176209,14.342539695197875,40.067052292383394,611.3471014409573,7
0.01711536680367925,6.469341696220737,19.88730299576076,58.93181733710204,118.28942821560047,352.0569487540746,319.78317157173797,0.10251215258558485,3.1820267135043077,8.344516016500203,54.982563729836826,28.852499532128977,123.84990863989051,0.24903082655571987,8.532622166982662,21.97994269534091,121.27005900444541,72.05133189333165,513.4773088183763,0.38885142292234254,8.34918110202785,2.6865487649820423,34.26464984121532,43.30534972382695,1.0002741342246866,27.020957348035623,88.02436542836782,180.93944945865508,156.35334886632555,1.3040743523504228,27.16097047679213,51.33789892926439,77.69897236048403,1.9960641522359106,47.88223419117423,267.25669810262804,184.07755293533216,0.6329979570220656,35.861382568024666,72.74339348629566,11.194058290095235,156.1163605354778,548.5978730227082,24.408071122909632,43.33581154723808,51.497026536731696,523.2724627543165,3
0.1495835006829735,4.741374984001893,13.81250618283174,92.42829933661434,121.99624800771193,229.05130517861647,239.43459820173558,0.2794157470960245,3.356048602221066,28.952266421325817,123.53400283453598,83.51806838175843,276.6351512929596,0.2902164434033719,8.170038982624376,38.170651505312854,149.57303128631938,74.25124413713134,116.94869232632024,0.8290389313422839,7.540712643539604,54.00934182943991,144.41268426174273,269.6461972985232,0.9702239739095877,33.544102396465796,98.17920380070404,336.1636382622547,114.00591803719634,2.470550308237814,32.64447894945866,39.40502222147985,234.55773705183347,5.463923148295338,45.030016057294716,319.8913255872653,97.26999207829465,9.703411537556375,17.84274788755961,165.98985893280124,9.01489292008268,205.8058527092853,141.17192507014153,3.01057435832704,86.93749347900639,60.58545616656017,436.23587917441694,9
0.013274555703767604,3.8143260451069065,10.483819288629626,95.56294182554848,65.62282485250046,453.2001179286325,240.22692924378444,0.02097065085223887,2.920573076072868,10.97865494322613,75.38268674408428,67.01492739408589,19.96293907750909,0.09174453791427063,7.920713619292724,28.893043678627876,108.11874471214313,178.0222952155449,45.75940391164234,0.37747543933422606,6.408809553352853,55.21599705460281,136.6188824017522,135.33648822761177,0.45126907216608325,18.794392262067475,80.56167627474726,172.93770047977324,180.56029711122753,0.7012445242639901,11.451021091623332,80.69806125691163,45.19446096429061,1.7101798650144977,48.870308155304826,220.26581876007197,232.66367462024164,0.7929288091712022,81.35296664612757,31.69585592723628,11.31680806578454,165.4241528943238,472.40151286827273,8.099894714076424,26.761912406862827,59.70974112697685,527.47757706001,1
0.030343468271089913,1.372939835178366,7.936715476331912,49.12872022716492,74.21595639208881,435.3636866822993,99.9786387302689,0.05682418539188883,0.8761158743745299,30.943450297385546,152.7241626105739,199.5182830604299,145.09545545939145,0.17352580480654092,6.674480433159399,21.482725882695,61.10240213327704,215.79226060436082,49.64945877275463,0.16642319915840592,5.013282348015884,50.6260677511653,56.96299974029553,113.00526153940461,0.36461061887741575,4.42645246601047,58.407731983430295,198.74857336072688,174.4223709465209,0.7716303343011847,10.748680316353024,72.53002458774218,72.96466012474394,2.409071310387569,50.35500294477616,339.39568565472234,221.76910409634317,1.4359082099380551,7.631031208497452,68.0709467463632,10.572637102843276,144.86362638322444,536.9453092277951,3.1522857496353276,89.43900792633066,39.740068556125635,549.0341005493348,1
0.10538635751486247,2.031616061315853,11.34176679169188,58.15668426394246,214.81341698474557,345.37657115084585,348.353625114092,0.32448641966318326,6.392167423762954,30.354710444715884,20.956562862325256,28.06419733074687,18.220345693205147,0.2936682403672202,6.269253701675623,34.93018925428774,90.1413341227223,234.39352772858084,122.14169096372147,0.882993099779734,2.9736062295726655,93.43037644305886,122.33214366686005,31.456605164420697,0.9515147825515112,12.542442620272176,63.932059755019196,87.64053710964423,94.43214439539268,1.2209373883149368,21.170245541794188,25.20334828461916,57.28461083911497,3.5798637572812453,27.11082939633745,196.89103680529087,100.59569422065488,2.840416340904801,23.716899740920688,19.846458734588804,4.579213934471835,157.1560191175099,441.7501112247774,13.476497890047435,72.61208460779514,35.165548140949,603.5479681243248,10
0.08430626621638984,5.949051533376944,6.820592063350554,116.71128993876226,39.16159512859419,125.03825649932203,32.83925508378963,0.44196947632265243,0.548119656532008,14.127132605504048,121.19195008413794,237.13000476122903,318.49594957,0.2608967521530555,4.261215060416674,45.246949181737435,157.88239092592679,86.88350478470899,62.825971759473546,0.26198616484280424,8.153990477247943,65.15727520706814,91.83163604618194,113.92812971218335,0.5022809093440709,15.739023738746912,119.48466582141988,237.60223746635478,76.66552672152005,0.3255908183771399,47.69397937540975,31.34225009817458,225.681218762559,3.953281182066004,41.27149466687487,307.8147669384193,145.4976852285469,1.5779195322927992,73.16337453319154,137.50265388919988,5.891619605791344,207.61908557073477,453.45441708366724,3.0761019975318575,101.67944165836305,54.62113373132251,486.2120485948048,5
0.029466134471593325,0.682331783230049,25.551932487430772,42.4500287551573,130.12565920666128,137.0807549757718,301.6700193498092,0.058861369133967445,0.5092130034561636,6.447610225646978,11.420913073803668,40.06901369023106,15.158419386469951,0.1113604540465468,5.663014823860357,30.922440884942603,97.00192397521778,123.58326249365501,422.8529520092585,0.25865442007846856,1.8623828895000705,28.118174266098443,37.36967205563798,204.02333283211232,0.40650023616557224,22.560827746771917,90.93358952546023,218.29240642145464,74.56291909475067,0.5341547285192186,16.12731616411701,57.32754311529017,152.66818472105302,4.087661006063329,31.571032593938398,254.96993650679508,181.54200140119195,1.681524530351356,13.930604687566525,54.37333531581374,7.083959183826451,142.98679601315982,424.0588087506829,5.333365967482345,66.70476883745926,44.9448904447601,627.0506194963205,2
0.14106002132066536,1.6681059618672442,21.44198705241542,102.77422968273629,41.37503558026445,178.68386561317098,179.28651192373914,0.05396504163488149,6.562280957021339,63.48818093494445,47.321692882523486,80.68514250166406,210.70428745624093,0.16688958184931205,2.977696681190033,19.538772072728648,290.54368607073707,175.94447927863155,72.99842336670012,0.886451199516521,18.70508726193092,49.48935805896319,126.56149831366236,96.26635423693574,0.672124378338232,29.029818303421166,79.25071442044187,260.10524958286925,286.682460136507,1.7485932218799412,19.63952791103938,20.20123330900207,171.76419043103584,7.525198506497274,50.757812557789805,179.6457113604633,258.9081020809972,6.133674802663001,29.089454247455407,85.49889610017992,5.654778760393655,296.80308127,324.50433549094106,1.3242069370176255,190.3196091232961,69.68087368020673,537.7966657140091,8
0.010804237254814126,1.4519162380066453,11.940071946133429,65.0953375971846,136.54393322009497,378.0649515783762,213.28489395339312,0.042222683089410996,3.2213639971325305,33.46397987862143,45.469999862515394,218.8038208228805,318.49594957,0.24719064148571346,6.258484084780182,12.55557376025231,39.33516881194232,116.39914238027441,247.9803889380567,0.3682612029938779,2.599794989402819,36.657086256570565,49.6678759829283,79.74368744474526,0.3411760652402754,9.724498712871005,25.508681905928896,98.51625771787698,320.4302204012687,0.44382712328432206,6.718720801766935,92.47075914079215,46.59058828733797,2.2110579325124595,25.316502346636817,336.51417225677574,145.43394187924073,3.8220948753425406,68.07117566682274,106.33384052732585,8.426296316225159,193.9441449843215,301.5797872237077,17.06387841380174,39.170451447313326,44.467699056487106,566.0902185088481,6
0.05850013560607618,0.7180655598823585,32.3030875645256,109.0911735610018,203.21104445436617,352.52623966446663,463.12826411,0.09574116473112751,1.589436919509368,14.586442070151993,39.64457473346475,48.783693832215555,48.7677551939302,0.46478529901165805,5.071280966156476,46.31080728389951,242.80872137015166,176.4524579127368,58.825437545572896,0.00877772,2.4502147355124144,23.79583591461939,152.96243823987123,71.08505631674721,0.8589713355353946,18.748005848159156,72.8930459855061,115.00516481591114,112.19725887998727,0.4638350404345597,19.890717959576126,30.823371503407046,52.379936255148635,4.270944634542664,26.052452293544672,404.35900364767326,206.49627686617498,3.0199481626748983,18.18157320509423,43.109622246936816,4.139014453841142,255.2006614360624,373.2268704380501,3.8912642595070537,31.302704462959717,50.03018499073411,452.0224641095235,2
0.38446773840738424,1.7881601843058301,22.606429309254867,73.36200531283362,147.59336609770338,181.8228298796875,302.9481690423763,0.09386000492689422,4.607356002229976,25.13884914085225,152.2312061526598,120.39231717924945,20.883577240657274,0.39152638825484454,5.872895873016789,49.60816435044114,132.31057279186763,142.44107445523045,136.38575250910412,0.5658459648199023,21.478796801823282,106.95656205375121,32.99143277780169,43.67372184525576,1.371915239443498,17.72477855394922,114.24958258899946,213.6323709997862,67.63025629405368,1.3133452253188223,10.071426270349088,80.15545724429082,89.01410627941007,1.6377697119772288,48.967653885122644,286.94112935740975,296.69407311637366,5.207513779245007,26.557889217937984,64.69235375733062,8.234954388072511,229.3444759478417,378.1769528345194,7.429020840373509,126.1087543780972,53.69974453270068,464.7822754065279,10
0.07583888323762876,3.0817804028917597,26.225500201759615,110.39492455099968,151.8068138908862,114.27082640317865,97.17339605907364,0.1535418531417028,4.949368269618445,42.22293521252524,52.996174737668056,116.51418399563198,144.5052580423303,0.19908432222754813,5.5581895098291465,67.05878616563992,75.48979640977811,188.13070830765048,400.7130739828441,0.554571225912086,12.60509878718292,29.47578605690819,132.3907661854709,158.3072560104204,1.0057146425037482,17.5805657423185,58.20113186407111,201.13496818060247,126.73915633348896,0.31033778274674567,43.59142980607949,188.31730972207546,103.401178158155,4.011293425363274,31.78716668507074,213.52434862705405,48.468395872620064,5.922794868870323,25.555365772745112,63.03868103094096,5.657033243671664,241.6482740158449,206.13432549307237,6.15244408073427,99.5187241908312,63.67664707465975,462.7304498823578,7
0.04248488525975111,1.4636054537286456,16.55946716307454,89.3895221279774,220.33577085795773,150.8966152973818,297.34052806617296,0.17281595505044162,1.6060189441870838,12.220339672086078,48.32635467705883,63.678707667896504,47.74802624085771,0.3500455222717372,7.3518787639273455,37.49620335273166,138.27145091804647,241.79396600566753,142.3009415705328,0.21150665543206754,7.126686103474908,28.218646514019994,97.7381736468682,46.072199978830504,3.1514309207842173,19.152502056540243,61.40170637331767,254.1946386824429,173.6859394264996,2.1115475324791073,21.211286444154773,83.58056252551893,82.62278721368126,5.623440914374654,27.285291520845984,362.08493694288063,39.564999437338194,2.3924672532020157,113.17506349400665,88.44533013069993,5.761697088243517,234.10695441509677,496.25400699049356,8.341590172869548,46.8866862882346,71.73101607704791,446.8969211016155,3
0.07788591169564753,0.17169695810959495,22.925692896887952,57.59854532569122,114.53890665460017,266.0649727330855,212.2460458342601,0.1015096801674836,1.6275105655307338,14.481987024638165,62.04406720397267,119.15708856840001,4.60701809,0.024068404999801993,4.719735682782309,31.796784867353388,53.247046233998816,180.03529681919395,119.7445216412109,0.13551771364004542,4.353177763186697,37.2105638057642,73.63433626874752,154.16934393519747,0.7406290103333834,6.945119688070699,36.58992731450188,200.33704985469205,44.602720338797184,2.5998033459364533,12.812656327876702,44.51231126636957,84.72355960124024,0.03186483,12.864681601712519,192.2062348465265,31.7127684199843,0.3882376806595391,38.78294719916283,21.925031202820502,5.1948342816581,170.96942632164976,403.3283091233727,30.159546780074443,60.44400873457222,45.79768105538079,581.4611599992747,3
0.029927572071128745,0.3512995726660613,1.5739309805714754,55.58240932655225,90.29199896538407,303.31930390447394,313.73719040238655,0.24834643347334534,1.6241796033602878,46.74931895672212,10.913324325486759,102.44423891427519,4.60701809,0.04205484472923283,6.5032667691485715,65.78485643489071,67.17532096448015,70.37038959062244,147.1159850260731,0.1886165966390425,5.507776412726135,29.97444800060733,87.774727006723,113.31460478220178,0.269025798382445,10.911532333184596,115.02574989100833,239.1007006314701,179.2416990895004,0.7756421991851523,10.959129812721722,45.788178999075775,45.2326957434621,0.03186483,10.873335416008036,288.12871365684214,190.80961820695995,2.0579332603902145,46.061491956179374,18.686424781035203,7.102108675894795,193.4496547188224,320.59540312355165,3.8220752408815164,28.48337282369151,44.16861746425829,444.99175396462823,9
0.05006628842875331,2.366397609460015,41.38179112377225,55.94874058410312,112.49902454809573,174.38675997135715,281.0290044026859,0.00274533,2.2171589724148095,34.18344359078697,56.02605983105948,185.0299066152817,24.157942274745196,0.23139844895038203,8.976186316994811,39.98443540939587,139.86855561216146,166.0502012481887,539.2567107115344,0.8237260250740963,5.572541438739936,53.19042234975441,112.60753333536906,130.9757057822224,0.8566808171309412,13.059208629786461,81.89599129591494,108.93161072387545,93.26003409055608,0.7336990257731788,19.393754342325995,61.594955906991395,226.23662371647703,6.824106835956615,10.815302573212321,270.2176663434036,120.97545977178173,5.293841429924958,22.786313496420025,145.52165091293557,4.601428625121408,182.66462822833432,418.21369144915786,28.338641451505936,93.93578648692815,50.49616392346624,497.90475275316777,2
0.0266128889209325,3.1974577627043397,20.528568452495165,65.09392488443736,177.70215159436432,320.046639161866,78.06589719174403,0.055018999495487116,3.234358949502149,31.81583467370028,55.93398697723394,36.16553892411717,44.02284465942228,0.11521377557227716,4.335194782065553,50.154392548938056,111.73515906706932,217.02880295915344,147.51651650590284,0.5281634171534879,9.492964255296208,104.34290573525136,243.9336015052295,132.81841634438643,0.666918486092105,11.826313202709475,43.13314195752016,138.97909034932403,57.513995879239346,1.5480819018717538,16.87260506696466,258.6794153625924,35.234633889287956,5.024930896615832,44.63128095277996,270.88693740935565,107.69598528309216,8.7286802122115,75.79095437470082,72.07135057047006,11.591632691194036,132.64131139351485,504.0208085464966,15.226435712085223,71.14980635159306,35.02131106460202,617.8553927590195,5
0.055313799688666496,2.7843170345770165,26.6214434793279,124.91626628414288,199.51737923685266,433.4774691893636,51.04957472279298,0.11431531156411259,1.5389657502773957,8.174700650628179,54.597688132941414,106.03905617073873,125.9251679738903,0.3700540303116459,6.2253120807189735,39.69900466212887,139.53228518525893,267.8132951350575,185.66272509901643,0.21484536355015801,3.362320090360617,7.615762098078754,70.35602969398622,65.92122269403757,0.5619293844271763,6.276914509955193,103.76352381767533,201.41206501867714,141.94297592568955,1.2908178459438546,8.52312081391253,35.30817116543537,70.73044584042322,4.070109067905761,69.16420771817349,299.5571173518961,45.23875521468037,1.7008775660938174,69.46590019132886,82.16889916215113,8.342647295581934,219.67007605096813,373.2332515171007,5.421149390403187,14.99770470719751,60.784138133175475,412.35883823030224,2
0.17598587541244634,1.204308878081985,25.74781626914081,98.1324245953556,177.95281346327116,150.17544524790125,72.60695164762468,0.025339834972671914,2.8467138321894025,41.47948275144796,120.17916082087714,154.26942469648924,90.55776409951632,0.08719671539355305,3.591860737123837,17.712862614315423,215.24109335537256,102.34191560977786,110.65289720397217,0.3358355601125489,5.5599146582183145,42.124387292360765,74.32655790761439,39.29556747446771,1.117575365310244,11.371596842221182,88.75381376411636,303.6334494137822,69.33366312114727,0.7308242344260456,17.600784791874503,102.19326842521524,193.23114937482958,0.17262441553290642,44.04501352659348,270.4009183836879,322.67593141468825,3.495802747216945,43.209547531882656,29.85071597304416,2.9261715228787377,158.35702964147,396.8850106643885,8.843325664013225,57.28709270301471,42.84529516694104,440.82915598195876,3
0.025701911187888095,0.834448389998295,9.927614773707583,14.136899001113925,68.44558304586828,263.5018871303559,112.39501964150918,0.09108400020316396,0.32267367369397437,7.489846181182757,145.25599384311565,149.30424376294252,259.3899732594065,0.28161727699404865,3.2829087549291094,17.613527884973223,69.08506425801124,163.34384910525782,10.459281330029604,0.05430119655588439,4.142016503219294,36.46927311807549,286.45220108759565,126.56483185820362,0.3223789247926479,13.528385085426953,30.042297669091393,152.18892315466678,141.99512244557755,1.2794200873632424,13.143494106921551,90.00517101007856,30.41226395029225,1.657111933625738,12.676001871963997,275.78841585498344,94.67359589042425,1.9086183024179117,32.7817088701644,35.42041100905873,2.15203377378974,161.12123296918708,436.2275915389093,11.99555736926035,51.913649075048326,50.01622407035853,637.5576623412252,10
0.12324086676929487,0.9741920267426027,19.00997394847932,42.00287379083416,178.9084385915869,474.44400209401715,124.23046464328246,0.10638568557211353,1.9241335368004506,7.449119380448662,32.93693160398083,73.20756593996538,66.67264694996129,0.23190165153520384,4.580800773092478,45.374172740779535,56.67441228354375,147.54451842443575,220.87502959457882,0.5501736559585844,11.128895742716997,34.96357858722445,75.87272483063872,136.25726384205402,0.816359894019342,20.06804628278904,120.85467956767502,172.72801744558024,62.30243227861933,2.7140347334762707,13.775593857804482,90.10043432857178,39.86621145732106,3.5204740735775744,7.993315671792242,252.30755892652965,19.968290544807203,1.7498638481614344,33.79698068543088,124.52413580409399,5.82367485768775,163.19177462211482,382.08508749634353,4.535970674414411,45.69261575655495,43.24027501028145,466.7081063267671,1
0.14991286974579326,1.8170026606943264,19.472886209044898,71.87590621549207,201.3617392240328,167.45589548972526,0.04566031,0.05359743598731112,1.7000052442104636,38.23439068990118,162.78844007760716,217.11007075435447,318.49594957,0.2380180002460837,8.191560984378748,39.79073065818507,217.43363884805046,48.5025402379336,272.77452894619233,0.16355720425634723,14.136962140174953,66.1388748373707,98.36623292035867,143.1734238594149,1.5854528670131685,23.13023968111554,87.51298177258305,182.1442485033648,30.592274726454484,0.9312057058102609,55.54124138883754,96.61698180297259,260.6053485453231,4.50353421742194,38.70703039266379,187.39933637933703,156.09839546916876,4.813370579531188,58.21021625879602,104.03028368406476,7.222337238620449,151.34364052890248,451.60130262352595,14.225357764858337,209.86200170777005,26.203193133936114,475.9744577711662,7
0.11593127905637532,3.8051361205186645,32.89601107443015,29.101966612683917,98.07647886950805,221.55490715548115,138.2423317212143,0.11005220601248938,4.115333277967,83.33113430854435,155.42494199137312,121.96115476394388,14.328117018972364,0.36249491536225786,8.32547693898996,43.2414018705838,59.331689515437695,95.12340676175103,145.49519634962945,0.1437165131004184,20.441836316003364,40.27956746443519,97.11086024443921,253.45742555880946,0.6237074001752674,17.52664033912435,87.7541631780075,173.95106103943067,45.086416505645516,0.6936041438966103,11.341788222321995,70.20465249116876,282.81121847778917,2.1754519889840207,49.38187206406752,296.0879559798099,27.231220917900647,3.853939820967666,72.08226180837806,105.68660181672396,5.204202755151709,151.59747123279243,270.38966796822865,11.50085777675201,180.91853813895716,45.63780956679989,364.3413850753143,7
0.050676347520744146,1.1363865148565697,18.30667567214521,45.82596088499467,53.33641713321419,262.34663331853426,149.11056041977113,0.21209246325304504,1.8179972454089923,32.88739565651386,42.74228059742021,139.2321760630134,227.25445244637444,0.1828887521553473,6.659378651984887,66.38806475216634,140.07340841192212,182.2013560902288,45.769312987321,0.2336892892651945,12.977038657790951,77.66256497910453,118.25898238572758,139.55835965895497,0.6692995572344169,1.8594437310528775,98.6652531226994,155.0502323372738,143.38538815998257,0.7897057779854062,10.200094110665873,67.305558789032,230.47928923280415,0.10563912036811618,39.2936169185981,276.6503751419693,176.81409249485256,5.115055279047641,43.07861262137163,141.87441188215377,5.0123526677998225,177.67750936866403,357.6927504969873,4.8526778880268955,144.61908473553282,47.03541170774498,531.1071897783848,10
0.18658655685493436,1.5193903814036374,26.819792099250947,104.8502532096947,146.20912666944372,260.7879808325012,235.65489445906525,0.14430537679067795,0.07383968,82.51677736661301,51.17641453315072,163.21907539022175,318.49594957,0.24316132403694862,12.444348182352723,27.57163122167764,104.42717100609428,85.4228764112489,47.8269014334954,0.1456623088602772,10.226086873673701,113.72324944071042,45.38996870229725,128.32758853523504,0.27233568007070097,28.764751134732556,85.56256206086438,224.2596850593176,390.8756875607922,0.18426442440069402,11.631764639683077,49.05883899133645,179.95468656077009,4.775621905453012,41.65623115651573,234.33852855038916,167.67818822675412,6.388764749150052,7.757629547748241,129.84536395940856,19.86521461161488,211.6657570668246,405.927262587831,14.51611514021651,39.60429525328661,47.68506721502989,545.4593996562795,1
0.03226375602435241,1.3052609689283063,20.00940346932942,38.63769729653807,69.54493683863319,237.31726218676764,178.68009052813437,0.09786334520848161,2.9056155165428823,8.318739602272776,21.83933747767233,37.84509889922466,4.60701809,0.31287523160845715,5.500676674119251,51.752781199441344,129.46051702877165,200.00259781954855,87.76723288385277,0.4736737477752674,6.42973660054174,50.501135617608014,16.027066227529026,60.340022506804594,0.48435414155245154,9.698571463228152,42.58978840578195,129.01935874174532,415.9668339450559,0.42975463951072435,24.59003142805794,38.61145210460168,114.007741709235,1.8151912743959655,52.28273587558807,246.5999935178357,148.37223978216343,4.183571373391561,52.91120402376029,30.036906561284567,7.811587724162138,203.2882808433259,402.99522947236505,5.94063858020215,97.1747525799329,42.67176675629243,568.8062136719951,1
0.07644337703453073,1.6758974192520881,41.90862381046182,151.97400111265915,79.82412180521814,530.9678021670293,47.2904007977995,0.18641161718879914,0.07383968,30.467744809704083,132.6309825993386,151.7533152999954,115.28533699441331,0.10169261618717958,9.564544794503638,68.51722124619448,86.50317018989033,243.1365368861897,289.53093170735383,0.7474641392410784,5.2928617638143685,107.68683056450692,134.94113710500278,117.31896677269145,1.1129713398536865,10.148359975656435,27.78313089750152,172.76310393437612,264.07650914671746,0.34574841892944563,8.690056469101213,39.825020033641316,64.92814043024123,4.565045245766706,6.244098928960144,215.8471676689413,85.19785077102996,2.0191692961469894,28.40489211895682,1.10704472,5.313456241634734,184.93429804971205,416.9846418096163,3.4017551911365596,77.23067364750936,42.23855224018549,611.3463137453102,10
0.1462711382836191,3.30798380328704,15.920359084372881,104.19476440517003,125.5061794776159,240.33238381601885,90.68336695616262,0.09000128359865414,2.5230748499912834,16.974543238089694,94.28554607483814,158.63462942580395,318.49594957,0.06730013100104212,4.041709659042426,43.835573777861924,192.2397258342952,77.68435546000278,148.43403524157955,0.383199599028544,8.67685816706681,50.28972980894021,116.30295673273476,214.79404278069643,0.5557897362611709,12.121456858501531,138.1977517138242,100.0971125517684,291.6326557360243,0.13951000522391171,6.235489756193795,55.65141823249911,300.78248687,1.9047552189117374,22.91141871575436,185.12940257149415,101.19160798263204,1.2083826921951455,44.46993309044584,152.77756815655363,2.8802346119752054,210.08349563197763,302.25261485741544,5.314000593582605,118.55798481366874,37.76634216612474,486.71992051297957,1
0.19772685066914142,4.85311573343476,48.2636726755409,68.07194564761511,149.83442594056672,203.98450766634025,409.3837165867501,0.270480352667229,4.942910442081203,31.48666892520316,35.97605493934427,133.82120926998894,318.49594957,0.35892760761908554,12.01707065259771,127.03315302,90.4781664559864,229.57303289633447,139.87336176145084,0.6335835916717808,2.4967880111778333,65.71713056049504,256.1566150884955,52.90679254979823,1.369143280317409,17.484356123593095,113.9756895988916,211.17351864899024,112.12540879342161,2.349001448173622,36.33848582103258,100.04597355103462,196.00492544842692,6.367050509616098,32.78701392382218,389.71674935487954,189.9795479968251,5.752136111806193,37.43327140836206,219.94905921984054,7.866481732975765,249.18560995092963,348.49289924144165,13.44099263888335,165.45159435964504,64.10292095151718,467.7073200896591,9
0.024694871249709285,1.254115822459749,30.556265866663313,130.50917568740098,76.17754349489529,338.71862100233426,107.96987299849205,0.20963427065167375,4.5729508373054255,13.276877269607315,54.94506234377339,95.41678074982059,137.0978460873044,0.08092686758728328,6.406536665378903,41.139326408149415,155.89066860870443,153.9299227284542,76.12132656821795,0.4846327739221852,5.064216540888932,99.16206986332388,58.91159171536139,46.22760211912009,1.0643140566713174,9.41366206068328,159.89451905261646,159.25165784599372,130.67092571437837,1.669522754907762,21.072337337734407,82.30508405224002,64.40049174092012,2.666687540085756,49.14132036263736,336.0347065488211,135.3608491667355,4.495516380000174,29.33376953762832,12.954624692813766,9.726800305193708,243.4632037254286,415.57558529851775,9.705100706032027,11.249378460327033,58.55525511692751,588.2295156738742,1
0.05888404575987562,2.1027188315459293,29.897167208919758,43.16339583282955,79.770107550019,419.8310721053477,310.24723293666165,0.11215799692934253,0.07383968,12.433138641441513,52.33933573345736,207.86755190370167,143.95498430902046,0.27883199407992204,6.0021447211056635,39.80427099818752,24.152199554827416,95.33755445827614,124.14789708211018,0.22124104305659764,1.6892719329300685,84.28531953392296,131.1362958602951,30.784459769381876,0.34941936260156636,3.7469757737520704,29.633980294587516,55.657151787122515,596.66800908,0.4218959220616093,11.002983508076916,179.16173265253371,146.5559497850698,3.5021844419253356,16.475834798163365,188.1786158328747,290.3118587987624,7.090733228963118,24.87001813605544,94.14941916083191,8.123767975764759,190.293252949333,449.6825881634445,9.584758830426074,35.80115362165611,65.6988366034456,531.906825645113,9
0.058422922843524405,0.9671996240261178,22.529782604935605,54.463760610545854,95.54472798287746,339.0423822524369,276.80087074173707,0.022189031639565898,2.361368722418326,47.25614666921658,173.9818803729921,142.94982931302792,133.9249684485316,0.19431372600360594,4.157453151769641,11.724345203422773,78.52580444523082,76.03872269509992,181.80910850078055,0.2350533784503099,5.196693470158765,55.98960472406056,36.76745880826944,45.89709543798611,0.9175562641327426,13.669084984402705,54.15398240526663,63.725039470353764,49.09104098780115,0.737275864526121,16.268045480957074,98.1250273375953,136.44704303284155,1.2756045468625696,21.596201590473594,325.91604025080153,124.88397663999905,3.796682241774368,122.62355797785428,138.03189496031027,6.499965750346455,193.2437919110146,489.1461101227866,16.497001840560998,8.825686737843991,30.70473518049707,542.318185403808,2
0.03666748557682711,1.4899635317784834,31.75037541217864,43.97599906450012,133.5509605126619,330.1519954247253,252.98702092021895,0.07044025122637675,1.883847803552937,26.228106211801727,34.78783821705904,159.72100868360764,318.49594957,0.25205265063601284,2.765003971930868,94.19076310439185,85.33418185744365,101.59316230985061,56.092473626190966,0.36550664765562535,4.8050828715824,44.244955701538956,112.35189357835591,50.36522619723725,0.4727891013291653,20.52619346564393,110.68233847070104,128.81202755780072,209.8473784013136,1.578151169500074,12.374316457469044,35.1714980920171,162.24307768746394,0.39229373607833073,29.173903727223212,352.6271036860504,12.893519639717319,0.7989099735532144,25.649366833935108,221.50017369068615,9.1280676009402,198.73975083106689,404.17037797040035,0.38847516176008234,127.8767212517497,56.07655218383643,714.2475809766855,1
0.038189826151705485,2.1629762924101583,30.358561302794804,149.554412647483,31.910444829339447,333.4253457878396,108.48900979356327,0.28015705028533683,5.1310693299514085,26.790114479708983,26.38998223012378,85.53405224546515,216.01675551026335,0.2725494360382337,6.9189642981314865,25.278129899665892,121.13254742596811,81.907996663613,165.36846426621162,0.28684203535286384,2.444855890806396,53.96551464149143,144.8772836838918,9.057057206951363,1.4714297191560675,22.48982768047974,136.6470767638442,152.18386171791238,267.92136931728277,1.4830365933524758,7.154664474890053,46.115348681708156,81.93991488777716,4.632921086253608,14.787323603050604,236.7357386178645,271.5227448062062,9.055501375614055,19.719781330561464,233.29627845313416,8.34328765309411,232.2586322139228,361.6556409619424,23.216019173797157,43.82141272786157,50.16445636454621,569.7538497467209,2
0.023783464257528163,2.6496743717581195,23.345119955865716,156.5324358538195,105.87802618020214,408.01153562023046,24.596326335808797,0.20425619183661567,1.8143666312920028,12.570339273709557,10.109021125496866,208.867948546204,318.49594957,0.3166426140764397,10.354701051618962,13.877134501502777,147.82092703256797,180.28413765926246,36.586890515745395,0.00877772,13.284323073861811,48.372518384511544,33.88169129137143,5.7025015,1.9744172211643343,19.52519980664527,84.42199328547515,207.42182163078235,287.58705325099606,0.03191206,46.01350204936897,53.11232306952683,157.08696860695827,5.292331794332544,27.370432006582707,331.4206746072539,119.43379606734021,4.759836753224703,10.310098822674949,52.51463498803395,8.332185135001787,148.5042917260601,362.7130207935358,17.45564996854901,154.9601745848023,42.71549770508443,565.7599682913171,4
0.0180261668434066,1.0254421815408374,30.07007255242349,37.88288095527584,133.06037088374566,341.9522815284356,149.65102401992505,0.03397039885811494,1.5274374394088017,45.10560370849543,20.93821352837825,111.87316698335385,67.4808494654756,0.22103062574536084,2.8789578748656814,52.324692671113915,156.56497947219273,169.10742758444582,225.95971329291433,0.09524531365118538,11.14064399246037,27.264412877483586,26.80481073833051,28.867890585820245,1.0258350406582575,20.508429052654147,71.51861649793088,163.29968179709712,35.07109893039828,0.5179615456213874,5.267932483023309,49.740451143903016,55.566360144609625,3.9101853651071217,19.41032736021557,352.4556269414572,83.4290429541754,2.4945989217090485,16.634074699888235,109.71131468936726,5.907859733390554,155.38939012234974,416.16876798025453,3.265745665512389,29.08958999245317,57.98385790526542,590.6378216357803,1
0.15717481345589032,3.9540414955355727,37.83090881688838,89.63559782969801,135.0293942739097,387.8647046082422,352.56649969116745,0.15164601472475556,3.4225900456252223,43.43344618479897,51.2332241350383,53.494806907082065,156.85601169009408,0.4310800680705601,5.732668534509489,48.692484161203126,164.16262848211787,87.50194390802527,53.94735575960764,0.6968013545193101,15.859808801096602,103.86553751395344,99.18413258783104,63.480724700854864,0.8808737799044528,29.34088958895908,165.72099957265237,198.17606331040528,133.77948091475525,1.8724020327625053,34.6838282016288,161.65590221423176,152.56979430108942,2.851054955398858,33.98186083616479,365.6348474434926,25.711626806660643,2.752257257993645,50.33261850597869,172.60530274338694,8.481999744859047,217.80292702120232,319.827834361477,5.631833795801427,151.83185239775312,58.93734055617152,411.70594715498635,7
0.08171438330449708,1.9736335093331596,10.198375079486791,87.98392874306178,106.66632303660569,73.57123717374577,0.04566031,0.05642906867536618,1.4413285026120826,13.972376394369057,39.630389561920616,95.71382725534671,56.97529386309709,0.09508363017270438,5.373829372129749,0.52874142,39.9586659411371,25.490522748844285,45.35843245511091,0.441703916751064,2.63420478433179,108.47650626554523,75.12277104181977,60.9460059390208,0.3751176997298846,3.9841150189532635,45.40730250738338,89.07083750663321,0.06494351,0.4372171397763219,13.263206997635997,53.674946985346295,118.55689135395211,3.849503001195532,19.47838113960948,255.38888787647804,99.84781919830522,3.154821992265919,39.26968715723986,87.35967982399025,3.1774448850373007,163.96502316934502,346.86295581653656,5.153899843460195,166.53050935223757,43.52237289378568,484.70714805943953,1
0.006504204730444975,4.099318829656628,14.479964748332705,45.5304225441446,112.83403614720669,422.4704028546088,168.26044487614854,0.08458413438706944,2.021307938955866,10.145535710749545,151.5790972762735,132.64619525204665,309.0475142584264,0.053044576113536836,3.7275257957167223,16.232059743263775,223.24511547223068,256.9788875350263,128.5581246882976,0.2837987430861848,4.6419801132744665,16.666925469938445,30.75720686406996,105.43531430168105,1.0211671345022106,4.267828458464598,144.7252477025127,165.78212526021136,146.13883240358524,0.6328681047564153,9.79532686989524,50.609585050988976,105.67244872665674,0.6286972985908332,26.83201003262471,301.3478150145074,115.3820894332973,1.709858007055839,16.69030434085138,119.87433386111721,4.924868929593704,208.75917215139594,457.85881572283046,4.735101557169054,131.42114218383318,59.33109801947245,750.982536317102,7
0.01650946154254393,1.8926231482213796,9.885363932837793,62.985919914954295,43.88928310800288,257.15729025188716,259.2061150392099,0.09473283378680711,1.7598543808063207,0.81870073,208.98977197761155,111.03485620320868,181.275803594764,0.10144457744880288,4.468195959768023,32.14042422773329,78.40329176755569,134.1212475571693,67.62523786512168,0.3799232808153267,0.4705791831412127,43.500333817991,59.293324281261754,95.44768072029757,0.44856982390277667,8.574045332805197,44.29672146076823,247.58435415461082,7.046967470656284,0.5240407126772632,14.617526909593908,34.47903987319957,90.11679566478625,4.116156734712383,75.12927520508171,293.8209591927729,53.21683384228213,8.375863602660814,13.382839442859163,175.59257100088405,7.293842536613334,182.48987628651545,478.0730428481492,6.8261197952778145,96.87223757385269,42.372898320731686,529.583646657187,10
0.0139233579285396,0.8086476332230246,8.511305296477333,82.83935936498432,30.538172219767464,337.230857085583,125.14417225618607,0.05489351155806877,1.5072038892505877,21.504173886546283,32.669916610208865,157.97496331460417,147.76280899338363,0.07976106583809742,3.5282699666943107,27.341249019883545,83.73331408434532,234.25203894933492,81.52845179751888,0.19237405561447612,3.359857560635334,12.927029070915925,131.57107775472863,115.59230119749192,0.3672112651624796,9.777410616016068,21.54711367585576,259.8007784327052,178.350952126536,0.6321824671536884,4.8328568576903415,52.824232617564334,49.91210133998784,0.7545738925611726,14.46208642336153,251.14717779263447,135.0182651149477,1.4991964015837032,17.582291674528122,116.04186753421362,8.209070842268362,202.90679809508563,443.91010998363816,9.743074317145695,20.74818078027453,52.345476253039635,604.5636987220845,9
0.03549201034306378,1.8362034842393644,10.074199887106499,39.61809811899138,135.16897624971585,147.20652767988946,47.26899396433626,0.11156584966486613,1.8058432846255181,10.526407821860682,98.0964607517438,184.53912511977688,27.736558226211287,0.30542340204327617,4.846685901773103,35.8701708986516,76.83714239723473,87.20065500030431,120.14696014306213,0.20604896163473235,10.400959571533313,28.84838184530518,64.60978168616337,19.54575798647928,0.9448174142416416,7.62618055320748,21.107847402293217,282.3807908661518,168.72002982879985,2.314153177560809,10.451469545220808,107.39900915169153,41.85329784219526,2.236340368549173,28.951729929587263,257.7865668475269,165.3097250594125,1.4841915118102686,105.15169781269122,26.80248129770483,6.672963676322269,155.62814218654268,446.49224592613643,22.753605780656038,102.11884137018842,39.188010289388,534.5756012806664,10
0.02793210207576331,0.5268184469308581,20.284391293327772,92.00519632241081,135.93564450796273,154.37925912935304,37.26600756943793,0.04544938501029631,2.908760130149451,8.710947902753691,29.75984257496039,123.08506182129375,255.4968920191769,0.1665588797113507,8.871202906040514,16.26692447829375,21.410678636298563,174.6383207811475,80.60838540690047,0.14688130851563344,3.953135555109256,23.602063245474767,169.27779681402936,112.92231952420339,0.3205018401339716,6.3448251893750625,87.3182403504043,149.49225765721903,43.111663529475265,0.10490322151702314,40.34170609431618,81.59867124706878,65.53612653331814,2.1311435416515394,22.906851784542358,335.3791266437475,39.569985774018114,7.105239130344174,13.750551700210249,62.71581187316213,5.227169263761266,187.86052901660835,515.2207022673084,4.588391765895418,27.954472384876006,49.27236286789616,606.2043864584127,2
0.0408537045333431,1.6658142958712565,12.041818116564825,59.54986337034785,75.59827329807638,392.20437042115594,90.39890453439321,0.07757260558752246,6.399863326079472,21.2951724652278,94.73303192081731,87.57342350544515,117.07718277830912,0.06407496579795016,5.570937253164159,19.70900896738427,82.42591339621634,301.7371477027909,194.20228057848558,0.8656804332724348,8.46888356412094,10.763337076870247,66.13456283240231,108.33721437016928,0.8648165510198275,1.0053361173275261,111.68750165592638,152.88457849809038,65.21707716395866,2.3309291528725202,5.424751883455992,22.510303396591873,40.54609630088267,0.9954776383470105,19.920107803241947,294.9128897805724,25.573909953346796,2.437235952854587,16.84041401624632,62.07180252814535,7.806925784691113,231.49029657409181,367.3625448321878,1.787949443602586,35.18732906845233,65.3618430600917,479.3827230651481,1
0.00109432,2.9861132331523668,10.889585459385868,46.071469224160296,86.07420142900818,222.6939363806162,122.76761424173462,0.10510829565299756,0.5506443621415538,10.128567866812663,40.17062605869478,164.47046542617383,140.21297274184502,0.15287391042322832,3.8785411870588318,25.142399250523205,214.4664943531023,84.30932749977282,33.71486453217614,0.2825218416335158,1.8419158409660858,49.64122280747465,86.17690674090863,157.1164988616705,1.0588543098872938,24.08129854553473,95.97797042339947,101.85592757389564,74.90396220414192,0.37550482511337346,31.865890818936947,122.73984987057311,66.03026860011411,1.9740354502847413,37.14251805923223,239.0803925045378,240.97396262146285,1.8358310407012834,39.753232663462875,174.0500530738787,5.794512674222184,168.14453283618062,488.8661821022722,9.830482525345293,179.92200943020566,42.4134495869681,503.9936021083476,10
0.06011136887120862,0.06251856,6.595356185128605,57.88232402183071,165.66957733247312,38.60189979883057,22.185433481330712,0.09788083558096991,2.832506966765088,20.093176935528895,91.59336284209854,171.70336984006627,227.82017159378245,0.00570986,3.8353907377830194,4.010959826618066,242.44984487328958,128.17995396425167,30.175087377034032,0.15373045155498422,7.534063601789881,70.39913133168444,142.5266905444791,91.80588476970362,0.3142418484052053,7.344756900695028,41.611033127148154,297.72771408024755,46.969068596373305,0.47168007118651856,2.9438930250889674,40.05404856595322,53.40620829886246,1.6398216046097407,47.33927024818279,236.14767061274176,134.49035112979547,2.6383734317935126,25.522807210100208,112.40180216739734,5.966292086411428,214.98721539699497,489.15646634900764,3.7003460718920778,104.03517777613283,51.73272300428407,562.0170795877002,1
0.03711408678266519,0.616242120956858,34.48259545842425,63.232111954393794,106.07482244264666,337.78452877257024,254.94730691056662,0.0618070192801947,1.609049258999352,7.949047981846329,27.669727083086652,159.23793099728366,128.0392894605489,0.14689205694050855,2.69347267896093,26.102060478993984,54.154194307681465,157.56100837949825,61.10583315813844,0.14032600472833243,3.093211285327942,54.94870973531984,100.18022543134022,59.59460089548478,1.0945599854345298,9.80802812422461,63.068555724260136,132.42900401396133,239.51905852554398,0.6593512244149922,16.573612029902495,57.70207147687161,81.26664668860961,2.224134020743344,46.43792480496681,277.35241199432204,262.29360457165734,6.0063565902979015,21.781653691209513,122.3836711751074,4.483657085525648,160.19727827554004,338.39905994285573,3.761172714959416,16.109806790897515,58.017308511480024,504.49283815609874,2
0.026359011091600496,0.8807608755865421,6.3340325734386145,35.758629823812846,174.19481074707264,87.72993833509986,129.9290147070568,0.0793549927620999,1.0744678739314213,18.77248996793825,108.14894748213182,43.48703760271946,35.505473365773284,0.2821447975996782,5.786518816171778,8.14265579836734,37.32852551989418,133.65952082711976,130.44057432133172,0.39716039265076,6.739601951349158,44.073582466931455,120.24917116482628,238.0991675361793,0.35254438468952765,20.253566032987756,99.70476137124355,202.55574783441728,125.2383018742622,1.0505409765027534,24.18956758154476,110.49221352429541,63.46514207597116,1.858297319921806,26.030063118499434,319.11898417087775,177.03659106441282,2.024303141168218,24.646752169656594,127.39077990253946,5.6981768437478575,174.55940002500174,397.03625214330674,5.51268897533542,98.29623827670133,38.013779888432175,573.5936073799528,2
0.04307675973677823,0.48069143797624836,22.67569426116453,102.45467220933918,103.03174436340264,128.97435492690744,179.11901219770596,0.10983775000921034,2.2962227222478404,28.52660793374542,51.00980867657752,148.38650344140805,56.783909217612184,0.41283682687048784,8.86879224814761,35.59882532881099,102.61667975560249,179.3605091072903,83.53183272259352,0.2894942301224264,5.237434533864503,52.58883054403307,70.58330881632028,48.920076647700455,1.2497187117443878,19.411141133890954,49.28227990996514,332.1275463269012,152.81280678833187,0.6406782880400347,8.099315822993198,106.45653492510542,119.34122093843973,3.858758824536835,64.0167670262564,431.15745581,26.723447412225863,4.699090825984603,48.06414996012084,209.132661854774,7.681413141935925,296.80308127,229.28379227780596,9.699051758318443,109.00231195007171,82.95897776871276,555.0454370824076,2
0.018000820588799184,0.8621544189710245,14.249871403619972,101.82520896911528,168.95900587386419,262.1240208418536,99.95820664772617,0.22453938257469874,2.1499362222023826,27.250987568592702,68.35856060117395,111.99391609636842,318.49594957,0.10405133182910538,4.30893045037322,15.808961724597822,101.23546537135805,127.58542508349984,157.67315285330903,0.3311338777171806,2.4217824330542825,95.17375423915495,272.9394640503996,104.28949331502369,0.6708077419705298,14.022127646243591,48.26811709633044,140.3229177463673,59.807463989311,0.3193286897937634,27.791155581294586,203.3015774836661,100.44833257024752,1.791077030585065,29.53712783639383,229.74421847690263,40.33850958616425,6.714640873687997,60.504402369865026,144.9687387285895,5.694915303883984,189.63388389680017,442.38601928947344,10.236421267435983,147.6239388035111,36.57383945633305,550.4738407540258,1
0.10784900530224463,2.3107682216161205,17.897569517045685,94.99503791555207,147.41228026575098,17.0767130891263,338.7970905641977,0.11211970561522122,4.239501048043465,3.9135346200877805,26.440432964884536,230.8564233959857,182.52874531041596,0.09464087324283736,3.7003968937355602,24.596269802272754,101.75880561078925,154.1293569797286,219.15371663581828,0.21879614012168447,15.183302808962143,27.404051933519337,104.61476332232222,114.2098336597335,1.1947564202728989,11.178599319087617,112.85517507363241,168.5577194187057,114.97975107971055,2.381161175907005,11.909952061437323,39.148667710637184,37.04392003492927,2.1996479511654883,41.30997743154476,377.00271367328486,34.88807188870752,0.9029315509535981,23.079903305609903,93.59939677918598,10.726274145822561,179.75016318077368,377.50494583217755,9.50919368618736,175.22331185111267,54.94272983685255,417.9413200489932,2
0.07475655389908858,1.898712018150547,35.24155007343254,80.87592753935894,105.28856971064738,255.4696271469387,49.16387418885283,0.05070922238634599,1.6930751072505452,33.990641593402884,32.56714762510592,164.16256048478365,169.13228432796893,0.12045927284840936,7.7041916391832235,18.75411157574562,137.21530259461042,246.83114813212555,101.37507042586286,0.588361763101205,3.220711209548007,36.56084028697378,96.00304706938074,146.24728425734196,1.7376215854629709,20.343524175415,43.19863647777795,72.20848917503311,85.51043289243881,1.6999814389015462,16.002859925743376,48.1899166623852,167.8913581890216,2.1941838427359466,14.732180060989718,224.51219205983372,0.00974869,1.377616315916635,42.26712655784357,22.21418668331573,1.6552616010443346,163.37128494664756,462.4461787124123,5.345538934402243,168.2317385796784,62.784802068938,609.9296989681133,10
0.02321118795578473,3.1086048636816517,30.158388365352632,29.051106804913655,115.7671133043545,327.59559856853116,202.34613242320216,0.18335992555874936,1.3938923347095549,7.14369818958478,26.67980872805117,28.872545208682002,50.45730460934607,0.20931228934282856,4.569483326404349,30.91805970851162,34.09717468962305,175.56317422641825,102.92108014934918,0.13884273116352294,2.5509408102665936,17.5905495049685,134.51682873607365,142.289438444457,1.0625670846311945,35.00859660374091,51.564043062235996,131.54406998338226,264.20481091925814,1.2933487206497942,0.4469081298740898,95.4229266494626,2.2606416,1.9632256465662388,28.92088351179445,227.02874639717592,29.72896985408108,0.27210426377558306,96.2165888826975,17.523076872459416,6.587868567871339,236.53176422108456,318.20319280679763,3.997963848675745,9.71236107450775,60.152692622471044,581.1043103578401,4
0.01753635022354902,0.9198512605293903,13.70455074651914,54.76976491073342,159.35300506437756,126.69531491185106,164.3863768217909,0.05808445975978213,5.717486093410704,56.42248605301033,180.51835448813904,174.15416778748767,211.1194687285927,0.07492196604888718,7.1454674989389595,46.62981426212776,24.862680293882246,80.19006028519458,39.11329296754139,0.3775179608016803,24.84108168603216,93.34851659139181,59.0949634866148,123.80747358607508,0.871020872879637,14.570868485926786,8.933354400673966,189.98522514094503,112.64540573681711,5.121585348992443,32.36245003619256,57.92908402874686,179.51484367181627,4.40181845017986,34.24545895710362,271.4109716898521,271.2912342057419,2.535726664622474,96.23039538032289,199.0038786739263,6.72879572430213,222.24856969386934,496.0766263018497,28.636462786812803,115.1697151992214,48.637198904776064,500.787110977349,2
0.11381762138800608,1.288665816753359,23.867601034762842,98.47976939796305,166.4071273097557,289.15450042899437,165.67318115413968,0.10170689947783208,3.626582410871603,15.314906526620666,101.71186832014045,103.96805912226218,184.02780512462414,0.2454323121865853,5.935556697961469,26.94936620433091,156.62730593433568,193.54968016015312,272.02958755654294,0.5185702991398278,5.467196614503425,129.62580327324952,106.24117495247941,195.97735202499405,1.0582085024967833,23.01760087193916,104.96922465210476,139.3627447886654,91.05851652905733,0.7459511729676586,26.107063779690137,50.430056739907,81.27608568931782,8.65782204,20.929202182822383,307.9681777888956,50.215702473145576,10.393003904519404,15.491866270316454,237.86839090576342,4.887611116987941,242.71938674608933,432.328050396135,35.027433327156515,87.67513563436196,64.94095869413283,445.6521373785467,2
0.08730536667411853,3.254213141695975,22.352516042164496,98.83010455594439,62.457540869411254,383.6810197164979,195.41441664407404,0.06487007766076944,3.5647548033523755,53.02061090921458,33.14238215856376,90.72902212502389,10.965088765317553,0.22482311342427985,8.641392371827216,49.058418915129,293.57409294474064,88.46532692454005,52.7462158362439,0.8324605241175347,20.058124979667127,28.36307760854763,258.8367800610049,109.14816285631062,1.4887845074991808,22.865819827229373,119.0239699989248,272.51901759837364,0.06494351,0.8412674004115004,10.978204158023233,115.44398917576557,252.65657345732296,6.655491437924049,33.75888112975199,415.64457962209747,81.48750328188348,4.492785528862136,9.394026607290668,193.87494695498674,6.805738609394799,269.73110991246494,369.4365081771445,2.077041699986518,83.20735174013743,76.22711648925925,456.47804710606835,2
0.09935364215978085,1.778036631936923,20.981433911143657,102.92244523004537,154.34610355704348,73.3931310029958,93.83743721490623,0.1841728067927711,1.879941499374232,50.17913460475862,140.0790077557072,57.287486125110206,59.31856609232662,0.2812760285879131,6.2080530265540945,44.82282930228645,189.56698374978853,116.76937482249352,451.8149030232178,0.43683977945611796,27.390622208767585,110.23619549685453,118.91001292141641,208.0959264160847,0.986441628049037,6.942266305018244,42.035231939292146,167.057320424931,65.79896605916451,5.15466199,47.52902701670514,78.16617995844956,222.4169779090057,6.871030739942512,17.598352853753436,322.98915249211126,314.7949482765141,6.1369630043347865,31.352056215416475,63.049349573720875,9.271423774992249,192.32082510385513,521.9233955424276,11.527223191197896,92.49005352592528,42.12050914682471,480.8698361880186,1
0.19344208607930896,1.5732088006633307,11.028872019621069,63.675559952026546,33.38099997004939,163.7890897152705,73.56633559661921,0.05452000155895442,6.019832788567201,14.67947232292319,88.26988204630503,151.93933344936974,57.981655115033874,0.17897831482952226,2.1645930430477742,35.87550360841991,39.25600539809758,219.33340074077717,132.83505280896048,0.2815917939844159,9.80348758827483,50.2070922630433,45.07932119159759,97.71147335715793,1.0497379908915103,24.073782436107848,65.43035460434524,71.15873789049706,116.61216732965465,2.6939425763132734,7.711920172094563,99.67825683332347,124.82094791206079,1.585513607718943,31.424129815094087,132.12381783006956,44.921588966482105,2.067290382494391,71.38979790638884,227.8804942281227,4.986625746254116,218.07574059096163,338.3117621617045,3.4565630995210332,23.291701066095065,50.838262263911986,552.1212366659255,8
0.015158408340816568,0.7053611384252747,13.973941933757855,48.5441237378261,115.91787829499083,421.07672171482113,28.351644241943156,0.08666622225435536,1.4035917179766295,11.858349339280146,94.49404442053739,57.33095869340097,26.03490699744104,0.38575619664250826,4.080028519452114,27.412676426656024,48.658541775691276,139.13858967154732,118.47110235616908,0.2890783529539831,2.579366325757695,10.91368544049951,104.53673256744175,70.34985735868422,0.22780252791275826,9.434088043143282,52.80192509410219,159.2605631765464,21.16948879983461,1.2086322392493845,20.19578814350271,43.88276881070274,41.17773694744232,3.2064658575148273,31.360732554517256,255.1037032277526,22.67297245320418,1.480476748565204,15.663625526749083,31.648768859148422,11.902417545186623,164.3260165641049,469.3940554249038,1.7037026861673694,160.42805461228795,48.01417011536068,526.3217309107348,10
0.1683474549365678,3.016423899857796,42.102292378991066,119.7265992038016,131.72289826231227,469.7154640962996,166.25813566961276,0.11811055789469957,2.962081667105611,13.671207102703336,89.87860828374967,130.82956279327558,98.96683244359087,0.15493077410704167,12.734770877784577,38.66766773518357,180.09587157868603,4.6924618,81.30768987343016,0.2296622875256013,1.9453623638007704,28.35438042204266,19.087993660336434,77.48918752040784,1.2345951646849995,32.966322201157034,77.17364846044143,114.42185282516549,282.0260408511214,1.307144441339162,6.489878123255458,89.98299402351557,17.488276330082257,3.8374803858702613,32.072736785394966,356.98173331393366,95.9313518543517,1.258849702626097,17.930691095329973,115.42522461612643,6.426870666858859,293.5838412694086,248.27364332586023,0.36292568,47.80846353032944,82.2381709246978,444.07233071805086,4
0.019707067757170932,1.0264635513485574,4.344520285629407,104.05180363568448,159.75640575845188,407.5365007854118,260.8768263162052,0.173381926277956,0.5159488144273405,22.89085006565702,44.64522319260752,83.83899817253747,109.68711484357884,0.1276777280175437,9.918612464601047,73.881739646015,167.77317035539767,240.0748381445327,44.0800826289197,0.24244145624289237,5.502895040264403,73.97833705995107,47.39157827397801,28.468999089697384,0.8483075272424924,26.719865473136736,111.90958575135778,153.12475057887684,174.05353579127993,0.16649106201725772,34.763504324510635,180.3101842084788,54.04680355913142,4.660066706972242,14.458738531244805,201.89492149415014,247.49026282005335,2.955854413864629,30.800347718962236,140.25658858159144,7.636611023832416,143.4176933093027,601.9208815000857,4.75196721594678,53.06685337479467,38.84046958402641,440.5228528359298,10
0.014293339373305278,3.9397182088936082,22.124205141480918,77.29730941925213,139.66606056960586,174.75210386157303,59.372844330376374,0.05282985718764422,4.124663247342336,80.48499309148775,110.62136247732329,167.22837924799563,16.40900668944697,0.2859491950422617,9.870234007884225,13.595741957263517,32.692686490753644,69.30310874658451,114.91765257035672,0.7230188497893681,8.452213186645416,25.181395969084058,128.23269544520238,141.88349025997644,0.800024607956804,11.721022955087394,85.45655711064263,110.09091705082886,65.00976764011675,0.8583888604226848,17.218860056309236,54.20883512197087,7.273322201016924,2.8203996346537923,14.067648523163765,220.19836507822194,135.78134198093804,3.1154098478365433,35.16903089419668,59.0320024361491,6.486044335097544,154.93988323872009,442.6365416338008,2.989388287603635,71.66374726195463,36.80804439491499,528.7118254209935,5
0.03566074711832106,1.2827332953220765,21.305720922295283,131.87498901402418,145.36218616387356,463.0216175596481,296.8655723564161,0.09875123131098973,5.078521560296362,32.831239213956145,19.85377305757872,59.0913720633999,147.44364404806254,0.533364136544976,5.291540147105581,47.94801226951852,62.88637458267257,160.66363811234703,178.8510088852767,0.1313218643477505,9.534040856018045,96.67546317255425,55.54373086089555,202.0730484507248,2.0216741477206246,34.119836760727416,51.490818995881554,225.64853200278284,58.75367947735314,1.5853543747145347,8.664999489481799,9.625148784856993,94.04591281327569,3.533760006868011,33.961546588905705,417.1327356028088,40.95845698172133,4.678511993155906,21.88154259820677,122.26866872353295,7.569339289458806,294.07079814677036,433.35970845024593,4.781684175617913,96.52730918908458,80.15659151550345,453.77192631781236,10
0.011981898715343508,1.9802593076398471,11.447331500604609,30.069179595190633,210.82852719417843,451.166002069755,45.8381792731319,0.2034317745383749,0.8756789760381769,27.09625261626294,126.48042743422177,174.74621518846752,318.49594957,0.1908568769091548,5.229548584289999,46.226522473485105,142.7633864316041,102.96591325766506,18.189926114912105,0.2360365997904727,3.539264391623369,66.39650661140375,183.12574971889373,44.81554466681785,0.30317160885103234,3.494128679262822,34.27644570607402,50.44607501870392,277.1030003944244,0.2700351455238509,47.84108251205856,107.57451859742912,100.03361291461292,0.844669329625056,23.561672468400808,257.7448782723326,301.0862386696968,3.2279450617128242,51.295921679819095,88.43586970899916,5.082364029839576,165.52717249127096,378.0796732551566,8.739708753187351,99.47326228824916,36.840575654665955,536.6871582901713,5
0.057709592761823914,2.374512826296301,15.68636116605349,39.70853676274641,41.26253167349252,262.1933775415969,180.2617603467388,0.11839971585173972,3.218523654947143,27.01829854334376,103.07324206119824,82.7755871381528,85.82059612200067,0.15687120429224888,8.593935388900082,48.39802268171227,83.45820890291506,56.09915863675069,85.90924857147792,0.3745178651134292,8.92972096973992,90.70932538669024,43.473527761035854,201.9524212840296,0.4787480349026567,12.936053364764753,65.44072095474937,33.15237468311463,176.37798612654194,4.372239130117741,54.013759196461606,204.20710124911673,188.31709294620958,1.713665354583707,28.760302934388847,166.57804375645497,150.44804317642425,10.047282681621857,47.43269384578062,136.43646492507173,7.579385775318053,194.88949570852714,470.5401711914486,5.472627422821215,181.82355523542327,39.38109823483569,466.7508385707064,5
0.02633181203476577,0.9024378978012253,2.716054916683116,28.97057627840882,73.45679066484266,434.4179790827558,109.29973699989918,0.2424577952449184,0.07383968,11.083797951354986,180.9178074228841,154.8719056736856,318.49594957,0.051450467520332284,4.896071741420945,25.930017014438853,16.27455388651895,160.315481971543,233.62050469185778,0.3246913275525044,9.929780848075604,42.643930220282414,105.59801339897015,146.1799282107755,0.371207839199212,2.159331387837848,78.20945437705228,106.36793810764186,153.2187240407486,1.403271157502981,11.999511259031085,171.11554802134333,137.24999155272772,0.8384877442016121,25.56504250556629,230.2542211742496,140.65940943606375,5.117884474369107,23.390285702345054,120.53884262363755,11.166486493718253,179.23992326660004,383.87388585628105,7.373853635166435,59.20807179453696,45.7687905091106,552.5079589527727,9
0.040714648531697,2.36843195665045,23.354367434672596,75.86103250879708,113.06888452747387,223.65246573847517,128.65233192593502,0.029620922107394407,1.541719279255269,25.654198719893387,97.72604050362301,101.06622023781019,111.12206914502029,0.28192777377787187,6.068833470387529,1.5094036817326177,61.73935961415506,98.31011839100829,74.26495789437561,0.2505522513368066,3.9778963512006915,16.786863341005336,54.10451770398228,43.57141804844785,0.03262522,2.851330085699523,36.10162295578558,105.99682747266542,107.40888387256891,2.0359228575172246,3.9558259085829004,80.85787569403256,78.1714889255785,2.311476812553326,28.172498444954066,217.8906614924182,301.0001861830371,0.4770016247650515,26.533586034673263,29.883442569369198,19.71962835817842,101.02977149213855,555.0615526137526,2.0915991636390636,70.17815593810175,35.608900477845644,573.3121344070979,2
0.05300580624924672,1.0022948714299276,37.60490450394751,123.5190998761748,31.730434457859477,433.80255778756606,187.7425452153442,0.1497801339194437,3.341933143417594,26.849615184234406,17.32949198051925,88.07131784905171,129.83656521866286,0.08097701513745095,6.691479175339972,51.010686154739204,116.70918687147498,197.28496233602993,61.97731309321455,0.13971293932719162,5.757423992049714,7.156661220241123,93.24041284946294,136.97704418962684,2.2740852643100116,9.710926017729589,31.183664423906688,304.68689927012275,29.13084326391595,2.6024176584925867,25.789365887977677,96.7392475835818,83.65322143216744,2.5809803722774793,24.919844343240495,286.80199969851554,16.15513104413205,1.520927869097768,43.36672803303276,108.9078564411756,11.634608462505126,206.0272567282656,383.5150927721509,5.696720405379857,146.92370869220224,65.01581493397069,431.5358354762539,3
0.006877754017430696,1.6200136645146617,7.776966904211047,70.88126452426162,180.52893519271257,407.54099281557893,19.9853714326143,0.08134515711301574,0.2623100340032307,13.847342068396443,3.6248720294080385,90.01198563395616,127.9627718420223,0.25177667345258065,4.171130665293491,26.772789476883023,146.11389876973936,255.14736368581978,76.7762382029155,0.018918135811313408,1.3704018873603858,27.661723947989554,166.71891362941926,55.138035208175104,0.9873024662707531,9.447181358378423,54.14868315302465,182.6308123171006,145.45043283639188,0.03191206,23.879516192664525,122.60534428965431,226.32767640257273,4.885506449173244,62.615479107330366,149.31073511812806,148.50156798019685,8.534542412305829,77.52861288067679,110.2179638881893,12.581230712023451,206.4974110274092,436.7912717802568,13.75508237535541,41.88291477934539,37.838618046607166,540.7511798128363,3
0.06177684304773794,0.8061024215249137,10.687074008845723,29.526550102212134,136.01388720427514,178.52048205782754,195.61864364861862,0.10031559956798983,7.1865654528286615,32.323534582964754,78.8677752149267,209.41714146925193,318.49594957,0.05710407194995814,5.365301710270591,25.47006138492774,96.58603728845806,99.75557582744524,11.512767567881045,0.2773262781528055,26.908568279201486,38.02669292444765,42.91410428843291,135.95425559538748,1.5276997805044361,25.857395777618684,102.67036225739011,325.77095080201934,144.70727907107957,2.374607268109592,15.159121768036588,119.23228420838228,246.74987609027735,2.446547441300054,42.42341955619687,319.5233008528613,57.62725130501367,4.929755908369901,21.22926530638532,139.6461257639678,8.615275156005723,222.78177526729885,335.257110155586,13.195897576876845,143.25090000848087,58.40060267735592,522.5104689325595,7
0.011219843954427274,3.95235724570061,16.46025636548726,18.88928431039497,183.88568822274087,414.6382200101963,215.12477545950395,0.18229937321287817,1.895716219571276,46.45421443822556,22.185054346171096,49.347833216409605,78.15707880381258,0.07983560649984263,2.5090393286321673,16.89110687139071,141.9726358504722,207.18779304814603,108.35700259566048,0.18582882725915495,10.64375095541875,44.447087102736205,28.43747816591584,199.87235226688662,0.33903524385682166,8.337313031891526,64.91444817559727,281.13664629060827,32.96889729891415,1.2184457145708565,31.745301698709504,54.14409808551508,147.0574838444672,1.3132177642415905,43.543250094668636,195.81739484230496,176.08149451946875,2.836750537601468,23.187596817020026,132.1512353955722,6.605858026804392,137.01418541454882,475.09825261122825,19.35644984838088,21.34976492840964,39.57157999382418,455.17250782103594,8
0.13690304044412857,0.75995572414646,24.3207535824531,86.03927228610102,93.8643148855297,77.15897432645585,32.433444181368706,0.024640658887952673,4.764633465976702,50.211357448674235,40.61083524217704,132.5415380881539,247.42967330821182,0.08006697069880378,3.62367396725106,7.1057531149568085,83.10507142735712,229.92923553215442,421.7769217880881,0.12915792166048404,7.255092366041962,60.22161106430684,86.0130266307892,140.97357239952743,1.0285406921974356,3.422812821665122,96.09080748094198,301.81828328383256,122.30754544741357,1.8972579152658648,44.46533410465795,23.554255310438258,94.77272147846776,2.265072323586006,18.37774841772248,431.15745581,296.45291771292955,7.56007685194972,47.03955381163377,129.7227048443021,5.980388050636041,226.15972024990995,365.61471554241894,1.0700139991420237,19.270231455221563,68.99023858525815,535.14753387195,3
0.00109432,3.444211410147128,4.210286714270926,128.93959204741782,104.12886336324931,268.86245719296704,179.8690708386747,0.10586181415400829,0.07383968,11.863582913166573,10.356675545501659,171.94926692928053,194.89717695806576,0.3059190280951265,0.4607991949812913,11.076361279058075,12.588773490765647,57.73478546092957,23.44100980824134,0.11866091545824883,7.520040653904804,24.488113053487837,39.98468451819394,136.25658480399025,0.40899300768867985,4.911783136062699,23.26543429318773,112.03569885742377,366.3167754469234,0.03191206,3.618944856562715,2.07886167,44.08914021539582,1.6258259333793137,62.05795540027826,217.51679426676614,141.05394394628735,1.0213692351388273,0.71013604,42.87412818961532,4.462549536778804,156.14069704069564,459.2435530743057,0.36292568,13.200021850766074,42.2295976909213,649.959013285844,1
0.020208611137677322,1.6032155303468825,5.192484309354709,67.05174218868135,171.00783674938458,142.6505952853702,85.7911141937825,0.08400808187936101,3.731057461876212,31.356388924826852,114.83568285795275,124.81601092135674,90.89411114625472,0.3074214176980328,7.874243762625417,30.70056190136748,153.77314124530957,122.98156692951532,73.75159412859324,0.5007111763694018,9.632171068333946,103.07807319791743,120.61488716414327,25.87188053917534,0.34615087354332413,5.261774250688497,55.6733209471859,127.80028439734897,337.7100223179283,0.6319981392729628,46.93630510990734,94.36469308170211,159.53601015209097,2.2623987554744276,37.431945251562006,207.82986780317398,228.1014531726205,6.269456528767014,28.06013954293438,114.53271091732037,5.352834598447263,171.51936975703825,334.08165028153434,7.784966590359876,71.81521529001097,36.27658515048739,442.94727688118076,1
0.08858753450764956,3.093904507041091,14.766253702478075,166.30096806639506,166.31078169607665,302.0723202377209,105.95836607065652,0.15553799696249496,2.106094075467169,14.335271380705205,61.185217223221954,65.5196453370995,156.5964338388169,0.09771475497580089,5.861772974213029,63.80884907926888,197.30668930290506,112.69622126769032,137.75618354421104,0.35737611938591485,3.83162428856698,1.04835619,31.764274779669723,29.684484448739124,1.3941859479229,7.960827205747995,179.91759545300474,88.90699430062477,405.0087497103469,0.05325850421361672,10.09711637887239,109.81917183996336,86.76961990952958,4.738190259474994,46.8422777281715,299.33722731125795,181.0284534979721,2.140589940877404,26.07688349601515,58.532421135592315,16.84951472787465,268.65346338136015,475.73226870285595,11.245473939204622,3.1811639495628405,59.99939975535554,594.4866671605822,9
0.21326645832499708,1.6473870210622183,26.80553764875049,38.32257703058376,184.431695846717,375.8591911390078,201.04433426966858,0.13920811582873135,1.3244624338737312,66.69720297442066,54.17535983672644,73.36855390396323,69.21033344793409,0.18120835553327835,6.27284224698139,9.773598424482957,158.23103257621636,321.8135795060882,503.3348741698147,0.4466436801281525,9.440555185476295,41.448520588609334,121.87763732911456,56.12547813535008,0.3134739104289198,10.079250688167397,42.913524645306985,203.416086780899,231.96736854852242,0.24842407012900858,10.792710904987468,79.58491289104472,46.66330936694888,2.3750907581752827,6.36945528435202,195.47009414609508,34.8174677103436,2.3360693116803337,14.755697859962648,60.057454714720606,4.324282907092061,177.6865550715164,555.681670271315,3.55395812837759,87.37529547273238,46.00799876173412,544.4023297334712,10
0.027219364198270295,1.6511136056326114,8.56809423235701,52.98198004464465,91.6757873529447,236.23022199219136,43.89743679029502,0.09359902145454317,2.107097045944447,14.704913310061942,57.40317376768874,179.32787685116813,17.83682461918582,0.11690893199957696,3.876448789342146,18.42089589330437,72.61508341079553,166.58043221541487,112.08239143540209,0.3689324052382395,8.707694028095695,27.777050220611528,93.89748081295733,51.48489280261157,1.5746521696019402,1.750217622942329,115.22637126282004,177.1704748417851,72.89601040957307,2.5367322389856524,8.849648882269666,53.68381098381812,73.34031550959155,3.6514112340699145,41.80380666031511,231.19943638756615,58.17778238078424,2.1542193131542113,29.58486968552989,37.186398025072904,15.012676381221349,135.79960100675285,332.2887938025706,2.1715965570209006,14.92391883494211,53.305774890197675,461.8364504583429,10
0.010375521180821117,3.219288219723939,11.312636446179779,104.64188460209465,118.1021254557556,340.7940951379265,7.902641153971189,0.06911007011577736,2.0690289513288773,43.65786266784241,35.06903043550032,49.63960089704048,318.49594957,0.0357667311175765,3.285921686858801,21.995910687495382,85.78261417976854,89.6492328214739,112.74576740510935,0.3318119032355298,2.7504229381287706,19.129493202860157,4.10667755,11.283041309860593,1.126035917082219,6.9071068637036,120.37167848487061,184.21534714323272,226.7448663521518,0.8620156637455791,4.897151646570367,72.88292477825708,87.41311934771721,2.9909079758515467,37.19740167457934,233.30600843568874,159.78947349422273,2.4858646864789216,9.893422506822759,97.93508087002951,13.951326242301558,197.51297259028118,497.8031622159489,4.156891832438618,13.024490594351832,38.831772569408756,537.7201133902407,1
0.04314432712145127,2.8078310291241384,12.440583149900073,2.24086506,38.593960844280154,220.77710329767717,67.87688894877034,0.08399741278489053,4.22759450816025,32.44481213880296,159.67551633699097,145.30652118354774,315.21429765201765,0.31512364835661716,7.465534533356982,13.679551374688195,160.51836800667152,106.18604353825168,223.56318260872519,0.3366663782053287,17.049914647018408,116.49234574059716,149.95159142787304,122.75836805853648,0.4680257194717119,9.764719124668163,38.83482628593357,186.20405915576947,324.9925202629836,1.749675045937897,48.807685675326795,64.56204283561812,123.13704990416659,2.1559970566619002,14.511079324175919,277.347648133456,297.4482357669592,2.7098668821517484,33.513217924888544,155.31669981773229,5.479269242388858,188.92855262797644,362.9282515475868,12.631009202840819,168.0364260258798,50.63592366523725,685.7235537702923,10
0.28151700073882924,1.624864937835113,34.41127186702003,146.1756441679591,190.50688919667385,242.56155771717786,339.5881822667229,0.11584593692687577,3.0901767152284787,29.64715022289512,29.54568621901802,149.15780700775838,318.49594957,0.29087473583949763,10.941365035906628,74.28940366822268,88.01013425970372,99.48428973009024,5.426984918172984,0.20477752921093872,4.729447894178266,80.15766543034565,186.5277901596458,226.4826365023283,1.0735731071168724,29.543219182752885,121.0685962310455,232.53658657906402,257.34907847325496,0.9549482247103027,47.31181890351118,71.17604178501777,165.28460970274654,4.530289436012854,39.53181834627692,349.26281971060996,31.03311578217898,1.829494880310357,19.486001664152568,162.48042664450347,6.463810278472945,227.9517757894086,117.04994904922563,3.560566802940885,36.24908621937816,71.90813476887038,656.9979503079142,7
0.03593751743724177,1.2083760438362874,15.755237938044827,37.71735755487619,208.5320251171013,179.64517565668555,79.40407631705864,0.028128693040722838,2.8758599635851967,18.713710133905987,16.732467116319658,137.25863934760764,68.15636506699441,0.01685953784366613,2.1064055730598232,13.212750224899418,134.46567726847385,73.35411371838272,100.13094428734198,0.5789957463620383,6.830336404475322,12.909724290537355,5.625956176284479,80.0379718253933,1.100053548423889,3.453464915659696,138.52146896167451,246.81381426912597,61.189130789047226,2.587367214675404,9.727649254644856,57.46580149682835,134.48511430592478,2.0418824960951136,43.771048049360225,216.51764514121075,86.48755017758793,0.8867387860364623,35.039447275868376,32.60272333240477,5.198692967221663,140.47462489442373,402.8717636250419,27.067932843540884,24.88942811375658,50.33960109679574,428.48439773737016,10
0.011355234282701247,0.3632923723280945,11.326224430860973,49.35947000617212,56.07060408129698,215.09339412965147,182.9875163107331,0.028372827989117284,1.5013469584603738,12.451294654067455,75.72836774636426,71.24138033308908,121.31922948526423,0.02063927030192575,5.67642521937414,13.183312803891058,107.66961289750152,169.92571615052225,478.6242394323748,0.13629473386063995,7.622560759204418,32.37215033999229,171.83182459116134,86.66577955155716,0.35884553701153715,3.7075960763568485,98.92068662882124,83.0440016446821,23.918969523098134,0.6982398297584931,26.688953384348036,55.12862857474522,67.1817930225539,0.9348664478951983,42.58048740697258,160.41006605217058,94.8058306284632,2.568400430863108,57.551080963035886,38.79248429161475,3.265773823527979,166.9951689607703,444.8753884887948,4.846606148525495,17.35267657063362,48.11734259944673,456.03536658070243,2
0.15054033569156294,1.7123882990558068,20.785335442820056,105.96085513773684,98.52463372465915,290.98927840823006,37.247902996913,0.06046424595401989,1.5408572090759851,14.49325119073654,91.81599279435234,214.3713779608761,189.26549604507312,0.14420880239977069,9.407397759938416,57.438359557755376,91.39056464109,66.01285878602138,39.53833799385103,0.22467930714633505,10.088865094632455,102.2186128574237,147.87878999474103,88.59636535587839,1.3600371510680216,19.053113425058168,104.76942316447449,229.95475009890788,234.83474580184708,0.08498789285166058,44.685370865753974,93.03822708705292,146.18857585166506,3.5629543665287935,47.29778940572859,378.82112098534924,232.18749338594307,1.5497279011235203,18.36710561895767,192.80263321502457,6.861051687714961,204.98371291633796,305.60945152419276,7.69544172362591,156.5678758602098,62.30390400839343,490.233787876287,3
0.0932138835718405,1.3608150799627818,41.29119511826602,94.20784131877356,170.38860767392254,397.981128959283,296.84732725299983,0.10746512076777559,4.889076430129003,32.44185633775352,63.27155340815446,229.46898041650857,98.1570877858925,0.2126497965613025,8.10647454471993,52.26899603571006,194.3497806591033,183.21308055214055,88.83832185393985,0.20132809178692662,9.081828509053121,46.97014727643982,214.91246501637764,20.224375747446395,1.4306846924806846,21.262967614455807,78.39578692395203,141.06784107619703,59.77251247191895,0.3210977205814529,17.120951295142948,57.680645120023414,127.21976689537416,5.901089520945534,25.548124738355156,199.86875657401967,161.21255302072225,3.7868045381180386,21.751694251429175,142.60370258433917,10.840474273667688,154.66044108928884,303.6835150945511,15.039332310840283,90.69045175807929,40.96350197453828,545.402027197208,4
0.02105823975386869,0.5257534175341527,12.510180830117339,24.433891540319046,166.0505282354901,372.67382202823956,19.24357134638063,0.041915923700222714,1.3183057878987385,12.945494979373583,25.36243343612227,43.846746826271215,85.00394680904765,0.20260802218419757,7.476277570499106,26.13585191813658,67.4289728512819,113.53164114199045,82.6938246634569,0.15600256840124033,2.4447324570461384,34.72844548809151,23.841153729565495,121.07578626513701,1.0536421235008182,7.721013884749844,61.51621253264637,132.1583279313871,264.4428939464323,0.041631809548645204,21.982463654796817,54.62475740811203,164.49355080598434,1.9846831098198163,35.07458981309863,327.536986666853,13.88440991021443,2.1451924885239917,17.63382005625112,75.887432995627,8.018087363856024,180.99347202203128,281.74585392548636,5.139912307397731,35.899295818681544,52.056322402572384,541.4665634673129,2
0.046271681584385174,0.4583984747384551,34.474436843398436,147.22903518859184,118.1951207132536,185.75180287878618,25.60257165170762,0.16592154386870422,13.11504023,79.62731250316861,73.27395295532051,73.93203234426547,318.49594957,0.10888045621357927,4.794005435933151,57.198673087412324,251.61978130263407,4.6924618,178.74560759204775,0.00877772,9.232038500284332,86.65921470770184,135.94704952925775,234.40525167619177,1.371426870028407,7.583162105479464,28.191486862798357,258.22362226240585,138.0295622518425,0.6129071225492184,19.552459222564636,49.87314254447499,227.64711174569658,1.7959880412198683,24.59361509234776,232.8926461615695,173.51739615608173,8.147747049493159,17.93640213252533,153.84649654042525,6.964079056217034,156.4254914676943,333.0496633096071,10.370452127630756,70.1343709824911,32.806185902875605,471.5572426576084,2
0.10899437923051537,0.32096965762772667,36.263257801049775,35.08038042061843,36.23375332368033,492.37967011961905,140.74446747068657,0.02796315532677464,1.5755542453041922,47.37686838148022,52.04014980371702,65.5632512099725,161.2048867557003,0.13163981957157994,5.679470465050264,0.52874142,157.1055847159987,131.0513108797278,322.57420081976267,0.13393829821303643,4.879616165043989,40.13950378551294,108.93426421879208,96.59198181720505,0.6933182910113205,5.324020484573541,58.45599730115124,299.357792038863,233.61856266833055,0.4367675808332335,17.69963140247935,33.76991189376605,220.37464286580482,5.339532397878494,33.079307382386375,335.04667306444344,24.0455390353597,2.0151473106711317,0.71013604,167.03805387652716,4.936349198778947,226.7408976035427,390.1996046128736,2.338288849565539,0.75313,66.04829335717295,532.3860737847843,4
0.05569704866845089,0.7465826297719749,3.0490474821750304,73.86737133237173,84.43881283604259,475.0279063891804,105.67096356758846,0.1616877416542826,2.0928582195433005,5.863898626632766,55.96836598689997,143.61087118762987,253.90274906158223,0.026094241104802934,5.065204191364218,42.947106725163216,19.58906207634814,248.37535850430837,281.7941988388111,0.323778583738489,5.02774964916844,49.13732675113888,57.24547727831122,57.86757277879128,0.7731552265738264,1.7987210655484898,30.702364141332474,146.11514237826984,23.35839486937831,0.8485783939071594,23.761888090337862,46.57230725571806,41.113080404476236,0.03186483,17.44972436993426,193.08555547384861,324.8377583595208,6.521679151913389,11.762435131838199,63.90756842887906,17.474904532716167,175.1383961268213,401.34391443132745,2.3079976327315626,17.102831978273272,59.61389858029579,654.5535009155025,1
0.047237850063086353,0.9150982727557067,36.831856885010374,70.1358404006818,136.08996424987453,314.9057533871346,71.34089065914137,0.16816588677213726,0.07383968,17.231347533345776,190.4910801420146,138.03135889582467,287.0841547922707,0.2571250952189663,7.58364638058966,52.28768835956339,107.11857986911416,148.82796728103222,232.54080327620915,0.04654575574023492,1.2870434563627966,65.87553848198115,99.67097684430713,181.8931026818364,1.3705986837507136,9.965987210505833,99.04029057850576,122.35253569608395,207.9984748037183,0.24250520414800292,10.619451059462063,104.44766628561024,155.60610757499919,4.586458615817885,15.91438055958658,230.89577041293018,209.65468825645897,4.292447276472797,19.754501248917357,84.7801811920543,11.523427405275516,178.66041200834363,481.8975729917111,4.0552906875076395,69.11318844891406,37.333542141870524,365.37727153961725,4
0.03154123902475879,1.7325358201420167,4.272425894231189,2.24086506,151.8641033523587,291.3564983872861,192.0305954254457,0.08676821395088183,3.922460414807509,13.728333336749134,92.062739493264,126.6327558268327,235.84368556248594,0.16633147301487242,6.430735719721004,15.551402215250523,27.132895105388407,216.98240989646757,62.92592340311465,0.1444179950447128,25.6132097398433,52.19434549852578,74.17828432212642,179.19953279624153,0.6867312308967962,0.4382199,89.32792988910592,288.8747136697667,125.6858352860153,5.150199149060299,35.08861421848069,3.6259283810977863,107.8970562981346,0.2188946782290846,42.447321784773834,332.72119863734326,50.914725213797695,6.104106384587214,26.86378700099462,42.86965473747964,11.608010252952997,152.74461699655097,363.7410063879139,7.406660531785449,73.78274871604093,60.104084780867055,530.0768910904085,9
0.12426091378230034,2.912781675080002,26.143436387449253,95.16381638227452,137.14488875457047,156.9750626682142,328.171864118868,0.056822548023185565,0.07383968,23.678470000375203,51.33330111629779,186.55007448916913,105.09524547752775,0.40953456739374194,7.0529496342346505,39.21953459542693,62.762998219672966,133.48747001863558,292.1856782869623,0.46065710957652684,0.6774789668339292,103.01527418778912,116.03643886298592,19.781651653783406,1.1681456265052934,14.010881059151806,37.61153624294549,227.92237285075734,97.9922078359804,0.03191206,4.338807309795133,60.98268957095442,146.97153518426035,4.492471317470555,90.70643364048,284.6584971470138,199.31159799911313,3.8149200952916225,27.426129778105697,75.81352278966085,11.959278985976795,258.1097548700853,472.16334349912046,14.412409156147824,11.112556740736455,46.629981311919195,577.7246990985461,5
0.026902996221403234,1.9516451715492555,26.10936870361335,133.79312589680438,101.463419343409,394.25916434448453,172.2379881538135,0.14589594008434448,2.021259694967889,14.006335823531682,98.28444883494629,86.9867162592063,94.32296228311529,0.2636776501343246,10.471684725715436,36.31789713814487,209.51653371307134,287.34648783864526,66.98061230448296,1.116668799502991,5.587725455115808,53.833751284178234,42.97922367867085,119.51257841521998,1.264036382839417,11.435092900389908,44.43095039255734,88.31567544702929,105.50404728253065,1.0554861399326414,21.919166836524447,28.97750579802402,141.01610964144675,2.3380751368501844,22.458746936658475,328.9718099915142,184.21195581489258,2.088395563773033,12.905570911002805,14.689730500229434,18.276185338110267,186.2839466509895,504.1436820057714,5.136645713137311,59.66631616795505,49.90220082311492,633.5715701897651,4
0.03218570473397291,1.58539218529373,1.014599251435417,60.160529469757975,131.86799927464025,133.65333666442308,15.539260629145073,0.20190477149168917,1.551271755236863,28.367374303920027,171.91510486985797,233.63152438109535,318.49594957,0.6839212929709761,4.2744020644709835,32.16237356316299,75.27578073090741,108.3499359360215,92.15960563682802,0.05897313966054343,6.34651377965408,24.225066839107566,42.17806236285332,173.0207809473345,0.3428660389183381,10.535135864864706,55.65496719324647,187.9495995765633,221.35748214852836,1.0797000652573883,13.681648633181979,94.58743823198452,281.11609397741813,2.233935342215589,45.40788326196893,193.946424431796,38.89854404179492,9.495089805243989,57.52644010466584,166.04097711101358,11.247489400595196,149.37830184398013,456.6320847176386,9.162571621170878,117.62757260430361,43.47421217478357,550.8025305047876,1
0.04242894580629774,1.7737919187728153,26.1261296921076,30.61403439207422,35.869045347172076,398.77482298421285,54.16643003025433,0.17375409808811362,0.3577321731228065,64.31686665724712,53.937849602422546,155.29054265728388,281.89851013933117,0.185213703103781,7.971570804571064,21.088584402649833,149.80943016523057,161.01496547186483,138.17405931311285,0.1207304560384847,7.455751396022733,33.11478569486634,84.03511644464479,121.7878901702087,1.1573948658970534,16.818801312952083,62.64566121604907,193.88595295892833,239.5581314572239,0.24887527338824425,26.920998532131442,2.07886167,221.71866407730107,4.411382319918141,15.110788869489955,202.1497402134753,45.164786896503784,3.996680393381122,18.702163074777097,191.03124938164154,5.723414272781711,245.90649811009445,279.8722143850813,2.5960855441882056,121.85509485967478,55.1398056067942,409.8571028789007,4
0.16690133783669453,2.35707180411044,10.920742615139178,72.35233300451554,162.72205545618564,305.08788141339335,128.5686804454486,0.13537073886722678,3.1484279011569285,10.928533217578916,15.134883031707783,96.16972744677805,136.96916422295712,0.32202409804250715,6.765190418064154,93.23199507368082,73.38152690353675,156.05913970196718,134.181092252131,0.263400368341319,2.5254607705118906,53.29519884545661,122.07181230104797,83.36966628268951,1.3288605911369895,7.937179468157922,35.34605595684661,146.62421878263623,34.521196352530694,0.2802983268045253,28.332189151653044,2.07886167,123.70035594963909,2.0320579348851155,51.806689692885826,229.2258622488821,226.55284403775806,0.4919166523151286,23.469715714942147,68.90753658982646,16.801443093212963,248.1259333011384,417.49265479379784,15.572537324119846,143.2116572203138,68.91576844482928,529.2729007128237,1
0.01802328182269705,3.2128254005136934,33.81276149973324,56.43876488303371,70.62163967554454,478.28185085614655,92.13396407915309,0.1528119621772896,2.033673368398758,13.100963705235912,38.90557895070159,122.71503179970733,46.17672974560815,0.11299028546212289,3.2804084586664453,19.80914880443349,211.6060781648326,259.3474557600797,14.046100410353834,0.16806429955419067,7.634216292864505,22.833573240437488,29.84115978953712,103.24128404026226,0.9373037566595919,21.793596603012624,92.23549715347093,218.7479238547278,14.935684753920846,0.42341175174535106,37.67425582760114,41.90279831853058,74.21494262890987,2.8026006770543175,44.05017025427425,312.7986907969742,31.747720824955838,1.7967266775135524,11.17533212059872,141.19549996826638,11.715169945225814,231.29673728950561,311.7994519621658,3.4751274477156686,42.48164904903223,55.57984922800711,615.3081171772352,9
0.030658237008103446,1.483318456741806,3.646869962017269,30.613607313546982,110.07660590466124,154.0086502753414,62.68293743242708,0.14876276391795445,0.07383968,20.227741312984488,147.3340370679819,261.9570454629883,318.49594957,0.06248621709619911,1.5798883409039595,22.841524994110998,77.74594502241888,169.5176121726709,0.38471548,0.1921929362947874,8.683288594091243,28.785597379948122,107.33133915660258,196.97065966941346,0.6862276485603724,9.837880403278824,73.41329146423786,197.8573000393397,203.10545645478317,4.5110222136985225,3.0397930488677165,79.37901203251582,115.16229647510417,4.531380771977421,34.388661924140585,329.29045543755336,177.88575644999582,10.695604077476146,68.18324667422871,151.62178706993316,2.0183923810303512,200.09566264737433,433.7297948891492,5.405439024051613,148.84436267407202,42.54463216759935,495.0113960124944,4
0.03956438977652301,0.49473857782374686,13.641343588393937,3.432786363211541,164.52145479229657,67.34060487726555,210.21634946785952,0.19571333058939,1.3941669443148514,48.601841357470505,58.39445103831753,119.58694844300133,318.49594957,0.06003230236964924,2.7616614112502402,41.71960414492608,67.96382080873191,179.70274833136403,109.67650264995937,0.1415597216505464,8.825915910046628,83.24223094521203,206.76118713600442,91.02861693475381,0.6641960453543923,8.049464180904067,77.54898921272488,220.7092632121718,174.168022277424,0.22541790219023594,34.721262236883,230.53686916552869,196.1754725987484,1.8906037226688939,33.33558636603941,295.7388109785248,352.21915087777575,9.032200805309344,28.479986407432037,91.8827216099317,4.812109222784561,151.90183720643745,393.406115923823,6.789135418398285,121.15022948699645,35.14219549534464,616.261978396744,1
0.11408015060926435,2.2265861115593832,52.933028957324325,46.545569471879695,120.72948193368951,257.7135546669904,309.20168826308793,0.21237689485288636,4.4056343533311,26.988912968435784,59.349474666041914,220.00114444063558,78.9562415850863,0.31127921015709437,11.872637049114335,58.57186702949945,68.71883704411778,240.52922647597225,167.89160926109508,0.9478746061956353,12.054748004246937,18.678159721500755,186.38196301348566,114.81370552220535,1.108810788575651,11.358860531947974,63.78947506227895,142.1691662366072,11.730145582556528,2.501354459562538,33.32189558298293,72.06393324900509,17.816823599991196,2.036125757605566,40.37721857169349,278.0933501839103,29.496480571707398,7.55453324825855,24.489058387374257,123.06183015802114,6.608558027753051,148.42087651175788,286.3854082947912,7.677663358462221,157.92412699342998,41.91024283751468,395.45590020995684,5
0.15553117634413477,5.143098336567731,43.237602131128774,43.67567669488439,87.23346270732631,137.63406330367977,333.5417890207805,0.0907192075550258,0.07383968,27.569734298765958,26.223419707446297,49.8179610394765,183.67188117050682,0.21217370990813914,12.756371551668728,83.83871215541639,180.0509421117535,81.38704372473579,60.00165556283317,0.17470145494058562,0.6286808955218048,57.99529975441367,108.68243214481373,79.81387681918798,1.6169411239908056,23.36319523204289,108.07672425387823,242.9786142793684,90.52723453105162,0.25582007176605115,27.40870714642877,46.19010593718015,170.2611108259968,4.5901348206546775,90.01793983239791,305.1651688639572,388.6829360101494,2.213772301590514,11.212516823293583,123.03761852403488,9.556682709286614,164.332893280434,441.9899021946016,4.54954335196149,17.41187059287831,75.38030042509146,521.6767210460212,2
0.03945790555886,0.8423759656617394,14.909378283257322,88.7458358582119,112.69706856602907,345.7142536669469,156.66053729710694,0.03911610836080953,1.8096097928460568,12.89557864348117,48.59554612117065,137.80151761027392,11.773993345561578,0.1319692153861436,1.6280402492782915,56.53939435539783,80.53135212725823,120.29641888777519,208.0155748317635,0.17703955440808844,7.821787057524419,60.678598378542944,29.58188789235305,52.85122767462499,0.8977906024429094,12.394995496811953,38.30184939268041,119.73096703789874,38.866642359935064,1.44507550943706,14.085394507520235,47.231914834458884,58.86844812559994,8.236785084525124,22.99420209679861,225.3889916752446,137.63430470315907,0.7075414534071646,17.847598329125557,1.10704472,3.608999507240706,160.60417061564922,630.330880933821,21.964131910180466,27.808243549355787,56.01098441257837,585.6745939813278,3
0.024693870976093032,1.5002481154023752,14.169727046471412,83.23450058391379,125.58636588803913,389.36791666610645,19.076257941972877,0.08737290076247298,5.582710087224033,33.38066785701372,60.324379399539154,65.10469517614844,318.49594957,0.4387311356116804,4.054001172944205,27.82115893634543,101.50508518860391,302.85469260922656,59.18862910880011,0.36534579867157424,16.77891643516386,95.60400945891354,96.20815277975552,254.71716778210163,1.2480245291093655,5.859712633030209,60.7231236919682,160.2273418709304,170.07493944434785,0.6765603927019097,23.258644066280482,109.94539822460743,249.00396408728673,2.8519205382097654,36.84924955087749,293.88873158362446,11.353623415732272,4.089820878452578,56.02031615979645,137.63163155968314,8.4340773379836,143.78448655420823,450.56424263979017,10.797882671976048,218.87719999,51.12632172646384,584.0000279842675,5
0.056514823725017364,1.2035632267808447,14.99806821971887,163.78059670687946,184.8973036845598,326.15680112047534,223.46355645543625,0.00274533,0.6582500748758664,74.90008125624524,47.63546331426739,20.462853453538035,135.1621348575582,0.22594793904661598,13.777186039927368,9.945250809564955,231.55222408645943,85.96902518218505,345.71365528137517,0.02787921051264687,6.7936206207321295,34.49051238122239,18.8869006844356,97.31408308612481,1.2095206588667577,11.00517654065346,112.61813062162602,145.97454981529484,67.38583162604695,0.38816696112296734,33.22649150820978,39.547991038724746,199.0887548141359,2.310356811300486,18.37113727924724,307.9576461638059,57.97287277216692,1.392809952003139,6.574830421705343,72.81372189349844,4.472304410791604,188.8593578081971,291.56228879903176,1.5792809696796333,66.46014007900675,59.93843606007339,588.8327109380858,7
0.1136716367443571,0.8247576801525603,20.426278005298578,115.97782954155724,114.65532710614143,165.95660974759494,107.86488819795669,0.22100189605232898,4.184732153716142,57.625510525975315,168.77038352511806,86.40035257187714,25.93837728848326,0.2698877307143607,3.202376610514895,7.91544622879905,72.79352670053655,110.69572452870095,139.5277664316793,0.35906424704672685,4.2951139390615936,71.4209200469755,132.92589073684502,241.90455695005016,0.9174315670997619,5.230014697480423,82.2613257046323,215.23293260376266,193.7061590629226,0.7793173762004213,19.114065642424066,97.92233578800351,37.57331416699748,0.6819769581128236,29.596285800558142,251.30086622674708,74.93575013115691,2.181577298958694,47.50071413987338,63.808799161089595,6.9397119050781,140.44309807280882,459.35546811153415,3.9046353310567863,107.99954151126255,45.15589079540916,537.2810731821334,9
0.019427715893767558,1.1963661981292986,22.311901675692628,73.32510452212654,107.48631764980645,375.20486866455667,107.35686605630703,0.037777703534335044,1.78687422676588,49.65378043959866,132.22848961416787,208.56552197202723,4.60701809,0.10692245591525269,8.043515008975936,12.136888421641562,90.77786946696529,335.5375166354051,316.5800037686854,0.1707975800405051,15.36974231134278,16.82920754223975,96.16725311378322,203.7562399845196,0.4943146338584748,9.738779667168554,47.032486501613505,131.71956795330982,173.22164787472602,0.8002608233928008,3.874253611042376,85.50866053032057,70.09713695755848,2.049799222923222,24.687534503230562,237.31000833234978,0.00974869,7.628680428164785,30.099676182858083,159.56731600441566,8.429066968939145,147.23194379489314,277.6186688175,6.083993964451137,166.10117741049285,49.89731571278834,461.7817167757705,5
0.045606450218660693,1.0761933630880378,16.228336590833656,24.065300293493713,87.21393924438975,338.812643640549,261.08523933392013,0.01976280980616285,1.4282374095526718,45.837868636813106,31.435043785886872,168.82148628901206,84.66453614822483,0.12411510853291147,2.6831404746466796,21.734872743500922,31.09062514809505,164.86523785624823,131.7630837495612,0.4295558221466743,9.011941392383758,53.19825183237358,36.22388555261233,186.18267529655262,0.3611670075737069,6.473283175948088,45.27203019970291,56.33167943968526,172.375740545433,2.02113395021791,28.2243325584927,47.609202423992734,27.29215335993993,1.038854295190497,35.00786002007631,241.7319771122979,48.083763261243774,0.508440621175568,32.99895309081069,16.41168372603056,7.011720269301476,141.22390373117173,427.17322120726726,5.41269555931306,119.95523773236702,48.95782015101646,440.9245264958597,2
0.07274421871727282,1.646835103140418,15.574802444660168,74.75117581814418,111.51172689117394,374.4859872432063,200.8793063067901,0.21035526760920958,1.368381602446014,8.548622637455914,121.72289099221815,53.18468073946805,117.95906599569074,0.06700120494322677,6.406523211756334,29.225563345988306,88.59154750281577,258.0787008896387,419.09840700736316,0.4367307757712358,4.785454833927973,38.44569646879566,28.767897772176184,110.43541714429448,0.9437363752895508,17.19637385421532,86.89911784859164,75.14196190727945,285.03226044135613,1.7318338524545742,23.127864751671147,73.07316971623044,212.83805547117203,5.211562856362381,18.449840259962926,367.62251398049204,293.6659494379594,3.0643493402322037,67.60149861617039,25.43087821333617,6.609189836366456,167.5273397331534,296.48230356858255,13.993834383642497,37.452606518543675,69.92348984555157,487.5652441322822,5
0.011803985777331154,2.7492824913372953,25.4440605026609,58.47472314844414,129.0943479777202,329.06951339054535,330.53944698102885,0.01460171886186977,3.153955983192426,12.219266344980348,77.88999564757853,108.50709897186877,68.09889444864369,0.2456531005554341,6.61908156191164,74.01991429912582,225.5985699727727,158.26918288762246,127.07774318152846,0.18458745095205412,8.281301301302982,41.27519850093598,19.40549415034473,157.3304526351895,1.1237852090570275,10.05191241374782,76.15597162119224,204.90732535317605,166.5699765361482,1.0555983221418055,5.320509120506376,52.83434014633272,43.522358200206845,3.7921572923538376,16.720444919585358,289.6977472669897,32.539795601739414,1.7094926446827892,26.158507395991354,95.45339606980423,7.843071698545588,228.7088901079115,252.07094239821419,7.10224838678808,30.491305069014793,67.21791262407999,454.1621954704804,6
0.11856546823783576,2.5777413371593565,14.47482634779565,94.83406748816253,147.26654360580824,198.5259604704743,267.2433694544843,0.12860230716597243,4.464763361579267,5.6612810706243195,38.541786915436916,121.22709283265796,63.319099139482724,0.3955753027281099,7.823617529337264,33.005065093882855,66.08347011588822,188.0874056026576,133.05729075912305,0.27425127887335343,3.739571041951171,95.88164452201582,110.13506347162682,54.28171563922799,1.2498513733941208,20.6218056874372,109.4824300084309,252.28491376310842,69.17323129469894,1.1427389334900477,11.61130867441923,62.94098878048413,203.8496248984763,2.321040733141626,40.38830573100721,186.3790311894016,190.25415845126238,3.2194721845498897,21.118415026402015,90.7269132395484,4.03244098875869,127.1160164989809,415.1665908210118,9.309755744558554,112.43257941124858,57.410514339636244,433.65300108377767,7
0.036102159279990206,0.35302759056989086,7.500491970246262,15.447012958511337,102.03246985585274,70.86897051523769,130.80245844456883,0.0922556684998474,4.078192461168378,19.255507521921874,31.16144083289357,130.2849338330231,45.27007615299682,0.308875323592034,3.6550773051466297,14.373411093915358,133.5388751133347,93.90474191213765,121.36080927188951,0.11157388317437068,6.213219645207219,56.548114058094264,121.22511664679645,142.2123364047871,0.21887239898092847,10.846411328897776,81.70881779230342,319.5235197022937,194.70792222747488,1.135364835985805,18.12796818894937,77.76922641212025,99.37961214153783,2.110809239236307,54.26753029812474,248.58289069561351,24.40204075321281,1.5732052093890603,10.536277372387339,200.7561595037002,8.995888628125613,189.6573023595679,456.7064921582098,12.83535598068339,90.2986618651569,42.13058257972218,414.66566112365666,2
0.10937205248776785,1.173613771286981,7.629286473478235,12.110767288132884,172.11892466659097,333.5565496006165,320.46401968501914,0.07556968613440818,5.593660465947879,14.971869748109516,70.7594801601479,204.2655956223443,4.907290241972348,0.3573966014639408,5.448250488128679,37.85905839464628,14.149648995473044,151.62804936973654,39.56836972818511,0.39473446744874074,6.659769458582868,54.700830347328754,87.89285414876427,132.78305667935956,0.6162943886276265,4.90853584616558,75.4679511737731,163.3450735694738,69.75146970127871,2.04220536683465,41.332582742958266,167.88719979497793,228.25483854475698,3.5853871516518874,36.645623056073674,324.1091169025667,226.41046837472263,7.424820632959208,73.9561938067153,89.33828978846913,7.670025879488881,239.11642940348005,419.84477022368526,13.023987142828691,97.93630999288771,56.71859937959555,592.0265878448572,5
0.035874546120162776,3.2921253411914626,13.32254215110565,9.676992867204149,108.43326996820035,201.54233968469907,23.881167885638803,0.049090703071591475,2.7978618084093885,33.48320865610374,154.63992733279886,223.62068696227425,6.828589383952192,0.29965077385388295,9.995815518700313,55.99756940946878,46.739837957347795,64.97393151801808,173.66117745004684,0.7368844379295174,9.091983560207803,54.56583488425929,72.70359152318647,171.0768815873124,2.1635168207231943,13.343683656210638,77.57870556514494,247.51960264238872,126.70415942464044,1.5936682142271934,29.442118983176837,42.35018331921373,92.35841137122799,4.011037316066101,26.291108986663783,294.2781939835804,42.53697088040868,3.5213890644191537,29.114758795475247,131.72548363428416,11.718370939521366,236.68586673924656,507.24758162034846,10.277461485895888,117.28328569551167,64.59737935237507,550.7148664786604,10
0.049525917061915475,0.3178257398352085,16.27928686979558,103.64509352892853,119.27739730015222,151.2009063225288,74.68008370673681,0.06508835855733931,3.5407466515977157,88.91242953,150.55821853011025,69.12749914045341,112.93741294484721,0.09080277455623013,8.618448854209792,25.389778711615932,31.62422076727253,197.71269377397593,35.86012311076224,0.15481605293656214,10.40546459005359,81.21151161159949,59.42910595415265,31.671589939772797,0.4785574153307648,7.148179887280163,81.04420401764241,180.7888041523605,114.7478904799564,0.23642356055775027,9.820491474942163,130.49343543836486,153.4426313592241,2.5283001364549214,13.966065670195775,286.08337297522354,418.7735604,10.407633740446375,103.48236087028383,105.16297733076826,7.369265901965528,201.05064114451574,455.58511785861543,29.899816442168962,87.58209973102524,43.40841903298822,480.8174223826494,1
0.04657945140091613,2.2825959531168687,43.86824992910076,2.24086506,6.51364535,2.49743073,26.076642548929527,0.00274533,1.1135076191705358,0.81870073,210.548127430333,225.83796537609754,318.49594957,0.19347707520240193,15.109731549216228,20.14894918091417,245.97992548520725,4.6924618,0.38471548,0.2989650599243594,9.96744062870108,144.73716436,17.52404003631886,194.9629898517429,0.45831064025609614,0.4382199,3.01594611,395.00772911,208.94110206680557,0.2161003444989451,0.43353847,186.13078817671902,2.2606416,0.03186483,1.55851957,127.05221343386363,231.0336359029829,0.07326991,7.582265723767854,239.2966184160445,4.981823318738883,227.72163148087364,500.6208541271568,0.36292568,47.073755812882965,22.02129515,777.86182699,9
0.07651425137011054,3.0555146595951963,9.434623522677036,70.56118359566302,145.29447522491108,300.0809059089343,78.96061786396048,0.15465404841955116,2.313799340111574,37.26737264491202,22.169758598871617,236.2244837164501,318.49594957,0.3816846050381808,3.641995362048794,19.720708826633167,130.82809337461043,133.081086242304,282.9450200421262,0.11714508741065632,9.00560367531938,65.41300988425233,100.19773488738616,110.14690724420433,0.4989717374153483,7.539576389665576,122.48572212293982,160.4468313499088,100.37839233787383,1.36297577734826,17.351960188715687,81.01067989004152,147.93855282043427,5.75413468630585,33.219638848763076,180.4754623977377,198.32058680403335,8.619328945827522,28.13173193948908,150.81608990664972,15.262296757095413,128.20174756590325,448.7578855658851,17.27424754146557,84.89620183664942,34.820386813403175,579.780903782913,1
0.2476849786459632,2.203829320461372,24.28476106350147,80.8358697221801,20.205755629788857,307.71252205843973,26.473250064869056,0.08740522897015027,1.5531702448974012,51.59348154917478,109.38205653474549,59.62214925216281,11.12946266605438,0.24130803643102947,7.077118568167476,36.836308005030176,86.69462804101278,109.1914017112039,445.7490348247661,0.25104614629526606,4.752699352444409,104.32559330858666,27.41810073933982,29.666458107269396,1.975051656590007,13.232334310064871,49.70612679196998,102.59388434430176,54.22065901555537,0.635487039859951,41.93842993457474,199.83503845893424,22.476423810996923,2.172300916136675,16.901854799605353,310.22419740528665,109.02042802039128,4.6880077218005916,33.29764454908325,46.29965329648556,5.098978229676996,160.0689414144956,436.92186807008045,5.747746141926608,97.20546108109225,62.78359227388273,543.9039544362147,10
0.04071806012282165,0.7973705125904957,41.51539186615836,111.57822077378455,103.85910413925681,184.05988754130408,160.07431808721074,0.03958636065238768,1.9202489968456435,14.416281375932972,73.47321101842536,94.12789631160061,66.55273339404384,0.24025601245572134,4.277223260155111,41.221167900770155,102.01152647196538,209.4699996115165,52.957916927767336,0.14592302504441365,7.80722835273087,53.68866285531571,151.0966009884355,179.30675149648945,1.8889834679548776,6.338081569303,32.2907709887887,281.77786800345393,38.37421192708195,0.6086072567117174,29.51353604001246,89.36885918858755,207.42521623078406,1.65187444370109,38.01368274317187,217.16856873789328,65.57218051331401,2.007064181076573,36.1550672236605,120.3438240348861,7.072889079824848,193.4634050676825,339.0646702743986,4.434842527867936,110.72251418491928,54.54726417572223,571.5626538025514,5
0.08302661757460963,1.7251718698819634,23.286784595147154,108.90984333572483,208.44714592742503,242.49071713875233,100.08988130372106,0.1027009674159696,0.67734809982003,30.16372981179788,108.02587791043844,77.39892627203561,318.49594957,0.06350151079779998,9.075333752766998,28.046307734356674,188.37479218783977,143.80684576004447,90.15965368165391,0.3645544538808025,20.17732526383035,59.456927940516785,248.6028904038655,12.617027854502979,1.484721959894809,6.369476921451184,41.70061699618933,84.30572679962071,494.54484573236226,0.22899969573851375,12.766921301542538,111.23445826606498,173.88319049049778,3.998518905816703,42.17429011801637,224.48517967471685,36.41433402405161,6.962043051401666,22.96181037490721,93.87899522376547,17.14194643924679,194.83443455922296,471.426076256841,12.893428725193406,135.84943991479162,47.670196070982314,599.5923575085507,1
0.03431030186732453,2.0211496560255657,37.426691520646756,29.659234805230625,139.12217755662226,436.470858231277,88.6907357446229,0.17562570671960398,3.792182426716995,84.44560539230062,25.72196395976759,34.940869727158656,4.60701809,0.10987798227618052,7.575749875107274,18.278209734440637,56.073758962469796,141.7735858729428,495.69546166205635,0.48790491564782257,4.508020335077307,4.62267710398099,111.76364513115361,44.915435441984904,1.5993645868245194,29.768259995477447,71.77174460543453,165.30507156382026,35.18340128736595,0.6715394004626466,10.333499674843006,59.15612568813724,77.12049409161244,2.943105956913637,26.557925800806075,247.8624861402738,114.33339112359609,1.525490693050588,57.002656437387486,186.69704678127343,7.407595564519833,185.97223745266186,414.061853994503,5.373285955823114,116.44208279796494,51.96398448611947,559.1486421718826,8
0.13084400851061692,3.3687577400906976,22.79349963711276,108.82328417333349,48.767892763798386,249.50109671931116,59.6437211591531,0.04111286639549343,3.8576077076687207,28.69681627344174,120.55406501004907,104.17388457730233,318.49594957,0.20089371881755058,8.497654142905818,38.98236076362905,94.48404492559041,130.25459918376038,29.721712511636724,0.41982072176358254,16.619545720189755,105.2611635908888,23.349437082926606,217.22433720544223,1.9651510938463905,21.929885104289195,83.23829812103754,333.0125555216502,171.19794767335884,1.5302671320171946,37.75460729965128,157.65947032104475,78.9814807176106,8.65782204,31.384109229534637,279.59963094705046,55.21753308421242,5.001282754647743,32.91614923839058,144.04982118862603,12.14820745230818,209.68580739880053,390.08047323801145,3.541133267861847,193.06359013517255,61.53694245835776,422.3036450962229,2
0.014562466883038343,6.314287967428211,14.599439197521749,84.2949367793164,91.17441953533195,364.07036832097145,90.57503397716086,0.03618293588999011,1.8804352156043542,0.81870073,22.687616696167744,34.42467550425609,123.83963024365593,0.06486217850103201,7.70653376021002,17.97090336868105,144.65073896425778,59.3474115305698,193.34213884664973,0.3054644665138122,2.478722652454721,8.494761896320568,35.89199789832009,161.63895616877736,0.5648218406319104,26.56496978837169,38.92853245496442,121.55960144487781,262.5450127212662,0.6530570395089162,2.931048090383065,36.689892211280096,67.32069052693215,4.389980542079108,24.715610318510294,348.6456901685719,164.5116543286634,0.13242548316316993,7.122026152804068,122.25416009257987,5.566844881309595,225.3650529500438,503.3480263605848,1.2926459995223425,135.4453781280139,43.60770212663991,503.169436093257,4
0.034131250893461355,1.521513826822814,9.576077668645686,38.34922448290181,121.5143247742742,88.45500236363682,291.8263697482464,0.08605242839803665,4.640919002466895,12.899693064053135,37.22888770074736,35.10727272628641,53.766161814777576,0.07213495061796867,1.9411208953103198,11.908765246970756,78.84222332703392,140.99286864804975,55.628586901251204,0.3765471362626673,13.129891755723502,30.11449494567961,120.87874426764014,78.74401969353298,0.9160371469608146,15.415718944945443,45.6813591329107,195.46116487581494,136.4957679137088,0.8602455277352163,18.17085367740183,49.131118520789514,85.20031236179788,3.8463615922000045,29.627660221208814,338.4030778576127,23.921756163560396,2.11537254792516,30.541776569086625,60.46523636400854,2.7795184527404744,175.0383839352606,418.072783034871,7.195894128138958,49.30647615711011,65.06046964548716,561.0558557652214,3
0.10843074533599784,1.62506886210054,7.50458442647065,4.905960026200042,66.78989449797177,371.83974076291906,101.80244110143715,0.23324309283524097,3.282097775518434,12.249042890319409,33.03131663615433,58.66167012793174,61.057153706748295,0.21249966653386662,3.121124461047054,60.88072068227561,170.84016341671895,236.47141560111788,376.08442286530044,0.2403022687370314,11.411861867240297,37.49633508181596,122.25078165573558,273.8954179517541,0.7852700167143297,18.008565778255416,104.277860203368,137.45975258555222,120.25744785158658,1.5976320254144216,19.249392216160835,76.63855010249006,119.9427884863994,1.5407044019882647,27.031918593953478,253.95475727698246,1.3316355864950253,4.174782636020637,17.346134036805992,167.63780854430266,7.812410398189163,159.203695403539,598.0690042745624,7.70824514348778,19.32409573241243,43.48134658053233,411.7004503376006,2
0.006476288910679643,0.34037758315694755,17.090098074083752,101.11015997544325,136.1504539377026,246.8879844466257,58.581369955782066,0.18571215645145048,0.49170056538342377,32.20681029704264,18.37810396621697,119.96974830188636,105.36765839685899,0.12131738933469788,3.1184188324150472,30.360215257377035,65.94287428302401,167.33963919383123,124.71633652074715,0.050752998134489705,3.107959738066563,53.41780040225202,153.25847686384577,148.02166454410334,0.3126036797248183,6.713698602974056,93.03610364358408,160.2737951974098,23.888149716601077,0.6156531074135501,19.24246263032509,189.3157292674491,195.73515250153508,1.2729094957762435,38.17787003084079,371.4021683232644,158.5308100546678,5.555949252397101,63.8862783688587,93.56609924897246,4.792431199623174,174.35894041318,514.1680815164665,9.768554248768694,116.90594589299997,53.41974953856187,628.8930419249964,1
0.24311133289914139,0.42657782187717413,27.75056894978426,116.52741864723575,60.676545621211375,348.6629411410179,226.83934167786006,0.5099238362587497,2.6057981129243046,35.12429536157136,41.76212283719863,109.32944958942774,134.45954965094322,0.09690294244716556,8.807911370736878,56.89016693673467,55.91476135313496,164.1878024305883,437.73256782009435,0.3450598805368601,25.201354886925813,24.70195069910724,38.390598331173955,181.73833795577673,1.8505280610217447,17.57964630533757,84.39183644640374,271.58335475098545,163.00277332856302,4.315149248571698,28.63206108034849,9.821711709607499,94.80312938663394,2.873584365866394,19.320946850278673,431.15745581,7.612500605528865,4.493246659720058,20.814017814498158,55.05939111041501,13.544227058659185,296.80308127,235.5160531518996,11.888088234264284,14.165650416594882,89.22969907,388.54278340110403,6
0.019799452309608452,1.8651128081189816,20.32548268628251,73.59877037203769,127.39328426489608,207.29269097976635,268.8906359821348,0.1875431155291057,3.1335941774943286,34.89119645906591,133.20206028657307,181.25997952574033,119.18210579791129,0.25497379677022475,9.162884746624583,70.24912353703292,74.56067998327028,107.00935489982423,108.99003796345426,0.3540142546833758,3.1443132383971566,40.5383656854452,115.11294318954393,199.05826757596947,2.392269244752851,34.65336663458928,118.01745543229275,93.89247762624234,346.48827510832155,0.7704391514675509,42.10823284458377,227.93327665262143,144.09882207433677,7.783118704439364,36.26660692348014,399.41986934068944,201.0143419643332,7.849288209760234,60.334622392566175,137.77627273055418,4.498957256838549,167.88056072585024,482.6824242882793,13.431781556504372,89.98170520913938,47.38012705243687,437.8570668515896,10
0.0772909424275148,1.596910426288885,22.460367719661612,101.29538206484025,158.63541666360732,398.7134535388156,199.90375466181663,0.05321198629561256,2.941999434890269,35.512900206138376,23.86308464453159,170.49931846729794,129.025820529381,0.20821770293591735,5.578805831166642,36.781360087501504,98.06834877332754,250.04714600658207,484.38057252403087,0.33596164509193266,2.7833699677341976,62.88670918869869,152.55021223404228,63.50426652036083,0.8797258900563993,15.222915979879259,78.6194983871041,144.36135365737675,55.164920019072845,0.8508809881098993,32.69549657523669,145.85808261089034,80.59308348288579,2.0776258906599714,73.99663319497213,362.2247690553785,42.11498812480885,8.93344899825198,31.831774826227097,117.95985783655348,7.178427844820712,254.21342151802827,272.8963532400565,15.27012565525418,122.91955527686164,70.13299984856474,633.116546108046,4
0.18545752485805034,0.6707336486408721,16.100243985257187,81.97106763615172,267.25818716,179.4879572786814,348.1798054173146,0.0754511078929176,12.163388988174162,50.27884509737048,90.1867755018063,170.4855278010628,31.74366248259794,0.44340928063578,2.793419098121798,23.5655841961532,189.66167456853833,192.76009800070028,119.7489610937181,0.567883227636156,4.4991617048441634,30.16555095203133,112.49803533714467,113.47063447972788,2.1111948655248187,20.978304800448637,104.56273927993334,298.4888121618465,37.67304818825569,0.7589014610319529,7.477492357114238,66.18672897981511,22.699655910551314,3.1839553989331,47.792202816856246,229.08115197621711,68.0071942757524,1.6191593538215912,47.47973543620948,54.5085776083909,8.334124747745204,151.1542163169508,387.8606250338288,4.318186554119096,9.882322471800023,47.670952636304634,496.81841167737167,3
0.11094977447169624,1.1845775574252022,12.777373332918323,93.08891660214324,120.60162548708485,128.2043286673009,307.59271563388916,0.12606312600162928,1.1266922389209155,13.172481853377139,41.68061571566226,126.13124135484671,146.7653734242624,0.1918532291291743,7.393968660712716,68.87111227500976,34.968267582432134,260.29907905560674,151.11524601158845,0.3648549177287104,9.246211277280842,39.58957349505226,103.08284578960334,188.3986535644112,1.1422281201860458,22.132730000210646,81.92496659866404,188.50802633117667,202.1329191393489,1.163546113813859,11.79595303519309,33.20521150969644,130.34704669105292,2.3976560870010095,23.75335948900666,359.6292412473583,135.89141913860644,5.9359410892200595,22.735108679065824,16.488384750445977,11.022662770339975,201.49707745456064,454.1445916754443,5.228149531858215,44.957925752441376,64.20457489800049,581.4509478361641,1
0.0515608675761499,1.3005617160882847,33.462489456405564,58.416422316576295,177.9577151056727,336.4413212255742,410.71870679380635,0.08306186942890514,1.4595917633900994,45.25034593444595,32.703370624800016,65.05993963997675,256.6770626289425,0.00570986,8.697987969242732,28.023082163298938,82.63342808297425,212.64799422766674,129.76355215108677,0.1169833070613317,13.741316494425808,104.05408649984413,26.141871774304335,5.7025015,1.4420578909214676,17.687548932333566,73.87370065136915,134.04128157844022,56.246373252560296,1.2572159942019943,6.1144736238292685,13.945276209476823,48.201385835827665,3.6133227457959585,13.507713925441827,346.20133025363685,214.61429437400773,1.4734771458500353,16.183249743268988,29.244613214795972,5.8171143683537725,265.6985978755315,420.49219171563595,17.73616838109026,117.40155360838229,50.98054434531396,435.9089418034094,5
0.08911411848585087,1.513928941026116,24.174228610614517,119.72106118794967,116.2857403441235,139.25096660084955,146.025894271658,0.10615606753464225,2.521680559737837,26.081634465484978,54.955381360720196,200.63353205519695,175.96411733581658,0.14037931622423666,11.404544464187147,66.43854473360999,182.44167521926045,192.57769252567027,11.848240042994547,0.2773335340446333,14.497730182542895,58.35748944650445,39.98261186025626,186.7533120111617,1.2662238320676789,8.003812697100406,61.91003030702994,174.06716947767188,207.0331462607298,0.8005443902284818,41.99286557993099,129.75673034700603,163.38604811625004,4.252646818864537,17.321167558802628,342.65555168695766,68.45353318528475,3.665589172103079,101.23870015348957,156.7110646914278,2.8221497176521133,231.08449917629028,226.35015716814374,4.70816037775056,30.998374809109126,72.30554293741844,441.9695271325066,10
0.040787614598722016,2.838127228476735,8.622608637558782,59.00053923413972,149.82780985232165,373.5089366164454,124.00775399755602,0.242115840419657,2.0359563270730465,15.300567340271428,7.112675817260641,206.662977797269,36.0337470721138,0.28361867346211744,0.26001251,31.89358608474201,93.90677726435734,162.05318728158122,18.28029660715969,0.3558227703226914,3.6344671745533077,10.977574101410402,64.48745977224529,17.82565393434635,0.3674739553552903,17.900908693056977,28.482869561965565,74.77084519342118,0.06494351,0.46249363873028343,11.817610313917806,58.61586619579507,2.2606416,3.716305222184687,54.476069381045846,314.4215078405663,298.0481963889507,1.1212389016963662,3.7575605025025016,18.581405443143577,3.158215988339904,149.04910328359105,399.9013254336792,5.375790211639817,0.75313,59.32079141331393,520.1639131685442,3
0.025574632859020965,2.9158482627934097,29.669099765145408,127.2226685143804,169.70272397489077,105.11088987015962,329.19356986061536,0.07542920644914272,3.4173415486207217,29.504404747716833,115.44411438215654,176.11304737829977,4.60701809,0.3144749406654046,6.610664302501817,42.880499982671196,67.4554226100349,172.3917127496897,131.35554011422383,0.51310903176918,5.679772023053113,84.91876143738604,117.5220632178083,238.62462697214224,3.0409603388545534,18.152198714255604,81.72897600863982,298.9352293054801,184.6908822505676,1.928678274260752,15.541041545375123,219.72733941793825,151.2703440718975,3.041138341872966,75.75878977737882,285.19319979198485,87.73277549353938,2.3927066351537527,47.18004376378683,161.21328932533595,7.8852507952340085,230.91250471960643,373.57494737909497,20.657351019566825,152.3506249923014,56.40665253520969,463.88380518924816,10
0.19701904883473476,1.109036900799688,14.219457716517276,101.17725958523107,125.27947018859598,205.5722887094651,30.784826337361544,0.05715196695785835,3.199612220499596,8.591858285087353,139.14457130212688,90.59804051481159,178.79282632032792,0.36573003079691124,3.61137256525926,46.06835427175311,146.5948559027495,77.35212234092275,146.77128814530244,0.2932166812555839,16.33137737561742,50.8309136906204,53.11110242149739,253.17434291172472,1.0512796392216486,13.375190694560892,104.80531898953281,173.66281947724977,52.93666150339605,2.0867951548255643,28.994267632331677,70.71170341290589,164.77900414578139,4.103186974645955,47.15196086675875,203.94275862638943,0.370148213947985,1.649984054785469,34.46911599646582,214.80578590146283,11.255738161113618,156.56908339589822,239.86508757643668,4.906260038529426,94.86265370948976,46.612331006249235,406.7710841533728,5
0.009184989932406785,1.8217376083923678,21.370892644964435,52.16727783413845,55.07308892569603,418.926035482532,214.28809394738974,0.038739012524235034,2.4924150475991453,13.589558601817286,109.24907233643678,151.45466569429053,26.126795337722825,0.10883046325653369,1.4408723785544912,25.972565917949996,81.38159581196764,150.54129019986055,124.31699426458795,0.3008309020367148,4.876081744689286,37.90828721835598,78.83567486696532,166.79298655904583,0.16557397865167756,7.136752112570791,56.62614687706104,237.92025437358538,31.81603302666329,0.6706958535917558,25.104487988309685,203.55018751191386,77.39656943301186,3.8844593974201143,24.028210031784752,296.1663138985206,94.5065206101542,2.741890095878454,24.594706185742382,118.89786819865876,4.5316745079194,199.88249336772685,370.12690800109755,22.604693319767787,112.08531301535679,43.0626475956304,500.97390145332486,5
0.058798681091738976,2.93182299460146,21.527249580064783,54.19116014065914,63.39434791013136,207.27227598016458,198.49708275479898,0.05768093529113563,2.9843604804080575,78.56383427125354,147.67217048239277,232.7790109076547,294.30317953303086,0.3997407696785872,6.100500736419325,65.6073580211291,155.70222899858524,191.0821240944632,73.03885881415299,0.26527564619306854,9.107270061307544,91.99047234617856,95.98539614068547,53.648601989694725,1.2083532724626826,27.90298052080473,113.98259497666739,6.97255874,63.772201948908524,0.9334678945298446,30.626387414855525,72.55102307686262,231.80503418201783,5.781988562066263,39.75181354200788,216.2214111149937,84.08008515666057,4.045725574122946,49.57225651975933,121.16372366811105,8.978353337164155,171.9301215080818,289.8661842832337,5.187628477778705,120.77321886294621,27.62866050258716,575.200776954809,1
0.08826025788270564,1.201755243707968,31.04111506097803,54.13195828584142,148.45517352997305,116.79897157397085,184.13617589295512,0.21112959626853656,6.925145556301457,30.04176193948455,38.14568686061332,97.10136507584456,198.1076807351243,0.24629875166306076,11.698727080807734,15.304151995347809,103.14477138754546,139.3962035437507,15.760811465718348,0.8145172852657653,4.754583034416882,114.32106710852358,95.56826654832628,23.0500003152736,0.9350386626054532,13.139320226757516,44.97159478357199,352.4238658606565,158.7363307069092,0.8813642686646391,21.476329190375104,114.264770653722,166.20862187878055,4.23615188689248,50.282196014554664,281.563422260416,2.2960193214513858,3.674895546227899,31.57849423674613,204.80855289482827,11.02685723313033,198.31448001262487,334.4838303675333,3.708629182108354,94.93088985114908,53.34142288540725,610.0738920688663,1
0.03169792659587619,2.8836920946195326,45.74458211191025,9.04599558211568,157.6928468004908,325.6846296848154,214.740111372137,0.06510084185633301,1.6843496363945254,6.322540011679576,50.55284251418923,93.1375354698497,4.60701809,0.14600546955682403,7.2984440877394485,9.543199384544879,73.68122934775316,120.9235422046788,531.4134961155572,0.08995930819768075,2.5703996909843254,12.46357898684738,65.19566480266039,43.22758623823846,1.04799274953833,5.21521267116367,108.79025272620123,146.9098410778613,36.1115317891147,1.2516363817629002,2.8643999933301973,69.08206650761933,90.23421915280542,1.44590649636995,21.951640659823163,308.0467152023361,205.01150421898274,3.423942943620629,30.74337847216494,73.22158097164203,5.0398919136638405,197.15818525448185,383.083662924426,5.634413877690667,33.81373094327266,49.50737339884985,604.8563423507927,6
0.08018227427449852,2.1932122446358244,31.533033869056492,33.287988036335264,177.56414947829538,77.12672897600416,225.8250943739927,0.09589507083975975,3.377779525750018,11.785354262122546,67.32527748924143,201.25463631303353,9.087539657049803,0.2348719222284754,6.69101637420535,10.95214574773547,284.84101110059044,163.877486931349,126.06791764998441,0.46924279557371856,12.347876698345187,58.789542789934714,144.97827337546792,261.93367073420904,1.7839542591464392,15.547934831328542,93.4479816837164,168.64417116699258,53.06987449225437,1.5207508136924894,52.468850202413755,61.78773714679859,103.81373000404824,4.410713046495791,19.84866316291869,253.1842531043761,139.8060163081269,3.7803824359859277,48.16512860013365,133.09949855040884,8.720479465030346,142.39291876418028,337.71461425739983,11.238453788704172,109.55837033573518,48.376005536887384,560.3766374964694,8
0.21572807577319786,2.111015701153942,10.373987702692702,111.89823635299811,177.9928366585546,404.10622401767114,334.2975573430625,0.00274533,3.604617909475121,74.36740713235432,27.670851565872923,46.03909655022412,4.60701809,0.13707405549556734,5.482275798953977,17.19970035090134,94.5140272684056,311.82357472415276,476.66940187285917,0.14381889511677023,4.187394369003468,13.650228608859077,27.219644870706095,170.02006434735756,0.5788653606684285,1.1144454647992736,147.0713486290446,193.00315904943068,92.79108586885083,1.2418665550014507,18.37162553881422,82.66269672373193,47.92053862791211,0.6336107412864994,37.07894555097803,195.80829710059305,185.85824326809166,2.741885665084451,49.432217202023274,58.56219769251676,9.059606180332148,156.04458552155342,262.13053586385723,18.172873959870515,113.89638538651359,51.626342317444085,505.38596820848613,1
0.21861684335284334,0.999503774362583,8.656305034385069,123.46061861022963,100.05975241771965,149.45776779121584,182.88740523471301,0.62925342,3.589022408676731,34.22444612298038,209.58877983124384,241.69068052461682,318.49594957,0.26030454398274794,6.30818792929381,53.551613551981376,279.0911812273798,148.57432339327926,389.95185504494003,0.1147851337848674,7.336511990153921,76.74114039424215,170.3591151547887,111.77106017283072,1.4961794921780984,32.40779706646087,224.38781647,17.249616672285384,179.88255373522878,0.03191206,39.85980141324387,69.1182374950883,86.08190088259943,7.1432893641905295,42.095978932555006,234.7844144251698,174.5153120692634,9.052138783912422,31.77199539065124,92.31599355484303,5.295140181022963,238.18342068012132,567.6259908914983,0.36292568,0.75313,48.323890644822235,502.92402088043707,9
0.09329471609709818,1.6750029338621173,16.743358508518945,164.08446809343167,110.29096555011978,55.59745816333154,177.88013904695475,0.35407935371837773,0.5302533956673238,15.532630765588209,147.68770910903135,55.73119956242107,281.69980296651295,0.1814848164266285,4.156149159898117,36.16662325260881,175.79214980933074,114.83112504031803,98.60423612879686,0.2891674008556417,9.951550626048297,84.99842812635735,167.42106420952825,90.37133293190179,1.0614788174680285,22.813783450305387,34.17055956478485,311.8075193935326,205.9281378443804,1.1916734896447523,42.816254227086795,25.704032958880788,110.1822557626379,2.0787382974181194,27.3966357455267,278.819329141347,30.17078709742087,4.805977749526816,18.010745330209176,217.742000497727,5.419153926159337,167.94547637225384,459.7503625424216,3.492377047791743,75.30829264198451,52.39705751807912,413.1201035027441,2
0.08213680595679233,3.4396456013524173,28.281697101216903,72.183386019941,178.4549243093918,410.32451480647717,126.10564408801065,0.07556889364795578,2.7098328697008114,77.83744047135221,156.58257637887752,194.1175828415022,52.474768619997676,0.33323894133586157,10.85895660815488,52.320711397039744,138.5984534220022,284.1008475594836,83.7570427423004,0.14043913572816819,1.7935331192997195,68.45519122080833,112.42525304024029,60.69300715772068,0.8336943185411896,24.252848366043118,70.76522713446597,155.8620917514035,211.43303185872657,1.4738917607529665,18.888814697664262,101.2496103670484,95.47928501137007,3.658196509917611,54.13083705269753,277.6802940640289,314.98691253509,3.571335066696435,45.380616235103595,19.998281234764207,6.463446125632662,153.73514069914023,316.20048832133546,6.666024464748041,100.09135815318747,53.71726847941861,577.9434904644668,7
0.08152515438597709,2.419038162621755,31.17669458887985,45.821240543377804,116.4729532022089,330.9199311454108,358.0763304520238,0.12493817713313149,0.07383968,5.665271815645008,44.84263945675284,55.163594205637985,68.91540322998793,0.24043118883462508,6.262432159872278,7.020945358543765,87.41697465839157,74.0723882228591,145.1084333318978,0.07645351404735125,1.3638982829555772,34.847362805127254,71.18166269653092,71.67178609476258,0.34300466786313794,14.674567975314861,48.89286093742386,145.76437775116162,59.227416760826834,0.2873226676455708,2.6474013775845577,24.864241611118388,206.3188134231838,3.9847951019822214,35.76403396190588,328.55608037605765,329.86564184698176,1.4768796640949005,18.074597381629857,38.71810113225549,9.671346859007718,215.7039913507312,556.4369226481649,5.459957595583898,9.161393759199111,72.76925984679932,456.4202353299664,5
0.05172146897743396,0.5274747554530238,31.401867163969392,104.77634248416342,116.70190976721624,77.26446780369493,42.73143373917778,0.11921352358898643,3.733591796649696,28.057889657554295,107.81471779800873,195.49856642923157,46.30832187827943,0.11458150697033859,12.838274076997708,85.00096095445484,75.75820130039216,80.80690251928877,71.35040757500369,0.1290704897570389,4.432706172553112,15.839437758658917,91.5005495004102,107.30809077979926,1.8237510198417441,17.40136369006548,24.179726408073428,109.32343464236476,225.04479782421976,1.4452963534209706,11.030362212442693,86.78442771005071,273.87932319626685,4.610036389411572,33.59752889725086,200.1233978773737,140.0410337606793,1.211264397008731,24.96984631173425,31.717649569142324,4.568356130792981,195.41585140929985,303.44735276304004,6.287452181173837,170.21810270179844,51.178787065202656,664.9988183769631,10
0.05441751060431423,2.4156364334518248,28.644597866067866,38.462463979769204,129.50282868565222,315.75560197084144,5.32698607326526,0.06427725440411781,1.334391345014459,11.025788993307046,29.825277142184152,130.00663509335357,62.68163127836853,0.3517797844315225,6.293871293881006,27.8630500659094,156.03732000699443,244.2387190653035,303.06637736989853,0.2598802130740571,12.503153510930247,46.175942678546,50.65506625094278,46.47233958959519,1.8504026233218873,17.620991065845892,92.31562072814387,134.01076419630158,74.61241091516254,2.6753943541907144,7.318769946535171,42.84622372975127,175.23886631276764,4.001171557616576,34.2304132714742,241.98226977300828,110.70262223843912,2.2083188383274965,50.73885205050325,252.94592279229533,4.378772203208209,157.01019965923075,464.80072988654376,12.13515394004611,170.42679340588967,50.76314773823979,546.397774426667,1
0.02793050083935566,0.9237232844875124,5.507044225627031,84.32066399835351,67.14675135828658,338.5583770103769,170.02044576761688,0.11768824724430128,4.474498637085773,25.96897217257776,110.28834960733167,124.97056933448847,99.51361348348331,0.0751335963447031,0.7021209674714917,66.50629295390804,158.8517220059415,135.0988630077216,136.04909323765162,0.269558230001126,5.677409247666466,36.09505589729877,74.97120263648435,156.68837525931266,0.3922467141851308,11.542433382664532,30.479489359987006,261.0053436960502,70.14156234675389,1.3405671570217716,28.116339068814177,32.91689299481331,91.66279423641268,6.671466758960117,29.544519331173284,129.45070977413485,23.476130350916563,3.6302072639497394,46.965487213967656,115.32622666076634,10.559886171237707,198.36450091669397,333.9679943804489,10.557268888512507,86.4399981780488,52.884992302117524,542.4055183657796,2
0.0884226597712473,2.4451291386696985,20.833685215936875,45.10059423059764,82.2174665882338,132.35998732667176,220.81476843067648,0.03433996438619334,1.486729313854592,11.397515325007356,133.05173037231123,99.36614769167254,22.857737647369973,0.442690043108044,11.750214280208906,24.68768571544991,42.36499126280994,172.65305327109704,152.95270427701712,0.3065546290395628,4.009941213092789,51.040462178178,36.54901240218454,88.05659530075943,0.746193854383964,25.835029155430774,105.26289544553055,349.9129809167046,51.50221463138725,1.2599415237317044,21.2640200142513,35.17917396389116,76.87073742218969,1.3556573885564944,55.243560333826295,240.8265115171117,114.25538841789725,2.6168384069946518,17.456164065994557,47.37170328527201,12.262725566881326,192.03445617755767,426.56101196538447,4.343492286403383,100.10238633335567,43.969000617694846,473.2799631280857,9
0.00109432,2.9278617163338,20.448238888959057,77.88817397971587,126.82231782248098,332.78476501750254,20.104723342227647,0.12365518009321708,4.494696838229462,39.589633977812454,17.433558292935686,140.3270121202928,315.560015203616,0.08252277793682802,7.821306035430021,67.40766670639243,171.26223387514844,54.8486602768953,150.45105904123182,0.18450288681175983,13.723828228154263,17.642269523946393,8.707113473058733,165.9528529339797,1.0651256493749761,11.866387934082676,147.0467118642797,140.35558862993815,209.3289329788745,1.2113721724495063,18.079263833416512,70.65175227106775,216.47130411537896,4.524991205627298,38.35773915905902,276.2880054034577,109.25940921739014,6.258019677805144,99.16196847081741,31.641057371744864,8.462702256099025,231.20989214471055,376.88519064278927,13.842199443384079,188.77090459482076,54.161608104630055,437.9234838806638,4
0.03207033784701109,2.1121687562393943,22.392964484227324,40.12599478421488,108.81024430401814,513.3207907970994,203.50455614318648,0.11257728724629709,5.688432559654276,28.52783133318936,38.47233520299435,27.341375451028274,69.8909619830788,0.25630757074186206,6.096987855426045,47.043129566702994,54.08958126569365,223.73641140442618,500.6651788257105,0.4993304376156184,10.456143557483953,33.216104290458155,116.53674210788822,72.86843532366817,2.014804719324464,13.563781341223976,32.69453088768021,272.63134071197345,237.17381643448573,1.3081841764253956,9.860802226259219,48.07339698104809,122.93403457250776,6.68699704395916,46.20782460457815,226.96600533752334,10.138106827357909,2.238010784509594,60.16306309239938,71.63885773312435,10.830557389820486,226.09917593182448,277.0002026198217,8.316483097246515,40.96991842999708,70.06279214915506,555.2202537120353,3
0.0413379248119904,0.9722503080955558,19.266976842462572,171.7363168962944,143.33576922319673,414.8552006160764,85.02206528062237,0.05341902174392839,1.5767348739735731,17.794841300448333,90.77270385615614,171.05702383363553,140.61467893592402,0.08973186931153067,4.096355107033856,58.03874394285461,180.7279420799894,101.75081531856222,82.20579001258331,0.1292053277541562,5.21687655126312,58.5603573046745,17.804169465124108,60.664204245059096,1.5382678675164239,13.636189006082915,153.09129817842512,192.3689103743146,54.555197637492384,0.608244272649294,14.256975068522443,52.166664673001044,86.55527352879017,0.9585485465794983,18.645181182233287,317.4501934436227,317.5496877180837,1.7504857352483625,32.673247252656175,161.86627908401576,12.860230253318647,137.8895804434344,437.45356451773534,3.4156870679686193,125.8947743349865,38.68380412412982,431.3511233733822,10
0.00109432,1.4813068168722485,2.5905575272489436,57.679587222537876,182.1790922705786,204.3411294806408,25.93806593674937,0.06715139966073691,1.551988390379148,29.622578356024107,117.46417619372775,149.57679496562076,318.49594957,0.059906324446657666,0.5037359083765578,24.70607894350375,174.17042926746143,90.09801747480893,116.4540889900014,0.15596462284847584,5.442581752806525,43.99005570516134,54.990183857807764,38.01208247432831,1.0074514346725996,5.54939379743322,84.35454878420732,204.5376810826617,224.6004786556598,0.03191206,41.02820140465821,76.36649741869766,212.0678610511238,2.5081358053781173,35.41566576395702,299.3171657313223,251.52585329471228,6.517993418567732,14.86406672379363,137.26196826086144,7.621044649019136,179.82576700744386,466.5770837091943,12.29090556628962,87.66363048354977,38.00800798017153,545.6447961713062,1
0.0182986805089344,0.6067806180950095,0.70062194,81.10432068653023,124.19415594185413,335.96704986957934,83.68011767000743,0.09876977942366033,1.211052210179457,4.776905913834398,111.13554914327142,126.16801088925868,318.49594957,0.15510659430651386,5.950239002740298,20.525504827186804,48.81496246553857,186.85810060775322,136.31888739788945,0.33011717821219544,13.050566874790118,23.057118935013712,104.53592831119799,12.857070017140394,0.9511425230776333,25.05891460581219,48.25934166796153,140.7739080693601,52.18327555439207,0.09140199608118815,21.399566801168188,73.72407382689732,267.0677090718931,2.353083670661319,46.18271896150697,221.52856898565045,104.48261936051,2.7738959143243207,27.63573900976718,164.20520548622753,9.863201631614336,159.9222450865605,492.64556304036427,7.034744284470681,81.09958406928953,44.29844311054292,554.7757582340477,1
0.07001792858465931,2.309993518361158,36.43288594334507,109.52694588739386,192.13289432456807,221.57825855913524,180.79742925595988,0.08310065692167076,0.07383968,8.443946742743378,106.82109387456366,174.05453676016216,4.60701809,0.3137067263828967,9.341142005532394,30.476752085017274,85.80840810072473,133.88403857694314,107.04756191515544,0.06751449527548713,2.945195766979156,21.764807392825862,113.44659848373566,112.47375691643389,1.6366370661191325,18.5532752170957,106.1855904251,137.1548054485272,74.5286506638495,0.6897546883249791,19.74586668756806,32.412810257395506,45.70292891684542,3.769630185784802,34.33756591988505,94.94781133,206.93872402034788,3.5219521864155534,56.67396572663751,72.53329264503593,8.823365350002998,152.09436764486253,356.54171971678113,4.501636540083913,31.689962369840647,50.77350900003518,580.3065548460555,4
0.00109432,0.8927235510856378,14.22343655239501,55.23705581864928,44.064132371773596,357.75489590065354,59.56490318064733,0.022185081421575492,1.7526988833467694,13.308877490315885,107.2514321650178,103.03125980287595,6.248425893422215,0.1150229548948733,3.4807879764189043,28.97135951578688,135.18821744493368,320.58465136337526,32.52797644899788,0.3749733247794391,4.713999205661952,45.1187969116166,71.654751733708,5.7025015,1.0457448777487495,12.33899883125218,93.21153251409801,136.92739853083586,117.71497161884999,0.6322787616138434,31.769381147183935,46.82524777582315,69.68775988529868,1.9493494651149184,11.86552875154048,253.94671205512148,221.1777202595719,1.9972874460610295,123.41592870305493,68.79155868110469,6.2616625677437385,205.68909307202406,471.0110019934759,3.758123154390063,15.627441245749832,55.65923558787757,469.08975989873545,7
0.05254392824168043,0.9482457447821963,13.75250384216967,51.342308507728546,166.11534534244373,109.61130850297329,178.73289475358052,0.08364378862867736,2.295223583697785,30.85484048138858,186.987588848428,163.34189504258188,94.98918580807852,0.2375150236828608,8.569945375640676,40.06717183580212,34.46944173324813,281.93204327432653,64.42893629468767,0.44294079328670355,22.05891566270821,109.97012387711627,113.82754285008906,209.6554624751179,1.5243438856332878,18.98126488094563,30.3215162389766,196.1129284597838,34.10963064615837,2.6068806817954826,25.510803557158283,118.97324899452109,136.61163622730635,2.1920123819395503,30.614847347294653,183.56135452533897,319.96249151408347,5.6166702862796,15.471339588677033,39.49409280104586,2.2643393681181774,166.89469544760198,293.7241838429941,3.9291425906591466,76.85975803111205,49.61292179589133,585.0839001338261,2
0.07542363797049337,2.922319243259855,35.21426049176912,86.94883358050657,178.38027638031818,11.300452774516486,228.2414077019264,0.10957735110296135,1.8516927954710987,23.13424647102669,17.2840914847032,183.35947912604735,119.98174937999465,0.3871866212473739,4.034674900998082,35.91895228265373,162.5681016349805,205.4783174511216,237.98386022277964,0.14000502671618667,5.7931044887878995,28.172865615192606,124.49706934455472,57.46484610792791,1.0792281288153893,32.400346889863755,112.21956063240084,102.78490842200611,29.3673407954536,1.0554527936363844,11.0467857364627,79.23089607892206,223.19681605932794,2.875548923940477,86.62420672890855,335.4838172066087,76.8323550815415,1.46650900980787,24.133704071336236,129.69028375980076,9.288647038474265,162.09235495041213,382.2935958850256,3.929897200037645,85.46921713331469,43.51190900923821,492.71165161399733,10
0.214519002831972,3.3020374898981277,36.088776010407194,27.584575336914597,117.20771079347344,388.51430833872047,202.49604833975903,0.058722472072758276,0.8504659799807036,8.435359021651543,72.96255497268095,66.90834165672538,101.12050725950778,0.07074911971915294,6.28606268785879,81.28942334345872,98.6410504219856,179.09048197595533,59.129253396769435,0.09211296139999389,2.590118986830406,95.4866615107493,91.23061958080805,196.39579306562032,1.1985427750360036,17.30859785918912,83.83023706414428,282.17656601005024,5.0014170562167415,0.5170636962040379,11.112288401825522,4.533264463429894,185.1100290865582,1.3344154233961252,56.83002121892974,425.4015562721352,145.58999473863713,2.3430527311933864,25.206987242421377,90.24005555177314,12.727238405333548,171.10495460398977,327.16179794362995,10.83695547645291,150.70945825993527,67.97657572472887,489.42794593229877,5
0.05910131876589353,2.7083842018278506,34.32303938634056,111.00903228939661,184.7504540580605,317.4424079638135,30.139369272026713,0.15972491505937958,3.4155329711192435,34.19105434219749,81.15520988806959,195.9705533703432,178.72130312783196,0.22908387415508913,8.30262386793595,23.899746397300795,99.31208503882058,290.46004697649727,113.88724445597796,0.49611995267483416,5.035150550253327,51.90293886187886,99.95326878744164,100.67631521591682,0.9259192065061105,14.325879455397883,45.12234159734942,153.33678192137506,160.23931363465982,0.16695770753746447,47.876097464302326,104.59498656028804,144.16280653013644,2.3632028177118847,48.19498557740319,276.4256828995326,365.5215510784752,3.0139492870319566,47.553464689004215,62.4159144294252,5.143611229263484,234.6007763323963,419.45481187702967,3.1644644811104485,44.75743542590158,48.24704669730305,438.0373670994769,10
0.026815197753789127,2.002060103756097,11.446816633483643,39.26623700694348,139.8053259600859,250.9372268470445,117.98779643793095,0.05231853313951334,4.243725079102665,10.534327750187916,67.4564609499519,112.91025383787408,15.300224915169707,0.13979507058979312,3.130656734328743,42.20233896179936,169.28923865983404,155.0562689012202,157.48772650117047,0.13925657728431834,1.8148172383977568,56.83438786116723,165.30223901921795,153.82509233925725,0.5518703010622877,5.207398015125541,177.0750989587498,137.44804911991486,108.64842061560199,0.768293897614952,43.6885472776228,60.922913570501265,76.025375506573,1.5883622971913272,50.781911940003816,94.94781133,172.96696601932135,3.432412315812359,30.089863193603275,210.63650229880147,10.938293784015226,185.68627527632222,456.29769341039287,7.199224450518528,61.3707404783746,46.128113667783445,558.7204933587846,7
0.0304780859329178,2.1719160977229794,5.847340349476845,25.982487645848416,196.0395575247551,62.395987672437904,60.91339178487973,0.4291718666198297,5.5114136356241845,14.100830018060694,51.32442644384854,190.70645577998238,212.69037747418105,0.17296101725035723,10.098084731027923,68.58257390794768,151.50510863857056,95.92684666166957,3.849846877526584,0.2578170513566915,4.132813503139423,64.48033275278358,167.20275091185258,54.062867651889306,0.5074537381080497,29.88788045260501,90.50189720699633,162.90800486924834,123.65334303276987,1.156553143098917,20.317348559914116,118.09437804053742,75.90435493985987,3.6840203237342632,28.47106883077527,344.0857396114925,174.58411948564367,2.8865011069572137,49.83119734690917,78.75711956202406,20.681371606664356,179.8917055575407,502.47348407039294,11.442969746470512,154.69783025409527,50.89277111905089,493.90512509680804,9
0.046952915834351565,0.9107302855392035,21.911297831550556,71.71723079065711,77.45297647014073,344.46948336564054,56.45790547632113,0.16108303978507005,4.595852455168745,5.568174361186203,173.45020871342166,66.23080152015933,318.49594957,0.05632502720895182,6.908020398073445,23.10948993327336,149.92129632080747,120.0865095940489,83.12717587382807,0.3496974671679163,10.209749301498144,77.44579731612411,49.28866311883452,253.59087063040917,0.5995544279896348,20.268281170238666,143.45847679062123,263.37507642759147,293.96922859537773,2.40520538318582,38.69351125467794,88.55478045283888,181.4550489195909,1.4058446037652488,22.334449224352237,303.5046974669528,30.86804348009865,2.456488978374699,42.13847293805883,127.88050727621024,7.543502177673245,200.40819540199752,421.3653102041252,9.39987318689271,116.47478329007745,62.839628321457404,602.3378324773656,4
0.03430018333102281,3.040686637826408,9.83019203101695,114.09477161713124,154.1821810546437,311.21280679459716,170.78338506921122,0.20690107861806945,2.955053991232563,22.222784256452687,131.93838900328174,218.19210765117847,82.92350799064255,0.11276377666283997,11.858080780809317,22.065329738223532,39.46380237213122,87.59581863361596,17.695992804003257,0.36671280145407836,8.420602596973257,25.090373421263862,207.61441284961109,168.7034635417553,1.3504045386500831,8.089681133808476,102.41944854147728,85.30414390114875,240.41339195423302,1.3462833301031356,16.379072489253918,96.45609102335388,155.746342952717,2.467518746958219,31.404292908645818,164.86147106143176,382.7146489032073,3.015742514331131,41.72688553178023,68.40462604168377,5.170008097228923,153.3391764078244,429.9982442779681,5.903481235647609,112.46919418473081,44.18551938833162,551.8988115712402,7
0.06437978060784091,0.4042467178019781,1.815451202962886,98.15980585506412,81.767670027597,266.395866344166,56.54221552903449,0.07116599610592249,1.7842213186245044,13.268414453120212,116.09609297936406,90.29688690197634,318.49594957,0.0435047283387138,7.456520955042419,43.11683176387277,59.22003232072306,195.09036562646662,26.36290960673449,0.4811079074346096,10.615564378120903,44.02206964290394,24.53733198570327,173.11751863807197,1.0513416936634619,6.242395574191686,48.286623223363364,117.72945746989109,219.1647536954592,1.2284883565904072,35.932465671347416,50.07282205609614,181.8221494184079,1.826518927745383,36.33888026258942,189.8485503563139,127.93897810636176,5.309044282592491,80.27140329742171,219.91252668450502,11.804051595260374,175.74132921789177,494.4401411444982,6.93153702442076,162.93761835723922,53.18582132613393,560.64385066066,2
0.04835904557005766,2.0974736600800554,21.470348442192748,28.490753553054695,181.73912454120443,129.77732942914133,87.2518079990228,0.049549709914915585,0.9008496917675319,20.36696993021205,181.3206949142779,184.24953079293581,107.58881565593822,0.232466532033194,7.556326919552626,22.592895852087437,153.80664812543455,150.7183733452405,72.07570608958045,0.15790877754215388,12.207970806399844,109.31540072551752,29.612882933930827,256.22175902677293,1.7047547453537522,7.675823077864606,93.27588079132836,242.49867871043287,141.53585922038712,0.8237622304456929,17.385361029095993,41.264869180317625,114.40478573336591,1.8923617806718847,18.522542761571916,284.49191058781634,183.06551725522303,2.4082832935601544,51.79486702304566,140.65120505396894,8.680516408046547,209.19417292694823,317.93549133650214,8.687200949533947,29.05519463626391,57.37549127997446,573.8663005874582,7
0.0977670319366985,1.6670065449780491,27.520505500254394,47.92726216507282,122.53035529902063,354.0122141219493,100.61855866039514,0.04347150911149848,1.2618753381901677,14.413159370096093,113.67334149456578,37.69727522624539,60.73841032441024,0.314108554244375,9.464277009441208,40.05497615197484,58.4061992913768,174.15530766848406,452.7567964519891,0.32168978630779793,5.971563928758986,18.883616392989147,39.013208519510854,110.59017535656156,0.38024378781776946,20.601989305228777,91.93104240865368,228.6758668452142,136.73697664237375,1.2722969060964264,28.4747729426818,141.62296193433787,98.10091337181136,0.741522650161761,37.33746318432693,313.9696327149989,169.6946762760531,1.883161846161938,42.716050754649125,13.222706619760572,11.593845209369924,209.71995839019974,354.6874272899237,5.769280524813629,16.978433209487605,63.8386732892177,426.80910658681233,2
0.00109432,2.4619510830927456,13.453809489685973,85.83051211793713,117.38753133956196,303.1845759245321,46.063685084572896,0.17722593887205226,1.3585419665016223,5.390252725475532,36.66245433114673,121.41866089204011,126.95080018626943,0.1482372733266482,3.528498319773234,43.360640399679426,225.76924483338706,226.2502768888334,433.3026343706258,0.08247194374798841,2.448319562542414,17.309907283576347,11.522056145896904,140.24570984280558,1.086879718729505,32.07268447035797,85.59627483582491,113.4233753037951,280.66371944006784,0.03191206,4.257243406345866,36.55258431944645,139.3157449862038,4.301919458486677,23.41606861900399,271.86827590700864,259.1168431740605,2.278342358532777,58.00810235671443,27.30783362897003,8.594768869037182,210.61093666581033,369.5090004333305,2.5780509114620216,38.96664872752184,52.5191789387041,516.7719134054554,1
0.12860043014015293,3.029318610799198,53.74974281537409,179.40052302399022,154.96880616514767,77.35784183535043,202.7985307896691,0.06856675843265946,1.3856721111133208,3.2835424043398804,53.60972153377506,203.95936696876373,117.88242317251209,0.2125603199877997,15.864183086329133,62.87445094315124,233.8273851832896,88.83948207731963,31.768843966950378,0.4090193350983595,9.361259181620452,3.4432904622421354,66.4025161717167,191.9739850137638,3.30780437,44.30041378395333,45.89936547433559,147.10844213377698,54.344942450695314,0.6679567159660259,27.862496445594132,199.59271844701988,14.748604681858907,2.1039275901971717,32.395132946601734,279.12997769142845,39.41075933774561,0.44780676034794564,124.05139323389994,55.53053279228838,6.242566525830529,198.4955672170188,329.19814925683136,17.707658902104086,114.29827852606073,58.75528337581254,508.6405182371987,4
0.08230279914772165,1.299675382606486,22.302463751705346,107.52805482522233,202.98952509841746,130.8044437773518,151.9399622785636,0.06420886888154154,1.363831382071936,13.295456727513693,104.69218424309513,43.62544034813885,157.00978312934947,0.27438078184915377,2.26144456728276,42.17698437931443,99.41215322241291,63.33763056364931,24.510384277376968,0.3280995721620268,12.494461995389852,48.346949941022515,154.81561590228483,111.14565118879008,0.36253791903167076,15.85653352016246,106.30320745423944,194.01257742636753,110.59115875600125,3.318167868266584,17.164335581236408,72.36900907572462,141.4854031920401,3.8238191112140116,48.0342677882337,213.95855084423846,237.7403103186553,0.07326991,117.29800666701485,52.96866231184491,9.635713220398047,128.21436913438959,568.2318766238899,21.88829466477159,114.70467887838785,37.32399595895888,431.8381921636543,7
0.009935380824129123,0.6984362661817288,12.983869895621467,23.024779656416545,98.53346032762278,304.20177131396827,185.84015534459365,0.03697169896593988,2.6981174312490777,43.39960885078858,63.625454448850995,230.99811113623795,4.60701809,0.1103660527106862,5.588522573612958,20.696102655606172,44.575141740115356,183.79810281421672,175.53999804890364,0.053683671557397394,9.794887470280207,33.8796965467891,124.04123707208677,57.29796297327956,1.918406672911693,10.47469206042466,12.904893730061787,82.20013369034963,93.36279012432203,0.5762262450665802,4.926589230844085,52.18880828316648,53.126550550913294,1.312695373453997,59.14681319276485,243.2123169225631,67.65753714052325,3.245058067605143,21.888814480598107,116.715300185766,8.042992015756653,204.52792613076662,577.8173882120585,3.96994954450631,41.414294780525566,44.626649333561765,553.0086159547327,9
0.10133796538063378,2.784561324011112,17.62681794430636,54.58277526122049,80.60607725205912,270.2864900062614,182.62445880231337,0.18353814741698787,0.07383968,8.34242126185044,49.75356000508401,114.34609809048857,318.49594957,0.43400186137133323,5.588996393822215,34.246212291133695,40.31362122846524,182.76622214194794,142.09041581524514,0.13327368282049265,2.578038660190043,11.49971043515369,67.63035194047274,82.07624534991673,0.4375656684208435,9.97211799616874,70.79589511177412,124.63431792602492,90.36793001475576,0.6624018251316595,14.632742419686373,62.059615635451586,85.18728440876967,2.458524568245213,10.460551706649575,246.73473553626428,45.530854977550604,2.756049428440968,22.0387331421367,60.59294235660814,6.983212661516569,197.95151436155518,518.3997623942354,6.705445136258481,183.9814297764365,40.001213908015,700.7819199395375,9
0.024115966388273326,1.084407839078376,33.36639188510181,25.333167193420202,99.13868150738652,288.7471523986607,22.40950814403664,0.08647727318073581,7.411088800282679,15.60977719913918,51.33961689505672,184.46957261459517,30.654254087903453,0.43936278234736115,10.061769595374908,36.89366389246773,67.86394959397613,127.58722071665483,40.33465641975479,0.5649414511914397,2.4606426171564553,44.40038324523281,97.75904179677177,162.22593734096748,0.5210381831446813,9.788268894207768,48.47352146694786,154.29944576331013,36.80623348127655,0.29389969521538245,15.2052875410231,69.42173665493215,93.51267566607466,2.319218012467404,18.248554919118067,263.526249976134,3.759989619128163,1.6651047868295437,111.79939288899165,129.15158127790227,6.0030285941883905,174.71130084896618,413.95957187766146,5.680271690480753,5.096286203099627,45.55283017263656,474.51433959021614,9
0.05713046228977191,6.287764435360314,32.86908076475464,35.36628701678838,122.85999478235848,132.20621208218589,31.843169014298418,0.05948680888239272,6.564375980914711,46.72887840036481,27.072785661072615,131.67318302682827,185.68932708086697,0.20306798215948474,16.186522917537413,40.200029568805405,128.8785509851237,151.72220792980406,47.53214654781272,0.2931363182499161,7.646244187892074,56.88253098720442,111.95219109259561,72.9572361680455,1.694203288817607,19.08931818962722,29.649278695796752,104.2930111421215,127.8334879104878,0.03191206,38.64962078962766,65.7900557547386,222.04085772755883,4.344506160370262,24.87401169053095,178.84923174475858,277.92519618881124,4.518391115509957,65.65136366941825,214.85153363987075,12.863736206413673,164.81684076657436,461.644665628124,12.010873991451026,41.17938646409337,52.812674687929096,415.99538811378864,7
0.09739758219893375,4.1269497962245945,23.860530758266002,99.50520814498196,213.77491453876678,431.6097185879523,96.60216483299065,0.03185966031325925,1.8103677610418512,28.2408967102292,39.25242824886144,49.59272073036642,179.64063758780537,0.1450513944195784,5.7461290102721145,22.40264203021064,75.54453219203822,245.02378996634383,64.74346463480498,0.3975342192171366,11.882340471396923,10.810611024930758,60.044436912185695,115.01904000792113,3.30780437,4.91751513173824,108.70972120976589,200.36385916720116,133.63703153223497,0.6548412696082466,21.236810168934458,177.31797571759648,198.74466650212108,2.749958990545975,20.50374887394709,279.52130153286674,84.05975144716123,2.268153469650623,21.87776397674138,55.786415653108676,8.410972658406802,236.2944817414369,592.5628530533616,10.963159663767389,73.61792141914859,55.369454481210994,459.3631146851778,3
0.035868768092527176,1.5744233342793046,25.110066437189783,124.29701637289077,136.53525495335037,197.61972383948384,146.88568671777642,0.23428580837111512,0.9458462063772312,16.956647893077946,144.44717316976073,94.49758978930222,256.6770626289425,0.1033717520458836,10.512727065318265,64.71057299010211,7.0198410140180485,143.80493668935583,249.06574845690398,0.29866066528836477,10.666829928073167,54.52466142866836,141.9516437384799,91.00122354554799,1.2406631358615217,26.800277381256084,41.663349149281835,78.47687139171101,449.67371064313204,1.2948279491588284,18.498308972672085,26.552500544535327,218.76807819376629,5.541717804938777,22.6517313144148,360.83536897888877,169.6249216437799,3.611904162666688,10.331042811631141,133.01303274549892,16.51953602385621,189.56609436735013,294.17152606429227,5.376234304105585,33.43729138068884,30.375251270017664,576.3520969619218,7
0.027357366019338795,1.1687187553861935,17.525832365388958,23.385269523284364,120.58753118848682,430.04486968203963,233.37357484684782,0.025318323222648403,0.07383968,10.521651558304965,11.12751246892839,24.863004429972786,223.0425626779866,0.3631121536945341,7.4986574905487675,16.40040859312965,237.84527532997416,203.97431006449324,477.8638695818027,0.29819914449048374,1.12415962657831,19.379598941887547,104.31402306518952,22.94675151737974,0.2442949808813344,6.6189975784386785,100.07062289911121,82.18210519974082,143.6791860056843,0.5122454314740218,9.612951621862793,67.9272631264926,2.738731009539883,0.5397941742026022,12.93214644788504,231.34416255292672,145.99743244613379,1.196209976198519,36.85872934202532,132.7568360310729,7.449366113835392,227.53365323722363,523.3456987688434,9.497861131213044,30.061872620988336,49.10332443432236,472.82213551656787,9
0.012315007798542447,1.135546164184716,17.677186871069743,12.716763621014898,136.26229216058744,227.7878016375716,236.37092454511532,0.07312734113029214,1.8925752056022687,32.206110900635416,35.01219836026341,96.04568708776546,110.0276195519622,0.3326687414720986,5.586260969761436,19.431620778208647,59.87640334038676,323.2927233947446,19.66816093317284,0.13481701120218686,19.03299151114338,33.3065032138936,82.3892260007207,73.02124764549919,0.40116272982162515,6.935809162651391,104.72803880706911,266.30506999973346,140.1109723654382,0.7494738853132226,11.52885536652624,18.755105970278596,106.24304488693332,3.2493052082533733,78.45680144677092,187.75888830472945,95.28661360604656,3.895725663872851,2.6293752115561198,21.72205920059702,13.511010260371378,209.1795488596331,426.08274473016365,2.2549750837541955,55.23703170565659,63.19007781563777,491.7576511308921,3
0.03714926606633456,1.2062102571652855,11.271422193086003,60.43366366378952,107.17028876383341,68.0529959602246,59.44134585752508,0.02261570208946112,0.48630493879047876,33.09803944900098,41.518372319446534,138.93653961148576,290.1440083991432,0.23228780619579897,11.677913125439296,28.127164501759182,60.64859040096624,127.56203556036849,109.55728817842066,0.32921138667686267,5.181683135574604,28.14135978303942,82.08453160788386,29.394440436189146,0.5188372734287772,5.229564227566124,105.78551280878267,154.11216994693916,218.11365619941262,2.1653859514933695,12.423210915628399,36.2421000964932,158.2622514345708,2.0662579346724925,40.07407533917849,327.5825561731234,147.02431299098126,2.9394745306730288,7.890414921565068,48.83906181470711,6.879013014021926,240.51777784222259,453.3301931478812,6.262299431316599,140.74890030426053,53.39726771560865,593.1458122453233,1
0.015840483140069275,0.3651464535378063,7.985589261865263,111.46990005285497,130.83267343302202,283.1094963789482,63.29423116375756,0.012216288793879274,1.1234079638209804,40.62321368896036,76.65182658422839,163.683617507946,318.49594957,0.00570986,3.608068861682387,42.16622776656484,110.81876375416552,71.03266423442865,123.44143662854579,0.3748269734966923,1.9147812733744332,25.180482193253205,155.10345399915425,92.13351480676889,0.2472429944013771,9.548021325212197,69.71973683879719,123.64308574503686,212.8773146440305,0.6361676221481936,14.526604786258451,75.66805068651674,121.14308594164162,2.240276414898285,5.000293500758254,300.82783170805214,30.198080565070683,4.647478367318972,43.0069060079363,146.28981206788976,14.713461517717054,165.5407947759395,401.394622744788,37.40693179,96.84790209286552,46.68693252899587,652.5825805966203,7
0.03997903413704827,1.436715720154742,6.127686343316208,32.70443071781876,55.42982835040472,110.64721638123123,20.217996963391798,0.15089740585526087,1.8513122764148258,10.317887269342995,72.30284010133163,73.77830473879787,4.60701809,0.2350303081181511,1.2981104523518179,25.334084681616538,113.99165212011933,309.7883250414394,391.2794927096479,0.102589314559327,4.778370019714307,23.4416451481582,127.89184239627889,111.7357998792278,0.3313548277546874,0.4382199,49.8550588155222,245.2306470197958,77.26895521958784,1.4968929446925676,9.799221097261096,50.73092059672933,31.60907014113843,0.03186483,52.5346628915358,192.91417150546908,341.7446652035248,3.8039681038322875,43.79154717337396,32.54992717669302,9.046982121965176,149.80856962321656,597.6288380042823,8.648442369514513,37.97741566949706,51.210936923358986,621.2186832438418,10
0.07880752588728207,2.997432333529445,55.675413780662,73.3433084758866,30.629310582848802,317.19106235858584,139.16686168932995,0.19941910764382556,2.2365562601471445,12.095485921817701,65.48758127478135,73.6799760703466,109.84206940077868,0.09015677684192086,5.455007996864985,78.40069769624625,139.65431438235427,162.97102885274614,48.731157401475016,0.20483160233118686,5.503838565984133,125.13559714476405,16.773385646498923,104.93504239876455,0.4715782734040949,11.279038239762633,92.68626136329075,256.4248364745319,163.17789613354827,0.2743434696937127,13.180653221655344,79.79766735915854,160.59149576758352,5.343702116132165,24.87751613873121,343.4215262288418,244.20475891853016,4.689616270008646,21.692822168120827,63.550071659417696,5.638708364195897,223.96512746927624,283.5900015840632,5.79891388607412,1.550399733461635,84.30795681360944,458.8750325439919,3
0.0389700715172478,1.4296966876974433,7.2749523965183,17.348248553243337,136.90801007281976,281.65547743860014,246.81903314035773,0.06135372357890758,1.8207813233190782,16.034859143695417,94.42809210721316,141.87995491953177,99.38937940202435,0.2209749746213997,3.136718288013047,26.81681905073273,82.0741199741008,106.23512731423524,76.9864130201044,0.20293096871262245,6.775217002439916,48.76538297192384,122.86138342154139,126.78619826698545,0.38472965096785466,4.457106394325,97.45735758919535,197.47224123225766,104.94524066914235,1.934850293664284,12.061538161961074,61.52158305458252,122.75802608974435,1.7180826346419114,76.23963025125963,173.57037547307482,72.04689411160942,3.4029625248586686,20.16156387265916,27.574245673596472,8.322331994204031,212.65930548326997,442.0553702982732,5.737384132201116,0.75313,32.35869237385207,539.4757519697206,2
0.03386910333694668,5.910790831283932,35.69067985204038,116.84419645481961,106.32841885550401,330.03285370473145,112.33823668306073,0.16540311943897398,3.7656812913961493,7.47217714103997,38.03364387260169,27.024266067330498,41.680918736047495,0.4064986823187615,10.848943389550916,50.90124309463361,81.74349927917214,253.37605969167413,82.06043276545911,0.2977861499683693,0.14446286083175508,52.9030147630981,80.47105428149446,118.09071009404501,1.2741088879058344,20.576267173939975,54.35359351856169,303.9000132279294,53.33932269893084,0.2652123666396533,11.638544955977281,54.369236369675946,120.19563736162851,3.682860267487363,15.638289490708981,318.89061320205496,240.64935951384092,1.3841773170744582,12.098339298155423,34.882915378847784,5.233753688540349,198.95107410230116,449.49181052930396,13.37391108156553,48.35346936885143,44.63125808978718,583.6174018845306,3
0.03991101353458903,1.6610316054977512,23.158732664317938,49.2425252698843,65.28715818023414,138.64706236815167,107.9492297029089,0.2496931276546226,2.2745361714755883,24.63030097334731,152.43054226047522,149.78650219954767,102.11685247434707,0.29463278266927434,4.9297634803702435,43.28363192955749,2.26039986,215.65003975409346,64.56704828472472,0.20873176021636797,10.486632640360288,51.57390901752196,59.25841124557166,58.35377286581103,0.4050691425588725,13.591524458142462,78.09035063259418,225.5432884546359,62.46466854338716,1.4964315146807587,44.50307237982743,76.35260155985189,212.7775391190134,1.9107675008951,56.9256679413249,285.76527407557063,127.73988834126995,4.999455329926892,71.42107193254404,102.03490011834288,4.918226060643979,201.87719678203524,428.05208941232394,21.2110633963767,152.03977290864924,44.995799950703685,514.7953888376232,3
0.048131942058885664,0.9026648888285627,20.71822209951137,101.54595078610353,135.30531792373762,115.49062348360157,192.50253823796436,0.04123301651093913,1.4604715090893108,15.384994647406995,60.93486586719085,226.0362883758253,246.25171936485464,0.029700978261717664,5.132525840010703,41.79385218260481,205.03706823963952,76.80986712021834,150.9981417363535,0.536809599285858,18.35528319532034,86.85444047026569,132.73628893616944,150.47172496857794,0.6070296807343876,23.552114378932515,106.48284913907939,184.58165084647374,28.590032701563448,2.735804756358128,28.88469102776228,158.5980075883087,127.48577386192721,3.107995148320905,67.340881494072,345.58738042518956,351.83378270596666,3.274254717488219,10.530752586389223,53.65663447062372,6.306110812571667,178.17410385838878,373.841470541492,6.222589191859756,131.32591171500925,51.31253743819584,534.1129780105741,10
0.2062370633980908,1.0773451466483701,14.197507273000362,93.77889126620289,151.72642160974894,278.5635710885766,283.76031506814513,0.00274533,5.164465514746173,30.737976795871482,137.6816539948055,184.45044736688715,75.52814941898768,0.2516773824195844,0.9355209893421796,35.131486333354644,39.20778241142588,161.20573420227424,236.31129690142973,0.19910498701881146,4.336502915878684,67.90189935005961,111.78736687203435,16.481143238355628,0.9552424611025232,9.679291798517546,86.0048783277121,191.82149777616232,130.43008407370803,0.7677287356002649,5.819994089376545,38.11947931079266,48.871642786453705,1.8502455471143167,34.553810247459616,230.81765196106792,208.05377189148783,2.4091114588302873,17.87054015166107,73.48844210363129,3.1489701346683754,155.62508586817418,563.7296475919038,10.170448175872659,99.59389353366359,39.796145855360436,501.104551638472,10
0.011200543265708102,1.3530653012733516,28.99604829522388,139.70328422632016,99.61245204221375,322.42083105428634,125.55164913752017,0.09149983618325774,4.33321923553131,4.2741857785650375,16.26862392713865,50.034296324775646,128.71985560756107,0.09767187317490432,6.334504009159264,9.563120538373623,56.317460921532266,104.98893053708386,280.4428684772662,0.18869880053197308,4.676287363282676,64.88738688208879,187.36699578143708,167.98389871703762,1.0635643543480608,21.937766079281353,74.52256812743633,138.74559128942303,73.66364352307673,1.0451859889438389,7.266285273728393,98.43146350117357,142.52982139651107,1.419984754223778,14.130448332192948,135.67973047809565,112.95770811140972,1.5427625809630947,3.3038940257722,209.48586440917626,2.8758724656276122,162.72696957948634,372.90019798030727,7.003974645424884,12.515409406899668,51.83079633267704,576.2566020909451,1
0.1959906388200631,3.8870785499429843,28.804275139364552,17.103995225539336,58.11665621182811,380.74299449940224,71.07429516894311,0.10640841224971487,2.7998979156302,3.2829052544016024,23.048011442449155,122.94074033701202,20.03338285353177,0.24513128839462306,5.481764636325128,35.1517317723567,104.27420485556571,84.7103853645947,40.53578308629421,0.3142418535671372,3.9919525785738177,8.14325818668662,62.40837788916707,122.18964055633958,1.3629525729589842,13.315488505786949,109.06691654192923,99.17704263103653,61.26760395795672,1.2134086286867358,6.19781707462535,46.237790152212796,16.52098367244764,0.8591150298581951,46.79536505556935,245.94153592791233,163.7309140306566,1.4784507220003096,31.161430729644337,17.26963674211765,12.018365517692981,166.6513502505737,376.94836062290506,6.461489047739588,50.017869192168284,49.0922835064014,545.9129124859287,10
0.10054271626243522,4.62077754857977,34.514916141213845,48.339152243899974,107.1101527047642,357.9011751361559,8.369195641605273,0.07980405961679632,4.448566475903636,12.259348542115708,134.1473881392882,176.00186467332912,39.169411177404896,0.2921354398926808,15.066496518327753,37.51394287096216,71.92850840751606,186.8282019453969,85.63009845107374,0.14993327385433067,11.059583346278261,10.75786977092443,183.80125007952617,132.06556187453788,1.2505968790177668,16.87718754939315,22.053759972132603,69.50514479903643,160.87796041608266,1.392143177911871,4.340287632477084,59.81221211789254,72.9667487237345,0.7983541146441898,16.084866644476072,286.3178170769948,55.91486858757454,4.89755088725686,26.34413556878014,233.3979915501506,7.446593301016015,149.27804775898957,481.8603477650761,3.2123333476752496,55.11621513761531,50.512939876880495,569.7608204158033,6
0.2202753543631778,1.1717816569508825,39.98345870142508,85.86562637088856,124.9741440790973,305.64990379522203,215.91040443412402,0.09527605377727763,1.4508744601909431,4.199532123925127,53.25960569089861,113.82686981644217,26.116209684463467,0.25159842455468107,7.382413844079445,40.49933229357208,52.30693991426127,314.8481618819547,121.75060694205538,0.29916972781370793,1.3392534908560338,26.728040649880604,29.091498830536985,87.10423237865047,2.599207454849541,17.664063367001877,140.26250658031535,254.13048846884527,63.13485576417101,1.6351458183559326,9.843609769493971,56.52097791398523,159.5655606639159,2.4895307859994147,36.392641727486264,319.2326391324827,22.62292757093701,2.576231373259726,20.894410204294978,119.41330991351438,7.549539949916005,206.05138464744903,323.87363969727926,8.344466248853877,36.20215887658694,51.01877365143988,589.0356560375063,5
0.00876682365040634,3.2317242053962096,20.38122609695867,74.46195086014714,41.60066664134606,488.79069343036133,77.56990227395767,0.0194353622634088,2.139441569194072,10.642707285962818,24.45820424549437,117.47781841842719,25.603960455564753,0.20558047500682938,2.4503216098168377,10.541819732862981,234.68048581640923,125.58460833038399,97.20131228120934,0.09912839624275574,5.001628821810015,21.312230336121555,37.00568803445228,45.714062397464616,0.37992403295848065,16.741298196167524,51.74658289675816,104.3349477489601,418.6479682076762,0.750886108730236,5.931999905430112,123.0749475216758,27.917714328392094,2.030705847715165,49.041455178354525,213.2611963782701,187.10131516141465,2.3703364146106134,36.5328009424057,114.47606555644954,9.818590648366758,143.00748033196902,568.2478392937675,4.88850950284976,13.575170560037925,43.16490436379312,548.0351056390066,10
0.16296906952807177,1.7173740023049704,61.59493628106181,74.04446676463634,110.53800050340075,317.28472764094806,71.08394999545732,0.07102131820730186,3.3264848041675767,31.08563979064743,85.54226816862038,96.072311672231,318.49594957,0.2968400703494184,12.05535966637407,70.91129317007321,200.60424564501474,200.52846980055517,107.26056290777889,0.22284894998299937,16.046696921883434,18.93194812412721,129.49855741436303,170.38592192962037,1.6997690695565209,19.801811655112427,34.44351753991609,154.03889422715227,206.29582947602165,1.3728742804418583,27.255044728806034,67.7929465411074,2.2606416,1.9510267023568608,12.027331460425401,298.4282644460765,76.82158481671449,3.6789967571792723,38.094504313512374,181.1968997755901,7.087138834238936,185.6518899291812,343.39273171688,2.597332720692819,100.3066746288747,50.97387809828814,532.9119510268113,1
0.20058936149684448,1.165889910217548,31.147964019441666,16.359318252996182,52.672905899188834,90.98483553755466,365.15955076298167,0.04516746941644269,0.7025081225586036,80.24927519402326,60.81302444596842,48.430721350129375,15.562422172976099,0.22739674433796414,4.955862281074744,43.438050339516955,64.58974559879981,80.97682039240632,59.032569238800725,0.15661978569981846,27.385660978196103,51.422489187014364,57.58565654214315,138.8426350221584,1.3346351482357923,13.023822730844511,59.008501807208724,318.5852565489702,55.266290225708744,1.573839977119568,27.32234066582238,100.88420610392237,74.86392395598595,3.482618310527549,43.02816614594313,316.73405385436837,60.43115584744824,4.4230366813441275,21.490986293222893,29.689632981731982,6.401894924115815,210.9495975805199,298.90843070738174,5.681018311238854,155.11506571162852,54.1892462395776,567.5476692800629,5
0.034882262713516334,0.31906513396749553,19.310015495155557,57.533385879864156,95.00496904821944,106.95086851781065,101.41763317472387,0.08729014814820989,0.567191841360262,26.583873225398374,48.35584950293337,146.70423367590126,167.2895099457177,0.3187678972268507,5.365655937570963,34.495022483601474,160.32375516218187,261.1234865008841,18.125527328944095,0.2912288379128106,6.212590835203928,59.992328980032624,156.09888722775744,105.52687456716441,0.6562449514854011,40.721750066183624,15.538159225713521,160.10307102471114,178.48135798390587,0.7737936905312094,2.4172087316906747,26.276121578473223,53.58357175828727,8.571817890526981,18.272530807440596,275.3098275698385,146.83236454181713,6.7046772595594675,0.71013604,118.47942059960243,9.934902488072801,190.65200257305182,401.0039487359519,4.3097902577243605,77.87036868380336,47.529464085550295,518.5675760744905,1
0.21389853969469852,3.2127610369228603,51.097235499125205,102.40826244994496,142.36981202576465,127.52925025837749,330.5810849134681,0.10210751622842026,7.294984786041894,41.40802082398206,73.64597421263312,131.1646067162882,139.5189613118585,0.3122771917776586,9.893064209031522,75.8103925766498,78.43776714920287,107.89710158844936,276.68397907484706,0.826129646649961,31.09700476,58.36889624765479,131.96365858457688,133.66453917657637,1.5669225554758426,23.282727222675135,131.3535278135125,286.6012509050369,205.89566242588833,3.642084712218761,12.54098445991675,57.73334508637019,136.40888379590126,5.7569396871945155,26.64116599284403,251.66003808760857,31.936582330725365,2.441845925597027,22.412296757933042,54.40328479718249,10.60110666011168,242.2982343521549,260.0195420055662,9.116614505667696,105.0778800944589,66.71460053781875,494.6592657904255,9
0.08915164787477625,0.5526150929461542,19.360399314223194,46.71625103066087,96.71148506670444,436.17246694194273,19.184177036405117,0.0407099885513173,2.882282041507427,18.99652316281871,112.35056944319419,172.39468946615352,47.90951483124286,0.09840510258876539,2.4708291222669576,29.921260052407334,180.46386009765382,192.8059670887751,274.21708834054925,0.16614660976163612,15.057320493092245,73.67196122667258,158.94770575910928,159.60072925950948,0.32139709805115535,6.880254156786496,83.77378264987108,231.82557613263202,59.544092547745464,1.943020783881297,33.41564601671849,65.06349694448761,32.18140703747839,2.043680725381332,33.784647065217484,261.18012038886286,191.38853712664627,4.685340759262128,14.802460471169484,47.88274728266858,8.711817000887972,159.40796980165894,391.6329954489596,5.196249802383691,118.17025283967448,49.79176326729716,551.0131501589985,6
0.0428356718331662,3.42743821585297,10.082733226436082,102.51987462282815,203.93790111206133,310.5568436478701,342.201596787329,0.24340865041460924,1.9838392260650577,36.89743828024765,83.67466788424912,158.20005431770176,145.89473916530716,0.31894087065790744,2.948925536350339,23.611413821911196,38.275395300615465,169.6215332391358,131.37574270279444,0.23547230149185067,5.076221723419172,21.461906486690943,30.542007170527956,39.84922518617634,1.0046504345916158,15.561396067549094,38.73342737442199,50.00201452270993,99.36191650129814,0.8883811157116728,24.430257261458767,30.559133386853006,81.0055694989068,2.0139343411171384,48.964988391792616,264.3717202570567,337.2290603036394,6.139543526099045,14.506476688845957,104.99223879124824,4.514034994394417,185.74909509383463,388.6389692636586,4.178916507375808,8.232935638380052,43.18198865541298,432.0502638695797,8
0.12027552784102355,1.573409663786638,26.673086348295367,41.24010779488067,180.0687109003164,118.06264652569276,165.2785851704738,0.037312012951964194,1.5904934461574065,32.691612082976874,40.12559509255761,248.8277658574675,243.6290742255849,0.32350006962063294,2.7279189993097717,70.07879655413788,55.81288639074826,91.1055322231212,139.49453627730512,0.32789714633093403,18.191048607268055,50.85165471645631,57.95823679795039,90.48589162182728,1.6132594215041476,9.498909931339583,45.02764455100121,240.06232367776366,141.77875957032435,1.2753352101581448,7.124262042278131,47.396607308722736,138.96444244412163,2.341638287594937,37.93447644615087,395.2549922136718,172.53425805138778,1.630533306371968,22.72667282173719,206.44594360581638,3.2811434444381495,149.7295418197674,413.38021342399554,3.2115693032985275,121.79997712707498,41.85075552536482,416.3477897598303,4
0.12972783343859134,4.830371456476972,36.52376932880679,108.93774108129165,110.71640324871679,173.7532778475012,78.08107331133137,0.21355633552941727,2.0699844729046077,47.38531112307867,171.69091415226467,96.53155767201552,318.49594957,0.27856730348531034,11.07726745704067,40.98188710934063,252.09975675333766,51.13509235602095,142.90158890632412,0.23456477581266363,14.873946093012473,80.73043036369575,38.96338796389785,88.11898851730581,1.8923609838805826,31.048120313976458,66.40948294467408,266.5933475429216,53.10733044334199,0.8980218598778174,33.13576842211825,89.43766476298835,172.07820434790204,5.249569892026937,53.56513478064466,329.3839994791694,38.02528955071244,5.529623032547502,37.9926630246194,136.02636897765427,9.08147192369059,187.8567502296966,260.9553339214889,19.97794950807696,157.18788349236658,54.6911924357282,411.0743940803748,9
0.053477628879258055,0.7601252287647801,26.99162658583188,150.51520511138386,180.90414713995227,42.00265204491748,194.4380229174044,0.09431591523058522,1.8467204411186646,13.281367094396263,98.96917269330503,173.10744846904672,94.83106594595428,0.21529071986412499,5.333731081971234,30.825336938095074,112.98269305838258,119.51985759299023,187.9750147774425,0.31975178601946397,5.7651562597108885,25.108737126569572,99.26659923196448,212.4995362742544,0.7852287069502496,16.260507582888255,101.18539781670626,251.75496362788672,15.398923297456449,1.5040784044416327,14.27488572600885,179.24458376941263,33.20211950356616,2.7346673667021113,19.870051754477725,274.96846450461754,37.40265905389059,4.935613294050178,65.32625454677496,29.690634394931834,11.271436415902066,199.0662396566305,443.32174316067074,9.058901578153495,109.56976497478567,53.825372644327295,497.37841134495835,7
0.09972994073309585,0.6680317874170614,43.8393325632754,102.79379348892107,90.19523844528517,256.5902259875485,101.98449562581268,0.0978285478487998,6.464979855791377,31.24853429426554,27.030619543306123,205.7967388902471,39.390501561731085,0.21307257607365143,9.171851813400984,15.04042103464807,65.08961412736208,155.4776533708187,71.90496075767206,0.41585927449120125,5.928819354382886,27.2447777396076,66.02707605961471,168.5487135988812,0.3706220801160608,20.769596242310147,119.75355980300256,263.513196804622,155.79549625379957,0.8494368276800013,20.207953623468967,89.10146515970433,57.703794485386894,4.038501716013604,30.742359818610446,423.4357033547254,119.46870067265704,3.3750856817184296,31.47895716612443,189.4234528346847,8.573602365043119,234.2746383728662,339.6656261260868,5.875025304095235,57.276401351778425,47.574159912288316,447.8459922673537,2
0.0921273747835448,1.324294917406377,27.330437196888575,89.7730876527267,70.16396898921005,69.8254735418246,36.8494779368221,0.09174177378285239,3.1595993909544267,21.504207301391446,130.647007492418,199.2045829876703,4.60701809,0.13876954989390222,9.400153340683783,70.66207733049208,115.46243995374525,278.0383330216878,373.4183516847406,0.47003344832757393,6.942895830716651,104.83819605835289,102.4963064168875,151.03695997927014,1.321812094036411,5.69524187595529,101.21114618573866,246.50159782443876,206.03571278333558,1.4731767214068523,35.07409533527084,187.40231035996317,89.90813132132507,2.213697438097756,50.087563682805616,281.69617307325746,291.14542105336614,2.967818835361523,114.06322475005126,44.36857414455614,8.75702560376889,163.33215167142728,299.7542057521626,3.9123690721731927,151.9792779258829,65.85093564460381,467.0395153579369,10
0.011341164565787622,0.5299522162846895,9.733436506217767,52.78093394209441,73.61660465017815,292.4457898853403,86.6420359512991,0.10485843833871578,0.30010544571381503,53.929896587936234,122.29215389563774,37.80399665303669,96.2440994101575,0.23818550592339222,2.576767492228466,50.225559768488715,103.0226292415231,58.234145588608236,249.0533517293139,0.08020906118068426,6.878661077731774,12.287060735450801,218.38344676990937,62.35349887719902,1.0605148075788273,7.906932366669788,52.03197024035753,293.984125484464,132.26562991784178,0.594386029867314,42.31018844458034,154.5892642423509,28.870184211560925,2.361480125523924,38.610101467624744,375.15663427896317,53.89841241258989,1.6626892370262207,32.404506276301085,49.71911519275505,5.747806231268958,193.77380512853463,395.0918278718235,15.604867588549368,125.92873718964643,43.573420436967595,562.9054356844974,1
0.03484646144550056,0.5285583260900305,8.574620500119098,28.17623269555967,211.9840848007912,283.091111659804,174.702121764713,0.00274533,0.5175163438081505,13.26299800171439,14.21343495007526,123.83024794688086,145.00077559529794,0.1482964103379487,3.435941324084407,16.515321593068023,100.78163110920035,193.72715733173897,208.1469608204799,0.03581303522214435,2.1338156099194148,44.35882772463118,23.730855814999806,183.03828897690406,0.3270765283204297,8.742147434333338,60.55244512142795,132.87771075194004,197.72470410062533,0.18539456972242963,2.0136553878839933,45.61875657912765,162.82027352493418,3.4251996277878245,2.7355284977780343,250.48502509533915,220.50534290943312,2.6373988799779076,19.570035287085666,153.80846624148606,8.900941738987953,157.77530562692698,497.1586949152268,7.426540709037373,71.77015160268466,47.501725297728456,604.0426292340459,1
0.03534612612631272,4.5529860792109424,0.70062194,2.24086506,122.86606884901266,179.8023177644546,385.5955903560925,0.05301583792872791,2.147638319846604,11.107560755652127,32.57456205930798,250.04034425213374,256.6770626289425,0.24399462030739996,2.7793227760390695,5.2326649423947575,34.321230200038656,5.809544454133558,175.6952371617466,0.8569036969927313,1.1742921730425724,32.200085239857046,107.70250855551079,125.0018391327286,0.9063029874892454,10.604754973232552,38.59464296940537,193.77526461057724,182.3152719337138,0.03191206,1.2861952945224253,2.07886167,96.03198553887034,0.8781912392777551,21.614699063395495,252.32803298449713,92.65402206175054,0.9378977498252816,0.71013604,72.14353643334533,5.728565918183415,154.9088175448802,476.84207082461495,0.36292568,33.5307904768753,44.72922541730227,494.25521333830227,9
0.0377767271240724,4.2994470900908555,14.939606303875127,43.523071047453506,103.83289133290994,261.65987832600086,224.26838606130028,0.09777973620361849,0.9716428922126163,23.6826704486397,25.023634322149647,108.3341399955734,122.54430226420655,0.13634478460711738,8.03382204993727,40.11282371225898,148.2890216377387,116.28217250934081,100.21375306706666,0.270252128552786,3.973022479326521,23.27104303794255,30.13231178484752,45.006844980990635,0.8693601566208712,40.71314230423836,57.92959938104469,180.5301673024033,151.65061782897905,0.33946949823492845,12.085753633931816,41.92645521320972,173.5015932681446,2.4512265804596423,17.064039921406312,417.2745687055337,15.722601038635801,1.9350022089924965,14.301957800058133,134.425268478438,9.003764642026074,242.8966860764372,484.9793181017298,3.2790129737364646,27.362146405401585,66.71774509190588,531.0023458977269,1
0.17680450476385068,2.206986189094644,36.701548370822316,47.46571916918589,30.646179472816666,273.94892313843104,188.1472516064209,0.18030661595928427,2.1507631837431678,0.81870073,93.23055999641991,151.6830995849279,185.3316280166874,0.20406858185813787,6.084758627727334,20.969762146430124,228.85983529948405,95.95741664125757,120.82977589253139,0.35445088936918706,12.244422887767593,36.38765796818902,121.09743118792423,157.12594250163897,0.9205285986311965,6.763368302828982,155.23374558162382,265.35501569060244,225.04951642750822,0.9361106593366826,40.200232801748925,39.39215585885616,151.25798775997154,2.0006917187712876,25.056390353383645,337.6604181663767,26.194831659871852,2.6605731689762155,37.998741331741414,48.65712294671731,8.035983538555511,150.90324515842028,457.2694888385881,25.84974449694588,42.13630597458128,59.04186861126693,527.6054783626864,9
0.08972063175868392,0.4885725356147029,6.2565286308061205,29.54520107105305,176.71287192948765,90.19576604807098,64.17248325827777,0.20007321863647978,3.458977400657753,16.909193702941636,39.94578526868639,105.95277077310836,156.5964338388169,0.14223783578118304,4.94994448704262,50.16907998139909,101.3346918574993,210.76638384141958,86.3147898910889,0.6891309648027704,2.6466697125056404,4.7874341747241065,109.56033592068296,14.983313724648141,0.9810716688409145,29.304273094470418,129.1327733325134,299.21889793623257,86.97309840393281,0.19716662487466768,11.043869892172207,33.85132805516171,29.50152862455071,4.391648739998286,12.278684863005665,208.14332170071057,35.329581571179816,2.5333751877272475,21.29747791686965,89.88206028482278,18.038481172143904,200.25226819126718,497.66444921319385,10.644506237775035,0.75313,29.303716598777285,338.278708731093,7
0.07718671192033472,0.8877303907904612,19.714811645836022,87.49672193903902,130.4275531306178,365.67882211543116,8.796542548790143,0.08192414706017781,2.550957030578861,26.541552387050007,43.81857834743561,209.0349627256163,34.24707034219415,0.05437570302059569,5.300145187355501,54.289447107191556,53.28262535649714,159.27565431159945,306.0584733995836,0.2583057532503129,10.012990095527991,28.853693222735686,114.79578591321983,242.33443931111427,1.0543989590415461,13.864725732343832,32.07297029093412,200.6968178311369,410.24279300584374,0.48385658668479303,9.737686336654864,91.76549693101124,75.72396335873522,4.110635343331517,13.604534468865701,284.5187930378976,20.391632664408235,8.895081774431777,33.885799128770756,84.68841008945247,5.469064736884954,231.76784583752544,383.7468826102357,15.733527796141779,18.33555792270385,53.13486111473565,484.9103301521682,9
0.03208178808491369,3.228418784860337,18.384257714616567,89.42590689772355,180.5300493066573,47.72743795664714,90.63400350221237,0.09849674469971532,1.8134632779627677,26.217272398657386,94.41399571890885,204.9187822657689,88.82418996020735,0.2760344485961179,8.120962913785203,61.226683276123836,82.66812705850322,212.30236566533443,76.09810591001332,0.5086635251934997,7.95852161880829,58.054745454060374,159.90968931185856,94.69755896460799,1.7914791769238856,7.342495293498823,67.07804493864418,157.57055511135388,39.776659439109636,1.7551876320668085,16.6226183973296,211.44436544028366,61.231920990858235,1.3436059664714868,10.498674870703795,159.38058454153924,17.942332342114575,8.407891821871207,52.16576063752298,25.581794740551985,3.7567117091484974,132.56374110726694,444.43907922122,9.005634187214472,145.992551449707,42.89001048999619,494.62772131958764,7
0.20505555064597603,0.8666862436250686,18.17572034224479,63.17587058255002,205.60208672978558,303.7668940603181,313.95812657501915,0.2929262408836738,3.7701950390433314,25.85573713419563,52.147745992918345,49.872231278928,318.49594957,0.18583812767437927,5.016986741515005,50.24384189368921,143.71978824766222,11.440944876073374,102.22728066372753,0.28563309783094815,6.4051890878460656,53.22819544808791,27.553035738236566,90.91729645499939,0.4508691499675072,8.256870173654418,117.14958955672762,89.83444502929655,318.72947174341243,2.0060046444795083,21.487785328381616,42.20915202483233,73.25940813035436,3.315203214308423,33.645724835103444,302.26327788079493,75.62216964818451,10.819809984500491,66.81687367822828,161.43334186778748,8.206015555835897,164.86534271441477,345.7926165374664,3.6327532740812636,101.74071105456115,58.23733204398348,492.8247835598301,4
0.00109432,1.579975157571492,1.384049612926301,84.98642824678717,44.09178704970869,399.1333336920932,77.47467854215081,0.09075724690474007,4.1588978528000045,32.47935818161139,68.06404043751401,135.49891101271425,168.22318727938472,0.18005912927937184,0.26001251,15.934483026827948,77.68544421336699,34.71089361327865,38.35052706267917,0.557519808065812,4.883559647890765,66.97313681200131,105.61202143593607,110.35952221924265,0.35874367252541417,8.303156602331406,40.60572205270184,98.4526160834449,133.3451684394291,0.3759159902232107,21.726570448948504,109.89294334569132,165.60145942173438,2.146014848919482,30.79707666600651,313.14650040248137,324.4064669705931,9.522966076667915,50.89571896178115,30.744931503198035,11.444127922815056,203.81593154377248,487.9000912835882,15.54504476893665,142.48904615681982,36.70273016625717,572.0483586705069,4
0.04394301665399346,1.1215223493524054,12.955890573961602,151.01668074747576,227.63237163786556,194.10116844241622,37.18991448901524,0.03244870697899679,1.5305299642446413,9.932846796520677,83.4917400295157,94.4762848854239,223.98361255362147,0.12573615538535338,11.390646816584603,62.96255122130022,157.04840185486123,286.1170496767618,249.99725991371014,0.18387721391968537,4.662825351171106,87.20492831508777,151.4663540730952,115.14210323554747,0.9782297575321163,28.073278244462635,43.727937031532406,59.402551230418325,112.17298796535958,0.6631849544861781,24.133178815459893,168.8894288732993,64.67578789535722,2.5160331371829927,36.902304371913964,106.36323540439699,132.71538741805122,1.135367239341246,50.59608712535393,198.79231297005498,7.691408835037764,78.40083590846555,559.1174583389488,18.158625812618546,188.94990176540463,22.02129515,466.97515444689157,10
0.014159184912034217,1.167678219267669,35.48349737298125,112.88052427555013,116.18538711537927,393.16615010133177,42.46918310209026,0.03820518120590905,0.21546848100177507,58.95585273902239,12.228595682308484,29.21688760765811,4.60701809,0.04797407609023864,8.876222330162523,14.499280022343825,192.70231884267992,118.80229531556999,77.80811952734857,0.14979657714413927,14.395499203596218,26.912209698221616,91.83353800710998,5.7025015,0.8416655070497896,13.41336096627174,79.37134379958209,157.08842834161553,120.25861499059624,0.7790846121706345,16.017256468685993,26.19248089858367,2.2606416,2.355925218969434,25.005865945481936,281.92198497740617,86.61765099931675,2.295648207585937,90.32218943686438,188.9197675382526,5.79511732267971,187.13368404938348,448.3534171247902,3.8169680666683465,117.95450589984533,64.77887735128341,568.462886380201,10
0.08609488672670315,2.6104616715644577,7.313326341260629,22.48436422843453,41.15450896802503,394.8074890523546,340.610062381632,0.00274533,1.9544329795806155,82.51677736661301,11.996701901779833,218.54764977506832,48.53450219635371,0.056337129673020604,2.310062720869839,18.35870972389219,28.969831589550406,244.41729518604853,144.67903356591404,0.22578242962907613,3.503085128582408,57.28060995726241,125.85908797651652,127.61809442364466,0.3434293060725393,8.664465484633759,84.46684485753534,189.93097319779073,136.44829510697673,0.8475352975078765,27.526878104764346,157.4583936013807,26.470524810556874,2.249310482115948,16.796326314358225,215.66993741788485,172.50570270115844,3.2348024297359093,62.11421187164862,30.648661625995828,8.276228678959136,206.03953719636158,267.15053252464133,5.395560973199352,62.435515584246744,55.76363068838551,526.8591241751859,10
0.46835984477662673,4.62077754857977,56.47157527639475,35.86119235749924,190.15052189482515,401.1232776399344,25.026329219250297,0.09553693900750648,1.555431819319141,26.441384727907987,150.74138390623648,163.3550961989079,4.60701809,0.2166772049958865,10.04675066192162,71.95161583531142,154.15988004557818,284.6371923702,131.56565590892112,0.26694588720110973,15.100943872401453,64.49841597367299,126.15430987290023,173.76492914788804,1.4660875421261785,26.359456101862186,94.48388314317694,132.37213378740105,111.30856467793853,0.7423126069199882,12.383609074380704,42.81300845467687,79.21823017688298,3.2795055127578805,37.49111836360912,302.7228706389527,96.16704565763385,2.1985320718690415,74.38026772698464,100.96518993675413,9.999679463855736,176.38192666462777,393.538723663573,1.951736864275115,141.20831019984257,64.06598389610727,509.3139510549004,2
0.0731394310959982,0.4687682643112818,22.340014806203147,39.28369103201726,53.06253042328692,95.31058800431094,221.63090599074573,0.07823367846514799,0.07383968,29.24195286673264,154.3761012663853,127.06135737771343,183.4280526973751,0.24248368239225918,7.73298892172086,44.06285704500149,164.48211775391553,109.0881713664587,191.5072374854169,0.00877772,14.858091679235777,11.38168693380549,101.09180808332479,35.510529068279,1.6823589150463283,9.336636183434578,109.55589002597951,268.56737027256526,238.06382242927748,0.03191206,18.7052833895307,62.60411039652499,197.4662940660407,3.8812953129385828,15.289525863421382,360.53350267646573,250.92595008226232,4.162286684406068,26.390981843048067,69.35288198215109,6.540537454841276,196.72723219703272,245.9451403928931,11.278275181764773,0.75313,37.68808817565453,517.3401886697739,6
0.10835566367835936,0.7978350498778133,44.82282746305156,149.0197931100192,88.69837414864864,297.4688689555583,116.54923553603265,0.09263498133364613,5.919828185833923,13.103144315011676,20.592613876283,206.17069957476127,90.85832465694075,0.5221323368579436,13.167963601850495,108.80585592994791,254.31729842653948,171.94727260427177,143.69404840040966,0.26798962691417966,15.814535146608842,27.168077834765306,102.16525275130736,78.39967840663707,2.2964406355166602,38.122687520105075,143.8491935733583,242.22759109527158,124.60437941661232,2.216024655283282,40.81209416156279,136.67879444208057,247.0326440917683,4.307053000032411,46.27302380699892,327.09226470131836,22.81206134990854,4.493069108145993,33.274843105592815,126.53991355683556,20.671466727257332,226.92370839083586,238.97889461473125,3.889733326668246,115.02108096032701,71.23608970876167,486.3590051462267,2
0.03619475746371902,1.9690309818345932,15.611850641712785,103.62346363188283,42.83443922577426,478.0573443154093,160.8478914060264,0.034178590288735274,1.9361298106115359,33.707705614679895,73.63582330525493,181.22391990272615,71.76931968960406,0.2042063488914221,4.1940321322841925,49.26860904218536,39.75448000829422,120.35653050850294,316.01665492505606,0.06380332257168171,11.69558299126299,57.90852991933941,103.42448510186921,122.94579084508291,1.5991170547114593,9.376489747253837,69.0730023076561,264.52920793740327,154.05958977027916,0.3975393971102336,20.662479999197778,40.70896630995767,56.06679833640935,2.449158451221403,38.30175317928973,239.03727812591526,14.622611963832007,1.9474225418355418,17.046608182233353,71.94393000538113,4.199245204659507,180.16974860502881,440.29467429739776,3.8408854834271584,43.04210480632922,55.28684918947424,603.7671503164534,9
0.07836797901705836,2.1858371309891482,21.170795795902592,31.917023419501355,143.10196502740303,266.4031501004144,220.82156523293813,0.09538638302977953,1.4128147470738133,13.313434713531263,34.501869926854155,143.57194155888297,136.28657246138891,0.09170903397192857,3.7831562836910764,13.802939121125997,26.070808345771134,119.44552313802598,447.4274042694681,0.18708212591205894,0.14045953,17.58179037419535,4.115467192750721,74.03993652839183,0.9323102356645298,18.30688247060741,100.09677891724756,220.85424277689702,154.19413107601207,0.2615090937845882,10.44405007916483,52.26976602840742,13.901184817289767,4.1729203974347895,33.863215682447695,370.08119633905613,173.8069538225015,0.6706314312813344,37.58089864635292,237.3814506650415,11.218131736471474,184.40934685948986,459.4915722721271,4.9746509988271885,26.502754537694997,40.074910320504415,540.6221374366736,2
0.023667751966702844,1.1219527842021055,21.290677997445645,64.43031822559428,124.52015303242933,302.19839128343904,164.69401685484743,0.08706223827976475,1.633358857005086,62.05914094283521,45.34867657776219,127.13538291395068,249.08062021061585,0.1965300114841393,7.4335273632993895,30.494453286530593,149.31833002398423,214.0132201790865,432.9511715678102,0.4190527182589686,5.069450418829232,42.90145807106986,45.339005701241476,110.69073545626371,0.0660930997191127,13.519512816342852,42.44946720774711,152.1275731574496,165.12865147762736,0.2326434026462132,31.862759215951417,79.61581289025233,94.84448224396405,3.299905830985848,33.38760479236343,260.7898863776399,94.25112719808646,8.153553714969604,30.850266686898376,239.60189839721704,7.995532849221837,155.17543643238182,340.6164056792834,7.6406370525599465,30.22841559105005,47.54040408773139,545.508887473338,8
0.10802930026727854,1.8687733736365995,16.23147233160026,40.31761442973943,173.1322856707039,222.0115112101375,211.53470734623136,0.24973924115060367,1.5301065988515963,27.568098786309626,20.781981942959803,134.45853591984047,120.48042397656315,0.07802421409981694,3.8979332920687515,34.34289495299257,100.6270478970178,115.97016481651403,23.20498411556659,0.37753276824136955,20.322513596766544,4.011073862085947,50.79585797608171,6.335445164310755,0.7227727724998022,13.492874385497787,57.0553401564851,147.3810466132318,93.4725091580501,0.5434875612254035,32.85356471421054,12.937540239995638,234.59700201424477,4.541632467855019,31.120798698167697,261.2538248624842,237.49042157083497,5.486375526449846,16.08540024938443,22.113049112054455,6.042832166022922,217.6389544927489,405.70447573316306,21.82940729814504,23.211093758087145,57.92344015474991,645.6734669429651,7
0.04228517394381014,3.2800531711388867,15.862409699408559,50.46812278040411,96.6991168377142,272.11286659034226,121.50765064023427,0.0591972863260998,2.7113379830853486,37.26469903568919,61.13604911030497,66.00882794097888,4.60701809,0.38596049216364847,6.983076702507936,32.00793193389453,147.57813821786846,104.70141752702345,8.372435109981993,0.5586202225377475,6.186362028047368,64.09635588006986,90.90032965636013,197.83731939641135,0.43872240175009825,18.496632748206974,72.86785475996103,236.16222227144857,96.61447658374976,1.184601506033005,6.679254747289601,54.65246705244003,224.2910538618833,2.2396700617163283,39.9593757343389,330.21184973055085,23.627466203021065,4.398864714733161,30.99292194179901,190.8369577097772,8.995786941224438,202.14245386079685,426.22330009349616,28.646454691222594,138.35270762103406,47.393776388703536,577.6275856299145,1
0.12003979094601513,1.9294333995153812,28.527567174256475,99.77345552458736,107.63398939722201,195.6067816529247,184.91736706263475,0.20765040015077518,1.7761701533294663,27.59201622183008,43.292708310287296,60.23241346384929,145.57051293853587,0.3675418952700747,9.476188256583207,50.06341893173495,230.2963943213136,172.64250634723453,291.6209259540116,0.4985258108547752,8.37372822380975,59.02685135309815,19.94751903681725,98.84217543906962,1.0893923307013729,20.19168221876284,105.88360594239664,209.1712652729221,39.69584727670163,1.0286682643642473,16.65356242623,84.56773116856418,98.58768678634104,3.698583040243548,36.28930212934596,348.0347610423536,49.04355988093026,2.8336978833821047,27.389787753953875,147.74313623477002,15.948218969553682,213.03271588000334,488.3726460790904,6.386304547832703,39.47382671576165,58.12602252239805,404.93994587787165,2
0.012283136805056966,0.9619382794630267,14.180857062017836,85.62602395791855,96.19565085783667,324.6128540851656,68.29551469100899,0.16928541381436182,0.5595467473080098,19.792624734218595,91.72077344095791,70.90703755223433,51.66127966596953,0.10333385537217368,2.8080080479394027,22.672614510668424,79.67765275442707,80.49649847507025,97.34037682806282,0.6804787342106051,13.27766775078795,60.76358827143943,167.8376024892897,171.9414515959397,0.415768483619693,4.572482848526763,97.93746005555661,117.1986760379312,171.99901168257165,1.3761458637316473,9.738172199566067,121.51928827781717,47.91021666940932,1.3983336047882922,35.176691371195574,201.71739339133376,287.2068902409288,1.8408994434839723,56.03105616832896,77.15916034706132,8.816594426021592,161.0725495097483,437.34385553435794,9.775254827276868,97.93835376530916,41.468060373062784,663.8933198912372,2
0.3309651627187326,3.4876830559339864,0.8494178430281565,81.64322642275326,125.89863516686002,212.33388657570103,92.55556754080457,0.10544683800608495,7.199852980493777,26.4163533506568,99.83671851511444,77.64760662222025,171.3491781109621,0.14524567446915543,6.602042733639946,22.510091658620386,233.1546330486594,171.35942823769935,39.34844445868693,0.41224016265379176,7.83431371392105,62.124347062366674,129.2248152053218,170.76426371775057,1.7217420416699312,24.60818624099603,96.62480793946881,347.2490088957889,98.51425085511092,2.8679155484095804,10.876230261222197,88.94484331139849,99.98854730751538,1.6728507266367674,49.72696059667469,217.3802581266459,60.657433157066464,6.4237047786390455,29.113379866950268,110.38834355893621,10.280158738075718,169.44597642087956,325.4515348712566,15.929299378339014,44.916041592732995,57.75963100446958,447.1517005401335,7
0.053091997678088615,1.14630800914768,14.07565725709797,57.84479243641863,141.16565715585688,272.1634647042882,47.778758008973924,0.05789343955092038,1.796818340458517,13.112198303974287,69.83960235367611,111.01954703118002,96.08762298317762,0.13656212713784888,4.767471733176762,19.524328611561984,147.64258541480297,167.1837640439818,97.88899804374779,0.2555441555606493,4.523189761210086,66.88673065842845,203.04037464512373,54.44099884113655,0.03262522,1.4179884848141366,110.40168063824146,59.93871641595885,62.03873363110736,0.07465690889200977,21.35847053755063,31.744668516792427,127.37573053029264,1.5663932503687592,13.482793016719445,312.3992305811722,352.3053181835185,10.151547297204171,14.249135160859929,41.26536046501595,7.271810255740566,179.34457115596666,352.2753521059136,1.543504366261621,8.75169224189003,45.21422239285067,556.9195248425345,1
0.14328521881766734,1.5021113838027818,43.03658037484849,143.11620039368063,153.52040275074157,306.66193584350617,368.990070126101,0.0285926873091171,3.6464820339038524,27.253868982147146,153.61271151230778,190.66348469404193,128.15268780809149,0.24190620168474414,8.69614097915417,90.4016170662326,170.79469850857564,155.96555776530357,103.51980991741063,0.23676106745483955,5.03919322248404,121.0266609697096,127.65771425505977,152.5530014768214,1.3381361385531807,44.66450732426885,50.26349485891761,255.60044208675785,65.72736559959978,0.31966284072480783,21.816899988303017,74.6045060765642,52.59305905378234,3.0472382032001906,31.64275570636697,283.51582422917534,110.00914569679146,7.483087515087385,23.239714368131075,237.9648691577775,6.237846466061372,193.92879403380942,411.33198286594103,7.695408781791023,183.083325427661,51.174309794573475,416.7783282256556,10
0.101448840669744,2.778932890438522,27.20082939970889,78.5913273715789,147.18711891279668,404.1724625539134,290.503945885572,0.07717936202079634,3.9253078145406697,22.14687021978754,106.4405838220186,56.65157605582759,39.33117109151735,0.39369206136914436,10.931487058544395,44.25818792548476,180.16677589368888,147.57524783086882,142.9585301429748,0.4918048416475014,5.314116644396509,104.76454952531243,107.35591447322527,134.97166393473017,1.3457973431218382,18.958230840922763,172.45315650986248,144.5223486983536,105.70213427458808,0.8641902550327395,14.405818178533666,57.62075675073189,66.68368608920326,2.206469041984135,60.574524997034274,272.33558244811957,117.60453236713649,2.551932234986899,15.583567033205114,79.27260532361669,11.5512210211999,154.20468756580365,388.4028667107532,8.255723898093917,71.98094886357396,52.96051327832291,503.0840021951428,1
0.14617670276619896,0.6889751049603308,7.292603732927455,102.0612816016034,110.11386967212071,154.4110557277132,78.89076563087653,0.24738145624237395,1.2316626388111516,0.81870073,96.0381901166102,32.17651594235639,318.49594957,0.044507342074128424,12.165619203176698,108.80585592994791,129.0025244144446,177.47995270941558,58.97489083167082,0.3346146854782714,5.619656052671254,35.470048001472534,29.71117839795547,187.62373659961793,1.2815331920812585,26.22351272148016,98.60655218761615,324.22444016388073,381.175695428396,0.6835568288288462,19.070575174012117,14.412780411528232,87.1348940494716,0.03186483,84.34541282728786,431.15745581,139.54545063224435,1.995070393346159,10.77476643133744,37.40812942592131,16.48521589437747,296.80308127,254.43072306371684,1.144934596500124,52.4189114663207,84.22750609023052,641.0973079329157,1
0.04411200499507039,1.839356617260675,15.537709118030609,30.997749463587866,111.79448805133526,433.63966339503395,248.4825053823817,0.16902259665292987,4.8991802523443155,47.46100818602916,139.8173561054561,46.323328997034416,4.60701809,0.24179650748309636,3.2652405920783902,21.046067203506325,82.72025308746694,244.39383243430532,89.26308200574503,0.38199600404553585,8.38682006018154,25.345428709623445,186.9315012533594,34.78343691198478,0.5940472044409285,9.929823062580164,92.60988760763462,196.82916111810275,46.205119622354644,1.7572318770039361,12.002909631565618,147.37349005690425,34.36528696537237,1.4884785719454081,16.304996332785787,233.8009131927005,95.78059772669127,6.303848096628369,38.92503170315287,99.02445035639067,3.259733474566956,170.8407188249823,608.0164097597725,7.449253721753664,147.21839093899442,56.917220187126325,508.24694976439946,2
0.022776464250431838,2.5820286029589745,51.163613867911934,56.67975330778606,119.85979034151491,284.8326954617359,105.81777628168862,0.04492038999288951,2.663045135518064,0.81870073,10.461333900091788,39.18688172603093,80.15006505527671,0.1401468748596073,7.188957249492503,29.720714498583753,97.69061739681649,98.7303597245474,0.38471548,0.469463537012855,5.080981034072538,14.301378599508887,4.10667755,221.55719130657556,0.9846656633364304,31.588499537739768,34.475548691077364,107.42315380944555,340.18715695068056,1.5678463109723606,7.0177477122898235,18.22640093525274,217.8723535560244,1.9273930745865615,37.931689442765574,277.7475361172493,13.344935261921503,1.7101401096927227,19.16621485895834,129.791137023195,5.657154188092177,255.72626788702382,415.24933913037944,4.303156612659839,29.496764407602313,75.07185236481422,531.8471488823574,1
0.044464939860723175,1.2446942197957491,43.2652407269304,113.62431127973132,92.61560257396161,295.4212315863281,122.05205361270518,0.11581228024900884,4.232583662373864,20.278229668979577,34.34845153512009,166.87788047053772,99.67333758270242,0.14196833574098883,8.46987155929706,25.885985267925406,101.56009398599795,101.30963747628977,139.9731245898259,0.37023107432621727,4.997526732124244,27.66631438250429,132.93651895685116,118.09653160329884,1.79198880427355,6.421229281668698,91.75904251114618,60.28009598017489,138.37990643730478,0.6507681752115901,29.31603074284358,50.06741510551283,213.14047761395403,4.705377225885659,9.342696686040979,259.1979468961864,142.7897841240495,2.043732546508531,16.496617298503214,171.4415997817829,6.085527911307949,201.27265085095445,231.4946655482571,12.894555570646983,84.91171542670482,73.43280691777412,413.1505849661159,7
0.0072182942750801116,1.096355891405271,12.373441555062971,105.01923193381197,182.38710514429934,435.4666485159693,51.28532785521689,0.09004909803952693,0.07383968,20.153536541462945,19.87265681885701,115.52951780181996,188.93339204972239,0.32839522788817554,6.568094923639572,82.28879861181672,168.54926034829137,179.86398954273233,102.41543503707729,0.21567906319808655,6.6988141537382075,1.04835619,91.9662918022691,152.3204930471277,0.8293835028490728,17.91949676018861,60.299425473053844,170.07792141660494,154.88216028854276,1.6893773673677257,1.823602792618499,15.0732696641291,85.50101607484089,1.1319514821018646,17.446378757459357,275.1284646123831,14.20793987717336,0.300097740742884,53.04942047551636,49.93624893267849,12.634710604197416,142.33419111286278,535.1912336228206,4.86232311613265,44.77632472728785,54.612979586319064,545.4628744764296,2
0.02945060128050662,0.14654094834406217,8.166717084392186,56.24936304880852,135.90129629472938,241.67544009114152,47.82800655514793,0.15035401887365007,3.75641292147407,73.5799709694793,129.0565716481099,77.17261848036651,203.36377782216223,0.12203678392913493,2.267056830876733,52.503323465283216,114.93381073001432,142.01694258390177,83.22358353617207,0.3383333485184968,8.17037107492623,98.0591496235931,128.28972625804266,121.44647480032742,0.2721201315601237,9.095610361688427,106.5666691802735,239.5300321136255,186.85798836300967,2.8333581974519033,33.38189496419091,130.6106664120816,167.77391687819542,1.8503782856099167,48.81789991340059,269.6737680003006,201.45752596059822,3.0808137874164365,33.97787041755578,78.0526153430543,11.709093395292243,163.0640364801538,439.21653421099757,4.580461239658039,81.95756026911693,45.133065917309985,581.8880704658575,1
0.08956106819004914,2.210706507062088,20.766059888561585,2.24086506,85.85168835647539,254.98885454190227,272.8510464468831,0.0261874549040293,6.2377353853406055,9.823868852828562,84.96489917333152,120.13363302860473,175.94710548162166,0.4006662541453052,3.1929880092918395,16.521578049889282,67.93576655134258,231.2385063058728,80.0955557230792,0.20006325479373943,15.303174264995311,63.644246592054316,229.91353312349258,168.34506335255656,0.812661238336564,6.694336128301788,89.51403759324043,284.12008274288934,336.79508196631076,2.899218076004705,14.250730901485385,64.61745891417547,77.61148895835336,2.107440977470217,42.81797344898982,279.0287910565386,10.436139209752294,3.971862950436007,41.89418854404248,85.32853191620617,18.344644978995724,197.33872550836483,452.84570713054364,10.626034038206694,43.51235049547934,45.58427183834654,489.4505970265006,10
0.08962097115443302,1.6611396701734336,21.894067350843407,80.09489525681279,56.974078005497546,156.02212284850077,265.49047048965144,0.0744507476594447,3.652088416955005,36.143423934522126,52.426071898621764,87.3569715831656,97.7185108569948,0.11996420359149779,10.696433844825915,39.72473574744884,244.12642434187825,294.48235253817927,3.5528857775108094,0.3571314917559904,13.626167803921327,37.218422830222664,97.04008884257065,113.92136669692057,1.5866914845806082,22.947469104016935,33.357353762689975,177.1197187965151,437.60218363231513,0.9594835827432621,20.36342150915897,65.37781384874673,80.6166612394393,2.2505716184599693,10.95733411485425,265.85173726552966,55.2053224475572,8.300232512985058,27.75202454354106,121.39409788283345,5.828061821162802,208.07809613702966,272.2330018486851,17.673538584580864,140.0665272754246,53.38798396779814,518.157812543578,5
0.10605280305092724,1.0625133502821034,24.442925912011763,58.224103502451655,98.1818898891037,140.32395345496056,216.14159595884172,0.040677025044583134,3.7489550218306467,48.266969102325625,61.990797315371424,50.22341942363744,193.76362777524588,0.38136070021739815,5.492951323327603,48.469371045447375,95.78782792314594,266.0813658107208,151.61056349902915,0.5759508547005568,10.571908230896,45.787218624263254,100.82826979338324,58.24261339844925,1.294228920881532,4.872040458393263,65.46928999050587,183.1775785384746,128.34453280473292,0.970144930759202,11.566351336602304,144.51962528366585,44.61764607155645,3.1507666227974522,24.476511963241204,201.0249753204278,253.98651456776898,1.9727767451313585,15.802457824704334,160.87438985827475,5.935622777086682,155.5453307841813,300.87041093453894,6.137745129070174,42.224648270181596,50.43494816220965,528.668690652181,1
0.06051599515962147,3.875366747718272,23.795394579991555,80.77784312297133,131.7947308108621,125.8092421354218,42.988333124473286,0.06716838006532172,1.0100952750703351,45.66600892345818,131.17030626358752,117.9567925714894,318.49594957,0.11791598113588629,10.38347416246862,40.66413301522541,171.33804045190345,106.95549522265335,70.61794529074615,0.49235716855997935,18.865937292921156,105.45720101822725,55.56867894435356,68.41243709087834,1.3080092824617902,7.801042637953179,50.43065142650397,168.79155850514863,228.30970265896323,2.430024036437799,44.67241701414149,51.36227239387753,143.4406314343253,4.3014349031828765,48.152221610905265,238.2465922449519,146.1355183437059,8.438219256892312,42.74073798871481,102.92230476069567,11.09616273619775,168.1086553078698,356.872453462228,14.60332118486649,185.8646470937296,44.89296706237948,393.21136318962624,1
0.04037524630989841,0.8737271793754244,5.530006154375388,67.47621043829548,191.04189107301053,410.33963540619004,167.0100186047634,0.0754019786449761,2.9925648681418773,0.81870073,106.99665630524174,39.24776303960746,258.831261711324,0.00570986,7.257307385944522,41.531603747811424,191.32584667440352,102.860113545585,103.26354458535288,0.20076874914484577,5.014587540229608,9.961290866002976,129.57997625192922,242.6818955077946,0.9981618594477792,16.38198880008334,101.60219181088857,229.38733127221025,90.80926557650571,0.9811101990741404,27.671378673616044,56.045114664867285,17.809390631262463,1.943493136163486,27.417529255726976,175.1242848074412,69.03461712910439,3.346138317806256,41.05859345047389,31.2784834236941,9.15062315210707,200.70493224393215,272.81598908800436,3.145600639286923,167.8645104642648,43.36753857755442,546.6706227934978,7
0.033895509761794076,1.149049796598597,24.434239887910014,36.89071384934855,136.9681889368616,177.87306216696962,285.4508341722664,0.04097604131717367,3.9117035641818854,11.234373331766601,32.207487964744864,188.32315600621712,4.60701809,0.17007716537597337,7.3116488570440366,26.79063573684041,69.36383551996937,122.2417795312552,122.46564070331642,0.12488062009964013,1.784589514742402,6.282230197639446,45.49214701325906,27.458751324995433,0.6213296402224174,9.864183247981206,106.57794108581405,382.53622036738494,8.219731650883116,0.475676404877763,4.179741255525599,82.55065551727792,15.822688382487854,1.6480848183154149,25.942286340215677,282.7322774527387,35.319785074597746,1.0468471122699525,9.205101303503918,24.488437355567875,19.71570328485181,193.1082051571382,469.332815209096,5.502215665351409,34.34712320045803,38.10573052849918,414.0461512537438,3
0.023643328120100837,1.603049472364653,2.3184129048805353,53.726038877214165,76.62027807193734,270.3531374800547,147.27678656979938,0.07474221238757578,1.7433510268372436,11.01686275059336,94.11294472317608,241.69328016667518,212.65277335929704,0.1442171791595399,2.137383047150677,23.173944718939403,47.46243748479519,167.2579199012805,58.344192579277845,0.17578601916878445,9.699108645024701,102.63022696640027,160.45157557313394,62.47759118961129,1.0705175986303346,8.065548032180208,38.05568241133996,120.6738323031382,7.3810883448979645,1.0510535333464284,23.28954409965892,65.64632519514403,158.34110070424254,1.0719862832683473,34.94856538760299,226.13405424281342,236.8261490139556,4.022786518072001,62.0224120012748,133.68013841321078,10.739363472308725,164.46983173897632,435.51872093939335,3.231995358683381,176.15579846816382,44.05690867396785,457.79482402428147,10
0.05468329345034992,1.1128840154703301,23.966241155572906,75.40107808661153,89.07838096563415,361.7284451629384,167.75006806871755,0.015044440436071185,0.10378041735761201,44.815706257907365,75.46122943509647,172.67362821695124,94.70690401760696,0.3602041995237779,7.531250199237499,11.88319516741895,25.104038709571295,230.1091449824799,424.2770552096772,0.12373655901705805,3.715807336514871,62.04981239732465,132.38316098521224,66.28717585042247,0.7849623405333666,12.17477595607754,90.6959398579097,66.96173087137026,385.5781909101086,0.9400665231718399,12.366842687776998,123.65087444091506,158.1677575719395,3.6936615481526847,42.27277792468735,266.5397900538812,135.76693790304918,2.3523152054758047,46.859863463974385,69.95085062243089,6.374635185586298,135.94153427272454,453.1810275226953,3.695395537027578,143.0920978589101,32.54932604840823,454.5047018688836,7
0.10783725345651682,3.640351623448618,13.983130077369255,118.0251393030353,54.78644824317964,249.16770363194777,228.33674805174434,0.22407302263458878,2.052206568881606,28.182056910265107,94.6266132991452,125.9726624225463,218.29653404091408,0.10577996207217437,3.095568692387677,19.762567708604546,48.5061904944924,155.79015994224358,60.524699719274054,0.4345919545782062,16.224728480355378,60.381290082557236,134.82122308416612,174.31010746907998,0.43728443985499155,10.919564265472987,24.107863088196062,111.26409362713869,228.021779871664,2.354919669249143,23.002958829364633,66.48160860972611,133.5641064936496,2.616002213476189,42.28693230827786,231.32298964526555,146.1093752989091,4.588998104578166,50.552848990260095,145.26657971949552,6.038237638725937,217.1415090211112,457.1062281756446,14.948881718133531,100.10406950608379,43.81111621523004,595.5696237609093,1
0.19402773538027634,8.189380700096265,18.738372552321362,113.04704652465958,84.99330865944555,46.17164889901579,155.16386209468365,0.0701746152024183,1.6186589586374907,31.765735262430447,96.4891729934962,201.29411771339687,318.49594957,0.2239302570319779,13.355689178803658,48.95335253188077,68.93330270567556,177.47506090909417,130.88248494226218,0.21565011354478397,9.488897016233114,116.35322120950799,96.53077123575899,132.45002163289917,1.5683735001071204,24.195583232651796,74.15780998080535,184.7716354778295,128.82214985520355,0.8550686944103497,48.8706520835281,75.70072695323661,160.34062804036495,4.766821781506624,15.123981114012471,346.2917714313233,118.45254412598553,10.825095382567211,32.5961481096016,97.41806225337587,7.018466250316133,237.2284059764273,517.2121407792489,4.8148379618382595,218.87719999,45.75390621093241,553.6694839102342,4
0.05731453459725759,2.4623542363789848,29.00880373356472,15.916220534681827,120.38493815077284,94.01417703349989,134.5982902753845,0.05821171782893613,1.9698417831569461,14.206501942659411,32.08875768157671,124.95288542251052,164.08679710974687,0.3370878037424246,9.056003915288299,16.948880172891435,89.68488119616471,87.19482435062154,17.437008239246882,0.32846500301971515,6.6707405488664175,37.980725822512014,157.1696457909938,50.981076468932976,1.1091179257127326,13.691474591646797,84.91166150521192,124.09472599936147,195.2599435160943,1.3818378079408444,18.318998397871898,34.2202972390277,190.65434192705496,1.579888360675083,33.88607702461834,337.62520789035864,20.535045900203315,2.100033446919637,10.620490795302635,12.171449884559902,5.520620715687807,244.70003941393637,452.80604015023914,8.979378424068958,28.7270098769456,61.71893424737793,537.4134256686298,2
0.060176682782758464,1.7254140604257335,24.78795547213849,72.50721645257862,126.52503890525757,440.0569189388122,243.76394069721238,0.018542190734726537,1.6970558907397324,8.657883361533667,10.879434877839717,14.635079830876471,24.99245007488089,0.1596856758205233,6.693950631346188,28.86079538277815,81.95562279481825,136.13276972423276,500.11686454682564,0.06741040244764186,4.983361111573442,46.21680799435694,202.27719425831282,81.69371280016021,1.1620891654809349,16.570325571225403,51.330688633673034,223.04470949527285,76.07000166996495,0.12409442437380663,26.07659998993769,76.97326445387374,159.07648168829954,3.2215361262618734,25.170852372899205,324.87047197014977,98.53749827905162,4.147695205628049,13.120786575746116,173.66357971251134,6.756362250605914,193.23922520747465,391.2152588590669,12.633832007743875,50.19523082631519,84.22750609023052,546.9999677488673,4
0.10412376150832614,1.4938779842313643,34.27036066139139,51.05954974142264,99.1941382454415,290.69532846814735,158.10916846902424,0.10217303062497538,0.8216966833761685,46.3623820903793,145.50007540754308,158.13602975907398,302.31714260905744,0.26319199990883435,9.522685125720754,30.432838568685593,115.23160115420494,138.82601946443285,76.05693792406349,0.11235476232041719,9.851938862478601,93.34903299302923,56.63902614537731,111.22162728878665,1.8988967386622564,21.731248984176432,50.93086563325909,233.45936824719627,227.7924003714971,1.5563729800134698,36.48341747040304,118.51354980096929,24.11435749103995,3.937051888582461,88.93170303413706,327.8039846436791,208.9759041038916,4.916257383295257,81.80376501439393,87.51664896691047,11.847750385524332,196.09465840052945,363.11754844185356,6.199976829386886,21.495606114899232,45.64322639121685,645.324270936258,2
0.06991765154003848,0.7584704176772351,38.12025815718083,130.72346465819524,165.08564568043573,92.78190200308146,29.202702873027018,0.44754698710336827,0.07383968,30.019333736633413,111.3238633227266,107.32674124004329,318.49594957,0.2322735437646839,21.280110857509875,48.67828155904769,42.91848733587196,286.1252782250298,491.24637423559557,0.11249938212034064,6.624779033294297,108.37283678371926,44.529644065565954,140.74006343001776,1.7236872592712063,23.14108683533906,115.95802010288185,284.50769563160725,121.48244851327016,0.2838517033850053,14.622797884008298,71.5166596193136,253.6590778499113,5.044654554388001,30.355031067060917,309.5947107971142,289.7589475041276,11.132534897452288,23.73971153291547,212.83163088524583,12.548015083740115,256.0442889735981,270.3507551470384,13.118378225135057,4.557210438608994,51.45277869811119,582.1864295312059,7
0.04818332026518139,7.107165707224277,33.65410548940775,49.032010355138006,178.3338833262623,407.3032106460313,99.30631427315025,0.08922012773769976,1.5587407551257242,13.69466294397532,93.21871461058481,104.5839993507785,261.8882429305318,0.33498742276659277,11.915022191185834,55.151774280883544,46.29477992550875,179.00081437633565,39.090971948350436,0.1253334702608866,5.545120854552106,44.04077043555249,104.64384013738608,272.2721552086155,1.101906933589273,10.277210444824169,77.05141921701166,133.21233937252143,181.47219861526412,0.6393484381865137,12.961810868453263,91.03160232900375,223.10188089984212,3.664372604775563,14.409735897101056,294.4326025040852,37.29174776424897,4.442223705827317,47.935150994189726,150.14496284624846,9.287007187922118,172.9944995367596,447.766049244084,17.1991433110385,34.7948394983116,85.31555849048345,553.6643070873156,3
0.10179640476359134,0.6343591822132788,30.643646126586063,69.39849789372641,133.25480115409263,330.4787189187883,290.08601271995406,0.06733007349950669,1.4323274543148437,11.791720240275358,121.52590821281322,193.92409931705842,18.376702109120124,0.2168890783937283,5.325341280979162,26.489900510493086,41.27878098871625,156.0164380107796,125.58073393226348,0.8839233681827988,8.95057168051703,38.048219525614115,111.83842606818907,37.35285920426452,2.0476794149016984,5.993673514500319,104.46333264128087,285.52295625099447,23.929548238880802,0.8135016137095807,17.81143223488374,87.9297920720073,81.99165433187142,2.70264236910664,20.067542998590124,255.78476040109018,129.97577762913815,3.8418218443712,17.17338695145927,46.85850224900488,6.98422215147885,191.92094328947877,470.3332523046378,11.014668781764955,30.596715144935164,63.61654452352562,454.4428455872718,10
0.1219385813676342,0.6556855480380609,18.428188683798325,171.00199730030602,39.069251476886144,386.3798037254991,35.85392895747403,0.021235727746348097,0.30637136249522334,12.79513532366191,152.04844986902978,166.54569778092025,4.60701809,0.27382571030901004,5.7028857537789275,21.251571769644038,28.815523861885943,148.0362490494251,109.62835495310756,0.0957130093073695,2.6515444587459305,16.104503320760415,239.0236645512781,63.211512316017185,1.2862182264982556,20.350601476421183,88.9130166134594,94.97441374713304,312.5348305820168,1.0239329291798558,16.93436783349967,56.822217716119795,212.38318404375036,3.7131668362548806,14.73406409530383,242.2216256921394,54.39159394317861,1.5594827734949095,22.542366122118178,142.27585942465151,8.580160268945061,175.08587661378903,333.4217835850393,3.0285065593411997,68.89259587947976,58.37769296397593,531.6587654171608,2
0.11362132555035045,1.72212421720427,31.03961850705059,106.25499065308621,131.97639279490426,143.89611671572908,373.2414699407747,0.08143098560068014,0.8578129787199009,12.40816114919042,59.64880048553067,51.03839226159158,98.18347221851246,0.957656554341079,2.158087761323776,76.53143358609607,112.90140265025178,272.17035992766523,66.45162331004627,0.19591687954412884,2.8995685527643076,93.4064141099019,56.50457029005311,43.090026174500636,0.5487583714124871,11.967555663806031,128.65182690566,295.7779267057087,193.24971345255216,0.5119962399397697,1.2482046250263021,2.07886167,233.4523624773288,4.277529502237416,93.70503987376978,383.53679439436763,33.42663213020235,0.10614194002670718,18.374701821709326,52.01505110651531,7.925024051831361,209.13138103843065,294.44601780279913,3.9608817952135764,22.225047623872705,57.24355101889544,562.8523707080174,4
0.013393708057349012,1.8652131223123096,12.88784557101606,36.6232682608663,59.67458254481015,64.0883891078607,337.42308390522044,0.08885393606808573,4.848782646063084,29.71127694048709,151.4559218412873,167.51381801318212,40.576945487063384,0.12597528982536088,2.6895804795263984,27.801659279282177,61.930163453173314,285.0933988783402,133.8462672264177,0.5411948840620703,11.614354504553075,36.22889296218516,94.01164706306167,196.08675233241016,1.8549216715037744,4.093431899989865,101.7070645923531,101.13194022725399,111.36014801039923,1.4509411054014743,39.05573435282871,98.62522387774371,74.58175263225874,1.4401855641514152,42.11271117327617,280.6662621705244,138.53783067276166,1.9413391411200767,57.49390342274042,116.90885571921845,5.9209319894844015,244.8057884706372,280.9048570750501,5.755932918910384,118.36140738679953,46.398549650600216,420.5063322626986,4
0.07174818965038446,1.3111209588753563,9.386060912269683,31.001634379664605,55.59893580539645,292.8817569051673,19.843523960847126,0.18273767830493637,3.3579018201642623,8.749370497997996,105.29469502645398,230.2704819546148,35.50878567116474,0.3371140673385132,5.149259984467566,47.243244884825586,186.2746846708589,106.20833248345721,73.83371506859964,0.3660621257206504,7.526256205327358,47.084408434336105,85.75958606393382,67.09845036760598,0.37928116468066203,3.7218568876907487,68.68445037435906,195.80192814192372,204.31134344846785,1.3615798477405416,22.68082697219839,56.231355552689344,199.10433165417024,2.04441414028214,51.7570384548847,277.74180729764606,64.80459587209185,3.075134619260865,57.441647013403184,118.06876957820919,5.381800277879494,159.3738200055602,390.15427788937336,8.836160940277953,143.98990459939566,59.49098017279607,465.51060196338017,7
0.008288593034131812,0.7167804763657726,15.207417955920853,18.757461587323345,28.10590749727286,411.2901326275176,33.67063132609135,0.22534866663039227,2.229606903432594,17.311049383250477,115.08039199500465,167.00185281733573,92.9169279919969,0.08004023263471534,0.5251080879485959,27.350528466715538,150.94535130637868,188.30447247508533,34.203790259761746,0.1779305480431326,11.057533421410806,53.28453369766066,102.28249912480696,150.46828363796794,0.2682203851028008,3.5707980889766238,45.7144751768146,184.0896111886355,308.55600312945563,1.1058475994440462,29.636321949427263,46.07843329860538,45.28109703895019,0.8799076122947055,40.56171048119078,274.10401003459475,281.3013672193121,3.551268660858176,29.044307222627808,41.22518122955537,8.483380554435161,152.251588937646,394.7018313692628,4.412540683138549,14.143229273443815,54.16321595607197,599.3099833148832,2
0.13663662394105344,0.6007559460840647,24.589624542471242,49.2056730344284,98.71228956491076,307.0842129554883,297.42040394634876,0.06492777198439774,5.247282371376924,29.117416374976994,65.02485955704964,180.02662004724337,4.60701809,0.17596864573492046,9.130189185295693,34.12820202226067,110.266347718259,151.2790120711151,111.20370675703896,0.26999122442202206,5.585001964651731,48.37168377564528,108.63009897549263,131.18330096783333,0.8661607715659947,22.251164992827867,102.4234332023464,248.62833921127338,8.509995168034663,0.9178662495668877,25.34681677511331,105.18871270484203,76.93020293962938,2.770376292068228,86.52476563020934,257.9806858364936,27.984515448813863,8.351217819277513,97.4809525541757,59.577744239487686,13.599745523664229,200.95879226333184,490.60948589030284,12.895986134675637,31.92978515207764,47.72278752869131,633.9315465781265,10
0.013884594830217194,1.7185755424738791,18.759736534104345,81.88115944010168,182.9990256309626,112.22987271312822,48.13393834058422,0.06921505164755598,0.5378435405574306,31.675301915498512,133.39405588563602,229.3695030353653,191.2981278775206,0.10090339924519431,2.7131308971790866,15.979898216977606,70.24048013302125,135.10898136409367,105.2016250071164,0.13951270053448142,6.278508217052855,61.253261903926074,145.23208382008045,125.25213534765085,0.4050268518100647,13.746913417745077,92.67880109253161,90.70042887662733,79.05969409229016,2.9596961897954923,25.321932618539236,166.3148398248482,161.52596090960918,6.498585167125423,46.31180988397084,220.26061038401951,265.42191231618887,3.7811775928317513,117.4432984118557,61.200551106098885,12.181968014860376,165.22113010419247,515.7307360290507,15.352410273871492,161.32142807573914,41.62011236819988,638.6037733812093,10
0.08526551593235826,4.158334535045601,29.39267743817287,92.11595374529901,109.0787503763504,202.52319538475837,372.3034009560614,0.05361384242171786,2.264639049143775,0.81870073,115.06971697098777,105.9401616812359,318.49594957,0.25578567538540364,8.483477879192566,58.868767780191625,43.12523162193084,138.12522036539733,68.81339549851657,0.4148261039832015,7.645398200849175,71.38920619120042,28.547785111670798,27.160101264819946,1.1852066812062465,25.644067460906676,66.21643398990076,320.2603060667793,16.83210549356481,0.537190309380789,14.876680237884399,51.18233273126745,151.593112958186,4.757285383575006,50.79077890716373,431.15745581,159.66330269061348,5.2881557321759605,29.418076703491586,166.17880067299575,6.09866575466208,296.80308127,424.4437711896945,7.004260876802129,136.81280233785859,64.21068467583723,587.9195486192557,4
0.02629963157539103,0.24980499453851418,5.817877637903967,46.27856816191674,170.93431842399644,288.31878839517174,184.54768980492247,0.20351116023293592,4.142840004955032,14.303365849090582,6.482218450715852,197.79009382508715,197.53815451030806,0.09237615360908219,3.988149393774083,0.52874142,75.98375721848629,325.6034978430741,252.45267601548053,0.12623657154481577,5.119567255438529,69.98401592716873,130.41682669567058,5.7025015,0.5112761922269689,2.8229830353833343,44.597982664979156,281.6955006370183,148.264403660901,0.4539831793523777,9.547816930086837,8.02210961914325,30.914171170831132,1.028355432854767,20.13613906621586,170.13286644890908,140.5549272659909,2.935537270800744,48.05743348903067,82.56778423500107,7.986316956369531,228.05211560665091,387.59081199493073,5.228564596521313,6.822824442025375,51.26370541175231,665.2968877244886,5
0.030525649841819925,0.9701493675503481,20.965847630567506,43.28504594827175,141.76724469508235,400.14733313659,180.18597933112738,0.11558905159996612,0.7553883631343477,14.40016129227015,81.95494599434967,113.0925913701896,91.8751295952361,0.3215344428715611,2.4019170916427495,12.338130314193695,93.3099776067566,132.30429367939914,102.68869707892938,0.3241854804835069,1.9237742507185895,11.008705912653289,66.01440137495351,105.3297051001176,0.4650297043684626,20.05072589239075,47.57361862565523,52.45714783320349,149.39681041010866,0.5693802413185892,5.505981010795063,57.193222032833404,144.14133422689682,2.1060805604839343,27.325708487973785,245.07782494834163,203.35351581524023,1.7121204141141393,32.526995309121695,183.42406106458412,10.576597492528965,168.6109692146537,479.0238253557227,15.126373328288363,80.91577588069522,51.087576574194955,535.1074329223143,9
0.030681454936014405,0.5136078346264036,13.46040743383497,38.378441898989045,134.42399746879497,199.4149672044181,42.51349958877909,0.158588284782419,1.9220083429302255,59.80788783908372,135.3837660062297,167.85123995543856,4.60701809,0.0696158603587396,4.644958478109089,28.14094027620036,108.21810188889116,120.14639929424843,205.3018942063497,0.4896894928140182,12.412059499553877,13.553221672203318,94.21152824343324,229.65729761364815,0.3742692013167242,10.153997563906394,107.04204026235291,175.55502290882646,49.88827008073858,4.416112870180207,13.023144561751856,50.49593001036215,90.70010425693783,2.1130823455810295,35.432168709171755,301.4118349096753,200.63992881835222,1.8336573379418506,23.155570509179082,81.99310196958314,4.932348538955495,206.2648098436987,373.7729822346192,2.639208851523196,113.19830759591427,59.047805760176374,517.8390683852236,2
0.02775956985111582,1.3831366807784977,27.858939269835844,40.73339410752191,84.22453563270554,351.6524727117545,322.6010833690261,0.05854860491155399,2.1088574427566336,15.939252732603547,40.734516428354716,23.232389453974545,61.30677202303844,0.3859879127089705,6.445489108344975,42.947996134764814,45.45039999034907,251.541960846801,106.52383207479394,0.12470513884159931,3.198053964414324,62.5527826685042,95.20251156474345,54.77277148654473,0.2794207399584954,12.606055464076954,33.207658332842556,132.77496606518548,86.91750593970434,0.6293015781365218,26.785768071517982,49.0760485083247,40.184949323914694,2.5225939250324902,35.60149174114389,231.9875210948747,20.524667486385585,3.854275449959708,25.655351194659232,36.703949149311526,4.199246975330494,176.518003855707,469.38511877976475,4.9540671024108365,55.840167674491155,40.84513136784372,494.6796436848838,9
0.05267241847890099,1.6452086963569437,30.555605492441995,144.94144294857503,73.77487727113441,180.8015902219418,255.35535564103708,0.18978693852261375,0.27309053851030063,13.808687937392243,36.59901840293885,81.94863110383984,4.60701809,0.09774281432787213,3.804607319965892,25.99501062071233,84.71259684550174,257.32673343353963,145.33164382316377,0.16901241917835225,4.178169200713949,23.006454951683956,33.181552858738364,38.08893778597984,0.37845713471316983,10.674987993935988,18.717522654160852,140.80616630131925,57.27566095876941,1.87619999282277,11.078547549606464,18.713402831916127,7.042503670967356,4.8094192946839565,7.095941718900509,197.1657208311215,38.71226602725636,3.346456747197519,0.71013604,144.90275084505282,7.0501402112724385,157.97854509634564,481.5934613298222,2.6317752358505606,18.296411457002066,47.98390311046031,626.3915181027808,5
0.1692869460913874,5.799769029263339,12.57366814181411,106.94666913711225,66.91134535493428,274.6379738659613,55.392392318479345,0.10800071510050832,4.89761387012128,57.10391407145499,201.55557588689652,164.78533919964187,318.49594957,0.3657906709301721,10.181902214053363,53.43994474700133,92.62192017701162,22.20290965951974,36.54714087015241,0.3381871466098181,2.8487432140463893,131.3715224813152,174.93827201702453,179.6441589209685,1.1750167840928711,6.427257928263412,74.9330758044012,242.52409865501397,131.0344277423967,0.650977214642799,60.01802102,172.7883129070429,264.091208734775,8.523275419857114,13.68274989708617,281.92141465603487,149.70966040794696,12.06688707,51.56614645089291,291.1148972,6.897656812416068,194.1041669145714,586.4651006242034,37.40693179,218.87719999,53.84749607286807,462.73773096861964,4
0.04832254597392806,6.273315613003634,7.635938042183364,29.183519879872403,199.6114191739386,253.0746051131781,166.64471111598016,0.022466590196392043,1.2504364851023682,37.803442638354774,93.5843363371216,130.84202700818943,220.00537843468078,0.22711387122672655,3.8346243167402303,34.39703317628004,225.76325979051973,99.05187755433519,52.26428208566182,0.06911601176128541,5.428741485029669,94.94013932711532,112.84996241604891,154.73728585522366,0.8548335651891502,11.272334905617868,71.58259138693987,395.00772911,217.643447381716,0.16641290017619276,15.634144610860481,130.1925247844955,212.13236781238405,2.32116668682775,25.927985899101383,313.7125512985949,31.340843226040956,7.650409911999077,53.782151263106165,192.46825382669456,9.428138394178111,174.62288999765352,452.42656770648097,14.286689526738808,119.6825746558744,66.43183997445703,462.9081127806957,6
0.030702265019651512,3.062764413739531,1.834784713725063,109.46059250420276,110.09091292619111,122.62828032178601,157.71270289778636,0.1680116778455359,1.931017398160971,15.352588369027547,60.42608547843032,121.12379724388464,318.49594957,0.05100969217444806,3.3417996724691794,11.18037755559326,80.13977526796353,99.55083868958324,127.48976301094442,0.0526455166807903,5.415224039469708,19.232069266042057,191.09711826927747,139.84033728998284,0.4815990929240702,8.74266148683491,197.9282139647853,169.7682103660497,158.06735158926693,0.39488582072706063,0.43353847,21.37349192118748,237.73266028712038,2.3898178734501685,31.53234328746659,277.8801174191076,342.41694859950917,2.0119969193592313,0.71013604,182.51811192983502,6.082404791585031,225.84130614855871,468.0611960760803,2.839032058885072,151.14082240241837,37.568768450310955,548.2304038745021,4
0.13091153018591384,1.6179858089395034,32.66634741656554,58.66319964586032,187.18958796260412,73.70585660171531,290.036734962463,0.047218692883672045,2.730815352564952,12.257728061120174,42.33490973321357,153.3846764492262,147.63411838924773,0.11373912208979299,5.2561546783336945,56.54527558538478,14.941674423213591,119.07141526194262,38.66327465814032,0.12998263210483113,17.018959464679753,21.383046650716253,187.32792315916615,149.69334474252614,1.4437559224440506,12.196369150699574,38.9170006585421,108.01308569192949,66.54620132487348,0.20013429830076024,11.802288985366719,139.68008681997986,152.2218974025655,4.841145607504082,9.796122279078691,259.55903221345847,312.2645785716642,2.4121354188756574,53.14562554218507,162.58779299308668,8.036682028579333,201.76232426371482,579.400610657529,14.502315189452087,76.31538449495109,44.90232357450415,468.33986415355065,3
0.04257212868531868,2.066075162842463,20.33990739341849,114.94713078503463,103.77806660428926,257.4107602445812,372.22473649094735,0.04494126365534901,4.9187866106521945,42.082085658590444,73.58689747457603,93.79215452550513,318.49594957,0.21785499896768312,5.144661636641642,24.120213104953116,218.73516852053763,25.03715387456056,80.91138211284797,0.6782599341717731,3.817949704078268,124.60232226916342,121.41333494828729,105.82827637699654,1.5336642846020894,11.952292994361015,110.68627763672094,289.0677979566091,27.267326064758862,1.3708403308647665,41.35662763707208,97.15519229352499,155.31434323526346,5.450871722185521,16.21716149180797,276.8992032614124,2.9829699488085772,6.615621403135774,26.38311549932807,128.72671174556345,17.589105295975635,132.4578208130057,291.6410303784158,8.911880224522294,124.56962561847183,54.00474012505886,404.01297400373926,3
0.09680459634010019,2.8021121140709684,11.87784070336919,19.32577947908504,82.06656700749113,250.2911117595513,339.315462021644,0.2436112227370253,2.9714427622665074,15.04993276225451,118.78655924912262,99.89673391134049,76.5715423553143,0.22253109569214913,5.381304712361372,44.09148877025894,126.36681965153782,210.4043484967907,75.58738409191275,0.839359774891206,4.167060820855006,50.24229099728179,68.50609398947857,120.76505499021376,1.1444540028381158,23.307764758391972,59.738905745783036,250.4922328056903,77.17746932678563,0.5988431197592106,25.108568770903986,95.58070503346532,74.53941084980704,4.750306085950009,27.636908790929237,431.15745581,251.27782641075686,3.6119348869127257,33.05773939339579,190.21544150408462,9.585301347639293,185.78589896765408,461.39933812955667,8.359278370134229,105.99911556050687,48.43946275910258,528.0595355664209,2
0.0684135390367461,2.579318184532192,27.624559570535638,90.5074590531467,83.75900197615496,67.56649669036798,158.5431180341319,0.19443015285872486,3.4775960101698686,31.458529321474394,57.82095800842971,105.18134395885487,197.54726390356964,0.08251138816748936,3.075970497965976,36.11453388911473,213.68007399876706,85.11966997076323,119.17115000400405,0.6155087940120094,25.812330733215077,65.32692928561741,86.87471255149538,217.10804450264885,0.9964984893364861,25.320916033974587,120.67094388487777,168.54486393606038,168.39345404314628,0.9082810960514129,46.57802203424285,99.6890174553262,183.98898484741574,4.049755697592403,47.000171645619986,282.03467377070893,91.59351540105172,9.657831375150053,45.74008718216743,136.94772514642062,11.298115451757239,238.0245288451376,393.8144382504519,14.4140519802095,166.73359042838626,53.64975407940734,532.6594090943115,4
0.033125059490785355,1.030145850236475,48.918668339695444,39.727279516007656,88.7609789836936,186.3754645914027,208.90903646898693,0.056963581139072725,1.920425557999081,75.33569488546746,63.239929549324614,205.94869714944917,4.60701809,0.12361141486898485,5.779651728859946,51.111758859120066,58.638459044362314,164.68324203333907,38.296392696162734,0.18133050075108884,4.825344636225468,32.259071340847186,123.06533406705117,55.29643284302827,1.1884370213760893,13.178936406569683,40.93226466879534,274.9598107628016,46.85400976373799,0.6454805054058376,18.159262289511844,60.6378624970195,23.714725128007018,3.1311372730860443,33.16274506284326,334.5331537846916,46.38227063097384,3.7222782780917267,96.56094655669136,142.1784784110133,3.2238980449042143,177.12940748292652,335.93972760174086,6.161891743316062,24.521313565792834,68.09944220381247,490.2042172388961,10
0.08071068297164391,3.815375018261051,31.7746389062286,43.038082136413436,197.45746172282455,382.3707624974015,262.02778378988484,0.08066059618134185,3.9155159414172154,75.1489664003258,108.57421983985972,199.87847616665348,11.153409686832333,0.24459444202072242,8.830980914774264,48.78498271682813,78.38754796335475,157.68097825504984,86.2059432944799,0.2919107562356039,3.8543802445335,42.99414782986118,107.49180768676187,235.5471718545807,1.1350052107475108,24.05802690306446,81.8642837786905,285.2112627503335,46.38332908894205,0.6233371773078665,13.189888297144398,50.394006762247656,60.12382933626997,2.0385065052837508,35.496752988160054,210.3717651091267,288.3070557822968,5.350705959447069,34.547499540893085,160.1417464500074,8.203637702139755,163.0790554679835,346.15209926727255,7.373933735329352,106.89822010537677,49.981950140512,524.4706436720172,10
0.04226058039010757,0.5249852192639333,13.219045961367158,59.90739927740226,105.98279498485765,170.5789377206931,58.26381540865063,0.053210067299492333,1.8184681270392749,42.21448253064379,40.57945700697143,205.08362397411233,4.60701809,0.10220979348692799,2.714055433596054,12.798227710013819,26.690168988152955,192.2401240701971,106.05047130551458,0.13473455583193486,1.4729802343264269,63.17719867866391,67.71055327151589,241.918859533563,0.3164898861541212,6.226385376984639,77.41490887522602,104.57313634158528,244.46207154082765,0.29341000584481536,2.733147513560886,139.18572154549184,188.5461917387577,2.136686246765657,38.473385666671504,249.9861544481195,199.03843492828378,4.840666893234571,59.91531544193517,195.42358469345442,6.818087712130924,153.81077317458758,445.9074827626721,9.066113680913043,24.006957741433645,50.96885483122654,594.0424141635306,1
0.02153660413926954,1.832493826023569,15.858044107754004,18.13343429872549,120.41717441372667,109.0333436675406,240.80408368398713,0.096172794769733,3.969493914381143,58.03436228933139,23.391888609428335,210.16146542547534,15.607704810164847,0.062278422539436315,3.3883095374670344,16.33798687755797,117.65310329454813,98.91195155401243,82.81339612869063,0.5482516494399519,5.6227952333311695,106.07979361052992,38.824077353799346,211.4281600893482,0.23460101965913485,6.485185429356713,96.9898662395084,313.286843591296,127.9352255192021,1.947534313190514,16.88134335878875,46.282895630011126,70.0888930274769,1.9715965375097557,39.81916345956456,317.05968800296216,178.54898453779887,7.793659253705753,91.38833227378002,73.55287163250314,21.00126130867398,217.07814037040367,501.6113023882813,4.078518297634338,50.53216203578829,49.10342246486423,501.49818639646463,10
0.3391208383593914,2.1804381493377893,36.98303505967832,45.84244787580604,93.14780741134052,347.2784612298055,14.163523877131723,0.059489192891224674,1.1290421987327404,18.02520488542946,181.15516870827614,156.70350107454334,167.83435693606873,0.31366417599631674,7.751499089133857,38.552947083894715,10.606488112287039,194.1846156661353,148.20009964133254,0.15422240134833964,10.61961192334559,114.35928577133437,85.48730289658275,60.64161946397101,1.858362380261707,26.54537147342227,83.1516955161683,291.93681628780143,123.34519177815329,0.9126490005781216,28.399541777128164,64.11058626500507,247.90232282580004,4.186730160469512,41.60880122060779,326.55354492554557,192.95863607122206,11.164494594725936,26.03287996309019,145.33366545992868,5.51933064186901,149.61289708710845,334.93378037142145,2.3301737066272485,162.83726745921632,37.67329951843942,464.514733403624,4
0.041954430801166065,1.5413569282973558,53.79112385048863,119.01103616442832,88.89033155759691,372.6666848474376,0.04566031,0.6108178129463349,2.5055966335008653,17.290505856081204,27.756606291997723,51.66780373249043,100.6888532122915,0.16654739978820987,6.141596579516284,61.038835720608176,230.91137222865552,173.57491307218646,134.15479629169698,0.1812855206576442,8.793686796911683,1.04835619,68.19477249938016,100.53588985558676,0.8091725745111744,20.68968735002539,48.02932498930187,130.15168962970526,146.38306321232528,0.15320850210496395,2.1729549953985448,2.07886167,81.21863065845656,2.1645296609362754,25.65801539442784,205.0601032093017,221.8916373402081,0.7247846552616407,1.8196206030230435,1.10704472,12.421292983414375,282.97747208334005,365.0109659322537,3.258144933166727,0.75313,55.94579552014796,542.7297814711065,2
0.02265254013249346,1.0754143526626774,24.973252895013594,104.72702836655715,202.07203677518785,210.51974723431792,40.84805510358015,0.0735981863219588,0.6508644716261534,12.807866175721543,48.53691904558498,176.24022718874713,264.17978433609346,0.12837890280055902,5.867882683795026,29.198745071118083,73.80396170589013,168.37513573597033,244.07121144879244,0.1370844659714252,2.1910369421823916,65.8634548337435,47.4609061984162,103.5821002578064,0.376968329466879,20.213469299286036,39.50583841412129,243.47240216623402,106.53499586420921,0.10340539578619196,5.367709589423368,53.58508402862126,197.47573030729112,3.8469013535705985,14.083369498120634,272.1323994688285,186.999583093246,8.11407383810533,25.793957703148404,138.91586272882472,8.16456842485912,235.02234805955845,460.50388562595265,18.551879310761215,50.3937224984598,44.45845043049816,554.3585259539836,6
0.007408467540045344,1.3004210824440618,43.00190955965506,82.94554127469262,146.56824314569968,165.37455667479884,277.65263181148043,0.05759643069236005,1.4166180939987543,18.110638741581397,23.874375166924494,67.20186202282974,208.03204315871815,0.3304374949162677,9.7573887873409,66.02042700195368,122.8043998931113,20.481159310541827,14.967170187145804,0.12387357368382196,8.944349752342053,71.24086250471935,116.15908422690674,132.4053786208779,1.1363282217650743,19.68134893462572,55.70938148459733,181.5754124342534,154.15107572956435,1.1005127377297756,22.172614275327224,68.62792845685584,101.64997889064252,2.4676215175760774,33.10993050071931,249.90732273722855,150.80701718169976,1.749724520905718,32.35187185456124,116.00874375906182,8.879286447799407,138.42184240461637,178.38443798070722,15.875415816132408,118.19199549907746,52.972029135717314,536.1514059176769,7
0.04354424889186427,1.0287298068830806,5.221519480099464,31.276565973465658,152.62740101228945,332.69691089667066,119.51583385364123,0.18630483525295802,7.05193204744546,48.44597180167355,76.8406945787286,160.86104406298102,107.80020487224829,0.11554260277753374,1.9586149673938098,12.694165807540099,95.5744079955723,116.90335987634097,214.150682586268,0.252551448193491,5.189858642358571,109.34054256695994,99.18391735792063,72.74610851221965,0.9091934740554891,3.4684787514326105,115.67184290364862,228.06411751911608,105.32620265020292,0.9579927777356845,4.261910521085629,59.961095333677676,130.8519251175607,1.953760964567823,19.997454094157906,236.9831722512084,18.13769103390065,1.6487475808096577,16.254181907233146,58.272118227677346,7.236570525155852,178.00076613062015,373.12049831832746,4.23760157680144,136.2205934047483,51.59886321839951,501.7445921272358,8
0.018803227705120735,1.1378613282770877,25.05307533687213,56.3204941014112,204.21372405686319,54.75973181486282,245.0878535200516,0.06899940363986097,0.978147907897864,9.162849533153908,18.075389624058932,181.23884749366778,84.08076796240007,0.1652105854119089,5.22580999465962,51.786992768101385,244.2532984593906,161.36203452306162,47.80595111754575,0.30007061638648136,4.591907875425271,103.7851357556657,78.29631541731212,124.81229258233411,0.8438223829722071,17.752143471344894,31.671765314621236,228.24993318370957,82.16495307082108,0.7948853724353062,7.616600352900296,73.92059042200304,124.87755043703297,1.8325526581814495,29.409522088088465,352.0841958313966,189.01222899932668,2.4486346481345747,39.50067035097723,57.993028498417736,5.934687620852232,188.30649744976284,473.5478894365097,5.567528519445785,171.89866593097406,31.261780877028965,544.9260474066394,1
0.027767408322607646,1.102648205128789,24.86146089289106,102.21726448593256,72.32059443561324,563.06157325,18.471301219343466,0.038528718712199705,4.216853737696159,11.043445610682404,10.590484522860642,66.40430869977263,271.2903182981525,0.26308756393263427,10.493031017263952,38.597763829606976,99.48932614014028,333.74296584230507,206.11892918476252,0.0717384847501165,2.230166196829029,11.444149196619126,19.234262801768175,40.774690306280334,1.3091017095197532,12.597906719692267,81.59407183479276,6.97255874,228.61124721395856,0.03191206,9.32904135928727,146.28363210114148,151.8075889421424,5.678437887154882,50.460609456420535,186.8579528268738,44.59050875685768,9.272422526459202,11.69100300548487,38.43187375298509,7.247448942397111,248.13645979848732,452.4329549552624,4.335135455040553,13.608318110332014,62.57981891597299,529.9615562935497,1
0.03340540763469673,0.7844946649489059,2.6077679155704168,67.39213182880913,181.394917259527,218.6336195762676,208.6121625719706,0.031576811419244774,1.252512499083315,8.738630245565984,40.38680092084007,199.74276687832815,318.49594957,0.12330552468925607,4.6917639314839885,12.570992068480653,224.66003671979735,133.01480446734203,49.47106013801291,0.2357270937565066,4.229446331878895,56.50102013066328,277.90516546123945,193.92609043326362,0.9867624202638781,7.914526060500632,73.78884177716847,106.93308603086057,217.7795790865885,0.5351291461861604,11.522990795649093,66.04372542080226,40.375221247366326,2.1833669661008863,31.981055627478682,324.37255464820635,182.04289085170655,3.1032804662044122,62.339446649418015,142.71208087594425,6.782188906445144,234.45824197065014,362.5745892121652,9.6362475714916,76.05424908418607,59.91869811753479,470.1989970978713,1
0.13632747522216163,3.014448871929409,35.32992001099732,110.09341670152627,123.22202788715168,264.82020372672037,366.91706548585626,0.052759984115601025,1.5051766854584658,49.136137944604904,25.887795369962127,258.16069296364947,28.742831856565513,0.33166028852679524,8.564122984520477,32.43635650285718,81.51573537149541,71.04841373896248,230.38979098629537,0.12405816901316412,3.9845580792352586,35.494931560063996,199.93017699102992,131.27049111140897,1.2068016650680113,24.552858512014563,84.13601074291014,189.50040396323664,122.76727406762436,0.8333298057172579,8.980065893540157,88.75501254918595,69.84418419522423,8.302704737894766,26.122446628839874,286.21227321049577,12.84249510779194,0.22328827824309827,90.05426218932651,111.12084060063609,11.088304992948837,119.71477813040516,388.27162554455964,5.5099790800968504,196.9917611204886,45.49433213622182,432.1446763458146,5
0.09842047213659279,0.5192350368272178,22.559527206748765,60.997919945740904,67.8469261850901,441.0209989261319,257.7843752762263,0.12984408077464057,5.588886270498678,31.592550818258957,168.0920406275725,191.14954945643325,113.50893112863535,0.17976717171021084,5.451738514986951,57.11765578102892,126.02666115178067,70.38357939357752,33.51976571408634,0.4565004977376952,9.481460693203866,120.5556310225761,105.17087372201165,218.77115356379824,1.3182442503160026,23.878856968135835,91.07959981756407,25.298880818459423,13.510762178085393,1.4600698449489504,39.39317680903733,134.69375894273242,169.83233198382214,3.5096146078354793,11.961370237812812,273.131362880492,178.49708787310965,10.482709276171159,26.62458926938993,45.67249220485875,7.999501967938752,180.34083400862664,332.50647131313616,7.184767281328216,190.76281837999295,44.336528396333776,467.4250097943724,7
0.06578822067583465,0.990098398361531,16.31815878422666,69.93502076859609,61.58278880257183,442.6541353813729,168.30027742017444,0.03752783452074176,2.547945641207355,21.567550212315357,39.57695874910437,128.35914143675845,5.905569874345716,0.22693564999443264,3.023752576074711,29.822061993865987,103.0733905398393,329.9060865985373,119.46345739187085,0.11268007870616459,2.6441816032597005,5.442458683833857,114.92015180023026,39.51871848561915,2.1043130519626163,9.290682146365267,64.86409163383072,202.91270188783466,163.98524296668495,0.8474690659062951,8.43434423830034,10.920719573938989,75.00151230631315,1.7572647981096927,24.41457927575812,262.4183374884094,41.24565515961914,1.9300623784966344,11.337470003116852,27.324862815291215,10.6709082517823,239.815695310706,426.99514868308336,1.8330229443119652,6.773156256582933,51.49966395251711,617.0143012187865,10
0.04191904584850428,2.2487450778077314,31.1235007361905,81.03714548417513,78.98424791484422,123.72558039768788,172.3443136968237,0.07754670405200548,5.636957749398006,2.3963582144454847,71.17475574927587,106.9559410420087,84.2644980218019,0.10013869915392458,9.38237877748498,42.34452528836442,103.7360683510204,344.9507403568022,175.45836332333067,0.175722616576891,3.5037542298803914,47.64792838089799,83.65098286657782,156.84182248501224,1.169053288019461,17.029742380903937,104.31114215111516,309.8515170730598,167.39375809246602,1.138662592565939,9.727124715048564,74.09218681434199,51.49565880025388,3.5093950245754546,17.04265282837406,294.0241944855942,226.93028391155008,2.659394159430438,25.17005655287585,153.5915191404007,5.5064104019218405,196.20592606561098,271.8042905713692,5.460665305594249,143.03325185202496,43.135520467364636,449.52277908077036,7
0.07187375065679179,1.1174121263684766,25.02489244521211,34.82391227240508,42.963271187873865,220.6560624345339,108.81673724233721,0.09925158171407134,3.3155875752446375,25.155279806174647,52.29553057276035,36.720247062569385,172.57729025347984,0.3932414003887233,11.645703211741932,14.796947990656717,147.24378478082932,74.63483496754672,111.60293293359685,0.47610637443283577,6.386673694735133,43.84032278951732,111.51331620370055,117.14688859019533,0.5804041848529071,31.78846952538774,76.04666457909518,294.19536907894934,48.38993118598988,3.7453788811043243,46.080606905777934,175.4784067813404,16.564387914947726,1.7567364651470867,43.15329488519705,283.7621451228113,9.200846369621082,5.907341380689947,43.44747311459378,120.61748254044208,7.595515747531383,208.2962018321006,360.0424766605805,8.847842577134697,54.79100556243889,40.221411517004,503.3503169544357,4
0.16153297914275597,0.7204573601992081,43.44101899638179,128.38046702286124,110.44848266876201,323.9317319081415,160.0335421735728,0.08209791608854937,2.476250562298983,36.4665996339132,35.25718461704919,145.23093567636323,187.85935303870966,0.14843527967526363,7.548816808018826,67.70135459905441,43.8945557252535,268.07023486867445,142.25074306539545,0.5496950599095906,8.315138276705895,26.3483147619514,166.19053605843604,176.16812436636712,1.4717296256126648,20.329588980044196,110.78992191776427,269.9656819374299,45.12854778679064,0.401802418821982,16.4829069809694,100.79820241418298,261.9015125213433,5.591804192667672,24.88155618014689,273.85440577125104,118.5847436054472,9.253438254028893,37.12019685628141,202.97783241236561,6.1153073109755685,187.81983750176283,373.09767776938935,5.170311753891341,163.88117887535276,48.70466602177393,481.33045704474637,2
0.06104415560143536,1.7009928746148135,5.750001196926288,158.6046141531118,137.41916686130207,278.4658484363265,270.34140967037285,0.15886320539626464,1.2610187684259206,22.133339034991252,72.34469236772017,173.7815167722015,318.49594957,0.16769623141752965,0.26001251,54.18405491383946,40.65031984220033,4.6924618,156.02797323091426,0.00877772,0.14045953,109.71319923757747,240.72197227054474,52.94040843748461,1.4271044646175228,17.46359492440793,85.75803924860853,175.26707148733263,132.9198266024981,0.06561698621552692,10.428827019380472,268.54645901706516,126.34582338819253,0.03186483,13.787008530729281,419.78577126652954,374.6945624458659,6.1756842840367785,104.1132880349449,122.2878846495326,11.95535805499074,210.18991688973594,344.4615772078103,27.408093668255454,55.91051902003616,65.79372980282744,503.4232487949236,9
0.015171943979501955,0.5716250455253518,16.99238814599203,68.84393680091071,176.15836486290453,457.86648964253044,85.60285718453576,0.14378551181827953,3.7922366126967417,27.652556315656636,8.704746757469856,94.54856751077692,129.26509979062172,0.29507172496855766,8.50447832473817,47.7123280656893,79.01340649699412,168.0998975445109,11.873394955825379,0.3957351152948947,4.356279600896836,14.412307310836557,56.32284420900256,97.6624378937795,2.0219816432576376,19.132405661223586,49.79088886416879,242.08376603739381,122.60119655398574,0.6145470658560268,4.8722379837149425,51.76513962948396,174.19698321788638,3.7209171561281584,42.71344534194455,265.0495400179044,59.61858810152936,3.1689062705149182,24.50204732960592,70.28225514371024,10.77388325464874,212.48062019493784,279.1959448190061,3.9885431243039333,42.73677319866985,61.96163227811426,410.39060659543685,7
0.01487688222997188,0.9182949493725112,10.102340633910085,34.44182309633724,57.4219084030986,196.91913428394048,77.7523347585108,0.20059777308747068,5.295340441786896,29.356728318401586,54.15384367316581,60.68336342528604,77.93104096333558,0.1833486809956909,2.2723214663059035,34.87044031016919,70.09975844784742,183.0076120705862,78.19663558395713,0.25708843169957046,6.6118975938448905,41.2928914936065,220.79659461597015,167.56960854890107,0.4136412797014786,17.816216759123446,13.021283428426344,164.31912168987256,76.67818345764817,0.8552321530123189,10.092263527635703,48.654698738044985,206.9189548457266,4.347818192915293,28.955090727787173,230.56762774469763,52.02234327694795,3.741854298246488,18.357289825115366,55.52367751351349,5.584179960534187,176.1879245753527,318.6749320250116,6.168583061647013,10.373765115983236,46.99454026329935,486.1486127521847,6
0.028604471625418012,1.7580985326904799,36.61915042622812,49.71713703382699,130.41776335752994,304.16813657085686,180.29217502456083,0.06881350595057448,1.733520913984977,66.21129957345879,55.248928982779546,60.38609698408914,310.97232042047267,0.14534550126574328,6.145091013569422,11.686486537759574,149.0893753622482,298.9330897944033,95.22623800120017,0.05938321114784381,9.612320100463355,25.974547547687784,92.63036965921299,87.71827669609337,0.7067265322341482,10.838546417182668,106.19671558896236,76.1100387238261,123.62482580351997,0.6187435426257812,17.556010828965256,46.30762357753466,250.49660375115383,2.2596602565465376,28.620947111973273,299.4675118425695,62.03534910683791,3.108405237376701,46.53020262430946,76.46031196490964,18.7224807326231,185.0384543057118,388.0132425484086,5.15100769959114,91.07957446141651,45.23887785505903,542.219063274797,4
0.11035380129858453,0.540795544688876,15.98452644061456,115.0292093935294,130.2917379536178,191.5600863644898,364.0305260620414,0.10516424126685078,2.1806889409442785,46.4892576956003,159.50571099628675,127.90552193329044,56.93531667723803,0.1444816111937155,10.849426275501562,28.323953519976925,130.2621504697175,83.41750594346551,23.65070771920067,0.30612713639690964,8.331655523733158,25.266656039238967,108.60009822809293,40.467630330780196,0.5623554934109102,30.08712684595573,121.81357574090964,164.12265405784476,374.9767346053836,0.8739477027502899,18.57647850501398,101.99674902713426,36.268222233927176,4.503666840188025,45.918444050743155,261.853876010863,41.43486768427165,4.057846088809302,113.58428284995136,166.75105678703432,7.122121917883694,236.1893616823173,416.0917429520576,19.971806782205512,139.3591243443394,36.89291090465461,524.4710669114694,6
0.1071422341371987,3.275262916074395,5.279714613449283,178.474095129268,30.19675876383315,76.70839436672256,155.86691541416405,0.10236641145912997,3.047289853142529,30.767037136348875,174.12000698090523,70.00193554220849,318.49594957,0.09302804506857539,0.26001251,4.727365157695857,14.131904026030163,122.4285465023961,205.61325254110994,0.38177482820999464,10.880845973801533,120.81349828041475,126.28028604652806,90.05823841785,0.7093265872854331,17.339006858481135,36.113581804937624,189.3214224922258,138.91952393484866,0.46855411624700016,23.3633322032261,108.14094366275268,101.18712182226294,4.272036562787048,7.027954308481457,284.8067088142995,332.0198112421958,4.001963360695465,60.192918690004895,138.05208399299568,9.042467988593348,155.41318207830602,518.1537383800608,8.945849421910145,158.40107493230795,37.716984259036,454.45947211739053,7
0.30448087209739916,1.2418224568290355,15.330467198539942,34.63989012910196,27.5098639419305,216.64659655461935,22.70771762119535,0.2979572319774574,0.9590710531691444,41.11758495986477,158.84636303446865,218.35617019171167,199.43924905822433,0.2934754600512877,8.088806805320296,29.019293909542654,44.38139205170463,168.3846202204931,58.65521066547919,0.12774486931754903,9.746923885237578,105.20302022566618,242.94844028053814,100.35490662606011,1.0721122331810207,17.88693646999594,70.27919012324267,120.30643362457786,252.3073688246006,1.009627454097358,13.941882103805932,117.05060738721534,24.13935880359265,3.1080957594641476,43.08401920926772,230.63631552531325,173.0399762524042,4.344513686748148,64.46005031899756,115.34762065953657,5.182388686179065,160.82985919965142,421.7147135709979,8.238752816203808,91.3371859010594,56.65814852107896,575.7080283348246,5
0.1191999013575213,0.7419456871682794,25.39113084663009,87.87935917934067,46.491310673247355,91.59011461679637,255.61633543023743,0.2402390222084752,2.3831754054136605,27.00219698238741,168.37379932641264,117.24678103153812,113.09840835790195,0.3948435148641255,7.254657168424441,61.75962121497476,125.18493792815636,16.797699110880586,75.43312140868794,0.6726859103142929,4.714900585783723,48.23417543912616,95.87763016033644,186.59983622428263,1.8705696432619572,21.871354182466902,36.973157829445725,259.6119651917461,220.82526056167646,1.006690564479767,23.970886305118952,77.25010735951481,87.63529775194417,1.8367149453276297,68.1744486681627,253.15606711244118,182.59670745065037,7.9570382703616565,41.26351483217498,58.01579743505589,16.544842772381994,171.30520297479066,245.17937888792756,17.33267811752138,97.37498580036333,71.20797576043934,459.18936448589375,2
0.025654588862035005,0.7143492232060112,3.9894607921205605,33.00909451913894,127.88506488560216,305.3888487860402,284.8920253224073,0.3705683882651841,1.8281213950392514,27.228310186141822,112.96357911128858,18.406830229494304,150.29851176460423,0.10076716511172662,3.8078580295603084,13.820411682920168,110.50248638208558,193.0609223079169,342.90586736815214,0.17398753781730653,12.072421390204212,29.455821091029293,56.35156677758005,158.07703629312454,0.42805788258391964,22.6008871180794,35.18118373797024,149.97150690926853,339.9777613284028,1.6103107573089406,26.159570854582128,70.41576915674636,76.35182055008728,4.406897902120918,12.433934496109403,379.2835726371804,15.106193194704819,7.249226534557659,46.93552436243434,63.61468087754109,8.92699054220965,183.49437295209353,268.7112546775369,35.54866751220318,24.968299680701442,62.00936785835178,425.82965329864084,10
0.24992008564814722,1.2665804748751834,30.405219611029747,147.82289584170346,57.28921011717239,71.7573177891826,197.55773709569266,0.260820053203061,2.1492317677171453,26.315746020415837,130.59998524314906,134.15360122819504,124.57228524233608,0.23224589706434265,13.442520542162864,72.47955525505097,100.17312026240646,114.72408502328422,83.21725838238649,0.15396461446733584,13.182016255492847,68.29314754549802,141.90285371675105,119.08758401247867,1.5442565806175588,12.705731393704717,136.25509818751505,280.56858558201986,209.46758244631474,1.2719039061138786,44.93033715236909,142.9167780656952,101.2807862269207,2.4664091702559716,47.298291970720015,423.59177646173396,149.8634042417819,10.884874959231123,18.12162811782766,54.930226874367165,6.800302673115464,283.2458403729937,346.1930007780211,5.685393165225147,17.483570228148093,56.93710220263873,456.60960703514246,4
0.1355933348543994,0.8317779161397054,44.1097423094278,40.157744701042596,81.53378206715001,81.95939545079267,370.78115784421794,0.08071144139168437,1.965701721814996,74.02863926911157,170.96363645938422,21.23784463694859,32.42571941534605,0.10039266138129471,12.860130922122806,32.88236065019117,273.9284693520194,316.33712046160076,82.64382278295034,0.704535355665881,11.752466894706444,111.98514036203812,122.30478483973488,88.69620399529956,1.5194765333022924,33.90771674178642,66.27732620196267,240.54826537331112,147.61540001454594,1.710087517910398,21.83452890646259,55.92627556788622,90.49568714032503,3.7916530311254566,28.498185885770027,349.0084708923496,376.806032390525,3.349102387219862,24.37508964238791,40.549602638763815,6.050223597301912,215.9120733307398,438.79788800011517,6.66666258249405,26.56844738496469,40.865659068281026,454.98211949754676,10
0.058651040864067944,0.44277712796469615,10.922410949411503,72.91345454860996,130.59120153498134,384.9529678786847,56.99690172559902,0.2845036974336363,1.2155841715080522,77.551807534982,122.03025827644103,41.620430395829004,45.570021307658905,0.16913224410404726,3.6208952674724073,27.925928893860725,72.43402547009944,124.96847315171351,91.55250162282658,0.1723820868753399,2.0524795357133687,16.58154513736695,118.02752185607314,55.15760089103641,0.8420769580006568,8.340325537626686,172.83528379076023,148.87067231433267,18.29171408113145,0.8304098230382781,14.868262413073356,59.64353505517379,56.691810923030445,3.5708712951866195,1.55851957,239.59624099594046,252.19065578582132,2.3648574811942655,21.91215395467098,13.685447270794985,9.825396314951735,216.7710034477549,394.73262232640894,3.0844019039118686,24.219218577683318,44.213762934601924,528.9884767809518,4
0.015013722056540064,2.565761819533907,22.61280845545681,35.239253632751705,226.64542961195554,81.522679620307,259.675853142238,0.2069247680411352,0.1841122786620797,69.77923668629833,139.6649730099869,99.31548551507836,195.66853574018356,0.2440086028272591,2.4176202283538966,5.421734688650609,166.9676897770835,190.08697454384813,335.0097833152139,0.13029539923151165,6.231453328035917,16.354912417227393,52.399219194482924,9.07736878689623,0.5324907118916846,12.192314673011383,128.21599944090886,119.68376001966016,44.629704537057705,0.5044913731292267,37.13053636604982,127.77688969404673,171.00827542952317,5.9982049507225055,59.07779348359675,278.89688044646056,404.47653052777116,2.2997909046212466,86.20470440106229,153.4378738016421,12.374274756346917,185.40568383927442,589.8090649436255,3.8749604944665865,66.39386126186312,41.75469945245247,460.23938597216875,2
0.02774540429960423,3.445918248528078,3.6664043447577086,44.24517841835317,148.4435562581869,386.08094421304867,173.60798933832297,0.27120787304964894,1.588500123917041,17.49126605955346,46.70669616093058,54.55309393375381,4.60701809,0.09451694443785601,5.210246679125828,13.47827363318436,198.7829007210674,325.8869533222987,472.76236786853786,0.2039423003625051,4.2349015929697815,15.9577637814725,28.03685460985804,154.2313958739742,0.7346310133467183,10.969381883858942,87.06659593085345,50.91656549444704,422.34439164256196,0.8994883678837943,1.78394268650207,13.621918888623586,175.0065751599955,2.1787959075799677,30.532234390795278,228.2254730337904,56.436931591425946,2.6674343514049195,30.628982586106556,38.7028743799371,5.627177765846066,184.19470321705438,400.3087614877983,2.9804940223231697,171.71386822309353,41.013075364719555,537.2405362479368,6
0.010192778578382189,2.3498970409606943,12.817203978759826,34.52075769781923,131.5627063340568,482.0443199922072,135.9930300296313,0.04339315446957236,0.8256149489896046,7.0961493571025365,28.188824892853866,167.39070708314046,244.03561255868317,0.035791459222369884,4.4780685935050535,15.49437973347202,214.00383150154775,57.85045761892692,123.4962877936213,0.14805489719584275,2.6598082578467515,44.43246037885307,110.60796614295717,49.120535745982984,0.9607323610397294,4.510653309485659,42.34995836740165,146.48352726662463,243.88759633609095,1.3357463707699444,10.45444742005228,80.3225746917945,82.08047014802602,2.0706510510824576,22.496615826155956,263.4580366645584,132.73506270603104,1.9716224046804331,27.6091314853473,38.80099969132592,7.428150504268724,164.30451114483847,423.32318527686675,4.764269010864449,25.186260273847665,55.361871816169945,635.5536940751196,4
0.09836500499410333,0.8675669204240672,33.82055978438375,88.57427970846291,110.82642024826055,166.60031644874056,109.70128132661512,0.12497562927374262,1.885526418923638,32.63619222981806,1.76664593,214.79382704342916,165.7107642553904,0.187992695752486,6.075937749850461,17.146951062715562,78.4524544723124,95.6411110752623,46.26883450251887,0.18288788076195572,6.053027544930968,16.958104414152952,28.107650102552746,112.43780435127647,1.3015456224227862,16.291740560147034,104.20731132738598,283.39400752185395,58.814255303349356,0.9292416245164297,8.873787950217908,30.96536183376785,184.1189616625546,1.662507005383314,22.468747375379394,294.70785877122717,143.1243958696926,1.4557534132327319,79.67459982769309,128.09985226159714,10.884534746574126,243.28099110465146,228.86956042046367,8.606812969393083,148.89790692701757,60.61572085869464,440.5765678257711,8
0.06446845556271558,2.6180260934128325,41.15792036749767,112.41728904813384,126.56600515028993,412.4149613427226,149.32192075350645,0.00274533,3.4867442011142566,60.13264100704838,156.69641987371466,176.8741137403356,56.921405894676916,0.37229106197080625,14.55919812671068,26.233078620485397,91.47558703483654,187.3173298215742,89.43079570889292,0.11858273529041499,1.5279432556280996,80.71101217963638,43.303714309174836,55.6603295819557,2.612960956219016,26.237391245658017,100.88629034147517,134.40526759478018,160.6884616550998,0.3607717408955662,11.289951071508334,80.1350037922141,28.72483170638725,3.875818062122261,93.36581948752509,245.67939417963342,37.59832738971032,1.552783663419029,27.4615096209998,126.85759373463031,11.211288048111523,173.34753852084026,334.56229159395343,4.736181160116068,184.33135248833062,48.95530813632194,405.3446063428427,5
0.028513732233578875,0.7579018322868465,16.245522326738616,89.86151351989861,125.19862895423546,477.1620243961591,133.60715179223007,0.1987246499469026,4.120114192141559,12.96888180527097,65.52446283413457,136.21374075740903,318.49594957,0.08967372730174986,5.73590722690508,1.1666920487695442,72.1232383591937,118.90014533686401,232.4264844698257,0.46747970352011353,17.94862664476281,18.734308339310545,34.39883976699722,201.55614611898963,1.0823074541725284,17.93927708010279,69.55714784737557,206.84704130399416,129.53210404998887,2.21978788716738,12.483130442109315,22.801134718501846,163.35716445917697,3.3814080816219683,22.293637657455005,332.85612063450543,51.65317017782098,2.706676895115881,7.607742637853317,174.19959296132495,18.3787680460705,254.84952535782799,406.38984343870607,8.910592372150074,114.18618059922412,61.79591078859604,556.2132557633811,2
0.18818673639608174,0.37983137277891926,17.815489125473725,54.11784221662528,187.04994163924084,321.10521860176635,233.7952711512989,0.334869021496361,3.9290543616265716,28.58583869269816,137.46408625536722,168.4524820781807,29.10585932735801,0.05057930364887212,3.133213114601995,46.09435713912565,51.459055145004655,95.88233627516223,365.45846378308187,0.34608368301359355,1.3396108583382498,17.98963605536415,179.00139992966643,44.00022269215302,2.408710991785117,20.181735995575202,17.299975646535266,152.39117165019812,125.88832129006254,0.8069830576935499,11.926220162994255,80.45411551752144,39.127347353538724,4.086647716271084,21.181567317963548,303.8121569108357,74.97083230859866,1.5270756124203095,28.94087220408131,35.18615774914917,7.032572714516868,154.8237836416783,426.40784241378606,1.300559181846729,69.59317205019681,42.92082226179452,458.7145541021125,10
0.019685596814118696,3.137687067272215,36.15043067101471,97.0045056183344,85.68355962689999,113.54446537960611,109.56290844827595,0.1471348831154724,5.601430577961208,20.93997226707059,90.89312104457467,71.68925767712614,318.49594957,0.2146873755182657,9.031329369014372,24.545461517555378,176.03249152081634,100.45142659650027,377.3678513353438,0.35118683443782345,7.416394187906653,77.01748558733878,30.6765854374485,109.16145892718333,1.640841958332723,25.03011932625452,100.17093891710996,159.15721016105667,323.2969795414377,0.35550421267925003,7.028142806200055,83.33592725421609,144.75809478164348,3.9170946182638096,26.472667868398982,366.97380366313547,56.780935435437854,2.6356908046999363,40.51301173939995,28.984746489434542,9.377870703002852,176.61218204020275,340.06023451036754,6.633043031297437,86.22274899708486,54.16466522214106,571.4399321186664,1
0.011388423001908739,0.8824069352133816,7.1734713751243415,59.44766689260923,138.89851665776936,193.25247220492784,193.56753098880597,0.04512122684952504,1.8138736792931331,26.72828157705282,186.50094630866275,210.8891924560793,58.02159533111163,0.12503515455743588,2.7404479818734617,28.437914078448436,115.61293663570709,117.19226441449003,36.65473669328,0.15056181861222145,4.698443258870281,95.3211476823484,105.6277328391128,168.22055013427743,0.39132112223743115,19.952053122234172,46.18217424310814,117.96926118859045,156.79913711139196,0.3890864416524932,34.47391104185084,146.06395852666208,59.615361383715154,2.1216802958283534,14.328354023811215,281.0849910944784,325.8226367092262,4.197068126953362,126.59635571323058,134.89622277319398,4.7372379093928005,184.6366320277144,482.79509196665236,6.6666029646136185,126.97329518451397,41.97145400974331,637.730144174635,7
0.274365614996688,0.5632443192683398,24.252956270107955,134.60797308352969,119.61261538535581,470.04094359636963,55.281448817052045,0.18429547410997432,3.4918601318676368,19.775124125577022,51.269813263775994,60.42455813324166,186.58972401701652,0.11664060643758968,10.03485229489788,42.03462963074034,48.75023762660987,109.80643821587388,66.02942359276922,0.13538586628041815,4.862325277902006,12.039762877365938,71.79937055103073,61.65751449250143,0.341726958751275,15.993227795432416,90.01952623734972,224.01365208953706,71.55206112626621,0.6680229179581489,19.241622518697117,55.97211823985113,153.892266148818,3.666741885931901,26.078170563229428,268.27188931398206,141.53032925363527,3.6133738502967176,46.46778238307999,16.52384200441391,12.080106870730472,156.12927576141934,419.90589451847285,4.109876258617735,26.677321401540418,50.78986179189961,550.0090474173112,7
0.0938556439771906,1.9713866431098965,31.25428115891551,180.04914453042866,176.43345921619775,178.14794424691502,88.77117803849175,0.17927111864878242,1.4097175402747883,37.638238629397776,133.5553155164,190.47335706889373,156.5964338388169,1.0429003133812809,15.15713615006754,61.68648997349311,226.56828970160353,73.99089202561083,44.29824909232738,0.10898915265636423,31.09700476,101.37244677056671,140.64716835664316,12.883803230507482,2.502803120512602,31.671056709892955,6.523320152974904,189.2282198003043,160.2022353621602,0.16651114610702134,45.49047778616388,40.483769808581506,197.86107275642507,6.973244494053388,15.778846214358577,145.78174942157813,21.928129068933693,8.85394914468513,20.11664411677089,54.816601783121506,20.143968143349746,138.72523902355493,334.3395357237394,2.5168637051974114,175.34027149061083,31.75628906775951,466.16485063561043,4
0.14353745648296523,2.3861911383502625,13.515128890926341,100.69023725600344,134.3186546040593,397.18153274571523,129.36384412383555,0.05721622385524934,0.07383968,13.588883324806883,46.88645620962353,63.89233798104787,318.49594957,0.18631466989763532,8.760330246088584,46.24562337677354,149.14666757180328,142.59607992807247,110.53366914968436,0.24113340749243292,12.093969128503263,96.69269282670768,63.83182878610238,138.65852023542627,0.6685754048384625,12.042281582724264,104.90512365734409,203.11859482405666,220.98579260652275,0.03191206,19.186843465464257,2.07886167,199.45004310615687,5.463282874357372,10.241423099271907,359.0764594687981,83.31440006876042,1.860992977591101,6.667745810962865,123.799076058372,6.7461757254926455,246.46662863569443,464.4330473541437,6.052746811224216,20.255600546489728,62.10772999194914,492.98661519223253,1
0.13285326001581182,1.6744004479929526,20.82576077742979,89.14596903206237,121.07844970971844,383.07928716707346,155.70190400299583,0.06496767793443375,3.8930848291975018,10.341828618039527,110.35368235103266,155.565881560266,48.118803552992674,0.30277995238391187,11.388064352873473,36.5557342923956,41.239989259668114,173.32427699168858,114.71160654542268,0.5758739152876753,4.01898781925354,53.90425025920271,88.78038222041009,156.65484269374292,1.69864100004479,9.756839360060669,44.4434577355682,6.97255874,152.58734049436387,1.3564271972690913,17.371204208717817,127.51900958024436,200.53233071814807,3.3289010830242036,42.85975870956396,291.38628436171194,28.97343307326897,1.08419536815308,24.34921003682165,132.7827479677165,4.740420690492304,186.3174202077521,235.75617972184688,11.427317187008391,55.55587777344517,66.11879985549339,517.7153512577046,4
0.03250065715396587,1.1227063970999522,15.00962947825892,87.52891262317486,119.6945641223238,290.47306576089017,68.68677091837434,0.09661315446453339,3.934020781935118,44.61358088121857,117.88588808766659,62.83014485239888,244.0480606642031,0.19679342122439694,2.605617771631025,11.099388255702632,162.17508260633969,132.74273528058538,347.58575756446436,0.30198427470279166,9.173287206308473,72.49798150153883,60.375565558555294,90.26773822242023,0.799161623271437,21.694621183812757,33.33602347324761,97.75193472269834,108.72233200029736,0.37786236503359477,43.95584189898473,63.81897593140903,235.69913621370725,2.249470665100958,8.985254732767947,188.82155493035924,327.1751745952328,5.5866599443307905,21.857695853826737,161.72373654081645,17.234014210043263,168.64920740677897,661.4049158386434,12.701219232059355,121.47999034111737,39.65040734690274,541.0645219648623,9
0.052588818764610176,2.524404708760417,19.147818753852487,66.75857050202251,163.17584290076516,288.412769214478,139.69211813941203,0.07539475621162599,0.36980585331184324,45.41873817954938,19.15556659652041,110.63268130390914,133.4241153727763,0.09728381756752552,12.297012867357614,55.131029922429306,35.0675106482373,175.998254203131,301.59282005273246,0.40583922631275154,24.917712127037944,1.04835619,130.01237914878317,121.20560674959283,1.219805217718622,0.4382199,52.492933671017404,241.3994657399735,148.5939870964511,1.4716315958382378,5.56987090821438,4.6996589605116625,108.85583843037321,1.0255451157198412,47.646071725272634,253.6192309838538,27.089169048115608,1.4352863864880043,42.33750816810997,91.91922395894312,8.518787186075004,143.698976890213,376.9312467439071,6.562788785856784,125.5982323462688,61.52910896062268,569.8444112328334,1
0.03641046517130352,1.127580581864704,44.044996990087085,96.31381657862813,133.27338047680112,301.2020419296752,309.07272946619395,0.12972431782917318,1.6146216013298096,36.127178018892906,38.51654366758821,255.30675035363464,87.52886019312847,0.14873505000689602,8.944478109046184,47.730473252081715,94.91052882130467,211.41543875621534,38.87522710795618,0.3274328678059691,4.717700424735915,18.87493157189861,25.487345363084025,93.94902255216431,2.0142416622028088,23.978611920290827,44.38473358327901,278.5826894866729,92.2509992630932,2.43036351664175,12.174500973425898,55.32827566432309,13.366664455253225,3.6988442474410594,22.20380539281139,336.45206561614054,99.87470873405238,3.3208451436864665,18.638536812822498,135.99062196217352,7.769773890422273,210.4729637005583,393.41525241772786,8.4564818531812,163.20298684001486,54.80689319785996,454.0316936543445,3
0.025187454163248885,2.3230624979631926,15.962429937871102,53.003161641074605,94.60887558376312,275.7012278351184,104.68099693061353,0.0889554307131297,0.19985840471537641,22.278075678639386,65.37015694132269,203.2519587018314,68.1375516865542,0.11806873990600444,4.708607564472068,20.069256848347383,161.45044834179868,60.269972616065765,3.503767714532369,0.4390193001289673,4.048973755741317,110.17892927316913,89.06621838966382,65.94447923019683,1.202324488570462,7.344732484981516,40.30032025134439,126.1371662623545,342.9982517628242,0.03191206,18.89131888399553,80.34114340676511,74.99529569479064,0.8527001342741927,19.067669370147016,225.3798915080063,64.2710430941207,4.288221895738971,79.71832607929232,64.64321998649153,6.3592589562793735,155.04600191968453,372.6937719225677,3.582080677314135,39.46261811233422,50.85241699017125,537.9609609145223,5
0.0806679271854975,0.37776875614133865,21.434637251615275,108.0046122060148,128.39124268812012,298.81755151229396,34.04516433352974,0.10405094209444818,2.6543647509650143,24.63692059839724,108.17830795267642,241.5675067779455,131.27555609738812,0.42146766436443894,2.777575442381367,28.762343832374324,35.28760909736395,42.34276683465435,122.8289580105552,0.1610084683092609,8.634700970030073,52.32700211761076,155.90323098244463,124.9963450214178,1.0963665275325494,19.1644892843642,64.65780890234089,191.5757240844461,96.99621734711934,0.17136180110377797,13.241388834885884,118.34977410746217,223.7525707644764,2.061281874736814,22.12140493799439,209.78241813285956,109.02583972670462,2.807895773748413,69.17153137913381,156.83487199988187,7.145514134609064,135.74534572052815,388.35590571333967,5.915202036857053,123.08124942522466,40.905466774791094,431.05348486893325,2
0.09121916101613399,5.513679626238789,8.016029957917295,87.03063264158529,151.92459090239205,502.8987198462371,373.03309482010945,0.15434083085750405,6.327863351871414,14.48420987182318,61.76076707698681,238.36477675435984,90.20966104059659,0.06691800650860835,2.4878799747476914,69.38756634657588,192.9205690805552,162.7095424818591,27.994525735695603,0.30001617092593436,4.589527635993468,13.386989136963594,55.59757987891915,197.6491739481004,0.2533083591467326,15.384817178253961,30.75349637338728,192.74952050080634,239.81709901390528,1.814707406570792,2.31386956797654,55.5976252714079,163.4699627747314,2.528404115541548,32.53107611605976,340.90827778283614,10.584608185200356,2.7487071381558277,21.155529111309356,77.18470631705524,17.167452406810234,223.70148403567381,436.07286672359226,8.791624995880516,0.75313,61.5440412651685,516.8234732197367,1
0.011811844214364223,5.936363310386857,5.445004330736043,86.56397889859285,220.5992032245618,442.1900532476846,141.99758332308664,0.19573555293140257,2.397005830608153,30.18120782013813,64.12696468681605,131.8944424290976,318.49594957,0.19492759560124295,6.867299285329789,12.998927522962909,133.64757210764145,112.09423833039982,71.07900872920116,0.26099469788106777,6.881806203598094,77.92670696535248,139.32907921526774,53.37523969188885,0.5450141986805613,3.3043009829198375,23.11199532476254,122.02386518457175,50.28136562184016,0.8555472894161155,26.421648294967557,85.44800781266798,116.23135410428411,1.6978198896574956,28.818972069164367,151.0450009337249,199.77100086862774,2.118454666353134,67.64847428731733,115.85682187431294,6.987656739051537,162.81466142879572,362.6895090915085,10.101471525396835,163.44292689735616,40.99391165483878,580.725255340981,4
0.03687771473989465,1.387650883670995,36.55388573034698,54.52337388290543,118.52964380585986,313.91725725474464,322.84590034625,0.0677975029674404,1.5875542744935687,24.300675564734913,150.8941992503809,237.3172321419624,137.51842518943099,0.13421047304383804,7.218504864032199,23.945032313957945,141.9696562224911,66.57326775661582,83.35839222580616,0.2705943445654678,9.203657271662657,39.655083866489285,132.44388301712598,152.2841215165996,0.33911103625717887,11.26343252954277,3.01594611,222.71785186473335,265.30162076239384,0.5032444859968351,8.269503611319852,157.7992264266992,160.36264606538265,3.716408964472126,24.81821660918093,301.0186346581368,40.249304743683716,2.5831253597358725,36.5634193632286,33.43201218612705,6.6998881603248535,172.50390341775045,334.0376804149258,22.604247252606633,18.677670614856382,43.590872327644206,642.486385693256,5
0.2980220943969254,0.511373807861973,7.197463320099386,21.704895341132797,97.57215183706498,282.13552445822444,317.48186755641046,0.018571178710249166,1.843417303771826,14.213434951129912,46.115351325504754,216.98782588367615,318.49594957,0.10506347325860309,2.4165742538313584,8.37695151072246,58.299513078969724,17.20981044301689,112.99205278451444,0.11865293274533817,1.5112544843898144,55.911576669629724,59.27968266986804,122.85671264445197,1.1936325255535505,9.53785421517717,117.75022306964982,224.36399812986315,104.2316719027246,0.12563271464150522,25.53627099290023,191.47881821525553,189.7823956783347,1.4172293084281786,42.52500250868576,309.2992845839484,221.60709818937448,2.7253720539800304,21.759572943010596,76.71272160615788,10.08873995137419,210.50953819134713,490.1286202088649,3.9315772928487434,0.75313,46.77362873315884,457.07124206113406,10
0.11793527250729982,0.6504144992981032,20.87689751413825,113.52319849029608,131.90509922983364,442.31482826469045,141.81049581428718,0.05045512241202346,0.07383968,8.69111564470954,66.45067994826769,35.57277788179554,62.81615098963435,0.29527873169463337,3.376956233136097,57.93707566110453,50.78588104512507,154.18063351171816,71.35355830703921,0.16462372085922322,1.7685100095341701,59.67048711905284,230.49940040579364,48.0602266973379,1.4706327046547338,11.426527054232722,67.03913356370785,93.59333927597538,459.35453662251376,0.17979838727332015,13.520469301938128,57.67067213406726,12.327835873045235,0.6370452107306758,15.094505287049275,140.81476801899652,238.7558443939765,0.44420250377670434,37.281095556163855,73.72624605800952,5.036465802231995,113.13633058333647,251.80334194777768,4.283891330536347,23.966539852059494,58.6567174721973,507.63098510309186,3
0.11112663149928685,2.266872045043447,14.455305947491311,119.54955329686386,107.08743299477464,346.9607052633388,278.69974092653456,0.02573027536417804,4.656495682839607,41.350164851678535,116.79073203790189,58.64041377042676,256.6770626289425,0.26360479980622153,4.719681298287194,27.9794657344067,43.34534185123479,141.37135574592043,96.84510786295769,0.2165370077319609,3.274846741402474,104.78946281579091,116.28874134515056,143.61236400096396,1.7686118858399071,4.455201968671051,53.731265990313446,125.89877932091319,124.35805599003467,1.2645294463076253,38.06622549418394,75.93657010996472,105.8569706278979,1.6615381538747467,27.53351548283137,277.4639265965663,358.1695968656526,9.236373467997593,23.599515930259898,167.02493818634,6.750089189368518,162.10451502191066,563.0128975779384,9.31307836784668,40.0893276391093,39.58420615190053,672.1373045354918,9
0.07634872988985972,3.266850589569243,31.123276728548575,83.66186860183171,46.87020912055301,243.76369041133705,307.27631858878357,0.06970235222207255,1.0322174164588505,46.19891820182064,20.180173060121795,37.30613181019093,4.60701809,0.226641301923964,4.170086192093166,38.452446993628456,66.28695731785052,156.39637565573287,323.0844665398577,0.12730011576657185,6.914532652258314,84.13562476473723,78.80926859403287,141.77036767090968,1.262169036188961,14.26095579618669,61.73927284338736,313.2373577474773,81.66532197285254,0.6270174584000829,8.376449639848142,21.882013330369734,46.95802531314909,3.059055290754656,80.33781073812226,296.4496382537753,48.39057245038525,2.3814665038158256,22.593990262766525,50.32098124825872,10.355237029983085,184.9988684773331,303.9054331102355,5.014381643700276,5.135912896937722,70.28737795632202,564.0820959159256,10
0.10414804130175634,6.080285388386137,36.084059015797884,53.88591047906243,123.18764240410655,466.5889106819146,127.0753931331271,0.153320689953939,3.127246986597024,29.874666853369774,115.07772667862557,3.46991186,89.18023862992705,0.38325102939072003,10.232292343267586,37.59955189305048,148.06139393524225,103.21971527862456,101.11949038695296,0.23760617186152874,0.9644700216629367,19.548161442691573,120.24453466841025,106.6896941275248,1.5933849232204726,17.81437318713391,94.38912453790735,189.30814020543147,36.64936816639363,0.7710044020226061,12.37516872945147,43.14965736062216,84.01702973229924,3.4180322268729295,44.320211046099715,305.0526574037358,126.61312923302043,7.118454625286038,82.75685247710892,41.54691275450574,10.863772838581305,261.0197766981196,392.70064016854815,15.053106026774941,129.75880332537443,80.2758903200723,590.5261554907353,7
0.08895175078094082,2.2346628431946614,33.604234381382724,57.34699644734326,65.06469766854006,237.05679690611663,283.40760313484935,0.04510277370423922,1.2006632168670288,13.962334343121254,44.29302916371794,24.833438584505412,121.38929487043528,0.23995898237229457,9.921625494093554,21.364196755544963,153.91529509645167,108.57838806176342,136.20999851683703,0.1928488899085465,4.757480340880985,20.42001304059519,19.415003992647005,60.16912589532405,1.1140063005725842,42.89365701061904,38.144203561729775,123.91149375131255,15.056459733336968,3.282641687805021,12.456857396013177,58.46131451440384,75.31416073634924,3.6344858679601235,45.97124338508232,195.04065547554697,32.49777477089613,7.023629675693357,43.97833610063226,125.75797476499669,9.771255580251418,174.78093472940665,304.6089431751426,4.332342029179677,51.34664076386115,59.23657584379609,599.6423041726507,2
0.07463730542650149,3.10996324688496,17.827125123218106,37.858878392784376,111.68882601379394,289.9552743392768,167.51599526896774,0.09487331347207256,3.556360661765975,12.621394325126005,111.79534987923199,193.9760384016864,103.0214322466312,0.35817077090914606,7.098140818254782,57.198673087412324,94.28817083173715,142.05436590293755,91.86094822097533,0.3358186091666151,5.886386150324161,63.56241463203608,129.31797954115123,257.55604280974035,0.2752994611717605,9.77373523727537,37.084190911508934,154.83226115612115,43.79500667468506,1.1597833238063233,24.02488902598833,92.26426720998232,134.4802257963019,0.5922415701790125,41.819092780302604,231.44436924963264,283.29074694163535,5.71295376362477,76.69630367084797,115.34474011972915,4.848917181357569,179.84246024362005,376.7267011769337,3.2424874806575046,94.19543428953384,43.551393097479455,462.92180844781444,10
0.03950662946570832,4.957621531854069,28.185864988629444,62.271756579291576,133.16298402975474,313.1115342409383,184.4146242404774,0.05945400256305407,3.1238209875147325,7.281757649174306,108.40936382370582,191.34949391368016,318.49594957,0.13441755662466362,8.223286040835385,23.52823143614821,175.9382895637971,81.21199977393042,137.31239537081888,0.45329986070308437,27.472819340363714,62.32794386229775,234.78295893068665,89.09317531270227,1.98945326013836,31.240535064881694,154.3058694538658,261.8262432792971,271.4809709182645,0.8555087257031508,21.040788485080718,89.57068762831592,134.19747817095256,4.540246851529606,40.70478890346278,342.39483179054605,122.13910528188285,1.8332866594907626,40.547801422975915,107.83875609389692,9.567473264168001,196.92469252930408,372.31964830617454,27.599324807218064,61.33518131173757,68.25520629614391,549.093481514188,1
0.022089727497298997,1.1971587485262896,12.730091949196268,141.5253121167363,153.46014512349808,115.95772558691338,213.25189237073027,0.057279216704001414,1.9145106620693377,16.982021486831215,57.18018049049864,110.75319003444542,15.300224915169707,0.1930301464891876,3.822205030175211,24.056310719042873,209.34805118674785,183.4965858497126,420.5679043668586,0.1923238307840141,3.8595448936974623,65.78460428999225,145.19100406488536,103.23020186408402,0.41803979602161273,11.99198032974649,98.6171932077635,141.14856417418952,49.89195898029436,0.5978801103062746,28.475785266469014,57.61688290318613,117.49606181446197,5.876692695138876,23.532203986602536,217.0626998379631,189.98205144008529,3.6141275962022292,47.93427114965082,66.54926289758285,3.6857335018834956,136.84162986058445,416.7060996937097,15.716832622761771,134.65251382146135,33.57506584936189,484.1184369349284,3
0.053761091525558205,1.0032528930560622,16.602972075247134,152.19496463838976,181.71407429373045,199.87390076305948,285.71990117632646,0.08139449103204516,0.07383968,35.00160082216188,25.998237062698607,121.02212100323248,318.49594957,0.020624813542905795,0.6026331092547181,125.27543934293895,23.197878507995764,98.48360268835066,124.03727891017857,0.06174506454645583,3.971984770198743,77.60413544199265,43.889755347221744,79.82825671607114,0.2649881183493565,25.529742567797868,12.845923477042682,168.73209459265624,64.78102130689874,0.6785913562558484,10.605633397710315,2.5299671949346205,158.44031736478175,2.7154861892737268,31.340926740398846,138.3347947787766,188.8180185948983,3.508460945536442,35.0660919490874,142.54728233816533,6.795048249965383,115.37675753326957,427.0805002240203,9.875503427898352,11.141311384472154,38.29946324584989,426.03051657408867,1
0.03639842594993427,0.23047179063591167,2.455176760464359,100.90247980052067,63.172358468960375,369.90955732385066,73.35062840535062,0.03786977277651972,1.8211380647988136,14.248090607391472,18.882386814610985,69.86181826273108,210.94805278350566,0.03191342827672671,3.8003991651549063,12.929435430746665,75.07054390682018,56.591423325399276,180.5281483263827,0.0993195148101664,4.0468635276600775,12.521489842495255,180.1517321275525,221.7639199216244,0.44247887505608974,9.721032088480836,72.36335059839521,205.0251978630292,74.86128129819562,0.5421317358969906,34.333846750961875,112.24737591690959,218.0379994944725,3.747556475148394,1.55851957,288.55952887492094,142.7347918925823,8.741840881823942,76.94170551803442,202.05785676543357,7.377793265176832,248.39244816599773,511.6892105872741,5.5351683018515505,115.04504096706239,67.27390241358421,635.72983222713,2
0.0373301738355333,5.345591782780671,10.400106059870733,57.659284134131056,78.42903072553534,178.23346105448434,278.7845509133114,0.3151591692432842,2.9596323469365484,0.81870073,184.72222757266286,142.75266457547266,318.49594957,0.0698193600622411,9.192043745380476,14.770580543512466,2.26039986,260.0049569397384,135.6802964994368,0.13089385787714794,6.331975356780287,108.2464073321182,113.25451987137095,16.817201077367393,0.09527681749967498,11.252908543161908,157.63577912990885,333.5930141196686,149.27907102952312,0.061383318866422454,7.299658082049638,113.13746848926752,36.71447366061363,2.5612497302786066,77.60217926342968,322.99699981379365,195.22442988603905,11.430299518654998,15.841469002901588,218.17142778848478,10.565652179774544,205.5822546532446,330.2154801269318,3.361839873175196,6.630744996389382,44.52358755498441,489.30503077035917,1
0.043841747435702995,5.1308981083871705,15.407265158784305,50.552751762249294,70.0874341228004,242.82779698231332,86.50469189264003,0.06328317532216818,1.6951388187669245,0.81870073,59.325355900979474,148.31270630303396,318.49594957,0.02514194748192977,6.487189909483791,21.114446071260893,29.44674056984923,19.891108168068328,494.27888092228466,0.10844701618688836,22.792835685422407,26.410917033829158,17.949178755652557,122.20925927414659,1.0969026767571437,22.050984106621982,48.766527686272894,213.62129180162816,229.53105045123533,0.03191206,11.575896284001466,42.09873252036716,140.99053690159738,4.7291945063709875,22.883157254004846,306.7258173581235,44.79923552899334,7.310229830717184,33.03035483455228,89.89136928131072,15.113632987374844,198.8300376809466,538.2910261559324,14.166001552141477,15.471650514774948,58.009879811564346,545.6089998273142,1
0.05444236601723029,0.2262954297835686,57.54403547660923,35.85902699444008,98.25685952261168,239.90295796195582,275.6151194657567,0.07867921958825644,1.2779243851203337,74.85087294574403,42.94158607687554,243.36589856469905,12.352171511089324,0.09653446043246824,8.092968921981903,45.438164248110866,44.13390157380773,162.96847667812833,118.47001262929966,0.02486842023879475,2.3765834737759386,37.10274235880552,44.026079335789746,65.04899857851183,0.6518081944146521,12.327386310977234,49.09205426209701,162.41797432062046,162.29822651590797,4.5931969961577215,7.643714096039826,42.32425845630183,51.09786010764976,2.044268440305092,19.22204205635428,387.53358000137064,117.63617855515079,2.4422111433738403,30.197628386932497,38.10425839202353,4.189713576845542,209.68328650346518,443.12363705879784,0.9623622606501954,0.7967564631485544,86.11201502559659,595.754635245601,1
0.058717219015746426,1.0480732598686595,28.333750066971984,80.72903612441823,70.44225053258114,200.63853245140973,276.2849152567761,0.12708880420967128,4.0961871060124295,64.24666549025252,179.31482366115142,166.87519516374235,20.256261402725073,0.30522496201288307,9.542982760974267,62.36032542847978,72.5323816237716,285.9770119756827,224.2628878724703,0.8916099802263882,13.610769755491601,14.953494112074573,110.30466473043805,180.15963619303457,0.9748274301614429,12.47096412263892,89.43664061520491,318.7432955631901,92.66842872077666,2.489272493647543,19.324966705764897,157.96394887659858,96.37457534863499,2.538566236336274,45.60842171570072,304.98506233969704,149.14883161153068,2.1698879908717696,103.29837759432016,113.28179159179425,9.286075003233421,206.29337539320062,430.226078468023,3.6595745908770874,179.88263040169454,48.40279267265952,439.2142693856393,10
0.055057927301764356,1.093223139562133,2.1944892103411595,63.978479982445336,129.47004788864785,342.1560487920666,205.8912697140775,0.10381407666873303,2.8731000728187883,25.89928703806024,111.26459837132496,161.77094317487806,241.11222257067666,0.15083743995191726,0.37115917839977497,8.993636041253927,64.48690219541265,272.54759869270504,424.0181080611982,0.00877772,2.129356189007658,64.60701858310361,95.18315053753578,14.33277348909823,0.6280939314361673,0.4382199,23.63693383193941,134.51595863098092,51.96630007720511,0.03191206,10.541357372093104,56.8864689072941,107.81398486293406,4.354096652900845,21.965718581948977,124.29692862044647,301.2954169584995,2.953764763721807,20.71562400672216,127.83794906417242,11.31657531242649,83.70696382762948,463.1682787810542,5.589770058059001,20.515970794886933,22.02129515,542.3673768118622,8
0.0762819732064063,1.5323362959201947,14.491503053816412,90.17500285167482,6.51364535,82.35587115536106,205.92323531969504,0.21506852645837585,3.585450204944003,19.515032520134486,168.85315914642348,223.48019757003402,133.0353154387031,0.12827596450786033,6.436865090799853,26.113899323711273,223.39658584141785,63.765081349274894,216.55970589840913,0.5358249876975119,10.493801182311966,30.49094839416988,149.74719305411506,104.90004790575708,0.27708097943912113,4.923495353834487,79.76617833781488,320.62914801833597,14.728820806819783,2.323912613248266,34.653969691312255,110.52975689975293,194.76378273979745,1.4088118584789355,45.39205090627737,201.90742063815276,25.063490686705393,9.697750912233575,59.769790858017586,168.87915084230627,5.659502418734469,206.1198747135334,423.6085071134233,14.566130006094163,187.34122350520448,44.78346089453174,409.9510223013559,5
0.00109432,0.7461617184601411,12.862265507227203,46.22916797034367,184.72722356080277,289.7675478672227,74.34967502050888,0.05417904899913583,2.1003625046513146,17.06413929226452,60.74645243274341,110.21566504875767,200.06933401540226,0.07619884180861755,6.569695138144737,28.812837624015387,142.5123367935666,118.09695087968893,104.72077174517693,0.8065067829552203,5.86091079586998,44.369405555336,111.33174717724052,110.55611320122192,0.39805267274043926,8.521507209270135,48.24827041606469,126.94903630231366,114.35215233841879,0.5731744147741322,4.588433758262818,26.460211254935395,141.34031615729637,2.209349530268034,1.55851957,252.96422887047413,104.32535688512972,8.939813174679932,57.165136624064225,117.08074387729093,7.194262385090188,194.9362453138303,407.381085768424,18.900984831312485,38.07121317959255,64.60629590115086,565.6514337205217,1
0.024633896486754542,1.3927099984526712,19.054674255538284,55.83849102778643,135.9883543328839,434.7126589521606,94.549018449342,0.2545020591934445,6.248300609283708,11.217923931323691,64.13107149435649,55.2541121827412,281.7115359911635,0.00570986,12.825360327317803,58.09770355611643,201.33607479323604,221.01841385986825,275.6672961301098,0.13508390594878486,1.8721909812488569,52.14364576841589,17.891437847048962,36.806196877953134,1.5101613246455063,11.989788205601656,77.16468983494751,156.5019225468377,147.25826344440634,0.2582493788276239,30.517774954670006,38.42132366179989,37.16306269179399,2.3770428793561793,40.05614975540163,323.5453296792483,151.86492024322837,6.793878836673093,17.993762736796242,57.62738363237922,14.533391520210422,258.13379253069814,448.87217083187113,6.540077827516031,54.036012798314225,36.00662793744881,435.61642788515115,2
0.04208023964228012,0.9259010024043768,21.198806382236675,59.74789814023184,110.62971985554846,386.41419235078365,251.59722522943918,0.030687004342832197,1.5432819446985742,29.811892219340752,34.020782019325374,161.70125997315313,4.60701809,0.12984682377110476,11.204758087607742,10.66246449132949,150.00850315771797,230.1982342349722,122.88875085008644,0.5105856668242736,3.7674546531289455,22.95330602451952,88.15548337231985,64.04664959647168,0.2612324639966727,1.6783410177909657,97.01824678863643,21.003396353062627,439.6164651656198,0.6488809532142874,6.914273255002049,59.93854599806519,151.54000461788038,2.2066639124972927,108.0821135,175.88845685792728,34.86204577380967,2.440932480403958,47.75996162293744,48.7487612878702,5.633862848372309,142.19001780595272,475.5984350374543,15.335921692563538,16.751119976571907,40.239289027851406,530.2165941781715,6
0.13331991363246148,0.6209480847192386,40.9304649451786,131.25252851644657,153.7079901543675,436.9411303604728,72.27906807098866,0.03641648688708664,2.0391209629552423,31.081802562097494,102.30809301916335,168.73324668778199,89.12464400304283,0.2680598606140949,3.5985294813359956,63.587958698899484,52.47582037317084,185.09887164546672,95.2961078530593,0.23547238387459168,17.107311132387427,52.81561160657012,107.07458548507476,146.63482161910594,1.60775345493657,20.87559241642313,35.80951212817913,139.86783472330558,318.9452419574736,0.45919634461895775,19.25768711712826,30.193761841448293,145.94385337173938,7.368399524813926,13.99843213388841,280.13991257841656,50.9187679369785,2.6342790920497925,27.069091112970277,188.0077247625405,6.539877659832945,157.37910363670574,455.2195248605735,6.2640090653672935,170.51485286456645,54.30671408711467,487.81102852978563,2
0.0746763644926623,2.482572527208621,25.506885125002828,107.90996023189955,167.38145683303816,69.8265826617255,31.634358846453317,0.08422497101253311,1.3913305592506033,28.104527098649296,103.69634152877731,77.18801898269419,107.56708470326228,0.30680404495022157,7.953453389884254,34.38914888260253,115.60903366369448,118.05787914145597,161.52729277599798,0.2041416285178951,8.663958210599148,56.31103963009811,100.70600203378049,270.8030074232955,1.3562147389010195,17.021120132129106,91.5191747168021,262.56342296171584,56.1768489925151,1.6047193763111738,14.638481220344461,91.55159067742548,200.98194648781856,3.5370396205146655,78.83409945931247,217.94542711795276,140.72062641455784,5.112061177720678,53.64443498071312,44.98897429882602,6.668920918717879,208.88320360093314,341.7761485946664,14.536430622290872,135.4595159209099,50.55149372177663,564.384132830156,9
0.0614258524893306,3.6677534723429415,24.109266318423092,171.41352466335763,119.51134287042373,230.740042589635,28.991547730472902,0.20052029059612375,2.3707727374438474,31.688797124584816,50.98066363439349,85.1185890257006,256.6770626289425,0.5332254366642735,5.396977142213135,56.30115512484516,69.51154024081248,40.73165960284755,85.30674806125697,0.3176086373475687,8.394043851544618,87.01598832173717,252.27808014501957,155.29810929244132,0.8045407862741849,12.302352066056088,68.18607378307634,276.94184975131,191.62986486693302,1.5714534428122606,49.030831203942824,61.446178895014036,172.2470707968442,1.560843312763504,23.360408018641703,264.30818362139206,32.21191994092882,2.0219609904619915,63.52251924016349,95.30247504556898,8.426644815419033,166.98929187063538,424.5128621040277,3.7278447172288462,127.32273922253543,61.42931600776734,458.6914302060157,7
0.0685255972950985,2.12499995915136,26.515460014842564,11.601850774686252,58.14162731978664,116.88098817303413,64.08137062006325,0.13861755173288576,13.11504023,33.61288144239864,59.0713559014352,188.71959933191334,267.68024928973813,0.07990211132831058,4.909641086678574,6.503231093012172,43.495395705298364,150.28974270733246,93.52290233665894,0.6299890708882646,17.690688477953138,78.47806432044266,90.4555237949526,155.1344314567759,0.8602454221246209,11.199945977411307,41.5745159130738,28.035088569179663,149.05212290718794,1.3682653240825204,51.29991439814319,102.85858222675562,148.75905025003,2.5841268527466896,12.635351459430371,136.44976773528356,319.9521136354193,8.054193940265312,122.58267439862087,114.26774451854553,5.0235762625934495,126.6474579161366,209.09783668310996,22.500854681964796,118.15436786879076,29.30711344386542,363.6300866888307,2
0.04614799518249229,0.4239157622304073,15.332151366394758,55.63797391294439,215.9083819313586,504.6665670989204,463.12826411,0.26762210957437316,1.5982711123245883,50.1548420644923,17.543904623174395,100.40024124727964,12.586564263838525,0.035083873472449886,2.8274137336085063,18.640776880222607,38.47436207547503,294.2965868272809,410.8291652807778,0.3331928016980628,9.112924213864153,62.636305044307726,151.5379142617471,9.72745821319316,0.31889171241483905,3.475290736006972,51.82230192030535,63.696172633720764,63.336670422131064,0.2846132953349104,9.79610303968856,171.0332775171213,19.94185407299158,2.4137263133506606,17.221638294461446,187.3590496444881,12.002070482890947,1.9754305144283275,25.2258457027824,212.15414052781207,8.646743143394266,166.51102760368866,311.07290331872343,17.991438617388525,92.8599150690305,38.602530191909125,544.4381522498273,7
0.03712771725767148,0.40623572614376674,22.924273988218943,85.32411920595743,26.176430526764477,409.83352917392466,50.43972854894166,0.07706985643929058,3.9561463103411563,11.658560044097715,90.8638577561405,179.32918150424572,49.10288118730763,0.11050619790011304,4.825648774218755,40.761928860574436,92.19052652627293,309.893155915207,390.3381961845918,0.4004822346195076,2.027991858232446,39.40609450246397,88.2529539312336,96.85925179769363,0.43493704669078986,15.470384534305033,28.101339225110443,234.3748296276877,245.27101709209575,0.5638291821013902,2.7579722978029846,103.61015891957535,24.74024026359645,7.277223018279336,7.373004881977609,287.3870095625885,11.591583929376895,1.7978465596974722,27.76983064816726,55.23328083445312,5.20484383257115,203.27206036153453,261.32730497731427,6.201198753720601,20.178677446163505,76.56215944189613,458.2277216692029,6
0.004621202625452944,0.549123633949028,10.437459399779216,38.38976697256665,175.98124254606762,409.7823468030215,101.43864331400883,0.12120320938081035,2.960566556507437,13.415420941065012,26.763405877663796,127.44881817770955,287.5371560103194,0.11157722268451808,2.932157421443644,64.61159514517261,82.55130484511942,301.43528188577477,224.00333411137865,0.4375205259502052,3.7594040859083817,45.02613487576904,53.59346076551972,56.53716831999624,0.6550091023775324,23.860451843416545,130.75390458844467,118.11611015138845,221.19812975450418,0.3796558163291053,3.768296478395717,50.39218068428537,165.1448392381606,2.104952660267332,14.133477603093322,271.5677956891058,0.00974869,1.1960852919822171,8.98696045558846,97.4058658297216,8.587106925449572,178.67795732852994,251.87110341169023,2.6374497518744286,8.712065548051935,54.49379713986781,459.0317508140241,7
0.07204732631111897,1.9936427859152694,25.733970758532607,104.00663893680178,36.206474654590316,137.6549390059292,86.66331288600355,0.03628911925039694,1.913588656182128,27.101513786339165,22.390846616371057,158.43237920648437,142.75942898143492,0.02711993427707253,7.407503297547483,89.24510648855133,45.807825990070896,40.60337687183878,62.467668209335464,0.1859137934504623,5.993225590379604,101.73136196890457,95.98627627469945,124.3937974956687,1.2522919876915697,32.129851468531214,83.64504160910553,134.1588121068542,125.22045354369568,1.8872024153024354,9.385094755304124,174.19520992351957,124.48473322655617,3.719273435088178,44.6893324525531,286.2249879052544,35.93125729940605,3.0637955023014545,22.267026452116205,124.46270150910347,7.971427204396899,202.11702147163635,315.23960245010045,2.0239161904937313,3.7533144428678753,50.954271325067936,486.8442842994927,2
0.09927184374568934,1.806524557583556,15.37039139378573,82.6766410540641,49.0944456618027,203.31724480264398,58.75872105097472,0.09719927758349782,6.613184593893794,7.761698293842732,47.86336985147768,195.22468743391812,45.30153105310912,0.2958184536576955,5.420399164820742,20.61018847018372,88.33672933844471,167.4330176514283,133.1588248756963,0.7358202344431749,2.6815468999048564,43.90270530681859,44.16456275488384,162.34894313631418,0.37786151816203867,15.663509938707971,107.55913176280657,182.87636815146772,22.52699442189995,1.8953976369030832,5.535666467645946,131.03998699939154,18.606706367030558,2.2114586972102925,33.047059234969275,253.95671745715774,35.94850126886658,3.365793066712487,93.98090772288471,62.545401285704955,8.76490712493723,199.26839527238505,455.5299656252897,4.152347083676769,118.71312720593286,48.17536619937177,552.422373849241,1
0.08792129986059333,0.6871900859763252,21.97373813774903,106.70197107231942,135.35316600257846,237.39135133043794,303.67669000691905,0.048500032136100296,10.288834701358082,10.631668966949798,76.33396536479295,199.62354574727712,25.32886509203011,0.08740694573272736,2.637211609760906,38.65711544872105,73.70743175577444,209.75468480273696,110.56282417129958,0.3916231123225451,8.991361287106761,36.76693042431338,24.01472867175785,50.31200381327425,0.8568008755616169,16.53420039525148,93.55197830293508,273.9362187346553,177.7753608230177,0.9501210465883306,11.442484300813371,87.54496879631682,166.142868874596,4.85192432303178,28.332280268437252,333.7349438135275,180.05432425893875,1.3512161801649283,16.790631470930677,62.48231741603803,5.630147829493616,230.07569443035382,429.4041906621402,6.258910316273295,9.169707216771979,44.095587555774586,572.8003740399973,10
0.08188396175391592,1.5303448856207977,29.424797347510964,143.43749502259226,128.32083520858498,74.63008852578668,124.61785754695435,0.061710407977227155,3.837062742285107,21.957753724655984,32.663706127541225,227.66249978067387,292.49493415888264,0.3601464870476003,12.735828478606148,112.6638406682834,73.29047667995181,266.67413989983726,46.28063922506142,0.13133939764361105,8.68044425978139,120.22102746974683,25.220049254232745,130.57138830097247,2.2296554659355285,21.317547406407293,27.38288405272788,179.86098090010347,67.92402478444643,0.2543086992061717,24.73542307867399,61.586297128537524,130.26672115504584,2.556255718152557,36.26131071007715,288.29543379419704,244.33761342990604,4.217626662034464,22.973300437960035,99.92793813847534,15.609162172532262,238.2720479911342,630.2542416881292,10.462428095248454,48.03387159588469,54.41927216964036,450.6570599621186,2
0.09326462310670826,1.0895656438746113,2.381394680589125,143.39515005961906,135.90192965301725,326.8163034783279,211.68880024837443,0.01975219310749087,1.625559403284527,13.940237314726797,21.774612169025776,60.997359591552964,115.75574534702703,0.1418278040849912,4.746500270446758,17.676948964234196,84.32679441446832,166.47294323533646,114.69277292683064,0.04017561273573844,6.478869588727063,6.6007281558346715,13.353427799820913,111.49663770460458,0.799460238982548,9.393926251637811,26.606833465231567,155.42427570117442,83.93573796965494,1.4262800868382057,0.43353847,2.07886167,103.82782367866743,4.19656055284808,17.593813952807533,268.77888884994337,21.630150073441662,1.5976671997998628,5.2226962520240985,58.80377219673318,9.857582689018926,173.89160605987493,545.360599514753,2.95606800815397,43.97981223914252,43.49391230360599,599.7909664161028,2
0.03161920446331094,2.6079484031077285,25.17641859528571,24.03492526981949,135.58379388029564,479.3634720281094,122.52399667431142,0.04539144180662511,2.6845810943216994,5.184466546363632,16.771533952908438,150.45656106091906,129.1671968888826,0.00570986,6.534890289006173,41.2550859393054,162.37940976427103,88.8308236469206,55.67085232880109,0.15379003784702716,4.776569296640383,50.24832380011401,27.858335091539857,140.71580564069495,1.4390667336709113,4.498683505936317,46.587110346287005,160.58605393392722,399.44237934591314,0.7176843165052457,4.506358309016854,22.421279380232036,65.62977219281116,0.03186483,39.69018399559464,159.6567913361169,17.45221922373868,0.6265960188238894,29.524822445206663,45.186612585551224,6.1676355702969,199.1556778841058,392.0477554333953,11.090283705434787,154.76931299869648,44.60076777108924,562.3958326161812,4
0.20857093177011013,1.172519751059654,21.090925572346567,43.12077337712633,81.099910617167,319.59203148279767,6.563993096293565,0.1311798073318478,1.8496024701910165,46.88324498336824,60.42328619177686,132.91798043829877,318.49594957,0.16810887618082032,7.562715338665508,22.042830447284743,81.35592164449208,15.702170082602919,125.33831283558652,0.40021025929188997,12.688673008379295,110.85880909113769,152.03256309711384,185.02585324799242,0.7704723244667147,22.350442551451515,75.4276118280868,192.86015718175975,254.3929177499306,2.41140358899957,40.51976188850925,57.541791331857006,221.17392301492555,4.290000757725538,54.10105867734983,407.8569467898466,152.86299792889508,3.2066070619494838,78.06875879400657,159.24586618496394,11.35645079339035,182.46888777446225,505.8534213616917,14.434528609451533,99.05040427166942,44.685062751732595,457.4875503114359,8
0.034586464295311786,0.7798810487670443,22.932348144648017,89.48925727548485,131.40793133208982,466.0776711778717,369.1836586931734,0.08165877543970199,2.029991622336203,17.421799600468248,108.15077401137972,20.051775448082406,41.888657889402694,0.11085954709909301,4.498073441772221,18.60001444947138,210.17103325176026,166.2061698694684,109.24008290055889,0.2656810029343116,2.698698171421669,64.3667038865944,39.17108273915572,41.25267661027629,0.33226672680308283,10.556449908298678,96.34793213483891,111.96878446752555,185.24453437491673,0.3686146836539903,8.372678729463642,49.85951243659168,134.88785444145205,1.5522344475844347,16.744657063007853,244.8285897164734,27.243654727459024,2.314948644612108,19.317233740149724,82.1486876596248,8.346647520566751,149.13919625042368,432.1489920894083,2.3684051237152506,81.24606209485131,45.11549613807942,533.1159190697964,5
0.035189680138244354,4.314104387272546,19.87944971694104,113.86555007151696,143.76001363445152,156.29774666410637,159.35196726358964,0.06557836406495365,0.07383968,29.394382015899346,175.30130594634258,223.70636401308548,243.04875674146646,0.04405603513969161,5.167509932763312,44.63734929015836,213.135860476135,80.44291936099916,17.99067211449139,0.33090650913459807,13.052037017955303,119.21270015004761,64.8093331036238,279.6728031782139,0.7728220540397795,5.596214997378393,46.29185729170545,84.7832515744501,311.0278494643745,0.30956933225058747,26.300999121621356,110.13671810359097,165.59145982279736,3.980184250481331,25.033180719881283,292.4056899357705,250.4784665122669,7.749814398915859,49.24250465239858,157.70070246667487,7.237413086621072,155.4477281694171,483.77222259274504,5.663519117007343,108.57445591443621,43.06775637878142,658.3511617304214,2
0.05335654174268517,2.0707769462235883,11.139670174908861,65.69685712025377,194.69876414041917,81.35274152500718,179.1524988443948,0.04698750952172044,4.0738588762840005,13.108192927694184,138.9546649369722,19.58905024854856,33.206541406401676,0.2469950455631571,5.95218546105729,93.04895337216965,136.0534547130699,90.91015483082083,101.11445869158196,0.5734850241725865,7.9054572608675535,46.26020853710334,104.411509290833,76.6443327759563,2.2888413221529036,14.899676605671921,102.86318311649364,286.6970579952717,83.3904835538568,1.1193356952315405,19.70869560991401,74.42481203461718,126.91268957349361,7.872910610800549,35.93555903942087,289.37451811448756,107.3147982947275,3.3288989245275395,46.16630522809141,88.33713378672887,7.110907832429101,211.82202954997052,466.9129610303714,25.955545351249096,115.35678985101018,58.95227899679139,507.7225087296492,2
0.09097965139359537,2.9639118780602844,16.054744881423765,42.89959628275709,29.918362845093284,184.93525257984382,167.31349307731847,0.18277728800475915,3.345166851510326,34.74352332338549,66.73116821184016,212.17109745766282,20.734721516299032,0.31601593734376926,6.879092388739615,43.26652937890147,157.59807737769432,104.72142766098486,22.336410031601616,0.205022425506685,9.973396917048174,1.04835619,39.060102969800084,43.943124418991246,2.6091093922240196,11.24363575870781,117.34964103415956,270.1073389373445,152.2836984594024,1.217279887048999,12.9388964806276,155.0692516928586,168.3821567996665,0.9166889216310871,45.38614760346785,295.6159021770357,343.75792067095347,9.783134774521258,98.52189759193952,104.87899466629867,10.486891932971865,185.44711874738132,466.38659798153486,3.890654269793401,102.64077781339532,44.21366384154239,493.9046562555299,7
0.056352590827083326,1.8138173213912319,5.569901762264979,94.04122698042187,112.86147854943198,500.1930002138616,0.04566031,0.03228239170677166,0.07383968,33.8922867996185,89.9656674824577,102.13392427783361,318.49594957,0.52130829639024,2.572407926039033,10.649759840111955,209.6990418244443,112.16246907232994,384.76103590218264,0.08807383803062649,7.1609236979873385,62.621168850158675,21.95661094880897,17.42583952170439,1.285111628122781,9.19798789001631,41.580633637313156,6.97255874,152.94074257522277,0.22680319095606621,14.4631232224822,55.4493881461343,153.2157685353648,0.20903497623375467,26.360470881202534,210.28174168234463,118.72859508706246,2.547662288645226,23.97323428820755,81.87457054075067,8.69227610657898,148.66825807465221,415.3174538328742,8.459347003626446,92.75919490029763,39.93876958667417,541.2747724094397,9
0.02472878471806388,0.2550841095744113,2.1684451969557275,40.01750663164342,81.4292599370323,110.36590284887122,189.31361201396098,0.13811798672065678,3.3708328794034785,75.8462634204582,114.10688261613038,86.84390597582271,4.60701809,0.36081375195771537,1.8601057652496555,22.634866107690012,135.92811991353125,81.15860840509151,106.73654083727766,0.3667515847384513,5.634119889356839,107.17959443845578,57.12371878456074,192.49125334745023,0.03262522,10.313555065565549,81.67987656029217,162.59240888015745,194.19546716471112,4.486417899748405,38.43581199076909,31.090884643957764,90.09299883509657,6.215708722357116,30.247816526219193,167.26075586668196,142.98133833968973,3.583750333769235,21.245293838505198,33.695409667306514,16.167374724799775,157.66589684204718,309.21114369055925,2.4716694813988607,108.98432530131869,44.39114688280283,483.0155540551083,4
0.018494636306567648,0.679834919397202,8.811605996432084,6.3439502857799965,184.2755054259785,399.796943307618,98.51159741733987,0.04011787673136724,0.555640531231875,29.915399083757787,103.96019040841895,203.10779212073172,112.75924389125696,0.25549881255199347,2.476439609094755,16.159664414795284,130.6205206652255,186.32450056111904,425.38097630962585,0.07394138634851409,2.5383272347290182,46.56651117455936,104.42563696932032,94.51047853834378,0.6361403561946388,14.708910112723228,112.79957909273658,177.02328585244518,123.57375450917537,0.03191206,13.03872584184083,15.968989031547988,203.90991238657477,2.458829324628944,26.194847046399993,288.5863675276873,94.93325922976659,2.100897731057638,26.783397887161037,16.78128004466952,10.889253552902412,204.15785063510194,396.80860724692906,7.355170097667665,75.59724791938625,44.70701486688421,427.043659102157,9
0.07483408794350664,2.58036176307251,38.81436210200026,49.13380396016022,145.92236455779195,188.2805933711765,236.67648782929723,0.0736668803159177,1.8743723616615255,42.93100268875222,98.40622106290667,157.49254578576438,59.41262986602762,0.1865799293136589,8.720616190339179,57.658694380600814,89.056344007177,279.3162272603439,196.15585515828633,0.21776733932230768,15.601735301644664,18.232621572315757,85.4438701267434,133.8802993808563,1.1051674564837939,9.886247524817875,63.10064982992534,239.44159065819176,127.09726087215874,2.128724487624451,22.553182852984236,53.12060007925422,146.3343636399742,2.624763764599198,22.92911282122829,265.40907252740925,240.7424336290436,1.101766657305998,105.0579003787393,188.65106112703486,6.571350543145095,173.54744797173802,353.60776324512614,5.829349074794647,120.01086809766063,57.37014901645242,515.8731163055058,5
0.14164341372434308,0.641527405559503,30.292880906281294,39.89209758197703,59.75713708953074,286.1577496978266,146.5861143693528,0.03939495225097582,1.9576848258540065,15.63710563111054,49.5739683284274,3.46991186,11.675110228630885,0.12127792686694472,5.766051497210165,27.980562929595216,35.84536581371995,184.7493899716025,258.27250474139674,0.17111501147184843,4.5708304318939135,18.303130473083375,85.24808300551132,111.69614986406654,0.559020265729559,22.97512903843763,90.68438927769476,186.75848305822325,209.21080195360997,0.699000799219369,9.646445881129242,40.27138823699883,65.44712650048633,1.7707966565497055,17.753038717321807,171.1304256239189,8.347253865254338,1.1499399945489135,35.60560115203033,115.20972449548906,7.4447875936186945,184.36052244354124,306.3733378472714,14.567619256020635,180.42186686380472,45.7006372723691,449.45209786875967,5
0.2260163707367942,3.089314939790601,43.34639800369244,106.37204639563168,170.5727846493515,138.2128700830704,106.13851142377153,0.07711175342966976,2.356621658236567,14.48660995049016,25.302051094561918,155.3136108565153,58.71468773358142,0.36942615851527427,13.52050674986928,48.680288477375846,39.48587108826305,14.865142508611086,132.42541026491375,0.026075243897459785,3.2979329505196033,40.66720160388957,110.06795072050397,60.48551701362256,1.7583652903956681,33.42714687137946,49.9629160417164,206.4984441367275,64.1327980231552,0.6826899813936657,19.969839758142935,2.07886167,81.90577943678153,2.1452522398725398,25.388160014061476,277.6998479396158,204.06077146410558,5.830864543161039,98.50208133363157,136.71171850496177,5.9873819497150675,167.70394971793658,339.9705073763659,7.031973310891667,66.29885368996997,42.028729862573826,516.988116928375,6
0.07601222377785521,1.693839562127415,14.576922559049706,38.83173822443662,80.32693847073037,230.3348502786303,128.2421612302362,0.06288085152212057,6.062095110774651,37.070100615608126,194.68370704225623,241.77818408973673,318.49594957,0.39905563573287933,3.34891716336878,37.827453041126894,91.55628600463592,97.86598996033432,1.1734007772278048,0.35804067101670967,9.55637267797312,117.80667438654834,238.6042542244834,108.09685366903555,1.556559609475814,13.512124627156407,47.97116824404402,151.53531953123402,43.19597778447556,0.6969019726423755,51.060575714652686,112.33376298556693,148.80308699139078,3.1918290340965982,35.860066862529976,264.07846004941854,237.8327590831956,8.885253378690104,27.02791578306021,88.36880423783745,9.40781517945107,165.17697884835798,397.3912055161157,3.940165203170283,112.05523960873688,39.472660588068024,415.78984815001434,1
0.04451131581992137,1.8745138277384106,24.52099912824906,42.56050766880559,213.19738357131214,76.153811309617,295.84978225935055,0.09672299904052967,2.1414592632138563,10.682983278270045,9.86871112437882,90.69885937372445,42.09635653902349,0.1317026701712631,5.744336451697508,41.59938671062032,214.61014133126508,124.02490311193893,334.99722622965106,0.48227048977053144,3.826116924013957,39.57244280909291,108.41575723971376,110.62252525466502,0.45761790394966495,13.39215270072336,80.11919696542294,110.93000338191538,96.17518882984655,0.44182440506988074,20.173945421838585,67.28955262034951,225.46868033867304,3.381861479563579,25.523093919078747,263.65545563441896,304.4189155498969,2.1320829914099804,29.12623273070907,67.80377812177295,4.651535613755727,162.63533365915,458.75248980743737,8.602798976179523,61.227356318098956,42.779987512756406,426.70675511294036,8
0.13907779241667495,0.27743028643618023,3.8477082600078907,95.7533297040832,130.47540763385322,217.362281265974,183.87160184385488,0.014490816604860117,2.358389032615303,6.8516571474247385,106.18783564002612,117.96273698303546,318.49594957,0.024722253033217192,5.327806125540597,27.018965857732418,73.21270094563586,81.73722062920297,281.53304683117693,0.2987029187895148,23.86375656310302,45.638734792657495,31.195829148985137,118.70044812384842,1.010023006253145,2.6309204873968692,65.43258436560996,135.8798334262257,227.16513538957582,1.0725741951304308,8.894902786112299,54.401416339819015,210.77234020061744,0.03186483,31.173949622769182,240.4092173365496,1.367025825544161,3.3899429185793504,21.78866576451656,179.2962025899715,7.580401924422535,188.7923126750314,425.0372157500859,11.300570370429977,35.92892038387728,55.071603733009155,617.5669872817346,7
0.019249583334801534,0.6660886718565495,36.232868641444675,107.9824079831036,110.33635891781724,261.1581405275033,53.9366470992731,0.05647385749583865,1.5960803126144048,9.49498464309374,47.076600336287065,243.4073817005185,118.13862826307246,0.041103143684000434,9.836663410763778,33.77954721891014,64.22929549182689,166.3802651711416,122.63027000562954,0.1328475430626707,6.116630310729093,66.34318671773076,23.291727783485456,50.225022109545456,1.1246112550381433,13.296793616291334,30.475261808408703,216.08135722502067,85.00409373272187,1.5392661106648473,11.171256611452005,103.62491326332109,42.958960391666714,1.7952927501120273,53.73254836285315,313.26889650299813,189.59025475022997,2.0293846666326063,18.519080073425137,131.92888637996313,6.872491734062343,181.89135552517047,351.7039100951944,8.77636275187537,54.40977753330087,49.064866457935594,474.7500441393495,10
0.046338196982802914,1.106614378562264,38.212473669127654,150.44001534951866,202.70114513712622,196.40777166220667,89.14595542913031,0.20032666703367102,0.45373411893465565,17.08190440180875,7.014766346106846,71.89985675454714,252.20574648340974,0.41658300017766803,11.265071543277305,115.37649703064083,132.93397175797435,156.07748788580363,92.25132756094015,0.00877772,5.188642744555542,42.26741679290631,37.24662210182176,96.37348287260193,2.2895476246598876,26.381213883285593,45.240635741221595,149.77822529190072,127.26549497544997,0.40097072609429746,28.26520985401928,63.581541503535476,91.42295099820325,4.7746287082936645,21.537692414319167,313.7714046300183,147.90391555014745,4.711891520480982,37.03862136770036,196.4200869742981,8.172503312178444,191.69051043084573,451.25845726511943,5.452368115206602,99.70544282973111,46.556505803058535,499.2611778732133,2
0.03675907550072317,1.993906056320188,5.837703857459118,121.65629188203629,98.64627218861483,446.841434887042,142.47822638777643,0.26441299968540716,5.204672997524752,18.326585640202943,165.1345546683758,243.14313629977045,110.88618739694424,0.17022218202801268,0.26001251,8.053160519936027,41.211982316534026,128.30908876249336,45.640765394874634,0.19784276732930164,6.788547651275309,73.78775027552535,291.55228966913074,68.78899787633998,0.1387029413344494,3.1472778323232475,38.73030600267841,200.43284879093898,125.06065386073317,1.0764704670547531,12.767798237194022,138.1615115832262,171.75602008693906,1.8406078060007287,11.02337942826513,259.82909615692,305.02877710974593,9.828751654241149,48.25920318316199,138.3422808205388,7.623806917087912,187.8372060572674,282.62122692470325,27.89703137549654,74.36264721874002,49.5109269555412,598.6057775280591,1
0.14134491678516195,1.981702511873742,22.859211935955308,64.71701515304544,193.22282132599153,263.96097356520517,35.32495411539943,0.046642948201279844,0.7381948792634091,25.133059461302715,110.42186813561786,141.07998590923688,228.4267624411924,0.2779960034351186,9.023881615909977,22.911171902948844,220.185158192738,75.20938389647097,129.1645553384193,0.207844099313867,8.636033001847727,52.885911140663325,186.03441902162086,132.00401262910586,1.5235356377726958,7.129773287791895,42.88054842385807,92.40755338206881,74.12258720152757,0.17501831350630415,22.191771254279114,81.45747554712537,128.9268510631931,1.7795899984370227,12.658721212915001,217.688673072806,152.32369949696906,1.6531523924703482,13.589807744158469,63.30269162751214,7.659484979002943,154.96554547905112,397.9072694337056,9.543937909164244,142.87748080584984,47.83804105497623,516.5417969167775,9
0.061850748124067635,1.4859809341043972,28.26782412499716,157.4590595197391,170.7802740997727,160.48571986650882,268.6984216719988,0.05374255270074423,2.7203762271290794,28.088482670588633,123.19125043691974,227.32663859006215,28.622586770081256,0.3775155977476483,8.57866344119418,56.49884093308185,57.342928144085036,151.1216441955663,508.3063245649972,0.2160904932070225,14.047885551101334,45.73347947992286,72.94637883355965,195.67234108606712,2.3221570015987134,28.606918336536737,101.43219176738111,244.22868957351628,79.33198403817732,0.5588736103868478,25.084565881081073,30.507452251916,201.20161842841102,3.7493974530690375,20.417773164828688,289.73595808538545,164.5946438014306,2.656312383969178,60.481557107982965,155.01155145100284,8.140282803217941,156.7453862086512,221.57961068866848,3.4455523417199707,109.0287559531422,55.842898296715994,412.47300805559274,10
0.15357288057881643,1.3362331405893944,18.01144076591205,32.91647092696805,92.87834634701368,203.87026756582895,155.76189229906345,0.13359674307706104,0.9788028743820034,22.827464659190863,47.16785529314295,202.06204871853384,147.8392636037293,0.34357616014722137,5.769844752435795,53.42249648986322,62.454607497407885,110.62230000995396,118.31715711511927,0.28879396880654057,9.306824508622428,91.40896763475814,122.304517887726,187.59622842107345,1.6026712616270011,28.817104051879383,100.98166152416985,356.6166969267001,178.2930386439876,2.6406987348469944,27.24285969847876,121.7352845090185,166.17976916047346,3.0340706143992136,13.378174020861692,359.7646541196151,244.19052995015858,4.127789634538614,49.55294866093642,139.3977029525791,7.066407034811204,218.46787952056803,410.6533656255398,13.447507056524827,32.56533240187563,75.073812181704,451.97166248419063,10
0.19522359839331038,0.5165900625265946,40.109635628749174,83.49386915440897,128.94736433290356,292.7938745267446,258.7994096295405,0.21456270537072047,3.1160597254562195,30.742551204907734,57.909796970715675,235.55556392331923,171.84473696868633,0.3238485095263427,11.323816534087266,48.913384952738234,282.38124177297163,73.2834279102859,3.7853841433170388,0.24450855696095739,6.427027287866809,67.21048763356235,245.33899742915742,114.283906775346,0.5146735728607053,15.911595491714227,62.152249063516535,268.6556443572059,162.52872252838407,0.4778872327873841,18.419933806453873,58.30171716505472,111.67401062074973,7.511539003562298,13.195855716323873,193.4122873155797,13.94741980171841,11.00407451977187,25.232228791148227,189.5843158698701,7.192117691359482,142.61548184181976,409.9682053568802,5.4653936820152245,108.09886900188926,37.163289355465096,461.1617089703573,5
0.027801074218250833,0.9388288500891326,34.68283660719007,34.349993720374904,86.46001697555324,100.44122647247077,169.22634587621408,0.0631739994652786,3.3519760266211573,20.280449006202737,108.1146134726245,159.13010767238814,4.60701809,0.21328241412483934,11.336440123325257,28.808698699591375,105.73486214159176,193.7354497949558,400.8137635334872,0.4381667803722852,8.11115175708135,79.78283335904867,114.72342128867227,52.31414611404034,1.0472314989460587,10.000821312437926,59.654055651285375,259.5930446648136,17.583078202451063,1.5196480663729544,41.662489701324404,94.81136120341188,77.97487888397112,1.5834938426847296,64.94166640066462,210.75925124514578,178.1409838182443,2.758600612547325,47.490891591162466,34.35270838491617,10.797489901883703,197.05870957888575,287.00698300180403,5.413091983341415,11.767489511260333,44.67188544226951,503.8273270172461,10
0.03656948272108393,1.9432889025708617,28.03227067369703,79.45067651704808,78.83978241385773,199.91194405649213,54.29679228780204,0.13398803028647766,3.107519437614235,29.984935011704763,123.60392004024202,216.94869595544483,22.51033322603419,0.27491935648035803,5.434535290800217,56.47888000650398,103.74960222529755,43.94746963359687,17.502872021293783,0.6407984918041137,9.627651342497714,52.78263787633814,199.17211591139255,181.71799179707173,1.20979319815395,21.143176457968398,90.20662639487946,151.91174662287136,81.4626142256715,1.2833097992444777,26.332491904354665,67.21254928415291,185.15323862111993,3.6163992563877136,41.49286922887571,259.8561217217324,138.5095117726751,2.592450301991994,65.98207362952304,140.26876240228597,6.564271717505906,201.52742045345838,453.8894869450353,6.68008579275617,144.17396389207275,42.90338493846258,453.0421371593128,5
0.04449572273221094,3.2554070445327787,11.276779541005927,106.44049275613233,198.2540979414496,336.9692191630508,265.497329809348,0.10276185692232485,2.553733946988985,24.339201078988175,21.979738888460012,154.2185338897826,70.02763127637118,0.18044992482448996,5.00469331031477,20.10456168357612,130.143171029223,120.49488397814612,76.65012363852229,0.4365629764086676,4.698529242523418,39.672359576023325,99.29593820443284,177.72287226195894,0.5676290155447064,10.04471547526155,79.18366616633688,117.4743242212595,181.03967679246395,0.5423087326008397,37.25492869118189,49.99829284193106,154.19618916369606,1.7265286734543195,31.986082826891913,218.80217522776655,11.782297960658127,3.356273493036901,15.629097882235396,232.00398105025997,6.376401838014495,95.68001130588037,366.94900027061186,12.409896508800328,155.33492949234423,40.36382356039408,468.829288374008,2
0.05692287820172984,5.065099942712483,25.550453723255366,41.234746732146576,120.8148937471485,129.24768423980717,68.81398786756854,0.1322699386777172,4.018638357649165,30.73753673092291,78.1727798532954,159.49091672907278,13.561576159021278,0.3589113522547016,7.635827764697888,33.589876647353826,146.25895997483383,85.61658941042346,504.3114145431177,0.7745075924164059,16.98590980981962,36.08738036349844,123.29120625611111,122.55659438217937,1.2313348322193094,16.579715253208196,109.46943687267182,214.45450559098003,112.12169360007798,0.9258244082785216,42.22771058451033,110.94171017293345,99.38517604625488,3.3599629312264714,43.19520538083356,282.6697481844096,66.83343373576454,8.224656792695113,115.78970191630616,63.691046376915324,16.428865212536284,152.38633209288258,329.6671597767331,6.790140685634652,95.53875250743171,48.57252212770221,545.2034253242089,1
0.055230584509437644,1.037503339823188,47.80240014303001,49.752527420469136,160.45913972657533,109.25081542781868,84.21075484663328,0.06615546448863216,11.229796768257073,56.87092472544241,56.61851325552195,169.20805291493457,4.60701809,0.4854874486578214,4.4487229114856515,51.91292973780178,230.36463927830283,291.3541743299599,54.88986763589034,0.3468854333551193,16.09719236280933,45.14602761423966,57.81222730321019,120.13902013238872,1.982045712521061,28.958433669881103,38.409895092997274,183.28135917592678,62.107744367482894,0.5196116083788662,20.853061961189162,267.4123905407972,141.93939437307648,4.017483531554685,38.48252115849835,272.76644992452697,30.525945548500804,1.4288473685148797,36.509888178006484,275.0112106854552,11.812372087738371,247.40469864944518,362.3680125252528,7.511990706518384,129.69885064302215,61.20564997365012,584.448261113079,5
0.05295202989434051,1.5310253513489038,10.987077518414598,73.00342586645571,119.07085971052466,264.99203909459436,24.522329068831695,0.2389376822151989,5.951150416970308,21.806377048418863,65.59576620728862,173.69139865613158,252.79397823326994,0.33423175799851945,3.1935598189975876,5.170236708831858,84.67702921837184,248.473262990645,72.33065953554042,0.28664600236029963,5.124255022617164,61.59898522259244,137.60041868504504,66.14420032226118,0.640874264062447,5.129636409160629,38.03839258713908,100.54805798366198,76.14428441478594,1.0494521651380735,7.824180156293739,63.34668581289622,126.36520515166363,1.574465345055748,42.600182984648775,205.70901793583093,233.2397661213055,3.673047349245053,22.919615968433718,26.234396107585024,18.5271986297727,157.6765084250393,467.42016944355373,7.376166450696988,20.351099028580325,45.03737091493248,512.4265287105184,5
0.16263009194688538,1.0975032162595988,25.773267720518362,73.8068909998106,79.78245746788282,81.41159419974773,53.035339915137946,0.05495276465670258,1.1600093983636504,26.36963336569201,89.91366477624831,39.86622964886936,60.49818867069595,0.09260457360472005,7.858833575476453,74.58343549326439,58.82642324108193,89.16788329511574,463.09131324224404,0.4491885301355674,18.57453432145364,41.16669860343828,203.20303682387737,231.25130236237686,1.2290666833140238,6.631975954420352,120.1360703447667,266.04538795984854,139.65720890108742,1.041484026206142,9.03282607940933,67.72994543997548,46.38606716505971,0.6060814163970228,25.6101016588582,345.8164417385754,62.468060627802174,2.6461370480162048,11.463830578926256,63.65855810298832,11.066842631578183,192.68807842028085,306.66322938458956,8.78794518289459,41.85431955560576,54.07594648484146,611.6081239847722,6
0.016411721233668096,0.06251856,6.934027644208487,51.96627145894911,127.43292569048721,232.46299165415707,196.0868307021609,0.06933030275584151,0.20174028127157895,7.361289862613718,199.2497003138122,224.87303069954103,295.3195890357772,0.01555398786883204,4.310126142405158,11.88007956761631,139.2833379107301,128.38022786337888,212.05076041942115,0.28230739245705144,18.9636593688466,100.93905237243334,148.76194356998394,147.1324807615294,0.43697171980461563,6.606363057088968,29.140245857629896,184.77325580285387,220.11693185271747,0.03191206,13.872795422931532,81.16206718205923,182.3024703303548,1.8370188759106036,22.65805414158161,220.02090646834577,108.72944046148254,8.653557299307918,13.033041160468587,133.7651973168883,8.081469359635198,152.46158823062038,465.19644670775784,2.232650624231245,72.88637044406977,28.519096816885472,462.8043762181315,1
0.07139727580920532,1.748840628808273,7.904521675462908,104.30727292596632,123.50456075816241,296.0871554267934,189.52640097861382,0.09051195597404113,3.920939448484432,60.630052719145844,96.90991963596558,236.66651950733677,132.84497150004668,0.14416708277976334,5.041582233769088,15.663866894737293,45.512793863060196,97.88942984410711,87.71872848942738,0.873560206689517,16.859553559079117,107.5633426255821,141.2669543568132,49.12495763785686,0.5990834031056954,23.918163490827308,87.70162935625282,76.9361969624328,127.47868737027741,1.7752934838681824,37.10442473574298,165.46032584401388,156.5181523726452,1.093387521031495,49.98706365841885,253.3497852603623,228.7667326045362,3.2208057504116043,109.84998640147879,236.276435264558,6.421562993068272,211.66396256727654,477.0423784875611,1.8833861081478354,69.83822431356911,57.610575294190674,562.6879933637948,4
0.011497313067291477,0.8427838336649636,3.894738588543995,53.004560885196746,117.40857308426594,440.51863418317043,128.84713727660062,0.08573127490057796,0.8012875695040496,26.53953337662071,16.3126694807988,66.512243753698,318.49594957,0.091718691385912,1.9435651075623956,34.763239994923566,49.22349643678861,138.05168655927034,37.92819470844166,0.0732314447080579,8.70557128238156,1.04835619,164.63294983516036,99.01225439727472,0.23119670719481647,2.9663484427697737,48.47895403499717,175.8216391371346,172.1546573925282,0.23091526487738073,12.001276487045754,36.98136800206391,70.71691975421592,2.4437750486367444,11.092015539128147,202.57463673484943,174.89090229996594,2.6706881158326405,0.71013604,174.7988889206778,7.395303462930175,142.26855834551935,507.56638946561134,4.488715622123939,67.54399392525181,40.334178364408984,434.202314399739,2
0.04104685916554002,2.043819605762299,36.10777891782863,100.63327406677774,150.88050632048694,64.66625212955248,186.05495411454046,0.08831459080057043,2.507193103285921,36.81835891204389,149.2534450290409,110.89862418907937,139.49079232847578,0.08826014668602654,7.2943862052760355,52.877718489989356,252.61589828315707,197.92809228303807,72.66048669331592,0.3240582867939966,3.606493550976087,52.19918890231783,108.34697843723822,116.03229729426505,0.36008009410869707,13.607336107423045,85.11339857503671,231.09212471390651,200.78716560127418,0.5542293647148704,14.943224468772096,122.55307440710502,96.733366411396,3.3011427205664856,86.68994268911244,281.65083932396357,47.749470494770165,10.43455605918431,34.19993802047889,148.90665527816887,3.383236201994823,167.34449018444747,315.69843903179355,6.068205526704561,103.82219931156929,50.81690254913976,598.6219282279873,3
0.0651944117397929,0.7045229779214408,25.97876678211116,88.70308775470926,128.90643475789804,174.1283567806484,322.52245831687713,0.08219466984259409,1.2179438722133256,29.39185872503542,106.37834001278634,71.5883129105255,51.81622145145691,0.03949088406396137,8.546470722614007,17.255445199218144,158.85276508290414,138.32753343993485,12.564582431237717,0.16578848809434096,3.519165762757959,53.31474437336607,32.811346348145,36.781656566733716,0.22244657328063386,33.222835873520815,34.3968548447356,135.11917988414547,21.709386159489767,0.7785965754890709,40.601446449821225,11.849609261123007,43.47333746429339,1.4788920125265665,24.818922371238024,215.1288538925782,175.07201176322926,5.102699220277102,7.409670844712995,132.0869048367192,8.607704131132367,148.57076844505062,577.1390566546155,2.4925647746540402,52.65502232124178,45.51645148125916,518.3683380311478,4
0.03920038202169711,1.5952449319122637,10.80623507409481,33.35198238196959,125.0526839043327,377.46275436449787,217.0670653476365,0.22029705190478238,1.2133532043922808,56.096158597606845,95.0690106746132,116.65754245525463,86.95911995613088,0.20344351873876898,1.7884847842131988,17.001593612125507,47.18611366940519,64.21053408998021,100.99547473126914,0.4311561933455762,12.398780691775345,66.50170128883234,25.585333766673454,256.88042310510315,0.8324956415933631,8.632402769649577,62.33546880832216,173.2287974748806,337.5091520039379,1.9340307085064312,18.031703704315525,95.18297405672703,61.98903721942982,3.4146409153855055,32.77447252732512,236.891719541907,142.96098546995836,3.559980587614006,23.775138807333065,119.1897005488846,6.910981575983099,180.80948305755433,502.7755204442704,4.1074122438307565,103.6404337175307,33.60775860288009,420.33560873018115,2
0.16518926921987515,2.634452927540364,27.45800711533327,155.655015591653,114.89152172866928,101.67195674915146,74.532554214248,0.27484248147269186,2.965500883949188,33.52834911348778,173.05811635913392,170.31196203840713,201.0337971449173,0.2746089858076907,8.090458687042076,87.76591536841573,14.356909344190413,79.64476319048975,125.88902477053907,0.385449575152423,7.574544599656923,113.40495824965234,179.22603418873211,152.82230168071106,1.0084531372500671,12.615386742852747,73.64326934879264,287.9481804178185,113.03580835901272,1.4600807475065296,18.97474611294878,141.9012733331064,79.67728979966134,5.15005976258435,19.937793566314703,369.0557273721505,358.3203366572795,9.994626974447925,76.42865341837819,219.60704739232457,5.542174379246892,244.71967715899066,309.8186280963767,13.319799116486479,119.82179182365117,37.824526957703995,393.1739887367796,2
0.09108592125876272,0.8438726498029794,23.861956562063426,95.51888727216422,148.88117482288996,273.5855753614514,183.31514623922257,0.06689930144210171,3.466610555437392,50.28258572522212,116.45084756517963,49.795819981521525,51.055095526360105,0.38579796225026836,7.884960021017739,20.096168276175447,102.21273995731427,65.68355364876469,141.31978940084306,0.4485099573209593,5.752323803383295,111.61952800275195,64.04941312638131,240.4039631552519,0.37874255942365637,5.203707173099618,88.97538473910274,342.2662406720446,10.307061964730167,2.4658951963782565,13.041846468484174,187.69301585959434,162.17800987466234,1.0969154129045493,41.252695113613626,383.97383570938325,72.4786957598042,2.8319735852609975,39.82012628366521,45.30370501776142,13.542306747048833,234.20730455649064,358.3319263738709,10.760291477272604,50.11017730618937,66.26616332447114,450.1210388209495,3
0.25538613227094736,1.528676206605494,18.107461310509198,101.61900810348851,69.80494846401947,240.20312860882854,171.54307501784456,0.16347853639355564,4.159266315342319,14.393337604153011,168.77515755736138,99.59248455370972,274.4855728674886,0.5336790805458858,3.558995837712182,17.305427871714457,89.44680366203133,84.983177077466,203.53582290884685,0.5454760763915059,21.467206028941977,58.939263301854446,83.71327990443385,142.30243254569828,0.17771512522846206,9.771242392925778,74.97412697266225,327.9964447453442,154.49009575289173,1.4103998116308516,25.37435390139678,73.89902433039352,195.5454624217129,1.7056540101089324,1.55851957,215.0769558459454,117.79161621535454,4.542542777401803,24.99190664816224,135.81007848327295,5.280304332106795,209.93118208700386,292.6497869265108,11.279564229646486,150.88486715756943,41.99310171089393,521.1491897745707,4
0.15870467963857848,1.8397266500139076,36.16944259295387,136.83798914198246,30.744010982040464,303.3100940846488,213.4240523791512,0.2723290499940054,1.6996771837027544,37.8942431080218,115.88582845427837,208.13181904866767,179.49830763597976,0.15140305813184798,7.400830390817532,80.36917997624857,193.00063538960944,75.93448551613658,103.19811378642747,0.18661861497463575,15.859808801096602,50.97572437059877,100.51775986193859,193.24922469279724,1.7632573650519097,22.403710735696603,47.98466115923855,232.66501338372666,141.67192165803715,1.201517228583258,24.047096902850065,171.7838067979038,77.71542605858014,3.8430812908797485,39.63689456879652,289.78208701982766,13.430151435459866,4.122093225739546,27.664636205819804,122.72867257188133,6.945643266028259,263.49950342936484,396.0725572096445,24.93855481315114,179.78222675071305,65.45046663092853,581.7352076996629,7
0.05664455092978138,1.6740831783642,20.826435069802717,58.21728843341984,66.60062017407446,242.55478823323497,202.31287019620478,0.0550722729236166,4.950569571593981,36.1674600833924,69.97066204238493,205.44979298052414,227.7412417368063,0.10397126444661593,3.733513034224462,15.367717618378409,60.61439730659481,67.82584487985442,157.87170767590084,0.5069961962882638,0.14045953,40.023262466752904,117.88495951153152,196.79327253323203,1.4738911533678523,10.391160004035424,112.4298222928917,305.50718767658867,34.79369399761917,1.6096131350606386,10.545304361302623,61.9152736217365,152.6739685266354,2.1136763476560114,25.063376862701897,200.89798056667723,129.69186854161276,3.295124929715479,22.730704776488597,201.24204749954202,5.706940817975859,222.2310674059925,408.15214109942235,11.857439081882017,132.71324754074996,48.800642920183456,429.04058549065786,2
0.03927010768137846,3.655147568555381,7.362151234150447,36.49869697067382,118.42357166051777,63.82308698189519,158.39241197154664,0.07529223564500837,3.2150074694817685,33.8499395195994,155.12527312653845,112.52691777757221,28.444838381846484,0.06947640975654608,6.636855908301567,27.91163082712771,35.28068505512779,169.06831930301962,63.04594023498196,0.4683631092048914,15.655543516784071,91.94799084464725,96.0005199428052,144.174777917423,0.667417143919552,9.44648715632188,68.51664321691709,314.575157125943,10.985970114365994,4.836593926977909,22.290810923194304,111.92318620009353,169.22972830157562,2.444418885992195,20.47436827424104,236.02534512480312,71.85222459647929,6.496596543211622,60.16187278709287,148.96599133764673,8.167493138111402,169.00445322728004,305.49836291838113,14.24355115533676,176.98097290677953,35.70142643688985,421.03672611258025,10
0.03505825496646115,5.33912662709632,31.996296902479646,61.86012571037998,143.24887661286522,254.08708612860858,88.08149473450436,0.15943102668906425,2.772064001267665,29.411567213182924,125.10775615687368,57.331739080642784,240.70197936144058,0.4362492475749677,3.9772357585728955,34.53273449446225,105.83181659216676,64.91765857628964,242.79033213601588,0.5375292244862235,15.257849296040625,92.83594341887874,174.32547266347242,65.99904617882422,0.5406025736478159,8.775486175544952,84.85225298448069,68.49348668780898,245.55310109493496,0.7433827281607132,46.42441003815134,95.13354078513547,239.34737486702497,5.282889658223114,16.032538991577045,196.24862489562855,189.47638862678008,8.351355686867816,30.874602213641552,183.0643442643713,9.018201613872408,184.7047796068414,423.8464558680581,9.413109024956496,149.8219815572956,33.69028824230347,432.77882161406006,9
0.028770235531584278,1.677254377871544,21.75830292854694,116.95444212288032,21.680387633524617,348.73593239963196,141.39891663469928,0.45669490329819484,3.202586668537986,28.564890279062507,62.54899011400417,166.0428651566171,178.47796048186595,0.16155934931674934,9.36780921704654,30.543764062765426,160.2583550321818,306.98768184205534,75.58729407099746,0.30944592465151727,29.884313471741997,25.81301694190966,136.29758610246355,155.79739980017317,0.4184914869886106,24.9040494037686,77.53009234926712,140.72033793502592,246.32626636220465,0.9938240629319705,7.7250805024352545,156.21994680430018,108.45972272667082,4.114892235375048,37.73610172851731,347.23417368494194,310.1332979190529,2.984196728671116,23.26091136224792,122.37529690277366,8.108422947253777,198.81810891597104,347.6985253369676,20.835003674238717,11.112013531860956,49.92802171660382,627.0152143404815,8
0.07932105945387533,3.993988031500445,36.86430273507275,49.27997720556242,84.0195027300297,143.5890984631662,187.33219672281808,0.07586755624890641,7.2064967443263335,23.544429616682976,117.80673640837934,148.93653909390298,193.18513160702756,0.3769726520259689,6.37121613768279,59.89006680900353,234.01051797607516,332.9485923206231,94.58989436476911,0.5999873101326682,11.02962555516152,71.45640300730702,90.99324359296553,119.66305585446139,0.4661823210924242,9.85340432085842,104.10982078834314,141.0546832001557,54.51640453930525,1.2854938491457897,12.238063662794794,135.20606238905424,73.20424577796362,3.647365110372358,29.671519726897717,271.36789085954547,41.72362209037309,3.88605467309777,101.76347252798661,50.066057118709224,7.574380349547372,160.90665490074645,367.1068617696415,7.1545615980203525,98.9385076573734,57.41583721453323,431.60618839255477,2
0.18815116249910374,1.919315090903686,31.531776784509614,118.21363133779765,85.14150838617554,234.0392153563502,109.59915416296914,0.1057939863690767,4.243812472022654,44.28327452520328,24.920177932375235,299.58441584,131.86946203519594,0.3833343490582077,11.342613277782426,55.64892340525009,74.8887481063142,269.25386250891717,115.95516938769103,0.2980299861226861,14.330414062542399,55.06879991669921,146.99890017036483,125.29719200746614,1.609323839093077,40.74121603175385,184.5235668702089,187.30914895900003,166.24541894523642,0.6200404721284963,33.42648718814482,105.67115211214902,112.3243833915601,6.8227603903076925,54.86195204702821,349.0967666209084,404.6535197282406,5.415172264566926,3.5032187488515216,153.87420077052724,12.761587288649215,182.75927384680944,352.06438255532396,4.177416226450826,8.888183312599871,62.321983960425946,423.9239760314318,3
0.035627620292291426,0.5768740256932071,27.202840385933783,85.56706862760446,157.4793892785915,342.246033542858,362.89272698567635,0.07770106207439983,3.953125313366709,35.77110349070326,120.67087402086187,101.71830614703829,44.033277371308536,0.40086419333595713,6.375257199653521,31.96471581750894,61.51108132793611,201.6431818145316,94.43957838798879,0.28555282721779085,16.311196938097243,11.198909600131552,129.12133585465784,35.66298924347893,2.139634226000136,20.186174082122932,172.47724792804692,345.5129473843708,95.03749518386162,1.316973435650032,9.207586998937414,21.574451369980736,52.34513850747837,3.9751217603202633,61.23620357532985,309.9345987567044,187.8641601627083,3.734982687036477,19.546276253985333,1.10704472,7.221932020818689,226.13888308849104,323.9503375018469,6.481436970646012,141.02445545096126,62.16494549013739,539.0340251831492,5
0.03313180584717121,1.5105970605740424,25.710313894087918,81.55274295609603,123.76959825385975,467.18040964193364,233.55454221326028,0.08763646472790038,3.8940094972626227,20.287078798743796,34.09901502843812,91.26113249731908,122.74845308672101,0.2991282644263914,9.296928137356431,37.69618345995218,174.57609142745343,216.2763181163609,202.01152248409886,0.19661304443399757,9.505987942672634,18.887815260127546,156.19849355338604,39.49426138204252,0.7107942698741836,3.02565339703372,77.53373441706356,165.0986860786954,51.78617359795814,1.4759165760067243,5.802666709938567,133.2442400163698,38.989861196012505,3.819454741579867,54.88349028467082,292.42571348778085,37.622356834460106,3.9609453126098995,16.290092512226565,117.6921479803754,10.15854923236433,220.12597369320645,345.2829863545304,8.855551241912817,89.65419796140844,57.10612483053386,532.5429793782291,3
0.15576318028147815,2.058053925311773,38.358800894643316,44.33496231294821,41.97979687492608,70.08356343209337,194.13176582434545,0.09080782194924658,3.7753995473735986,47.03320530250673,31.002443735039627,61.477296356678025,38.1280313225043,0.4000261877736637,11.535675517067983,26.145275303941325,159.2464068589706,17.889570534360743,252.00418022838676,0.5775088908993111,5.2650155021029255,63.050931485932566,55.28571309574068,188.77643301758584,1.1191271005256702,21.836921661488702,80.22375572852928,192.72027821819995,47.17155560374198,0.6991389441068249,31.92879573516546,65.16715657535623,54.61591324635588,3.5799981483508785,54.340134675831976,431.15745581,35.2632552330263,11.504693059890982,19.132618595992227,84.53440309804513,10.576587669274033,296.80308127,338.05737578210665,5.884995102351957,54.68699746375023,81.9344573319164,432.6719961427917,7
0.07840507695855838,4.130373546165635,28.406173825557723,37.06486073828496,127.2893205267293,352.74124180358166,388.1672978313095,0.11572939608252183,1.966387341035022,12.67205578915938,30.97342969509137,63.42430420424455,4.60701809,0.29949021216250626,3.2765086886629913,58.83480257035794,84.75177049358986,186.32059290782456,215.01442906010507,0.09157787536109707,2.560101251096466,14.008678055821001,94.90243885717214,27.756824875074454,2.3416261192419627,11.740025222657554,115.30875960842961,262.55995842837035,21.295498219454085,0.5752405994854068,5.491091127327552,25.463257074070967,55.268940010645714,2.740127060913569,30.363799396309215,204.90799160266548,34.17284755786335,0.8490780840124839,38.92768854406309,13.464331106728835,22.333859826671965,203.76754172262594,396.5501975637337,3.837736262566561,20.431761610295858,62.415869271593394,524.1101318336562,1
0.11435367520278747,2.036845466236551,32.77038662985176,64.15283286107042,104.22833793979234,251.89179677308135,80.89023796838455,0.05079455549368543,2.706371334354753,12.211251904364369,56.25252954429496,171.18420334845993,162.17301990546673,0.47774663259672234,7.689310009600758,50.80915173958895,95.3090176205265,261.12466287905255,326.11323557760466,0.5094707740372744,4.604712794837128,81.60841939260544,84.3420667975291,74.11775647630935,1.601523257536829,15.966638565137648,179.909493831117,189.00959596507664,271.38159493251794,1.6343126189793469,17.50606896556086,54.144444506560816,36.38521715927828,2.079598727984801,41.79073657547373,329.95698600834504,196.6256775389763,6.295778784366824,57.32910610508365,202.16214601479845,7.697529936546442,211.53534443300185,418.068297425318,10.048371458033838,130.8665310505486,64.92734849117008,777.86182699,10
0.010619635860485515,1.0719004459688666,20.790387004980488,59.996814161164544,53.82463178216846,23.205686554735166,112.47266822505702,0.047083704933037346,0.07777887855513543,35.7483900955464,181.37420686508278,173.24775638514623,317.00516981543956,0.13030451792834913,2.0540195536382004,42.11753402683206,54.38462457239844,74.31810034600173,94.06180324795845,0.11370085432740468,8.88615949625915,63.81226438082659,156.0564971290373,143.91713997106237,1.4813659369770638,13.771057338238563,62.30870550369787,314.1235249733867,34.136415571665346,0.37540298518753457,23.77167537782152,99.8256821198187,160.71288838864223,5.458603215672358,23.125577083455184,284.93275462997013,240.40066614446573,2.635866600484193,39.05063990012601,135.82581520697096,8.40987578035687,190.51654665700167,425.5733988147383,6.640474651547111,128.43883145681997,41.59529681688691,526.7407237436734,10
0.06642063108228304,0.6431099625088211,7.0950223660570515,60.87063743256334,126.33740555351511,441.47238319256127,301.35467980417053,0.04956474750908638,1.2245060322965013,10.279708224441777,34.53134885897907,66.27374336062891,103.77475101764354,0.2809057177422339,2.0308116656038973,22.232185696517313,101.25063352055058,274.7516929218229,295.9522833341395,0.040056159528441326,1.7371845533218875,32.64411340770566,99.78536116597215,108.21451150359901,0.44197827619755814,12.008334788514059,109.90105450743823,195.18734433514953,179.20031546409695,1.0819331158762548,15.486873469172401,120.73825262708344,18.80772793873119,3.565205989319768,24.22067039976105,312.75403757074355,108.9470505179958,2.0825019817774715,50.552720022819535,77.01395636192976,7.729213415230692,186.7252150823547,553.8554036341295,4.133933890073986,8.258745932558696,57.24135966662547,494.1206284562077,5
0.10150529507969264,1.5195519938551818,29.321179522608478,109.3523173446635,92.79846326777732,196.65679397988956,319.1778931631999,0.13329231004337455,6.334805335722562,52.39998849772046,215.2420483778434,192.67014660882643,318.49594957,0.19256724225642913,6.4239979949157116,45.19618876796986,23.90235575132476,83.20269622276528,67.70765688275769,0.5372094713912628,7.520411298846816,59.630299818658514,142.69150721341887,171.9828285231601,0.8302030846381451,24.511081601082786,111.5694270590951,323.9937314704282,62.46516028324987,2.7013510175019415,31.570823573380462,254.0348571970166,145.45518970355124,5.294026811522197,16.018157375730823,290.72592096313906,194.76166125817798,12.06688707,84.27274470666721,140.96762886532002,11.6052172157882,154.14726185257763,261.9320905860055,23.653098248279996,113.66501513047523,36.78436429896323,440.66847292826736,1
0.21966715284895308,1.5986706477431196,14.78888437058341,111.69759825845216,144.6008316541516,337.637467736679,58.954639680440295,0.04063854360531896,4.547715295565653,18.374599912371465,28.47609647052835,29.240865769386954,38.04365638386823,0.3737734690228536,5.374091870974361,76.3985747067153,75.51706900483713,314.0846177107279,56.94919657096398,0.0652412739912442,2.4027672364930877,3.807297273766814,41.09484797491584,137.55658661513172,0.981236959691124,20.314388569067575,66.58679844590247,165.91596112389408,158.84682517770398,0.8201371493895206,2.3143865452440524,2.07886167,84.12874732835722,4.283191915238012,43.320190276646265,295.56472876701895,126.01863781703446,2.408449738823472,20.752047425960523,185.3256302358624,4.234075262091305,202.00399009411353,353.1554077271368,17.23080854476172,54.45597033537051,45.69545764990675,466.1059717249693,5
0.028338027484427947,1.7453293882493162,9.060265406760823,46.09621917407443,97.37320925689926,218.83329279698916,66.9021473000591,0.015985023805743903,4.900660679124508,13.311530441315387,56.483756112571356,21.750597935322308,226.5750708151008,0.15172509066049356,8.058850104152313,37.35502795124806,101.87137486102635,158.95233356384904,211.07058996705302,0.23454733620057822,11.08857975347644,38.94906613491314,105.57992738376801,39.34013705398682,0.4848311873138547,10.83835984043858,58.90877426778472,234.62445360143462,46.95110502063348,0.20942589286309599,0.43353847,120.75789395279963,136.5604880110575,2.7594440662326516,25.348897727771558,310.91995505020367,141.08824836656004,2.488756444393534,62.7108112141613,125.45883612636561,18.552361153420062,158.8752449127146,483.183739126819,8.859656875259414,95.28287955719813,50.46072765858973,500.8499289579173,4
0.11233364489426562,2.050462853857735,5.796760181512061,99.55025008468931,208.22240470540333,466.4387184522664,101.99294414742991,0.06139793908337059,3.6346961503585025,25.552222167169834,115.33608402742492,32.230981972913035,126.77910148097621,0.4432594590268788,6.5653097913087795,51.972262157433875,133.91558460568015,270.9504297839073,64.49230628111637,0.2754843410626772,11.72204906182241,22.185422310226066,55.629858478272055,123.0581716446332,0.8274842167768159,5.5551156198947975,157.59953704926016,138.2392318105471,411.10839856755115,1.2349532041244138,19.21467858097028,44.20253755410871,81.8183653505716,1.560974974127682,54.977317382596254,94.94781133,123.58282988333808,1.759952009036257,28.96955096906933,122.54599240479934,11.997352830061057,116.23276026791855,344.56261208896194,3.1442996235160146,54.444695628095864,22.02129515,484.85738789235603,3
0.12344581193828978,1.848490584590059,17.964196921797537,72.49731425949247,60.0077990934224,181.97781181604046,306.70987328879175,0.08280281477688653,3.9316096698964857,79.66802547960388,50.94362809648053,173.68239171784768,60.99178818010801,0.08612349589293218,5.309282768011115,50.558463755193905,50.9576179158744,75.97589283257035,274.2786239551523,0.5985165567058328,17.339610274456447,41.1221029590115,104.01854070942433,98.35810410913729,1.566607386512069,19.560114217847154,99.95079829196577,321.99006417473197,139.06285107066836,2.252522022942756,7.121964057967124,71.39672983723224,246.25492411077823,2.8674524860833452,39.55766283259655,306.1896673429497,116.7940563398045,3.1018601714685996,30.30906411238998,119.62327233618959,5.883425603342204,216.8256887024028,284.52923764335617,7.442844201487611,172.69003881646302,51.583527782963856,462.8043158782608,2
0.15679338059438022,5.442790923021696,28.871078451590176,40.72088894854009,138.20485710402897,172.55316507685248,48.04950046510776,0.26039852795268825,8.424165667381274,13.291239645122417,54.33471851738446,118.67300321731018,318.49594957,0.42368537142854,7.631651844539858,66.96796181406836,137.46242415284715,285.8073501155613,20.86851157456418,0.1589183034117115,5.3394661874825395,30.192613416042818,47.88324524907591,109.71571043364358,1.2625818613482385,12.354720109182669,175.77942115972905,196.6765772532708,286.27147716289835,0.7840251017414501,22.468155649713488,91.76396090057167,191.89805495512954,4.625167869466823,29.81911830873709,343.9591305728579,43.50233954223519,2.836023227247206,17.774684459401083,144.7696827215099,14.56993323198494,207.35617390217627,402.3928876266143,0.36292568,4.651854744424348,50.409052153091366,427.20829512909717,8
0.043561383319358625,1.7941144077114977,6.236182093775633,48.602836708017676,105.46361315242864,197.15315240594768,45.41618361773904,0.38810378297684345,0.9563197392813261,72.23788747509252,157.90222386561038,177.99328440145513,162.89757010046546,0.0221656328567391,7.783768455782255,33.55785701549091,155.45702588287176,140.7823458832453,37.92871138116591,0.20333444940114767,27.49361973658108,77.27274942244784,109.89488993057171,178.85651802843415,0.5354978302129731,3.582301552397883,65.91770308011857,183.02042606306733,170.1980240268073,0.9321050032134255,35.50998666140125,274.7975592084279,79.14353358716914,2.0125801673768438,27.701812616216372,276.0697949191803,311.4520039206143,8.726956867332719,48.23360171323991,211.50961269383652,7.881894137622753,188.381946338717,561.1660351033836,1.1464478482610794,97.38281024852131,38.691276109077435,476.8300116699524,10
0.042830017591886316,1.1883744398447058,13.438231290661612,122.14387626743883,133.81302613338735,168.722769518562,76.89732213789534,0.12264971431134893,3.2225669251319533,13.591027315067862,160.95437035499955,111.55305211318506,204.3638788652387,0.33327790195762,3.0305273082517825,34.89023110417355,138.2331620290529,168.2611674985512,128.51237164274235,0.37360060018427815,9.00431297342033,115.20393106772327,111.64392189595878,169.22878986257635,0.5910405101865472,9.816555922561573,34.21750314604909,60.705540022997965,0.06494351,0.34695237705626736,16.154751673356422,71.17286295101468,59.194569348180494,1.2988294427033784,21.18754834104076,170.52650801051004,243.40711958051958,2.7503381948693946,20.927592435907556,63.67135621892134,7.016367360685161,181.11441683573148,445.61764206801394,7.841385760766055,159.88899111975644,41.93752033986362,511.1688992884214,5
0.10676276045054407,4.368558761623098,26.148211068744363,43.47829898184785,134.2766536430371,131.71013404724684,268.74423406439234,0.18158895901258829,10.286004537745592,11.938015011187607,130.90318746167952,79.68844458087761,318.49594957,0.19677595869404763,7.001465851564096,94.24924971439535,54.43900819429474,61.07868203946751,375.940151974271,0.30399105851022573,5.36332400965359,84.8084442110364,251.55583587857922,150.6837404354581,1.40604331751446,17.581562344128145,78.46786616209243,321.76985771487665,53.67555859723285,1.1651596829289061,42.68620085110413,9.788247982120737,188.3080698339293,3.6756827228854627,47.54246851680723,361.99503493417063,190.8420718989993,4.152742531333652,16.710083327946002,24.04397765735446,9.45839708374977,227.3614429472608,425.9888369795836,11.632119589315376,50.32876232662201,51.772507911441046,533.36844782322,1
0.15017891449006865,0.9944835943846579,18.66309319496885,146.7701827016957,47.78743891628653,257.51806452058577,172.41799757951566,0.031772706210903584,1.2856493003373268,32.37906303584264,64.8960396507326,190.87855160103973,133.03885265325275,0.2142303783145662,7.188617950336896,40.16947591927005,86.47316948080228,161.58716295699662,0.38471548,0.1712177914467491,13.372064595455711,52.90818319800428,135.74814484839027,128.1032236504793,1.0231525532847012,24.078135932572863,67.38167183137597,205.1117025565376,114.296813161472,1.2883552179788325,26.428804642479328,39.41438175743062,72.89169424808229,4.347012510551085,27.134052540164607,414.66049838976323,361.2329170091534,5.098770119406982,15.361966768112948,118.40946605617727,5.420107263354952,155.15082315088654,463.4473676964361,5.100925236070848,167.06801675416284,41.364183244392656,535.3448101965139,9
0.02312238522144612,3.1769572323382884,20.694468363462377,36.225939897579416,72.18793191534579,182.20471950222606,157.9556456368874,0.07880504318625894,0.07383968,10.198633066867028,18.14060565222529,81.67777775386084,92.11757894883922,0.14953324062702114,2.9072588563038955,17.531193014284096,142.36600666000305,89.2866015667679,445.5226889359877,0.00877772,3.901434849762551,109.35637929564405,28.564890184149917,175.53535147277506,1.3395249661820208,15.912222490762861,45.89352225256521,332.3271970888759,172.9081312088916,0.03191206,23.862400626529144,42.850575120431564,142.59146782053693,4.275345843834054,20.510080710275776,343.4648456698846,119.03770391909019,5.930949428885058,40.204752355881645,58.55871597497398,19.71637615456494,236.7400895852853,470.48227082311683,21.5833268404035,16.30737384935371,54.9351867535928,542.8200314059557,9
0.08603595029243331,0.9564720177972527,16.97764472519457,157.62422265415339,152.20395301478305,77.10713452442191,89.41263335499771,0.05397267504777612,2.065051040201101,78.25936566781934,32.34192524598416,141.3121004264163,49.093237144856396,0.211450510550445,7.001730036916488,19.811322537323687,61.55464102237568,123.28975073217106,143.70498252901052,0.15573600591883494,9.20940387783713,12.868083754554629,151.7453997748266,21.687213654884786,1.5856828190978414,19.857495665419272,47.7293501783837,225.76518390132372,62.37611780089673,0.7378071196351701,0.43353847,217.74498925212808,77.9842397656713,4.3906304918720105,29.601447373843776,212.0391314390818,276.41239494986024,6.198058172774647,16.97046673273038,103.51272153265667,5.839385573907654,203.3233198345015,445.2064941820408,11.447428112654844,83.73714759290789,36.54477268585166,624.9949160855131,3
0.19573320651936135,1.3105638335550707,30.507299427438628,99.34317542913418,77.35797006840735,197.75439893357236,18.990608438841555,0.026188114482619526,1.7037674716889089,35.215781188109105,166.68163249713206,164.31402457962713,273.0740963333319,0.37582850550794583,2.239246191439042,33.0882422661593,25.137667229391234,61.09100150189418,46.201476657010566,0.016756941909899695,10.526879710307687,71.78131599926586,226.29385716238176,188.5184737914778,0.5665514040243494,21.614100624521875,59.21433224921689,185.66530576806625,94.78931814402176,1.543320747531665,34.626544860236464,146.8202598111157,135.0403360731062,2.018619858687599,24.73393460443095,326.1268581354137,258.2353682409176,0.8836415418315106,24.613581277916758,110.55762286476242,3.8592995905799685,179.2124595136537,468.40128866066294,6.647510291195755,100.26010009681504,50.22609463301701,583.7065019824458,8
0.025642341999036825,1.1231037126219916,28.03301621788572,95.12410349604376,187.0391194737138,425.695064046506,135.12382166940375,0.1020636740440216,4.155712864002567,27.535585446938544,100.97598247306269,209.99361455896866,284.2390420088907,0.24346881572739557,8.691531443035291,27.3439213962833,163.88455902080415,149.99685529569487,69.7721514120681,0.09468968146370554,8.325954590316798,97.36195799666517,140.48255766901946,64.1353013964593,1.1025299995691276,11.80202244241232,103.69842284971605,159.3859674445721,206.94592767127378,0.8436195946416642,7.090051698082351,48.61390591130933,120.65503208180877,3.3744025050414685,23.82680111353269,186.02693228489585,80.92274736423293,4.675853580351718,45.38289824231567,147.84921658769545,6.247284310740527,158.33378508581853,465.5030377386957,4.739634849263544,102.35385236163084,50.50438166733345,563.6915912102476,1
0.055939998924197806,1.382272529105261,11.634692120068319,24.247469890027357,131.19175042839015,495.63643280638297,223.88374310019594,0.4224841925205549,0.07383968,0.81870073,24.16957176550788,98.16854429648366,151.70669700966494,0.13217468762409484,2.2779712576427857,8.760369085179526,13.18829312613584,246.98719346710052,249.70472504970908,0.05474695115723183,0.6112835091293558,19.8170136939084,95.12859593395423,103.80110980869611,0.235448275993112,4.709815133104346,33.28048331417289,168.45774453149062,155.71943957799462,0.03191206,8.952987428771207,52.81320269568327,215.46945932074865,2.131432643725267,1.55851957,234.45024803699158,159.0994372622758,2.8214198182878714,38.63328406682562,102.20546256724533,2.2280523569673623,151.1305900915717,418.17661989058774,8.775340486815399,3.023983706029611,32.14867018721894,477.8958673202654,1
0.3319210570791119,0.9929823534060838,28.039788754138975,85.81693674382107,102.17994588893843,250.95870036071008,170.58119685503704,0.13738761093445348,1.16842751660631,31.291119549321202,113.46670824422901,66.19892362689318,147.7353405310609,0.05437358095201724,5.532264810503861,42.959455696792155,215.18772474002324,142.97617313541383,388.5000068755402,0.17984795335806433,4.679127374655318,60.755078292611536,103.97151915168884,56.212483612691095,1.5555678428828346,11.357520109276155,57.83221938108092,191.67140613656923,104.41727621693231,1.1783807434116211,21.606589493200268,51.82024051704049,136.21424554725417,3.9055611530905368,14.20629022360484,262.49276055473325,142.15907690221985,3.3493590348620357,25.274435293485972,190.87868991758427,8.464640081048767,176.6797080255868,442.4110945347363,5.1530235202095955,105.2451449552466,55.73255552773787,405.07322661345415,2
0.03972416801342476,1.6410710801076247,21.483653776986387,93.16514957963814,96.2305530648833,310.00126583180844,73.97776629590372,0.07139696988468007,0.7775510880907431,13.396685751415454,93.83829555985285,185.60646663461492,151.1710696253222,0.09913152803683216,0.26001251,39.700982340587345,128.06505014519723,67.31385097469743,108.23339444685928,0.16704026055569687,1.8380781047248962,69.09512557692585,26.775454857605396,29.513736422334986,0.5750774546854164,14.673649020660624,98.07683060585885,114.93927050563873,398.02655865478505,0.48638441228121765,13.213216864267766,27.34214631032526,101.25031049888764,3.9619153153530973,43.191713828859946,351.1132970598682,164.26666277420338,2.2264393352466754,8.921336360054534,177.32704353865176,9.587511295749003,208.5662563096007,493.5865061013254,1.6802523719690194,44.837791183441425,79.03700909418383,593.3903711696047,2
0.07542192198641517,1.048892778022237,9.523933151427206,31.155684226852078,142.61404654959796,385.4718782949257,84.32675321779189,0.1345287528996748,3.7844461796350295,46.02694844429086,27.20714347356376,209.64192357768195,267.37813117205,0.12744322144202916,4.0149388455898025,55.27645581780455,87.46585923774765,116.91100469343588,27.969098316153666,0.2755075500613249,14.180392824690117,29.190074381773442,99.1607421603685,179.67064165375882,0.814939297680901,4.14897561358726,127.65868158813373,36.18092733714943,213.75205211379802,1.1970787962131544,38.003044548452415,56.31279880168937,158.30860721712168,5.14202530727156,16.33879714926757,214.3772386200103,293.88377448694274,4.118909827639046,16.542769068565214,195.43157472003693,6.754490654402862,195.37431275309453,332.46556778221054,5.1191021058616375,92.76417477958636,45.17846161905971,533.3496528279057,4
0.07787626296231642,2.7758180705172975,21.45163468346623,104.53459502133128,155.10423029940523,303.93352797850497,212.45720784434826,0.0566500348566094,4.883468077183206,14.749109099584771,41.17440376340699,39.4006682554896,12.744816854579042,0.13390957878455031,9.492102358255567,25.16391785536652,39.869608498023524,275.700435717067,439.9720798151294,0.17615478315026178,3.7012140009510257,39.92113588444951,67.92800413830328,137.59183562718826,1.201103715218283,18.239677354841874,69.86350577422344,135.7757286333034,393.05287694519285,1.0873690462714303,12.244012867900379,93.63359720270257,95.82597144673394,1.4640720126187035,36.52432905072912,257.98159442318564,29.538779014442923,4.222660495788546,12.090410459136777,35.73873587520195,5.5089482652995585,178.20729570395414,323.2299993090058,3.833436458654987,18.903998456841066,49.47041636658165,546.6052774852207,5
0.02400917070816693,1.1600368303202226,13.627799140481088,36.894786080568814,162.92219667514334,345.1123837734336,51.188062140270226,0.05211257835454166,3.1282159742747573,13.247567084440561,46.38187475704849,64.4186814038622,100.45956288605632,0.14824472592472498,6.62319274549221,28.085846955422483,44.83520937386247,169.9369547666633,109.84979219091825,0.10246538124135643,2.560784276324722,87.64074411802814,85.9331780549428,100.50653085712383,1.2493758218741406,8.827451766327139,111.43407588968658,86.8595528139108,160.13842630328767,0.6154805370989711,5.536902867911325,53.70110979028838,151.8343308412413,0.9912730917446977,18.345939768637766,197.37468849860704,35.036396719519225,0.9073282327284458,9.92164014215049,247.36251214752798,6.832073980486039,147.15385032517798,505.122008997767,2.650404061191952,47.94002045375349,44.072381633947856,474.69004291156233,9
0.05801699421411895,1.389610455545163,11.868112251168249,139.3705872308577,184.78726915592947,432.0538905001436,24.53903781218718,0.03579414924087429,0.07383968,0.81870073,84.65532544163722,92.47420523875417,96.4537407388915,0.09906366988915756,3.456851537001879,32.68457612329334,130.15346418949514,156.45049365960247,182.2995981998109,0.16802024784152714,2.634372624139946,63.90548293173521,94.24506009736152,97.67604349791046,0.47807564147893206,4.604591953366619,61.577129799497584,136.08655020412797,164.5094331125748,1.1346418837008874,22.472282371925132,75.53065974566591,80.76106912976607,1.7344467402342292,21.583923082571804,159.99901770720402,206.3150885866463,3.7831138882505186,20.451533490476617,106.77055688323136,8.778587859781991,80.10192227025499,442.46215005498743,4.191398764854743,48.40579451042123,39.918862854536144,564.9282851328303,7
0.15766689770511122,2.0428015048862678,41.02382726588087,90.70040224111354,109.08272471703461,234.95103995764612,142.23577207610225,0.06036142574892956,0.40729553906117566,16.17877549140521,58.06737952485261,108.52587811691785,133.64788461709452,0.23391790949839203,5.913862588690617,26.058237308199544,39.76326655940695,97.2452189960534,43.28161738877016,0.24405937537221473,4.804567975499972,20.684349682671844,42.35168697658666,268.9626373340029,1.0502058356172186,16.956411042780154,175.70146357285552,54.668085415497686,215.884905037095,1.1622967148766352,6.649819261538698,55.881348103592444,27.92510262112546,3.525180820674443,17.492720795965685,384.2113002551582,244.14318056104364,1.1348131141711375,21.854690283556735,186.0123592447225,8.06942791040984,165.04949818932567,249.5916845822468,2.545043068259944,31.1074886937345,81.25277730045008,445.2035291156077,10
0.010526298951730722,1.7948946639621295,16.186949583160164,116.56050891134879,174.6991866433052,275.53569677886696,10.268745625098447,0.05580550627736378,1.9758405816317217,5.082805243213486,161.9866265037928,56.274143571491365,101.5434905764295,0.08776780542167745,7.736261062274083,16.939728030775004,130.52466313576497,259.81538171575306,121.66835151518521,0.060116310987463895,2.5813701977288788,21.209397593453506,120.77896482443482,65.68347468497988,0.6836739732916776,1.2814794648644128,112.77123000148032,77.4446995720097,106.28261995649892,0.28015716434504395,25.66841665708951,93.75236351649016,151.2876468411606,0.8956973536220068,51.8171833542123,302.76558885505153,59.81574326257967,2.395435120094827,14.452922249860373,43.05958578468883,12.19284666874544,197.88477143897444,496.85959126448,11.31024858956576,36.35478100569829,53.567093288313046,570.1063001961415,9
0.02926843368565548,1.6090443439617657,25.943996682198634,30.53217018174748,126.10879938381996,370.3119972399594,115.88637119983014,0.0341754956618861,1.4051103696080463,25.738993380542198,34.56799189874938,195.64145599053066,206.12578970187377,0.16745604405817843,5.8628272735021,42.2498838047144,67.62555239975892,117.5417030977644,374.3638309573117,0.2698934977838734,5.725128891260351,50.23883447328683,32.10845791837894,193.90374525485342,1.789563824550385,14.981981855217263,147.46049387539924,181.71704057285544,159.52985776437734,1.8719474360839579,5.546987051279908,83.22724329020345,91.7967270630662,3.474162381201052,35.12301187698654,255.16753848409573,20.84055244892734,1.7687150258511468,62.712543355929085,80.14995049260541,10.173949772175032,202.48418139232456,340.12178746906903,15.841988481165583,86.81254379168593,49.68816377964379,405.6149902012307,4
0.02720791595692182,1.7797023795627316,25.512216324910916,82.50672610332644,88.37778707128585,262.8880642780705,200.96175011475466,0.03705520476980647,4.10812383183466,79.61450591736073,179.03486545668036,160.75290612679657,75.35725786648348,0.05303479591319541,3.290050891451025,29.770438080929118,48.18297994853018,314.65510961147896,61.19884371541558,0.1408828554074515,8.813157439877017,48.981934894412184,34.89994885047786,242.5823885173315,0.4386511855704638,5.853013775099586,105.43893718490656,209.38292843969958,250.6085831669376,1.0015109230321908,11.072058238158622,93.89070021067474,211.44026411581407,1.0905778588511656,49.99082272503343,313.8470033637213,47.51092980701459,4.005240235119065,11.824099847806242,111.87116917944371,5.60654722704135,165.98315158152528,414.2357613507272,2.6674174807891644,97.18102385164735,65.18411008911588,453.7681820381189,3
0.07347748322794363,2.4482546651212873,45.45473255441885,76.64068968780273,81.70975602641288,146.7112270512028,225.43404308708716,0.01652722877643846,0.33858104736719996,9.370699548027751,163.79688781499453,66.95164620569898,226.7876272955192,0.4441662771219945,2.8858463200779947,29.30124917369048,77.39075805360223,75.51092172483685,138.14856576223463,0.11607621316184447,3.917885292913256,38.445369494347155,271.9195634817553,72.04019387660972,1.490575734322761,13.788519134586462,48.77835783052753,117.22120279633435,240.16634358081075,0.6904163660517417,4.847161376735087,95.96375402581958,83.90719918829485,3.6426131384244447,36.97723333417587,267.4443098706981,41.725006813152916,3.194446785258798,63.61674855701451,90.31790756043956,7.682966256458306,163.28405719016666,384.3321049155242,6.847525215418516,89.3262349281155,42.79386654208621,495.2958686106586,2
0.04882895994822057,0.9010347809478665,13.184430958006644,101.12839988275104,165.80621515235535,307.0352689282703,59.20553420090852,0.14403500898542834,1.2248533190216293,0.81870073,26.987659112247336,160.0384728712509,318.49594957,0.1516008381936926,9.027473813083239,27.84567961931099,68.79647163479584,51.39436528283719,174.41228594872996,0.4487712790963963,6.280025647443581,36.712001972417795,60.03372601346188,124.29313687873218,0.4369832069896778,8.409181701935996,14.35852273102299,66.26669536799709,188.3163141814124,0.668258138292978,9.324406709929875,97.01146132841544,135.24332615688348,1.2269293404764539,37.305003980325125,144.47073874534,17.579851291197752,1.5246984517470057,59.98091629009523,67.90221084500988,8.149493476742578,192.42387157295846,475.1178552597934,8.790870315708126,75.74915111863922,45.05962809641493,582.2301155439549,5
0.062023849834754584,0.4054653012118946,33.66095904680023,113.12945627788571,162.42915579422313,201.69088373225176,224.15699068264001,0.04000449877287826,6.823734307926501,27.707767940658453,134.81468470285142,211.57720668265958,4.60701809,0.22860781577251726,2.0343609491665275,32.831082526940094,28.52589711696731,109.94349645436466,18.05487905573478,0.1012566474458183,21.182694827645598,48.971640011023155,159.3345716294001,99.80591564213854,0.967969504603187,16.103105668988494,88.21619140137412,269.26889213062987,98.06167849921803,0.4802650628920979,12.238164187182463,69.6643173453733,205.83179891875642,3.7061670958020803,32.21467513910774,296.0997477246833,22.179063526070877,2.283283435143581,102.54719335606404,192.73537161193735,8.396262382443442,205.70399705124208,407.87273493761893,6.368533754364764,120.81991156163308,39.4102375373791,580.0895399744622,9
0.05695503737762575,1.9340406162974761,40.557209905357126,71.32668158454015,186.01279449513743,293.8648310577395,27.51607607657302,0.03914957945184171,2.782534882835567,4.356958953995518,24.052355361991914,147.55530972696403,4.60701809,0.3100567741541627,1.6623183175953684,43.824251852945515,140.4412385371595,141.58657994751297,87.21306294477667,0.045185508804331156,3.968738635939795,80.27343614915071,145.581183968405,118.41312896004533,0.49460544963771513,16.080423091999027,110.77667129898656,90.26477832156823,239.0956445713409,0.14046919551389025,10.64738469166954,36.81297085471316,138.85353138075504,2.1726406041632265,39.64038821604218,238.61430688784472,183.924636835333,4.238150859138685,57.27090797207106,109.79853516689178,16.522288427610654,161.53844038378992,503.197062812849,2.0672310584330273,38.20108087997801,32.25151775424061,498.63543992213283,2
0.1954979090392228,3.042167156133935,48.66964051969117,50.738234963671914,125.71020270486089,84.992618866391,72.93526008602272,0.03417081933686957,2.2495589753402436,15.447693211590993,31.719208135508833,68.151893732095,97.00357743331931,0.44443435468711856,17.790798331281593,64.89654301042718,187.67176977675928,53.951043993316375,15.715062312373707,0.1454802571835152,14.987546077516335,14.665515640666424,134.43801879205154,164.70903038706732,3.2023696478290704,14.748786213547678,65.06737835293588,231.64108339808735,124.1920434119904,1.7828803823238408,10.69390417315818,65.1074833463555,125.42323051072228,2.438222077111317,38.99452986054248,313.55395403121196,99.87411031923342,0.3592768290230295,12.963661299083723,142.43366362689,7.933657359729504,162.76558071917472,413.62912417033596,6.688313815966054,200.74253445673537,57.466406624850826,406.70399954900773,1
0.02726455819742693,0.5524015903499828,14.449243209828404,17.624698413950277,16.00752415990282,381.83427067461815,36.503362638847236,0.0813905040392527,1.6492067582345464,28.16583211223625,62.63831463542455,169.2180109572627,146.57166216831436,0.06249293297612788,5.093496644959998,15.98114967129164,84.74068023705351,159.4720149723451,132.45306563768267,0.5316960861950706,8.811780554620373,25.433996106194776,104.75982784195347,68.33590254434375,0.4481525944909653,9.47480328006762,28.76232747844326,117.43965568175474,136.22290701244714,1.447005149723974,4.99926527296075,84.39335953366657,96.44977961162807,2.049930273912927,11.946734186249774,252.24105418275957,15.026409138481032,4.382932990909507,27.321495512363207,109.88299613754549,6.147301789598279,236.75302879035993,478.4909650184756,11.077808776887402,17.003475925907388,56.190978944248684,378.3903276681136,9
0.16315561248411042,0.5632649587090447,17.116280661817207,84.81880295039785,90.44899918115121,319.76872941214276,35.97649030818663,0.06519782907879834,5.904709495962813,24.13317041369802,94.00946528744987,168.6457654874794,115.3849221760737,0.22820862470112632,3.5435041143857884,14.743181081091887,173.89673551789008,143.89255750042668,43.70107279882298,0.7101853258405436,7.948442076011461,23.463081237559923,22.48284028524666,159.85648991676075,0.37101869647311825,7.573490629591098,49.50918385902111,152.87558461895904,314.2830753405698,1.0382345501919947,30.863882458436997,32.499361607415835,121.85605798945473,2.0347956439166293,45.6488134861616,297.3489452803371,161.62366235983683,0.7703164622147329,18.781761925479408,219.4389168329604,5.231542258635092,192.58444870571088,440.6494236234373,3.5312822526997505,169.83669459112207,43.48399675125316,503.6105660119539,10
0.04794401995498755,1.9686327985954446,34.37377731668205,40.18299852869281,91.11601256512174,286.8496774820484,250.9946957262897,0.104746109695835,3.1226440242590776,21.27200410380574,53.032833694886016,41.66305044430081,61.5904498761552,0.3165096258118608,5.334159479106166,25.470832137389376,55.18806372832244,109.78979428461592,24.799593106475264,0.44786264714145596,13.101388112082525,19.36856351894467,124.16380938695558,123.21021520109315,0.37938887973005436,17.086008313240605,52.53885775296197,208.35835390167827,22.514234689365885,1.3293637771524267,4.603556948090311,81.44842614151563,77.11767847529262,1.444604388097991,24.895859869162912,294.8983778079526,89.15137053777903,2.107494224920102,15.818224783759717,92.99468075580829,10.786188655556302,202.61386659650785,290.4298890932949,4.809396609707451,41.70869922993575,67.85648260772089,411.13301378123464,7
0.09746905169738317,0.3808913493664895,16.151906201196194,169.94263069884022,47.44121203205452,393.8539483807723,223.5381007351085,0.15486227197931657,4.267073982292868,32.99991066705864,88.46690804703462,236.13997602136024,217.3960281674439,0.10183134379942271,10.124766611565644,57.25135641423386,98.15129425044383,141.9019058576804,197.6449609283204,0.2119503467977214,15.344985337267097,51.74318232264099,27.365001862021476,29.029188012255347,1.4231221461579433,0.4382199,113.20805740666232,127.91394662168855,298.79996524603223,1.532990654370378,17.7405222343251,22.211251261916775,93.56531301002798,4.871823316320361,12.836254907566108,379.750785779941,93.97895358406493,4.1518770426811376,50.4944303158549,147.3663680847245,6.27222621742482,254.33267248799535,262.9984805455029,10.913511180720587,140.57363460824496,72.86518990247792,520.660466860956,1
0.13319723302517555,2.9103042478002648,9.591994074029015,43.6859715351726,145.23427126313382,149.36474214368423,99.30472461710912,0.30435734080617904,1.5496351497028522,18.443429991008063,89.04044048120461,78.65169146161425,158.5914540244621,0.3228399155816732,6.525036787600235,31.465881392429687,261.7360148825104,71.20933460741398,22.020495544815166,0.5244486866706274,25.475931570625836,18.734721050646847,190.91961264956592,141.18071301176806,0.8782195537867241,17.251227733053444,156.1833030475172,232.0343583828279,154.38583695077145,3.3569250336388325,22.176742331160053,46.62201078822351,176.65205845888286,2.6606548252307385,35.80388019590434,393.881342811515,51.02902256772116,7.426180632847345,53.71954791047993,148.96500650678402,15.707606300429989,236.56438742120184,418.4302105576149,11.529038143547918,196.4158465212205,89.22969907,375.43674025878533,7
0.09573829133541424,5.238433133802338,12.679442816931484,101.26704672346375,194.5050574745017,247.5060469212883,73.95294565543524,0.516656708471664,1.7891597149695873,0.81870073,37.612574737110485,211.83813308008823,318.49594957,0.08760494241766703,1.580798323450587,40.93706681940175,243.0005521079392,93.68920616659254,41.57043148022048,0.14760289217191214,1.0901223908647513,18.95389456675816,60.696064403401536,34.209547856272536,0.7478679802205157,5.527612539409013,102.46308786795785,204.83351834191737,145.30983951022375,0.4193757829684237,31.50583686818579,21.212330187373194,40.96217278589012,1.3010863904208947,52.41173072804602,328.1251168186857,210.54935417357677,1.4549262309245814,26.617019186516963,61.12011930132165,22.368193974269733,236.41024391835563,475.3656844087742,5.198093833985278,0.75313,55.227551837108194,634.6797339980218,5
0.07767606823811839,0.38501940878913316,34.32591832754943,57.23605935442724,43.65143433485905,319.0490919608068,377.3179774069867,0.1866951510467988,1.1376572311117,23.29409876512125,88.38404860333917,223.02432520845204,82.1983952505479,0.10275368022021296,6.604279605790623,35.88272535183689,225.44295885822206,195.94600678785721,98.63597856956899,0.20071410984635757,6.317914558833695,111.73219498009287,73.72640963927492,59.09002974961804,1.306035076353227,7.050979711002535,95.41112323407037,226.19898734813154,8.80899216665259,1.092380028019299,26.422466272500365,56.11700203669899,85.42904962782069,3.1353371980919738,29.505809380502292,220.32456665393093,12.09867675204666,7.931278350705534,25.668381464427096,48.130848048172226,6.590312563047449,146.60091244121242,365.9570153762039,15.078053571083096,114.96116798317749,46.376474877341956,559.7900406169992,2
0.04201340698952481,2.3990746270371264,11.191439374492031,34.20403401423633,74.21225630419119,98.00154539466303,0.04566031,0.0636191893728002,3.0627532353132767,14.200189520437284,27.514989510133354,142.04287883942115,60.38720337238189,0.10319030050144873,2.880829968409196,28.186875819315663,157.1550312152173,121.6576134055496,136.2457936755263,0.3314562290269545,2.3793287459743575,31.56470485955012,153.0506905793245,81.21655857259213,2.056480942514081,12.120711968732625,103.51958873055172,98.46172596121423,135.7362963526229,1.19351167836109,16.68207820841808,35.03511316321295,81.68437062811459,3.48972866232655,17.323478053593792,281.76898548617163,230.54218891864195,1.5562510294098726,24.290787776049584,34.60198236766503,12.8046320992453,197.08704525988534,621.9108439080762,11.209060359869701,95.33680418449514,44.12196338356221,598.7340837436489,9
0.09579453306847628,2.1052288558700565,22.38591552510819,28.10767160672617,175.24687960142808,303.0316345434164,69.88365913234452,0.22117353899671952,3.937270209119357,63.87203897827327,104.27117403342685,136.12957366766463,220.9065464865446,0.3131328764244565,3.802950761560959,10.780042534927498,88.78621329715165,219.46390754852013,138.39964356045328,0.2829153598144084,9.978610083089224,8.812014914758713,154.2004134946634,81.02857917389403,1.5501529429511534,4.9931086223432715,78.1245112345631,190.46402147336354,92.223068548724,1.1716265701680355,30.66088246508838,26.381014518453917,65.65828930848359,2.1766029398130593,22.510787878640713,148.45858940656677,64.93349981067762,6.011872019131215,15.947015498406586,61.28054414736073,1.9765565408744092,175.30530713474474,354.77665903563195,3.5531337969808217,14.697668402000215,36.03892692257918,534.8985054694123,5
0.04272412834735233,2.0793435306455414,30.610538908386612,41.17156918386439,172.57312438837306,437.95140549816534,340.23088502360054,0.06992834185049739,5.9923668770079646,12.14838010160893,120.03017651688347,136.9619575454282,273.2662508867951,0.1845893042765689,6.034841743700929,38.272848148338475,133.72612463302892,102.05784230699939,177.23119487205915,0.3040849354604352,22.686746430841776,32.05808298963228,102.38714924511758,152.66420799479948,0.6700240633358917,22.449448507260364,98.70178791232226,183.81308820717086,185.92447711901985,2.3438011761979496,25.66924835484371,194.75165588645277,105.74749996215598,4.2124047491145475,32.855798755927225,306.01155454091236,18.618755072327446,3.067255569985019,25.56578131985669,125.44880844074567,15.66673809189195,200.33748164910705,320.2204405614061,10.880729295402714,138.43831986996292,83.97513220851432,625.2872297222619,2
0.05970187226369879,0.6676929708722948,25.985491280344725,36.59414152890621,110.78690090442012,366.8240206839993,224.64635446475717,0.2388354098974587,5.335627531849521,51.97984147629374,58.62511305324991,213.3332292666616,188.7606053636734,0.31832370074664557,7.501788571386586,14.743561297246323,46.37445201543455,166.50575288382987,289.71015020552716,0.5314525465157384,12.361698549446736,51.658409420379115,48.99785273165908,142.62714029711879,0.5132033223665218,11.717162774381013,46.22102666581725,160.00090190371768,48.18629169171192,2.174813986355747,12.59370379695121,2.07886167,46.47871401044639,4.346248627038447,33.057955431501476,287.26930377672704,146.00112962396588,5.079418252664617,13.682216115106002,154.0680131394718,4.93798590794582,238.62146106485866,343.6561710099324,3.9760524832771402,146.2882454982445,68.89658645906334,597.4008588951804,5
0.041732729414182934,2.0092866863434224,24.917589294900182,38.65306837721584,267.25818716,176.51957885028676,176.71563168922006,0.04819042536273704,2.367392915027951,12.709368537342916,70.35116508327455,195.99803141777815,48.29895291259475,0.3328845561132076,7.1650652650761835,61.583168599291895,135.01883822742218,113.52267999877324,22.12014434556241,0.12336063793569989,20.020148295050863,44.12904145135178,45.191034180632165,234.20775786189557,1.0310232692209722,10.794595894753689,76.73851503516897,288.4602313631667,148.34579003002347,0.4432920937035931,27.41920078364427,97.09695767963373,59.63558968402424,3.770151442375059,21.83068878151073,324.63710988434616,26.8907192546832,1.9523209937568549,94.90075599327687,197.53930035305225,20.72531032242699,202.20157309371587,354.9589387030956,10.843301558333021,112.190548837343,79.43083227874509,707.0092602146116,1
0.04421002813540136,1.7046184175980374,11.721363874888041,57.405127454788826,197.75551646144018,308.1312285731082,91.92573708366723,0.07468204891194295,1.2310348485252245,30.430584818874934,183.56893407608052,37.14047864933822,4.60701809,0.22309106112587462,2.4611635142713912,28.15140979959574,59.87164638055186,327.5004552743408,17.34507101508159,0.11325218309543376,15.017843677781011,58.89065292412812,160.27811961272985,90.49412456411552,0.2556416990721748,5.504332156575158,61.753945962562675,107.10231030195024,24.337771811670052,1.6353508940293553,20.989465178226123,95.89815038998375,50.879690597905594,1.0561458449554397,26.920860914066836,190.1393926345806,172.47294805909098,6.77036549099216,30.49138469114642,205.8730153203947,7.292259311589988,160.9014615182807,420.66921286739796,4.886664153621103,119.59539300642817,41.67582659303858,527.2624603858717,1
0.11951617948157436,1.3201353971302796,19.951016312458947,111.04075471078802,112.33692746269388,120.3536517546351,30.20869891064714,0.2704568289534268,3.6247633161096706,22.174420551997187,51.90442711547646,232.46284514646638,275.151091606406,0.19538680048246954,5.848252569637261,46.69778281449726,99.71736051018382,19.11057270664,53.45307353757154,0.4834311845346304,8.090516066916614,118.74790902652397,134.446181941731,208.45182763550196,1.185745046610337,20.37845035586648,118.033177177475,310.85631156672565,110.09499587998181,4.024353143149801,28.114279391443567,113.18548906133071,231.94102403291419,2.7528496532151148,47.872451413571284,317.65757157975185,51.132908141012905,7.868108700012721,50.93283292523026,83.28237492206809,8.10609989649818,221.07716719659774,301.41872051868364,17.34146652125841,113.22757071709059,59.017791135660396,468.2845664635532,4
0.2477664089299849,0.4774191751196062,9.95692139003786,63.58713783852495,57.43929494907921,161.4671176788048,226.96044689868097,0.1790102828108713,5.782659529910014,14.887241439409872,99.0189174642392,213.50846350317784,318.49594957,0.3502407646227862,5.468900025164496,13.813852411090199,135.7487497304746,135.0638110915387,54.79008011776256,0.13984619783106747,4.6247684712061154,18.427590388718976,151.11924303574244,184.38256291502302,2.0606584569270368,18.35368875663029,42.22510549221091,275.3268322003333,268.01963947600296,0.26668524015783623,41.34410910499768,36.666952661795776,264.57665405331284,4.803160678993773,28.951667963309376,243.1853644451533,268.46200367595634,7.8991379094947725,16.09974594438994,157.1847683363879,7.667781568590387,168.7207001674212,379.38912081678257,5.101122901551051,124.42513315483836,52.803903284080775,556.3885827064415,7
0.06647846137998874,0.7414688283061428,26.102949336428512,73.84491714539517,140.84764483867696,401.00152029943376,134.23332187869096,0.05394512468197496,2.9190142639768992,35.75385507877944,82.75450076385893,149.9329847940942,19.53689707800867,0.265797823127875,2.7340847641928128,24.63327298158847,41.5966867698332,215.02640994611954,98.62861284507167,0.15481431750907598,4.269035076224542,32.7525457229806,46.296980823389845,72.45428265434752,1.4902071839267033,14.621320544705318,22.137314469871903,143.97138748806708,396.0313884916933,1.2053405983301633,5.581346124734915,19.977835461097726,21.328166962643543,3.238431841456223,17.96750344960769,241.62988479422125,28.28524920846739,2.109186231558759,30.66703547924159,55.105153624215944,5.483408541915201,173.2241339646256,258.00190062817575,9.318221191720992,80.83065352979415,58.532229026100495,429.99757846848553,10
0.029002330955420663,1.2403469081018206,22.92025034855722,22.957771410122877,152.54128911353098,181.3977385427978,173.37690445019535,0.24110254834221434,1.9408253176980337,21.861842230156075,78.74574141774555,64.072615322891,190.3323200569351,0.21532269014183647,6.16976450831545,23.328113135742598,74.46992857493028,94.4199816513046,97.74946266381757,0.44075650098003627,6.195936236815357,61.48549542211647,49.44037806739663,65.8657311326257,0.34660358547211223,8.103650482562326,86.39124492717208,188.16659318140788,220.57619940903896,0.24189410418969193,13.538522958212463,21.27889320516946,51.31580776265985,1.996821734669549,42.59571134230036,341.6945210875739,173.61338811596048,2.2671422521121563,0.71013604,218.7788758357654,8.61180730366377,225.4188941031508,448.8228257925028,0.36292568,20.25700974052907,39.246868826812246,502.8082814876939,4
0.034549656761956704,1.7081372522639722,33.03593341366517,79.23709843921418,79.48144058420972,210.1766592454276,136.83488071240163,0.2144065914869026,3.1862807331440317,45.82435885400382,169.1191271593973,213.2139718952473,45.14816770064448,0.07476122269065558,7.586511348263043,20.128671325720436,50.43118848060802,60.81793555441407,50.16002541203177,0.4029178408192605,6.978539534398436,51.52581262175387,248.60189247933062,76.47923395415717,0.632818943643811,11.186649993689695,51.255946978110565,234.3603782619686,149.16703896262686,0.9623212829774486,15.83169743208954,103.94594082221502,180.06758344116346,2.4953047286414107,35.13847607122684,223.49961576716524,123.42835783623991,5.482387037742185,94.32720651552432,176.52719527413774,8.568791224791433,225.6909982012891,412.32569952258353,16.469112844650564,116.48287560576567,49.713521605363525,510.8685624015985,10
0.12205328268748213,1.4103387114183354,27.88525229220258,32.934407628176956,63.99816660727723,325.30317819205817,239.11003585656775,0.1818522443490781,5.2606701774252045,22.058150859726126,40.18313841309043,46.684622253942216,54.08964991418489,0.07043983689896731,10.530299281668206,64.45905009234848,174.45727361092133,128.59292137882844,51.48243289935326,0.3300250588828947,8.892647996615878,1.04835619,88.29692240804368,29.821236209661283,1.2158838503904368,17.244369397921027,47.613530070834166,318.8770855596592,0.06494351,2.5062963695155194,24.80198121049296,26.878148063274903,177.47559350373515,1.9668827949797718,40.12213842798533,185.95895827681602,13.204842691452875,1.3313998491740264,18.378389044329488,167.1858898856135,8.12132179568518,221.07798119639273,408.5349732467228,6.244423989000012,31.78157665015198,48.84656065162211,465.71149086786113,1
0.024032911733258448,1.4426965352934091,17.24403253330029,28.20094705559653,195.01237865262436,219.30927571377416,84.24900614463252,0.03736261746910735,1.6131099350911726,12.724779394428893,25.56169933538071,153.30637793637607,65.08456152997425,0.15173662610844346,3.201788718413378,3.350386402214035,164.04040510173368,115.47352593995357,376.375582180688,1.0742608017322555,5.7757662746906195,3.348743859908936,35.605379560023685,125.65458961470148,0.22848407177477392,14.750629279134904,63.55790952336118,184.64453450507276,96.85665460874812,2.795380402565452,6.3321057465798924,17.126899340467098,51.4551124290722,0.5707977505901164,26.208066425537574,190.8645611051006,19.240717823448417,1.9206963962470718,20.609317609234033,35.59888710231368,7.22315919274021,191.4263088573293,552.2374861874531,10.422003610198484,15.565125740619118,54.47352301889198,587.5263400636333,2
0.08003699415962692,2.811699278550048,12.660778585385929,110.198700774444,192.619113615476,316.40560595190243,42.63805210294918,0.09003650994893622,1.1075043064586438,28.664168482410524,90.30778562366835,29.68230389344575,11.742426274847034,0.10674657246522617,4.015501063264455,16.18955592252523,151.3042548205655,244.81980833882392,122.62324600526465,0.08275609435718606,11.783619538072303,32.23537072887113,24.733146231475253,59.0784638872705,0.6033711072819403,23.239753089717816,42.07005538494618,259.39878429287285,220.63073982751786,0.6512062830867902,18.924622868584024,46.25851144658676,41.75553769854173,0.7304379625043044,62.65572930235536,260.97457074500034,31.122795100754185,5.135939011530705,35.36825979636875,55.22727106477308,5.508851311766708,212.3006645735923,446.70832665949996,6.376234535000579,76.49398688980746,50.92649055601686,473.5583600032368,6
0.15279249367646053,2.7971526658197288,20.538539399991578,167.64482505036707,78.00076175228068,133.55430149994018,86.63993493737061,0.05867937652848831,4.117662388783009,44.09504125912247,57.61341628778491,157.06905539677342,290.63425020767875,0.20312919319248143,2.6240436866303094,15.0659433155976,256.4284538805031,144.006585739306,47.912135652482924,0.12767556647864092,2.343610394329631,65.81338314273019,176.19037877357252,198.71355086954514,1.1434236384863303,21.86121401080603,58.89620418002638,290.7873143234973,127.30472705300247,1.5093285718285046,44.45183570050817,102.21297053828039,188.3577485925921,4.518633466699352,53.693810387754624,285.1512404339546,352.0926997383416,6.542690668103413,121.25133586062731,103.59335624662769,12.76472522656884,90.37669441649709,333.81235051116107,6.143132550341185,45.42693622471815,89.22969907,458.6995936632744,2
0.28652709585721753,2.86685402755387,35.17517142765648,128.58389854169428,128.65579122950692,261.1740464620345,342.89019312746257,0.1063779473676219,1.3974325864400774,43.50074490479755,202.021228647628,30.116521352633683,73.71291305589664,0.8120987111194431,13.462535484267384,65.62393436906869,236.88376095601677,230.75788081884477,234.3956052684262,0.4063550923454225,25.89626926879825,66.91623800099653,29.270058989206884,157.27805149286195,1.3111743861565512,18.990257631334455,116.63474406454273,182.70414982543548,45.0604859431476,2.2292193976412435,54.61182690604837,57.80539994265878,131.02795083850262,2.183737942735437,47.34990173549872,333.59024893948146,139.30256997385058,10.03851956174546,28.176412046066808,78.35409204091323,10.252401636132195,238.68941713602143,223.32105582251978,11.138179129619338,153.97009017746933,79.22847204932145,402.59057878956446,4
0.05349865247214139,0.1514758300525182,5.3885307709587655,4.954302318441314,86.65391768930266,291.1395381696939,135.1548449742765,0.2942604201446743,2.3399939328070376,14.38643882730831,27.27627333757633,170.12298887103822,6.707120184605877,0.053520632169839245,1.0861505939258942,54.18937321017732,163.10727264662808,73.23986785217292,84.58589610610176,0.3047343685765226,6.832576556795365,47.37768948235046,145.04993446244012,120.81300724942702,0.36160712263570094,12.697872926723695,116.84107889368588,324.37079054286914,58.12038639841835,2.1034886655787775,31.947843565176942,2.07886167,51.507919963052174,3.176311152777506,29.916448607488817,163.21803731856022,330.6080885349732,2.730864228198109,9.44084264189796,14.51014201241485,15.720748017435403,170.6736337101432,465.5068875544999,1.6508310725243849,8.573952571512507,57.003951383654126,533.4504251953767,1
0.086517792173301,5.1983940545367116,6.859703807641708,79.1621100373616,125.84624121952469,429.61688798016587,38.24118329577417,0.18131233577847086,4.019655264711619,28.341263154074387,164.15926464967762,222.33880974496918,318.49594957,0.370855289861299,6.190181311839572,46.92836383935524,63.60056067595138,228.93527815664936,120.00408273665138,0.5946899207448669,4.938431222839563,77.69463856170974,20.50003364962794,46.783981928851716,1.2442176428032292,24.246310043206492,125.1191163234106,196.51243485295493,23.31126294047297,1.407003437794021,17.916986439043033,82.92281915523063,119.76914612698536,4.849038135672433,56.38813884404881,227.54322968785283,134.96294835143232,7.264934241265301,63.235498335838216,148.95396233210943,2.3404894348176297,206.85422586192325,426.25221319118293,9.421123017701907,166.2104435585136,53.315652468340964,427.6306176591674,9
0.0203311566349929,0.4600476724093017,28.906100014185732,43.18856366414422,133.87342798492313,146.30195375072802,303.27295694514135,0.04202646901085505,1.3884350890254415,8.067212241370072,25.510116170958867,190.24873153583746,318.49594957,0.09918393912681683,2.104302963417693,18.977180319809122,48.97996357059923,16.232185157568253,52.925334094371436,0.19474527316570278,6.390049063239804,73.11761024596618,121.3650513080006,205.0079038415509,2.4431237182203906,17.678158038172814,43.4328730796748,246.23550274720694,188.65670611254365,0.5761456217919576,4.81183904071904,67.59503768145623,95.44274839202481,1.527232270485615,31.312228519941556,265.1130805283288,4.6269502038444905,0.8054836638126968,23.908995169130733,198.27908712464045,7.458791679678617,222.66967762886355,321.6383511322832,12.136168392221576,173.43319295509872,45.96614652963336,499.2169358080605,2
0.09395714852109217,0.6267414515458938,27.48034640964998,50.94039857862556,66.33609689150728,365.70569124929597,45.8370133945285,0.0389135331048414,1.6048441723512035,32.736275899676876,117.4976245745097,75.94592000579442,252.62766270756435,0.019617687803380454,7.0727830550505635,8.540147888529784,2.26039986,127.36320925534085,240.12919787600578,0.12131706950412448,7.757713187916934,47.423067537914804,96.52010243884119,41.140447726755596,0.3246404588920741,4.701765679287941,55.75249840124637,86.780935843861,249.96029146241426,1.8740210232859242,6.087241216706183,91.06470266378628,38.739935005866165,1.3817070203961148,23.920190452061966,326.48735702082627,85.00316468106833,3.1014246499678157,101.28989693372733,42.73420521407372,4.431525027839047,159.69282323527224,471.8711092213841,3.6987026180157976,67.10608370882665,51.89494083946102,606.4619394217083,1
0.05313481642097017,0.06251856,11.328131022752746,42.45374134130199,148.91188358418918,422.4137435619346,137.59703060181306,0.17690784175113242,1.5706202619672507,35.8300229841736,61.0094476444835,30.684237796568624,95.53371290548608,0.020012756456868785,1.4282633642621931,33.544895989952096,129.31559501068486,242.23332903880507,424.2742667113339,0.3926008656813393,3.9639687259083356,11.546737228282312,113.22254074873521,67.97855840728589,0.47947644473262563,8.91629169710178,86.61359758792878,204.14106845704015,243.19873923851458,0.4995394897898156,8.694118592057766,81.50305489907784,39.796475123315794,1.4179288693825394,8.60195085469641,252.42299388912443,51.16999869142374,2.7417642600533774,47.38834941474472,94.94750368593253,7.333831526454053,156.27253783389946,411.2401806703067,9.28325394890841,20.119802263910962,51.145153077442664,488.1537111409553,5
0.2947288281481721,2.890382486269177,23.085337780605023,99.8259228482371,165.24306726971454,236.5429889543315,376.89587393201646,0.00274533,6.2434353246564145,4.5622239289984625,110.04417155882493,62.701457329916785,208.24269093068548,0.3550265752693823,2.2143472855097346,22.056164084654903,42.58932621815516,181.02699607594897,185.024934082528,0.00877772,0.14045953,60.52524526729133,127.89318074880555,80.94601961661624,0.2921358308520459,19.01701025922639,159.08076695871725,96.26576371453773,60.833192697656955,0.03191206,6.330654781308846,67.0336232222005,79.28963057909576,2.4733660030683784,58.13627263695587,173.4182961642208,216.57324674187805,1.8312796990062146,53.310464277938806,100.24010095253963,13.607817027656605,73.74770412,522.9638164440285,8.504486195971811,6.768058753004873,26.0439634532724,609.8178902736695,1
0.07441985592411267,3.6706366666893713,32.409801811276424,110.82519535758911,139.03207207247783,90.17603295650113,320.3154423895616,0.03871700956360054,3.069894658786316,28.969159343713294,153.64498350714908,52.05084611799554,10.65845449392517,0.2987782802745131,4.110318171653411,72.24455533800162,101.50798477481891,76.50623936154791,224.6541512681673,0.7986752009533453,13.309603872132072,32.59372845798525,192.34715092802833,45.76182952782802,1.6884877786330956,18.432265915931783,81.42431890392575,230.366288001589,16.846732427490355,4.0016693268111965,15.052848498839872,89.69801677720767,59.63505854152352,5.741326796111767,24.87168934716623,225.82573683208082,133.96618535391426,1.0837637547966483,25.150868480213898,5.177179437441794,2.1117344825682514,173.81794925360967,493.75281327805504,24.221936486889653,43.03227685879368,45.25709954357657,558.3990708083772,10
0.033674718827409224,0.7014843706162756,10.642675664935412,31.33253781961244,111.19666722119365,400.55186287422157,25.18667682649672,0.08072291443418816,3.766554780982362,10.771910830714825,15.183748364943018,162.39694931461707,5.299162372215413,0.06995762017061577,3.725459957409358,25.626785215258252,94.4112525753563,274.9331088614146,456.46434965622194,0.1283208466230048,8.390342115528387,51.03906207403709,119.33686447597448,118.2957713083449,0.4040005013070788,2.8669443414191145,107.82999441792103,95.0475902925119,63.066626028618714,0.4982311094970425,7.966306440633412,32.555842063281695,51.763249888292336,1.9095840708863774,49.02083743044055,288.0293028684484,27.30397124973922,1.3612008480703817,15.79578695556813,25.116942862719952,8.671516919715868,182.54175957165532,318.6267228947765,2.187663259279705,50.94532295305758,58.21947407906412,508.30134201534514,3
0.00109432,0.6160310591244215,5.882919446065933,31.45134806884831,77.49662910960356,459.09059669303787,141.8524220506411,0.054595955818361554,2.471038172882451,6.137325935427503,97.92061895002908,174.5483334538908,33.685919272925716,0.2235375927447566,3.249057818293852,13.822882001592138,100.51548281279561,218.60664575640797,133.9236496334744,0.29741553281108923,1.471069457138288,19.136908602724628,140.18914601942964,76.64822570495818,0.2603085099555884,8.452306362855426,63.08669419203764,174.8945532286068,279.1093122618,1.250896860441491,15.362500034745509,97.37883328017027,27.556931636988658,0.6378882455904782,24.866213434467934,278.854168809864,152.41632378919832,1.2652269933288889,26.68313930031251,73.37152195062492,4.665452940159252,164.42942564849312,558.6859082243467,22.339157384136765,145.35466900506935,52.5161502964588,545.9981717222377,3
0.026305357692619394,1.2423331454881748,25.92570624577852,15.50805521748369,69.2197505215788,307.504874912501,25.50458834207695,0.08443607368470785,3.175216875106377,25.49491456758999,51.63938637704443,207.15395619874758,26.86340457513196,0.26895971421480575,10.47241030571075,19.098824910970315,36.465218362641686,138.20392526299835,299.48522230490545,0.6268775628026734,6.791351698096725,55.73535170142117,160.9074129785048,166.164845305101,0.6965029431674381,10.863265812667008,55.39406751484995,207.60103571732301,12.330173103324618,2.0953704632098176,10.167301852509173,66.83081769016835,88.79150520544664,1.6474666525921944,33.761119777501634,341.88082949915656,91.12277990876514,1.7942348551752572,20.72439552428385,28.045330671479277,8.339058197912507,152.5834574463364,480.0842713249972,14.153470969725333,109.99692987919572,40.09609275549044,612.8119390632356,10
0.02702107642541992,0.3981810345372259,16.84489747189142,54.16834050616853,183.7844220347549,442.60513089230335,87.28995974401008,0.020228804939112506,0.07383968,14.187215182136075,5.591286368371552,40.6693564306671,155.02329279668749,0.06261882369356855,2.886610484034933,30.173219520965713,145.74176121627596,142.36309306775271,20.219358441010716,0.00877772,1.8097583358393816,17.647395335503084,18.804540753879486,117.51327103034734,0.43399373259351237,10.335603879116993,42.98872596001763,70.9185559848865,80.5026302232194,0.07331586552693692,10.80582580833112,45.8211686229577,216.44071553382386,2.04466992309054,37.049492206613564,175.424514214206,124.97908485084014,0.9608657594282523,19.408680489889047,208.38378591501544,15.605168356506596,165.29429357618167,484.22554857256307,4.128097685104484,63.22564095719051,43.754860555851515,557.8174273403084,1
0.05930262126407558,2.390748248525887,37.817200314596676,95.65184539060448,184.41351087889555,186.83493115844055,306.4923906535915,0.30241623298280174,1.8935856163996783,14.726873450135662,23.296629421025223,42.86762814125616,72.03073092242757,0.39539482088655886,4.574632172678271,49.74460378477294,47.75692739664257,71.55177778871987,500.81634727078153,0.40800642581948293,9.728028438680955,22.090786484923257,40.110719280064195,101.97712856035399,1.5379111607401086,19.663602043235624,59.68163177378431,155.2532069311499,164.8743041034901,1.1826333361503532,20.69506020533602,59.29029396803398,67.75527730572493,3.838975879476271,62.80523342429233,302.39349327287744,14.672419274383703,1.5004924304317804,69.39161012596448,11.984657932207213,8.14235037688289,198.5011048822908,396.33210035417216,6.043788422779135,128.32790546082342,49.93671403180425,553.1018832319459,3
0.04413374543707548,1.3395350058218847,10.690092249556525,89.29053095291218,139.69481376596264,75.61139391142424,77.27384940183269,0.19499431026018493,0.7582472247132377,73.26486808406466,182.86119247957495,115.27080597586473,318.49594957,0.2236524953988956,2.7086905267540136,18.89913076974971,121.659619524803,136.11988962911678,129.99012182271628,0.278254428675689,27.505533773119005,68.7390193359585,95.52931171320631,119.63901625081431,1.2346480745703494,11.67898512502001,117.17757408794941,153.12680136395787,125.8939989765305,1.665111433916391,43.461521366795964,43.80791332773146,104.82099687138069,4.198871823824142,18.27857733627016,217.2861867373336,193.03563866476057,8.533991157846222,46.120272449642016,131.63710678853352,9.17771551636281,141.31334766467654,455.5025968534749,6.170175630883966,108.43713785316785,38.03312804880304,613.6111003846514,2
0.024739054992479047,1.1727337260891242,23.99625853424287,70.49189101197533,6.51364535,283.5563965684695,362.8306234605863,0.07324495659898518,1.8582090189174636,15.679282858957162,22.17943391895844,122.22117104230439,105.47386042028215,0.1621118139032436,8.89367968524736,24.229080939618914,109.1431143864032,101.78775918826436,176.47205661656625,0.13719628638836104,18.57246779003991,71.94302136559085,107.09211529246188,121.4943377020202,2.427522065496202,19.24561262744035,93.40473449527319,324.47998591763314,123.22694426449449,1.972944199657535,24.925165422085456,58.83996129131018,87.33353026229253,2.6828801285649733,77.42109857334411,231.16189826332345,23.209206516524187,6.55608324900607,22.3038603747477,106.18897144366383,7.430697298663794,164.3853296679652,227.35398169244573,5.440981566647203,108.87334151696702,53.18593944209906,429.3411139736968,10
0.07655534443489613,2.9381563719394386,21.3172799381582,71.65163929958165,111.0140500108927,199.89047393838,402.90172255726907,0.052315752887455186,1.2999177483531763,13.748776242827716,34.97464937676423,121.78384284834242,75.16140538782054,0.28657073002786865,1.9362235097245868,9.879236594499783,57.73581613345741,249.76351044128424,113.07712018050204,0.3249209495054093,1.688355964111569,97.2709755641583,70.3179228039998,107.63083260292747,1.053676335771789,9.39139228492455,163.3541977590416,145.15465240394008,59.14270073534152,0.23764660612025706,16.26108771824413,224.5187991835705,64.54494729905325,2.8066165342080938,16.25886852559892,258.40894561994577,193.08852212100135,4.063334708196581,22.719882505941474,50.045472657432384,2.222260355813326,147.96847757095725,480.4870462033964,6.4971180739948196,41.31541220542453,38.59190249255366,493.63187706573484,5
0.011146276924610853,2.1486965354681486,20.771545264394888,140.6832422568164,172.17535355514002,174.18793228399733,463.12826411,0.14359473007984289,3.8857808452851885,15.997774700496926,77.15738531295705,91.44851241101891,131.08772199531262,0.10252193920026986,3.357388629992899,14.265823673262869,154.6171038407877,259.12968230775334,133.4801284741757,0.06044210723092218,9.212723256816842,62.24282944216845,112.22879566591217,11.63721031344923,0.4980950214380039,24.63314245577181,96.67427199682868,163.7846464235029,148.17808583070692,0.6048321663706875,12.182542149546475,275.5010110294394,106.27810799903946,2.712516035281295,48.34276176805892,227.98654552200026,373.41565450495204,3.4586565326308096,16.06307733190326,230.2801342806024,4.474350224376099,223.0307059306588,627.3559266471459,12.7058046473452,75.84779071068621,41.94550482516004,614.3243823063942,7
0.08704005919292415,1.0526923838265805,17.679540256955864,64.67055640312671,87.99504537975673,145.56810301614735,280.7705641547071,0.04287197673658522,0.4929600375389991,10.751389109078453,56.836498018406274,234.04104531805905,35.76589737662296,0.1117842880541938,5.840050215348128,15.438337880571613,27.956258164046655,86.82871903835913,243.48020811520104,0.09293500931443549,2.105282089888088,34.15621961343557,129.01766910414233,109.23581359516373,0.8076083355671987,1.792420997605233,87.7731142875397,159.1914616367561,115.54513936978417,0.605576499612702,12.853232588175226,201.39170717707128,126.99743871888558,4.085285704730397,8.878737719436266,294.3574220113674,20.94306064013835,2.594547507825271,44.906215172398,215.98227188455394,4.150317630458583,170.4066261772378,425.4338126958862,6.494204484904307,97.35575009089476,47.38891524494028,640.9410914267858,10
0.036837899457548756,2.4169946705189256,14.892367317412688,72.10984447056673,122.04991786144832,290.0409003899104,231.40232174488617,0.039990561490476056,2.2510504170895356,18.267603263570344,82.09529426566571,127.78731052008195,318.49594957,0.18417351222965542,2.5992728623670556,57.065178189460035,75.58973305132825,157.20042642794874,212.38446094507063,0.1899471156610819,3.019759608332623,98.14625134544434,119.88337148724293,268.4577633751115,1.6497793872394926,4.580226698995707,40.8340765045764,312.70168709307126,62.06568803599506,0.31281093454007236,9.368363109460468,74.95230394779568,121.07521792172119,4.183274797098023,25.489790751363834,265.5406442299798,65.40248506244669,3.9313440151370025,34.56140796287135,231.28707107891995,6.847085171815428,161.01015917504682,259.9142273308235,7.485068195561901,116.43795540648667,51.81656917479843,524.1479059547621,10
0.04902444256252637,1.2492085256327798,19.975572789059335,80.6239823179401,107.05502634007705,170.85564122041882,171.19696909533644,0.17914878813219837,4.4024380310312266,30.190802305243622,142.88265530453424,144.28019881163667,162.68128842249232,0.11203756475626538,3.201968867053449,61.40686466944293,98.3125295285733,96.77195123665479,153.98497885071177,0.17312144462708612,6.607742620818923,49.6226239816233,189.7277581134248,161.70910518316288,1.168281399229413,21.246458565634036,55.413319920426304,214.24613307575072,96.4525244278802,1.3595507659817219,50.51885910836972,110.82844474586703,219.3012516449771,4.418786499519939,27.925181468782867,303.67934271214716,19.16811697493644,9.534896360946966,46.694948498819784,137.51626565862364,8.509759205298273,205.16783103663522,414.7234002170462,16.54208075596612,107.39227477365888,49.856301889280694,525.1217658263314,4
0.12281771504760156,3.4178435768923743,68.24311373341216,92.01797092302247,109.34114195615952,334.1624661546232,438.5034129030177,0.11572296398778564,2.5303302029744663,13.937611417754136,11.795413522881066,131.4340737200389,155.410119598974,0.1642547003421448,10.753456275049324,13.133037364955825,209.8574253345975,199.81168114161494,126.56742712618714,0.21880813416233041,4.6161820776284745,12.903371479115805,84.65306382528904,127.79701347793754,1.2094878123578996,20.47030556496912,102.13325774544171,100.65748985907459,143.8423011735153,0.03191206,10.225619554643025,128.9883422786218,90.74451618059159,8.65782204,16.09931024016365,400.6056230269796,187.41508706430227,4.871914175611966,2.9915626829090876,76.22948037510693,8.838781465926576,166.40891463849636,550.5083496831259,6.638403180799395,0.75313,40.625502105035864,490.1370224107271,4
0.2554214588588581,2.1166419386216906,47.284232818132494,26.748321863852865,46.777365840653545,181.0084412624665,14.55936258756569,0.11014023095397699,1.5704310337088003,31.23959228783196,151.38884610936415,209.9364031054914,16.156991404580836,0.24725900423944852,11.899322042589016,29.477415267691576,91.52385900835318,4.6924618,49.27525643589705,0.15250647793375005,10.868890142630523,88.28458824374403,118.06777046377385,164.0130865860586,0.7475692975875128,10.994372180495766,105.09538159525837,254.184751037829,38.33166484058494,1.571293115388885,27.02791701970122,87.66541684747337,224.1742815500709,1.4678122258170812,31.186451565946825,278.5891994178115,239.36411002664542,5.114041316881376,44.366776674913076,144.00125964775322,9.527170290936649,132.83805708501274,403.54231964219866,6.2094466633349175,137.86786836708404,40.21960241823221,382.2493473223848,10
0.05211132886991575,2.046790328528979,23.052050557173764,66.29470708445525,84.10096473016762,356.59759611785967,52.56970033397832,0.2540906567384065,1.3632401976967248,25.452750490575237,29.02591292489156,104.9822147107802,175.5756084811634,0.10554382670326043,2.8732745406246822,39.75946916840417,62.90544083657494,180.17698422598698,23.440719134416163,0.15326265251118357,13.235452993559043,33.18414046794972,11.809478260038418,47.55068092311305,0.862509144291499,18.07931789620139,104.56438324711037,242.22718639922732,156.93070425220077,1.5692743236314175,7.397310002051057,31.648282698376317,55.695410034321874,2.2675659703331723,42.447944332486436,325.6670454794701,20.275745715467167,3.268262821592475,22.961836582613095,187.75026360192294,4.656617931342061,135.4904932907924,432.7371405806839,3.846305987357062,174.8523066238657,58.22137655731268,423.09119355232804,4
0.00732821655894509,1.1354917103928344,29.999681802156914,7.361518097285881,201.07212926258836,154.31617109785935,127.13474399748814,0.09878115586141065,1.602824771184443,4.415192470711347,84.69971200347264,42.91020090361687,4.60701809,0.4053430426335749,3.0052436165693903,24.999201156107382,140.00067726327495,254.41701768954962,87.0335008308952,0.11857370532375539,7.881071542842761,22.342997836423848,120.27422000154257,37.024111751011986,0.6932578385582717,8.713409936065235,27.1460818083822,214.46030961464243,291.89522256206817,0.782126128603452,17.533421432914807,132.32959657419747,67.32415924349947,2.567292411732916,26.436012948875277,332.8370131212068,133.3451880357055,1.1155635630543395,16.081111867780713,62.45145685513436,3.3942505625001287,171.86923267893374,467.08902068213837,2.9383103498554846,80.93913067051201,52.402811161955036,586.294968964994,10
0.15590325891503393,6.197382308185863,37.16660936734268,109.6592306109577,223.45165160222604,167.05363374332848,349.1434877202854,0.42624758189063394,1.8655008561836859,27.461069985785926,60.91979699660216,134.20639174333147,228.1955888345512,0.5731955471738965,3.739267439112487,47.779477100109744,91.34254719673685,181.70535739116428,100.52812404257182,0.27716967159993383,2.605818480859574,52.119349843617776,23.525296916004503,58.820948119647596,0.4636298843864264,10.356807959369707,91.7077768270734,248.2012574387569,74.3695798409162,0.19109415092709847,34.611697631163295,47.084159223168534,77.10818793226416,3.02730812428198,78.90640292023599,127.44703376022117,183.5692929283568,4.753778514511251,30.648962937877158,177.40509578108734,4.2585625843603045,140.37078952218354,299.87139142940197,12.460939952597876,1.2585653961874215,51.238868242650724,547.579359045582,9
0.023641473321319405,0.7509920407405759,18.406945564332784,71.74190373428503,45.95337593688895,444.349524032932,193.12553834615557,0.19211182560288642,0.15824071875589563,26.99448344621318,53.49705365538024,207.85742755421703,318.49594957,0.07291189464454575,1.432724032808017,28.566318505461062,81.05853804834396,140.13767276537726,127.94211520299919,0.15769625375306903,14.214710761661403,29.790697797832053,14.468224256638788,80.29701902533527,0.28436420418861547,9.978743810423104,31.399970445245245,115.63499314598207,207.87676470948134,0.8913771204477665,11.20760923330743,50.06131873862463,120.117078651896,1.2094525510351726,15.969836529303443,219.68639740808314,171.05695555361746,7.6072412416281585,52.05850572884485,109.78947778429406,7.61450672120405,193.71282313235292,429.74853503210755,11.07602901768265,25.27726599049698,31.977793619796337,564.0681567561624,1
0.11842699685490553,4.29327595746585,8.937340984402256,94.85989542884073,68.16620850903219,244.60189106050132,101.78738896995878,0.10819534475981257,3.3513139628955955,43.56565628344941,197.79247038937342,197.93366768880716,190.10617105167955,0.20417891800092353,9.002619581801746,34.05297898692772,28.309597985578925,119.34854592347604,115.2501350919294,0.050434532831452494,5.698757253682977,77.49858383862268,169.4860014749558,5.7025015,1.1888683446688637,23.474565163500383,193.8968478516719,124.36754062817366,118.7589812874264,1.2547273830875811,29.43026320046671,195.43484657769608,150.27561305921105,2.679959591540251,27.07043247280572,294.96210426201833,344.7943395406119,10.510631058788078,27.03895325919219,103.4516109474601,17.06313765241295,154.52804148752162,542.8935981236194,13.554906415062698,85.06929062406292,27.08569751306154,540.1099776314712,4
0.03522679807596838,3.2401343530429694,35.24621554069964,56.262932157805565,74.71767497274203,200.70524348373235,69.03113332818671,0.08344303903881337,1.5362301225846406,16.11869057205336,74.2593410173215,174.47289551371455,125.72715269044836,0.3583783898770402,6.100071482245254,54.68589543724369,203.56319194009095,138.70894086260535,63.667470692903166,0.381765860461281,2.6774472432455587,49.18546384380605,175.12027335073907,165.10482860059375,1.3404951356927644,23.621832188082173,55.01640701520905,188.47146947956998,167.4854833167034,3.9530269098303363,5.847290686609254,49.80834336253726,108.54726772914456,3.406191495585751,26.290458784598417,328.8128511339493,77.70176867415857,1.7635859162555372,7.91672745827276,147.1242638309767,11.287889096669335,205.51588686564537,335.56692728411934,3.559240890401445,116.11645777579568,40.597499739569834,392.3120282137019,1
0.04430804265142273,1.0868943040607184,8.7521538845766,53.34397779841785,53.67248083316595,152.57386504356305,87.09531649580673,0.3756550755548934,3.873398260877868,3.3492582919080007,47.021546374289926,245.3872314021733,12.069388580725352,0.14403566828884076,3.8307973168992744,84.23359894116135,70.0885480095996,92.47276050781356,56.62671459289953,0.46190507594762736,2.095630171951823,19.168811234917644,122.78341322419439,90.35088726142138,1.6409150434105229,7.988538226727192,59.39867259273785,224.55818176797771,241.0158617475421,1.1808703693213018,21.520904270131723,160.54033836695774,35.4662933641286,7.606035315776883,37.97734146272083,276.2854892797609,244.35725632535213,0.8522987251335691,26.036183936765745,59.476995624837016,7.382580766807666,191.52251446089892,458.1474908949057,4.442443537355675,27.963325115028173,62.519614648945975,596.9942551048131,7
0.0526848322445557,2.7767431268849116,32.93303552811552,50.81926936791284,198.98701280885453,197.2646169070118,47.63622607476823,0.1406402524936702,1.7241979748992602,19.69527783473621,17.147629737104875,115.41514361992219,4.60701809,0.3590874203949153,6.328577950821166,49.804531385229,54.27428658158631,239.89874167048796,91.92681036537499,0.14918471539840628,9.689528120977974,53.266958346445335,39.207925475786425,192.80844995154226,1.1757989807771316,15.411345406873965,65.31945706277534,177.94525719507138,61.78078014398952,0.3566959693440198,10.559863044095923,90.10650276999817,66.86315272973982,1.4197193490413396,28.667049443761208,244.3192328242086,61.881838106413326,0.8136702112228846,38.601627933812296,26.860754254473502,9.051977843695296,177.25801804412333,501.1768211252276,9.976437839896223,31.218142162210814,49.46622729337672,512.4574905931332,4
0.04806350106252248,1.9487247304917783,8.840849754250351,97.40753498474474,156.94637861741452,317.5378656411659,170.33200005011653,0.12881014448795852,0.5640791970365833,16.231052563128717,18.036797613240328,67.10455206171184,318.49594957,0.30817385996969965,4.814835902545899,42.677780324337775,168.66800931015217,111.67241208794289,13.495072946703683,0.27517341562670683,8.17234504330504,55.485691379622516,177.14459501179323,153.85048587855582,0.8046564717183776,21.003166449101762,36.08510284846736,148.86887654915807,122.06935491652045,0.3372324628532888,10.784998339723359,44.32213171442167,138.542692196919,1.2088721656965868,18.724765686851818,176.23215637257783,50.253988890169154,4.477899794173585,17.541601187176905,106.58054332745407,6.704736423507373,162.0322113606576,397.26239673877853,7.8043452875069335,15.371503266873008,44.883742797776016,496.9144411325181,1
0.07808677123307343,2.652460822133038,38.342652874495926,85.18148294709927,94.16177896878801,384.0400079757069,331.9792964088182,0.03696208803938718,0.33735708606464687,13.227046788840898,16.164186098324627,113.18593400948357,269.51693512990335,0.28622451746325783,10.56407632162968,69.40038227006306,118.5012134144579,220.3002825478326,277.6392655631679,0.08747555453310885,6.077715497507789,51.868715993523494,31.990293837958284,172.32765813596953,1.4842203867818093,7.301878838482071,3.01594611,135.39721179521044,18.157984803658113,1.4074515546637412,30.076106991612583,74.9467225233198,40.75560583433541,3.5219250459398386,18.811635032073333,261.4288236402923,40.049847939805645,3.340105459686113,51.6821409197228,97.2068317569387,2.7321170001893016,158.37391351962134,368.12229151676974,10.20572998156427,20.998737842246946,71.44633728761117,545.4275507606936,9
0.09769289488743829,3.767611488300832,25.226186349421592,117.77530543317246,103.8354755222838,207.68586404183534,193.38026898675008,0.12735243801113333,0.422381341188635,32.41955562152912,143.8712852120352,228.17671671109125,295.3167675316613,0.16962342649813902,9.61957760423694,7.866894606459937,56.60997063006412,74.07186295810838,56.05425691768631,0.19648369659424136,17.719261083824954,34.307989469978395,283.6341055891585,68.00720188093483,1.3930953875010161,17.80379922283545,33.14640835298176,174.31704648267606,67.23782140373999,0.7573080253701023,33.36441774098776,88.03524700852655,245.22748644591073,5.1214295789573825,32.902208298100796,268.38154438099895,41.9975856551772,7.286281648373404,19.24605159499098,160.35063611049284,10.434362423923154,185.85036105563148,277.18180168143454,12.07247436814358,121.80693207713247,38.305921850477446,452.1959751044986,7
0.08759286754939091,1.742786519210326,42.567600157531714,60.64738747662639,107.86226445605465,454.5798468786851,283.7486863209128,0.2817863678608531,1.2050943297554986,24.4393120774072,45.97510947516271,101.11460463678623,32.41770867676347,0.21072479722482818,10.861866441538453,54.761969603645774,113.98609078937923,321.59659656703855,47.13689409381328,0.13799298709512828,6.151006357000807,26.549765348005685,69.69729680574656,118.3616923011099,1.2240552550876511,36.365766399238844,129.80960322301854,246.41088452382937,77.71912649153666,3.1619824529104754,13.595265129061977,36.46009540913217,141.90333841391936,3.812879403076456,21.814965804391996,283.2826299534544,136.46748420765462,2.5811464511236877,33.73566096636083,232.319478651633,6.459892183183434,137.33811950866885,346.66925627618514,4.907111474421423,22.362322017526196,46.16261589285357,667.6917234166734,10
0.12101522022765161,2.0263267320535223,38.19425784226394,150.93762984450666,137.47865216283293,249.5590811655649,123.06275667454712,0.0680963489536858,2.1009980239897756,31.085302306087655,132.50433373749794,138.5185902850988,53.50198012682653,0.510260181253567,13.653939050545905,81.96976097290298,132.59296542145944,79.15060142394957,57.566940411727884,0.3866936827654474,17.327623233530897,87.71049293057571,162.5266311502031,165.76624111202085,2.2755378992040094,20.605566745426515,106.59702208518229,234.75289456238374,29.999107601723292,1.9723247566143565,45.55366941053801,100.49719370455799,196.51098408661562,4.031872549096235,30.94113873653214,166.53847008336496,40.83338948758413,6.254609942247042,27.91702530903313,87.96606295847111,17.89846550354405,202.002941250367,382.4108362168807,9.306459348944582,139.7897662637168,45.719734162370365,391.04457733315263,6
0.21522243320589868,2.2653883604625,27.3478468012895,43.39748373953777,124.38501980124775,235.52622064297935,66.44469059545942,0.23078138742368082,2.9671352517947276,44.40347972966826,115.15174992127271,239.01379698589648,239.8854929334599,0.12167293591916234,2.497163346263382,9.070238733054227,31.548003202820258,99.02398061070656,294.20306014420225,0.3619875805149734,8.299579239148482,65.90887755751803,11.956727285506055,161.7436873317785,1.0635955858330917,8.621991807675847,40.08364136362001,93.43293175481773,77.32428187060941,1.4147285831022427,24.941510017818697,124.88435281397625,141.3763395823967,2.3313564218908525,75.88034779221103,203.38573197345664,355.81215794829654,6.8995039550614194,47.11988475168178,189.70459761084263,5.910531849181246,180.53640417169152,450.10304954103844,17.37745545755731,106.48158145885097,45.916329703180736,599.2667188375506,3
0.08844763026988009,2.7891604985994523,12.289660992685882,70.6821671072609,142.73466168005686,284.27181571613556,222.61355576619,0.017496082419684374,2.6493194696918176,32.19991977230312,179.7306314492643,140.73235094102648,4.60701809,0.27161373914367004,7.300530121001804,31.241057677033083,78.21394385784484,204.31232349249518,41.22766817888697,0.16967843854787779,5.361765367121179,91.25994622922569,154.43932540964312,134.7937960384932,1.8848073837188335,16.471022666947906,74.17128538415412,297.241485709537,111.80334747251914,0.03191206,23.828545228748446,177.21467120030547,54.036535392723884,4.711206143813726,32.52649661066309,163.36632586342617,67.22641134217386,4.302247914806218,61.139874526634294,123.81689904685209,8.082883446074666,195.14278222807124,476.8512435272166,27.57494129677081,186.24735925754175,53.685600580885406,605.3158286804535,3
0.09441358919897058,4.42473326579612,16.137665663097025,25.67659077756134,169.0242893941222,274.5745615213079,302.21808421182646,0.23169861052720675,2.488607541414463,11.483445125641149,68.06711193799285,86.18689832702981,103.61151267875458,0.13705795980559493,9.96914115156491,39.11154510985543,250.83898903035893,4.6924618,58.204492223601136,0.3331499822126628,14.737031951516974,24.820808613776506,138.81958474655062,90.34236616181654,0.7460905625928976,10.687953669025383,49.83703033763753,118.85257930567361,101.04797868823978,0.5472706919619761,12.20211672451379,88.77284153787022,183.77012977546883,2.0262173692699514,68.77199901089612,330.8761765124562,9.998318562232704,3.451611963953159,24.62520943541982,109.27631968400284,6.573534834374347,193.36392750940217,409.5399999453326,10.753197171986953,107.19768810057015,52.13890693699847,455.97510174000337,9
0.11562474546626995,0.7812450181957435,38.46406824528895,111.28101669345695,141.04202686038727,250.11518492845627,330.3399036933909,0.11703245288296045,12.400377937745386,43.91139994071411,122.82885623510239,47.44587681673066,96.10891804211342,0.2933902973667144,7.129589991864843,62.60604843271892,63.48410180262548,129.98306788572853,37.33137122029256,0.888780219910116,5.173205864438463,126.19030177898088,35.24059961050958,92.94310678882721,1.8281131471617815,35.911895055882894,121.56127444306702,303.6665397028422,92.68685862914322,1.736544748098284,57.11121996821346,65.71633791105546,236.55916275270866,8.02373594030406,22.4505852148802,363.4288895908299,57.092500216798115,8.423820551806745,44.50465146669761,48.44223980553168,4.420741279737712,201.12446605853992,311.8566008437358,8.599985589228627,120.49500397970033,76.64115602573371,435.99587670412865,3
0.06842039316743558,1.557419693534442,28.606409548617282,131.99656998884393,187.29932875985457,193.44997323879096,433.9878500553097,0.13680435972360305,1.3043594635130606,21.230221391841702,135.65942488012752,60.73092538935464,318.49594957,0.13886028203074066,4.742662455507342,44.35900534866263,88.44205548423966,182.17464570120237,124.01525126341477,0.15290173536495172,0.14045953,81.21783730503735,210.76552588920492,79.94124202511719,0.9872322955361833,17.459094883267994,178.15276244115194,124.3527530524784,138.9791219200206,0.9521515252048158,12.532259209877248,138.08998670031886,76.41791789870413,2.387208199440378,87.20445738370697,198.54970388718476,213.59403708110938,6.5031290274799884,18.372951953347215,155.69218681889996,17.562115294850173,172.43525710702372,497.7921750474138,6.198301042246471,102.60953962145027,32.577688251339644,499.3979783293421,5
0.4389313212239979,0.8571844081502097,23.638216388671378,71.72773606359678,139.71716982970293,70.34634397527628,266.58916655790273,0.04974872225658541,4.037854028067258,33.168770918203094,109.70414573714163,54.226536587790385,124.87537851076662,0.2421633437561805,7.201252333297521,11.416265830469534,161.30054863346933,255.38026346318583,81.90449758838687,0.35223822425076606,7.096300359750984,46.193487845462656,79.47558244212128,229.84681131661364,1.7977559691642195,12.996558424219327,103.5177846367016,84.35070947756415,17.949297589315957,1.5377069745592644,15.013220476954237,44.616831595073045,144.3283301532469,3.534542382948827,45.77966908958081,367.02778390431024,244.4775517489,6.870554958540154,20.560961750418535,134.3317329948351,8.110523774100766,237.77590278275312,464.310856721204,4.386901050078702,10.447342364540074,64.61193434513132,453.12322375876374,4
0.016870287788372837,1.3546437278917356,19.886587887053366,53.29849580841823,121.52984672567544,287.5588889750633,30.602870676673433,0.06504204722093612,1.8497884100612223,34.58369606654993,40.07407550313429,191.59399659841102,318.49594957,0.11399248373171639,2.6955833226762023,35.429657884787225,109.0737393760675,144.98312658177971,259.49980845235234,0.29410831825830197,5.097997078054758,50.64126825864206,138.40819248288852,5.7025015,0.3629006443710127,11.644727437391081,83.6335144062787,207.8983475776448,140.56629471429,0.2746588452241365,12.467923922470186,41.496759323137425,139.28628012665274,2.46248324164821,24.78022959213347,256.975406908596,56.504743634796725,5.199289614416997,6.004189881715863,116.95638859106009,11.520762876266987,158.74748001513223,322.53560966387124,1.075401197710793,39.60694438062872,41.54683767091262,550.8951638720073,7
0.4358944789433616,0.7528188667552489,42.4828206241569,11.108531993241058,101.73655040887614,319.91751267681775,33.52610822842817,0.07931094918135072,5.545662897506303,13.380769977848924,113.77970720979171,187.0340917208702,32.542101376631166,0.45367177592420815,9.65081443481667,38.898989070879125,32.810090048230066,171.1623948804039,188.68988475887727,0.2488670312992802,7.093743123896735,13.963319544871762,117.46496551544227,227.5423306504475,1.4669797102959532,1.0754770584177376,31.300228192520326,91.96145272682321,24.64915196439015,1.0085723681865202,9.709051375636488,14.15746293643258,50.263699952916426,0.8856090843388786,32.74266224730677,214.96186591328538,163.51651186210123,2.89042445959255,18.342708197757606,80.75897559043936,6.355786753552093,230.54063631326002,446.49784418998223,5.593841829468807,37.07865831679814,57.66737171198335,570.1661993591051,9
0.03297518615889403,1.889892925632413,5.167710689106592,48.099513424756736,67.77574931554781,497.8988272224219,164.6760789113196,0.08854488670868486,3.2865308995709306,12.673645075205595,31.082770745666025,59.5367607242967,248.94509531648825,0.06723945852457908,7.724774088822049,51.18561570149783,129.9887357325679,140.05778507398,507.6981017868217,0.20586742749108006,13.085934133269525,24.071441474206445,9.91497633531339,67.1968909524273,0.4894849495412329,9.602774376620356,52.24416402814093,117.11192676642013,220.48524464424474,1.054319208089655,35.91050119411676,37.713021735512264,148.71247713673608,2.4043679117901258,29.32311085026715,183.22277233246723,118.51948746364555,4.551912056342454,14.481647911486784,26.08575335241533,20.46256763925077,194.03851781118675,481.8609433735657,10.510738372716311,22.838070648762905,52.81197060038615,605.6305531186706,1
0.17754635878356045,3.4834818597004347,10.71670608543152,107.01125326785501,177.96886237810466,461.9341371552965,15.930878114112218,0.19721042128104294,4.043756289295517,26.831369152119713,138.06244964022522,61.224292591139495,245.01284258483787,0.24240347408657276,9.487448699972015,36.059556556183175,111.07509904088536,111.93014055948007,83.90139897914212,0.1378854316176416,9.276153739443274,104.56527161592871,47.866675084627296,146.43377543678872,1.3979501153129763,23.459382159077464,91.33090463829107,322.56071304427684,125.97280276843591,0.03191206,28.30304262664297,108.65895469327478,200.32062089952615,4.930204054429176,22.88004236786834,262.6789202125424,222.43449019682578,7.9422191253423895,48.69622081926104,149.57995131130346,9.818723897930726,187.94457895757728,358.05392016511195,10.97806611656086,218.87719999,40.760736147768334,371.9373716056339,5
0.039180200852609134,3.1180081098359285,2.8691280704377684,40.19726819632665,23.487733381696764,273.6046647204888,31.67123466969572,0.04685206638258623,1.644643009911003,7.615559066318404,27.950200109357212,112.74057722254825,152.92572740312448,0.06685478488058252,4.85715047208457,24.346112558286404,66.21491816406404,133.74422025280705,177.42347142277904,0.39715605030894996,3.5268897808350737,17.79379090091198,25.4985621001585,80.20792147011844,0.0820638522579189,5.616407809774355,155.6808816932772,55.14252869979079,320.8049070503093,1.0995960153589457,33.002774350386346,27.663773567554585,8.428464737155828,0.5368100893104429,46.740061693769185,212.29885814239958,78.18226492070697,0.8751403954200214,7.036727126071957,137.24822752549133,2.8073412027036664,141.50095064191933,462.36055919175504,1.464698018674147,156.42987596572678,42.44742738878635,628.1979808922799,5
0.14185754252713273,3.6523120409424523,27.087468361140985,22.83327427312955,98.51935451087405,382.77445995770506,353.2571570537304,0.055306252911313386,4.536913942446211,14.869431607902907,30.730231485138887,167.896527628581,220.9804224696948,0.35272171291511323,7.900006960016748,19.43742314830832,129.08623106683953,144.77590940898764,142.98247096850184,0.0827848622473347,3.406481652993241,114.03279639542976,161.3711681197017,145.55154549393643,0.20980066756251484,17.258475209770598,83.35958051407799,180.89151634207172,101.75675296881958,0.7764417702887743,23.409493293419565,282.36329366,141.67460687108263,4.0901034725989165,32.67507953019636,110.31653061595001,93.42504133288529,4.285796319763087,83.38506025966406,122.49194981519126,12.834618282030249,78.40083590846555,461.059517649373,11.007396101538655,190.02676267946205,26.71850170203403,479.3127467308283,5
0.16539148096415948,2.0383412273329875,41.138743287082384,125.10464528357588,133.8866789923442,141.9087111356552,463.12826411,0.10146457280401217,2.1022961547707752,27.482356002896076,117.6652969889802,196.45461450558128,318.49594957,0.236665994661718,6.166935835073206,62.4252202180402,6.838510609915659,171.63801975332495,23.024424802212145,0.15122144106091026,1.2592455531023319,112.3790498014795,144.28205964348552,91.29441082504408,1.1072217986943458,14.946163655437182,69.3037461181387,165.20493197624896,0.06494351,0.4138767627014498,54.502960097249755,261.7919412607211,76.22107103078909,3.172661839481738,5.330938930850957,275.75926477349407,376.35693079536213,8.121264401908661,30.085951864266036,111.89124212925087,5.663318754001976,130.59449131907428,483.62810692741334,13.567527339109947,109.74569820172509,39.06263584909253,562.7222750740889,2
0.402142640333887,3.152890959040082,39.99931911529757,93.53215050627638,109.11933272236023,170.41957886279792,86.61178802061426,0.19295389392017975,2.144290996264276,32.18003185853281,99.22290232028615,116.8144065463444,127.46557120097754,0.47218813302803353,12.141427478835912,54.66841619757058,224.29226594948926,54.580979875232885,130.44095130448449,0.15423222723209692,27.894954203620113,96.45442023937218,71.1835036320743,162.9324543621448,1.9505391871480022,19.538964087355254,75.40131059166814,251.05047893299314,45.12565048648025,4.701635669872996,28.052548676162594,63.30350878207311,244.69406183106466,3.7866035912251688,49.98830569452927,374.47011856970363,49.382495757442925,4.780660626790099,43.46996646919844,132.20514316112826,7.030038219669818,281.600308954081,247.552604006237,12.581243359415929,106.96448626181035,80.50369066520689,530.5085876036846,4
0.13468732102555253,1.7557784597174435,13.363917478182756,113.72313545415003,75.47348094010228,248.56168576705684,125.01331346391478,0.22642576107243548,4.112960399875932,44.13742002490901,184.79898258742048,201.98268709088268,318.49594957,0.12477564041503161,11.68812105644874,31.953882578043547,141.68518160100706,72.81367984661655,105.65728245271048,0.483204100710673,15.51608577256938,112.4629428301675,41.64090528739782,167.31138515913244,0.9147040076571731,10.42872866588088,54.73501702828172,215.0856869433324,106.68432092141896,2.374428196688222,19.14225197617176,78.8313526146504,220.14691491029407,2.3989010354988283,51.54010544671462,206.36398851524078,235.56893304750912,5.19282624882016,38.02478558987607,138.45762327324442,11.512932701976398,204.78190880049488,475.7283710335302,2.7029329055128803,180.5193628318354,59.71694763716918,453.89570758277904,2
0.027164359132147074,4.940234897224146,37.36204883278016,43.426528822480044,131.03113454677225,152.1733976626847,36.96104858923972,0.04477842078833435,5.717771665705293,13.136634439627043,21.38408486016595,72.96185759961327,298.4158640325617,0.09131572791311102,6.728331305108987,50.03101362464595,127.80720545546542,133.50245908123125,34.926380041338874,0.5494306121390111,4.802135859094355,88.71191677575376,120.99699086849549,41.04035447949341,1.4988280943238268,27.036768541287344,69.76344101207691,172.91231835401769,93.80856552464303,1.4203811875366,22.109892822050465,39.27259845854768,166.89617520731287,2.1877201568394673,30.817866128378554,291.141100543585,117.96829167044483,0.8335530600826523,97.02853748321454,91.11802685604287,18.465046064131016,177.59451794712956,365.820009527644,8.60423193312082,117.1846477767971,43.92266525926047,421.31733250452413,4
0.11939837076843285,0.3960693885228671,26.431219985526095,95.26684827566108,42.591321177993144,491.5101246974765,8.345377003732978,0.06921260869345071,3.917787620906579,30.569679339058084,13.269606482245997,48.710145111853556,59.237211088440496,0.08611515976693156,7.253944656738,14.536163161987925,116.68373676851468,190.4853505614947,111.93164667478837,0.5632659205343202,10.9240634301332,30.84855593014952,20.75549890053432,249.4705640093992,2.5241574637717994,10.105249964165111,79.38020910970904,301.44878881598106,169.72484224209805,1.028610464813551,16.392347687845692,43.694017231232735,242.16381589608702,2.522336562431338,45.13764150200571,339.54150187513835,26.150531208298034,3.994179039002618,21.2963575374431,26.540792413273568,5.825815839067345,242.51950046309656,453.44966543614487,1.422780833662562,49.160539943670116,57.870325832263696,633.4395072016786,2
0.0921495243560398,0.9379141707476671,12.017524070105903,32.82887861955228,94.25571914639822,351.40104119402855,142.33959281792315,0.05603340835243405,1.967080587759142,22.483944860869013,86.43918900873277,218.577132518598,27.031384062683244,0.11052945999903263,4.871662838245712,14.110067410527208,92.20272316668446,133.39793940800695,208.98729301640472,0.4691133513705326,4.006282267761118,61.531498533881816,72.89222678230425,241.28973365865684,0.18054337501679193,2.966542547692196,62.679859989417416,150.42140851860046,46.022664233947616,1.562641298965436,16.620603880442566,114.19367199474115,207.7119559039655,0.8549389878396884,23.77960315082946,251.06484303634878,80.98055284690341,2.7595015008746215,20.729985278505175,199.75950773960056,5.117811667644395,166.60533441245096,287.33596403709987,2.3568201414280114,56.11709645402307,52.301436706759105,445.5059907600008,10
0.03509328255394718,1.4335416125041396,6.672807034141166,24.68625936004061,159.6823028387745,337.49259242505923,198.30516235814017,0.020865587452025075,1.3614957174619586,13.82979256288246,12.748261693624944,73.58982004142626,200.78674498377717,0.14796781599475245,3.2649400868425946,15.894431600285518,77.4520535213691,275.973742656681,171.4522788780543,0.11568177952470804,2.0952801920827993,96.77261401026587,111.7312623045883,31.891810853217486,1.2924641729643485,8.2040736347557,12.565011678370936,181.67384303425717,0.06494351,0.03191206,26.859217027704382,54.81699770870143,107.20924920234395,2.7322302690411284,7.911996914803595,252.19689022110921,97.4061808109551,7.113094563957551,100.22240176623161,100.42977468702544,7.431743593884995,186.54881533413106,425.5504412984717,8.850955103742708,122.86248923640215,39.160207548201754,527.7706298081291,1
0.14083710580673403,6.361193933068572,37.85058225815081,145.66115253881543,150.41572952043154,144.89204557183785,312.85495444156163,0.021708992796340254,1.6331896978742768,43.410632302878994,124.43460603247556,70.82049003898344,256.6770626289425,0.00570986,5.106427056215418,54.33574489660603,59.86952256523991,253.73331111923721,138.52866723223406,0.00877772,11.391619617203178,12.359789775492338,84.91749724630458,179.36164861570003,1.706473146847853,6.5758246964850615,77.22652058214662,79.24951795328076,0.06494351,0.9525490290219916,13.687875915539223,141.79999453640792,237.67322605118474,8.65782204,39.66619449920952,382.7090668501951,40.61795198182249,3.674506951307362,35.500975890531016,170.39935049047182,8.485737616805245,250.27908300887603,309.0130918386722,15.689446303179988,165.98981591495783,58.63554221806935,365.00619243059344,3
0.2886786339850635,4.249923206464774,32.57154656649049,131.432155579336,64.67295697393293,140.25122421933855,283.90046872797,0.3296827195223471,2.011823604605233,55.91273240951895,187.37041065951288,178.32859562887157,204.92161990649257,0.34278811439067125,3.8558554365280617,26.137187307005433,280.78247381100505,86.18335851444537,120.05436652476112,0.37675030222910577,27.507643652462892,72.71043889808115,121.53529670286413,121.31769870897385,1.6804191416387741,25.5261046855341,131.6332796736416,90.13422092932962,255.80748866045695,0.03191206,46.34817716484392,72.63725113122229,189.5724322685412,4.962759083583517,45.503719008955976,278.3232856897723,187.84880959713033,11.33743551049277,23.366068270125062,142.82764608801165,11.177200660089335,173.14285642353497,472.069077464576,32.17256583785718,81.55799461852706,40.302405027392,479.28415693418555,6
0.032627350492474595,0.4425720181701393,32.42955874290669,51.951859144336055,66.497466495722,312.7086176563321,50.708283445331276,0.05299578158255844,1.7988128662220522,26.453583781568238,42.03463653229046,99.60919474679545,71.7464829118974,0.26887755196744206,3.5660863489741508,60.75402521300109,79.8586978831538,206.06873491297006,29.036742549344925,0.17761399458219596,6.234185080865922,50.83617023289307,249.99334638511928,76.931336737843,1.7517612851059288,18.921804287204104,94.65081104992281,290.9139162735432,103.92271334376458,1.6254373046911739,16.04463667635176,158.20434890802267,175.47040632195768,0.1784552869652707,35.77898654599128,235.0219775477484,59.77189393033075,3.1417412780990452,32.402151960719635,48.71405638428308,5.251952192880956,172.23481055124637,414.6165929773559,5.280784355309767,50.621547449881405,58.11129734449314,462.3139585675338,10
0.11330691375277828,1.6258770160084384,23.33651369953135,94.58652592491771,106.38397276747578,345.06944470674887,353.0782948915583,0.22082757829553962,1.9067208789343262,49.696944823813865,96.43796144206912,54.8447560281394,318.470037007276,0.047911684604763624,7.515961822230993,33.56543458270409,181.5582805123034,191.2134756556845,441.5963830477674,0.05297683973735372,2.3543062880491616,19.140179206642404,96.8438443365638,39.23061202246552,1.095342472099572,17.356960544919577,49.755170835899435,295.1935313295662,149.20030043269765,1.279914846224964,4.188180279860902,19.691663619601997,135.66298029710782,5.7324794193942825,27.448086250096782,431.15745581,251.67526168307313,5.778194836523147,4.4634015572049,48.56563946327573,11.881289507010043,269.73110991246494,252.25738425719592,10.012164500783623,28.92515909132088,89.22969907,560.4720162904476,9
0.11285321772716436,1.1627481334458498,40.16550178171065,66.90095523051299,83.90229821265652,265.57002631163044,40.275137117964995,0.10012828786307354,2.3802404502820753,11.17040850228275,61.57756578516617,114.48289609216565,75.01411502549847,0.39035549181433593,11.694670388385138,56.5583080912107,116.26367003735945,274.6352326435587,92.07136500357608,0.12263162300355787,5.9598581187907715,59.58624129858247,90.44898552045278,204.62473291934592,1.582202312685185,17.11214138975835,74.1580080939676,203.2532343624469,52.55548884516701,0.18221225191677926,26.16901302624865,128.5074602073853,250.23679257539158,5.906994451120242,18.987632949629845,274.82001736423575,194.23878199476303,5.040204496695662,52.902281813228356,108.64451270681185,12.649084933019068,230.7489647607933,326.64151789409675,11.674708337899188,123.93232767661513,67.4881976258788,452.30220134456437,10
0.13477485975855114,1.6593717718163883,18.081483648061706,31.99613543228023,71.68440597952883,340.09690323468845,298.4180903101921,0.01627980565004912,6.697685274200057,33.94980593256418,55.60280133155684,299.58441584,318.49594957,0.1183479347299432,3.100357154481772,27.02880864303987,140.70897397961983,84.75956423194538,40.9325993654731,0.10646213638460218,15.70972763728092,100.87475504710379,67.05614524029593,151.9316662718678,1.384131525289385,8.419987581049792,48.29231413366579,125.34990565381662,121.64315123420862,1.209133542662542,37.447231722911084,162.5461967474996,286.34142430647074,8.65782204,30.43393803931396,304.1869383178242,86.30341948303123,9.546419912146039,23.39314788622421,86.78384141250478,8.123736634617059,237.3281195051114,201.18998121548455,25.96414032573512,124.94598632607253,86.46374385271052,606.9614707242922,3
0.15740573084060813,4.142538680082068,22.526807131292088,44.3774041781684,155.83805875965953,257.55690513782315,42.32326488003088,0.1500115597114925,2.064940842629607,30.516105681123435,24.56273942352487,107.32855314970256,74.35519170032086,0.30411759794361065,3.3821379013099353,68.4849173925927,93.54946865142344,106.17671745205506,131.50345744086374,0.4533428745193835,8.146933083325113,38.55013403234474,27.82042667457519,238.96997563932203,1.389069242560153,21.407363976876113,119.29083465719384,86.63550365832106,166.39563597645585,1.4603479362585507,4.51221935979563,56.42813451122596,36.076674294055096,4.57869379846132,17.941701589665108,340.68066621011434,103.51034755898684,3.312768828941424,20.68604609066017,17.85679524034803,11.560101304176227,214.77888078279656,384.36567188759574,3.7533354141359827,126.23006954722796,43.370321306289796,421.74189574434575,6
0.04638857883008323,1.37703491450739,10.756656782738151,39.995162649067495,68.41077849002738,268.68538073954846,271.3810025057723,0.03203060302629665,0.07383968,9.297416262665836,38.376837608346804,108.9639791596421,60.13737840432762,0.19375175870574063,3.7477571369025826,18.84447931445988,135.63497619668834,142.33807870819317,99.52175180276919,0.2597810281741171,1.9947893056903878,30.615700684847493,91.67944005364606,12.011897174412283,0.5363275317360997,3.7314241850304932,88.4040063168009,58.06888921020166,109.08285399303928,0.28835238320797607,4.9986707737916145,85.67357778389264,146.00273733288682,2.325932275283524,26.75766275504436,177.06723146817015,156.4034854141968,1.668442342390915,42.852700519701244,56.06358916810823,10.072090720833257,78.40083590846555,584.1157570564853,28.486074941977463,130.1087395908014,35.22599170101236,495.13541963323837,9
0.016866927587781716,0.9258084674845359,6.535107668974135,31.416634826450014,90.1299430545505,212.32697884106935,390.2712790482335,0.29667328794299935,0.18394852081908541,13.548181400192991,55.69946711680214,50.94616076517094,223.9185854787118,0.0910218565825225,2.49226951421,8.758029126331936,97.05610448221965,186.75292922488174,231.24655108899282,0.04118210324038789,3.7353795626165596,5.334959639738164,57.430053639351385,105.38772973076006,2.1073541415579893,6.396373271456191,14.921623952764925,237.791136378172,239.10467995935656,0.10235015052853713,8.847064295369622,107.2370086636147,54.840577324255726,1.7955199463711182,4.505888710563632,290.84715970032937,418.7735604,2.280618029380312,11.087094806841518,61.55145997042464,4.364571033249269,153.03358163453683,386.81827132945864,24.438429243464086,0.75313,50.54771233909727,435.61562963907875,9
0.13216179083129176,2.301442767802348,14.159955165722856,78.04577468009923,118.1437711801707,259.2298959232149,362.9533668925802,0.2478136081191175,2.22191338533574,29.85466445478229,32.74900788180159,154.99443759317037,318.49594957,0.2604086794166168,3.061182859339511,43.117536487509255,144.2156174904261,56.4245080526528,18.0103020123897,0.6165295071744634,6.916102072922216,84.6618420979983,145.61832953078698,63.897208066772365,0.8442482229256377,13.404161597434054,70.60797222779956,208.07054268558952,161.43334375636297,0.9510559830517378,10.570567328362692,21.1146919795124,118.28193576999811,0.9680204094540621,28.036131200390603,192.51348959013353,165.68090966031684,3.3664837945177024,23.381944191645225,123.58951678738143,5.182116900147006,151.1901194154325,475.8389007048013,2.145285353277672,118.34102049691101,45.10432154337443,525.4123984796963,7
0.07036143591170285,2.913833838118698,38.500936636485015,91.41002130405143,176.26007967967774,454.6382501950762,169.9974237191908,0.21160840430246147,3.391241142349184,32.30512740275531,25.928968128376784,97.18789724177495,136.25175073157487,0.48068777255423933,4.872093845848995,61.494675542323954,129.03266380526557,118.18522103680681,84.40708850962879,0.5016685127701014,11.302168365047818,35.32252243316147,86.21786318549076,180.2384888429172,1.2518624533562273,47.98091294572368,97.25712523209731,221.9780983181939,156.69000008875048,1.3616576089143262,21.193464623948184,56.16255569571511,214.286882338288,2.014142614424892,55.70586269538626,423.0549038497271,33.67893329203981,9.00211108528286,25.402580895372616,7.676322831222954,8.472344708575118,269.73110991246494,281.0067047132944,11.24993271116459,37.703071035953805,64.01520864476643,519.6489368091366,1
0.08714074333300931,1.9261256108549414,9.068806357598124,64.44397349955736,101.38000891753215,154.6474726215796,15.117841363174119,0.3219327334649998,2.9485422041721256,23.39474520737256,169.33110268159984,237.29433306442616,109.61080580795729,0.2103289586553247,3.5966447186771413,106.43513355188509,184.56337886507674,147.64236798092105,75.44281523988293,0.5105536101897843,16.042896637555803,97.83787677245809,122.62563208668097,181.29548429878602,0.9441565042471711,29.610262900037153,92.74212040943523,315.8881349189128,132.89909614670984,1.585852790645092,20.154411712501897,102.62141168346682,150.3707021942735,2.0861379030538263,33.85508079832713,301.5636148620101,28.28991522373318,5.786863583865227,24.499918961491517,156.00843476759698,16.7626581928252,142.62574731304622,417.8880110176779,14.79279018656166,155.80453210927135,56.145090000012985,508.44951819803333,5
0.006402192794020295,0.4611668696327534,0.70062194,46.78633499161124,144.73317579653556,284.68930551408516,66.02167315881864,0.1508524052032282,1.9826700775676547,48.59124178668318,43.270388022331346,133.72205113476076,318.49594957,0.06937731672697839,2.8781495235064614,7.8126183993294465,23.502128292782906,120.23569107249227,48.51249053103483,0.14489040797962743,7.280029414582269,9.851160428407645,60.25106609886109,25.19510523315567,0.4729280176489,12.03888861240319,8.907597938022626,80.63295016303054,229.1686322274098,0.3916473594080049,34.513333956402676,112.77130212302097,99.8206867137637,0.04943842404654797,1.55851957,303.1525958106747,176.95977225229007,8.019937160477639,35.883339600318564,174.23024142536022,7.018942190402392,158.64415250551363,445.0781558227457,7.5309625124023665,50.01921209531632,45.07758982226694,546.382408483223,3
0.03557216958486642,0.8605563618510286,27.19180588725884,52.838211925685336,123.34688432396561,285.658685981308,196.14920524794286,0.12998102014397617,2.41580223865086,46.93901326576431,116.51979940988642,205.43908032914246,88.73453018867826,0.02484114759752061,8.78354580731278,31.356692272915986,47.29073415312812,258.5622504535602,414.3562796503531,0.35942272890055016,7.983693195189986,31.302627437607516,172.79971836303505,74.19235672029104,0.6951637842745799,10.909955257955993,66.12075713978221,168.53467553660334,173.73078332634816,0.36983619522965916,27.360692402955173,33.07330118299354,88.1655758255084,2.207646011019389,32.93715100461087,263.6279109587198,24.81914728261883,1.9582169045543356,44.14202927127877,93.50032716535028,11.157981829908499,180.5190279350041,424.1076576254241,1.3873425652933578,118.5393956667832,54.460779404135614,504.82857118557183,9
0.07187106730989075,1.2380280872242835,14.678007877941551,38.56514639514746,113.21034040496465,46.87174039978444,0.04566031,0.060055679890968605,6.967549285768998,18.270568897319166,48.68408523355863,192.67652177021256,137.3693831227645,0.0697667941546746,3.508828282197474,35.07447081663115,45.81936343437082,191.24440378455716,64.77615612781894,0.543292506928183,5.866905236013724,108.27008150574902,84.52196141674088,92.76765204226055,0.548482016004316,30.906911162461988,56.60140021702742,6.97255874,251.57256432750268,0.44278597189347624,8.254328799407114,10.032205088250223,256.84535381092735,7.704230346765977,2.8118889491127277,180.81257227600224,77.1883233909056,7.842030879486863,19.651331590738316,129.44443949361008,8.237023041598356,159.9585632749094,406.93549800289486,27.632255771428646,84.31907602945262,36.96532154038489,476.5012339529439,4
0.11754536495385796,0.852662203985572,27.732758344479528,19.443514539397068,76.35274279525582,159.50550240711678,99.06011768333863,0.10442442428588548,2.198550797822573,15.806865784682886,41.5519518389758,80.06361449406623,318.49594957,0.15287598676663594,9.232862786912241,2.503475558511788,47.87003236174174,80.01170020511955,120.22399516573881,0.421754341930893,29.509304270687977,65.49051083847918,26.93419155582564,90.93059530596621,0.9563906406813475,23.542066571292857,45.669204054591276,92.43706485235423,70.41537129949779,0.7816618383441976,33.86900275424526,43.52199936574103,132.5300921065949,2.2959417769030024,9.483290590179948,258.8098408067185,16.133239744821562,7.625538965881628,20.57575978034772,113.40507404952032,6.701788403257387,175.60188123027956,347.99076760647307,21.758008982253862,69.98537198449755,47.546160335101376,425.6022627535001,4
0.12115793449213783,6.769099845791532,28.44881254946364,81.37151328831203,116.94309776238343,146.3248871153452,202.85164208521823,0.5852780619831234,1.1594396705068457,7.722242480247214,106.5008901765347,86.9975328398852,299.8110609621025,0.11172098415558479,9.113698832537738,19.24501068961111,48.057527011309624,191.88484878180822,108.59962791416719,0.18771916318743512,1.3449239173791017,55.79496930002427,113.17149192496284,99.45574429632987,1.2213114955943398,19.846574851153626,31.619500722333875,174.20443040037597,133.95950978334113,0.4390857882363992,9.442462230730223,21.468488120118742,63.35919086266225,8.255899958423207,21.803368689880863,287.73770057151546,132.12648223519594,6.4573039171416,41.530431579037476,9.384535016106533,9.432910943720128,198.41029568889076,474.96837576121715,2.063577483118917,82.5817396336625,57.33695869984299,616.4461786724856,5
0.09197395793932334,3.746728757143691,28.695490756430363,66.9027470761353,92.58634198231434,389.1988891950971,429.2728341430027,0.11931960857732159,3.272303735115335,14.830633688412938,130.1555098737828,98.34987962934561,180.32795648650495,0.26448340274809934,5.738831934181236,70.44674429747555,66.21505511531663,159.50079020531476,317.3698489117896,0.4579441358534386,7.74995292549328,23.390052576586704,247.81195566527524,144.71889793060126,1.093839491925794,15.972850480452019,125.22715358575851,102.71547216858855,8.959567052646054,0.946644627451088,29.297474377731767,186.6275949331934,115.2404518625561,2.400061306738543,12.712465243832884,245.77004548084562,220.9553960724952,5.774699966980593,38.823081150178304,54.19640909015289,7.946962865777197,216.31143273016266,330.85808554178374,11.34793080798973,43.19100898710347,69.18126545433458,377.1316882932316,7
0.017101470786974438,0.38597383305027694,9.755677456790956,94.38693768607558,59.86674720283781,169.86327617504833,247.58270099093207,0.09586461905661639,0.08319300549161612,17.0507802408759,36.95684630865514,212.56894416560618,186.20097328090594,0.34604172375570574,3.939094150832207,15.994096574516144,34.30090981662219,113.58845833394254,116.07609353562572,0.03199845893828959,11.985368320514802,66.89764241552044,159.93974094215199,127.65344580771955,0.3242602024922594,18.47297994308692,76.19613335411142,102.73461282934494,182.75320506969504,0.5182977715281859,10.909885919132023,79.61212275453526,156.93482110694472,2.3855400101023823,27.267525286707162,244.88437577329492,93.0549910855053,4.51862662353502,48.071478369647636,40.84101699356991,9.928331458176197,176.58972210116664,528.7641318356721,3.630280844827692,73.67619618020888,44.77065202606426,550.2743119451492,10
0.24492364628195212,1.9532363762670089,28.721504774517253,26.35079791995846,111.99968186996881,194.48623207017513,219.46948277240674,0.00274533,2.067230544533344,7.70673003252983,129.7112999520702,139.91665092017766,4.60701809,0.20663956752802148,6.686151421822961,46.74083749890686,163.22402734066608,75.76596834902095,379.177300835889,0.21492090182645812,10.641040558385786,23.3085958783837,93.012059916458,150.04796381203923,1.4692805644207019,12.282874105472377,73.47555948712028,190.24937617682417,381.6562844591916,1.2696691512988956,32.29123018356797,88.83372916784003,110.08224163235498,2.502542481042392,33.55110239562464,255.5914741750067,7.564276216631981,2.4267830300178472,28.40699285526633,42.425634448022095,7.110623604042056,174.0526129217761,459.17649593463597,11.516510302762269,92.61252479453452,46.71605989644818,525.0394734550964,10
0.08708820165188942,2.580968652178421,25.472746140877142,32.969780816815636,179.51152656785865,490.3186300313498,39.880231765401724,0.17205922351468364,1.163471457476399,31.756328638068332,116.59163135123995,208.77230223675514,202.73076948146274,0.19389160214923953,10.228839629961541,21.604945822372745,157.56367251987436,228.99358448604318,28.08612287148544,0.4267422755141804,9.192184813625504,49.925008877354884,22.02943845908963,115.53351899358617,1.0900152802895646,10.733210046001414,26.59586893905852,252.66875079966857,72.52244625828715,1.882808658825922,34.02341594939257,209.32514243849005,247.40383108217017,2.1006707756289025,27.62063556278723,234.22265985599523,127.86877906236185,2.011587817843207,44.482042041396454,165.90353458478182,9.914713682587443,157.88744729322985,358.86478053698005,16.108712838135077,157.2137007902893,37.324504204769795,631.16060376311,9
0.03528559859148181,0.8281054017169353,36.58575517461122,112.10032570086398,188.35230068204837,301.92521897594395,346.8618673646051,0.07396172457305232,1.218575495709218,47.55369262674283,47.62453834811596,222.57128684327753,22.000634232264765,0.2711691831612079,7.690016454718952,17.631287781546963,136.43740145653555,26.951750219449792,111.57230450165156,0.040092853768242995,1.8091566379426656,98.30106649497098,243.65773322203685,59.7675004337953,0.5149451596162816,8.522803174996932,94.54959271876433,113.74683992639186,200.61930916948802,1.102065441509452,31.707391430094603,122.30881175646304,110.63102820695704,3.8378401374031528,44.131166480193556,238.2791053557317,46.9833030470267,6.233362225099653,49.115070551440475,291.1148972,8.117708491133968,161.55174050057076,397.350456789032,5.151096717626589,128.69288970527884,45.568477281813784,538.0337163729279,10
0.36470479250284554,3.1634662084506937,21.467272918981827,103.34005926135737,124.43434463876744,251.43998461190714,269.9799664398016,0.2073912796701368,4.331069359943772,37.05407458502331,15.33428402783807,207.0655852809335,199.5759894783564,0.1562151746044886,6.8715854604940425,36.357078956025504,118.55556664670038,241.17396924998317,19.564551701557555,0.3279250167776927,17.351647097891917,88.77880623043103,111.64381095083351,143.0420770291368,1.5870566132336053,15.699763757067654,97.20388136344118,212.1717799050199,91.66656403057456,1.5300067069661927,9.072307232106919,60.37947863209245,119.14037155144536,6.918070478351575,38.73747261016847,229.6991223513303,16.91474658428405,4.07397295335662,44.165687775653865,98.20771286845539,11.54523110192381,160.45129482531593,345.08130867654495,8.912090395371187,44.169759196312555,38.0237153596365,396.019416744688,9
0.08173886467734598,1.38893365613234,22.391975490829275,126.79292309119062,92.78763766796456,174.15993475185357,10.22116760358881,0.1284147998125636,1.1811746325805912,33.07285942370318,159.47289205175332,158.3420855365101,130.03595639002117,0.20637237888028506,13.397008920959284,58.57073553514843,94.95505341372109,98.21654743298429,29.157291869390107,0.05774215950769768,14.160232361674328,124.9252536624945,122.14746451568082,62.547164665788216,0.9775749306668529,24.241044234903672,50.872689544502265,218.48253058006307,158.00012225782487,3.3253573002144368,42.74548424656863,230.93008248951543,214.35010046001858,4.689857906276558,22.020049746833507,351.2217546074555,75.34783016849725,5.043332759277014,76.83996321918093,96.11157134602578,0.50956984,221.9003306559539,417.21093154205766,5.672414601712952,132.47549628684334,58.79889747552731,582.6569775143504,3
0.015043482692316208,1.2205049950300046,30.984104484424982,50.36269057871889,173.38267391291333,347.936344777314,61.597976044005804,0.12097313088875572,1.0500600164945089,8.965599175572146,83.4882244359913,58.19576661626863,15.300224915169707,0.08424561468005046,5.19147764443362,11.909647348449049,169.82550232226205,189.50994782891368,18.562430435353175,0.1928977063651876,5.263803771682329,20.17566314459049,111.73937595431647,44.596809604137235,0.27259446931592285,9.300956685539747,94.24161115139866,161.55264490532448,48.60719105142646,1.0285718090630853,9.854194842013541,58.8564975741305,59.343805429122035,0.697075468302096,16.544200617174727,286.7138308456402,125.03101431758311,2.302004498776503,61.73954274883813,127.853935285765,6.724616733730352,168.39951303857643,443.95418505320185,10.11467138875504,24.07398892941109,48.840788743361465,645.1313736229725,8
0.16451983184380825,0.9979056936296822,19.1077331950743,29.96200712035501,152.18454811704876,330.8071173680895,39.292285431048626,0.1472746817383223,1.6009132252605194,53.76114943315494,22.381193150189972,228.69198219601915,133.84870851986645,0.27058020053220544,2.561250607803798,16.907878477545882,128.21859478044104,82.19926967962131,245.89874175771257,0.20369126646883512,3.7910248565016094,11.00009967086136,126.42920046329843,60.006324198806176,0.3069502786257179,3.463733557511521,40.62371310307659,318.7896580757499,94.8517806619886,1.3105166994491515,10.263840320993646,70.37725236029993,68.72997324758815,2.353053008320166,83.08627903789446,347.39784982322396,233.88444258960982,2.3014594191052358,19.120893671575132,195.5061082438693,8.749260457599119,179.58115642728643,611.7096022785847,19.879862903397523,56.559920600706505,58.27802564622384,637.4997196645064,2
0.17898937486874644,5.3591054209522495,5.068498358092345,92.98053745043599,60.650071820605966,233.94580732177238,108.98803101812659,0.007843908529737459,0.6091631944483382,29.809235775777793,22.150459613384257,103.92486922919733,256.6770626289425,0.028901633732611863,2.7949049431803323,55.9830956739763,143.2956158927985,141.15587700055397,8.537450640535084,0.057883217351264435,4.6852952994438155,50.71128149150774,106.14587293582366,58.99061108586194,0.43667232139471096,19.070308403085566,104.39820531079651,213.38262150473525,118.68739860097668,0.19155304628164266,22.574648463586364,75.87753244366299,185.65135589153883,3.0497424739267633,40.012020701936365,236.02251870845743,53.16368985033327,4.112175171951218,9.114486144432073,77.50958583609219,7.827319227704317,132.11228653701363,420.28668397716314,3.530850853341154,61.81059338964924,41.91912401362558,559.5690388490815,7
0.05125930738360647,2.153953184159282,40.42183396903593,53.59123940732689,184.74862282648917,427.8972204565678,314.77072538700827,0.12645323398862138,0.07383968,28.912881080601146,189.1946235685801,23.574610088350134,15.300224915169707,0.22761281430344055,11.731586409175378,19.404549025027773,189.38332545510644,143.28797971425286,210.05109384730434,0.31749626272040044,3.3594635510408524,16.065205446587587,134.86789427198323,189.36154521063145,0.6514512670084266,20.827152320182194,94.68645355552466,203.61855037843787,80.10924816209553,2.5869612080657145,28.331344975420492,22.483742303785803,129.1988631155684,1.4252408862814283,18.4443603429409,283.7693852996464,154.3192727184845,3.0274401711283487,14.828726091855252,152.42613595286886,3.835658772006116,154.62309526961653,579.9060303563721,3.834555890936398,125.47071367458386,39.71910297376856,570.7262040158292,5
0.13792556972377595,3.6285831192895803,18.402389282485178,98.39578163134212,165.06014662659572,333.93916810162006,159.2997887514752,0.2269177489195089,2.5529362898973864,25.297006453027134,60.995237409034274,263.47430229611365,318.49594957,0.07584376060814105,9.661738166893619,71.07354223650349,83.21976111409342,111.57793894188447,21.83880987038816,0.36312447651667057,7.325477483163532,67.08950121670445,48.208422249964485,71.24711805958458,1.1149542344157168,18.580442852528755,70.60905200788724,111.30900546621922,433.73559179855806,0.8699898140901082,15.653426353915886,29.89991730376036,225.95307170887222,4.478120944745635,31.955835546601822,213.13585028461807,176.71222149578668,7.831989071139568,16.385696207314588,148.77902588803335,12.322694502054015,234.51309581129584,368.3831075649691,5.648306715895094,131.466370171586,72.41537630009574,676.7942217467365,4
0.03917763328400534,0.42638555820753726,4.212593632056988,54.69364709467372,68.42768343563792,378.18760054174965,349.51861506634975,0.06888658440800355,1.9160023061097284,14.043934847489048,22.62215431488213,125.94460472164643,127.88809495688349,0.108455874080453,0.26001251,10.815918644928276,111.124132452787,150.0724376178932,27.08224593537699,0.03447014256110205,1.5045239575537999,14.972750514975928,211.61217446532325,5.7025015,0.03262522,6.0088836901612845,9.226544226795227,167.4066587353942,255.29277014267825,0.26428163146798966,9.276780858094105,40.87307326113155,22.948559759620792,3.7517541596223687,52.06182530145129,341.98863438096066,160.4321175369962,1.928485435790456,8.98743103317797,115.92916641424789,8.28171344479216,223.89779557886496,490.24997839905416,3.2728946562709305,4.63996923156914,62.24383227283972,584.9273353368969,1
0.07891594339561295,1.574567192254818,15.912804401733178,25.05288069345174,166.2925237942876,156.00321178709456,241.3291015719637,0.16905684051935682,1.7611111367949406,30.871645107482728,46.74436335419263,202.45885767993042,64.89803821137392,0.3950852926451845,3.5678311417866446,35.90889731170982,95.26540554440517,81.55123431352314,122.24268136301907,0.27107108960671317,7.57396142304874,39.08949550599752,149.8131919854299,64.72505483790508,0.5720595688845039,18.42495708893567,102.2916169250611,230.83207524818948,111.5017064369747,0.8064565111497066,14.540118032024255,47.61832273654953,40.68465716564778,4.603612339100584,37.58313311877559,215.87766372504385,129.35274889792402,4.123753537278687,24.18814906832754,71.50740186392395,6.826183890469554,161.38203500190795,609.889223091803,26.114746048600928,93.84647135849451,28.658645597154155,521.1735201647446,7
0.04161088969875028,1.4452268581122698,36.73394790517248,43.47532067106578,126.27285450770762,88.86548070695383,71.84437252338722,0.10755738661617106,1.949220738922496,28.804377212588875,78.25006515104738,247.22810172672402,135.9475023800759,0.3126086424891789,3.517593610496906,17.652262677289432,138.98776365838341,130.64969630980488,86.35696048681098,0.2491244436710381,14.116288365773208,43.72304658427952,123.31653288097246,130.03101477841304,1.4241851502189815,11.48358454206787,108.51259413256065,170.99527937828458,98.79991052037373,0.5890808779595347,10.895148169774373,37.499115008658606,231.72779784318584,4.488681057054929,38.95231212974861,207.89863226565467,118.16830861861345,1.3789269713879977,24.098299572103947,197.0697734461259,3.908120531039218,192.2064537175741,436.6986465040528,4.279007459802273,93.20293590681683,43.18240975936205,431.2797233280145,2
0.18316966900442153,0.5356417585989929,2.652500791751655,105.05795099835365,157.20873797549427,342.6517810901539,78.9350166201651,0.037175309038928475,5.199161185370705,55.67025779327132,16.0040585575283,228.9840046271991,31.78583841891801,0.22194222551875753,6.042109925329434,59.60867752112044,34.730032215120644,145.90443856258457,187.74449228783166,0.5759559472209645,9.984053177822338,38.04606873813556,93.30346220634644,46.85546918081277,0.4596442455785074,22.150231952259283,91.60898921447867,170.04647781633383,45.68640705873575,1.2453142732910476,6.11439216102292,56.894072903747,75.58294829767937,2.0493909183054333,48.26576302645771,280.27872711614293,18.0806631448055,0.7384732535513674,61.43394624545662,69.04528529821239,7.452981812409327,157.76099624083417,404.5165407741845,5.794311997297538,205.15233135964505,51.60731670283985,522.9360126884113,10
0.051287215217155305,0.9371894704472515,21.901595367245296,111.40149695023447,136.02403064785773,144.64909648343797,144.8626715418166,0.06873976935932141,1.6809047286527183,31.862525942482122,39.48813652930112,46.4770750037972,283.52281857029107,0.44723385393657,8.928627953551846,21.85945599816146,130.24774186314522,128.1002366033526,393.480381349723,0.1974496025356299,4.718841156927539,18.2959095194642,39.77386043585369,211.23590093423283,1.106103253479732,9.428832764274066,81.49811370643532,208.1137968952781,117.61743717115402,1.2237939449452464,9.8789311091833,42.714483892781246,145.2031751681018,1.8830979118749545,46.80116165515595,324.05850271747573,223.4640795281295,4.034519706882764,10.241188684018624,33.66771078467557,7.951070476654207,241.43170998705236,436.7253391983422,4.270148298316228,12.899954055199185,47.50383675681569,457.66542800547984,4
0.022113035270145548,2.5487199889790335,33.170485635070904,27.42004549279185,135.09616206553588,269.16566124348356,158.42396316010155,0.2601153792820397,0.9935858205204304,31.85932555597844,63.609547901052096,153.85423558800196,156.5964338388169,0.330568059901436,10.036505601188976,25.0776587595754,20.85876229343261,306.60694525136284,46.92503502296376,0.16903841227131752,2.476842325203886,13.869541784356041,40.04334209250853,19.484315085683356,1.2338161775921197,10.751236232591705,103.6351605381063,135.00416590633608,113.53334756837121,0.41533827220030695,11.793027629824353,81.0048334426014,91.3510921377335,2.4410904780887277,17.51373148256749,299.59146124220393,158.1377078713276,5.292073316357328,23.297761916692764,109.93366803026694,6.126252601055111,153.84661649037935,463.27699480386065,13.404787533685147,75.90831928019763,44.85783663330473,469.4199936515722,2
0.03377425902982808,1.711819363355163,41.0542112318232,146.7420126863179,123.64849220508302,262.644404679949,401.12414824541867,0.02510089703254164,1.8788539483908608,13.335470218394043,41.99313848806027,139.82511046384315,182.2480253202591,0.22571483216654079,3.8656821894906894,25.41249002018886,126.48259529211956,111.82345481260657,267.7168786264839,0.08810495060542203,3.952530239785847,36.16855917555323,224.47609385835977,72.00295582182369,1.246640494399254,22.820552024302035,77.74235101254393,181.83149138170472,123.26359827173216,2.412485965219169,6.143579394613235,137.72456298033006,127.32460026015531,2.3658413588437908,38.2032159328245,272.96312286857943,126.84964113477703,1.250403474284091,16.764119352462792,144.7411490058896,2.8373267289071205,179.9255111336148,350.9955984148318,15.279410983736382,80.61652733780949,43.295852031064356,506.1881343599423,6
0.04339880391702055,2.0020113010264566,8.352825562705897,83.94827221037,197.25301083442102,316.69443657051545,224.11922552470008,0.06730156824675786,5.854104525792657,32.20520716210369,93.50922781656719,137.60245025158952,304.7117138439437,0.42669156177665685,2.3217731177630796,74.21667790992748,233.5646144344185,28.460930775651754,53.37689955494561,0.6540023361091605,2.553185257355995,56.850736806470096,119.1303470232976,12.021275990648178,0.4321302171185827,10.280567351703485,24.372796029230337,312.95750365589237,69.32480935577362,0.27033226882838324,10.29543568049089,119.10020523024022,35.46000288895937,3.7528315476784098,29.580481850515163,161.860283069168,57.85733550743628,2.713575511087682,23.75110432505992,105.73700815960572,5.658008897992493,203.49506860979886,404.7328291206336,7.566563321513419,51.60639695005128,29.28226606874459,382.21290527817104,9
0.028801184117064352,1.5915527573628359,32.76940335334876,82.57317077070061,28.658444768916418,107.80891866670066,335.5551211455937,0.15280547391155436,4.933615826550656,31.690658860120205,63.299303895007185,142.88973095974163,100.5612992980623,0.08995626405004109,3.0286410005788627,44.13074019410844,143.63471765107576,83.70197407668923,51.49487955254735,0.3764965431191569,15.85156260547543,29.182759657780863,237.11050943820246,130.4883469143473,1.412665160746122,11.936880575206455,101.5667524512986,271.52465981998404,76.10850277424834,2.332212952944705,28.1933401239627,45.51731899869998,86.32267631286015,2.5607220794992345,21.805313882585665,388.61077687245563,140.72880606510785,3.887596028371275,35.955881310635284,136.9027394795136,9.542672752467123,238.77630082247344,396.8220180558332,4.610169479526913,103.04299169093055,60.51041804897646,422.56738493288617,10
0.08974118809613968,5.103617690601233,18.896251703157112,35.44087216063769,93.83372977242351,302.81224833910164,58.77957313626232,0.10644247606821763,1.897491793559976,6.484338551638429,114.86993155772782,154.64013455504934,111.07276259900297,0.2315698793697564,10.165791577129067,7.060429176684213,58.633931268256234,121.04259377685553,173.36902899490318,0.3589038018501757,4.427446313811878,80.02440555086474,4.10667755,47.53314868697271,0.5710764218979196,25.847797206056775,60.97860552248053,66.91676236119942,218.40270229677878,0.9678499832380502,13.076587114113128,47.371509553473814,168.0311647882446,4.151428337875734,51.77043179641031,301.2331912171556,214.98505105429464,5.034525355073736,43.09141335633267,149.75444223665593,13.603885342641908,179.58843144086185,303.68015851655025,9.108697778721128,87.36309054823832,61.65571428566675,442.00823429507466,5
0.025785598750560364,5.2079104305790125,10.586714537854277,40.79986101305079,211.1419798824731,512.9202237734552,235.38895703959983,0.16183692261596686,1.5964805557385613,23.350114146087353,26.68221663112001,207.5434205106673,233.5098735727958,0.07599969127499286,2.981184039531322,44.914462634001964,65.80962155951488,79.56658368306411,509.3608721477683,0.03355688923151219,27.809065536700523,52.62305245019866,51.0655552523804,14.353294991247488,0.15057306896328423,6.444532452501831,88.93060680583065,133.1613495590038,144.59832044629047,1.134719651247131,36.82104186430352,72.5281136359032,44.38119601813172,2.742403847132897,14.22408543825291,171.2852266632476,147.01880370161797,0.45800971758193953,40.30324476436283,56.564659683655506,14.967047673378737,142.72709553458057,467.01966896611304,6.6789617044878495,24.513055216366755,41.565167003340584,398.9238110556182,9
0.0849078754335926,1.0324000882374464,31.260754280510024,164.12857211364667,185.8588471252168,176.81434232149465,83.37006804313086,0.09391095984093989,1.914107788388861,31.01184570492194,158.50399892751213,159.58943253257735,91.21512288710596,0.3549795592975785,10.697688940794139,53.32089325905896,36.75790834374072,317.0663166775573,45.5749612009619,0.7658693243246366,11.047199868810269,61.26246729631403,147.05696336555798,86.87341740364013,1.1486522594028812,24.813480699916585,99.26160410257927,293.64742174676263,74.48259713778424,1.1064466715387633,12.748982505319562,141.89151865555664,68.70596721358739,3.8780857437602383,13.873919341193998,303.7519154376848,82.71270336334888,7.310522300348417,119.67373873056027,102.67520651949286,3.131450328956074,161.99320754571195,304.0487790709113,10.04533793989497,150.01333130884666,43.52304074146733,462.19939434869815,5
0.10457606515332266,1.425427784267515,15.243374734578685,45.88531356137241,116.47638426663043,137.47388212799459,34.33949850081451,0.11167265742231375,5.336509258894286,2.4203444772142513,57.48902313280722,31.664143117477785,144.38614206136106,0.08484279147071216,5.277431446378528,30.39547075202854,43.53863876203491,156.77655739968588,90.89943350712768,0.42266750747934406,14.869275739914302,26.656994879381624,27.28156270434749,234.28110704278694,1.1025465229169586,14.237972491315862,65.36428335455689,219.33239176773415,370.9747986915221,0.6706217236694628,18.517052202054728,30.32169720722902,68.15661157162057,1.701480808533187,22.734309479418435,275.5002286407496,174.55253660588153,5.535197177426516,17.83089895577028,42.2315409545808,5.924424619580325,216.14656693835013,392.66729581533207,2.025710842676779,44.47995803422233,54.038265974901854,563.4424089827838,1
0.04552856722462957,1.3314309423344386,9.700174117276394,51.9082184621973,200.98759887892567,252.46507246161846,92.83566938184323,0.25282110431835014,1.7591738560056882,23.576103999418535,43.08540067039611,185.12574159363945,143.07047875843784,0.11505595477099537,6.116296090170337,32.12719161922702,82.41753980534364,115.71430062210382,101.20022019620595,0.2010572036690873,0.14045953,47.38492324671527,265.71109892082177,45.942425773096424,0.2004776594305549,10.10799388343532,114.77200420166402,196.46396690295666,134.45254701063615,0.1418227259122395,22.854505579739307,97.38861846678435,31.93758551827348,5.073369655533568,22.073376827543193,263.32612947882825,221.2867514336497,4.835606110856517,53.02066416090135,110.86883269302342,11.660026121336438,169.13105652508423,461.06282193503216,11.33785673893354,2.443082596845329,34.01459183739756,547.423872756956,3
0.28376123336499975,1.0610030672332744,24.041050674124968,83.97756178189994,37.49426374255836,189.0821935423395,226.06411264819053,0.10473520809500866,7.0175562943712615,34.58741377012397,208.56136336874323,212.7208154479364,318.09575398424323,0.25252559997006857,7.963850977823867,58.05820272260883,137.28155211184054,81.0127999730826,58.72159766041141,0.36258764351166783,19.622242542704235,74.03189287537866,108.12175690171739,224.58591688418622,1.2889735106305125,9.487389580383145,125.27422046042705,323.8692108815103,125.56341748887125,0.8073694311232047,60.01802102,134.9047192733053,269.76723460239737,6.982157104312849,33.19891109561692,377.71864403426576,56.107967076975385,12.06688707,52.473089634827986,138.6421735424088,7.712826976054222,174.59749290434513,312.06073110481304,6.133210863949201,207.0052475311873,48.008307246798914,382.25417534404954,10
0.08088589311738033,3.019595986763436,23.912388231028263,12.021744603533982,184.91209581326785,367.91643031794484,147.82305852856513,0.33145585611613454,5.239966292802292,24.58004621726194,54.340805823492474,188.73872002375558,4.60701809,0.37334017134764025,8.326643963046564,28.444096806789005,136.63790302301834,202.0232868523388,67.30271187737135,0.4290805917019012,16.757503717984697,32.580930575121805,82.36633690860899,75.90389025054691,0.8946081006949064,15.17144326726032,96.97339395163597,264.8133150209336,80.11086084265294,2.1661023624143407,20.498373314294234,87.23834268137439,106.4982511699324,2.3413212100531813,44.13770364254583,337.9411872781916,156.41754884474523,3.092625164423978,43.53512798502552,15.372162624385876,5.375360287781618,241.62860852079757,330.688984421736,14.475878716793641,97.74687090974174,76.49616804138401,455.6539052724111,3
0.09109005005890419,2.0294774252920575,21.08333536491452,73.27452242512386,117.45404126077158,102.09505133134101,361.58228746997526,0.02919497373818925,2.2729165906519384,31.551321643173573,123.71113135867307,68.90843575624615,130.3493043975347,0.366858742284746,6.098631656493094,34.283043448078836,55.87113818679939,101.50450858931232,112.21395226517097,0.20295168689614648,15.959362629257907,65.29721416732573,137.42576213350944,179.03393523073404,1.1655927010914555,13.000015342037333,70.26612147901653,271.9200218057808,0.06494351,3.3961707336654987,20.16251259383501,107.87958852585135,64.74512069390181,1.9884965859070964,32.760967149865756,210.23679770459304,177.52012333335034,3.743868539741616,44.171322936320415,114.3140784658003,20.340200243343208,154.14443076662621,449.3250134911221,9.849589808992429,124.79705417344606,40.500730196564504,467.6615954537411,4
0.034496919781318636,1.1527667372033825,37.161640967439396,71.96023322265178,169.51993413402707,469.4557677962306,17.771400714154503,0.09612974754950851,1.2608274222546438,4.65874055006466,17.057742636076462,44.05718963245892,273.09953416788716,0.1931896004736027,4.420163478738193,6.720410560426421,85.33854791754908,99.75870153665053,416.337758275436,0.9363246977730021,2.761280593162189,20.98543127957947,78.68548911491945,64.40894755997697,1.0765006945294924,21.1653527193054,163.49760866345355,109.18434301742705,273.83997027697933,0.6177978645445087,11.380581827942038,31.274524730511892,90.92115953911112,2.0512257757788297,37.86035515834909,210.20431216911368,18.33854857662925,1.6209120019265228,20.072677414186984,205.22436936927005,8.522704381480434,174.667018445142,373.4249880870542,3.9935369751214136,133.7633690351689,54.66385069323001,520.3227853525844,4
0.17239311685436567,2.3842739338413814,30.000946978407903,75.55526323889104,131.96722028455895,186.50215448919928,169.47621090304372,0.08132432814574148,0.7338498482068556,4.583556857347846,79.33438982365755,47.26583613397542,110.69118853826845,0.40261701520019827,10.75146844346453,69.77992558306532,151.01996930253026,158.0119249666549,123.00477122710869,0.1180181018549337,4.124069463089202,70.88202431046207,35.13056929969995,188.91950654786552,0.5059569505158723,8.09636859773946,7.6103967707862274,203.21310255511682,125.80801596573282,0.35104729644677624,25.172951463893646,55.471586686105894,115.21568324774952,5.479428181836879,12.710326934962032,258.39118897557086,18.948323097942676,2.243368803660132,17.33128233147918,36.06091798883789,7.236222404999043,223.52512358008948,421.5993961549014,3.7260966712861423,96.1824567685768,66.50283164870447,526.542259710561,1
0.08426795065115228,1.719333741251429,8.995251627759576,59.67800112226068,149.49074882965448,103.91643404492868,199.12267148231436,0.05118696727711028,1.958586194475544,77.94284515610656,116.07370510412323,187.96272445331653,72.20646555099927,0.33131993576295365,5.962748346001325,22.43637915275974,125.49101219472685,199.8707294145802,430.5438898352417,0.382148205307899,13.855473789731857,110.23767181254043,75.1683626339935,109.7630057606752,1.6169750125098483,15.259889831945832,100.89768287772802,173.8736412461639,101.80789928404478,1.0154653760843027,9.744907477102565,53.43637482427087,76.57606554749485,3.1638726071600924,31.927291336006398,254.38472687214934,108.66251875145117,2.0136803861543373,32.054340078039445,197.64425811603596,7.430789896735749,208.33088624003213,385.0447562494948,6.409645675354545,98.8897808046042,42.39120971539519,550.155899750562,10
0.03734270420921712,0.6901871779135592,9.133945858020766,85.81994889056602,130.62838049569322,254.73616712033134,104.60491577015519,0.047347668416428346,4.692657780902032,14.764628724901115,21.541178681501783,71.69517353965534,177.0052391235257,0.16690194882126103,1.2095279978983333,14.370769134807958,105.90940833274854,138.61213714484518,23.444660671485565,0.39650297097149173,3.6829168276049895,26.119532323898373,96.15273363861365,102.86109084881045,0.47679635997671843,10.764229461465764,80.21377166871241,246.3964997659075,11.022043189987993,0.7962802776082089,12.893326209872184,5.661821894739152,12.804143413122116,1.8625901194919805,34.9049698474312,342.3744141327641,27.560602089357637,0.6036842826282762,18.177083623478538,125.78728735489193,10.475435301879438,160.38375931271054,454.03596244238184,0.6876880774378953,124.79570369770674,58.49970744652937,511.568965424232,1
0.07059725134654,1.4159535319564065,26.95101299135574,59.8253077112207,6.51364535,381.06181255913,86.16289361084395,0.06307260049622271,1.701236463468222,13.849297135928023,58.872519133416745,81.50601922620994,302.60627538053484,0.35506177347262674,10.51282704346745,59.623105850978874,141.05605637746754,155.41905564281575,33.550266118562185,0.05135174933586889,18.323066844795868,70.18351276154809,126.62034306216407,78.6563290411424,0.3141985263437996,10.094094066501967,80.85841315475676,305.87805424832555,134.70637109331233,0.06809705255391202,51.06160879580369,2.07886167,300.78248687,5.500451101521923,14.731721565922841,365.6513518312895,122.65507162157317,9.503241062047099,43.255421682142185,172.74880373805084,4.2282033482079395,220.2502677749164,195.85954919331425,6.005591593022467,189.7914380616495,64.99840806140006,545.043755000948,4
0.24840261697801386,0.4019654172978417,6.948991550050229,57.249577213301706,137.66025158843644,95.67369768519447,2.499566713022631,0.09556582874090691,4.482701965589332,36.6612993740195,116.38465671904775,97.7389656080231,220.3911894686888,0.18737072735945237,5.6007870485487885,30.615749016508317,73.9912576369226,196.63743113407898,61.16695735962753,0.2939929754481436,18.01411118424389,15.389374256013468,91.15281629790739,212.56188576086436,1.9396685258004531,6.868133687938356,93.8153663857696,215.19232776754663,147.83426447102124,0.42519703101468387,31.088656495095474,71.40254881386096,43.05786918678435,3.889539242317516,67.65036848760798,359.65049648222487,124.07306428748154,4.113836987048331,55.86214312887144,86.53211940159093,6.154925967487773,216.5865035686985,325.30522062795455,13.310171351663913,99.80267708296188,67.36322756512376,671.8987013054021,6
0.07833929756889424,1.8059155321992297,17.977384053623524,76.2887278816078,48.2615448634902,327.7375088333366,30.450887265924447,0.05161448424553317,3.9366294585613466,32.25507520875463,43.9421850316619,107.44623569894665,65.53325307290831,0.34202157778110526,5.505522572880583,14.075023973904646,59.39719693295264,165.8320516406373,118.62512340430547,0.4050077344518559,12.067525120311764,32.37930483634403,32.82444608818247,104.5384352939553,0.33761433903084653,6.930848703522835,96.24221116771105,236.55056370769623,253.30870067932102,1.4812396666914887,9.953612977569778,51.48995088861871,112.58242978225793,3.505479577347576,29.654238510085,266.3219110876592,55.102106879889995,1.7103608356965818,75.0751846174602,212.5588473914983,5.512092694227164,209.83197586198855,280.3429013511501,4.280360207892282,97.00295518494514,53.899754134992236,455.5979351254022,3
0.07831738853789208,1.3129146747669351,27.296357477786632,65.98307544550276,103.77394538323121,59.961145996697674,184.20152756558343,0.11448840763394713,11.555165179953818,46.47262015329612,112.98140424895836,120.51066321901436,318.49594957,0.3418977166505917,5.508548611997235,69.8565868774222,45.62710623512099,116.52245222369362,150.29490651381792,0.3740439654483667,12.741449690618449,117.39696775156256,84.70157263954357,200.0580294911149,1.0232236304553026,17.75230343728116,159.88657692994363,209.5978710730968,169.97166421856147,0.30124823714759574,27.96092242748955,86.24310731845323,216.44327002849985,4.269919684431022,30.035376769188858,330.4984607733914,30.438668640531553,8.115842072861023,53.37622139458725,181.8093590545989,6.272658341760609,231.6603608645951,356.9451500157855,16.61247029855022,99.4629564702635,67.37340817918549,452.54783732041494,4
0.058194735448476614,1.0458282639107597,13.45809892324031,35.251410385566565,95.57431269736274,331.8973576393521,13.940303973738967,0.04972372618596134,2.123522743887229,55.33905235846136,85.23859224015746,245.97942793024404,128.12856094283927,0.030392233426023894,6.044456865792288,11.602154594705512,9.523648097130895,289.4689051774829,111.47261274885653,0.41712259014794756,6.250570015419996,24.41857325563835,60.43161301000254,214.4499817938001,0.568540565173024,9.94960609791768,122.65582921265084,90.5189751293012,32.60026663327753,1.2657547503579878,42.69924153979819,50.837965868789915,154.49377347234443,2.385319198160824,12.909716228521592,303.58290794356753,42.79861274814935,1.5799732934677089,22.334526414598223,128.07080431368627,5.060379321805599,165.63507546005147,426.4508723003136,5.319613623288405,76.9469955605079,51.470985996688476,574.2816044183821,7
0.15647125615973306,1.3069926480583485,29.309776414321476,46.86896906717787,31.258146745208077,202.87794096003026,141.73271105391063,0.16148469695297554,5.151279313013136,28.4849986596433,82.9592533763952,218.07752770264983,222.02784187025412,0.26472091291172406,3.6887037143493844,67.45395713012772,72.5801391062962,100.30190123079345,22.16931182309113,0.19108712331019753,9.866653199236358,119.56143185867933,122.07738996703479,79.42406749563801,1.0563367705321687,20.885379113419276,27.086209006159006,212.08734706432574,353.41224743324625,1.8084911219136082,22.679706635182175,44.28643165726018,148.6782416933781,3.2386153808165004,25.62524050525308,282.35169735092586,302.6832617125573,8.314924294573308,30.525904645380372,217.82965044450756,7.172527844830784,228.7082549414048,403.1729467873744,1.6016438965230084,93.52055091975728,31.977793619796337,460.01087019043166,5
0.10931450655313796,2.85221343390811,28.133567416367555,6.570908162077764,172.36097116232224,348.4383486877823,163.96918140175976,0.1274979174354472,1.167254904599395,25.603500121477907,35.905314551493035,56.245476143364655,4.60701809,0.36466584616843944,6.799099683312365,56.66369174125606,49.30254805369246,281.7545753755705,91.03385026502235,0.5606598896620696,4.534021581411149,3.449326319249714,36.79376214702098,47.149869707803006,1.2035213732436567,17.36178224284549,56.78962868566959,195.27168154337875,361.7030712556906,2.435236162658781,12.34786834538534,24.191042143911766,71.16998749912585,2.872989625550967,59.197370900507785,220.9592157229114,201.60831862122518,2.120927168222871,52.75901974550807,73.68324794254463,5.9721004782018925,166.95700516420902,388.47035949308236,8.473900413034512,31.935908798871147,61.40111267342131,461.45486605530346,10
0.10091253379463781,2.599576503263038,47.210038464138385,55.75751094493714,141.0138653643424,2.49743073,450.04935126373886,0.13735048252809695,4.020760847947767,51.54150322042461,145.2443462850636,217.14432385238345,318.49594957,0.32978796852422126,7.311443238553439,29.070445475130892,181.19230722930095,4.6924618,59.401983696480166,0.016388054848458802,0.14045953,118.40778565906325,293.3691269862489,23.64076269226265,0.9923988679337306,18.071499905862257,24.639778251833366,187.26284966545458,79.08233100053802,0.03191206,46.61801527233683,35.13613015025353,300.78248687,8.519361809640053,56.08893452726698,347.22290973335294,166.8656451721285,0.07326991,0.71013604,83.06222966446268,5.089078989535,221.02028323909636,346.32781784158533,0.36292568,86.85355605179429,38.43847707723472,375.4502919151467,1
0.09279304453369158,0.9498303243846141,15.475559850282558,112.93047006033748,189.3195076308735,295.56000527913784,281.45269042770553,0.2295041614388217,4.407780228673413,13.8406390191541,79.51917556597036,179.00677756852707,249.88863261359813,0.29466984371354665,3.234250390944012,76.40733706866469,217.86223573990486,155.2769796069812,178.67046365952845,0.21488607840210253,11.545539463162607,62.14309734778929,51.59442781948451,174.0797096319762,0.9457375439862711,20.18745808162465,52.42893002517424,119.03262718332535,110.57177814054603,0.5188296615253951,35.78094255737549,19.102848758684633,152.7505570041278,4.148613984540322,35.05391606829263,232.80688018532868,16.874337962102302,2.350692214042217,25.459663798760026,37.47613164102372,6.529547620499715,201.4860791305367,327.6458340392791,8.273526228043863,63.70277884523286,43.52485253480812,528.1430512501968,1
0.045042435154947415,3.228206882957717,6.459013892887044,46.67101816980214,64.70911445329814,269.14979441638303,59.16629309681529,0.15688737194276445,0.4474446969875705,29.479714009071202,96.29260832111927,231.52435986725993,318.49594957,0.07540681467612972,2.794006203466797,29.21693787094194,27.531239733862275,58.46185966016341,84.72781407907311,0.0673302199540502,5.667805330170947,44.543232361517234,83.31748902388244,159.9964916679744,0.5747527608214917,15.243730731809155,92.21598762462519,258.5591995837038,105.98624166892355,0.18427436073984022,19.700034851166098,84.08810566380987,123.3351664698391,6.449055820388542,54.16894328587124,334.038915844282,196.0766196764999,4.538025084193515,120.09935811938468,83.5688569953356,13.809624266738005,152.96732338930929,402.10220293649655,10.010416214787853,33.192178960962146,46.02883754173985,574.3183748153707,4
0.04522381011781122,7.2695033252911205,15.33015637616509,22.523754729966676,156.98040556195113,296.82466111530306,59.15529334399917,0.09798194637313404,4.061287293793622,4.232081983076986,101.84369686108829,139.9299146026459,318.49594957,0.1558261539796363,10.081643260069029,9.674725929351366,34.76901840590604,286.70190690504467,121.95370895812916,0.46748902882600774,6.186461438020254,100.37331708290223,109.09882248714437,161.80626145246683,1.0469060494414113,11.643260866866118,31.585845822130366,69.92193819047621,336.65868194973393,1.1048425240311308,10.187235763981665,160.9151502284447,121.1119996692893,1.0487432233517504,17.85908239118892,200.92703340829684,148.7167736065687,4.399671675527644,21.340487786191613,261.2857050212027,15.735517184143616,161.92980024025024,580.9295456907538,7.615493850430904,178.69865144008924,62.47162509935462,557.7109826180882,1
0.17509819791406428,0.8141357333011627,31.927801376507013,61.83579931424845,114.6296910888798,168.4075827719082,72.9888008497072,0.13710725005384594,2.6311897365543895,44.17231805976087,76.40212159351816,172.3725490202217,318.49594957,0.2858351021433552,2.980249924027147,18.467198971901354,90.7227018788071,215.44173157555235,144.27035473381537,0.43797441438954526,7.819031430215658,94.68155796102064,110.56119491262669,62.53471999893435,0.8015618569563915,7.851984396482089,11.455968581967866,24.989976232248267,148.66376968390009,0.7095148838318264,10.53251663937827,126.92885640177366,96.18808879584296,5.457146133548971,31.26121165979838,223.5104625685742,294.8471419230425,8.846048763234647,20.44121773424514,116.24887835108422,20.364805277180174,233.02278068814167,370.7526044146169,17.848563183976182,73.10907655419308,67.13249855348388,485.223922459421,4
0.04414140225799592,2.3796578186317277,29.03130312323757,75.22710618640848,171.38607343456317,139.60409997929128,272.1656921940494,0.17293147559860184,1.6967927418484954,11.858017625085479,160.7368026155613,170.99568224256805,95.17696102099838,0.19914983654983812,6.282590699875818,56.04330854016101,137.14296802779316,69.88200745830393,166.55677572523325,0.13229807718136502,1.6286238085301754,41.46355201356457,137.11616443715607,140.00372386355141,1.1556223444782954,8.457640891061416,112.40716015200255,225.945193261113,186.24015922747472,0.6755157707347306,14.053011085938403,51.401733700074196,80.45064639607988,4.048467193740572,23.817766358120963,292.9382502811368,146.8061517289198,2.833930259402776,35.135703180229264,52.944387075115,6.522310482753542,225.7823080116264,478.2506846906397,6.549329215742061,16.123579891298778,46.79286453357337,546.3149242448407,3
0.01021727829404092,2.2471813539872167,2.182855867277775,96.80118536461933,150.1222615916181,293.34640926883293,76.16303444459979,0.004131315808789102,0.9359614280616719,88.91242953,66.26038295953474,143.7405401801789,295.6130729546418,0.13639642961699888,4.526763598390433,9.73242970561242,55.932067519584855,60.78794694519186,107.21633217957239,0.08499120187938095,8.003131756615813,44.21505430685988,66.83592772707043,72.61310878638523,0.8327848128641013,2.1252547834174695,93.42472615185935,200.41811982851246,124.9578220382594,0.03191206,13.111808341543101,190.17883307441903,62.98720073672566,3.11409518808685,22.56581654666465,344.209133601819,105.65321551811437,2.3389090958516237,13.110372036623227,104.4223376253079,10.284869703437765,159.43946527648805,446.8971859920015,15.579309902541592,55.99072039800481,52.66841522632569,625.0501782256496,3
0.026471785881068993,2.028564734590137,17.22421907626518,41.71838704345214,153.8822003999462,172.92261732165548,281.32989250787705,0.028546575731695705,1.5348008800892217,3.899015993764591,45.10900479350871,29.882855083055077,4.60701809,0.04967702678200267,4.259082941005888,26.874802014284327,210.83743148402237,321.4644826531804,113.0859635509446,0.136467743262746,2.1932342889084464,30.96165592582813,55.10026615272961,62.0824024335925,1.6409872359789173,24.10774864588725,92.40180187971147,169.43837480180838,182.63431321763792,0.6000884314798801,18.53023182340348,197.23182202467973,34.761004396252154,0.7738746514723902,85.69054680441474,228.21484540655658,67.54488276851976,2.173658256611631,22.578767113608237,63.45950054599196,13.993842455957308,173.24325084268048,393.53157222604386,4.360679418655079,50.79467953376219,42.77703008288213,560.2119398109019,10
0.04677480923058916,0.7234178550098835,31.53185802380516,2.24086506,68.23040701625908,193.09605449455313,267.32670982633266,0.09407476220601466,3.6431326284876313,53.25034885493466,123.90442987613416,134.4290384733444,34.06248962114549,0.10624572958022004,3.7632837557567136,23.096461011992684,85.32926038668458,217.27191980871282,91.84166005538646,0.4733899716595565,8.430603721682061,7.574848943620177,242.85531511995842,170.54036370456893,0.8134338852302783,3.205072267777907,101.29297091568615,319.26716925873717,32.95672322429552,2.164448462800743,28.073599071595254,44.93671070444526,53.56242404111627,0.9885443588083695,44.54481035687437,243.91560551585403,219.66126135471575,3.494925336221131,81.65639772440832,29.40115371324284,9.792321184458421,206.56129076903116,579.1776247533637,3.910255919256947,18.588228775735274,49.55139301188569,528.2552925054384,6
0.13925242390081163,1.7693975988899027,26.798929232240795,101.2184453708544,123.85172919529225,388.4723422310798,226.13696993575218,0.09029659286850047,0.8698982141348561,13.177511969939257,55.32534414427844,142.324366330051,151.91365609109823,0.10571237500303088,9.30859180000299,63.991747122298406,141.6091292252093,86.61351026484759,148.77232722611757,0.12264709005231147,6.727934991255405,49.61083657419891,45.30415885743965,52.66803920265039,1.1146143644996465,12.172943860287088,167.58524281578676,124.74266074279042,136.33582074066587,0.698408166348021,31.42719113769448,84.09998046847633,186.50584164804198,4.131721380748182,24.73383749958054,298.1991455211493,190.7640184692286,2.6368118385927266,67.38717414557385,160.73560825334997,19.512854632679204,205.97765908268318,461.13446583473706,4.347933377346315,18.267271056238833,56.89462860480387,491.6944549786132,7
0.08354503434160826,2.2123280543021093,19.78252765977559,52.61442652371445,65.14949796471898,143.3239032735324,137.4542685421864,0.15345157683727978,3.9708028750330895,28.35489714054442,158.32425152282985,104.99941546619107,231.21134774794632,0.10294387895802087,7.232368084263242,44.31914153503474,168.01418799699695,117.6916579392574,141.72946636316738,0.2745936218255639,2.934391549732191,83.89284545926336,197.3356744391004,41.27918418790734,1.3665199248469837,8.715250067006934,110.76530701053049,195.29353887452748,8.679998362960344,0.30470215695743874,29.395925017219913,56.11873200695624,249.50380788936442,1.8139342261218367,38.91101868912411,287.94458908544306,50.64455812508727,2.2747020196415724,48.0586896165419,63.43363156531642,4.31950091497928,167.17165424029156,388.442627541952,5.981266278553271,144.7481207855505,44.295211746768416,508.8493074986148,7
0.08361284794272088,2.102896018983278,21.869472241425527,100.07227171862682,121.9638007864152,98.0436789533977,56.183072520148585,0.10465884449342572,1.7441575414085162,12.17359969979411,138.93522146531348,218.4451475316044,151.33861895510256,0.3131156190774663,9.55961600258281,45.88409413812757,85.9290677441046,108.01186381177718,475.23762293281476,0.33262445224922543,8.708044819609214,29.521286769436745,137.86439524735596,164.93191506465865,1.2202590080096556,27.698179029462523,104.96307401120367,187.77123086171656,82.27682845694017,2.258855586460739,33.96872315422704,64.1420356473626,135.21900671715278,4.511816372854793,25.20368031936336,253.11855831280556,110.17737000510681,1.8916847520127966,27.234301466897932,109.93603105453703,12.271419996774647,211.48135527993213,476.3907116245303,3.6342983465098984,121.486675196027,45.734642490244056,465.4639229510866,8
0.12049154354764077,1.4422864016006725,17.81643418769476,104.18231980238683,69.4482371139769,280.30309176448253,73.29483917088034,0.2230618339746619,2.5063482190743973,69.2931295015561,102.53407916469016,69.24381897881062,308.4308244520192,0.17892847302877582,10.088228718820751,64.11031745202801,139.1322887500649,178.45667329462435,144.55046474709314,0.3390653387528114,20.445634098822357,104.02439896504083,30.50293373014734,116.75638373687627,1.3629110837702516,19.174814919252604,173.59109662204787,341.4543138179663,135.6330277868231,0.250022392030953,12.340786864710168,51.47353736083522,156.15805413937449,4.624443937284537,23.477759230360462,327.0370206570154,20.948660926195345,9.240970475656376,17.59944562601799,60.79328693966294,6.130041510580751,223.53362124461606,366.4867503797092,7.51426501163932,33.26421353175515,68.09728332799425,458.3517442216841,1
0.02438951426883749,0.5710169956124691,31.65529087290154,92.92534431505973,98.43126575912686,331.45050974921884,139.30108935029878,0.06983139540681721,3.7986062373005645,16.035789782220625,106.59767148119403,186.90767627370465,4.60701809,0.09793700362231499,8.58764936282523,13.888153165658352,53.32186049290275,262.36652058326956,126.30806265537743,0.2739827163863717,13.022419204638798,53.257312235565564,82.2929774467246,38.561687951883215,1.7305189334323596,8.281292398023524,57.73048070879398,297.09717594052506,32.68991662075908,2.1925830723317934,16.757346085440652,71.49451092824799,61.67256489713627,2.0157167022696303,25.33709112215252,316.46390409003874,112.15202334454216,9.270053193747506,32.47502143057732,1.10704472,6.474136200265756,203.93973351259345,351.8095211492273,5.042008939743456,18.19383945064137,48.90471666200266,446.5208760623202,10
0.09925078290110298,1.1113613642835558,9.16250810179959,46.93100035010804,62.0145615621653,174.66058773414846,86.37794300419694,0.08923010258784006,2.0470914712382733,55.939627637359706,90.48747866439348,103.85738058291358,101.79558025148707,0.12827490747747405,5.957359528768709,31.113988351888466,49.723942715957136,124.61423845189287,114.38910856281902,0.15328203990382935,8.508689688249639,22.553993458869343,234.5093880054955,84.80025421554848,1.4334243436865566,13.031308960852595,22.559025573270162,25.56189134864583,201.3075842230771,2.504608666273927,33.775841749134344,281.35147529182717,87.52273270014739,2.594354837922184,13.63905374156455,171.64396407413705,164.74100375252527,2.4100572848096355,83.2814599551005,59.063686323884596,4.578097247099566,99.92510057078101,451.39519810054185,22.579204728363507,112.6987919413613,44.205502684824026,600.8984744579403,10
0.046013187721917884,1.8956702681611453,14.148349463052545,46.42105734967488,44.119360078052296,173.95120764089938,194.04703186512768,0.03752338415260628,0.8308000029536278,32.472322406630255,1.76664593,106.0734583931087,313.3222844391365,0.2152820562215052,2.3725716352321053,17.769273655651393,51.86841474573709,94.44646917738095,15.334677824532083,0.24616507460143305,4.123806413703774,41.58045265246513,82.62436011362873,151.8673196492854,0.9412051260020651,8.15273959709636,24.030924038101098,194.03568602548873,195.31364896297566,0.45681899242372154,10.144943943556944,104.22752771630032,65.88007893817684,2.066566209685536,32.233091894365344,237.83814149816376,145.46290127078382,0.7433329955867582,39.792512887594,142.18205428497907,6.08868352052623,186.0592912073855,301.6545659813831,9.254312641140476,84.1015059473754,52.767968282881135,464.55444639851896,4
0.05244353551065052,0.968516765089641,13.549857493728963,19.572673950312765,84.17503044542055,174.44880578201102,72.93341416220765,0.02227936363464833,1.5690663720452371,82.27837583313654,80.4643343400074,230.56919918890227,183.89447350420343,0.3129043892531686,2.7896812455924382,40.91367492365632,119.04922068587064,126.08617653631974,335.5779295358045,0.21111064154665876,9.479799575409801,97.17050641353262,79.28329954683188,136.12468229496972,1.6044932814184218,9.399156888749978,38.615622390561974,237.6576122054861,27.725185813025558,3.0641777824830547,45.94884760132196,116.80290568743946,94.98773132915507,1.8635168115589098,30.692999331675978,279.62354612051547,63.923080611299206,7.812390413558331,53.39776032609986,214.57627927583377,6.381884045091091,205.13184683994663,475.97544717811013,7.931352122747452,94.51488088519572,49.974906943065974,537.9730873214048,4
0.01639787313426226,0.38815489095962047,13.99257752888602,42.237091252590616,56.64786975822926,203.56368664403846,67.51221620386804,0.059424654366416724,1.37161955576552,6.48022302682047,63.08041794111152,196.4206230457601,35.41248879268281,0.09523493499698203,6.541406480007997,28.401575191071117,56.089488792053125,170.7967301087612,76.87413831727632,0.12790848771843571,2.3214044433938144,68.98222163242153,111.59366302703725,66.88923663662153,0.2890206635022202,4.144365113019045,105.44079141965244,72.60030600963611,112.71971225929619,1.554683939293397,12.282155990227498,74.4915172397281,14.289519737994958,2.571298124440582,20.076921124761544,254.88738368645568,175.15733176340862,2.770765009472043,19.78400910976554,24.15095078337054,4.518359151518219,148.99055109185883,459.51167874791327,4.2146502092001485,18.087197314010627,50.07297425665173,606.5998390648806,10
0.05230642016709113,1.770925455111389,22.250466831778024,92.1363499364007,119.36553222025293,323.2600071558526,265.037901696171,0.05375881504670507,3.5905577415392513,9.809765422998948,36.37023185046273,209.67010650018247,32.50645775605025,0.23200467648646741,6.488912587925507,50.08792482221242,79.28559881491256,211.30799957798098,258.60994887271204,0.19087825246480816,17.517010294754304,30.698338000385014,35.38691960715488,181.61651460802543,2.4816979909512,6.742045246361687,141.29656813762443,309.07803479019964,57.549409942605536,1.3911510826780438,8.45854718530492,20.441881876972875,88.7933398913382,2.999484379979143,21.00624857992329,410.33092652088624,41.31648489764551,1.918039960399754,7.125331347711535,21.115770613095254,4.117797707724345,296.80308127,393.9066203652099,0.7421961596229858,11.105282465360197,86.05317856213802,624.3976958268757,3
0.02115727882120235,0.9694336862591307,12.533479372416066,109.83809909977003,181.42394618105303,369.6807981144442,75.94664706233729,0.2364863527311316,0.07383968,24.418800895683972,44.432787335062514,97.1150409661437,318.49594957,0.08436334544322155,3.0789872924308326,21.00676423941397,71.72535584148704,234.66018325509165,291.59091275091293,0.183211127732142,3.652889307487614,19.417417369373076,32.9460962076617,57.12413119760255,0.4910126359607273,8.746081110976569,44.054559084192206,44.83600543887026,329.2880994525118,0.6835959701526562,5.267840641789539,50.38922634836694,166.32635053566412,2.2507109460292805,22.167572935514848,140.06799195228166,216.93788778537171,2.2585097523897475,11.721891810835409,87.28832378955627,10.752178311353763,144.5058860288176,481.38502096089815,10.6908912862739,69.33270748244956,45.57077041049173,570.793984213726,9
0.07739246331412189,2.066121172671486,16.276932519667056,87.24660900276807,76.58564281874379,46.16344025641604,349.5105150424155,0.08975087425338879,3.3030381323118148,13.057808391500505,109.2773727735902,187.45520836606718,4.60701809,0.24691548088152007,6.779959161361777,79.99639180859255,118.12849453319815,320.9351958312561,63.99167979495423,0.24284470951464554,7.514411849850954,47.690547407714064,136.717687117346,42.486949066378955,2.1761440319563197,4.151091642091648,103.162135315499,307.10795555642295,420.8599298444422,2.446391150929411,21.880594047134974,175.27534080353945,78.88514398188963,3.7083305188335416,15.358276097510654,293.82464471491164,117.48874198121699,1.899979494754271,100.66634438304827,49.33180573290325,5.04805306961506,182.3078314726485,297.5715882003295,4.715448327547005,11.05487031993609,52.74504741246977,537.7973724088465,6
0.04928726221471687,0.06251856,0.9989856149068324,2.24086506,120.99091316896491,414.3490557231867,29.457309800394487,0.0698751601150153,0.9064387239542853,44.66129301273183,93.49844120349069,59.421101029305525,318.49594957,0.00570986,0.26001251,17.39898512550574,180.27604159677182,59.45393690961473,96.40736452731579,0.14463076748037854,5.910616474232695,39.83070950015165,69.69277599942049,33.94934567046819,0.03262522,2.0219506787618,96.78565631856985,224.45871692057554,81.78843296397943,1.351337142554341,21.71797852755302,2.07886167,140.63273087750557,0.32484843398748475,24.483282459043583,192.69103703658482,25.412366525512102,4.10188171163007,27.33832278772311,105.15677440858681,8.5997456173931,173.10267756958672,419.445308167661,3.3025927769598855,47.47832439994819,44.019314658023795,535.1250737778137,9
0.007179449318038607,0.9003982353679916,5.957330154401166,61.5714171012211,164.01047466509516,273.7203640378638,10.785394954943783,0.00274533,3.2079064384108973,14.227452801895026,85.95956969217394,221.52137452714663,156.05389981768872,0.4672818791766826,4.855099309130959,19.67913144617715,260.68250455353694,274.75875783700246,183.20793564688438,0.00877772,0.14045953,28.58648449277237,295.71283230109,203.57564003447501,2.39520668984663,3.887314446520118,50.369362874258435,108.64121388929074,140.90621768221735,0.03191206,23.04840764060269,60.64503344387512,289.922783013095,2.4326203587368673,10.943037884691911,169.90026638913946,119.26157034131346,4.160781531703783,0.71013604,196.15706678889478,5.524527875023673,215.59681298117246,698.9909111690221,29.14757416130791,46.18207161530357,36.38890505835849,538.6284971263894,10
0.021680425915610244,1.6832705370923444,32.73067276810779,53.303527093173344,134.91907773198665,276.28510436414535,113.64699049690059,0.05904600957904893,1.5154417006904781,55.92845603183428,58.17400075752195,47.764383121363075,4.60701809,0.24591809670967843,8.995746607585783,62.615955432201105,70.12877813877914,195.25889363422468,57.62195740480527,0.1616306679386656,2.3584082289004007,54.94679003847804,36.27223806019344,42.47067008540778,1.16378363436443,11.841600287868003,92.58678381139735,100.5618432263829,41.41973350827302,2.673584345906943,6.003439547281399,100.56601235301093,48.99038679932579,4.74399242320326,50.75099203124953,290.06323817010815,86.21149693040789,1.4083546532355433,19.717134160724218,36.76019088910009,2.9985776041463534,152.90745656198214,455.5626422559077,2.920504069835469,57.354759978027815,47.021724791520406,442.0849938594365,3
0.09277905517777792,1.734642331244999,8.7409245839609,82.30445788310708,172.1287271688437,347.49905016061706,142.4791002765299,0.01203997365717413,3.753221376149122,39.26094475775297,175.14544556465574,32.90342027490581,52.748449448760454,0.3933523758800245,4.5240974720656855,29.571306517443936,195.32874921647766,223.9526878519579,85.2156563708586,0.12150237936540326,3.6332821557285966,79.21052197880958,189.4422938457556,205.2531523098226,0.32214926844642394,4.708299324223798,73.2418394140546,265.27828090877534,25.761545823288223,2.203488570592416,32.04819840303442,39.956299601449636,167.85288085902724,1.8624504628803507,25.6554355945363,368.92954615551946,332.0225227390042,4.961813703685085,15.931762613582007,190.16307986436215,3.531260755183288,194.60580654962567,600.4849995225132,5.735293821587769,95.02272728696559,45.65801723240332,589.5273802176993,2
0.17609715313787971,0.8221209630199924,36.596823769533515,82.03298158505744,96.10326188942854,105.11856705947355,211.72604033733194,0.2089890333669808,2.0218156349681524,28.26237065207061,55.764995059804974,111.474984950599,149.51038009208906,0.36132485858267965,10.602304709269855,31.471452371643686,132.5066420769855,203.21698725241572,171.21455837607502,0.23157596762030272,9.451790304214342,49.236034101427464,27.958879321692958,82.68043188856447,1.6092758227774424,19.272661924000285,76.15657220006369,201.38475309508487,161.26391862246828,2.3805047034777393,21.276911386801594,58.56638530050276,164.53185574550673,2.070722285373848,55.60913787382715,431.15745581,7.921538697843644,4.246143571369875,31.07169518450495,100.50722766392217,10.968837635063979,296.80308127,236.16016131205518,15.900637795567807,99.14074983980939,89.22969907,483.19747108487263,9
0.03863199900049597,1.9228977566254342,16.85732902309985,112.5898485663518,220.7452841009653,225.087350720451,37.30449280869958,0.23980381752228294,1.911599835277448,42.88689809946643,99.30526723645954,171.2963189896259,197.85674117725094,0.2705153392552678,4.831970594654002,46.25806033110688,78.70550883680814,136.14558323049383,35.57346203774162,0.20625713087976105,22.718638764181293,33.10476263017652,85.48229364030146,64.5006368983124,0.11362628531120089,16.034560035923956,87.10496382197977,130.493501310985,173.60031736518047,0.7766105902901452,25.57341331367511,40.98575451040695,56.26132038274844,4.871015791033533,34.50766640337755,171.13985294921798,276.764394929675,7.423857007800375,20.630809822548905,131.1034574268948,12.653784265385305,156.51068262587924,400.2248742646191,4.50094723230754,31.079391657482592,49.726157900563415,651.8729491151523,3
0.0870603285139859,4.155188937207373,20.055051610155424,45.93601227811925,91.06374470251635,216.89349919535107,93.18858227655463,0.13927803133217276,1.7098720631295101,15.875366763235027,100.05222995525428,170.96581574989563,232.6596241819566,0.06838636318634214,5.535187191530928,57.723323353164126,37.970938691487675,99.52234083681155,94.42214749602084,0.25473567878446257,5.260561521129857,67.9943779424281,86.13608107904855,59.79049546022008,1.1083009317931385,8.622649302494303,99.04251340592786,173.68432969797027,410.3017795524613,3.443619910341164,12.028200064154625,44.72448063006179,86.0643086939047,1.7959548920394166,28.482970658373137,284.63795599241445,86.48886367128662,3.1137173259329414,39.47329903625554,123.9019520884411,8.46768204919683,230.34249113029375,293.5562642023991,5.647254867875349,178.22897285890178,48.778205875817,431.89701689677895,1
0.12828618674188624,3.0864619808156237,39.68829986769414,56.78777045845194,138.5677025305691,235.33637456060802,202.377455384166,0.18375998360319573,2.7432632655590474,28.353100421596775,49.086629917767894,189.29147918278045,287.94066400163854,0.40874586185992673,11.169919872181875,47.515607155570194,152.05864674867257,156.7296122447443,0.38471548,0.1437031539810693,13.543475637213586,96.22002348968701,33.675653739344774,89.97372302176937,1.8792467848089476,23.404129955856284,33.22317036572112,331.02741156625234,123.47730819619889,1.1429535304285705,44.15980315544583,16.132377685254852,142.99081699145074,4.209055385716841,29.738581446401188,271.44556026323073,205.99293983512524,0.07326991,21.03134647552838,123.38632451600552,7.518470189795165,195.33108139803448,344.21774315657456,4.719561993871899,125.21149829689548,54.800012132019475,546.2586285784412,2
0.04270100026437696,0.7418306554721723,35.403036110601896,47.21023103456271,214.8244863259245,267.41559452869075,13.647900965017978,0.03704092036523917,3.6120948121766547,25.45486533755983,172.201988390588,93.25052290292861,108.46717902186953,0.021639445265880936,8.368365136411612,17.88340613973848,79.53424639114769,220.81206638871882,167.68233504898467,0.5987363859156111,4.663425238938524,126.26034956089748,135.39172704669042,49.699857072088676,1.0831548812241798,9.471945547965795,68.55313888282595,200.5254706041847,77.72633169220026,0.38828670225859796,20.251176560635837,76.3579915537484,72.79537713574949,4.299101430173382,14.463902384172265,200.44791138151356,330.6857901413972,2.7724314508165455,23.085305620982446,76.91895448062259,3.110536051386052,202.13900871609894,465.5917390261372,0.36292568,35.634343229471355,49.76803196077249,582.7038542228408,8
0.03464434933096187,2.5019583995655226,26.006947426582677,30.95483931050886,84.21231657377905,318.60758763168974,57.700594520071064,0.09590150569876359,2.2066751317291606,34.03856117775016,136.16892256859526,138.18737827548134,48.63600173818052,0.4363159548797821,6.885160715574654,38.680128962932585,39.91897802712088,247.73739320039866,105.03162980107152,0.25889731382917786,8.234073208911498,54.82373335084874,54.15916281793165,42.14674867543695,0.3545705857313856,2.1822951802531616,97.93021675344684,191.19120011077896,192.1642070604581,0.4503086063698836,17.544729880199576,36.823143088979144,75.00674144163712,2.0733529275419915,46.48090892064653,236.5806907083525,16.56991524328565,3.8410391108074697,33.61282951003145,107.17009336847727,7.721568412447494,145.00824555229357,426.0250698641706,4.168369754741129,18.94531775804485,45.405835130272955,441.76301326547434,9
0.0312264251984037,1.7356803960699743,41.56189084206328,47.99692092064738,115.9360959653497,419.861025497904,375.1438427649489,0.043787750502847375,2.98425309680961,34.319104471156784,195.21981889915563,63.78265631301746,318.49594957,0.24666878662483133,10.038808366978985,62.159499801108694,100.95387507401783,184.3814903717165,15.053360789787344,0.5276666178463147,10.364829710027703,4.131471499100886,23.94252882913152,182.37844487397916,1.8793142930056697,48.5252359,92.89759425890719,292.0503755572724,80.48989747123763,1.0507079479026928,11.01722993953741,40.06536636475179,96.8147119140237,2.617936428297887,25.1410568089845,312.2734531520293,56.93369137914499,5.123903754918928,26.068460742539457,163.37153734703986,9.677822480641641,218.2865604148099,294.67004157883156,25.960839629480652,118.0164758553332,52.77662048995048,417.1335784642884,6
0.47792202088586844,2.7192838550818696,38.75402686521194,152.32764064191247,33.674127194226834,236.31042014442522,292.07178577004294,0.2187338308757037,13.11504023,56.823662918264645,202.07611265129194,196.40140092059076,318.49594957,0.3208536465040991,15.44686797026717,50.857286709935316,106.37877085793374,68.93521669037082,211.33455172632927,0.751022935777445,31.09700476,132.71232844758447,90.9777025501054,166.96288861196317,1.4804700887119362,25.44255160247686,88.24110951024096,224.0719650646701,78.52386176797393,2.5711400158035036,17.61191386140229,69.50009102520151,120.58164107140769,5.758389680190508,32.41783219757252,323.5155588831202,84.06425201797606,12.06688707,142.88651374968904,130.0324480016169,10.033114277627185,169.41021357427564,281.4193309640055,29.643972044115596,218.87719999,31.555159611490932,364.92857795491307,4
0.017439084096277695,1.2081412085798335,22.071595054213244,44.89525187765836,137.28773955761275,256.39127640114265,86.04531722812334,0.05913235785498439,0.7165307440133921,16.12548041535861,114.93819912188113,182.41120695791065,256.6770626289425,0.18266174323860368,5.793577635382239,65.86180159498666,133.04593863164928,261.18117740794537,497.5743318015897,0.25961428279071974,5.7645792248108005,22.59510782635879,152.37453162491823,14.454154541112722,0.2662774347594334,12.545155358458288,117.17238259832249,38.39802790051618,250.628207459299,1.6008672154266537,20.21333823414768,86.44441279678156,208.6684245842644,0.6560156493390749,49.656780865935424,222.83428741504622,95.58604937876214,4.085006923433184,19.362018677550996,60.32549921772052,8.503437098517923,164.06466018952494,463.3352780003644,11.50628692584399,129.7821918770847,48.93451743391065,454.6032101086946,6
0.046839092244414925,1.4273583600064779,17.401294392871804,34.326230921267154,98.05501828457261,121.97722010998201,348.14515977038786,0.031612244077983465,1.8110599915198153,15.926733895774676,56.0501706492471,30.879034671711636,89.61197893486671,0.23411490593415948,9.647665206570315,63.86334333578915,161.7529645531359,145.20940126022896,140.57078511737734,0.20714648208042824,20.89293304089629,4.798895601849122,30.809718714085697,144.77973808492266,0.9322631366012966,41.65316788533914,80.89800887793086,260.95142295336586,124.6059834028736,1.3355076421760064,29.41885000675295,40.98505376659328,175.53916412760645,2.0462758542323303,24.111433449536996,295.73832573909624,215.51187633647442,1.0319653706242273,29.723919513995053,147.62567170603882,7.027110716776883,209.88339968237102,273.67099127413576,9.058974855462042,34.53725713169753,56.236795582876674,450.4088113680835,1
0.21381508392196336,1.2493649232384816,6.298641428264087,146.1561483183852,187.27805159302537,174.4600298443413,201.4408179055242,0.10280536276975247,4.505581592057726,9.691045658725075,120.49928388285305,155.57740203022016,318.49594957,0.034926872428868584,4.519445708491912,67.24068650887364,75.703208385168,76.3249892705954,247.14845908338248,0.3371244356345839,3.147549235057089,65.10890634337892,104.51517604134854,172.82775866979742,0.9319078792238177,25.328410460629115,46.50795165944569,213.47363527579307,84.20178406549567,0.36983404461657055,22.995100444624107,47.637679770379705,146.00478900545792,2.2230430302301434,45.04222332998258,244.98188395362672,236.56857767343678,2.9268439121762153,9.807160850893748,185.58514196131733,12.26526388588959,235.19644072404722,472.60552200110646,3.353188037392059,91.65025174695809,40.55098152263541,536.2588088253308,1
0.035993582673604974,1.6500822285488697,33.60511938151888,74.69366596070623,78.31242675607913,213.9312522450399,69.22691491984864,0.09164803769932779,1.5215715630514934,25.867419158758576,28.16451142935847,144.46381790077322,282.4711352915339,0.11987422489613038,4.240290920400523,57.362302226429776,131.36096446759382,116.53954809998035,0.38471548,0.29120203825480656,4.668545423863857,59.572049326258636,156.84128791194206,76.00795544561714,1.0144629874275417,17.284449607494466,126.95407973272194,149.8706558402166,76.5831817945494,0.6838075212471234,27.574128322202743,251.39931119436883,166.7440680690865,5.01162539480949,40.84699108734792,350.33830987946567,257.42976222498777,9.846232175016404,27.987857682117188,116.26484081798387,9.166301789356385,166.32154206343148,307.3631088041695,10.795152937476526,82.1799140179023,53.760877551509225,443.0949766938521,1
0.019657359549139358,1.6991607789647138,24.471391338926516,89.6661424969386,90.61564900364837,395.95153424563216,263.87084664451913,0.05396325690299493,3.785876905596073,10.59705623825124,16.004491662205698,53.33854477632968,151.67772203172274,0.14916894814140683,3.198102469353816,67.00008794057129,86.43395402338946,327.47061639728827,140.84004899143463,0.3034627169090387,1.9256265097673377,8.707136947074497,106.57562516646972,150.10151879884134,0.9756646036380282,20.53862088422169,163.36092487298893,46.71985873948225,3.026438917525752,0.23790313883973385,19.350122023232522,45.703855457202245,41.181028895650286,3.615948594509899,36.630902251174476,257.74316730821874,133.27069539831038,1.6670918493139755,37.90469254220118,157.56228463547419,6.8304524343659345,157.95751865234593,448.7800879865381,15.057746726128673,171.7918374022438,45.83312861135839,447.53580530012493,1
0.1874990627169325,3.2050627373197123,32.444056333165385,81.58837774643023,85.00852217173394,292.8530825206999,304.1832021471448,0.0712027452090986,3.243667107220065,10.481535681666802,55.91241513440028,184.6259666942611,4.60701809,0.2827694812917622,9.744898650439326,48.49006144257868,53.55482295833091,132.87414851319244,119.06943584560021,0.2016114694499868,6.813052304387574,34.46386497077714,132.2784658514439,212.3761250701212,1.156314644606166,7.339921775562501,104.68413359832456,210.03805668329,153.5418336516335,1.8160086934052126,20.826824027616492,235.1652625469078,110.1190909498939,3.530722509546671,31.654032155201854,268.53427110485575,132.9068750205052,4.7494000176307924,47.010821286117626,95.17715365736429,4.524561141560306,196.92020096125313,420.22725385028343,9.745600126771986,55.3537034162223,55.68007156287952,453.6228214849333,9
0.08197702038761168,0.5277121090211301,10.912018669714039,64.2757420228535,72.98030195431524,264.10859142736297,319.82733574926567,0.06341768577464835,3.0995959344131165,67.33554081257702,57.98136851201504,113.46902920168479,172.33108536509977,0.09744395767104173,5.530750177478353,19.176510675644824,94.19392315601758,134.82976179187918,58.580324807038146,0.3619453386591544,4.851679732822873,67.67263068548193,106.67496006621941,58.821203685979015,1.2061845935136626,10.148825298463121,55.42798567729858,347.24890386378274,0.06494351,0.5576922846130586,17.798774129330457,39.64479104737537,64.42333062814912,3.8796998873437127,14.683627635785431,306.64597236614355,20.57969336664244,9.94228561485532,9.418496540676967,37.94379321845547,8.45967920008597,194.44777257898934,381.91525963647194,3.4994153964486783,110.10695046199218,51.219656371185266,425.99159949753516,10
0.07882879833711025,2.7208101634151074,19.406738363827778,107.49757590242841,99.48272888623032,127.83861822405596,178.53586077804812,0.2176293844829923,0.07383968,81.7749329550384,57.9638694936732,197.13995798395035,287.67065113977185,0.418705108334913,4.386416202246201,27.68304161608475,58.21745811857927,160.3476816304916,86.59996957869345,0.12827335834083706,7.255611697161628,31.563950975744653,87.96620427347352,114.32257054021966,0.6557927677992812,22.43479177075406,55.34780630661602,307.14547679767355,66.84907780631238,0.2559111075529201,4.708831690494656,6.975134867620877,41.95850848947664,3.719273435088178,75.10846753808374,359.10641006965153,52.962873682454,5.746425604101727,17.699690101024885,8.534284444185346,8.081285862924526,236.5844818931193,258.7875633668391,6.930863396222041,147.08190531941227,44.068378752114455,525.5508438253034,2
0.043968022083718306,1.9480293009426624,43.04386356372971,169.49653712891796,131.140583529943,391.11272111282096,365.5908970870452,0.13129615456037347,0.717104363453918,29.849958781737776,55.51005931575127,114.8969018887083,156.5964338388169,0.8356277546054806,2.810593319975685,19.57439873377382,95.69946840971463,326.8838890443991,104.84375514973905,0.00877772,6.888097597974099,17.612216185369657,44.17504345003274,86.24770275036859,3.0146542437966817,38.14393597273654,114.573654077486,173.27345350347625,404.9152987767652,0.6870410747735789,11.56231541886878,52.18396019203847,61.96589885668722,2.1260228588702352,51.7654697432228,301.30533926693147,277.7190361154597,7.035993351972721,17.924816310547158,64.08745630826886,10.926418508911116,202.46309358933684,482.78137714739216,1.5805043856687053,74.02975916923523,40.200955739958715,423.73737714355156,4
0.05824877817551194,0.6450743919315961,0.70062194,30.371363877333017,160.2261648468117,187.63475680029634,200.57830853311748,0.154161632753465,0.07383968,14.693631780868841,124.64522691820486,69.70114471558952,138.89591786783703,0.10552812606504858,3.4073378532299614,29.611053641652987,102.73539342081307,89.07713695356252,13.452945589220754,0.1964264800510307,2.6194333759243404,60.881800569463095,110.43636889907049,59.54874754090551,0.7845201170714965,16.45141167118366,29.838208214324887,144.9866792922244,204.82179679124283,0.278792110677171,15.789257248407653,206.1528992090292,155.87949254194342,1.956742751579615,26.195045760965,231.75740618952807,149.5875370055774,2.1594309478856104,84.90883073686909,175.03420487597913,8.991708188517034,162.55379667312326,492.33376366697644,5.8991470854223556,91.55294152946698,37.92364711239026,432.4476066353845,10
0.14625015464046429,5.020032190283117,12.851613356316093,79.8362885450699,119.05222548133875,123.67719596928849,394.0786912886196,0.17705329714766405,6.376361097107902,46.65162423987948,55.345696090678736,123.4706171329599,283.61940000256163,0.274683632963219,5.841328428005658,63.38351707431109,260.23235912762146,68.00438004817968,88.78546409346224,0.20768206043917928,8.680901516205754,106.81047227761009,24.74496805823088,231.8558384058121,1.2977950426569638,21.50595812722464,144.3900741757982,277.96612461713977,106.92222076451839,2.36402988434633,43.232399261936706,48.09487062109803,11.314265981716325,7.0696717628200165,51.32316668495771,392.56289578813335,256.5404972586689,9.928018688117945,27.163834993707567,60.984209193386334,13.320288887758405,246.75602406281132,200.69277440553373,15.535535295681626,153.5799925994578,75.86046806437095,327.19429348346694,4
0.041457893756208626,3.930105195165952,35.404778075780754,75.47274176898424,162.99311690092992,375.1863802949077,160.20846459638085,0.06802099069648666,1.8235811621432354,6.764390795046504,141.27204913677247,193.3886337556486,113.87095912221824,0.21493442060024157,9.110685240591751,68.03754848875312,136.45951172840256,64.36520240935079,141.91598844699297,0.4323985057231556,3.620343813925465,18.754010005458383,76.24338726825324,190.01072391573575,1.0700494501551245,19.948644747672954,93.47607016562552,295.85589291414067,226.1690714130579,2.2971479785068443,16.747108381771184,50.17056624874924,183.5168441595763,3.334945628232558,20.994736149204748,226.4305512638645,27.85193975419676,2.5744381459605514,61.58295481116842,80.29777174240071,11.84621956235919,196.5703837018687,308.0891743283116,4.801491131932833,24.388404524624335,62.02276164025804,516.2120499700508,2
0.03445286182145871,1.7079084128858448,4.673324848965459,44.32124335183634,139.4525653795811,188.40113010582525,335.98181597076433,0.0639804750883331,3.695007619820024,16.51607495163904,34.66162992469031,157.53529456429268,318.49594957,0.2750770537537357,1.2134178789980208,20.999677010295272,141.66365655771006,85.05348047897537,161.0366692285486,0.29857171420948647,0.3029132359528317,27.30055616640492,16.28359264317474,163.57064251450615,0.7303508853241256,10.230611631336235,85.51811331544314,235.62314131456964,222.31269334251277,0.03191206,14.369855472843565,2.07886167,149.06398960299998,5.360904541588959,27.463634038052405,329.90301650607023,153.75394411844124,2.6571188473562106,5.997305318977833,119.97511300368834,6.968013754367843,191.66505521943574,431.29371567044825,0.36292568,0.75313,66.87628134426626,507.6777337321057,6
0.04305849525964955,3.1558108341006754,31.49784446663539,53.81723865257004,135.06519910104015,341.5195567598864,284.0716631427453,0.2181482785836351,4.122681134198767,11.596796582564629,24.509437747424364,205.036994706709,29.700365772178912,0.333209746457492,9.825478345321828,13.662319978569123,146.07011607978316,374.57827947608484,281.99140993094574,0.12603229367796817,4.980054742617266,24.513284994424176,66.5776258961966,139.93490485133364,0.9720289773343153,5.223796015248873,67.7022620827047,328.36373356661124,42.92736479685691,0.26959885265058015,10.928725337048922,102.02714490213334,89.40779508564746,3.6555692038019227,26.831476118881092,248.20138555281048,61.29639963658737,4.1652602570878035,40.93580920909446,132.8075548205021,8.301415686842601,178.417387106576,434.05775163267054,4.879112419994829,70.03880325750657,63.40649634147391,466.25571850410614,3
0.0838576180012922,0.8470898547381664,27.124162627349953,95.1478938166784,139.83137275910772,213.17953603856637,256.15613523493397,0.06762975126905334,2.36725354279495,24.676371335039697,23.07199312392104,50.00106195011378,237.6627280738566,0.3769684517347339,5.785722994114887,9.545681652867415,256.0390393865854,94.92049846519325,457.700279328904,0.5043927333834738,9.82116939317003,26.093943245186228,155.95213995385276,58.54852035375646,0.9856368880573992,24.033593888097386,59.83815537217251,189.97898777906641,106.15682720117636,0.03191206,30.70776509666947,63.83261520899831,71.69389625677643,6.623823319437886,38.23705640017637,294.51814112454485,111.73145048529908,0.4389683412923595,29.52337724975675,105.12517858432358,4.98495979740408,162.30881793046314,361.662135862296,0.36292568,15.305735629975532,22.02129515,577.4392750378369,1
0.03224328136180817,3.8508424432856865,25.881175781180815,84.66681474122221,155.66527538011806,278.80345795535646,124.50876561523955,0.08045654401880337,2.70112021961306,13.843885502375135,99.3289327819243,77.7445461732581,268.4016055917674,0.3864160695146589,2.3160159318497353,20.43695275640146,230.62577901610274,168.00493649498063,214.42705272362747,0.023347430870486074,19.885852967755824,43.34893278683567,155.5703827688079,36.958561958704166,0.21130033485950966,26.12706547206581,112.57699691708179,107.62330193269179,235.226238732029,0.7015052282603321,33.53108667271116,266.1309784071092,164.57164157064102,4.390886011734668,42.27250092029408,196.01886685748218,203.2731512893122,8.02463555529905,98.23751206003905,202.77289673055213,12.223068051227354,149.54040931237049,460.5739479667722,15.605267981541456,87.98071374666785,37.79394535597662,498.90905920984653,5
0.1417216637130257,1.737485098965008,25.082153615993853,36.51285424922153,135.48320896914612,277.24351128244615,208.77085487256386,0.09894681172785752,3.119238611199011,32.46367278131873,84.21234310884405,108.77909353793673,229.40447478986962,0.25005397172229543,3.185279934117626,57.43193121670867,230.79736194853206,80.88920243489055,43.56911778246098,0.36979960134216927,15.631521614290982,76.74411303409057,108.65352278311957,180.63727928628762,1.1909324210205376,13.25230245619476,108.94646161999037,174.75330407792129,68.48008220705081,2.548506676304812,40.65659836104057,54.878465143209425,58.51202861908311,2.311278715166906,41.33705708423987,385.4076761396242,186.16906386649904,7.145647823043752,68.15557520366116,103.29705466550182,9.145625108968119,222.64160080260126,296.6109183328876,19.329733339434497,91.98355759989471,81.53357419815141,531.2298536417841,10
0.037262147202556384,1.7259161229310345,17.534012384253124,69.00478403082825,191.65081917124138,158.57335585757662,82.53915594207612,0.00274533,6.943085544486209,32.786617949464684,11.918701338755419,157.32457698088888,287.907393422762,0.08727368108586872,9.845987900821894,16.833237972685442,125.62004709630281,242.56549780083162,16.14548339248134,0.42485387445314454,11.794770400915052,19.85340742760809,75.79994208349069,54.37190678060718,0.7912131268950238,27.17581115032754,92.03407609891858,275.36072214994687,222.21524681178812,0.6380178520329838,10.941497514969944,62.42654608013548,58.65618967937453,2.6084203312262497,43.632793884722965,355.15154728806027,134.9829436309478,0.6519017655325093,34.259303166338725,136.06682911226363,7.839925343844107,245.43783618645847,451.1563007219243,5.262725957658341,141.67322993732643,59.77047621781307,591.9490439110617,10
0.20670466544090788,0.6246527251594132,27.391253560438148,48.73931452159095,73.82138223270987,193.4008540419855,226.45286627846204,0.09599522868333857,5.208112227496816,15.039115016378702,45.42441625490184,164.49125574756542,154.45226214819698,0.2590022816540814,4.6189506459873995,22.173935495325736,141.25001909108641,263.42229156430756,36.951749387899746,0.1419790959204404,1.0696692662610396,64.3928363957362,123.11864794826688,57.205228055392276,0.5256767049746891,10.385650598281403,128.40072822982694,87.92311333376446,105.55298479713856,0.5070714840261591,20.354855811516792,84.68377294262037,46.46414589093972,3.8846822456413896,18.48697836038001,268.4448069196625,164.80841733715505,2.4813566752260456,13.124868929931917,61.01048778459462,7.571195840306713,169.8493255542005,414.8791299155539,14.074224429497658,3.9430419515248047,48.49879606232637,536.9103533706736,1
0.03099992328782018,0.591871908652685,44.77738499127128,72.23404537703976,96.02370983445957,84.80148053680568,205.15628031913363,0.05152383951412034,1.5893475162723634,30.264217604024807,116.94903925583955,225.0355687287928,4.60701809,0.04182239413793026,11.020384919212807,15.213002233478761,63.64271371251424,131.45124429624678,55.53409284035312,0.15026017423753696,1.7215035735774153,89.28253811427041,101.26814447444163,28.84698169386822,1.0439597366738271,6.596397376690417,69.22043705510569,177.4841918300375,131.36100955033723,0.34626130315856685,12.231888633631412,61.667569092529796,199.9957888574362,3.353683339732307,44.017548092995774,260.92403171530606,214.20784951307462,2.888749320265103,25.457539015107777,44.41125034883331,6.677509665729431,183.918619592491,430.9760065705445,10.86205011508207,122.26264167489137,47.4522420785854,601.2422124938464,10
0.2191861466871647,2.210377001285539,20.709808178548048,153.8674034753287,163.3558431540613,118.32373081807313,140.06789994369217,0.2058754735141154,3.5223108367532556,46.03114155853372,183.4342731762955,80.46530102813435,193.33485153617434,0.20069668260380968,4.01392520759315,34.997252117971264,244.59743412697443,82.39373893346712,20.668090518735383,0.3434905752668336,14.918698926960353,53.537211315561,4.10667755,140.24885636153897,1.2333693773375431,23.56300815362696,116.47912228852516,327.7946992349425,4.047967538961011,1.0897118033387168,27.259556944958398,86.878063374209,219.4296807662546,4.4579260340779765,39.657211993069836,320.04608740555955,210.9784568142353,8.056015355904206,80.30324014157472,164.75454179660784,4.956096483124073,112.19007767313413,488.5809227562718,16.133625400587803,162.49236650598664,40.83376947721389,492.7308514210827,2
0.027602063692807478,1.9139452988078247,13.412871388569009,93.5631228336961,206.72564138465117,410.0936185236738,75.42583423464146,0.06959407616462762,1.5318433737505943,14.557729465827716,33.877873369533674,29.825061992300235,156.5964338388169,0.22083623078905773,2.1734193221521014,20.618155084951038,251.337240874391,246.35037372776776,63.70363304216799,0.29224108409878774,5.03543906770337,60.3555411988083,39.542305258542065,138.26488979852425,0.2170242725112112,9.854468235574714,36.11701309003801,215.65510362402804,135.89318448609365,0.03191206,46.31684410485849,47.12396072169031,50.91042205414439,0.9928829005596084,47.95570536662447,232.7139848984411,163.34249426834901,4.279451459331992,15.494666462891306,27.322137319572033,9.656796814675932,134.93025941410147,414.43949853162803,2.8298821577518702,2.8450790437725892,37.91794828828607,543.2192209893878,1
0.11291153930368503,3.875525804449656,33.081256431201716,66.11074860228891,63.28537101783439,348.0324980454883,219.08064152443387,0.12111171546302361,2.6296020847350396,12.811579202874853,20.52805147857015,207.90975018268958,37.38430359215892,0.3232105497548557,6.790886410373705,22.16376960168797,51.05331050742984,247.18640600665321,458.86508166012356,0.2995471019432588,12.878182655728292,45.68885325149921,63.20678158058151,135.57453247371544,0.34728607931996475,19.121306050709173,93.3263585888608,262.8433688734317,446.62372016312315,0.9996847348900755,15.152852912135149,106.41158859743624,92.77594922383571,3.5095840554797366,27.466271258102864,175.2757995502622,209.47951134892924,1.5021721700017892,109.68297133439732,41.71057122312926,6.11504274687179,156.3842588148584,252.2500371137993,10.84091802976666,36.67558800284192,50.71677676539933,566.6523091957137,1
0.00109432,0.396782862300927,8.228587079699391,89.3765981681124,37.9896013124941,257.3407126481268,60.961211467624906,0.3123522111801814,0.4090898704834124,32.39366672747498,171.80877910352666,136.82455742351814,110.74555843108541,0.11403610322062237,9.727397431972484,28.859254212240913,124.6063629488531,124.83426608085364,244.10096854090148,0.03763899212415353,7.845083556141671,63.6251276408417,87.01168684386708,118.39222453189456,0.5192505500259569,5.003737596292236,38.30521458599011,109.31888678736638,160.54378953002868,0.7745723061327076,50.2782419589429,83.78559106553422,72.32191717279247,2.1466419922179476,3.7791689107456214,282.7769638095947,38.04798925217215,3.832469450669162,25.12095943986795,131.0646084928346,16.930227013524366,238.33690743313295,402.65958195701126,9.448918209890397,43.37063173750771,39.623052446817894,551.2323034872876,5
0.05969632030827104,0.7417220093706609,1.8829130183213696,70.69405516689771,127.72355065012367,282.8425283105257,39.14017394719336,0.11642861500259613,4.010933832622637,26.601795956426237,123.41147727758326,210.87359218770501,113.70681986921488,0.026239361712478537,2.4611187088634834,15.457665897199437,112.6924155565578,277.47031384124955,267.38222540130084,0.1249073920430464,11.316553961449722,76.8868530835125,141.0634708368641,160.86894717413549,0.8271821633526562,4.178261855016551,72.42992536390322,203.80785661371684,45.47699894797726,0.8078753612667998,44.09410277977333,133.01445559444718,160.63369622699244,3.9395564028298558,27.77674513116986,252.90692595050965,161.38908038431381,8.454028310799568,27.293521810297932,206.91025618505003,8.03119849494218,128.82980103332696,435.08630823364723,13.86872242058022,147.6660715364594,42.05627513370031,558.1610096005828,2
0.041652402052101786,2.0523277782702563,19.9195147765319,36.46180338000487,110.64605191938256,261.6073535574115,37.359261631099145,0.05693829689155688,2.9387040153059494,16.810544441460646,109.58320536224062,174.208611456579,10.179438632807276,0.2782101680078488,6.427258416665714,37.04393309097534,34.94749104234404,186.0549226515694,53.19326476596342,0.6715455856432294,5.147594084699819,110.65508740976888,113.87697138233577,155.68776206597187,1.009133685854386,10.853675614060485,96.286477805232,256.81843746263155,74.30465557582318,2.3036210967468573,19.574218199760416,222.57518511899238,172.36584539338205,0.8307853928274955,21.63151572143249,282.344919011455,130.10378712402422,4.366994855069288,94.67364600789958,139.24306105878085,7.016885617231489,156.3713492910034,428.42683990984864,9.678323146947369,122.42056293165766,51.524582755759354,439.58008966115614,10
0.05886078641508094,1.2566740670948482,25.671175713673026,72.92803019702257,147.0278883706921,245.00413374196333,258.603224643905,0.21902785496382982,3.2204258756324284,43.60367270632915,68.39113394982715,222.026084402267,30.162040706291073,0.268738538938886,6.411041522092874,47.05546901493858,23.927417830548944,183.87843164161035,34.18940844557655,0.4359417759653111,11.302646807889595,94.94679263098678,120.69027546752558,133.76651081946653,1.5517911321728775,19.551229206976018,93.89822050147265,288.8902864807834,156.18647517476052,1.0966298596329977,43.90267799669397,237.38977437572595,90.71466746822722,4.088533513765728,28.89962757346093,309.51225421449317,312.58193851733347,1.955658509945144,26.19245343103215,181.82678557809353,9.08186779288306,178.24553572552816,224.635659517723,16.604083550243715,40.105791197962766,44.980211316910626,523.6854190978619,10
0.039765890004959316,3.2585481016007436,33.57695207084718,55.56591752353269,51.31431410553394,366.21008782284383,162.60339506410196,0.0946062586365698,2.299730426337972,24.92716043019862,111.23377989464733,147.7885066987494,143.57441122053848,0.3250284457721739,10.815772024455855,55.84537677383176,88.03984150182191,136.36442732874752,113.48461169846739,0.41149011249830536,17.03808401387541,59.81176873216032,54.77067064249024,41.5058002030406,0.7543294747113469,39.074125041269355,126.83267279248507,167.47181277954928,51.62669420112714,1.044846278666481,30.590195960216366,48.440671603754495,142.24422682746962,2.2290041627558366,44.64774787465813,253.0557127317832,189.08484295913476,2.3461902601808102,14.221260241686068,217.98584579174994,11.458602243595436,179.3628240312164,420.589485790246,9.364257528290757,191.3726132049415,53.922217217111964,512.1308748840129,6
0.06124056661340894,2.077845314243984,28.41455956444013,43.43363181272257,51.922070807889156,256.3485685144448,156.4395500953183,0.18694318486465417,0.6548075799159666,10.343637096915462,23.016716649429096,107.54823987292738,318.49594957,0.01648496471224925,2.074272061516762,26.214156891976884,81.6481057444336,140.4528743813577,51.91849305166933,0.15677220792668692,3.1112457856109903,99.20877703247592,101.48951879247814,259.85060884631844,0.29767544941263585,23.9611331425859,27.168346426874333,218.9842116726794,40.0877622575054,0.978234638524432,28.6747616644301,76.38627245238767,126.02097763964314,1.7943541670328336,23.572861447752704,228.2069282026825,187.58276927584868,7.412307194392439,20.380382088972855,191.68657070882222,6.78726636739066,176.13583601509853,427.3981614704025,0.36292568,100.07114321946457,54.120868037656145,545.8878825749936,7
0.01612450893667753,1.2223377956758457,8.060761332710328,112.31489892698667,37.984955285394555,257.8774053775239,167.4805811652471,0.12111262326943681,5.02209192486093,14.615632812991475,59.0050332709509,102.57029740274588,318.49594957,0.19021337796271423,2.3587344892589126,13.644567143152539,5.998914144727209,4.702240664207011,55.40827202842037,0.37601358049042294,4.578397147191187,14.840182740226789,149.0024867709098,323.00541945,0.5267578949973153,3.7704734564361835,84.38771483074349,187.44985619238435,476.8478198538054,0.3691505211285556,12.245713538372492,31.100326189707133,253.689010921659,2.2336142852430014,39.47735699772882,345.3390845888652,301.65840865746117,2.427812693011145,4.296346583978478,171.265435675885,4.283339485113671,200.30500551131883,349.67978881637725,0.9819120845451574,154.01853005414392,44.69401458753078,551.6415153814086,6
0.06464271795584169,0.46982310244888403,7.6651193575706,106.08809001622377,98.57495600284162,223.2817761073126,35.919342606980585,0.05083390473836233,0.685038024916752,25.885551534461513,69.53124209970218,163.88382257532885,97.40825474418801,0.057028985422773563,3.3733035108817626,12.30775538878168,100.04936789989812,139.00169546932548,67.52865122099882,0.05571262834596591,2.941971436314858,18.33405693750153,13.19412665227124,94.50019903566525,0.5175839363673502,10.642698212816141,49.073469849072566,187.48467703544435,152.69461772640005,0.448760586277954,17.731195334952982,75.16907554283554,192.77302690409155,2.6197550569911883,36.75432184125101,333.68358271708837,163.14567911141017,7.004852263869977,19.335948058128388,127.05695155052551,5.937356673734323,237.65175548068578,447.14153327281093,7.550983452336163,63.213349120475925,47.5464892138054,504.2675223268516,1
0.2615240427915564,1.1712009692840795,31.33884055956968,94.80178988794053,162.9064954587098,192.24104522965843,96.25035496007878,0.0903046159751465,0.800191322388587,31.016819323242952,68.22841052110579,217.5869757294457,86.28162087897587,0.3692399989190047,4.149273074798329,35.286767554279145,31.1099470285412,251.43448062984106,35.633206998397355,0.14939764626359422,10.104012806726502,34.683114778899224,126.44015786533183,5.7025015,2.222529444453012,36.303804120004436,94.83254456599445,225.9370956538168,98.52825792002083,0.6049913912476057,24.860142520956998,10.910508347686395,162.23788983595244,8.243365967065799,20.829908173743185,197.94104158337612,202.0172159972541,2.6102025041852217,6.642338448096863,170.06722654068008,4.118853962870601,193.64178083721845,469.7943908076953,15.061744761269155,51.43238367083033,39.88370137142875,568.2142104295976,1
0.020990836086633845,0.25942014775951067,12.067909800308946,28.130407918847393,83.4172889931155,439.29562968986966,83.33630331986376,0.08818148582394449,5.747309248197748,9.254362815623333,45.81574321803989,164.36738135387094,296.5611444802823,0.05132077843359963,5.660266460342633,10.920214108754006,56.6656063776984,209.83914516720972,193.54262903516752,0.29072746538854005,3.9951114161605354,51.08375650649522,129.29232804889511,136.76913199429,0.30590271985769585,5.941635490434712,75.84161703665139,127.24910972557095,250.87691686488148,0.2809096683759463,24.87245998449811,115.91172165651426,151.540398968261,1.6303660064196526,36.36342907029863,220.28562890353595,228.9646675285024,0.7509311928801905,19.284256382237952,60.65924726667046,5.263570987617023,176.893622663298,445.1475835062364,3.0325569353825843,27.15282991870897,63.63186771090367,582.9736091207591,1
0.08138528043808707,1.4099856464507907,34.50422654449878,39.19065160022774,66.96379601342062,356.607269865176,55.397918779555866,0.04672729888739732,1.6307962296666634,21.231780656553475,138.19075030950336,176.46344820265415,32.28442366442019,0.3178912605931158,10.44787046039588,27.448190244978218,225.22217859897086,161.67993065194625,56.3110586223695,0.5375871951665575,9.739916270282725,30.620254815157846,92.97803961288471,228.83228477117663,2.411619605850275,17.55865661062719,88.52960930741968,300.39868925008625,68.79693843478083,0.6255438600425702,20.870807429363424,77.35595823802566,117.67955318161128,2.1921192228602875,40.693892455135895,269.2207842603866,336.49246938888575,3.897704706068714,52.88363396190374,47.884249402468356,3.54418586642501,220.02624412793529,309.2665382188613,3.9170231260174035,154.20211457019394,51.47804857745613,567.3852424018834,10
0.193083829713732,1.5482303180427843,24.45190887114031,22.69756070534187,86.17949304005897,93.949166432643,244.5017446099768,0.05606379791556667,2.975777330997211,19.88706493861147,145.74698974453852,209.1881893975327,172.83592193021644,0.09645793516948017,8.006279813152362,57.795840240726356,124.64842548852431,98.70975837693457,113.45375821423384,0.46451555396785804,7.814485423581997,31.64408186340409,143.59708064899223,79.24217493580045,1.4774647361342368,11.251594570846395,103.24528868952166,292.72895344679347,120.92540588857078,1.208818668998222,51.774367561285494,125.11646338430823,236.38582698183853,3.8478541386334344,43.886967321502816,288.2682192622249,137.7325968333423,5.043211960806374,24.412573717723067,56.77277812381844,6.767129346346392,163.47713554142737,614.493342415187,21.942068439027004,105.60019346758621,48.423523452600456,452.1882571042438,6
0.08563343599288759,2.053578449573681,40.875636486038744,56.28332435554065,97.72426893267323,109.80264179504118,106.4927379255256,0.08281619207919222,6.901647987017677,33.04712412332005,148.4201390517459,198.9640387844988,36.13864124325805,0.2082703769283742,6.815335288303027,48.3614183949011,146.17746757754037,121.52671489827215,196.85587505252892,0.8542561755544592,28.124276235978783,105.8166709159316,21.58910927940225,158.75798711452092,0.9278921491413583,18.441777014301824,104.19297171364833,274.8153623339332,158.8628756627425,1.363077458949209,23.132425499433513,151.05174200094845,107.95523136372395,4.197821746234006,40.432332470083615,317.58855728760216,165.41316172692973,6.435875502100499,36.38531996014428,65.93969576563353,5.538024551951082,198.10263376327882,223.54946642816986,5.057624898126621,113.8183597249068,42.11985210719617,389.756739303433,4
0.05811159893474264,2.172017656424543,24.50752676702134,41.62463768726866,131.28465261734598,304.4459088605827,340.2290905876052,0.07338888130800231,2.916271163616852,88.91242953,135.89591893655953,243.49277849252047,11.07226464683336,0.04330239683479332,2.1135674857617808,38.182386979341835,43.00221468025289,83.22521718478596,41.5954003618032,1.5813758056460208,14.633750848446661,90.2429692867198,18.349111425731135,156.59070751312373,1.3680009337038175,7.835093605874369,80.10407749279058,365.94509958871333,123.18651668354389,0.9311887273771355,30.256063251844665,104.6010437898134,66.1483596864642,2.492140044714123,20.95153950698691,273.516325013493,392.14701008259385,3.647611614244349,16.477521960800544,90.87472865159233,12.404313921752086,195.01547010377794,288.94483120749317,8.627022449107944,167.0621759465903,45.6954682743231,565.0334954066483,3
0.04365824015303448,1.2311135360238827,17.172761654701276,91.22082311924243,135.67270577383982,392.5971065205739,188.85277850916844,0.17753409282565077,2.299246536759221,31.66869716388837,26.233238071279786,230.0717253063142,239.4148303173331,0.09833170360912127,3.9038115916202587,48.37829135030664,163.1272889871063,189.53865624083812,39.953614282383704,0.43385260851861096,5.459945932725699,17.99705195223326,52.291882529395835,117.48618403636539,1.4048702411466603,7.723262313274573,88.78142222599253,175.65340286289228,177.28532708655302,0.7814056520604126,8.45595279389343,109.29468191328263,28.28312312955665,4.578295855715929,28.504369369329336,313.16018769358135,139.59646324330922,7.441515189119857,50.62514527149308,117.48752592029498,18.675812244659987,229.16090666073956,388.3731172853256,18.27301168913207,71.02747857103111,27.186931994391283,406.31299813825103,6
0.04650909183530032,3.4933406155682176,17.854949663891468,70.29995676726455,104.57062276690205,521.8145814958248,89.04503152762133,0.282512361229177,1.6339700496864416,14.525081880905427,107.16299185622051,54.94820965320956,318.49594957,0.12670104795626463,2.280262297849128,65.17502518022742,92.39377336481232,162.67922136223402,114.96253272571974,0.5730559852963998,3.8812534299603825,89.29259868062029,62.092208143312455,78.83208309661802,0.7725985218098603,16.719426189432294,87.87495293476483,195.39024454821956,148.7306458196919,0.8843478933869618,14.026512465989061,23.232841649257402,33.29973655343712,1.5594914769242185,47.48773280235362,408.1866220405842,95.90777261240764,4.221501004170335,12.251785416107154,23.916764628469217,5.800530379049933,237.6883685131316,471.68327218613933,12.986947370908865,0.75313,78.54017724151727,713.5806322603584,3
0.09947885843061219,2.833193188272038,25.287267837808002,34.27804491413376,77.97849739292614,455.07678195174964,144.40741017052488,0.09667071859239634,4.349446192880557,32.768504461459024,50.006384410604404,201.61970361240202,256.6770626289425,0.34586185016102194,11.545471920347904,48.12341349812144,165.9498479528972,102.17189544355818,138.65820732935157,0.5832709182565806,10.479787059880518,75.77795345845263,36.8054936618839,153.27883966948917,1.2157720441348585,27.28143058328873,117.22784487089162,194.63679227490192,124.6299555617821,0.8364814449489245,26.568634617557237,87.22957145611687,254.6769619073437,3.979819881711398,66.96699989639417,311.8661478406003,321.8085836448844,4.387384266241978,16.648674408043085,227.94386926655534,12.887750853202276,208.47310057777517,358.08727673917275,17.10165917537041,97.00853433784317,55.58509011405136,418.5543177036373,10
0.0826087738172987,0.6341786513377357,24.15490993582809,35.41826696911693,23.70630526302235,387.8877184187428,161.53702397457303,0.06900233125510241,3.176100506604217,48.29169943536824,71.27953943475863,231.95351341701738,143.55834702280742,0.08981304177124211,6.564830485931732,33.86857270349544,121.55620589368259,123.42768780847496,97.8346964800499,0.4741059671484501,21.34248955386818,52.608694600661174,150.713262065181,104.43330860835431,0.36487025846915544,10.222128391676431,49.097316162502736,293.77304104675926,88.22349067401862,0.9274237918320297,35.407473535942614,217.71791818700203,133.27318271957864,0.9000916189721557,25.195629745579144,235.47682650530504,54.64044063674208,2.494928339060044,22.481771890136635,116.60879299678288,7.828521292859973,154.74428741626593,389.9150149020934,4.686231344544484,137.74645848800117,45.73983320545102,600.5691735900139,8
0.0223949287469491,1.5363737012260081,27.165030520961622,51.88032349102336,180.65047343546226,377.6486282025311,77.4755900931674,0.02409374499368759,3.355582862815981,24.812468266890203,23.78179804877132,64.54719257549071,4.60701809,0.12607089235140578,9.257381165363345,11.825934614560783,100.13625500971814,206.40225232904652,252.46578710665628,0.14286526745646835,4.702805871243617,10.287616625452031,136.14955417971896,88.21527227555625,0.5452681878459451,20.727779856927405,66.05357523652894,152.60030745417518,524.2094847788773,0.6471700907828155,11.503393558941859,74.01967559725603,22.754206489639273,1.7766359296071632,18.860149297257365,336.0358058243616,149.02578577280224,0.2925956917547512,22.656615543266874,33.05945034231637,5.412679244619807,199.98634617490526,454.67241960653854,0.6975215217922472,133.14473297993487,49.7009874501764,573.4798459791823,7
0.10854081206961774,2.076012320040414,24.27008494334318,43.41658988096454,128.49781721504664,272.5246082767377,99.72607239981693,0.05304330020250954,3.738863595175828,78.73611339187714,180.7865067238974,90.60025344039667,318.49594957,0.20553948380517797,5.790411243069114,65.05309059566784,63.046664440237635,82.73699733856992,316.8064144216532,0.32215112173051014,4.848741543114599,17.063030680182372,106.30920491181136,9.674876926354173,1.3967843588864794,10.415767991291503,28.272351376409038,181.46882473918635,154.77702390902138,0.8091860228370382,15.424635761327528,29.918166891572145,65.0377619099532,4.963612220401432,1.55851957,371.2362929463341,84.63538302012216,6.151483563385351,28.2826560697438,243.9175679277046,6.1395393895139145,209.88010976653288,442.26662265975403,13.127548492997319,208.72658922993992,43.757810023594,410.5726361928437,8
0.12141391778916755,1.3028510891444212,25.879578210512484,53.03810370409413,130.08853586924994,341.8823603940236,403.60187338847766,0.04753092272169794,3.7609579810855447,49.80058026819801,112.4833238175724,228.01133502133516,4.60701809,0.26893226847317664,6.995467819617989,36.790808995692004,63.74093850478085,176.0802591767099,127.22316079397964,0.30319478905688724,9.78962389630896,119.7055721568687,34.68474915693585,189.90060773504297,0.9437966111136182,16.756334430360774,82.75844390001323,150.15024886272283,99.79252838911583,1.366433008183384,26.424754494503176,58.1494483373194,27.734391965914178,4.086395929493694,14.055002868830146,328.97468086706755,119.58534200127585,4.035954462380886,97.58437492545701,29.06924718057664,2.6427502517589003,225.04492286400065,255.0496608618733,4.211170413268926,100.60361892253023,61.65862262869365,545.2590091849952,10
0.172176731134313,1.5168796799398598,18.6014175223106,46.19574345613283,186.68719026943282,129.14837179534905,164.61201904782587,0.04946526753615072,0.8453686279591401,13.282305466850104,81.5312146071285,59.903283061730924,256.6770626289425,0.19924240784967617,5.527550613118667,30.45787975146939,165.37413375774665,239.03680816580442,155.8700364894214,0.17783148508313135,9.22853895393095,25.571497187188527,117.63698698980185,168.75820565172398,1.5484851919872002,19.084365230491947,77.7804526593699,162.87736351909962,45.82476206898727,0.931195212514965,29.42772643720656,75.75765835719301,175.4289713641087,3.8104839810889013,52.34352007776669,303.7282344331199,305.0930669640409,4.221220751289439,36.491973167541595,95.29382568276012,13.114294839352958,165.03092737948083,421.2972502217983,3.490073375547337,95.81244329695089,35.17377798435502,482.5017575565302,5
0.10054033549309635,1.3117208331266816,25.214955973960926,97.91312698758483,107.06616615155434,434.14220855424196,105.70771463662341,0.09566155586477469,4.333916797740076,67.37955498201683,46.760640540531725,199.884738501426,106.59605095027375,0.12046803338812567,11.056161236585279,24.815395976397717,97.35209469921092,149.54803277679298,41.152324070031916,0.5543337018449543,10.12980222798764,27.26619613032802,84.96766421036585,76.12812741860688,2.463263409578762,19.09412629349654,75.46655782567545,77.32981310415354,329.464790261427,0.6723188292544877,13.015576095172873,59.003727923540204,90.61465183916572,5.433118326101784,35.16899460626844,255.07874807329642,70.75687310443487,4.274821582621467,83.28375416735034,19.17724629705514,8.801068403944704,205.53337861124015,461.1514346934589,12.089809844863172,50.86156311063216,59.18839469766801,558.2317004227814,10
0.16038601758947657,0.543464027398103,23.421957761973108,90.64019707644643,76.58958674435715,191.22621341023043,148.28182992709455,0.08956232142299542,0.753706731976681,9.779431785556142,155.34632973028386,199.37158824570076,41.38121510365353,0.1750619664968409,8.953256528570286,35.57670219719168,73.27602133549462,224.69293858225433,247.96907129851905,0.7417009221580985,6.91510054601147,113.29559970194057,40.35215909403285,125.90657070301594,0.3407999472845088,7.827210636704476,64.28560149069497,231.47316461848123,122.0298845375968,0.5704952727037639,13.485282852502984,58.16381582432841,171.69084899189494,2.767048541269439,37.504819021582236,250.0499777229212,54.80161469596962,2.3198506168598074,17.963019081816753,55.463224894490345,1.3755308017442762,175.70803697480633,442.98609637398187,8.873114997490774,38.19641298465477,52.26778705901536,522.9071724246245,2
0.22586793180555192,1.7412364116873071,8.965596607939169,97.14863777053947,183.24652415059484,240.89289397257232,153.95072503714235,0.10210285955182818,0.6205250622811703,30.42544380260876,98.01774738168751,167.46972343511106,113.07920959153482,0.18380831547903087,3.2703967675201424,28.03980191471843,181.36495053912563,52.96849725138803,275.44290548688855,0.07244022105966894,8.29301818093798,59.00258945810796,104.60352856356893,38.784387264402376,0.2979516223067351,6.3760276573865,33.848557296974306,73.4094031241326,273.07650197185825,0.5379921029803238,26.1789505499073,81.97701121504346,36.47491538897092,2.1298332471807715,40.006452881841305,378.4836003049023,25.679567971796722,4.713714231261765,51.134985614201156,132.4392280778512,9.587647369498763,180.46816730244558,460.0560077695567,6.415851951925227,103.31296867216662,43.12102428824027,499.3148887802851,1
0.13908456651175957,0.8807523757338866,35.79681910252535,94.34918729222923,65.01718534539928,2.49743073,73.49319044879647,0.01721345879830033,3.1352003634427845,33.41115604771052,45.82648441271123,228.49249590840472,31.264405343277236,0.13254267410596413,4.244966147486788,24.54207868011276,235.3502870750333,181.78583717115197,159.54811506417153,0.827421487317614,28.85941094637239,80.04281763553269,60.23783249993134,48.87333178266274,1.268599624198471,19.785347136419883,32.648698982324895,159.00728059320818,175.32152771434036,0.5175634276194868,4.122408409979453,232.20508149249366,261.1737295046224,5.346255676169542,13.120950311669136,331.83048117718226,310.33020381432044,3.8089130376483773,42.9590533556035,178.3408785495746,1.8473912076294567,168.45532404011524,465.8558521819675,33.96558726161234,123.98754525340642,42.27128002148374,586.4852545925879,2
0.05558114227901248,1.0262549302798556,30.08124100484604,98.83775287206208,125.48692717356776,150.73443878961265,338.41966815416833,0.10790559599408253,1.3578830435459246,12.448106695884078,113.86423689088559,212.76841112502686,114.6547889621359,0.16849134736234228,5.398152999910732,51.68104871065867,124.59355941576075,165.50223709328503,487.20504426455096,0.28776189518780154,6.6658340382506225,105.56819648500498,124.08738270334725,179.5207834881988,2.3025377108214875,6.3945852273699835,68.98102211461742,178.43615988916002,104.60178907691255,3.50227142010606,21.921046531899123,93.2411232538383,118.79573626000412,3.57978870261955,19.192189822960632,283.4784015848768,129.51434836018575,3.729483581330442,42.3651976985576,72.49829981429352,1.1818341513354769,166.84759325984658,426.0181692904186,8.852719909262266,134.86754194855607,46.16865056133951,500.38447407482795,10
0.01837366708873317,0.9509692089060809,6.176170375166061,39.2815369078667,125.68551645926479,386.0558233985256,33.4278010825942,0.13747633031385922,1.1809125910864737,10.939870649225439,147.11709454537746,189.8289207517302,256.6770626289425,0.07484092171407104,2.925759363695812,23.71847888883903,39.934014715670685,198.48825389805387,112.24221928012993,0.3612610550880913,5.714658858669269,57.93988132946282,80.96118775060806,50.920157175721144,0.31050925577766536,10.436781985518591,57.22350680383382,220.85239025012186,258.66642539066277,0.2478063165866005,38.19872434852844,75.97246781405141,85.31276470492274,2.7528859156639944,18.674771132422737,257.66978186393266,99.11076995683601,9.571769071661981,58.9622847452758,135.45549535424078,7.9830026735013195,175.7621132342438,471.42047497191135,8.695618002407304,117.71033781113644,42.639390996734704,462.2497639417588,7
0.13689812032926524,2.152669441958891,9.74309951186195,167.64931786244247,93.2838442113607,433.5683302476384,311.93630345976993,0.0810948198119733,3.2421495980485546,32.644141027292434,23.74164845048905,117.05061805304362,253.01688907481025,0.2646260797689913,9.494363892353386,41.74663197733794,45.87228251634146,211.58411660471245,138.63193543591254,0.26761875721737083,26.845904109159722,26.36933495707335,54.44798850763775,154.2026478538911,1.2703197360706935,14.071743302231294,30.309578580417284,280.26915515670885,202.7401333408082,0.7178432543118234,12.311507780630214,45.84727211192821,85.33774958131482,1.684612355488718,9.885263149402213,301.17093335405394,19.10523788134323,1.90082255052365,17.673192094398626,47.478662796982576,5.600304371216486,242.25623165439978,230.70089159577049,9.185401579128296,41.62505884014547,73.26632441570106,447.342413498042,6
0.19399212322207587,2.8375789960199773,13.03478057137033,167.42369419457776,160.4310792006923,320.3435706623202,219.12267496825305,0.12473683588666336,4.233217673326432,17.90916243458232,82.16516682449836,124.80473146988668,225.57332729162835,0.11466355922501248,3.0648610743259312,21.428970967483487,225.42759764481903,126.28617140830261,27.812093029537895,0.25335660047816444,26.363524655351995,133.36265600821216,76.3471614867137,162.95694900201056,0.8048809707013328,22.918546707058844,50.012942170833625,209.41992353761668,132.63920734715964,0.35892303818487453,21.201529751049968,234.44193134027006,204.2488478631949,7.655810386865448,32.53105915660711,258.98305411549205,205.76629715933217,2.5341583798229372,130.76559537249915,219.8094711692293,14.661251909546088,144.25287019522392,265.10089007605353,7.014797375179922,86.8354765578342,38.788633776014194,482.5208011485567,2
0.16896579688261731,0.9769059419136302,12.062819032460979,118.74964288980254,126.91204968783855,384.6505054108339,57.16591473269554,0.034855180509561656,1.4465123061660157,31.71102366830904,18.59401260805597,183.19939137052845,143.96708084311464,0.1255094650758021,6.571950865156454,48.03000722004285,133.00581606976948,219.36850681548898,85.09913614085927,0.3904618928293251,3.2722711470264714,26.840106075883696,30.788567668813215,97.45866850799113,0.3713837667487645,9.289959247454085,36.27028590049817,43.0639854511233,97.36343991033907,0.904807333852686,6.6608489740099355,25.94321525840362,52.401927980148216,3.6518222371309004,40.93127999067385,235.11542367718553,189.97491597719588,2.0638916211692453,19.59138272351417,56.16372648967666,8.833442182779306,173.2263748846234,426.9312955768795,5.047977804105508,134.60023484822705,58.40599553953347,567.894226167259,8
0.027581199702209014,0.545376472835368,6.7937582529875975,26.913428923962698,89.71737399016217,355.44546171993994,222.421146691457,0.008029268491159446,0.7018737944120247,14.966028838926636,80.19662277056092,41.38610878612598,114.78727307338669,0.13044117914480116,1.9402550694278524,27.709116839956017,150.02349419990793,252.03216552764604,98.16717629361244,0.07406510632788117,4.192979652574529,54.46558181443779,84.38774454328365,92.21534003261998,0.8347146987406653,21.19043192703361,35.92736700909239,100.1735783944955,150.31142473672185,0.40186580451129233,9.505797837441714,28.954324763686,83.57767939260157,1.9092905525738186,4.227705635340037,305.849631197633,29.625094958169793,2.018206119771058,20.411845699872643,184.79164087309255,7.586274028005947,184.98081567144752,469.2115444866013,5.638154852316186,34.128357634739054,56.49481675414857,632.4353892363878,3
0.06557259501938037,0.8575431318598623,1.9060713934634759,99.0578210899778,35.72481247484227,285.32913500703904,63.736315210854215,0.17492381385632466,0.21290012492956878,10.780111585642137,149.9906219884566,100.22897242923807,318.49594957,0.2832221634003548,11.519249592162014,13.054549887361391,100.64277346205803,161.42593582251826,327.004623582894,0.15666627710471923,15.00088985837035,29.44768481167855,42.93855623338392,159.4018249330193,0.36056103399307815,15.033299830663939,61.44419814353479,274.1689481795871,282.71264214177756,0.560266687958796,26.589416212591146,78.00782166697346,69.99950694176192,0.8627395735995127,20.884557682364104,174.6446310545724,123.23496101461448,9.369943237525497,20.09303172976078,54.06268300402583,6.213280750500849,127.7522855163891,513.3283471731343,2.502006229253286,152.98354716342544,56.31171658502297,473.5083150445956,7
0.11261692608297619,0.9853712742388981,38.40983394117009,86.83853782316268,134.91433851614505,337.74315331335583,178.98901167401678,0.11428890079321237,2.0021600239083948,82.24796983378641,94.35078577669258,200.35559866924302,66.76061548791145,0.46694064565590127,11.508067699139794,66.59683963916474,125.94589762196486,234.7467467038722,149.31044243322768,0.2089486435228165,10.210718477470074,41.82650126067019,94.66783824298129,203.7634300285865,1.6465798125876152,20.1050430114123,95.45258487578714,325.5135738631358,64.67462534727383,1.600361163774176,43.57237382870957,186.57740162879503,201.62669527618294,4.066714121572156,50.404432682808945,269.72545074787985,69.36356899216588,4.317540975063324,22.490365497694917,136.22233705599947,3.390906355228959,185.58058964083287,472.99821756919147,25.32103566086618,56.654124218666915,50.7662658041896,529.1391047015899,5
0.08418543959959049,1.295921570142212,14.385119575837011,120.91273966876231,185.2290618042389,182.07641397035894,230.5936025235686,0.09437407647970919,2.4034158742203986,20.694081727500702,94.89350592833642,199.80251274120985,103.4925877139843,0.37116044804932197,3.0935113516576744,5.020016565209524,76.91114358733384,180.53356426893194,94.94180507445071,0.5129728782391265,8.55767642311711,4.3398397019305435,144.16187687097877,106.42968051577331,0.47714754899379974,9.746386993106107,47.53022370378709,210.00036332433928,129.46530492678247,2.414973095889905,25.628808583394886,101.54895691234736,100.37004889843377,2.4598572670495633,25.912265424684982,304.27645490030886,340.4846140889496,1.584848158721981,24.174310895626363,115.35305925003487,10.86464308956166,156.64809435760176,439.00621329627427,15.267464973834878,92.55423488543627,46.99885048843098,548.895692525081,8
0.05629178577122915,1.6464874561735487,10.437979718813832,37.27029300249313,35.29810424534373,275.82362009439004,277.36428232710426,0.04460873372014002,2.970514532473197,19.003301200429107,88.11791013322065,102.32372913760167,123.35957772737211,0.09360018945781737,2.0013617662424057,22.192741529490114,164.9697644619641,259.54193486636615,140.2205231645822,0.1709647103230186,5.575014118985065,96.80886837019752,141.3314692002984,97.2107078956991,0.265618035394857,8.775493601991144,80.74331105210989,232.85042556281397,243.04544361418021,2.768881806048358,20.423467110457686,75.34335823747732,188.3044643447351,3.093343660517544,38.534680205806204,241.51951802364442,57.282067610459734,7.4833844515555015,21.191360395772982,81.61435531362625,6.292855340078889,160.30288947080524,431.3394062127708,5.3469095682631425,182.1848834599507,47.21752002463073,603.4392455508863,3
0.016741082784775804,0.7483871142343911,23.105528663993177,39.70882522806744,92.68144966874985,423.6127942322928,276.1058225388357,0.0458363509054141,1.0131427410170148,9.806340051926957,50.57638612418695,106.80245806640318,53.74799530919572,0.20000198219743112,5.586326839340914,31.415442186767677,40.005078441147894,158.19662919180934,123.9310248522938,0.1774478612473873,3.4201064069265876,43.446034126960996,105.85404692931624,136.57544917043376,0.28406627989466465,5.782684312327778,84.86712597143551,115.00464060832564,143.8410291380531,1.7405177485352166,15.315272511917623,107.85145520347808,42.70706078637967,1.6357855213618655,24.859086122669332,251.0558976175294,60.77926206823959,1.3141693364212093,42.801173564331265,46.46085797264406,6.031558339121695,154.92034789034233,280.0177934770632,10.38539361056846,129.3836074030989,54.24438287220644,414.4515586219653,5
0.025094196050439138,2.1031339510453915,9.706704877704881,32.67750925206867,54.7908044142774,390.732388630355,174.79817156799015,0.08941603562830819,1.6346022958357296,8.23075107301476,18.28895195110891,110.65552687630354,142.12412630893533,0.11432117747354036,5.2507014975658315,26.510561456325178,147.90985786833429,167.70478078088058,33.31031233248244,0.2209023008687266,7.083285651806432,17.17461595399984,28.188939837180254,228.45587248151833,0.20292355629860248,10.839781852286384,151.49991118050153,166.08126715242147,201.47100784703588,0.6422168559200708,29.206429698068995,49.926869974156716,149.74920320373616,1.878424138262151,23.040945568475095,387.8583443043358,169.02803883561228,2.234483714410863,12.636024655984263,182.6822943726157,16.1755510622995,182.95568543547262,457.7551360554939,14.1042266420645,60.17524732477209,60.01940895517347,608.7812034447018,9
0.14746559026309686,2.2764019789719683,25.32176014736762,60.64321624365661,86.68432289769359,223.43179052484703,165.09855384469608,0.021552005159808464,2.5104831520372075,72.35474366169329,54.18415305370885,214.83371801928908,260.54755762783566,0.26154200436062425,2.640916167237148,12.543841376058262,53.48074412143617,190.55093668414844,369.60432117458237,0.12380836091946981,1.8038202404341916,31.694488948263597,107.48608914964775,97.97000073189734,1.2427061913016164,13.533856303981583,43.36898044106981,81.22138145716349,207.83644362746654,0.20346408937537264,20.995128052064914,90.60504241007216,197.0385929103787,2.607058549873499,13.51015055643043,166.5221235063696,170.43648235298878,7.086162481698819,62.53116331550744,118.1227945855346,9.264578923567425,152.206904536723,477.5057632775972,8.619760783772696,81.4177392725257,33.619661105588584,429.4045763413832,5
0.03247911433496516,1.577114361927685,29.07589954735247,85.9714393842304,100.81282166294375,265.61894864805663,111.81889603886687,0.25857077548924423,2.047462602762418,47.27539680012749,182.31403898464148,163.71420740821412,126.30486098419536,0.2642262897333606,9.811576160422858,23.644201490406076,66.27710381497276,286.9633364722388,31.260286855896865,0.10234945632634793,8.094826260525512,96.90058185693628,176.61268356397383,101.83938320483712,1.0739075429011036,11.444072999819683,35.26523568416661,181.73842898112792,67.36891850134305,0.9394594438145263,43.00663024231655,169.07099655291347,159.18539750770768,2.3982671077524627,40.70431121221317,289.1484599763297,43.49294611676591,5.822634775173183,43.71632079063573,127.94855175822592,12.953717973267748,180.61506934552318,325.4578045394486,8.45970548815075,149.7071657980336,58.052209163798885,601.1020996610389,3
0.06789255319644183,2.0410184893806624,13.849489258786011,102.96945185361494,156.47504673659392,150.70691586373894,142.95113972706483,0.07708541799144643,1.6030845733136798,21.946038175831934,70.14604394762341,166.85023280152416,106.2063367879372,0.1520199230108866,8.48098695682777,47.98486137225666,132.17863079125235,132.7433449551063,264.52279176663984,0.26308657812183944,4.38316981491412,74.87405281817713,61.14878298204819,28.339129789514406,0.7847123216730693,20.360459513662395,71.61261792351262,88.38156828670034,163.11433153892838,0.43689591892186397,9.875635657517918,97.67396415068619,53.019207399605946,2.005105839645138,33.46547694577606,306.4160263058605,105.90200192291455,8.169241483299137,35.50663326225678,57.39048746752985,9.092292231017485,161.1772725927728,394.9166219004891,12.092981193695216,76.66504376504349,45.30338215729465,456.4624500087793,3
0.17681460416875355,2.4190234113793565,24.902872532072557,124.82422440620888,176.16294179444475,194.4896006722265,107.39724109645674,0.00274533,0.07383968,14.217933097184638,103.45621374147356,212.9053344655216,173.03306880531596,0.30643244045205265,3.9929314019658237,70.48284047356938,143.5536033668532,221.51473107762115,27.004932511356362,0.1327122863880529,16.63883884434204,84.37325586802709,124.53652258140134,171.31244095398273,1.4284361972896207,38.0842898026441,85.16419651882961,294.04707661206834,181.83898054146565,1.8265612765022767,25.429834784233506,134.72088938869837,186.00501666466013,4.91342783666852,44.61321065598261,302.3107822961914,0.00974869,10.009501987275176,106.90849263535705,164.8911988029848,8.992174806522533,253.0637053909131,270.78766099769814,12.982794009867764,178.03132229397949,58.21707609470341,401.17094515130333,7
0.024363021992162753,2.2817318852648,10.036114307087427,54.767533553037666,98.92101512330663,254.82172142704894,273.4862166405399,0.06596490096947119,2.0512106002525012,12.531564779892058,51.10387881383649,112.87126011926017,129.42141632767652,0.10929287858763242,0.700925126584572,64.4151128553327,45.98030631047715,100.95142379227019,78.76643007426651,0.1447086431947756,1.0060752898023084,21.967457077553725,54.94982573075336,62.095262435890334,0.17318323417264178,9.538927896178869,42.14539813173421,104.08874019705429,160.80003961330289,0.49936144249310677,9.440593524085319,192.42307583676373,167.61746279260666,2.385699569170396,9.414688420188218,246.95351608616753,348.66551792051865,2.886535874401522,48.64914867145297,153.99940263627985,10.111852198459294,162.68764460077801,514.5132386642266,9.07868452052896,0.75313,42.89928347737062,587.7267703967004,6
0.08273813286846576,2.795231931694577,44.61070892689497,41.69440951111228,181.40413767112318,98.25463124787898,26.359092209932662,0.07486647393583537,5.055715616777892,29.715528383402283,192.40374193624956,75.20543825192348,116.02090413239056,0.34562451403803546,11.347297347456314,55.3675831263249,252.7784046906334,136.19674217479601,127.97900719547224,0.6735768282979024,5.077202380454398,60.07883445980977,123.15680622682581,121.88603601327627,1.346329004206209,14.03311240289651,111.58806742405943,338.68720222888925,149.0152220286127,1.2883505091052045,36.45017959701555,47.92737457156016,238.920786342794,4.967472230568109,37.9079978932664,335.66104816719803,36.761466340541496,11.194409019190866,100.30993134062285,130.50212439179919,12.216630467783085,242.2883831046359,394.94018975982493,9.875216446379882,130.35203355576257,55.6054633626415,641.6602810658818,2
0.05579225069706846,2.452655227184302,28.126385809715874,32.44433374195281,124.33302635806686,144.5469448075669,331.60263527109305,0.09009126355837346,1.022560529286013,71.58886167278338,113.34313015970937,163.96171862691853,318.49594957,0.22835019450867344,9.16258170606441,37.502486588086924,120.06133441969862,82.07729856360923,492.8132273279474,0.30907298569683694,22.106772247397576,80.54804116544034,203.0587427212056,180.57819691754557,1.0458181062680643,5.7620872164089105,123.86290281801368,209.7213370195783,254.26855584060016,1.15244722565624,37.39524189187429,61.75951228683385,95.47958237636166,4.203038508573151,47.57711526528111,271.21244713386255,204.22792308425798,1.3760640158136783,41.769905487521065,84.71113040994027,11.759683851601118,209.06963113731544,433.8113312095317,9.619229608748569,153.9777116720459,66.761949156126,484.99274254639636,4
0.027944919953241026,2.361810583287168,27.8388147015217,82.69799108552256,233.8946926347075,123.38612853613348,77.53293625022104,0.149119935307856,2.7664502798179145,46.81803015295948,56.0153792313086,187.4665648693778,156.5964338388169,0.3108784294302364,12.015354019058503,23.679497499188372,106.5347845616754,343.32173714968957,101.48672834195023,0.1549954506649141,16.31055089734649,55.77259574387783,94.23757604620432,40.51693680253517,1.2516833306484547,10.500535279320175,38.07894304289151,147.2826029842226,178.14548330841842,1.2780895236845344,12.139390963482398,189.8691356028246,79.59694413099622,8.015921294572937,14.504330036532057,286.9865969107659,50.96895696388202,4.041723874660214,49.133571077076176,37.07496045961304,2.7216661888281592,219.37682975807567,430.37082410241175,28.11533081615081,212.40002614791962,38.18487180587903,453.87172577271974,5
0.07310700063119087,2.042785012945778,20.10124007807729,108.8573525510016,175.34229303551547,383.16907431911864,92.81188342080964,0.09032037401154673,5.5687843346553665,26.03859214726384,156.60740803469727,35.534736086641296,53.480373364939425,0.26376066581743046,9.295078990005916,127.03315302,69.60398932362033,91.77212272475106,137.55574960732287,0.4266681772643891,10.842706187126868,111.8125806780426,160.583950193403,228.45536489474622,0.4484531612742555,10.53892186756829,91.68174480725638,208.94904375999528,144.31731214461547,2.1370869594470356,46.02715896219458,90.99132918054448,211.39231298739017,3.7697592719437916,47.47640155572593,345.1970511961015,375.51372594583785,6.176428121794357,99.69803625593826,157.89001275167564,8.287290206420126,173.9267374616868,332.6169154661894,9.664906372366241,104.15604535480163,52.42843165183063,646.3943025132639,2
0.018043736519700045,1.3066611590178783,15.630092478649745,55.67462774022962,88.8123288687178,259.0886041964796,87.63437039762202,0.1312762941849071,2.148097216260296,19.420133363885373,29.63744083562787,204.01825876708446,318.49594957,0.1982838064228382,10.692653172335541,59.8456080301807,84.77054234268515,163.60149018589664,92.86147083008058,0.3163200814232216,10.856086722552423,91.990199915054,96.85436522479887,166.52032173147308,1.686839719332703,11.561339294826226,28.820193967837493,284.6079581758055,316.0252304662044,0.3401484310738546,37.745262090032085,95.15398288366787,122.75386948102711,4.524285161316296,27.345836581637926,263.547135226058,123.75707132089546,2.9086800118967746,61.50400902243222,245.41464566704786,5.614811042535755,204.4833959590075,466.43493482359605,7.758797554058022,167.0634567884243,44.51624693043673,605.6888367182295,1
0.13652868735734935,1.6862390716011721,4.905769598616789,27.7404702382658,211.66465775365668,115.57701316483957,105.43511641675795,0.11874407792077374,1.9697360877430745,19.036013324503354,61.29952251587019,178.38264120029714,194.7058012862907,0.3849206471827166,5.323595737122993,14.825733612543186,185.3186960344116,167.2968689597679,86.9396188010935,0.5862772791347455,7.420623136920599,72.69406735404038,91.47172271773701,177.6842578376665,0.3790124533018752,18.71447157960573,38.74205673352706,243.38528180998617,99.17504679064422,1.4257214873936301,11.178894034652021,47.249151497334225,77.0982160301034,2.127953577933929,50.497650666601444,371.44222248603023,275.99447115187564,1.3029944675601421,40.50694167186441,67.10941937288322,14.026264208625204,213.01472317435156,627.7664816016556,10.905951681721588,29.84214290871905,66.94617386703922,601.0196032378204,1
0.01748878431809277,1.4366995421902344,33.861154491333664,64.55173590162804,120.52081307463921,166.74535574377418,82.0241740836026,0.031084742827064304,0.07383968,13.56587749436262,34.73820203696679,35.8892651774429,318.49594957,0.16508011294890734,13.6320457117524,34.278227577669135,150.3307206028368,70.97990950015982,125.00424709759295,0.02111549881135094,3.8687110643138034,82.56787252994889,39.947706313724176,107.78812100515708,1.106613421264188,32.38505926395331,176.7350044121394,177.45254810997872,172.0410680775846,0.10497129035170094,11.495744316078898,53.44788115229393,23.42393465868032,2.5694899292762257,57.40464266595015,347.7044274486675,318.32083917684844,3.7661060513987077,23.79308806189765,259.88814795778865,19.081383399033832,216.97624239606628,554.2103708177827,13.381807050684628,92.86274262760969,60.412355676344134,499.2924450366181,1
0.1854548700578379,3.5522483341716464,10.274026353435259,13.312184140893415,151.26668435617444,228.84305406849757,317.9452881707929,0.029897365615041707,2.255660632514772,29.64385162447158,57.23753490827541,28.175684396352942,256.6770626289425,0.10877513122425231,10.548950153320938,32.383783206878306,36.24398898616002,31.735393260735215,424.79634080813423,0.4474857679171412,14.38343596426834,42.39052211326507,119.00549102084429,91.10266520751034,0.8820278780315852,16.780368888817595,83.40789512540434,172.15954088369807,372.5938677458345,0.8442575093426047,24.355101441360603,45.933487946663554,93.53847909242123,1.775299029990266,10.510719876478186,123.67424136325425,197.79779330919354,5.431478037153161,19.429725277714024,39.98419309953736,6.923064859471716,73.74770412,520.5236805080687,1.628798055610647,125.61046259218298,34.451144773826194,398.3470064774376,1
0.031156700703873174,2.3013405365967077,34.650058362710354,83.82612729708313,119.57773210637241,159.52347747916764,389.6985030983476,0.055026308709378496,1.5082809531481842,75.76716612725677,46.7096384913307,222.23206737900307,4.60701809,0.13052018415836708,4.447374114206219,30.79339660845865,163.83823435102994,229.48438829940102,543.0678746100236,0.2942923087037916,3.4803307922592537,6.896556947663612,49.40979281603202,21.64968106458432,2.518880766793042,11.56237552833607,79.30929629147559,215.6983014297179,182.93257499404746,1.1457958784260427,14.176773725444558,2.17529411686111,184.26193164657042,1.6620850134978151,48.78375841528688,177.30276940189438,48.97409663181094,2.2199286307454282,3.5918562341178006,28.189330179101056,8.156917880366047,149.92203864377387,244.90145527404724,1.5132936626242648,29.66741072043326,48.673467787464254,441.44632467474105,1
0.07597247341525147,3.17001572287918,14.975994016295784,48.302814979207305,145.55923245651894,190.79323999713208,159.74139075311274,0.11981484915846322,0.07383968,82.84189687985119,137.96270053969093,108.759418648749,93.73380396327049,0.15559769621831504,5.748923202730941,28.656397144106467,73.38411360525662,103.30306669433688,91.60835664237538,0.14436427782949038,5.697857993353534,44.935728819156616,257.89909256509173,107.73509983205743,0.907048444454436,6.215557821899108,41.36872190072845,343.55027800254027,162.4446215420774,2.2097093132206727,29.759412715385917,60.16143318556652,110.52663710014392,0.1334954623573834,21.590327247564343,323.61640553408597,291.92580882414194,10.355370079426997,42.01163632621439,62.78270524252746,5.221882057787628,234.42215945575245,577.6515105768107,7.696299500354471,108.5705395347922,48.90232386299407,485.4755211170622,2
0.1562417973502707,3.1179813931191176,28.546704782834695,85.18641207421233,181.9705045513664,358.2645047762095,235.69554986189695,0.25872981636509146,3.41454242205018,7.915418170112778,46.78252756292803,73.40168716188938,245.08926287953864,0.2400404030771143,9.753168401924373,71.78960391980125,79.45093625886497,172.01447742605052,98.63757347960126,0.4052380029986192,4.219284402956077,55.13743226701733,119.92725089691453,236.01009801269353,1.3920718748059684,23.330919175651484,110.07649817148929,265.6119852060034,176.09308197404562,1.8962983791157892,46.80262754630764,71.51320467096528,206.93559267607066,5.07254672045764,37.680534081913365,269.5595625896089,313.68419729890866,2.984971568274349,23.9178432938327,167.96573194132623,7.023090047004128,215.9162049963659,424.10073971264694,5.901362448336963,46.880002457288235,62.857460924207125,488.4717113019904,4
0.04918208648306929,2.510053676484236,8.140274337921063,34.23349494001015,98.84924396895373,454.54733758930234,24.84394781637555,0.22886227025656675,3.6954144411992225,12.339392018102327,60.04653051964714,218.49527037002665,128.60336690428653,0.1341371606298314,5.981105512170552,24.219813352347412,46.575379067450456,222.60572731170603,51.75468789797397,0.19150277255245904,1.7287078903651514,68.1345874552788,156.8014116376284,98.7869911749621,0.5356175502671763,2.519471707642097,47.1660311593549,218.78178962193397,151.06312068228942,0.36460022142909077,13.056892339936905,64.51612633080289,131.7934016569777,1.4857989562019338,38.86733961882701,229.44501901918574,184.19986448221917,2.3776728608164697,8.945110781246214,24.507686169084604,7.926315565464689,173.11251662741935,471.1062807434001,0.36292568,24.37920933670283,51.162850318922274,589.1493075870649,9
0.013969731891183671,2.9494550646950572,11.50427149609132,60.882634967506206,125.80948502348375,60.78009240351136,15.806282853662804,0.17738463207885363,2.0071890397198113,15.327570893345017,106.25455733493061,71.48672880223864,318.49594957,0.32013362285111324,7.956875669597212,33.77209143720608,94.44708815677556,86.50145378469259,68.23471669997099,0.9942430175149959,9.25774780205858,75.53857524678051,126.74662618606838,53.01168767033869,0.6799232188185116,12.133634195615727,53.26548029543388,166.87901900700405,26.56543094000941,1.2306626613036398,48.86239639814787,129.5241917597967,137.1053347359528,1.9614221695216103,38.04977245840861,282.28263895918735,138.1448446603715,6.799647430120136,26.1251203425195,213.56146969270304,10.35142455059807,162.3302264142589,509.5232361447932,11.47099345554197,131.86096230166748,39.35636194391777,495.761281994238,5
0.028853829256212705,1.116787746108369,25.081819144111407,47.52701663885624,93.50992273913941,200.52182627996274,81.76704999806765,0.02155663891323871,1.857237251546407,34.63091881758288,117.86918481720805,133.45172768009073,74.07362964202522,0.2594523832016881,3.3573065897460057,24.409621692059773,119.9515036904186,125.93349791630257,78.00442671596167,1.5648697239309821,15.325082386070765,57.17855991145234,95.30416131495323,124.16270986483923,0.46562174209363927,15.812353220105127,63.66895486984575,194.16940050106228,57.99200376296113,2.435603703589762,35.67789798456737,2.07886167,96.25062548671927,2.265272398491427,38.65875813727428,316.59617375976654,152.0548908441071,10.047484982175323,17.546110928566357,93.40119729828778,8.422865842208473,192.34472884941673,335.9860838724867,6.489624223075079,121.74329934839056,40.94566357948918,508.255871955667,2
0.08691252725623272,0.7322921615016362,18.091204045806258,47.04704829306041,212.6201004397093,214.3140906902495,135.1889642176629,0.1916275774104566,5.355635942386172,14.356536950048982,53.64799926387071,65.89261628369917,48.39794280458635,0.16702728463057653,7.256142093023055,56.3243830254026,123.29425198372867,200.59632007086122,0.38471548,0.3847844100136374,15.847679113911138,34.67045463376292,150.27944820878625,28.65363684904407,1.4797145521652812,16.289624466781582,41.83067516524898,215.10033642018072,64.51274369386269,2.537979723167798,32.027025841831275,28.564223914572764,87.81162584086255,3.5945495673652736,53.97677517854087,286.5168217307406,49.41388458668229,2.2545600054413253,4.829376042058129,291.1148972,6.226246820273117,159.95724039083944,423.589920805675,0.36292568,85.96449567023555,44.43135928055624,477.35165838590194,8
0.04303753144134487,1.40201411367164,56.3782306141459,2.24086506,36.169455811170764,227.12841099542985,121.42414652965061,0.06767767377626055,4.920350449670736,12.49849426875424,112.50541862387796,207.6139345934877,4.60701809,0.15420387886769213,7.539467038286257,66.88263278588366,166.07347889426194,35.15929673164587,573.56683375,0.47605997345781825,10.235446753564142,59.57797674523921,72.59281991074579,173.82794984130504,2.310020294516074,9.752668051799613,84.98257074298367,269.3109429833556,57.88026390748503,2.1949275898808223,36.90186463761086,104.19511691343044,95.22310413599672,0.03186483,40.46612700606188,405.78638429870216,144.9828242638995,5.2954695477976,48.30404372927201,73.51775150645992,12.088123924847846,237.84630914002156,302.23724285953733,11.323184066767395,31.659302558744496,74.52299596436796,567.798762143033,10
0.018694744936779344,1.6791538874601584,25.40322169356075,145.048561377261,118.57110085772328,420.02539328978304,37.59207055851089,0.23921477931560664,1.3104119486794978,17.504045249216244,90.83168869571318,55.754948606899205,49.39860754972147,0.22598061267401673,6.588896732733406,57.62822131455001,120.09509101336587,96.32635163978844,97.77692378092716,0.16891059188723367,12.959710387616804,7.3805689840941895,24.913178473996314,82.69716725516884,0.1371505552831959,10.920357369233574,38.50073108098925,79.78287791985034,121.9466817337016,0.6213928420951981,45.668369430260825,36.44108879368156,180.3752424631071,1.7661996032571303,39.13369347582803,228.03973038618088,140.7979091856487,1.9445766751503801,77.03136620052335,192.43874700438852,7.405102165707666,171.655068011765,354.47362394816577,3.8673424639034093,184.38337355882385,48.45984105805961,535.8061020690844,4
0.16470555487419303,0.9155035844063735,11.115826238333309,126.27175689044424,143.50298963306668,311.862644011827,380.64831026738335,0.11512217411370827,5.411334763173266,45.552507958393136,12.601635893138695,231.46969731933243,5.35165521200603,0.10415477666645025,2.4883287240830994,41.01072648141344,163.9047124002246,98.14291544051798,0.38471548,0.34606532047456073,5.240107848779175,1.04835619,42.29372028825129,42.02804108619369,0.7376028584125216,15.71090612320846,31.796391700681067,36.72394264073267,70.54296256424993,0.31636083515783836,7.096054460872374,64.62576000831525,49.23081456538607,2.581618716325635,35.978896094089556,280.19672448833575,277.48089023779346,0.7953917821932256,25.25481197074458,224.20751250203153,10.129406004117401,157.17171411062427,474.5279391274135,6.9354584713753855,42.534444621804994,41.00424395513062,492.72771304681476,7
0.02974805789670874,2.812920577686106,8.897272552192982,63.52216532756966,91.82559406351297,180.28742090023485,44.832759624933686,0.00274533,3.2331369962430343,12.471044093662089,51.897974253126975,55.90483155795607,245.90050362468128,0.16548157095418853,3.8101044101815233,71.19274020661022,39.96590479305978,107.6277244097398,156.84742417768263,0.237814490065363,0.8548254682445697,65.1035658993444,82.74775911021867,110.77308427678062,0.7235884040057043,10.306847255206637,111.34774931913088,145.96213043439926,13.41454638873606,0.05577433092248624,30.00930966751619,62.93262498067286,193.22791945742645,2.088981673626049,50.40162627958225,265.9347938089367,123.47498425853513,1.8463906490444078,25.115839361328003,125.87746417813855,10.7302298256885,188.51043710210394,473.91442348439386,9.440769406960978,58.420774883803844,42.95485005755975,601.3575099746078,5
0.0872138515717101,0.7241420988139189,5.773859526571453,102.34120808799003,151.0857001391205,359.79818698929466,138.99990585644434,0.2651748429360435,1.1539175886752946,19.224087726921823,133.44364870239164,18.272607560205273,244.28535383979417,0.00570986,0.26001251,17.264071371647525,45.02096213862748,180.29950666896505,237.93884671115813,0.14800236228152333,0.14045953,97.44502577106182,40.226657172329574,7.262656244900555,0.9355397941521768,15.00783895598224,73.92009287024146,233.41031604863912,168.74158804149724,0.03191206,24.64686197961098,68.2932620750193,124.53133400096641,4.684329894668874,18.10444931894988,272.88873187425094,246.55627140475113,8.870991189670608,5.908316844504952,291.1148972,24.19048701,239.59617651255724,122.8869357995014,0.36292568,218.87719999,54.17057309448802,386.73528241670573,9
0.1878563251716906,2.0716112200983647,27.484609056045826,83.49956153153138,267.25818716,452.3460327438072,32.57747826500362,0.3624040113351726,4.029371934864649,46.5550690009567,24.83156034459846,159.04030756829675,318.49594957,0.4507019154005595,9.71209835594704,100.13776656910767,83.8249637715931,182.9475478505673,109.12462870771444,0.08181873376540091,14.825120204816594,35.419203553705216,113.25451987137095,15.73365926617528,2.102539158410301,10.077273943237227,161.77481365897427,180.59206984275113,53.224669788895135,0.3520860835573951,21.91494629574526,20.05647560728839,135.9732157116118,8.608131490584569,44.02222884939141,318.26541242771543,334.7505941083939,1.236400686848726,55.54948885783993,118.78037814501015,23.530852991978293,267.8115378433958,351.1505807250751,8.519601914461393,2.167965244165803,45.19564688854807,455.6510152938211,4
0.053225076639819485,3.798171934557929,13.180954474682869,113.88072298713209,131.13008657614762,317.1487182302688,255.06681608069243,0.04334193757653419,0.07383968,24.784455205442786,1.76664593,138.52263495628821,140.7166717396372,0.15507493501743638,3.117695611330852,10.53937005449654,86.88894591858036,204.10243637196507,119.21169968840404,0.20259280974720575,12.252326079198383,31.61357105081479,162.6370748941956,117.64182452914763,1.349072231399675,41.82703757744828,53.02152883843283,19.065032547446748,58.351785607445535,0.6932971494538394,12.910041513745561,59.5813258223714,19.253988941366554,0.2989847851293521,23.66923547969266,222.6941465140567,147.05831272259692,7.827496775961375,25.283862507689108,126.67552890223604,5.180422790493228,162.95363313955315,448.815494696433,5.111237478829315,149.79943494280406,41.018633240807745,510.3809719969925,10
0.06258157614961424,0.988844873491832,12.827611124670872,25.60055956080401,64.41625647025975,133.56063416122595,343.071216559885,0.05996304739395,2.090003575775147,24.9921526403343,18.33377232506349,57.903263036707706,177.31283061221188,0.025435129273605722,2.9359520532399217,43.75964991952367,66.60149120821075,172.95342479318796,41.147567192882896,0.3338129279098069,11.6227600071109,20.762465058388635,50.65928155853498,171.78157744859493,0.4155898480645366,6.389794050521779,105.2604000812942,163.0775753973225,4.592380701645315,0.34389210540579096,17.137500791687707,30.931097065993796,116.28078402714553,2.982163014350358,30.415791424979695,230.69664677987,171.3905295562477,3.342243299479704,24.65446529909604,229.34829669765443,5.3251496953393795,145.76658599434757,449.163206378894,5.943432172348273,116.8385233917146,39.98532966525975,438.5281606425601,2
0.0017744917964408052,6.471102045760874,25.26664913733713,50.75691964923867,32.61369983818901,216.05211141582586,68.41913220983844,0.1614757787595012,1.6625424659848305,17.458042610345537,51.58022442381963,125.03351749462203,304.15135319301146,0.01334257353006002,8.656094032440743,22.255061673031964,64.48969152908788,187.14760883899203,105.5820166761191,0.18809578425538398,7.277110674932939,127.76739237963056,110.98853572941373,250.07821812335436,0.4101706320192394,25.776270412091648,15.60994540082141,126.37044174399358,347.8164492592951,0.060620002648850424,5.136336833052544,67.16626578826572,279.3958876789832,5.603174408829906,7.540481950925493,328.97747896164645,87.49039943170732,4.049363608744339,53.96529388702914,142.1177940711877,4.60035479998696,151.98273840981852,444.39158388881003,4.915502893115586,97.79040914806707,53.28665328409593,430.83978403653583,4
0.00109432,4.425875064457441,6.922465977532012,83.76254546309116,116.59330666023659,197.31438468121422,73.80252306298317,0.06904180493980076,1.469117153948993,18.142615374721526,48.46183597897689,110.96207748318264,318.49594957,0.1543936377769859,10.319300898103306,14.268901622711274,165.69102757029236,274.17408762118026,51.1131463381569,0.06190222945458668,1.9923119750691138,49.08473512389878,214.02480527077356,154.1647380267263,1.3301443585472459,6.920648632274567,26.17942960497808,144.7589380367332,232.92956180081023,1.4145346390924534,18.827429261801814,94.66743122705924,251.6488110596597,1.0598080917910377,15.53553149166265,186.05207435139803,57.53616401298643,3.27103802251175,26.159267419461994,158.42401383862244,16.076395245282114,159.65992504716206,301.7514528283516,5.498152429917606,90.5288673358701,44.065217646516714,562.7958284230374,3
0.06188700441623406,0.06251856,17.10460242382012,83.37409955822963,142.49898320327748,177.71998780507388,34.376570820450745,0.00274533,1.162889792346974,33.038380429416954,84.69214850525793,133.36712606898902,131.79514716450063,0.17476157880466403,6.554085517018387,37.89449058081344,71.06209254041741,149.73181541518957,60.61832575836363,0.10933460529274396,11.689501447178293,38.28359065967591,4.10667755,10.3687632897729,1.4964421406932404,26.649308961341326,109.18977335060131,270.2266439217373,117.43729344759166,0.7372065749404352,13.997461892061596,17.44065500891107,88.47924017052549,8.446019911052671,33.38389632538422,317.9752770060779,56.63459310803027,1.4869331910656067,11.26062308342133,96.04831493765623,23.27928167134704,251.1743841167313,412.97237287064644,8.406879150637899,135.51884810128834,55.76298611432627,498.21444587984536,2
0.05957036380839045,2.7883836715829937,8.930859576162208,29.44074103496273,74.11951990364446,255.4432281118061,261.8221498326137,0.1608331885417687,2.1917459967343484,23.865093423695097,171.44561688843814,222.41619741668922,13.75740421418439,0.2802741523413087,2.448116411240739,9.526104866241404,147.09149717796998,61.962726289814,88.58996482541367,0.16070901492234974,8.570213035032651,39.42380528272211,138.38677493288222,14.813347076521097,0.813263338067666,5.762757020816261,113.18759463179134,302.53782040020957,180.19509011913036,1.0478021720985842,13.409328664804189,46.85582996198247,175.6022789670945,1.3215800740381103,30.917142014729123,253.11331279397473,73.34423790701385,1.9869122816841225,11.720680208432611,157.65793266920892,7.654515387477042,189.69143763297765,443.4065005103897,0.5436302904405275,154.9074089655252,47.108162386827566,413.2237690759632,7
0.01975065453025754,1.0981425304591523,20.584661735051228,60.79846303461122,63.85381011560109,165.38606576191575,196.93964714098234,0.03924960841905424,1.1526525733755566,29.054032181827584,53.33844663593467,134.8575178064833,4.60701809,0.15130404946645976,6.905254610340341,23.126561638607566,38.4789495807423,63.50636711845199,69.53849501949108,0.02567473349071575,1.9755961086151623,29.59691136731638,150.1448318337213,176.31255720846042,1.4328192645372462,10.442516219301204,65.81828368131269,119.80830890841628,236.77282731518574,0.22736620990549955,26.44251631923816,141.35092990127174,69.28185684167735,1.8184464732671013,19.574945912527554,146.79994081090211,110.0901448671249,6.943611042018668,40.056719744636915,229.06622472472858,3.101037260112041,73.74770412,351.3088351027929,5.3289696072708,111.59361757877619,29.006293113321078,520.8363558245635,10
0.06978538822800569,1.5952001877387734,31.06347774871042,33.39558934738252,145.3121847988256,397.32129519806153,43.07991354375842,0.043192727306814255,1.815616569067461,18.04886942919422,50.38017480493539,162.81420636112614,71.4358485658453,0.199803484120936,10.113589173383401,19.241039739252468,70.77445438358488,4.6924618,0.38471548,0.18736206718650295,12.466639490445253,34.35270865300584,77.35956005809551,66.3835362441741,1.7110290306209555,7.14438039532911,98.61685465422612,105.11835827574797,100.95050555672954,2.0053779234499545,8.955415049340193,108.23873254074856,42.43256484583187,1.6219131457749036,42.79267559878863,311.4118645296421,52.07913626367275,4.123485568419767,20.69929819251048,59.66805467576603,5.279804716464916,162.9429653804196,315.45189424139807,3.359251019203795,34.55070228942169,62.64570465658288,435.70206851716347,4
0.18981218437518427,1.0176532934946352,26.519983871512625,84.68363902147493,131.08148475986619,248.82145424307618,162.57896569420765,0.08607098306018207,2.7490269560369076,72.0798085920125,135.21424733827843,198.3328228613047,4.60701809,0.10143086007719956,11.946379196870874,15.414679745110693,8.315433402612818,321.58761996892804,30.294847173060724,0.19768951820592529,2.69391903808687,67.88181391908321,142.87922182497465,48.682013638280786,0.40992178486717257,21.76826299282961,65.90033875902003,199.92744538161412,333.15424095826484,1.398644338840192,19.948038429483987,226.13653119874425,38.93974931846071,1.450540950303866,35.93249785821776,271.4047987997158,96.43737368489326,8.30993678051828,60.78513942598963,65.0035041947566,4.292641803515569,235.93247074701426,471.3225692314564,4.393148386800715,51.347927586217104,60.26935734631566,553.8213062428035,10
0.1232468670810873,1.8166509810446088,26.36897289848429,53.411040366103144,191.83257693641687,245.5863561993384,201.2671450765533,0.41202149367870616,4.096244957944387,26.85090199202594,112.88722547030078,78.56736209401274,311.8973990515084,0.09072181029947356,2.2627619235259537,64.95331755780423,101.42386711129801,171.86885683404316,147.90584275074912,0.20317046591104176,20.463346535914283,48.2037160124034,220.38525807716948,199.39671278038384,1.2350102871525093,14.583183433061617,38.20700533829973,318.458094926849,143.045032039885,0.7832048931695885,50.56131403766624,49.54332765815764,225.80863149267697,1.3660480445342245,19.55878916063854,223.0580155908358,27.67962818815715,6.072521943534201,39.725142121938056,130.71698165834553,7.56722474184482,192.77386707467326,268.62752056686634,7.04425172317235,46.39290578868674,49.03888508952031,538.5394645701402,8
0.023688488177837357,4.136799627836862,25.447334773967466,49.65377689989213,173.66436973884134,363.92277064877396,149.1647449019985,0.18304327764479322,1.9413218059492026,42.359422311159236,126.29005276769092,150.6092299726534,105.82568651551537,0.16339045521503093,3.541816341020322,28.511624214864874,116.97487280027156,213.1958800335094,396.32937477916255,0.34072403552622654,2.215940079636865,74.13139313894483,127.56293137984972,189.7349683133233,1.2866777121757305,8.004785408953516,107.35276203154785,163.59005206710825,48.601467059261644,1.1815717756125643,24.249965603419597,34.039925060511635,2.2606416,0.8812607765960783,35.23537107736058,254.23232853073884,54.82994445570407,2.160954789459846,20.94914147007363,157.22271949713277,6.98818623084491,167.0088975644504,334.83227119484377,1.013614921130403,99.1698103896248,58.74587663939656,561.5983194197346,2
0.09028043854411816,7.63787068154209,0.70062194,82.05170427182063,127.2981676775174,468.35679229959726,122.92494572390393,0.06263774156653437,1.345112889396013,32.13089787971676,33.92572150279263,113.50628005569573,224.82038224150213,0.21780120323637467,6.623395986202124,23.86082584223485,61.93721784014352,279.72298975180814,309.27654197602607,0.11952370007379962,8.32203789451724,14.649459710571426,139.0975795687644,131.65688033158557,1.975050174158854,1.9670995575710322,39.32369269012989,181.16457975650397,70.01679133599097,0.6634863773023094,18.785963316106407,55.55956086744932,94.07402178648125,3.9737964503930727,18.47963396044407,214.32873015144338,6.022494508773416,2.381997498821794,12.874853463729199,35.42258417894088,6.642467324717926,218.46597302088347,426.59340879943596,7.872248397466283,39.43344720527545,59.070633107246735,425.8634445685735,9
0.0313726579807232,1.3086776717739532,25.806389114744945,107.81492659623143,154.0344175084573,226.55860878051737,280.20304119063985,0.27134163039933873,3.1040628842335565,23.883464718779983,60.63799088208144,82.63840088810846,151.99431570078823,0.2129812027693941,6.581374377783346,23.21322919518174,139.58603876755916,281.5957533117786,21.592094647792518,0.1708003534423506,7.435294027117407,41.38009810798409,56.34758628090889,190.55920623254008,1.366322571518285,8.993434466461299,132.6250744588389,112.9622853519681,153.40803174962477,0.4577165247238642,36.71263375137929,87.42497007141432,93.25735509193487,4.3650142420469695,27.91854623627421,208.84300777463798,20.59625398375283,2.859576782235983,11.217467232650357,100.54218711848023,9.396653419358179,141.6091034876939,430.8322049209866,0.36292568,134.49828949203143,41.98126468769735,567.117754743516,5
0.056770534769538264,1.3680424411770153,21.962974791022617,89.46708114762072,99.71026950915734,491.5773082712009,351.3332209232659,0.2858507616751892,6.613220730248088,16.58071419936345,1.76664593,231.76807389420517,92.89462810261158,0.12409969617571404,3.423691672614915,50.253620852181875,126.7891804973834,117.45903935468188,53.0442509760437,0.23870192006500748,15.565335113168397,15.051734155823453,60.46158086296881,32.84748629105659,1.0162488488772354,20.429319706906963,133.42999401959125,12.230045685838888,135.87440116308443,1.5116943863459125,3.041054137636797,108.52456165908363,137.82404865438053,5.181375805049337,10.173709985028239,167.06863851448293,311.4113447168436,2.3690086234338374,40.10531910196881,134.36626069591438,14.414649635063963,73.74770412,406.19051438027446,8.831819734391042,171.1167619155314,22.02129515,406.2382980497636,2
0.08616357374827557,0.42129485300380104,14.550592005311557,139.20268916466205,107.47185143047774,388.3612724053762,43.14391896910919,0.25301232005014473,1.9854162125364574,26.929044683795453,88.00936545195839,66.76345901609159,111.40848462452331,0.12352118024219941,4.020390782455658,30.302307455986245,80.63460118864933,84.6465224526931,31.96146043057317,0.19838387508905014,4.510898917838219,47.15254754429039,135.3891048278046,105.35483778942826,1.5274423428175576,10.227966392241472,36.731685799653,69.98758456472845,61.38738277787935,0.9395145742776905,19.949521448394375,88.5317183945615,86.32222746004264,3.865246582895087,21.49771725054066,283.4870570503939,216.90050747862955,4.118015316788272,24.33982112618865,44.154681447482474,6.561332530595601,187.56648381954355,475.5369545548777,14.547549227686543,125.84203132374262,49.66908247384063,534.0610369495147,2
0.10275226312109396,0.5142937320563017,26.023571472103168,27.504982082839234,45.48124789922656,271.1783464669153,165.92032544545802,0.07973404197953739,1.8524611497610404,43.35058031025925,53.55828500736952,131.4489305852827,4.60701809,0.13215237253816298,1.776179287934125,26.784032468569716,119.07967004903884,149.3960430822852,140.91195201304524,0.19397398847140998,7.609116988675741,52.191039830709975,83.99763514004772,69.27842968877158,0.45815983265179,20.81370921645875,71.52878313439504,290.62173021588757,162.57883382101767,1.2788410564343917,23.36922307803113,137.6896938606411,84.35872268006833,6.466278436539375,41.48843821854927,295.9170292181266,257.17300909071724,3.983868315991561,83.20212322773584,82.68843394129026,9.533537510741532,179.75151196381117,484.2088680820924,5.412489476463868,44.850127328802095,49.448586843851466,591.1791096251485,10
0.05923329550731652,1.3681215327994616,10.404032585808137,39.74950416026064,141.74930161968206,394.69903311441385,432.88773046800065,0.01402287955262839,1.4187252406464457,45.91773342226428,45.24692876607293,25.872075682602627,18.7994724293452,0.12384177008439548,3.4095992903180545,74.78496987931013,68.15886853564903,146.08917573632553,131.59885243445257,0.22464132480509114,4.065411143589808,23.419331384157353,68.0475494936348,114.5582543910428,0.9437634731459454,24.359907951694495,96.39488585043586,103.87360257041777,422.0058427263701,0.6704282368708605,18.610484703440985,59.1138343974946,145.7638513107607,2.2463598377447824,21.446788259203693,255.27255190196897,27.816971333154516,1.2628593907126495,27.598355248109485,79.41216667795044,3.7999166714599917,155.4642870286375,444.778287711993,9.164834138790837,34.887483427602184,41.36888558040026,430.99050090986486,6
0.023709931169131854,0.49663613386785493,23.6452208597035,89.58863092026266,75.00728492485018,205.69799476865683,213.35169910128656,0.07696615205510049,1.5350754702365998,6.81215826823547,32.691544030016914,179.23207665888435,73.87489747273308,0.07012870961414304,8.25353927405129,27.37484709195331,44.58745617315447,178.26078517963236,105.68470921973396,0.15785128278851113,12.53750972460699,8.424112213528879,44.66159550420381,146.18899463623558,0.4194447104209108,12.18374948224225,90.9387257791265,141.07509811588818,223.94467021314685,1.8175960218872762,5.643058496127745,59.51998700907207,160.73771610149677,1.7523755190622654,34.03418392460072,241.02543520037364,145.25424206275184,1.4783012112807616,45.63111194710347,31.753354595448364,6.084993455862893,201.65988658676397,406.80565225767276,2.2605001882209717,19.09580236174311,49.343532915487536,570.1203148594595,7
0.0743923039894846,1.0503119540584778,25.528239388851667,88.33301915740705,129.25663338110644,198.7009125514727,271.5488267060431,0.02379904809973627,1.5389268149822637,29.99496490401979,32.87998429905911,34.601631782810486,13.462423017194546,0.22800726028694968,3.428709872704681,38.3379330312747,154.12458073513477,267.4814415236591,144.69646919582487,0.021956988316856427,1.7548594004834346,64.6648468046515,195.58202823189254,77.64122125643848,0.19425990385370923,18.501068833767846,85.07214808205948,327.3565095287292,91.65493247457377,0.6001617233769214,5.537382601631798,39.69406199640039,61.91870955861693,3.9478746922076895,41.69118176184956,351.479570445615,33.64190413656668,1.858735269059894,14.086219997174515,74.35856435486605,11.674230779104319,132.25188291702202,546.3638276989482,0.36292568,99.0182857781171,34.03156434251426,539.6394154080716,6
0.0471908461006571,0.9041241657990646,11.26636296719581,10.582198917749349,63.898900272174735,80.4323337539274,377.94895724172704,0.07945196428618215,3.9349662586800256,83.69454697955656,143.4059926693355,106.05432287851833,4.60701809,0.18042213195443288,5.700183142073725,11.797970259567897,63.07497530758872,302.7414046164058,68.73088422272922,0.5929877954710019,9.317935001396691,24.31071236037336,21.81171906374104,64.3312078480007,0.24778363461696473,10.473687593964009,61.705703222908944,198.3133342092515,86.50869658037217,0.9223684951605217,17.078159199481494,46.27833291799017,104.36651285808941,1.5635233234551664,25.138780242538743,276.9397533301895,180.99384188290787,2.699485827334001,39.68757892190434,36.18137535006692,5.9414191104304575,186.98051820057256,438.6221952661191,9.130886560264985,22.984689809593476,56.504370474416326,453.99423255095735,1
0.17088773930953313,2.637754572125617,15.766914806214903,24.645488345900674,204.59736018673513,317.5425806675794,78.24263865052231,0.1727573134941327,2.607873976825457,9.641189021131687,86.24981381778674,81.39945634575031,142.59958327501087,0.22268312209684438,7.157015489155262,66.0429860044415,57.383903089840544,340.9771644421704,51.00995422348075,0.5496465974221219,19.170448643340904,84.59114061536705,79.37437218116881,87.43236495331095,1.151926647602501,30.416262384702765,100.38780990809133,212.2259716351407,57.63442636216034,1.3255471792189726,28.56941447621376,73.73347500590152,30.04905528573768,3.9701150388847237,23.972581613808813,299.17675817113764,36.19892855043139,4.315369705954207,29.122920479880786,94.52337991633705,11.129201234307205,203.99181716614305,466.25192142331787,6.046470271239414,8.651085702762316,59.18349278821701,373.4259400203642,4
0.18860448236324445,1.2871826668261057,27.03924624104572,89.54076184223878,110.82216181749024,72.43772818837675,29.51337677143445,0.04150193794676362,1.841803425086748,8.91489551228633,130.14001839001182,75.73247251151712,168.54465089592927,0.08913975078496475,9.973311545796966,9.81843585928981,212.4744269737663,127.00843198539248,143.32966268704453,0.2162347722320938,7.093027829149299,41.665244892886186,27.161362090746245,230.27475308120694,0.8298941729439085,10.546931238921678,125.57973129151385,226.18736935645325,82.97802008012802,2.5128871639919224,43.65518054921105,72.88184913650309,118.20081235665612,0.5861780383594455,24.39264609307743,431.15745581,116.30999297242177,2.235721767942504,34.76174598503221,42.37434492879336,5.719159082851407,206.35363461640867,354.5796726178432,1.2986304946975924,189.0120489708333,53.54006933390351,510.92486296791856,7
0.019930928251165783,0.6745496542789995,34.318491295852084,93.85257855435285,153.8604742973693,225.42649869577508,204.24643011748225,0.0744322912394215,1.3056112910008495,2.540469877622539,88.29713641136635,72.25756363164959,120.90100717206747,0.3491471639473224,11.711842261225982,25.96668940570021,121.01320461021903,69.9473069376563,31.44147111797544,0.14611032403028862,3.5315486526399305,25.725157721445928,125.43620233911903,34.64314882624413,0.48682444322906754,7.025485636810243,108.87824462058649,181.070363219243,96.67728964176047,1.0181389527721636,29.9173844932112,46.76432584159829,78.02122574270906,2.5722325866960567,31.352962298628643,284.7663981163677,149.5011196890503,2.8669207504540504,51.387721544310075,183.16627718970528,9.05169223976851,185.37009141528904,422.7096744191993,4.729034940778307,172.46661104586653,53.569551830635554,420.2060478656892,5
0.0614866212054864,1.5546809470030998,24.994854377210327,41.01315302068132,167.31029278605214,211.30979341697278,166.0029189705311,0.20836835315361818,0.7597100446885732,18.460249721744322,17.663689853974194,47.21142391125795,44.49787845709312,0.2318793599588764,2.7873320517054085,54.11171839641221,159.18953380710715,90.15371452385887,49.36686519863989,0.16157346698971597,7.319854086483634,95.53429214933666,58.58460170322668,198.62195233136626,1.3594826967615161,5.38620486531769,114.26364624007459,166.9629984789756,223.52883223912343,0.5467349663957759,16.969977914921806,146.44109689283013,114.19545078649269,1.8253731003722797,88.32356691865155,240.67440718896412,66.49216512640581,6.218252324585348,29.219883951708724,74.8533734569524,9.160281636462898,111.71960991949962,430.7425392401802,11.470804246389207,115.49715492316537,39.89086118202171,441.1712587946559,5
0.07009392876398748,1.2679652831599184,24.964662576790523,55.91817713133232,64.798842674945,141.83651412075517,342.2983860584741,0.08892675056292328,5.404730999248384,14.842835843148267,69.81102718834057,190.06412372936225,137.4036615940731,0.2484940504561068,5.2563639417464545,19.755540227738685,180.3091662267458,209.38630688863174,242.45268470089476,0.13328112095295694,7.539864386292863,31.716344398776364,28.30036213481017,50.18479715766049,1.223169613730277,13.072009416957366,39.817928941519725,247.38775619472023,296.0284362954481,1.2210847475916746,4.292049258864474,3.5804489823532215,30.16724004697447,2.9029418830052403,28.903805342977062,241.48467330490553,178.82127906179687,2.979918310618527,5.65047556327298,97.47032154713781,7.36042859034618,198.3583743349036,473.38470414286263,4.060963009846243,40.64210466659556,55.4673935924169,501.42402728983086,5
0.009759783888900902,0.665570833855918,10.631051480521466,85.89312210428636,25.247866841183278,286.2776316510526,378.45905825394345,0.030695252109406077,1.6648825336502295,3.0213999267011857,44.41713000495896,182.03551519204444,27.420765963329476,0.1844781447297326,8.057740926609748,10.889694701203306,163.65509421408078,249.06799032101696,103.71580018793716,0.1307012090155237,5.036829688971524,66.85804200301425,41.52687749166324,103.99142044789434,0.6248384293780107,2.2051084848195632,62.08723104993692,196.68631238389358,162.22340746139508,0.44072009814358815,11.47196237423316,202.01935935594264,45.487270099792795,2.8831614265806955,51.207702431464185,247.22622076135661,36.34333478261027,6.8247579071962505,20.520314606580897,28.989381896926638,7.112873089274016,199.37646299516862,313.15008769176325,2.3605001447963723,41.48672218946396,47.522903912459356,562.1435341306868,1
0.052085287814473094,3.3004430006941203,17.26469304997204,34.39408583200956,66.01412644088782,176.22548877656854,130.93432208065252,0.18151146743266414,7.240445517845852,22.4588668248726,79.30846451500513,191.89361095581086,318.49594957,0.30398330812613217,6.918044990931467,25.09953476760388,118.02094287366862,65.82951185505995,275.6217371848104,0.306347283111524,29.98067919666066,61.2067786819661,52.61851340346063,169.06135603374167,1.4963490500316443,19.4432892269575,61.186234496257924,219.55213393991545,266.7849896353527,3.2400646632640164,54.56348946477489,99.01510652376888,151.75906248317852,4.045627200003718,21.982506709179408,221.40407358143875,245.9865567789175,7.173862235890458,51.47834513718345,89.16466951043886,8.148169567282327,175.8853948891348,469.9211595714854,25.366376706639564,148.73734274702707,55.59251203100684,485.99775785327023,4
0.30331765951901246,1.1374584714837408,40.18890546488889,84.15548148086371,74.5278461937579,460.10628861375255,275.3215133380654,0.04732398224076689,1.341941676737328,53.11738019841782,204.562518952713,125.0507871277947,140.20602882118737,0.47876519135597184,7.971197779484399,56.44791574253825,49.44008624022331,49.43807932321786,82.2743208774374,0.1855724716639341,13.46083837981168,121.96289713833366,53.15173217470826,170.30199622339882,0.5307157774399485,12.523166558274486,106.89981185350814,242.20669532277913,63.59065374552307,0.2981708713695912,18.415808098178804,46.62007684453385,160.3811767042456,1.4305515750456146,74.30836053852664,290.57715743650954,90.84049858141881,10.72214050909277,50.86528836677075,40.69113278809321,7.528238703841694,194.57331908957104,307.13534045285735,0.36292568,47.909836934497456,54.10768591796107,602.4035021931975,2
0.044480171680751544,1.3021014251985408,14.05106286580546,33.17298513895783,152.7293047339635,306.80840311389125,56.75938989337703,0.18232935274413273,6.891874434520613,88.91242953,17.79722317820332,137.0529004846827,238.51174361913783,0.37577418389169037,7.8531058785459695,65.84023927459704,114.06475040826014,82.46126076789936,450.41781819046787,0.3458969690013552,20.85050416452848,26.425872245265843,103.12023625812105,88.30699089474484,1.013948903591921,4.422990724763002,35.321041270824885,273.3202901444425,126.74828630826767,0.05521735230080138,25.726300023957165,22.851703972164337,219.19953634680795,3.39446933770906,37.53839408268794,254.99987837878754,95.5494736060183,9.748633528490984,41.633411666342234,209.69050112447783,5.772572780415451,174.0437132871099,301.9948990808274,15.63382264508332,73.84782293358586,42.69398377798474,507.72184404497995,2
0.05959655789677645,0.7848263358366856,32.28201743059407,156.88436443322288,34.23221188403693,187.53011968095896,199.50069827283042,0.0920128106990415,3.8451676698245034,43.057253482923564,165.67932886591396,190.63329554663747,31.830456713410555,0.15145763918470365,9.846553910463209,44.02701993567064,59.34577034014289,63.497300500385236,149.87947077368483,0.2200468951220083,24.15386346583072,26.961120241599268,109.69841956674699,164.5128450674262,1.0559589637164493,14.95064882200937,66.59845452343653,379.44520929366604,29.265583026848205,1.589848381818675,6.804579517320143,252.38363438813587,114.2426060323196,3.4935228981918636,39.210282363990224,261.9900989902757,184.38588677315715,7.948690174571531,44.95758655090449,105.562070737912,5.544283887510023,156.28986664917022,418.968476538085,10.053020279470454,89.76477660303833,34.811841399927395,458.9471603596188,10
0.022934242938378147,1.8906187047881742,21.227281391568834,76.05235685523446,124.10163162691416,91.07826733587166,76.82447587189833,0.08256752320593286,1.483839483398273,7.312803525282951,116.10544035696577,124.33775691456582,144.9588403030382,0.21906972281004075,9.72946397539109,63.08375347456007,211.1787918675548,177.88040422830315,61.024639030480216,0.43679050941822284,4.030805309643583,22.55488508529156,98.39029629508263,126.05479974376092,1.1337391250227367,8.007684825799156,112.74290905193072,181.73305369781468,60.86683998054683,1.3628147923459413,36.6357397957735,161.65590221423176,57.11527363282929,4.866690568705772,40.42386122348552,406.74835759952185,114.15117453207883,2.0493936427611077,58.63080921642592,240.76742813696058,18.31826233983488,151.1886169928546,470.1386131511829,15.428740871222102,100.90541648837393,60.50008008063881,410.701332992791,3
0.032381608621198925,0.6863455656664246,14.979856046209665,52.29315951132533,145.6124238144332,264.9126390967224,228.04388619370272,0.0759468965867919,0.07383968,9.515590977579368,27.90268574484047,35.13546664542832,20.771084868966057,0.058824573083109954,8.119199372107131,20.42171068616675,68.99287929547624,270.0943415285333,252.24737650954677,0.09079792126963634,0.9506403601611133,44.640251486320906,118.4762045627994,47.13758469368565,1.2636029753906575,10.591018082417767,8.666933950238434,167.6118858937724,479.5689755740481,0.2524765771951496,16.10053114964709,211.8387135980997,55.585283995545964,4.577892363997822,22.573501844979972,345.7232424986335,211.18395349889312,4.45211063461857,10.107256219075023,43.23109779761775,3.9277509765682694,182.67109999992522,490.2338596733348,3.9984378170575208,0.75313,56.15964916751495,599.2668275865764,2
0.19735082310000335,2.2126363766646486,14.457921647572384,17.840756260117065,148.97762068459676,207.32424143369636,138.8812016103852,0.1141837054805792,2.0548430270914944,16.58359738565261,95.48278608815961,187.09984019592102,318.49594957,0.2840809412473005,4.122461996393874,35.82539178812527,187.81457789702515,185.03989519503295,35.22221614750488,0.4343501125838344,16.0319407007585,48.46908677391879,199.9394620280065,137.34447831068246,1.213671518697036,9.861778707128817,99.30738735592003,207.69092300370693,76.85623124386495,2.5893880846363215,24.793114607508333,57.585343961364245,129.39035504939648,1.9538515154160523,37.15756109373176,247.22031747091654,30.516058294184738,8.191290837556313,24.10797213611275,250.07859359762418,21.019925355837056,206.25908409514074,361.15786511910943,5.379587944962907,145.37434374849653,43.799022520691665,428.3645941135041,1
0.1148483558243083,2.1604433179846128,14.254786211220283,49.502930928296045,83.22984245063803,434.8743076134663,210.35347009207823,0.04044869725365002,2.840726550146368,29.32517377580034,134.80893435734555,166.65838115043795,4.60701809,0.09872724594531701,5.029223484528057,25.27340595624522,41.29885971930023,66.98841676441897,81.31729115788119,0.8621087503436025,12.620641996779945,126.75040730233573,54.04945454299751,263.0770376894055,1.1231571827344258,11.809041620953828,96.334016391385,117.2419741778795,74.26621832889268,1.4154253983611076,50.75288112151152,97.17330219645598,213.64282835773707,3.45386161791824,47.85469486664794,224.51797914433646,339.30407960553504,3.2869753568498985,52.89498481165319,144.64475282311412,9.422900000860908,126.12334718998405,448.711355483876,4.727537154132026,13.901383234960395,47.38279026891538,517.2458621169034,3
0.1753505902410056,1.9920987450352943,15.325937906440325,100.71616108029433,158.36958406116065,326.20808698982717,169.94170221120154,0.10550818693665895,0.07383968,16.097544739409884,76.65253381558344,145.894002266471,256.6770626289425,0.1059326216980559,6.736183906511039,27.81159704322728,234.7965813696032,208.9466729459766,59.698163919120205,0.14176155198594012,14.044034108334092,110.30296326358615,198.26923810747047,69.46414843479805,0.03262522,10.733673602933841,153.46378983027975,40.27284216222175,244.77029955501206,0.274857622391661,16.24994826848066,31.14285123386423,187.73418250859146,3.0168358217424447,18.33058439755196,288.60488097660993,149.3603463062119,4.430155088400028,11.62971729326346,114.4702738130427,8.348013664311717,155.37971083050175,495.4404568017548,3.3949987953773526,89.53356671599403,38.17335827399301,470.03146682656313,1
0.021496137980279145,0.4384935653400954,11.895299370190825,29.387416159903662,188.32094944680026,244.4102672368673,28.285595254096542,0.01989054421344208,0.07383968,34.18694900084943,79.64755842684454,158.99347042866464,297.3047064179297,0.10284372799819276,3.039779624984751,25.996855755393216,48.65662115493393,106.26746590310528,6.312816307138725,0.04639880646907926,15.654421093879668,73.54572286467688,135.10863473559013,124.94154168110214,0.8811605698483391,11.56097073469044,43.659776057117476,40.658153158732375,279.55455655014794,1.109257466653597,22.73795104814871,86.61989306260091,200.7057509926712,2.1411161270199193,27.553356898980816,269.4862233288625,239.43856578591272,7.426196661137375,65.77973777219985,79.11823715157733,2.805389136310882,178.84195944626094,384.4564594123026,21.79358541613073,170.40186024755252,47.860845051887836,653.7107606263278,1
0.03466098062681691,1.2889021757903532,17.967065570082482,27.177119944110423,104.07976626249324,284.0370663771994,128.30897733752522,0.09868270415602062,1.4525318370530664,27.621097810078595,139.45354165799156,187.20622076226053,4.60701809,0.4796983663883447,10.845919424008319,27.057200394222576,85.09852929694789,123.87844964759736,97.69371484304624,0.2421359788852935,10.129083426792413,39.27906414591223,108.50181265779598,69.35881570095867,1.5982590177400293,19.287958094604345,64.5869979910891,141.73125101197004,32.598546925105204,1.3089481337033493,15.736701339412447,50.26552244320835,213.94149008796106,2.702105825172908,35.935667168579386,179.19532379370645,164.32053057533668,3.264329516973096,67.20716634421144,171.87303776406483,3.8642964241058646,84.77483180974247,411.9060815633059,4.7784315253338105,94.30360434921344,41.35244326432758,505.91227989409464,10
0.10468427161775719,1.743365996065009,48.86329512319218,72.8077488271156,113.90155557416826,123.3634511231002,463.12826411,0.08541733892436326,6.872956482473871,23.974761197392166,22.205847344123605,81.76735075789932,156.5964338388169,0.33408345449528265,4.249841284869974,37.69290150609456,29.351841736574112,179.65731465668657,382.14206705701037,0.12590926805714145,28.72941073059883,8.89965733145337,59.545277570678984,29.463461175881832,1.7449096348383475,14.6005224783192,134.22233698707745,220.51818984108857,147.53029845207982,0.4905168040435016,19.887202532410047,68.87620753551836,228.4120012553745,8.207612119124684,50.72845303418889,322.01224072491806,164.43783351618632,11.549767157202485,2.910855044650143,14.973292445417911,11.687869963951186,259.88872058872636,569.0917009760618,2.480440695596699,12.383653700517556,58.46780381763612,567.4570832048624,9
0.01280842021237781,0.24022105040901742,0.70062194,30.105953304167716,130.00353732544386,212.03415971091954,221.36682970930917,0.08800304865739991,2.2333053867696835,7.983229916576656,40.886846098239175,115.8230241516014,148.41032308707932,0.06111483496956073,0.26001251,2.483565268001744,22.337393901905983,83.85418272594052,106.0383611234352,0.116686154894968,5.148839565969316,16.227759329514114,76.91519979301145,89.78370001629591,0.03262522,12.587886070862963,15.992559720591277,252.37752413521923,169.4082089806626,0.44665135700274483,8.479996680763444,85.05070622874783,99.92943627056592,2.160616227053012,39.58584944289893,315.28370520200417,203.13674719276582,1.10662767698601,22.9147967745171,59.85170018925792,7.609740575156422,186.28316082579153,564.9368675200445,5.902329925357712,9.038974947401677,42.47515349620013,650.67653935876,1
0.05058106796482645,1.8829921212904748,9.05938861129452,14.634977460356122,87.16086948550192,263.578693688012,152.0553287580036,0.04691002268520705,4.911131495665918,34.67998811542428,63.122916355506945,141.8489436011295,96.26802595090734,0.3184208295151468,3.1591378326202824,30.944080385004675,51.3317575582594,62.7449863695374,35.30245120681082,0.20532901769590445,5.877210724091084,64.99461235919293,91.87734734024482,157.1525382599482,0.5958687250778469,5.000990014665,27.660364681776105,296.5966124579573,61.40074660498125,0.5204801810826599,22.747641453432653,57.430176857215585,257.1844716650199,1.9644416925195436,24.96682006597681,281.4904434040059,7.820159639617433,4.3901740277822014,22.565072075300733,151.89174796808314,9.077738327644825,235.71065672062588,281.3395973384812,3.846359981750494,41.02573117380659,74.30172390118224,442.4590794981295,10
0.07115987541997268,0.6492690799221584,34.1949169194452,52.989550822517046,128.141840328279,350.5105925134358,68.43774860568404,0.16934420508683523,3.4155123335029773,27.675100200817216,70.32677821238738,157.04370647068038,4.60701809,0.09288460924828423,9.977658129764338,51.32253423820704,52.794424885168354,200.6350565135365,127.65441072667,0.4554029451860876,8.250570693837172,121.23985577968045,31.147015570975842,43.17442844130301,0.39927170111796373,11.026006806636367,58.98545893702483,85.27625464082382,96.64313854354808,0.547037988335467,5.949286795722018,131.34987869445868,19.238692997453708,2.2564051124278963,34.579574482608656,247.24109943948397,111.4180728540739,2.1921253986517883,49.014642604866154,19.337647914437518,6.284147341802007,180.77038683570098,257.2111226765469,3.400211288048502,49.562642441166496,56.042139109618724,472.48085198573744,10
0.021862569551811893,0.4327986006901277,8.894735739032614,19.71019323608404,67.4755182975511,385.46665051939993,230.670031462275,0.0168699755507171,1.5734051376519993,27.751030913591045,143.47781541795976,41.729150423983285,11.09072834916941,0.00570986,5.571805092570809,13.20258324492978,123.35103774700734,208.64969111431807,157.5981368710782,0.12128389124861508,2.9181882344412617,15.594168875969668,25.648782386896272,69.6209910965777,1.5026812762551125,4.5221815955489895,54.519112647991975,148.1574203759925,162.12593887248195,0.5102497232775627,20.120235897099914,47.062377882706244,126.4093623623607,0.8488991529114105,47.44114497360056,276.47017673229647,55.98593505640525,3.8382368591933136,24.549361762479627,68.71986988461224,6.314172739072457,202.68923557752646,430.08588321723244,7.564836197675461,17.908863414702502,52.812634883165316,478.70450143117966,3
0.11366926450323817,4.197630883824844,18.504647709646424,75.34843904574923,92.66990865551202,307.57929184043087,171.0589077962985,0.09986843083936921,2.091273784969202,25.35301278605399,24.394335212609093,171.6414310996281,145.2337502100378,0.5088526396875903,4.7122317958742626,27.237193368082355,93.40878046822675,252.87952591317483,134.5711027839666,0.21381568255290123,6.5246922998048085,22.916418489132983,50.689777626905546,91.21047492155833,1.289590009775854,8.991215693484389,43.968077819533846,328.6795278903124,59.18269650296243,0.5486275335310762,35.851944728372416,144.32039596790995,134.5505991579586,4.555284210182846,37.025257577042666,292.14065296866653,148.74098194360067,7.023786523765915,10.82575962767422,122.2411615448097,9.025600019039029,238.32627764414335,322.4042280827353,0.36292568,41.815701226038136,74.00323576063936,472.87979430980954,3
0.11059195478884991,1.9362656278058374,24.447858308111872,94.33595149203553,66.65522409716115,45.447711320378176,272.46667098397165,0.08408980648866426,1.92357618417988,88.62633336232044,111.24789451074982,198.9470879585868,91.85920783460026,0.16921442539721737,4.497879665355139,65.510272793219,17.775002989601937,114.56090651447947,35.32846724833325,0.22845554079324484,16.144863909319533,110.49317325904981,93.35892840137782,35.285422677522035,0.35372980868299425,21.122463973204724,56.264639786170946,141.93931892008885,44.980464594754885,1.119512531004707,24.175137180835698,77.50256575649033,60.86350770445502,3.7875279719047814,38.851420345940625,278.75993796625147,20.444928809028802,7.993568917845748,59.509279494036065,16.10151663507144,9.29138139909282,158.17264296389965,325.59801139085187,12.769475484960356,115.37391557147939,50.41221185802394,483.9245805731587,10
0.15528520557988953,1.8271665942817288,27.49586891693314,25.92069987260483,133.53055159498211,439.9745188288324,135.28079742434707,0.10310353439045997,1.701455248305036,8.463161727277134,40.29855484946088,195.87380851259024,7.505523796670481,0.16831150822503338,6.986123719325891,7.547637070647545,107.45909255614288,105.18207485438107,96.57755143666299,0.36516201398987413,1.65429991227602,48.65233927907252,77.63786721333973,120.63167052858986,0.20363934332825592,15.906568589723536,103.06897102121782,333.8552927103436,201.15259244207982,0.13522940615841533,15.351903453097341,110.69633211318813,114.90647391203744,1.0711940890116745,34.95165455567578,342.33835712581356,25.080929958314464,3.5018485441269336,43.822428752353794,101.47157332546499,8.005282553311106,147.42172215835444,414.21504268750994,7.17560873336218,22.603164300478802,48.30712777175371,460.87989212234464,10
0.036261210771190724,0.8109431715156139,29.42876946079815,29.294985502330604,128.89081421269157,362.23135974588934,146.53373353532595,0.031874198509975554,1.8631757147469639,10.261200324577537,86.91953145939682,205.60795558991748,51.49268587177975,0.31100622835927516,9.69969928755237,53.72638999969262,22.231122511764596,200.46217611453903,376.5485987755692,0.8210819471812013,10.316422722856975,26.081805468629824,34.734772914307456,52.1638077337315,1.0233128944975156,2.2715651670298147,57.02704011510893,85.43771766103872,88.90374549640504,0.813204976843507,5.029130462118582,133.0233231332065,14.588622734709123,3.0206600482818864,38.479100635153124,239.43525460919963,162.17694312286287,5.263010595988697,14.047632174226159,113.94313708919535,8.41823683849482,139.99967155699122,349.22771890382904,4.709144453841081,43.10557955069062,51.17120551644948,480.37571698097156,1
0.03538736495174921,1.7389155749684513,16.286836340406072,119.39029986096857,87.74234288406667,439.9604864550182,190.22436640732533,0.2818563342042023,1.7729833354200588,31.723537188981897,112.5686204689104,84.57340854908998,115.57902207190216,0.3063071098700036,11.326704900607071,58.03282832814449,98.3637811202745,39.77776615854619,208.07282796255237,0.551841281522931,1.9863728543240213,86.0592035683403,157.2031771577739,187.74782175954078,1.4963043003342231,21.38545295115674,82.41452065945768,72.2841096611821,86.53739837426637,2.3672015099370327,17.39091718682758,86.64929347004725,62.28770628071977,2.6002882822377438,69.08857806786654,309.7379644377414,135.82836487109165,3.979044075028928,27.252251729451203,80.06926767556146,10.80048114478005,165.23125520532187,426.31106345191637,6.126316012476176,154.2057982243659,65.09817905155256,419.815744540977,6
0.058858831827502345,0.9615073990229999,9.499495431255218,19.1658404437851,89.48286533799472,242.0386006866571,108.52500756759905,0.05739902624675683,4.612754064303241,15.337681600237627,103.59990692653979,188.90451726967714,20.456871898824758,0.3545602302226212,3.6311983471234077,55.84608827732735,132.77095996962382,206.7951492426407,98.51432537066894,0.40783813285104786,5.715878573662794,38.660689442248646,103.38412911469598,122.78702843339785,0.6429787503678439,8.734754254549713,94.58314862045928,253.49720990260698,115.84253055990158,1.3471404063228363,28.81606501169591,49.06044080557372,103.75611226404062,3.2828630545594955,40.32791877327555,370.3327944260171,37.19442344125658,3.1353477962700365,60.25358410083861,25.11073823041984,4.075643467212272,269.3949462779539,374.41903458670276,3.527099181031425,133.40788158083632,71.39207661119785,520.1995476393993,10
0.3904205452947708,2.2236442376460652,23.502042304902034,4.8363480240154075,37.89737780998489,133.21135440024938,91.70844482148838,0.26236187533336014,1.155031400825175,7.507224758737255,94.75878731898314,222.72484884485687,318.49594957,0.4397747498596559,3.6031178270630857,43.920129972375214,89.3650490434084,66.46011855701956,1.728486047477432,1.1114465919886811,5.006053690090672,45.832307690448175,4.10667755,306.25904469468975,0.660126807865833,12.040633238302664,56.676094156523405,242.19785883866334,224.9393001766341,0.04232792599860513,57.76226726138238,263.7375478823716,192.12103713041378,7.311330412409707,25.442145305483983,353.5306084929506,108.45472149642256,1.12340303661342,58.353547806287665,61.2087906343404,5.22444649303317,183.88653965379478,109.14106042,2.058765484084728,136.3403160726993,89.22969907,363.6521739987994,9
0.00109432,0.9871329526653302,8.967931665343794,80.19479818018249,198.52535742062415,292.6763709707042,74.69098866997065,0.07721598999053877,0.842247889141321,27.080540819723545,25.26703915084731,158.3613470151635,137.5647971397537,0.14204858463374664,2.048956310792505,61.90829299221924,59.98541653744934,156.99696929438255,75.77625744809919,0.16242835995992622,0.5647069224195658,57.12335929587899,39.26913436107005,62.600055009586136,1.9998202772500142,10.638967695255761,32.544161885466124,52.36484479484082,90.18795956951053,0.7014987856352545,25.923719987221467,41.24740273203183,129.60614255509134,5.420996906407014,17.87221456000985,261.7124602738671,240.88267598683726,7.729193752054642,6.038897956204677,96.5749239310443,5.215571170726227,161.3613221726662,519.6014239275232,4.199795005821063,29.492426609190716,28.024238654952626,563.7578226562756,5
0.032879992454803685,0.695758692162845,33.81765860435992,142.476878255253,177.16314697649247,247.81392284811267,277.1449814119938,0.0627226751559102,3.3101064528595,7.881407393511452,57.90743476217702,184.73749037215424,63.78313282828279,0.4783067835921677,6.34973506385486,82.77148841780897,218.62209821018467,113.59407011467306,107.47291310892213,0.7856590567740449,3.3508687228380154,50.12628548530468,97.98185991623706,81.58805692402856,1.1564850503412538,18.262354022463796,129.28355153779177,161.1390114719189,231.04615710307678,1.4302917036452072,13.306206668680975,91.22845808411529,71.05064247867375,3.444840983661572,42.74707728376676,314.4407222890789,221.27830266310167,6.420838459321758,42.70745292527867,125.83240032510184,9.847783570726875,206.64235175140158,461.391474543626,10.976337120596405,135.58481611264727,62.086903390397055,544.4821809366014,10
0.024479163542124784,7.904432059510317,13.196533230995398,112.30356509208968,191.93867592351222,142.7173995410668,232.54446521874522,0.05938669361040019,1.5704188530517527,4.891781728789351,74.52553754729573,93.70690088070468,126.86505951655403,0.09616038645428933,1.3644555193564236,27.27544012154177,127.13188771046936,51.76826940547486,74.35818165908373,0.20722412912677063,14.509092208892765,46.84908733679011,85.33031155068221,58.12821247002168,0.7361884187854595,3.739232737140244,55.22491128233563,182.33642725453444,98.39514299397152,2.060416897249466,30.03716812376057,52.94582351255191,48.93021807913867,2.0001043285831903,19.6809095253386,274.6445596717756,274.34067007242567,1.6983905072815115,19.026422955772254,198.2292564416142,9.789767716014483,173.19820087518542,480.1485864578853,8.090489889354457,120.89266652972434,43.7988711388266,418.26820982322494,7
0.11635079434489107,2.103387090268132,11.686149537863352,109.36099614958621,89.00418579007697,413.5450543462651,12.55059305318429,0.05819076278427173,1.311387760189573,34.32822657849194,25.822619076169843,134.04951160962543,172.2927383842928,0.40172053067779295,7.716712734136935,44.82048302425866,279.93262152123094,146.14650319236733,153.08925179169938,0.17966517709161967,10.719520070404922,45.02478135088623,104.98849274617224,97.15377009441984,1.0323788708600574,32.67282828195915,163.4507463867612,256.4663089490514,80.5457524447276,0.24497128875786395,28.357038920853263,102.1077748769722,221.65494832294735,3.42553747200454,46.7307597579909,325.7419315396507,271.6558642846969,2.0372083713305225,64.10305810839498,206.0639288865916,12.094248615032253,204.0517201510567,461.07087329002354,7.6372527177865805,0.75313,70.10263086069062,443.38885078151014,2
0.1208354035101316,6.074536356136207,31.11824614678868,116.74907515361335,223.64353621567773,403.46139272647724,165.90794423836994,0.10801500848428272,2.7414881772115063,5.942339451109863,173.77321425470925,152.89854338431638,86.91756851275156,0.2119809776711267,10.349317978270197,61.80200429381264,68.46323709562101,239.7121363631722,107.64700171425618,0.40814748722661115,21.055889572021353,107.1567121630297,153.06906921352297,163.87532769699084,1.3082809721553774,35.342551975426275,48.60613312169839,318.50431816617356,96.90788855713998,4.1582617586702355,4.510722742701235,95.64462408117308,86.91096899856885,3.889216133963698,53.675743558504294,318.89960456917277,123.26482102241502,2.4107941440502914,42.2734703229474,170.59397256038608,6.296931931442748,241.46178481281146,423.76071002388744,11.804379989439006,179.18892055606457,53.36003369239519,490.0512505799387,2
0.023519278219252628,2.602940202031739,15.337853052008736,63.124574330495335,132.6371339696329,202.82631872255652,103.93318949446723,0.03649057127143464,1.9182900431962358,20.352481783342906,196.20270993362035,250.75108059242606,78.77836888831132,0.3745953912221601,3.482515147643048,20.465118897539163,222.8688192879774,151.39663366910725,19.311860715081806,0.27871394590661075,1.339397854509163,56.25062189489224,271.5960117610054,85.68158671755197,1.311057845063993,27.891740494950426,55.28788529655663,87.73975402102623,89.79551405677127,0.4923023541525129,26.087359542831475,123.16550207645088,126.98183518541478,2.77419214966589,42.281247051353866,293.22913814357514,332.84848706159016,4.243226638167791,22.238996806678756,111.82394032885104,6.941473698132259,164.078796901447,585.2715762002468,16.082314854279748,79.2886045433398,34.29498213730238,422.01249928016034,7
0.052278322653422554,1.703647596418845,20.695947024301898,81.68779223462391,89.87950164346007,429.5225646482068,108.90226740723587,0.0654384803818962,5.521368183454118,16.60885870927862,136.8918739153603,241.11009057688835,139.2662175143242,0.12537650346570195,7.6519668554032,50.04080756298987,135.34959684497863,81.96080686603094,175.02954048576288,0.5115165831135868,4.996641754836881,59.819834714022015,140.51249015023973,156.2930354795692,0.46719088938925635,28.342744597670404,44.16213153101938,120.29689871363112,46.539968456765834,0.9068846110470891,23.903506556313438,109.61678020872384,26.98806829435499,0.8949264147587326,16.726393342483583,289.5500957000661,137.59256205275156,4.769598963130777,116.58802325452982,23.274925872372727,5.210633719613881,208.68645306715067,354.6679388660386,6.528239204799018,138.15440074708468,70.62029370131901,554.0006657173111,3
0.03588781721542669,2.194459475739916,35.16502456870097,114.5338580318984,146.138338238551,165.34159040350727,257.1100534001424,0.19910701299360983,4.7291487512662655,75.77715726554169,45.62570463380061,176.2267454779889,94.77720930371262,0.3186835375610037,6.0784873188524156,62.93662890875099,165.70906598974938,199.96722878773787,6.379479442204865,0.18186790889863141,3.6620798541126707,51.03236234296896,111.56574491468743,111.56036791117292,0.4491847377236807,7.374334909900789,88.3887376413996,149.38683880338988,25.403695892072207,0.3019220357079357,11.312345051202627,37.93032088048683,76.29611885054442,3.037824541024387,26.04404521587734,300.5121132991884,55.11980330334798,1.8172761489378093,4.517361207643001,205.8206932497694,10.602789410507187,204.07725014462707,412.06458199719873,1.5233670011613234,26.20456435541516,60.69905069523742,548.1670370291091,10
0.0037383902814394007,1.4297928105047712,6.936559148006863,39.91523153102195,130.68635529639056,276.66206440751677,89.45374841141704,0.0647820854666559,0.07383968,8.927391953626145,72.28117328200658,233.26821232332108,318.49594957,0.15393910879653963,4.594814709777681,26.07607759333165,56.39382801439298,129.92174302550214,0.38471548,0.00877772,25.328502621179272,41.030925304953996,46.63821001178217,166.41982339175408,0.8683278868813941,3.8684183119759323,87.52602682146585,191.524185269741,275.8553520968462,0.8921057317212225,3.4748592925692776,57.30899302505469,138.71554165293247,2.3091900625439212,20.87501037351517,287.76649461184047,42.27655424207705,2.0402435952523654,20.145116269242305,168.81909685556082,10.903820746561156,219.2008827697289,340.5825903059816,10.434578969192508,74.2777889502473,79.87655406866655,550.715822032477,1
0.05840022878516142,0.5124302731753985,14.01578103360507,2.24086506,36.484391548363156,151.16042289507968,90.93470755206287,0.07034630968464282,2.3313443651913337,14.449352351252838,100.02944999394396,62.4672994996912,43.33783133820759,0.17995926352185054,6.461441789994927,30.496267460753188,59.72739478772052,170.5336583279387,147.69970785117079,0.348841013233212,7.7675056415679276,46.49016882048926,85.48090221374893,171.5672115908261,0.8433422425988281,12.540045924713572,109.85962134952297,301.8391613734616,144.2751092478199,1.3525282126096194,14.986225596692258,91.8334606720115,99.78449421491187,0.7796561184768547,50.80296144731648,269.80324532943206,241.22841593065158,2.9036516482628163,66.7265422478655,183.02098239597,11.470172651093522,204.10037513880314,324.4888977261915,12.804110313021852,12.642878486720772,63.93304455849484,479.82683828543327,4
0.014129270541590508,4.382450625600594,22.38187758414517,43.05285758896228,10.063442415837407,331.37944522462703,165.52019543729577,0.07671165256281437,2.0593340822989195,6.47695004169559,32.71937398561779,150.98775877153352,69.78557303789222,0.2846496708006542,3.3383117233169948,9.94606555846732,222.87942169343964,193.408718411685,506.6318814202881,0.48758248599473203,4.278524705108638,88.14761085630515,37.46352094556443,96.52106599909115,1.3978046018008459,21.55935621473509,46.26480815964756,266.30932357490497,238.34582533112268,0.9569976025147339,4.60097687345864,2.07886167,128.8741839750175,3.4153491105745286,16.322532987336032,218.3036580360186,87.09216314347516,0.5035821664403455,8.629858287165705,123.67590200805802,4.769396764801218,143.56164046033047,227.92602239850726,0.4058813657064868,38.80252042915987,53.25788792564905,604.4332910050482,7
0.06831142327565856,1.1854442886890544,23.903439385347166,112.34666782413923,11.714847509421134,146.33107970145846,11.14107771502924,0.2613973316240977,3.560340726797304,27.743880652457626,140.23188258499601,39.00079144626365,202.58664613889027,0.3315458097795466,5.687842757957084,60.21517065798286,129.50826648608103,74.70028211168845,10.569356600885957,0.31445302588922774,4.8069623846744935,23.504344048793563,279.6592564653936,117.55704414260309,0.4060453076031647,20.33994976566215,174.5486806513749,76.3796939393528,136.45759591642738,1.6219964366934707,23.607371179923973,79.44782918175164,59.263092929083356,3.505684568470991,27.861145256711556,219.90741970438484,19.978209831264678,5.3378495780341755,19.63473036101714,98.9174325770871,6.267428035503903,160.3264666824921,474.23680598614055,2.4125789103826483,108.16321917086768,49.207258479021654,457.7843625846748,2
0.059319520169579226,0.7167371289829867,10.357280401473455,148.77596393177078,127.76586053840222,169.25736030825846,334.25771885900963,0.17759001247261919,2.1157618905950395,28.29122570921425,107.76258170645048,216.57785315018373,315.6615025563028,0.006280665628836127,5.274943461760361,58.97582646183317,119.48535998120617,90.378452340904,44.23140573948964,0.31939003816844247,6.832087505434499,35.07160423912869,63.60633127899422,21.240158984882058,0.9551993079729609,3.7939019612653455,169.85968051049312,179.85683328468048,143.19399562254674,0.20807926219485579,32.143465964620795,45.199814779701185,225.67062763805106,2.7700703755544587,44.044295217219144,146.97944347174342,150.0853829801997,8.860728108313461,42.67835968360134,260.09388967676654,6.075455404509519,156.72882164734435,449.70359227036636,5.061066109001812,28.52705783891106,28.862475590403143,536.4026338208334,7
0.040425918853571996,0.9796522293194563,24.497705367319462,94.00119688368355,132.83162282865837,378.33657360712505,270.9183064931313,0.00274533,1.3797904806102,14.859013599076764,140.8130427738689,169.42570495359053,181.96418056878758,0.14107178178610955,4.684420369272165,40.87280410707456,38.539682460646375,218.23477262857003,144.28000875192984,0.45715065998504983,14.72320290500543,66.05395730192696,120.12317901871403,64.9979163466798,2.03046001518194,10.854253452613605,104.35660630547196,258.44844563421975,10.667356517599902,1.5289641769425861,20.194666657187067,115.78185981296488,50.316589776579605,2.549924914122753,33.15404769020984,212.1844392145167,310.9336531699905,3.7549726162188377,133.91660986469057,145.70802433234783,5.761152902026782,142.82644352134628,475.276928089783,15.833041911519562,170.25273818427522,34.00080400108131,519.0681658004164,8
0.010864459316864025,0.29172571116971713,9.124702258790538,43.173570960056374,103.52557444205033,376.9082922825256,166.0469177391542,0.09749272680249724,0.18906253559181208,14.529014653011455,132.0353670810588,31.447128811962898,57.89886826579125,0.1251899642952161,5.059482230775171,31.489574559896006,41.600571713529156,175.3508357639962,119.08778116054988,0.02939424281071941,6.415558576397146,40.45110193047227,110.42908125372176,128.76595030374662,0.7151984109548137,10.803429296438113,40.43707369626296,188.1457523879418,144.55668319365657,0.6215052138554478,16.602570337927602,50.11405758067277,27.231969677992225,2.0757164411174203,20.31676409878513,304.00634294040594,114.2248280652872,5.041222641398379,16.60202065961454,150.33986556364815,7.230276809953049,247.36849528886256,492.533379297748,1.4622671500796955,98.86693244318965,61.77161900707097,578.9905805242242,5
0.1866512324747711,1.2919714575970858,42.205137376523965,31.99831469611061,127.87595376531172,198.62159150694276,256.07780158762915,0.3834220297618094,1.0532855270927421,82.7948462799655,121.80833255035095,68.57316138323674,126.03020035781684,0.4902265237406451,14.308575354483295,22.144512196631684,255.8274270707323,81.1053496708759,131.05747138777778,0.774734355260023,19.531827270305087,39.82265097554583,69.36168224113342,134.1903382236212,2.184814779959083,15.805378398168445,92.57255846276348,331.0706481684193,113.11134988493616,0.8766188111806267,14.905014849917123,2.07886167,203.82968438369457,5.167854951928719,55.612266481438795,299.7606821298518,73.94997941645187,8.827292138148465,19.381604653747477,117.17745647035387,14.450585258041297,225.23129798372946,225.1693225416188,7.536689386795046,42.420249716841894,74.36159568354164,470.7102690167459,4
0.23902165576809825,1.1731089848909595,5.178291716622916,114.81841945306135,118.16478510543081,183.76295420745492,261.11160557061623,0.07880376931340781,1.8240342203200741,52.82442720315357,59.771831195253085,47.19271544629543,295.6072224763677,0.16349280545038145,2.47014506728933,9.626483017344565,212.18411495840212,221.78339871968063,82.42113176699694,0.09614236965757121,2.765831972618938,106.22949202107984,188.21562320053783,36.87242421820937,0.33993047001745036,4.074069425317596,31.41990148876532,290.5754215981708,254.19363032212192,0.1464819931242864,17.272306057970756,122.3630900128821,79.11950874011197,1.6916430795166904,14.9371834164162,279.5832487788034,311.2870839722254,4.683072807104686,14.838475906986442,129.41925701103975,15.166289894853309,167.73572744604786,596.8977600107429,21.771110355839273,22.567177002023882,41.1188829522212,657.5611521507954,5
0.02432779079808615,2.6772904193427953,19.606096857982962,52.40832741759532,45.496303705448256,142.84399517975342,236.00570168376262,0.09205883713329033,2.0649869189808676,32.75906675746545,181.5880618971499,187.71731800140668,110.23085407514033,0.1501727600263117,2.845860429046976,71.9305932340185,96.70392108545535,221.2464175643827,208.52008659563478,0.3480480514317508,12.751544855859928,105.3841882508327,117.593363535395,76.50332201917846,1.562972734531318,20.23480484351998,172.53250267813658,300.8416090880327,125.45009976212606,2.4074140402756727,21.559472743018006,208.51858898472395,101.59807654317785,1.5397695844916832,26.652944059880802,285.81779754587353,185.7067009278115,2.184755958121749,133.47145382467616,101.42323061137522,2.15120568999139,178.95141799329946,379.4061375290259,6.0376006161754745,178.5785983671007,55.513872505771154,530.3790723026048,7
0.00886934670468683,1.3380910269504271,20.788386406081138,42.67836966141874,41.09121586270439,313.9734028544523,17.367076634446903,0.017610200468827233,3.4376272419354272,32.8737744187065,34.32805985434572,141.80835439427065,256.6770626289425,0.16854344258528528,15.192160802343157,19.512601930610252,35.512361855735705,209.31204334615344,20.48618247883212,0.3376114237807812,15.58203954656761,80.00407129692742,131.95691089945677,114.26781688561597,0.6847142021338422,17.132718995655495,38.77692765288539,78.34935435459926,416.3765893073736,0.8514403000041375,26.696274398215596,188.59836466720344,211.27545851924845,2.4952232975058894,8.747077557415288,94.94781133,9.776536023126233,7.51947449127677,29.18749425120197,154.0180564215435,4.460497695717114,73.74770412,276.30216447373635,2.8898339754896396,155.3156725523489,28.037632443793733,444.88687966563873,7
0.12084890046808994,7.6438399676840465,41.188521428543815,85.4817313295786,90.62751312487607,447.25627891149037,17.45398043955885,0.25823967413315746,1.5435115870539706,0.81870073,208.1198097689123,69.25433056556366,121.67141244415163,0.46518362656040124,12.53399630990978,63.98077774088445,85.82794741106892,226.45796218573616,88.01011079394088,0.31800102148398335,7.49681414219375,59.105489938874314,37.264196796142954,193.49223148895524,1.1038941505543085,15.495671283967685,84.94114231297952,139.76939161687233,111.59469896786185,0.715648354943218,13.580706720155872,22.437885582580336,38.48846521485659,3.435803775876176,27.73425887570906,273.74136711693893,235.5811745282143,2.479554460677491,20.391597727105413,200.03636245378945,5.104361552454966,240.04023900415555,406.90586710238574,0.7689301713203935,134.10649617016674,55.89220438334425,430.4588522471534,7
0.031615730459134746,2.1600058260141957,11.294720731045816,103.35259438913448,120.3410369141342,48.87793034049841,230.13796181045376,0.11290906790128802,1.4387057892210022,0.81870073,56.710359070319114,203.4098156841612,184.01616723065405,0.3705372600534466,6.155805716875079,34.083601446204206,158.9120294606904,96.71396748193058,489.99265830603883,0.18158371726277925,8.258236798566179,92.99236310840288,127.65839212789368,74.02814481672816,0.9651988674382067,4.912032990197639,109.24244308628428,261.2090062229684,265.5127635139179,0.3018868205971622,12.344278604932864,56.067370288389455,208.82387609590884,0.4894911333046017,43.80933825357816,202.5310071499461,191.32697333879022,7.544057384147126,22.799201749239838,277.3199238837004,9.123474193157056,196.34461284206157,471.99102057554404,14.961587571811762,58.519802531501426,43.3261506342101,514.5300593341215,10
0.0516996733509145,2.9878531614175827,24.547322688637095,107.86452629478285,89.96188425777896,333.6091641693494,288.7749316181988,0.10726930315434768,1.495264587220955,6.064911691662512,43.246182562598726,21.853067501376195,4.60701809,0.11553675707918556,14.387568892584072,28.36698964333168,215.61944801361403,131.68453064421385,316.26321806661355,0.2781236378377684,4.448153079740022,25.523395911165974,34.15622138282872,203.67792454599333,1.3919293310556013,18.464744709086617,40.35832322763847,167.96278985444394,232.2167683008055,0.46581240620675485,5.659864454367543,63.99168405470149,129.79064138049483,1.064445932460135,35.847873016075454,198.46844028070146,143.99675831017308,1.1777625969866017,27.861569487549964,172.51206769181803,6.82406503466053,157.53527408650854,453.9074104815109,8.148768627375427,113.23316675093537,57.40928052164021,527.9204831750902,2
0.10686028324471636,3.0674047429730606,9.703085040630734,23.815442496695404,134.05892263992195,415.8107881529323,368.61803041292245,0.048560424843351574,2.187730271492295,28.898463287463052,36.298853020877615,101.77115841362298,113.42042907535166,0.273269240327077,2.5913342710942264,2.964642991223684,117.35664241401761,192.34761305027553,372.74740980138614,0.301497926686809,8.976517734056891,83.30280976040534,88.87681753282253,105.57071392703614,0.3338695603780885,11.231466098101215,114.7045759475294,109.4096880418355,152.28176252234198,1.087291959111908,10.37099953688554,37.72445380326377,89.45429249710128,1.9223900145565653,41.74219014226641,195.27273112476996,41.56046704542357,1.755263842492461,17.732433605561074,66.87882350980448,7.720567149001781,176.8791674943579,308.7413133460638,21.91341855704461,0.75313,59.35650865434752,438.62533399140034,1
0.04864269742086058,2.3651004353811684,18.467330203904943,2.4932737496600765,101.91165300694053,375.8492286555802,25.907347000513692,0.04630014868956397,0.07383968,32.87869540249839,195.8788205981665,110.73674892940585,156.5964338388169,0.12831351044072126,16.424268059740733,4.157923147294685,122.10291508790701,210.62230823161747,6.843883199213959,0.31414231603578197,7.235392813165813,124.85528247603608,102.80236142459235,177.91471293639574,0.3021083235538708,2.49898855171962,27.86485292330426,98.37513253520154,282.47352003142095,0.9451280335078172,55.34353520344527,76.55452384502519,136.94167502301542,0.03186483,57.1877174461446,311.2413631746656,337.2536227551842,8.491223351311508,21.076868252660468,103.152589686888,8.360898664686253,152.0131020204757,483.1074988963745,5.130026714005446,86.4058265696268,50.3170980566995,602.3511116151774,1
0.009017586855304509,1.3661113888630143,8.915813906145768,2.7465873053258676,183.19930616792885,217.03590156999462,130.2753707439359,0.11321108320957929,1.889808834398115,73.09489990278144,32.74423181003799,92.64109628436829,318.49594957,0.10689111870127663,2.8862912713539037,2.0015141914244445,178.67974856306847,184.57131517788807,22.630544328667543,0.18160161308948036,2.2379342446316013,56.14849233254496,33.06430092843407,34.66321375496216,0.16970864459514837,0.4382199,54.30628002671773,174.54857976413152,234.41278101636627,1.2459392657527983,10.889327953415753,37.1546038369949,217.0218055100999,0.03186483,37.44255705336241,271.4745313707427,333.8166062412825,4.961161164000213,17.937230699226745,129.48876860660866,5.762468904052718,181.36608626909526,595.1542003135794,2.869595508959292,83.15464520417393,37.95788355948954,569.578040780951,2
0.04508311429730456,0.8274392016785811,20.52253527362935,34.777754074737324,119.87170023105801,215.67306102799955,69.19872909542696,0.07424811345820326,1.5567706686025988,14.83082827221441,24.69631248212807,180.3151344112591,318.49594957,0.11510560612941803,13.142444452027748,57.33506218662289,64.05093353026308,253.81246181541314,95.94294188733718,0.2613027402527862,5.7360381667634535,56.15320578589838,33.46336238054542,115.0439882869286,0.1728617240234302,11.523767516437644,40.88756902622368,282.62236791660195,65.89240781849149,0.536186603713853,26.10521063445655,47.56301052804807,170.05195578653291,5.223424738160015,11.885185976722159,301.78409769873434,76.42374658749713,2.9676671962604466,58.65441012811071,94.44668152765814,1.1616793904529916,211.6917618936087,388.0072720581525,3.4643925156100357,147.86759729540833,55.156001765122234,485.85803230636935,4
0.02843865580884452,1.0368868542882745,13.127618216907397,48.05695713371645,83.00508801226667,435.7225689617351,218.4555161624381,0.010714173294977383,1.3594108793149235,14.894801107481712,36.0265454084791,194.81770936244365,27.79751669939417,0.20292826908238953,2.633816055097822,34.26764829940377,78.62520869522383,195.68674369087339,290.3777155298412,0.16185971822029843,6.850670029486749,21.74919855919359,13.6044361588221,39.33712969204034,0.624530554289679,15.322841263735462,143.05255128862532,207.41506452800814,18.50734289123488,0.5211209541510352,2.9040062785085574,32.93235812766633,56.59465673068056,2.1241845371608776,19.711500556460095,284.11384503005297,4.921109366473054,1.1610179480973093,56.08760294354953,33.90973144928862,1.7273871293310883,162.85155508248292,417.22895317825237,2.209267925397704,23.357508231515357,62.744974512534064,581.2148916402911,2
0.02950781852859952,2.022356570393492,19.139001042849955,50.6710806115663,94.16602507533267,241.98419270645945,81.49418498278268,0.05493061433288479,1.800847347275733,14.12955923068403,92.69812013988543,135.11741824618812,318.49594957,0.14565806698733255,3.614703615585098,17.060022786492635,78.60594887723188,150.81362213875863,3.0300943692383733,0.031004875419151798,14.238278645708231,14.341907326706249,156.26326224741703,246.8034809550503,0.5075371918989638,21.549192759924185,42.116356093131415,242.42247920265118,93.83918997756568,0.542730414722532,36.07654036389503,106.36980526477505,38.907708708170844,2.109651753809973,44.84536365678565,288.86020326038584,56.62213839117177,9.858219548795908,13.892990581690636,35.21721704411569,6.086757851780938,200.35717619171098,613.0937367490073,3.856569064477352,218.87719999,43.65811627379925,579.3072312351915,5
0.2725371303461377,1.7626180126768696,17.797202846179587,32.91403957640508,190.35512645389102,211.07376246267285,93.66667548337628,0.15152561215463364,13.11504023,38.96040285043909,64.18757211527898,166.5392808205978,114.2498275214106,0.20883434903610193,4.8866666551355245,18.178054091856097,98.82964217910451,237.96170520420145,73.78717899333215,0.2793234999481984,9.01958367687982,86.45207402745378,95.53594718698251,143.157065636002,1.3866882946377128,12.497560578728596,111.90943705893802,152.5937389206125,72.06510303651878,1.3708523498647498,8.014446800886326,86.32527793953184,29.21278766651135,1.2423206867950511,23.330187387465063,261.0873316652667,177.151211882025,3.4382885950344266,61.82985541809117,114.02332926415659,9.718788487362643,194.68619309306143,350.2221307405063,9.159939716372369,122.91557137343067,53.38313263608105,415.8834404971899,9
0.16330340884144526,1.1326536797177784,17.134151329419343,22.37870724857708,189.81697614432636,51.433816278754676,376.84657205366415,0.05061926534978853,1.9351406478612452,88.13254285151685,185.16868642308495,127.98023077648122,104.92789159110292,0.22893810165876152,12.53442636274724,39.51947186228272,189.435001481295,173.57846560372883,99.1791499664211,0.19267517484798274,26.534891316247457,81.97108159134106,109.5389383182087,151.3756838925128,1.0567386975619266,16.659167457447378,44.028310138949685,323.1154486571187,21.785602495951842,1.1475149089835226,19.22222786781498,48.44413530608379,224.10400502599202,2.950499031576138,24.437177339397646,246.5250882522429,350.4849941046349,11.946718821675079,24.02080732231942,95.902782729338,7.915034093729513,269.73110991246494,289.79178753315557,17.61579641815435,154.41879629244886,48.399206932141915,496.42922171869697,5
0.02515450396431638,0.7206487657323245,23.85215508168218,78.30960129324698,112.82468368767671,226.98341546569458,176.63948373735514,0.06391880574102048,0.23486810368434274,15.126004820873135,36.32998092952656,109.99791662495444,15.54266123958216,0.41845037229921683,2.917171634763242,21.58505128367481,79.04752163943866,206.9886358415268,411.43637405955576,0.02809606920310266,4.62757473677546,19.42219683037241,65.05745183760868,5.7025015,1.2354792367090714,9.189782379097709,103.57005455784503,143.8570402810548,72.12619791719328,1.1577221122442412,7.94646193560143,45.14809988625232,93.02780513858804,2.1010020294456204,50.90305157819034,201.9912781177759,146.01302720462252,1.279187689947506,3.3985713792560883,23.08118338974375,5.803285821426133,132.29251280936546,552.5872365780964,3.9848944934188006,5.36258844986914,41.507454826903974,579.8316667292956,9
0.008057072617883212,1.3944391957940183,20.732629320037848,87.34311437422105,126.81721536042743,187.4588053260205,225.70104772032622,0.2936689850355467,0.07383968,2.7190617906512937,32.20357015546125,96.20747329914069,256.6770626289425,0.1444314300449652,4.397070926462139,44.9277704537405,73.31664275396729,187.70707558542955,242.89331772590953,0.3561393440208061,8.06314084849762,26.209880069899597,77.79812005399427,18.49871461345584,0.7544939745783455,21.830951988091392,26.878733093819417,331.43189714951666,303.74454227319507,0.03191206,25.626301535498065,4.192285380838911,128.70234367425914,4.557250170771656,52.56946216783332,231.68852670424982,200.68296334154218,0.5035225828325551,15.321171449938197,63.37431848092007,2.239371530010024,162.06510790205115,357.906613413658,0.36292568,0.75313,41.53435159080279,642.5973273346555,4
0.06139015348342195,0.45321888650388187,21.068966869860837,60.71549493111695,144.5201831795575,97.06428004319093,329.75767361539147,0.06067205424036366,4.136175039712298,15.069260379879609,89.48641779550276,158.72869171164,95.29123221888068,0.14316926106173383,3.4985667622767336,43.40030061746845,74.1970101243997,136.6809655045114,120.5755284000651,0.8549138658187735,24.41180638825338,65.2794428934471,128.65686415344283,124.03860323726128,0.5089871651092496,20.548603308000896,153.2074876363116,304.8637711207196,29.258541010171754,3.6721738755530837,51.66467944176704,64.57160842299406,194.59233119564757,2.7400463654934324,15.823960927642215,245.15270718586805,1.6444241701785067,4.927066201004818,34.570987450977256,118.55569887711518,6.614598544642258,148.32607301224027,189.07844782722867,17.269071750139737,107.98251987629838,40.08986684261899,387.3796353627075,2
0.03226601812017519,1.574624523828077,23.520727481994044,39.3175740033722,190.1984088106461,425.34460548753526,79.57038443328219,0.22919972927863896,1.905407285965765,25.084577611679414,56.11063345795944,50.887078022012474,290.42933008476,0.1976809712350392,2.4857550396523105,9.371519841166137,162.56426507573278,164.67781916587566,106.64918975280719,0.1594408974418335,4.673827531654854,105.05947539539363,40.85310561610661,90.79986756195385,0.3588759420180064,16.828957527030614,151.67900299752392,218.09009062900356,149.6434467826897,0.389198489732227,10.192224156340892,68.81119258495742,84.04217858162026,4.543135747589281,36.71854965910987,251.53300978554205,136.30591717489366,6.185645721613511,26.75720933306195,51.792761895285935,6.16684610199247,170.93131644846252,362.67931925714447,5.623399808084084,139.2175860463857,45.29442181396164,575.3819586584818,8
0.04366381852525765,1.2038721367330556,6.4351939712405795,63.95632662065813,211.92022117343393,254.76458429950088,172.97950711462482,0.11758479629184557,0.7804375535685374,46.99889432043082,1.76664593,111.78453487086495,192.3476116130887,0.19493493861514383,3.181322844092331,13.612474727054341,83.7384458162796,190.90233586820196,192.917487911751,0.1774398528444252,4.44362422733812,25.079990220762074,113.25451987137095,31.23135018858733,0.5831783182066665,8.464885338456897,49.72862215580766,39.01528941630811,108.11609641935101,2.023434053977451,36.73523033567524,42.16115421492249,63.17328301226603,2.3111891466548276,9.10067135558553,178.0897457976361,200.06335441560515,2.1756027482000055,15.009571906862464,189.55200257270977,11.668169715243229,154.37442442594224,473.5102843672615,7.094841692455453,91.91030273151017,41.21021987674558,591.1836382210885,1
0.02931464792396961,3.5041494540540157,21.361282208276155,60.2650063642112,63.28674499536078,214.19093968393443,179.0123851884495,0.18906830235139674,5.959498675577495,46.956213279693685,58.876247346152184,207.607226502247,250.70469956445066,0.2130024362516275,7.2072378584184555,31.207659490027364,113.11156927483569,128.85929538542365,113.24769797013937,0.13775932388698153,8.962033301082165,97.44633190893539,27.901734471581243,115.50832005665953,1.582474509519,35.27938934230961,56.46697847782444,111.25479148322329,101.30481108801199,0.42029766077463593,31.729352115859697,60.39399026464558,89.93995124564634,2.1615921799303184,39.55173833047122,211.88768758571058,51.57312586044822,8.856424128505545,21.637304167171305,61.0977139714559,4.211791195568746,141.9289135626469,363.5632731647848,10.318759920038094,130.55160010814004,42.56858985012351,465.58778684764854,5
0.05460531749956621,5.727310390666357,30.295130808355076,6.982869128288193,125.13285426071866,159.312779357997,177.29995323020523,0.056934845419291766,0.28052852247690296,7.167154163572059,55.334455236253426,124.455640523484,314.34463634845235,0.23538152412069413,1.73916902717803,0.52874142,53.20247253972552,135.85100670631215,47.75741585558679,0.2802460400092904,8.255654863286281,15.648863128582166,73.54313204214904,215.58871397141684,0.5430356089206317,3.9928200346774694,51.08731363853286,216.63545708260736,100.0157267952243,0.33318695334376225,28.516414404607797,34.41025099960937,87.55172322754402,0.30747013923867184,54.8461143155916,280.0186452346144,180.1246082346891,0.8742061832978771,18.441218995220687,71.26099201270105,7.702657656017892,230.90932888707292,467.0280624737831,3.3004220703092035,114.29901284724399,64.34463306357527,561.9604948242757,1
0.00109432,1.2278663966311305,18.864328757739322,13.435686634474617,76.09785907623706,458.48468161579257,49.09221195402243,0.19452040034389667,1.762032302080689,19.94907632254506,87.79645268473571,122.12667360001115,179.87024420917186,0.06760579162366681,2.6160154087341674,13.11608189713169,178.82544806587262,334.19482257913864,86.43159730148098,0.5026732273758301,8.768350394224367,30.55916147676819,63.83752970710188,142.37008042524107,0.725156865888723,6.080352145968435,39.3958284892892,212.97499504062864,377.99428316198066,0.8480305439799722,19.398057405290256,43.54338130636438,180.95319791123197,1.6277438376853643,33.351721417133916,273.25211285485784,75.78717215772465,3.177945961523723,58.9478189087415,15.490519653052942,7.750158217220443,182.20419605035843,293.1209414650127,13.475446878968313,164.20785473645665,53.39993851186681,411.6381547011356,2
0.005281686688405958,0.06251856,11.289482982197516,90.66377732995059,113.79199620206907,236.71066405200563,156.85037335455098,0.4946245709123391,1.6664730239171424,21.529906716650007,102.64015574395398,191.08652477772517,110.49188242838868,0.023066932771281884,1.6528790541604401,20.22900004872352,72.19950343734585,129.09920577935486,135.68387364633426,0.1281891387540029,5.155449757844577,43.238525981335464,103.77604765037002,185.45011930503875,0.18222474075431389,18.346203334980572,67.39084905570938,113.92026763055108,141.64827900581676,0.852185159500611,18.65865427818449,85.67400243464373,56.104898459735594,1.153206588265585,27.302842842061963,270.2827370315694,51.8180516217254,8.240593291213335,51.72230146055003,158.71616860371407,6.716600945175853,181.0755991740117,235.61757457200582,5.041284939953946,83.087096095788,55.44358729850253,633.6998053430875,1
0.05442732965749732,3.2943763539686075,30.016077416475234,51.43322846754615,71.18852186327246,358.88884808435483,233.70168596487792,0.04591635601499311,3.4754890346057876,12.790908098792976,41.29177910441925,134.16302393654493,207.9183698288309,0.2515427746483732,14.465090819682565,76.17071789322308,82.00175021262979,155.2862986124171,80.10412666180439,0.3749901336218083,3.7939067736818424,59.83803866269581,132.96395886571628,113.5772600176403,0.9335463228013084,25.69387799374529,39.63602852756052,174.72789063585483,211.93908731578034,0.6326029176927487,0.43353847,116.83473659002766,112.32291544346427,2.3904604900566735,38.07656860971369,340.2863092879422,24.897652722531223,1.175327760668257,20.62094287328069,106.46163737942756,5.039934803249976,223.23688131934884,444.42841297090433,4.982666945434093,0.75313,70.81320872883327,649.7102307845295,7
0.061775339612319013,0.8141916995853977,37.53875786444439,150.0114349618624,132.90602228167933,76.24133935512828,48.47159774374454,0.07603138808661786,2.720179963398389,13.579323069641577,128.43575834768245,93.88237073840065,188.42707265881495,0.30392534498052,9.921442495837493,50.15767413428389,208.69654119481925,163.49257520435594,32.14014053764784,0.504852432851276,7.734066183447005,63.97108467759307,91.35925126512237,181.62196953360458,1.0939819183947437,22.704320751832498,84.9569897290931,298.61033063880296,89.17772971917087,1.7249989612050634,24.938190447340038,224.82962489112316,121.48426481704044,4.658283502187063,37.49109982240119,395.9238408975456,355.3649994453091,4.653540261062211,28.413534328963213,47.82063901658296,7.710848940855353,195.86313658202917,511.3772586255048,6.1359261911725,102.42303048137731,46.34977826735251,527.1548257787974,8
0.2956390038059842,0.4517154616840713,26.69773382934745,95.69671493727165,113.01939049594182,233.72612081049624,303.2234896578844,0.21162105235133732,3.295797983541943,55.24543271712672,133.5717564035112,226.37763394141143,72.17511193424026,0.28028080498779584,10.161205897247443,24.53611384828318,151.54888052510253,79.36718137050516,118.98028197385226,0.12305715351556024,7.667398596770175,20.983778455255496,93.64644496938989,141.85719830779152,2.3814134776507285,8.215874020301074,69.84061833508353,200.16603775575783,42.330876007782074,0.49666685337043526,18.268950000469697,126.10947881205615,90.73629095271073,1.8611133005033351,46.05398964946362,238.77501272558095,57.73068410050397,8.347711315831717,77.01398037331755,95.1831073537203,7.217470935474586,213.69144666971036,339.7458566889229,11.614953011510158,64.60136863015524,61.74820725758687,521.7677132372347,3
0.10980939962983038,0.5647435476873433,26.477023936235227,33.13409740701979,77.72982975062182,368.3522923437315,54.12916121422426,0.03813712957351115,1.3131980112972816,47.69672913475243,51.32574562506777,114.73912148961324,132.46925436389802,0.1624845531570696,3.581978518156247,15.187673319602059,235.23927226399508,155.25918374804004,140.12706608099901,0.21538351187587002,4.7706711950412295,36.65413923429955,119.36696451057887,245.52568611696992,1.247334012719509,8.458641528386858,72.78234478530138,181.73711984854532,168.16253653324097,0.6481159457049459,7.296833717226168,154.19306760643155,182.30172857606743,0.8632831659239338,22.16933954516577,223.18153485932802,87.32338394716115,2.6448009440646,28.37928778309162,163.13128260298075,8.320252780337382,157.04993216145652,408.2094177849923,7.00172689144731,150.7115293761915,45.39354307119751,606.3813398360137,7
0.054560435927853146,3.3677351718696285,35.923886217145665,55.195891442707946,115.55725898473347,227.65136580738007,76.34285801439928,0.2781976144395124,0.42948706173710904,7.367650319536564,64.36724772523966,119.37155459758361,307.665097416466,0.46699324180008184,11.94836930361636,99.74321934728742,172.03773122878346,227.8576742633343,279.168494561594,0.27501444507307143,13.06007817276463,33.075146963031294,110.11439855425246,209.6213729663443,1.5888113218289512,24.73122925791695,49.85960042223886,214.23733316488452,222.26025417706074,1.5861375248566632,2.74894667461973,9.217821160178726,300.78248687,2.2355241828721466,26.38030229446639,431.15745581,105.99608736699278,3.7465154335377644,34.02183398507002,228.40401976297636,5.894049572350128,219.98722147109632,426.23874721023446,2.2032852039317534,57.478545906795965,58.969795816245025,500.59675228091936,6
0.040614972563597695,1.1885112231259305,13.896415687069986,42.046140148699585,61.78093001151343,311.862644011827,155.20389087596718,0.058188698991417584,1.7976145697625763,21.067581658703187,83.40819000652279,155.46335603753388,38.61354392696549,0.1850692016595898,0.26001251,5.966754789756932,133.28001460297418,153.71051240417677,63.66657759066453,0.15477160876172186,6.742354007897398,23.730982761093884,35.663874572931405,165.4891982911958,1.229312426774424,9.471199927681782,64.3703275572575,71.08961058713847,0.06494351,0.8615427963133448,21.53687109550623,48.679483605436715,29.564895939475527,0.4094397294837485,49.747899765154514,226.73704448491688,170.90446704544883,4.66481980074966,19.919655155478495,100.03278233176373,5.173622135084421,180.65437959594456,581.638703591921,5.580906563612997,7.9484634483546905,46.38924857907903,532.1376744033573,9
0.042247938209392794,1.0642296794536954,33.74173378859034,105.16231700344134,82.33447266794556,243.45031506272804,362.97245407769265,0.10668399450142427,0.07383968,30.948000153441832,92.37500141259696,253.59306437595677,134.0735787354495,0.35328344847425713,4.577561016426041,42.509260942038274,119.95653072670564,73.30683699839356,26.734411829163268,0.04175597587846683,5.272983197167189,60.33293008599604,107.7044678758956,142.80020135291343,1.0077738749381606,14.421299059900875,56.58803722068034,89.78794639968697,59.21970122081343,0.21726225166427432,31.75390697337293,167.59088940384675,207.01516929662571,6.865949334132175,37.214432339609694,287.44973620518203,141.02926516869582,5.2883260270101555,106.83407591785628,115.18370756592088,6.311401411061813,178.65106628855636,305.285743197667,8.240610666193213,119.10187008796842,35.21004452466849,504.6574838980532,7
0.09663052751035747,2.805802301929754,11.294293128399916,81.94628907863986,105.47819953329504,156.7597425589999,194.4149572059173,0.2237190654202557,0.1739192090841155,13.179080551373094,92.74693482867254,224.51666471139293,126.27427442999635,0.0860789591454713,2.0724085428013126,42.77512201964443,90.63652390876126,184.95076649479498,109.61907095397433,0.16998660580948752,5.832875827115544,46.434625346687525,48.436754421605066,101.75008917122803,0.5836257918433299,7.027521907317158,89.67824559022132,173.5122107418032,163.17473596194074,0.2786877553102939,12.993947326196633,65.97074406198979,198.91730284065233,1.455096572688362,25.06670942299787,235.89543520290357,238.2484464952397,3.3559990453695776,22.708826382018767,234.39206692636833,4.979254692145924,156.30049801509335,385.7590327638433,9.278261553436172,98.9618371257701,33.25782492719861,617.6128529182004,7
0.07138449777891796,1.0263510835248821,14.53394547944181,84.03797577825259,44.964828079935565,136.02515102496938,279.3860615488744,0.28038038507260776,1.7904071232156265,6.678182310330091,148.8916142942466,50.701446878339915,208.08846357162452,0.19391270834195784,7.637034776173749,67.4280813270043,125.74046187526386,119.73294422355876,219.1799173531722,0.27611131663920263,4.64402144061013,67.03392050446145,77.1197449616132,130.63308139334958,0.7577342740710118,20.698845354496015,32.04842564064404,213.0299856452039,114.99244394487317,0.3017006576959549,38.14851766904438,89.26780107675945,174.67487007057218,4.925176915428142,18.691845568799735,292.01409002882644,166.01059662174308,5.637527873662774,14.884403903559736,43.11006746285685,5.638663190015022,164.5113258224979,366.4758019146145,4.651180723287818,15.040649698731594,51.3065840158621,547.016450574199,4
0.22871256910933085,1.3296780552243714,20.121763254750157,135.5201979979004,187.47656352073537,334.98921263267135,183.99786335301582,0.18518689891931425,2.4440748064243945,37.18912307467123,207.4172860314148,137.03983347191922,256.6770626289425,0.45692623982372116,3.8338121028458456,76.50146006150227,86.44929893966506,156.02927519615082,229.58777242743153,0.8213050781605535,10.016979074873607,122.83657211337294,100.59919861576132,141.46274748229092,1.5280911102779422,25.623967126011657,108.3031134193713,305.5151443049402,158.96269990705076,4.024353143149801,25.526757614356804,188.17231820570265,200.1106762683222,2.8589623925957675,19.639983334674646,139.8221738965453,93.5607776985687,2.143664876999263,138.6781972033338,30.48935219901486,14.997501497799089,166.51151228104186,289.38919594662667,6.543725460689682,101.97339802444534,34.11329479989908,382.943523108741,4
0.03862982275650053,0.92193332685136,13.149070163104875,94.27123854249614,77.43236895382367,431.4536112827913,59.60081289662006,0.03737728174321381,0.16591943609150017,5.468036917507156,23.931918487457313,193.55441318339157,4.60701809,0.13599790246869775,2.703323765895094,14.454281440466241,35.15618239190481,227.49825709315434,207.62302146768224,0.06325893168754003,3.1086890509549163,7.231951476228977,47.591163041270605,30.210392411577942,0.5446591005263581,1.9157524981978202,54.54628175776812,107.49198084864214,23.13729311939799,0.5348619296369784,1.9982527241945984,105.11273813445652,8.926027437056177,1.7314949673984366,13.465754098928503,226.24127286338384,40.31006904860741,1.4294891795987938,89.94902774883849,60.88728815139435,8.153063316892666,164.9617706993582,557.1674374942744,7.689219517973349,81.80302156047925,59.044951620564575,596.1250799848551,1
0.03649369352652721,1.9764399084794135,26.563376803228056,78.89037352547177,189.82064549179833,302.55863464391706,239.43298601452324,0.06847598418068386,2.0521962951005817,14.949900614387772,14.193824049751427,140.32911066219805,156.5964338388169,0.2336912554808056,6.6250006083371415,42.06665083226852,39.757750068815284,142.6181753462168,309.0167237796619,0.5468522954564853,15.58736175630378,40.182589215306905,8.893359173798185,31.779926290682837,2.101067696043004,14.707290629823195,27.032729878270086,109.96911875413812,105.97788533706029,0.45687777991353334,12.705000065408392,29.653976943842903,60.66339698747559,3.920006228294349,14.277953603206369,359.4172427064924,150.50121604562878,1.5830818705116423,17.38211318503019,80.25103706146467,2.753918091607447,242.78973760337175,226.46208757479906,4.8370529502404045,26.96838295140337,74.60031445898362,675.8742696084851,1
0.02966442623755195,0.4064032396127243,31.07804693725877,52.563640023004126,68.85829758664761,57.94711134335142,40.3850768503138,0.21112073296234013,1.3299647939782027,6.69937152347212,184.43594773131665,59.87227586046818,100.66003917508641,0.20063097734724705,9.237963313743201,66.70475945973921,128.37831894959314,85.6970540636432,153.84720469565977,0.14333306978195423,12.284148633655587,64.5697448954462,67.59906801533751,47.85919703236197,1.0341147934476282,3.2855399486570853,46.56115385739289,85.5832631887593,137.72688313698873,2.5008057413523153,27.218919382396713,55.292336418569015,194.07577277575004,1.960672553507406,43.29332712070891,175.7044797034917,27.3744793316789,2.7327707989555283,51.51141100162988,43.90140069153527,6.873024960374653,214.9349282434966,316.1652957589165,5.170010888451477,155.61136976606392,34.13881362657666,415.84461129160707,10
0.08420300070740346,1.3705461382747555,21.68910672071767,94.7786195017903,37.38368108646063,254.1977923748924,214.44383347498035,0.13479241574833367,1.0511477919762986,41.185571769454164,153.44995444863324,132.13033870628755,195.08356250518713,0.029085567696893216,4.472569952828587,30.995578178078176,35.55548752568431,221.31351952275173,61.4741987435484,0.8597112356802423,16.74250124400565,38.64709661534613,167.9438175763792,37.47846114105308,0.2907492883052831,10.782805343234383,47.095449629493515,125.35679118084204,245.90904598487407,0.7407499439298246,24.140246967410025,72.69740425507547,19.62802195905575,2.0424289152621995,20.544884026346868,183.66124882203775,11.299685702063051,1.9485083324833654,28.686084390271553,29.729581109328116,12.287701502862136,133.7683414108967,485.6751289335329,4.826760336891241,111.68758946965478,42.02162802324574,496.89137926074136,9
0.031358867781386975,2.1403435483240516,27.03696726182185,49.11872883740923,133.20056307480257,170.03807514670302,228.19344914437502,0.01963454816616117,0.10852978396281321,26.86099137810011,100.54058157818918,53.06394844564848,110.20825017859697,0.01917905222431232,5.873622642205975,58.38446516048227,31.043933155732027,170.37254936243122,502.6876713682865,0.2678376289153397,6.494596360702028,64.87527950547239,31.08619502683086,51.769522374977264,0.4065557721192093,21.994366304661476,58.22471192246282,101.36076046044286,406.776472635451,1.1696392555791963,18.375218664880165,106.79170514728816,36.03954222964656,5.5784981861070015,16.438608602624257,252.02641346680053,61.63303201800654,3.005261004587208,46.881335996571835,145.86628309399694,5.3971124614007735,149.1458363301627,455.9170286873606,23.677539087689862,116.75860898984057,46.95803646725114,641.2100355609107,3
0.04088207676580161,3.120338190572164,16.699918370562667,88.95557253706343,98.94004886355806,263.58132893609144,108.09266559031303,0.18818185173142982,0.7072209861084985,27.930234465170614,65.39560550975509,190.82199609813762,201.19048352949613,0.17537829287519352,12.172541674108182,64.83309239069517,217.48149539360196,72.23577740178428,37.60214297200215,1.162270726865636,25.050237416269134,42.044079145061076,193.7673295024807,140.91512544033313,1.4260346358349203,16.81758785977321,64.1584051090749,201.20076685840996,79.97598022516735,1.6123806896756783,24.492749194023183,93.70026741840665,51.80477625479223,2.2977737880160074,49.01205754365065,253.31142758124787,194.81321264862038,4.307819289282281,41.199172259595436,54.247306948420075,13.094985567728095,224.5543338208869,352.338590778071,6.8757597296707385,122.82838972398443,65.06289982323867,505.4221612359615,1
0.016866045110858797,5.593717695220896,4.685320641167944,34.283002332444156,52.31903051028981,170.6160975478598,255.76643185570077,0.07184143361918177,3.409859863657634,1.6008247545644707,32.45400002149505,239.28784296700837,318.49594957,0.08206788918093705,3.0838605757971393,26.871113917586293,61.698022695260704,68.26881815296714,336.6783083243357,0.3926563062028991,2.390784377364635,72.78581979386036,113.07745727987066,163.40064282614702,0.32635012765590893,10.361818196131471,29.0040912737103,190.73781722042693,163.76353170015648,2.1436478533832517,32.842147038582894,212.9404063208766,182.74450458704345,0.33516017213634586,33.83194120817136,263.0939319988501,157.3811740646682,1.4762271868095918,29.54940363937678,57.56618930841946,8.108170979711044,169.22149731919387,463.64694798585555,7.957751307346746,110.36175541017718,50.90630626233231,610.8278424772419,1
0.03253259004062921,0.8725965307473506,32.9269693299991,51.04403063377067,113.74282072592513,183.14740315997534,219.6312025571932,0.26997895533463473,4.107380712458488,29.447650650275214,55.58713406785978,149.89336199692247,97.81574436778477,0.10027775470435758,6.605326662749167,26.176302133442675,19.40824729399848,113.49880471183057,91.22197502622892,0.17810157996049084,4.130935089681108,33.469438990480896,105.4813510961571,16.887190591758255,0.8168340138772622,14.76427356675944,81.47250657112542,186.28509178613308,103.63040012567511,0.6209932130242599,16.60108141148993,125.46624876102231,2.2606416,4.28400312095318,20.69781554475956,279.13512157816217,8.355152457457695,3.794515054828557,48.618121003202994,111.46132242306174,5.951109962100817,215.86015001048312,491.36574395205355,6.476233826434993,80.82693145799496,46.54996617629469,544.6584814599007,9
0.0656571554462127,1.329279513872358,14.136645473763942,49.486600794083415,120.90338600764186,294.582440974114,88.83472745581764,0.1117774578385556,5.801099911506066,27.715120613812093,54.95318007639655,233.03003099183456,282.7683369479215,0.07907364774747863,3.3165668863522892,20.01437400436928,211.2652634187923,183.39332449284035,226.3896795305323,0.490718600019322,9.397640089427615,74.72882289729557,69.22596919498852,83.85166489615374,0.9290289303631873,11.8867753469148,144.63978427023068,223.29252505614795,144.42787566117647,1.3870089290106224,21.82302359891863,50.1574931721614,154.00802220000537,1.9876706415325267,31.11753483139434,303.806408294343,34.047527143276234,1.3349156498337025,16.204054629786256,152.46876572466317,6.57806711104837,168.1234732331826,427.7032180992232,3.1525123409982907,30.04250432155832,57.56457248733449,399.64612996118296,4
0.3110746680732854,2.125954331671757,21.022182638846292,94.13544042847161,60.22287297682668,249.44518587007488,161.24873623457165,0.061943110817335396,1.811722339069188,20.272650602028225,133.3495497095406,156.86486269398276,189.3711589097486,0.17363781957980665,7.222203129712397,22.085557509222532,102.25631532457592,170.8004697177503,125.96268319999803,0.15506157284786481,15.968802556539043,47.34340841587225,84.40054758328411,226.56180478603326,1.7633485531781252,25.42742528211367,70.61475639164048,163.26326176670707,65.38324681199809,1.4866376201127691,16.953922012214413,59.89770885126831,81.4524268697767,3.58169509669162,36.2586366123814,298.04378641427843,79.77031757967308,4.1580922904872075,34.87559270966946,140.5351474264702,5.500384808552377,170.28267849579774,383.28540512965196,5.1149895391379525,42.010595435087204,63.86703503946094,493.6277645073778,5
0.02389392161789844,2.9894715770229254,26.92337977955713,75.09628896710453,120.64818969805849,320.8896813258588,153.75403871766616,0.19754081637684345,3.507757530863198,33.591629893894975,109.1431435761631,56.354029119572246,45.036874402013986,0.2045137371591381,6.442449557824301,42.483129359109334,153.15504695000374,110.25325499250397,26.24418678957912,0.3744148953210736,15.859808801096602,94.78160093590395,29.233934232123225,159.4072282541973,0.6423307793281003,21.60206278826818,32.03578231067298,64.77365299013488,0.06494351,5.15466199,40.895470925486805,60.55843060436048,167.6357252494349,3.612250089400588,22.43123723264582,358.7306514779875,194.3135592980328,3.5322834813130877,62.95103398583417,18.03135343350666,4.628301017631289,177.18802493223282,414.46065678160664,5.955992251322706,23.225646245135863,44.12168211777081,536.1166870444106,2
0.04220072769057066,3.61012066902891,17.90113550565905,41.08043416440585,94.27609519947629,172.83659532561268,191.56199013518855,0.19120723098823902,1.9455875265295153,9.921891665429962,78.37569156425708,66.20983397737001,4.60701809,0.1267269879090261,3.0481188384048385,41.01191181925363,36.30238052838726,163.42885531951597,138.31334215728313,0.16183160265395663,14.55201593711288,60.62815511413237,124.56922155516381,49.91411080886485,0.48565197507692814,6.534227645374376,33.01048025819307,227.10906500406932,109.2956317996621,1.9639525683709202,21.791688399031425,47.133116508063154,190.99999942495936,0.5615243671322897,32.265468474975286,227.39733405252238,122.0417792379474,7.647190988028584,16.869583192895384,199.47300695883678,7.470505740728721,166.96980937573508,428.46340999199543,8.221100237812735,111.97849038437687,33.006630881532374,538.7413220309613,10
0.09984544165783107,1.5072065190774355,29.794016911359442,150.59740600270752,113.02713586095662,317.0779155982342,75.83700207457923,0.05704921879699097,4.221758892661378,24.62821892786369,49.8777475518106,154.5789365482731,40.6591153355121,0.3133933776241591,11.521635114821391,27.379414143188292,160.0509260066691,171.07522282290952,254.66066969211295,0.2972944247082732,11.849152484613944,46.4744531172943,142.2604600216073,183.92450066045907,0.8976419744164946,13.135651602245588,93.39071654880637,185.91782410438032,149.91671506553834,0.4597369313012153,38.46844088410716,163.44786181211742,22.39357217759386,4.114599683407515,26.406367939234563,211.01276312485695,117.41091801200514,1.7835876874331846,24.087593628810442,200.98806079246862,6.227536174184649,201.1384919680752,413.84251259338254,7.125527731944281,29.458039125593853,51.66313122245485,561.0503889222977,5
0.04222858760682051,1.8757573501117388,28.43545309801013,131.50634483795625,247.23283254927793,2.49743073,265.6469773877476,0.17568246983727331,0.890579128606126,32.218281623934175,75.25594326846624,136.60415498211884,263.07762198972716,0.010498131453359455,2.607293184883965,103.3923418561408,37.959467684171,116.9931677090475,201.388582644647,0.2216828948395041,4.8320296948489965,81.3308092311519,85.85227385288186,8.377106320555725,0.9731607376079767,38.03171146292692,22.93121743687615,326.58482748139227,100.97635522935781,0.03191206,4.726781220225915,48.73038921150912,132.4848640003109,7.045904435564389,46.89786374751582,407.2130801506427,331.50023875175356,1.1618552449067823,12.740472443819503,85.03630618594362,6.2774484247247955,199.39480882388162,410.46144631675384,8.850779919205474,35.578705039586964,39.636686666578576,434.83918097459525,9
0.0316862547404658,1.3175918547784786,20.901164276641065,38.90167303570396,161.0188448709142,376.76213579248827,183.03486658491943,0.08599396451111782,2.0989293121984183,27.23947744395001,65.96600617190776,201.51101755495267,54.812397954324794,0.19459204361714447,6.388547917740253,23.268199217292395,175.67952867466016,55.62445943774249,48.141058797008654,0.1880804110858046,5.116478763186378,22.693323515449222,125.83612620314531,323.00541945,2.205515040908669,7.956235423893473,83.98476292049153,181.68438022909692,92.05654514058124,1.7162927639447558,10.352000498861923,47.44710579609257,151.04117955428595,3.7409913309591367,30.221357532365246,355.2756666004477,43.765382052264414,4.247784780443002,19.559983623890403,51.838410077139464,12.789407826083146,245.98184550778518,382.3497464113413,10.351419813481828,99.76897035921267,75.28722450902467,569.4356155617616,1
0.10553044470843935,3.8481091950958017,34.839599008069285,57.72854016214704,195.03278032008103,116.76571819527591,108.36634210833228,0.1602597719003945,3.9607113644170577,33.18573478010176,107.1108076307906,187.9038635884096,211.23016883998798,0.2014253116548812,13.031244948954166,48.27907852508099,119.73814308941712,174.27030728775782,265.952601581689,0.572027468159673,12.335814055261825,62.194258205713695,99.4688362335532,139.8170382085455,2.2526535820539477,22.32207134246508,91.00004842703201,284.50872406128474,208.26277925682285,2.1737922314920217,15.943778664263913,34.622563123033686,100.45528455060432,3.3806941781840867,18.189613276000994,242.8268527629769,108.1880133046497,5.835611384445993,43.23600735177022,177.7538350878819,6.038859638602856,216.60494748957547,353.455867331924,9.585899988067911,215.52782138639094,40.578831627130235,473.86254245413835,8
0.01365249541327256,0.5342721728871606,32.55203777583519,52.52845261913875,177.26667302333385,51.754548336758674,178.30324605401694,0.4248955097164911,2.3305239397694066,19.587135178833016,104.60167445799374,150.7402012896477,236.8504951148134,0.10464852730464766,2.670583759080509,27.031795437114983,216.86857583960472,44.593152910550224,19.845650730933407,0.4060254322563109,8.92132691681108,28.778684085478478,21.15598698875306,105.9684646133525,0.2523484148376208,20.75143472182598,87.13392655943038,179.97707162862895,196.27362115394996,0.7636249067263271,20.835192534668824,39.489930545053866,119.029173415905,1.132611404619887,24.143327387491553,216.50822031243143,129.47344004672897,0.8191382405979752,10.864794997599983,46.83746095747966,2.6941187942862976,116.23276026791855,503.5437089372002,2.9461461636274606,44.25588142085648,24.950249268711367,519.1165587922321,10
0.03782606996269924,0.8274216560129611,19.16184756428094,69.11087025146712,173.50627754236132,459.4712148345609,90.66229831228621,0.21174664934911042,3.219472314344971,12.45047557960174,127.76959509918242,39.21444244840724,4.60701809,0.1546577814208539,5.864088315741073,43.36198414215502,82.9350746053082,92.84803791299228,475.0345990301802,0.15126323901653407,4.157733669184298,58.00465895329263,97.61815678593358,56.113424913951924,0.4335831273137635,13.1070325372049,47.086152695735635,98.85828191574544,133.06983649641887,2.5222867987270985,12.400119758116231,96.25084035735456,33.32196286113085,3.8161667284913605,40.38293619290085,229.98083834381652,136.42560730014708,6.957093639561042,30.02509454723696,78.15827535928591,6.795635334339952,135.86146871227157,473.9980977594024,8.13964511940796,105.32385236942862,37.28740743614213,514.7801821287313,4
0.05640275225290111,1.6987157853390276,9.255667229205347,145.064295398676,157.5206920784819,156.63262577751274,92.5883500279746,0.19224022118796738,10.248574129867144,16.519366156822816,154.49897636295194,265.03918040720225,240.3114220355311,0.3482542760384668,1.7883088071111057,46.98762514910171,256.5099182860522,120.23931277326248,35.33307187758183,0.2633932227048215,9.440613278997866,113.26641559696321,115.54779735393033,226.34334742148818,1.355430531598442,35.450879032610786,90.33614951788434,225.17352809960389,11.669448836463218,0.25297758558180705,21.404918267936473,29.930623897675403,172.10532704358153,0.03186483,38.96002554393897,313.7909055412325,170.2384566599598,8.879287170564055,1.8853022531112558,225.31941225922134,11.269350017834148,166.84460424247422,536.9003219279158,7.933476412236102,109.83187543484021,47.06910176376983,530.2042567738823,2
0.05038979209006046,4.325198692741738,16.86952478201848,152.09666659542165,208.68358133000768,147.89359279848892,113.48317140775717,0.011702200867377277,5.375494489245647,3.5584569104678927,18.767482951666082,81.92812393258059,318.49594957,0.3896329865403626,13.481560134499535,84.50590142716727,63.35056594657852,236.62614371371785,213.4291186360097,0.48222677092726995,12.296134763711764,1.04835619,108.59514496021387,47.12511543407356,0.8988735068008865,11.636519688365407,53.59615358185608,76.79469633378397,287.0553971724099,0.26267295245092614,7.433182519880662,9.211665585776714,2.2606416,2.3762770389149708,16.269641979088263,286.05315187213034,121.78180883966922,1.060356224136212,9.867578684854916,41.30468738735554,8.331438879397052,192.09863574472763,410.7973633238088,5.62981913377306,64.15293171043379,49.797729522860756,534.7320760120693,4
0.05811955520292779,4.213007373576163,8.103193753760287,57.630772361552594,35.70234465864691,33.27480846822702,120.34447819363028,0.0931479525746925,9.475640377385414,45.9370069023979,126.18821391313077,190.76924424672836,223.43572796514775,0.1299401414031834,3.637052089545307,32.990349642374284,67.52696007504913,140.03029998960164,17.849994703320384,0.2883121788210779,8.868786460853887,109.47732846575337,115.24822679676423,136.92849296806887,0.910323836219864,25.436499339725017,37.32969721713127,244.85223132287746,407.07784458283317,1.1570300219606535,20.132178267198963,104.46559001063092,222.62403386810223,4.23496156714372,51.009578458937376,257.0542559744558,235.39999001509338,9.099622084027502,25.936768532454607,142.27805184573873,13.940121788908323,144.5312071294162,474.80367829629085,26.550390032368515,183.49222416010588,35.045429120738476,413.5593997753101,1
0.09249082868638105,0.7483678236368028,19.122287434954984,105.10478995314998,153.53781970768165,563.06157325,223.10609277542653,0.2396401010298128,2.4741962939758575,24.257421690752086,97.03929464757786,194.150344884903,39.61117190733009,0.2146242885221159,8.821533835373323,66.4730247423614,65.35995250765788,207.52887316429369,162.09831757372163,0.4487853507795709,3.086658759005958,59.39551049310626,68.94954888641306,77.20885948600413,0.6317889350771748,16.705437502271753,69.26904779275674,218.64228540242604,69.93359022100019,1.2712494582023088,23.972330796863524,134.41052553212276,148.27653945157817,4.126699103955169,24.11500380468114,218.8573717927505,179.00777092451546,2.948272070032336,18.87020486892893,139.0850543262017,6.645113208887652,167.20753304042015,415.87497607039353,4.653122289055525,87.88650962337718,42.97082873344274,539.6957158989574,10
0.09671709155288491,2.157411596289208,22.770234105364228,86.45879972501706,213.94631138847268,176.71524186265566,406.7753184090585,0.047580394179698435,1.9072485776869401,70.79880915549052,18.910586299890742,64.9948447978071,32.37932313765274,0.7849843714725921,8.359911850310334,28.73221224530115,146.50640318886786,165.49498995723005,112.95809831664594,0.1648530393446564,4.7970988209635355,29.23978077885457,93.33586450576313,48.847931748010296,0.9881292388587807,15.898763375853735,113.93949265940934,215.56090945511744,246.30930150881903,1.0800361992739624,5.017797537077177,54.19695655372555,128.45848426715895,3.9560093797230027,44.283352128537985,266.76431364268996,193.1825058098415,0.3788556531328784,53.99828294736868,129.09421674430155,8.427141551431852,198.46684905758468,425.774070375118,5.065672534637006,19.659783072286555,54.690240414766045,413.9053282598478,8
0.029251488930802927,1.0778490787187756,21.49139170268829,36.86679370552024,184.937679242984,382.90091134233535,36.610649669879315,0.07841131987050277,2.01264760854239,62.33319312319651,47.772234579892064,163.1225007154129,4.60701809,0.20444072866664806,9.114220618699258,23.008438799576844,113.97393625790514,177.72773390859334,83.34718699082268,0.33187141633131906,7.548232303253782,44.05036168604206,127.92304455980991,239.98389109063228,1.7316989950998167,16.446317493316315,107.19071811019714,143.90424729929336,29.572905546964623,2.366861648500067,19.264980234297536,99.76153322814005,84.32189991705191,2.4944572796835875,84.79056823550732,306.2860133137644,33.730750619465155,2.1516048065123754,44.36261890792668,135.42570422064404,7.062876409168969,204.8513115330161,444.05516716700527,20.19603286393558,29.714197537057835,51.46807475581483,497.1887273479291,3
0.060394264963800945,0.312178925883683,30.06605888983414,31.00631725825276,113.7367162987143,422.80298731829384,40.9500105324596,0.18182743666501663,0.8850009835673406,72.63668868494383,181.69798041964148,198.3933339998574,20.58209609345154,0.06028713744786861,7.557652782203507,19.28127271900864,128.83288435619292,207.01073125967108,297.13498393379507,0.05177166535020035,3.1579718613500862,45.7930133008004,117.70882643409394,125.69730276510163,0.6326049119137431,10.770035925067518,29.86175517165547,92.14909070688078,224.31651827073165,0.7865921053275484,11.377372398682272,82.57367714132982,161.5964651240864,0.9239069947177668,25.572974495894442,260.5574492668335,40.070238399823694,3.8011709361538926,41.29767932820787,69.41332787781447,8.404109918257817,214.19769172891495,294.7038964391187,10.082715928989176,77.26140715213732,65.0917819189695,640.609489194338,2
0.3116553599884274,0.9258977908731467,21.58263040151887,114.46079700509432,63.118487475692774,96.31490762789181,142.1976202881416,0.12267430147643184,5.300645934535439,17.19829248165187,180.45758495563834,40.89984560770253,197.42243910060492,0.2757869829428669,6.975796767199821,29.007923618727375,149.54617859658924,61.094524361868935,47.05337042351774,0.47731375956276656,10.498869259493558,16.64230975315905,129.33628142798858,26.612553371453178,1.4117891129738118,17.427874958051447,184.29568002130148,210.57261676221017,157.9353467066898,0.39362514392268094,31.95421042786284,52.462168370916196,56.77855450838981,4.520513468087923,39.56439801274097,325.7892165657412,151.27062405250854,5.795939156235798,46.941850931879436,183.83906615218734,6.054708397040815,203.9191498896876,281.9109054030016,26.979098680474785,139.2514839406627,61.44879040581114,561.8091737904732,10
0.11364252611950675,1.505411250796548,41.15644744473583,29.684333140210086,141.4077529596513,45.269004376348576,191.1684803356431,0.17753257570495276,2.1761554757791077,32.00584263087359,190.6670478058257,150.34994195121237,318.49594957,0.07148819057784052,6.275446666488188,38.62646968535255,131.12473970408453,75.89649453007951,47.016024650458974,0.3199585231262953,5.170766320850964,99.2385652532444,253.37534879046473,85.43747548451712,1.0902464172240451,13.90422339064242,109.06841772655626,188.98147741498354,83.45398929264442,1.4488638190014487,23.293941238229582,81.31597855329379,134.25037070276355,2.2168701336668386,46.34171029687061,395.2549922136718,166.40553731065086,6.212926241565169,28.06357980832602,148.72415673996846,10.719858802355965,184.7244213515976,536.657057741126,8.145179666286552,183.83825824688554,30.052801445268827,517.5279260207537,1
0.05924799086810807,1.7126310799857738,26.855261776119097,42.66777137059802,47.022211381033756,92.42094940254762,203.7905631764098,0.03777134726902896,3.7187807239414585,15.941854344285012,23.0251860312628,165.74803288927185,178.36785590502126,0.08922795142903726,6.68713921216396,15.235515375148895,59.42775662674512,141.32019541823368,45.89462683346226,0.4785105346286127,7.309981217941768,28.049769795501806,120.36840250555767,247.89624245344567,0.39363604663282836,9.83074511446917,39.21749154103201,235.09231891167863,422.0794871927924,0.7345661432965263,15.356355058988601,44.94728578944618,196.6515286225097,4.502718264247204,49.11840445488551,280.84521822841964,223.26465513613792,2.47646600603231,51.158650219105056,51.08863291529302,8.740423470468865,190.65849764122933,459.96229143306266,12.65258446808485,47.56177387937281,53.27317643513898,610.6072788785681,7
0.09085596326123911,2.044268074653265,23.21242255367876,36.94220303600106,25.33401149775352,44.502798931488286,238.96906737072177,0.04167953350579472,2.2164668153341314,43.224585957811236,39.418871568416705,146.79175319137565,318.49594957,0.2757706265437936,5.957340530935857,31.492056828218544,233.49630403461458,197.30762777853397,176.4476408422401,0.7243558244480492,7.4508768794212,39.13062311753306,41.921937835130166,5.7025015,0.7764059452097689,9.037825183858475,85.22604704094488,200.60481367257927,86.30898966841508,0.20244919350707752,13.582697359552634,62.94585474552626,152.02005458497695,2.304744238503028,40.774732512762064,210.48905589711512,157.99096088264574,1.8871631003877343,31.142607215209296,219.7020308117792,7.77631082836487,166.98020668577226,360.3994583928873,9.627764674360373,83.73201578509847,40.37230567278978,413.59511121398475,4
0.00109432,2.374596141273919,34.526787815575574,58.02983072060049,76.859137997375,172.56010301157897,266.6703472433231,0.0319467552293234,3.6668047201457146,12.536127800398901,132.68903514016648,84.02676620314469,44.242064114587095,0.5986997168147136,9.891122339672384,91.61513657100525,150.2684610732512,150.98588256718003,212.67445250467034,0.4785831638973654,7.928217736077622,38.362633768783965,131.2570440326412,75.01227281084849,2.4915124041064898,9.771682282697554,94.18520791256698,304.4819896539475,8.429460732220186,4.537079713344113,42.00777130504136,233.6707919596368,148.0194322056396,4.869728717318959,31.16031422283951,313.37776321629156,82.6873567044916,2.7560681331717474,39.335817720085565,36.54801259593879,18.27542782052457,187.7712742564925,378.70155163173604,4.46786904952636,102.93470089831544,44.57248340291312,506.8434955858774,3
0.12313379149863835,1.5899730014211464,20.221709347296255,45.34689865912326,62.0494084364976,188.71254646980708,103.61439250736059,0.18665320587091633,0.9464042933582053,15.35837240954176,20.976964476693148,118.95765715396422,142.27901778647816,0.22150403931870766,4.5149254392087705,50.41835196317889,222.30563032376944,284.3904121124224,335.88984046677,0.12069939261867504,2.435480569863392,21.86659879247142,202.2133994014535,172.81932855179528,1.3092580491625698,16.79982252327554,109.39382329854254,123.78058397793166,431.8285836136381,0.9716027312721366,17.319116459222627,19.394380064090484,84.40504603384498,6.291050348273886,53.38901086488639,249.04931532868528,84.0784662087388,2.7467538339256077,18.69282305159546,220.92856730621412,3.3199551752891643,175.7089827430837,425.84174482521496,0.36292568,82.76016280024628,41.543278464823494,541.8306615116,4
0.05078526753443875,1.4599644423900524,13.185184691057302,166.13186849235046,78.00264866903619,433.8120210492614,170.71484198746055,0.19718974289147498,2.812112856351729,9.897206246244163,89.2086098626235,81.22168233642967,111.44318275139378,0.3414480197370769,8.070381130145549,66.21771460509328,183.78827416832965,235.6770011723126,32.185825379408655,0.2938318059527574,9.506993542458487,100.75492059719949,19.902092154784548,212.0514403272663,1.020637868887868,15.126184644532483,23.869138250734284,317.02089830363786,213.20903672192372,0.629562281834647,9.280934451956872,149.53764934502408,85.07390044662668,2.1154579591524807,35.13507308365149,285.0477634345592,132.7620560404964,2.1630928563176575,16.115477235436817,20.796103001546825,19.326168871740812,177.73847532867893,320.1868509061507,4.414608606467667,143.26131128446622,59.33142428802803,595.8158212684864,2
0.02679015697196272,1.5114160063344624,27.385333230912604,62.28269936734575,115.46949913893286,296.64439005873237,262.07621015353993,0.02261635376220502,1.0393567602906768,30.77074463632334,27.168207760409423,122.57447771453013,40.16575503937499,0.0896140931707925,6.360343494307381,20.60565982420141,31.725335510461175,118.43321464953083,111.0270549245903,0.10930611022984787,7.0516578547431115,111.42149662267958,43.34071960721241,17.965323906169147,1.1983223269547767,4.999117329438617,80.05977667486937,126.12526366997793,65.90393686866213,0.540437363560272,3.660209715419752,174.69381599100066,38.82319720351414,1.212786748520034,24.009731294836115,287.860084835829,59.633754560811035,3.6640021312115536,19.998723552133818,210.8420481173439,12.441501834888006,227.97177012688562,337.60920266397966,10.276076933421582,18.96799869674507,57.31349282558184,647.6055138938308,1
0.0165866912509013,0.4297968038596418,28.125588063114265,43.23539994263154,170.02874228508634,398.79463225852425,249.25633836200223,0.07821244359900975,1.9691211795355543,53.31433800433833,26.11372104750498,164.4710460903479,67.19932300900022,0.26566340783215286,6.956757268291405,29.12162311268401,53.779747223709016,184.90737802154942,90.05892375231707,0.20839523187514652,13.39071675389063,35.37817236390913,121.241447516635,71.75886088828165,1.1265595846654648,8.786776306669397,67.15198335494863,149.9581133813072,51.077567531736946,1.0062066962936471,13.893362332690163,99.2162283080773,147.87730548676376,1.6457868661392192,15.430950568853548,268.75112221482493,165.8931716995158,3.521922464047104,45.64702642651902,96.31722601433384,7.565494624710319,226.81192525232134,428.35355702703254,10.473808453823114,41.49763994810091,48.52451009592479,430.90535393931214,2
0.27311645125747497,1.056941667848053,32.21264484161253,130.05630265999122,128.2626993713391,398.56633268098403,124.9490002903522,0.03009237622760075,1.7676551346521452,11.696245475304075,118.66189409995218,210.0927416166003,4.60701809,0.32082874732004096,6.904582960260933,76.96461250880846,81.33046010875208,158.76755212180228,127.82427071795635,0.14526390312090998,5.150929460686663,37.21699766027872,160.350537477215,145.07049473096274,1.1935643742582707,11.380810258395416,53.87485878279002,88.94513394441177,225.87296112339658,0.9318745413106491,18.55791860449137,117.33929613964067,2.2606416,3.7348517319216294,27.109320462692022,254.45951804996105,119.40856110174488,1.5045922943182102,104.0982941269988,67.74616331027738,7.83594513666415,191.4203900915336,444.44947121158145,3.902795947372695,66.61995200180809,67.17257502985065,492.325178820712,2
0.04774152476512039,5.621250266923062,19.729377127035782,133.3878273951869,84.5525572226606,258.9852072537616,49.34119604681389,0.08679946804468978,4.429519098651121,33.271815053382355,58.989405741627905,116.70943923029884,318.49594957,0.27338437463934995,3.893687577951373,114.33741085981524,34.089449521007495,205.04167242301358,168.6269107381134,0.3197885552930116,1.7891301150671888,28.591914849453655,82.0511771403234,157.37225218702835,1.512403926510765,12.817408825579996,97.7167778098827,211.1902633221991,65.0257470771733,0.03191206,42.91195989575564,32.03482654466079,242.14054922363067,8.378184185655938,34.056228386468774,254.63211119985797,70.65281167032593,2.2582225005521908,27.798390080416375,109.18048345548405,6.391876925178,219.38357278978955,199.94737873865017,10.058031766538466,113.15785537135389,52.7931963253443,483.6030929566346,4
0.0499679122173889,3.209001632250868,31.385170030285796,37.03467677605713,118.37424025007772,120.4852146041278,92.42908427901396,0.046014277212923255,1.1439871255294871,42.03435643151117,19.758374798866353,199.45314235118434,4.60701809,0.37913297808736024,7.467147344725732,74.12285514262855,111.57066872989598,32.05833193607347,231.988113537728,0.05734127986106298,9.393566567049136,90.91500167183676,123.34651540883941,117.30182520205783,2.856651008909964,22.97508130571599,109.7973015733734,91.19051338184943,155.61245592756418,0.8661742154066407,21.16790070118613,78.87675660931335,39.41200981040311,1.7580831307555453,24.048255732455964,239.8395776645026,18.942797553548978,3.026355512159524,43.90511551038097,28.510809625871897,5.157003502533997,222.00610746264778,476.6181665902201,8.390964784726528,19.935193908461187,65.33625857857577,509.2727731743194,7
0.1891900653168824,2.0184330955365475,16.45340203853562,16.50983908287962,102.28771607171737,150.3238131413088,289.75128524574006,0.12364327053765353,1.6628391019539897,65.06685611722006,182.23325479473263,215.86093420391808,188.41635225995503,0.28631530084744977,3.7419362964097287,83.76043454532596,78.49525593113242,60.899178612023434,102.74242194575653,0.2069521634339651,8.06286324046454,112.29784502629148,124.15140348194322,117.72113120642219,0.9409483623980952,28.604645283553825,43.00703795241413,313.04414708306945,121.74186145163503,0.5914308674700705,46.25445250211321,69.60228575112767,137.13400025290562,1.8256488561393969,42.28591302076388,362.14708492501904,27.87635892333374,9.063045243794082,58.50737633898325,170.3303881489677,4.226883706469419,225.96460079905003,457.1639695663467,23.27791446679936,79.31640157066111,53.08825916350201,534.7982492695228,5
0.034492441510417936,3.461011190148428,2.0417293089441078,127.79572376632161,124.44549888459758,324.77447267709687,122.48668039388866,0.18527610677098047,1.6918765819649975,5.075104231654472,45.09224384116528,230.11783029646224,56.15461469724731,0.13941911226712567,5.664293893557025,20.39263883518483,83.27982873203155,182.7861238095465,53.576298892278906,0.2640927849173776,2.843738484561311,20.33896873654609,85.9112154100055,134.74705834542257,0.864832410713838,8.920752142764034,79.41050202622526,174.68220832546908,236.91965329204254,0.7450078470525507,8.741390657635492,58.85205332655888,70.37515639272374,4.322845109060416,33.25592392220394,311.45751976699927,135.56407919694283,1.9128785303749187,24.248031156301117,224.0368635094702,8.033159162378281,197.5362371032354,391.15988673869214,5.434327939638859,131.73970646122362,59.55235508283035,563.920293350887,7
0.004316372734869952,0.4390149261797757,13.879251055417049,60.27379259489233,6.51364535,355.9641632673869,29.75506078596759,0.07760707056135752,0.9345788261971533,28.35341782350163,115.91012184621206,192.032346918475,38.41089474290068,0.09483575654712978,3.081432122688535,12.241991030046567,26.57796398842795,317.1561727016992,23.394161907837535,0.2655405847967927,4.210622024875295,43.37403618857438,125.90555158016492,37.60683270366587,0.9416683250142472,4.288718136017053,57.317712759098015,161.90509835478383,73.34363411194352,0.5512759766639028,24.069470169016448,87.05451382521711,55.20078919118722,3.929883775434192,14.978606143222446,239.28169198551868,140.49111864470933,2.622173204776224,15.693175723122156,174.90804100796072,4.196121199999718,228.50357715961874,439.6128362376917,3.649985752120768,122.13621182427126,59.74262720057666,568.3570302314014,10
0.08279548466411633,0.8378407304365588,23.19735677671293,65.98308132938392,127.58743368587196,172.4465959642747,362.9202851116606,0.29316624969584926,1.8010024268870284,29.30219077003657,52.399237289091424,110.49572520405246,29.883249001957278,0.253481735162552,0.36252301327624314,28.147714641740553,148.06946605696865,199.5718351297037,121.50588683087818,0.3856438451466818,4.149559663403311,45.41842814984343,45.34277622276208,91.51299465991004,0.24723593663447185,13.11520529037454,44.84267598341543,299.10936469491617,72.1494624444212,0.8582881661991355,7.989032556904828,73.88101241140694,120.87142032172633,4.144899706798729,10.942447040313777,328.8162523589282,82.05521860350194,3.260810588924191,36.69371514359007,54.426404790013336,5.478231136112795,169.7955890909454,394.05296117265135,9.089934669843194,6.453654966680226,40.915943910648004,461.7223623759617,5
0.19606054651923174,1.4170667542542907,18.71567142169091,31.821213058649622,191.84679078147082,39.999881890564566,119.90960165985909,0.09454241585521098,1.8652427062512555,51.467928531515824,48.35682895525427,213.03356757418592,318.49594957,0.10603789231515881,2.392128655028953,74.79240731363579,183.17793068149098,166.8782047129597,103.4438004203542,0.12346939549416394,5.869861813279373,120.06199553199444,108.78285048292405,10.490299938870962,1.5956270012195717,23.348470874385075,50.613268920431814,327.0588654288347,177.44874780496173,0.038683012146766504,48.80122275550144,55.470187043274194,167.44408615311363,4.960286827340706,108.0821135,366.2485397156374,238.72488294724644,10.644467282654483,20.05389583240527,260.0226653018746,7.779862670833335,185.47730774790634,379.04915652393623,8.264137628327983,41.81935376966733,55.0202147267987,487.76947091321745,3
0.04440825768913558,1.5643689761473734,3.976182608711671,43.76565539722869,65.17968426385079,164.34233772185667,20.994521237355418,0.10028142113367784,1.5920983211416317,28.423981671398224,115.9376966764433,52.00329526264213,218.77862674350064,0.2905442982307598,3.510351421008702,38.85852710536737,138.051818385993,129.26833176446644,234.22287196329802,0.19952584651932637,3.7918234127188875,75.3367705248004,97.06323355002993,80.94472811870816,0.2333305282557568,9.543036857298688,93.31729375440794,359.3161423564803,96.05510761997347,2.152413660242944,48.91632502699564,77.31410509640726,128.3595006794736,1.5606093239142138,59.96335656066382,320.49124154326074,35.47148929632849,10.569098955964726,43.89736026828883,62.64382368509447,4.556091676570707,191.17751114223023,420.8841199984245,11.180557709390028,89.43237113359999,60.31670138282361,539.2702163107616,9
0.17503921340122852,2.8875893763320066,27.30168409832447,116.54140640192855,120.89068162473036,386.3152275961002,23.34750332963142,0.03223306224603918,3.49505099457294,4.2135328588773415,16.266949123271463,80.32830394807746,318.49594957,0.23080926087242765,5.96342558587461,75.92228381129875,215.91497586589225,218.1346055266006,106.10617210535976,0.27660208061060254,2.663380283090895,2.5371364877628118,46.103294929063175,174.53197797046857,1.2170907827508344,24.268715822128755,165.23075762537593,60.14109596338655,378.86564942638216,1.874536795038603,2.3537864345314663,90.24181640041792,57.93274848929899,1.6882182683509335,82.85649451781484,379.66982457202676,31.28775529033957,0.9754301606031064,23.099664923835245,90.38160223863105,0.50956984,264.3146008907524,578.8615352204642,8.248451297499006,38.095459780106026,76.81185434588564,638.0253066659162,5
0.0834257848880676,2.597154434277058,31.40042319846527,72.78633612361295,31.748019309874834,94.24992277909881,244.14690742287647,0.08623337401343464,4.551425320939968,29.30679114857086,143.94866544362665,87.02426840073565,51.82024439252602,0.39094305797805196,10.819023948176119,24.245222201706625,125.1447367596871,316.79938063235556,90.88095684729868,0.5678578022053171,13.338839514953717,23.409486020650245,130.6242393610692,53.14662669332868,0.45762506706126266,17.863535579875577,89.65658388263849,268.46476007165484,127.59875355020868,2.5241251934364652,28.524098645967406,187.2449478352766,41.94076429456723,4.442358086121311,19.835804775792393,322.5465559356402,114.43960265250425,7.280353756540707,31.584337128645124,71.83287963200388,3.198332506967269,199.63208985116998,325.1031724840816,28.4300040756664,43.537282995605544,51.62396431158617,553.7813337415366,8
0.07159837413448576,3.880598075939221,7.49092649234653,81.89750769630331,89.04265714354406,331.76053339445,161.35162057323168,0.15764035943448734,2.1403995673411433,27.875146549413994,88.83378675736148,118.7187591668926,318.49594957,0.35489804134812286,8.503655070512718,46.26760333090208,80.60547349906881,157.49447144624122,56.913235858682185,0.3659910711866919,26.408582635797362,5.246771987472027,35.12241865138295,40.01659735964451,0.821159698965072,12.904274710208632,66.26426001264643,77.52175100318932,194.9206409187691,1.155847765183323,4.454258653425304,50.05101462418709,42.5307521450989,4.90272343842732,16.273182318362412,244.48003765268544,38.75876111535995,0.8247602482330291,49.39984568036525,97.2925605680519,6.881757314941258,176.83529728848538,376.77379088804446,3.5346331775647077,52.79740898148574,51.87006634229567,442.58921450299596,4
0.027125038995223998,1.8973064460216014,28.928902271215097,80.85683616979047,93.71309828000908,354.64953021734834,71.26195033747767,0.19528981671276674,0.9943191505568802,75.41639117774338,176.00494889915987,217.51713330135783,67.88912209470763,0.08377923472261203,7.853874213378285,34.60082250162556,80.68230594669598,279.1052737415528,130.35633638204484,0.26612069273247146,15.44470868233477,39.37495492798587,131.81747669660356,40.34126763840043,0.9965158216091816,18.663498861836256,30.45140231585817,195.2376328439244,51.79925499123611,0.7581251581097217,37.38430177010399,127.3722069482544,68.72888395218433,2.7493476262777814,15.937982043640522,270.1614860395371,190.93125687987228,6.019131624238454,14.146122748916191,237.4409684492619,9.071249923302243,140.97801591305392,323.6639131437598,4.317064904701062,125.2127896893212,48.3375932502406,565.4120008000523,6
0.032611851242808,2.0504804069155806,6.306162670463708,45.7154732788085,120.09361926247712,136.18437712203036,290.88247517863897,0.11549841642605362,2.4669850828581636,13.261970224755894,56.69468603733899,225.75691141540125,79.11497404693495,0.1296218845017893,3.5853095332447893,26.472526822905536,78.8860714203085,172.2755508431709,513.0031226117293,0.03399714626115409,2.5812882044578083,112.34440023993778,181.9617213683335,123.64096848427289,0.7539381697329886,7.242199408212132,87.06230340738372,216.29230654681874,138.1544012433587,1.4954698918381775,18.207943352154995,93.32020645701047,61.29001628408173,1.5283031724977911,9.242350335574436,287.73650720999063,50.13561277690581,3.9793782346005075,39.30086025648542,26.946364759213374,5.334969143419979,162.51786782603386,328.1010277388674,2.8782902319436054,81.6989505238182,50.811379732109344,566.2854847327663,8
0.11476741644464489,0.5860622486575896,33.441415130980076,58.699237206323346,222.38260247653724,193.39048302554704,117.89432910930242,0.042775660159984276,1.039136739159734,28.681416667713343,135.18559542609214,111.98875131692975,90.0931068074903,0.3656911443780321,10.901591588500803,50.57537006337007,83.27709229389004,147.1029061058449,152.46842027199241,0.4681256214453383,6.000993851306824,68.05718585617551,225.49533313539047,45.125249456678034,1.618013418092761,0.4382199,47.66015329823093,186.5229473810138,18.60875860109797,0.9014578959067121,10.547883037391529,65.55905736356478,84.26837421630513,5.89703852244512,31.531573600775413,205.5856771702493,115.86520487263051,2.9314407937181692,64.15343119388754,120.096397667677,5.547830647476184,202.51875195379543,295.87861292608466,3.8399497409150385,160.0910570490966,41.35635077751947,576.3347294485686,1
0.04428860819357723,0.819449318772262,14.013000279916405,85.30006471865346,96.26529752184156,309.29445600715417,114.86605658388805,0.21088126217271366,2.4425004237859196,12.994366974617598,57.463464263926454,188.5591381516594,64.90446392514392,0.06947488827341436,4.213916275527688,5.591025185942575,31.880012168030575,320.198228208602,374.0929074147853,0.17515372457467066,2.080642378141482,73.18881455450564,64.61305375160437,116.0679467926118,0.3840808843470561,9.800340633361024,95.94659490671259,196.30174944885184,133.88886799768423,0.14262016686995338,10.088118414586821,115.66854690484314,40.3779778789773,1.6410822792263242,41.49740305588384,269.45430929515334,153.33317214332055,2.7486542390191713,22.085559256630873,109.33786996420882,10.279213984556954,188.17194134365613,478.2983685974384,5.806927504687569,11.826703214986019,55.07634767780735,591.9509749410622,9
0.18510824371834333,1.2714001070574066,19.25246243737741,162.8291454435041,78.37253898934426,495.0528038889604,35.864114020554304,0.17270987513040478,4.870428232983195,52.09238403384688,26.06505438614012,86.35649246156045,62.50524246917473,0.3502798724191434,12.605090269332242,37.776410573905736,71.30705904342595,118.51183440454723,101.49814172171716,1.85812481,6.93526020292681,75.61368880228069,61.63690153507072,201.6860557874951,1.1705004834333639,25.72112571317553,85.721152163193,271.50037433885416,168.540967600941,0.34158512302882427,39.42871960281219,100.46194661126772,62.211600888991796,5.064526939170601,17.06606210488905,406.2196622825363,98.9529166549409,2.7132629729968185,21.112804309368258,149.02886809855954,11.078047613992778,293.6470804201487,460.77773697340706,11.229321143353452,169.85012760449155,77.56766474937872,519.2712178344759,2
0.013085645745638853,1.0332521894460074,0.70062194,94.32292328931838,38.803814986286476,186.35359045145628,165.45284704530502,0.13217547643717403,4.481449805854312,10.663528120232693,57.76099769996762,217.0774676302288,187.25265369157427,0.046312055963986465,2.4474453601167907,19.261234920295376,237.38095381632084,271.1163469869752,63.7391818278259,0.42870052685773674,9.733348898041067,41.95086345200967,143.68452331823227,181.5261738221064,0.16069672952632652,1.4303771813941655,96.62675918566954,295.93759729973164,101.04063152649098,0.795193848889622,6.549496662649352,15.875633293325478,109.80942739109423,3.151636634282913,11.936026872937106,136.48139317907606,106.7782523886454,5.027744368467098,26.966400750759306,69.24014791828657,7.419369264733604,144.44934883287618,434.93331095472627,9.219019667536001,33.45747745220084,39.868706404356985,641.9316657296072,7
0.026354421013668833,1.3406696925844894,30.29677073871056,85.72244915838063,101.87500240308141,378.3118769855627,65.2100415291571,0.04792795515960341,1.211136713967953,10.811884949773567,40.293063558963965,52.233563653963245,20.726152726264623,0.05378287713783696,12.106373521429187,10.034600519525712,38.872452453289576,73.33181977125643,101.48443754655297,0.32125738935847004,5.374383654798043,33.83311223645094,44.60252124738761,53.747177855151435,1.0462547938752433,14.565069426577022,81.81908169232325,136.25197581534937,72.6015793716015,0.153598707277514,9.59260755415751,51.82682750888899,58.25304745845579,1.714266429821695,36.510803887241664,299.9907549434326,53.3488556477873,2.667504024547607,4.868347908696556,18.267839225421042,11.691037060304483,169.6351478265158,364.54680093755286,3.559350172536428,18.276029315282223,60.55239315169062,542.8134476811441,3
0.0555218492132923,1.400987784428657,34.63147595668235,83.71228321674702,146.92213752151397,261.79756610255913,52.1124073763735,0.03315505146389894,0.5651507056984177,56.860975897411606,27.874820028302928,196.82183467143275,139.10231919893087,0.6273181855572456,8.182862487348029,38.026315758425724,125.72999697426621,94.2226684226256,61.21615142086784,0.16389220740382102,7.281459432755456,15.260365862408406,35.33298534482898,95.35685523879528,3.2511809835630943,10.741285608549818,80.24558245158158,310.9046625915899,40.98679383773702,0.864941860988788,16.079000355526947,83.94916077894769,89.99348255479454,3.85793808609294,18.280597517591033,344.6733183643747,156.46646481566634,4.832637234563116,36.70943233392214,67.79054295028035,5.3360614256679,221.26171698345294,267.7655370022226,6.181043812900695,7.920385847565264,39.52513927213589,499.6672589188764,6
0.09725676632137432,1.6551537815740789,10.56291763266869,33.922135962137844,138.11891871681894,210.4856299679187,62.316510957209815,0.03844735131185958,4.701205688123849,4.30928755020799,96.34603978559545,154.94375620515927,12.925715533267642,0.2053924329116174,4.754040277020123,28.261267825760882,72.80713658062824,221.57050234921522,132.0139101856026,1.8412185559247622,2.5468317455463003,35.351585379953335,104.94556460667837,44.2338103190713,0.6734468572440429,6.110947069641978,107.85105700388468,220.38912428227204,182.4923448949315,0.711982520608151,6.5926484638443075,48.02397492135754,113.56465034551515,0.624649151471029,29.686144827180556,374.24027460232077,74.80368586161538,1.8352273428973525,15.071974470550014,125.98490632377752,10.33852940685839,226.9872250415061,294.23971203017527,5.26313680148313,43.033798237274695,60.37374491562551,454.848415272703,6
0.061433102113493336,1.9211140723457056,26.008572174020806,112.98871090499642,70.6527737229982,68.78076346851995,192.0670516788948,0.04648699210703112,1.4721931006381792,29.25466045038175,173.46088371195444,66.80173964862233,125.49111684473819,0.15070580881942108,6.623229230872664,59.41819379207891,62.09066473136312,97.0816148474295,209.48041320555674,0.6875712001631656,27.75402556637356,75.56904047256646,76.43470574334688,137.76534113402224,0.5285765391479567,19.565198232830593,36.69623728355908,207.14436536232748,58.30497377020731,1.4427621468466902,33.060821858096446,82.7446788658946,119.22155392334969,4.702450683514049,28.12253649779746,290.9250398035827,9.098268775437013,2.5353932397611256,40.85730608465337,158.54904046147797,10.003252123890853,196.8657943247083,313.75324787781193,10.619313498432625,162.3071571988128,45.75490942286744,400.25699430392876,4
0.09971610221791062,0.5196121134140378,8.854987731406435,79.41266425254652,90.30736589349763,404.778940358023,65.72586423638157,0.08934175148497839,2.813003034132346,27.863711471168756,69.45645530567663,82.32857689002151,153.55683457085314,0.16572754791060063,5.89403021329624,60.9339053470568,153.49159451700265,36.26958406385632,58.35740951810865,0.6804952390159864,3.0224536349049744,26.143711295468243,219.3624215856183,64.64271766626365,1.0683071668546045,23.897016585422385,85.67619705639706,81.6262680619721,67.1001813243972,1.379457239325332,11.662911891474556,47.4567591322035,68.21532900103108,3.666230907944042,50.53285813799234,241.14590241036208,22.58331982808015,3.5908954575608205,13.034418073016193,103.82335528768812,6.5130104872701295,167.13322106432216,395.1243301105343,5.195640987823841,36.247870100275065,48.074100015888106,621.8790683869341,2
0.169881709022452,1.420998571269807,11.782583738819174,2.24086506,134.39482064615385,189.85586760513695,18.538182041923967,0.1921517318324813,1.2199251076618005,69.18779465574437,134.35934436467488,103.94882387462006,318.49594957,0.3166640636387374,2.98931235853143,29.426872591116368,143.92573673505274,60.01276797646,100.8927353711382,0.40387774116280606,8.961669654830773,34.4810187083232,211.08688651478047,123.98506438830185,0.9524413934960374,11.033905783846281,34.74943809039652,203.14221569650527,39.64641089937328,1.4619520951784473,19.566592793956175,26.719883014843887,59.34287779996585,4.997193287165029,27.31646275970472,184.30840542209984,339.11953884229297,7.827299656397264,19.156790164726925,224.28317368624045,17.212464317415808,147.51775948402673,425.9799840781072,9.506187656307874,112.90465748980566,37.365901022188595,497.2242994833936,1
0.05433536637798001,1.662237898861134,35.286653918400155,145.75046077438128,158.47183140977376,320.668922647268,174.06750785714885,0.30615031487313793,0.07383968,14.906525991441221,160.24363775203597,133.9081684715473,318.49594957,0.6909679553513646,5.798255308610607,35.51958173774673,71.7456399989499,70.06249391134574,318.2704034949345,0.10861386338548568,29.250035515156185,82.294954775115,10.226412381726266,66.14106356511869,1.1934064474330264,10.349191834079354,185.32019977263508,258.2030771431821,223.6000020477854,0.22529208216323565,19.75806437504304,247.81834964383467,293.7110066622365,5.319871550264164,25.623681846026777,313.4407524279367,76.15295182055905,3.2751835248043064,115.38734727357776,174.69429240889596,6.19578655402043,244.04491449559367,476.2902192293927,6.987448282324701,169.85257956200576,47.566484884989535,614.6532628740315,9
0.08967223495306617,1.6907696341301772,39.532342353310085,84.07967167942809,73.69225909820298,103.87114366178466,423.7455702860799,0.10127994096472827,5.63973893224639,30.640310707649576,92.49577755152895,164.22075767614174,4.60701809,0.2492463923161751,10.569351084670409,37.02407049910676,189.16257251438049,120.97077384230437,119.17198151298484,0.6631616825634898,5.326182891474259,22.93210035515262,24.182501074843643,101.03516198975163,0.9638662619075419,13.012367649143997,26.05351351661822,164.90306810073182,47.905620725574515,0.39376769565754444,15.905720713841825,120.59810431463526,83.1585697304016,4.1885606493587435,56.28304653978334,314.908233953621,51.75539942246719,4.172611099744163,19.79830856329,14.625619407744104,6.33421671210273,131.29281401726985,340.43481723052423,8.236736246483078,80.00994427854884,41.542370643181215,495.74856511209776,9
0.1486900082435813,6.0301910614807355,10.589156167804147,34.12944137778128,54.78122109641036,385.49035807332484,35.91287787562353,0.16122286738841765,0.07383968,1.721891218358266,31.716001571521126,119.6391693908555,156.5964338388169,0.23042911073565714,9.070343959174966,41.12072864326963,86.34934108137375,149.9116828168523,208.34160615209294,0.39494465425071884,6.369357505837353,73.20013305551257,28.067980603680247,23.989063941570375,1.0263186156413475,17.853420901520117,134.88456834515853,188.27832377792168,287.89405200794545,0.6815814455367681,5.355804792938425,32.56436142240884,129.39166177112565,2.6385889511704206,16.260544335079167,354.0724756762065,187.6323329578067,0.4170654806286527,19.17072056839304,251.67073275770431,11.214912107055465,194.066269422115,424.55812196465683,4.211400299533844,37.33394637757952,62.64045014997698,487.2383613025826,4
0.020598589070274474,0.7011822591971921,11.061819000002009,7.343211882958087,199.81299234894846,124.3993129878614,463.12826411,0.043032209637886884,2.2605516097095943,15.010579643536392,18.933785214193385,194.18226658432027,199.623366567617,0.14008480368637055,3.357207554344389,20.223319619376237,27.983693133341244,315.79098574903736,92.08346911516611,0.13677001124257915,10.940929650136793,16.323641037527775,115.25398318636076,60.60870125260898,1.3900849590787383,2.963688350782623,148.6979134133786,327.6395436925207,84.30313310654546,1.2943851020991854,16.95836730261848,17.88612431469003,32.26920546072964,1.6740063091309216,34.178547029199194,164.11395057562493,48.98373029834082,1.350486648769545,12.97302551399387,94.06530594447558,3.2182092725047626,216.0681947914212,455.3794003550644,14.810378045276222,47.291237681076126,31.086701353895137,533.0431064191167,5
0.12602360644905625,1.9463156172581795,28.657795346801517,46.63930666890931,203.45866918670072,30.0464261634027,463.12826411,0.07480570627115105,3.448563296900311,26.24268596017304,80.78133777865072,196.1750509598962,4.60701809,0.44030227022087526,2.8003885020711587,16.50905186151771,212.50921577910103,210.47111887162518,51.7117052798894,0.6931113804262371,19.71475681213321,120.68054338994095,64.55343435563242,151.23806092103806,1.288056526691825,11.143512558616406,13.012716402872012,346.9457336884633,100.23036883753491,1.140166656250412,17.682282285671665,163.14062534644356,51.84366187054913,0.03186483,63.73122098237449,225.5826632087131,405.75088103430994,3.7582562867902736,78.94828090704789,123.57905547211303,6.368644657257801,145.7730379052318,720.7472213276533,5.976150679220931,26.059438413594407,23.77330170597193,503.569224627986,4
0.041448246406680225,0.49741632185466633,17.446350100878693,39.999661958815,94.06969009070144,327.4211618318432,238.2462744091089,0.1250431967760673,2.019281980470535,61.764720808161215,107.67988924585907,37.73608907710505,16.744287602032813,0.19396877937334825,2.244423842576309,17.71802187594816,91.94144894283114,346.71443409389735,108.442165934992,0.26634639839647,3.3636215376783207,22.112373398526515,89.63620866448022,176.36261326980838,2.244135425083377,10.893794904110846,77.23433478849367,227.64500647063653,130.63232177855753,1.4697829644364238,22.499074454121462,58.519883941027594,42.16688138226783,2.1964052111144694,25.21118979883836,261.3042204022079,69.76868112358463,5.787246098698548,49.56379453108929,73.5872568092228,8.494879065805888,183.43080609169797,325.3667564166481,6.898082695379777,157.53782340819856,38.404931275281385,577.538210096017,10
0.12904580994426867,1.3384304532400462,5.953114064858333,114.71393966428295,104.17864666196327,320.70103129295154,96.13428459120072,0.1393352231362039,6.661930824113886,76.02439546142296,31.545131842694104,216.6230619314016,154.20852828757842,0.03910854336076678,0.30891303371170364,9.855017911794034,110.98141783950834,173.25320892829686,261.3156674474449,0.10173608580746299,6.319799920388436,1.04835619,37.621737063783854,32.55600662001726,0.9240936242829937,13.08430394949642,74.4206028840877,176.92958728848333,349.4101787909733,0.3712996093381778,0.43353847,18.278246529577338,127.87698096262778,5.274135361391158,51.093612546812416,313.3699764472477,290.06198818529964,1.5553623095561762,0.71013604,210.710384345178,11.393809319580859,202.16347460271004,399.4861977361316,8.647045534352388,22.006236790747437,53.41870155909439,502.9342118609824,9
0.0380119930758581,1.3344146163624782,10.777394088811342,20.13184898991894,121.35380073680552,264.22873929316995,46.26754354329344,0.08019645940500579,0.39998407714742035,15.978865128543614,121.881768512781,209.33673623053926,94.1788788065804,0.0977217911679679,3.84870588393863,15.126146198325175,2.26039986,178.9150243511416,159.08324605289187,0.4035531847517807,8.182434628878964,18.44246812116979,17.368288146152654,83.85107895854742,1.8580340315105968,30.604991713996306,43.446557556154836,101.02111282624219,38.486481725706035,2.542546981092257,15.026576598213456,66.65423752997245,26.253103972687683,0.29458649848856,24.28502843653396,196.59427798755993,101.71119098220919,4.106732972892193,31.308199635596715,26.13241714275892,7.563135848556699,174.63495561270528,488.58994286409524,13.688945413079484,28.000090121529396,60.71879910097263,538.3859397720173,5
0.07937719664729055,2.1334856199994268,12.875001958886317,53.62850762828288,205.03509337558373,237.81098776264795,43.29493299764861,0.03900121092416392,1.6456724700107284,24.898522920366556,159.19556593296534,35.01360403983858,153.11468276107354,0.2822597347021526,7.193642158633294,46.37218885881482,232.99527384563316,279.89279013967814,281.50966589157974,0.2828719969294616,14.644986324379504,113.49063521126959,54.118339939161416,118.834314740513,0.27750268579568105,4.106122780944933,59.637560873318854,70.10271188471847,166.17256503945424,1.2923423135845447,19.962200997336343,108.9412687782961,173.0076232471455,2.068719535124215,29.020027117556342,115.78197303575882,52.893438677251645,7.74161388303769,45.05609044903017,220.98247507177015,6.330730606166395,116.23276026791855,479.7511629618767,15.130905176073508,93.67406624942404,23.714513252698737,427.8514374083923,3
0.01685879761938775,4.004067266012668,31.17343556549111,39.140874473987054,50.19227672305315,423.30894320368714,52.970087935929485,0.17321261317708284,1.541983128631576,9.937297001285973,21.500071484804348,149.0863036031153,97.57590008808751,0.29805788870269967,3.1782527466422046,48.796678221672515,41.61224890400519,117.5685686574418,89.62516034091269,0.1691680341443395,2.730675041777264,43.561258937887274,91.97499290969496,131.03215703198543,0.29320064486204844,21.935534955115727,72.76244516385587,90.37334459494512,18.73068842103858,0.4943065726514981,4.243779283967126,55.98657732964852,45.492132671982475,1.404105682797193,39.845683454094804,343.62373587359,114.28607661667544,1.4337071105502706,17.546411309195335,55.60130921876499,7.092542998100129,198.52136237718904,421.46234366934226,3.672963435521537,20.39924386739365,49.56189259134208,504.9532459986437,10
0.011589380242819788,2.6425851634298856,22.050244945294622,28.51638201099197,72.38094127984638,431.48780016151716,56.219227856613614,0.05031271063168816,2.8381511820125236,15.877684186805414,82.34358081626166,26.08369670689474,48.2596400459239,0.08165192636980015,6.529054257753083,24.635956579717355,79.13600332830664,306.89327518137134,14.451936298327976,0.2865505554606118,3.4441044889133163,24.188237214773537,172.11198926909407,52.21133712797265,1.030459871668139,38.161268633181365,91.13127861804068,188.04320605000336,9.311580018167685,0.7395843116825669,5.66705275910532,52.0137968934433,248.64484234067277,0.03186483,25.317395605136927,285.0304521186563,14.386484364062863,0.9817366460615409,28.01723605424509,44.93315116227415,7.15143937634747,165.2264558529913,472.1758619803433,5.322836402599965,50.88007944795355,57.20691484267536,586.7880826054682,10
0.09909615149014048,1.6758510883489768,45.217116837095176,105.98043505049245,62.74225348719491,250.76268706154505,338.02960084930436,0.023047348501753648,1.0539780629851567,35.07671365046569,9.206097209057273,102.98688702675382,121.02552552629662,0.28270282243255873,2.734065065263474,32.18823586598777,57.33900688756312,118.03017722697187,97.85065091055833,0.07974254143343776,1.471397610305803,11.867118699350243,149.2914217854585,100.78476256326857,0.1985098565841443,9.395773481250028,32.82388881960149,259.30606079917686,275.2922864715581,0.8924699342561313,26.97655119240859,205.31125127786026,18.411706816264306,2.616161890184136,40.751633812266704,325.442480342466,84.91832178574157,2.1757348689702773,23.02783010600112,66.3832322023941,3.584401521553475,236.8271512907435,347.74296859199205,13.977897881887674,21.959115820229258,48.6660828074648,506.4457081862292,2
0.11373658771702208,1.6844147679215666,32.97995092265762,92.31345175650026,100.86658496332777,111.61067042429745,46.94698222400474,0.11682394380281168,1.6556895080837306,82.80457578280863,208.13518161242496,197.67447740216906,173.01158966176473,0.3208915262492054,6.694371863062378,69.07900597633393,121.9726156190192,113.79061032545425,69.88361625698187,0.8402064297080848,15.896376012236498,107.94623837938349,115.40582550389,242.03988001823453,1.501346920972834,8.976890684181871,92.36168580782736,234.12642279208046,114.03495443749604,1.2733760915043917,42.96697875015647,64.61933748563078,248.9518253333925,4.369316539775852,28.267281752872826,361.5879701826257,286.65628857631157,5.667889538695559,121.02425544907979,131.58144671721922,6.293082650797798,145.88679163426346,254.59220683473066,12.371670367651376,189.03319657686365,48.35324217923397,385.06938550149806,10
0.04648290503140659,1.1442811140117624,28.54028126071964,27.88574408919377,52.39523705490549,94.8955576480674,287.75382736337724,0.03360077269756474,0.9534459321543374,27.338193653213956,50.2954059095957,159.41322705432555,4.60701809,0.8446743373885062,2.818596261084354,64.23832960149485,176.6116009370253,184.83890818622442,48.66848499942354,0.4716866073976409,15.826934974850463,45.383976993987474,155.5136151509293,151.09778150144956,2.6038959890753492,21.823486487094243,113.28221257691831,233.35316008003315,48.74114627595893,2.4177587552484487,5.5307090161026515,122.12634520204779,242.24569054653864,2.089716995343628,25.686944844270137,264.62446847686743,180.51676812030252,3.4862216248615248,105.74169750921644,237.55057191735688,18.209031538927704,182.83077552841974,433.8097676942702,3.7794151488156755,159.05729852558017,54.31166771383791,524.1143103065388,7
0.22202300650246626,0.6587125232733901,19.601003582688033,73.87882883989063,267.25818716,54.7202078650616,200.86313569960794,0.24122538319569464,3.9636129905977167,50.93830694939085,170.22567797892629,177.09500659728113,13.296003673487057,0.2843947744929483,2.209251133864438,14.624925166407111,110.35721043847504,139.93979758849858,194.76453443128048,0.38894741943455385,16.9867812521953,76.57826444318454,144.16491943565163,227.69410258395567,2.507747455785334,5.209614961912446,31.1300943047512,190.87674285640924,71.80733925760063,0.9190821038407819,25.10593006589899,88.55314854187117,114.13967656688204,3.0541984761068357,11.447905816956503,366.49706210969777,151.44268157752336,4.014635776349234,47.46088251305849,183.4620136908511,4.187684198672207,152.70730910878802,391.1214014070371,4.708958602363582,171.82670077750157,38.85714635890167,591.2682691305756,8
0.06159872235963847,0.5061636765168966,25.771136609321175,118.50484337592086,93.0973405289104,315.58822867526294,40.65235779508341,0.24661834408470662,1.5805641339816185,14.552414729860761,19.781007498338454,69.10581492841047,4.60701809,0.19351838133544588,5.559223711200617,10.045026046480366,39.49138267744897,163.61096959613684,95.9500345878743,0.33046866396029295,4.046261275140684,8.352071123444318,150.87913903630354,23.63956212484528,0.7386183411204217,23.268064112009494,65.62207045749258,233.1604636651769,331.23623955537954,0.436519806588992,6.055329410042418,80.7756728387385,23.287622612324473,0.20180562917152223,21.567754374168075,310.8270852815909,382.64283398285113,1.976694229418553,70.63043515993272,21.228434760002244,5.535093551365621,154.37899464827873,658.0108058003468,5.5260814782553,0.75313,38.591761589475894,604.9084478300151,2
0.09907572310825721,1.5779791266771508,26.196868644545102,68.07208465712691,146.26287215246708,380.5155347165336,181.66596022190174,0.20968680203468112,5.98832616692825,21.626826772019182,119.23661989135138,142.81672653318043,318.49594957,0.09866571396434798,7.839003012169007,75.85390504696292,40.48084150280259,142.08225493560656,42.6359290872128,1.85812481,13.111918481290147,27.12994807298446,225.70818755179118,198.9687309151642,1.2698967612604637,19.73528598200893,119.22786739422979,196.45100625436388,192.18232812404227,2.1182320405360797,40.031366834395065,50.844306198816,103.62375577897359,2.1037172095077716,66.48156694280446,403.339540573453,300.7174044458531,4.62767685791503,38.735968301239794,97.52793160783145,4.45951416565674,187.74934973386772,463.5993401183785,16.277844071340535,94.67709556826902,59.20391418625843,599.7447295896568,4
0.09612510646277769,0.6973917772035153,24.025581868928114,99.31943221541798,174.40397158469108,160.34856104249772,197.57960918048144,0.04689516192685621,1.08911377143502,9.896715961023027,36.01343306503494,71.47035216777685,140.96942704343928,0.07958017350544518,6.821953099659808,50.71658671547294,104.4050570263165,189.67183190537077,131.35630766097535,0.08243090479112647,0.14045953,2.266575966467574,37.70233716596367,98.16495918476097,1.0474375227019066,10.069499459119195,129.07413879828002,186.74997885273174,86.91337049826188,0.16423778813773637,1.733286814606993,77.63888355279506,40.16623041444886,2.982001104312326,44.46997041226659,326.0533681815529,175.78082422356903,3.0070059079907123,18.98934106792355,17.53012806024806,12.445304121973102,245.15044955050232,480.5320415109698,3.942039717035944,25.511870695451645,39.917990347141426,497.75231760218725,10
0.10704032756274165,2.5923140905329043,1.8638317022538704,44.03926662737757,198.36562177996692,128.60256927079215,79.0347536411517,0.14654311398252534,1.5337920064673822,8.334398914707302,71.18611933621462,82.2040614539454,105.02663515172003,0.0783320074680947,3.671246495350722,28.556272108328976,127.06645274396786,105.84827505717713,23.225059503302454,0.41278922507873816,2.7825939794839605,42.55637268466234,162.56863171663304,204.65353015115494,1.5002182144938903,4.174463990779732,35.639368282694555,179.2739179915671,462.2222986299181,1.4032120700927286,23.118045412933448,102.1936356149736,146.52516349912875,3.7102159921752795,21.603449416421615,225.99706927983223,295.7899744077429,4.351398159111123,46.88609544138363,15.966498777535808,7.683928728589669,176.40169579855237,421.40045949534607,15.110899967592676,15.66542650407283,44.62383813644735,612.7544607943009,9
0.08102500876373483,0.9430477530251693,10.649663847190912,59.85717634111998,188.93688120261984,333.6856778403966,180.19006076747695,0.13376323705866014,4.625984879441512,26.72386109631403,52.28854725651698,235.10555525251382,35.304346822094494,0.3106417952261558,6.2167568711732315,54.06774952920762,90.57397145422553,232.20504943446915,140.7059841588375,0.42002380718454635,2.6677851646034187,25.284185791152986,61.12216524982204,23.162895256327815,0.8852913689635464,8.825814285807589,50.487102135239496,248.08672319515668,77.09264394738437,0.757594538111054,19.938600427282786,30.76465479065638,52.86244555309083,2.044761192026384,33.543108840276155,199.53474954034226,63.7050826015881,2.066276482375147,12.504838960215057,24.77166694764336,4.779096965012797,177.43595735570426,442.18392908285165,1.850893936773529,12.986465973066839,37.25310119575288,554.8020857389073,10
0.038488422800312554,1.2476441037263473,14.336582242088111,38.48200844184474,132.63847813184404,286.30506385877953,10.64190723451091,0.20369268901765858,1.990263647051436,2.3898109712466127,34.39335137782282,155.27222642039257,229.5750315653388,0.0631844951063291,4.123830401168568,28.053699136398922,31.23355753702388,144.95090977759884,235.95141359862848,0.11710009763875054,2.0158682545115045,1.04835619,68.85993212369787,190.4027899836686,0.6000786317612143,5.656362293758509,64.84818851119205,132.58783812494082,185.0245907225098,0.03191206,23.717521639646854,37.418392727172524,96.83079635516609,2.5891187106098945,25.975817546034598,355.27763010082623,15.863900153097639,1.875716335341118,17.322776922931084,201.2984232043433,7.282909336009584,182.28625505193455,460.1715309557957,4.328888672602695,17.522271892379358,42.88375657432276,615.8805124491182,2
0.04805326672608155,1.856345050051238,39.07525744143605,95.94692502679163,164.70243172462875,378.30725918877545,58.88446891820729,0.1419514419660832,1.7381650634543453,16.891641045588827,30.06572176001336,122.01622133475459,140.68982526441735,0.41906854031380275,7.599070889530736,60.62972518401432,160.31694743802493,271.8231747576884,170.92892434941842,1.85812481,2.1093290614058122,9.892247075831845,28.096708816751033,75.69552048279645,1.2509065710048957,20.49639703781314,169.90396499840298,94.45480838934722,360.6133059811906,1.643998011099672,6.549758607673626,22.05290118604669,60.12238464486268,0.8391603050616554,86.41192524063501,347.7542188617017,142.81533940952536,5.1948435690933845,22.29995441858227,184.12371792730295,6.7781835223997575,240.12342731653823,419.1009829391022,9.93275147455337,48.4342106326838,49.69672254212979,532.5415255571817,1
0.00109432,1.476781946037818,7.192110617044968,53.01041822217821,120.30333157263263,226.9791064488015,98.59540452848765,0.07270713992523545,1.6929470440160856,9.871142590027663,88.31534697344499,109.5157205976779,98.82754160110576,0.13216663701164943,1.5238546841626128,26.780359580517857,73.62547691942761,34.65750646343372,298.6198563539233,0.22634068752244518,15.955024007627443,57.578650458527285,102.48511253850707,132.20419329191841,0.5256769421474631,12.806478670325168,50.83895297643976,287.2086885417799,293.19700807348283,1.3487214035075077,12.634055449583355,46.257829949270736,150.80916673085818,2.865570866009347,50.906538477793866,323.175553536555,171.95436510915448,3.5594041655426203,24.67033456900324,73.80515891063727,6.735143956552901,197.292859039993,457.7560801938728,14.3638773152548,36.69847809972403,56.558358207885654,611.8597665164303,9
0.08740847607170087,3.7584982363890704,29.598099486850398,95.2591763645709,210.084390870152,153.77401653797645,387.4084920000522,0.06645011200173306,0.07383968,24.412786224118882,42.899519295044236,23.246925207795343,46.842317862208574,0.2987018355526752,10.357289955389222,66.12749277204848,188.89309927988953,265.2810105533719,328.060916187884,0.1104223183166771,16.200671395230238,12.272438942475038,16.564232334173795,91.50791015538391,0.9895379347065626,21.39284312413153,128.56530327271406,173.6298103381085,48.1291453543719,0.8417893856941205,28.824036005040867,12.101241132030925,81.86002390618702,3.1417541699638387,20.94664215329628,347.95602553562844,59.442109687760976,2.1209549710800384,11.831992399232124,157.40348505542968,7.957939921764805,279.32640669342106,305.0638567345896,5.933337549299624,23.968216714240384,55.044951885617394,452.09967584325517,3
0.05566828787342795,1.0535506120222813,34.306162472517094,93.43105436496886,41.43532560243537,208.66927974183028,172.85688682817894,0.06021590624279546,4.426978379664324,29.15269334111203,123.32322692510941,179.4917509418123,34.08792468760113,0.3433718003401538,5.267782532458292,36.63932988671336,230.7387223055515,263.39546860871167,71.51857385534052,0.1839725434541254,13.319369785475121,40.05743123799831,118.45656133627773,114.09678210307146,2.521194170102338,27.7421689844399,52.0854287829016,360.034307373576,411.9669528327789,1.5780615532204263,19.859764825205826,56.84628607224269,61.05739831140754,4.89664664438292,40.56222209134569,332.0110053056592,83.27574159141635,2.5687226346954684,27.81294140511421,179.77583573741748,5.447013797382602,245.73339982035526,301.8927877320499,5.15667037738543,133.90686895188693,68.31979501799856,434.90315358741185,2
0.2791663620934127,1.6802805011637028,22.74875972960657,174.8880939491587,98.19775582284461,236.4868395541221,179.27417662554396,0.1098346652065734,1.8007093128011369,13.52336264330347,36.603544148145794,102.85550474598753,256.6770626289425,0.12918302470415438,10.003151819392574,54.813166843345265,67.9050027174959,170.28136532557323,144.413860377096,0.16217273108095007,3.8530077965955107,52.71472506233666,135.38141723004455,76.571416262344,2.286246024642825,27.773598405670736,94.75838591393003,120.53942264466596,329.7494101686608,0.5254224865265191,16.686620291378222,2.07886167,176.17119511619597,4.182732910299708,24.481483516608694,301.51932959657756,65.782775983989,7.316694006987503,4.240458651180516,76.90788361780727,8.231214469831077,190.85322778041137,359.8981458450829,3.208248827729857,45.220878211145305,52.50880359863653,465.58870079163415,3
0.036315061829030125,2.441117365771354,14.064595573239002,34.569676920702555,95.57905834585382,333.61742895169243,267.1449726916388,0.06087705280201263,1.4680733047184578,8.544053267534606,9.993147743824576,31.80927292702447,21.977128904888048,0.15820840310994164,1.8713431160543474,19.94187330170942,26.50259608072645,320.643567214863,174.33983437004085,0.140394383853419,5.45194285858666,43.6797145517832,20.629897635749067,83.5230767209157,0.9720016075175384,4.369704650808365,51.00689614219958,164.0246219264448,92.71130614159604,0.8137181779496897,6.828774250947775,54.596548265148925,61.66268381669911,1.2560189261354182,20.454969327939832,234.02866072819765,152.2878574837652,3.7648586767161825,27.621893530076175,39.66410527513686,7.149122939739869,189.5076718314658,413.08587088737124,4.988374187674523,33.517618891736994,48.93225249307385,553.1962638685119,1
0.11389065770966761,0.7882854225990131,15.47586513859717,40.29463835423449,150.77487120695415,468.95337727951966,22.665130302772237,0.05897837970212921,1.3983220981612856,16.312676152365196,88.0655575605306,63.227355015534265,49.27456578612268,0.1250992038225062,6.515048853483763,21.9932176707901,59.05864784670021,57.619144945387085,171.1717833224663,0.029951680170998085,4.408226397843426,23.2697796919708,14.942537801552625,252.80754931211655,2.167893354140284,6.43369675884513,81.35950289040396,161.7523821631659,248.3336306316858,0.9906639440746283,2.2902332883026393,126.57689956577941,85.05656724699053,0.4664402317907067,21.630673812368638,295.8379992828779,59.5929677270894,4.520229360508761,93.53956043367567,63.27418413658765,7.907098494843036,177.29387846617462,326.51332899907794,10.603659130390373,25.111635970501823,66.94278373726544,632.495395185384,9
0.044913382226453955,0.717197183247971,21.786675103029264,49.90950593992564,157.77641760139397,136.8578324547154,330.89191330716324,0.12852102967274048,2.984473495409613,12.858501099694259,109.22112307543921,172.2901476905489,89.27606535909692,0.2409476241246902,5.66170612509634,71.8068430381203,17.110202480595063,138.21505848201934,112.3723416966709,0.30395547507466636,1.1975652698490056,40.59707285824351,146.71923088153767,42.253034552292576,1.0009342556068848,10.531603257443017,150.76901541039325,156.04020898828693,18.86261639834601,0.752634349178184,26.9644822514987,92.7222702342136,186.37476709296118,2.3079168932028398,36.22059656009004,266.04134805303573,232.1574500921347,4.256050938463929,5.820086795811797,62.303740665270716,2.787757188102724,151.77884390539316,509.6075636203702,6.291066113870805,99.57686065840146,38.750016384703805,484.54326625833073,2
0.0375317978503253,0.6792503083097464,13.889390078547436,62.72199662402859,123.69727445796727,387.4432995081186,349.42157517565215,0.041152274585443654,0.6645573981080697,71.86333288680044,43.71703218769476,151.26639819557016,7.0338323071573114,0.08573801346053403,2.1822361766706275,12.079862516467275,48.533547205928365,167.08028502385517,149.68947383716133,0.12969404157107473,25.818967810808275,57.60680020421844,101.50316892024166,150.91826354343462,1.441536443111012,9.133714484679643,57.29485641786399,269.39237655987785,152.81173392334915,1.5254231894737786,10.415544130884243,46.62966291066879,88.80819130893754,1.914790852372699,18.657746750092343,316.0458627306087,257.8468204637305,4.351392415012951,18.406092605426416,34.57732433325809,5.719479979578738,201.93692995214823,485.4384247869443,3.8113707389760467,147.24439396716832,45.46510436684715,488.7643216342303,7
0.032892992018706706,1.9002422051911418,6.9405469585031785,107.24464618518311,209.59388700308892,187.93269940536,135.23105927704503,0.05804385478947725,4.495273189306529,51.25074740814559,98.78375338460825,130.20787955019256,127.39182520127724,0.156575331522091,2.653767737903131,38.69541436166425,257.1523347014175,150.17504616051127,23.00081046065475,0.8364273807810795,3.8931753444516297,37.01745799694492,101.00728382897329,19.499652037270117,0.962893699369478,12.903793947205763,21.970679999793564,216.94056992162638,50.20346075269874,2.7129085299763736,18.687274226948198,3.2070864431724004,133.31608065774418,4.406909988210809,19.055580316811614,364.08863544443,359.833131070454,6.379569283234354,17.366842156409227,64.5726952037958,3.937813503047342,296.80308127,589.0751382025501,11.49284219295422,17.56034768551494,73.47259850908024,558.0829958794453,1
0.15689488345983696,2.0767050405638052,19.564809750962866,37.010288344370004,69.15167558983424,122.70233737813757,283.85813689184624,0.19245293687380022,1.941420535428213,11.669497876725321,132.73215565521699,119.15927274068477,318.49594957,0.13956031375037511,0.26001251,20.0359860337534,59.92529773248533,76.4981608480422,198.11793914300287,0.051808064198089476,12.098744816616687,69.37553686137765,171.87020151049302,129.542524855895,0.5628244596963274,7.496188242504493,66.57044342202535,294.05550751581507,78.3895146405583,0.1451243602824721,49.2152664423151,92.38487878196396,99.71572248238915,4.642632019903614,60.92128932198255,253.74004805485154,222.6214285816484,11.129452234997977,27.12969240087264,154.41418118771188,7.806596337128989,160.95709840904297,450.2811491375152,10.408905984821596,147.34451904269153,37.5833933814398,402.01891466316647,10
0.06300216853772454,0.6638773506179152,27.052789236087122,105.50991842511769,75.27020023250704,257.15529940617057,156.56838171262424,0.07884946008707246,0.8517363485706987,8.62301016881138,57.472311743469945,130.25140304295462,93.32118427493768,0.23276580414185644,8.686657852186482,71.11916915026424,136.4116424089839,195.7012470945689,108.51318296127835,0.33412936609890614,4.431741727301537,41.13294302361653,72.96773482615117,120.98136685046806,0.31797356748255046,16.06910466609793,38.51480947649204,119.13634562269061,139.75366933773654,1.0353129577725295,11.336350398480207,36.29543510963928,88.81362299589765,1.2465642973636102,48.562123808345426,302.6832586163002,198.07411972877802,3.325777908860742,13.75195885241849,98.82720080563885,11.17790620209585,220.1703220916498,367.1740215057931,7.456093468660773,98.05376672402286,52.833025797839824,589.0189492754789,9
0.23058756593773327,1.6419119329564247,52.73078980649054,128.35534013843903,146.71603685958348,54.727798404383265,16.659090302651766,0.23272318816036275,5.4577057105876285,54.842198644718486,181.78857511073267,275.38152356911337,5.944511264411304,0.24375361806178047,3.1883804683448482,29.264599595398387,222.39137230965812,73.55781623942009,141.2200592702284,0.9358951036883121,8.81662196339024,119.67094606812869,77.66434398655588,71.73578678443712,1.204707705521268,31.862894167815078,86.84354559054559,356.2279543772957,59.477369397901434,1.0274893253148143,58.359069950774476,137.39624108017176,224.11345300386094,2.7155322904985986,1.55851957,355.97668140149557,241.01071397504103,10.916081833133667,55.9539251543694,200.28848501672988,10.307640720639544,165.24181794874724,352.0779806701307,37.40693179,199.44589205657763,32.16849856489357,369.98044603565785,2
0.040592647095380276,2.895772791657465,11.392638076696802,95.2158435188596,192.78956524590953,414.0619662230128,27.010019263898982,0.14319304159980806,1.9159742088752603,11.683830437598598,74.62400926341823,36.43548070313546,4.60701809,0.2921761884486941,6.274100625304579,19.854077861071406,132.47246017568682,183.2184923525275,40.951062966848355,0.36391157600496743,8.124910203570257,30.934190525881448,145.9588184860586,5.7025015,0.23187209252795848,11.607500392070516,110.99074854313051,113.40334228017501,137.94375641419356,1.4116693160472844,19.413234146628465,56.06015543008391,95.89240058081805,2.604701068234035,8.652693644980017,219.1468745890014,95.66878874817291,3.2451314805408176,21.29254885218605,119.35944318257762,8.844663648211698,169.3722661885623,470.84500530139434,16.033872313170935,150.06476755356786,45.191317470199195,571.7302721784813,1
0.03150332645849332,2.0389181564767247,36.871672320414305,94.80231927276711,172.24830796731973,117.91665538242076,60.28397518399447,0.04588677203726249,1.7813998000202123,9.19903677860852,95.34921108295246,56.76257156078668,106.24217890914464,0.12404449569998788,7.916284500120135,23.403190346014703,157.06333731940597,154.6867502854325,197.0036311679614,0.3406834320975945,2.067681080669522,69.60150673042025,41.98893571273645,71.72245063411592,0.4927243029706328,11.396292262333482,92.62870340687101,166.41662187134762,28.132069394227983,0.2689335709523655,5.035392454197472,56.281237658908516,23.8326127881068,1.7015471593266163,21.83287113794259,279.1667097139449,279.3137141993539,2.017023412741424,18.901452518252345,77.80146423134474,8.054562725272625,182.90059187562852,389.9433406025499,5.428145191523312,46.08534379047504,53.815240100947946,485.2018176886722,7
0.0784167652615367,0.6483514598089106,19.443247751779904,107.68779238945439,75.85102131961273,232.30325349430703,0.04566031,0.23828362210411946,1.6402365733883282,40.6653634764127,105.98637537034784,191.34932012411355,318.49594957,0.07534841775119264,8.471675704668977,56.059822097373875,34.194628082997525,264.6629801926088,213.34674987260098,0.45794368213950465,10.143961761160165,53.60738415518124,51.7294786160371,123.80585880043567,0.6841756832927224,12.560133169317588,167.7943017206024,349.12096637586905,160.7126064284238,1.0767856540189296,23.921989931768213,82.34034828391917,106.56754303135165,2.0382288208030985,39.90504330120288,324.20448997221865,322.7733244938627,4.1797817380183275,24.712761316869283,173.2261228260739,9.996636797316157,164.95557510865174,557.0492098549865,9.501219444050127,127.18813055321908,55.23507912649599,455.06963654344656,6
0.05816709442448171,0.7981799936190781,13.776328927949658,47.344573455499784,143.56689318373117,261.8920226762359,57.71599875469727,0.19679955641640792,1.3633782494632514,16.069750816914105,87.96070870164908,125.3334255061885,318.49594957,0.04063283456310607,5.3409138079323295,32.69457406417862,75.96625261246632,109.08982602364375,57.997005949009704,0.32999153671686227,5.95774994177956,54.69615045625889,156.3807385953128,200.23290648711796,0.36324555962145055,11.869843978330323,33.60064961314302,152.2049823191604,198.41227832793265,0.7339805684890707,43.73231708840599,125.44457322627984,215.65659735494032,1.983599659226571,28.304220854029737,226.27177007982084,188.63814587520616,6.976689314483739,59.10108894684458,178.3775913441305,14.624016280889647,142.0231034786358,585.0033593184137,10.115252627856421,139.03105158489262,37.55026624742951,683.1197840150029,1
0.17541202642388476,2.857639679905906,28.807339400399385,86.56691515641232,152.52202857996633,297.2294399648169,187.54065204174012,0.09365009425913545,4.925667068460108,29.093199581970065,38.72426305493072,44.78938865638385,127.69016070753125,0.39576418548018727,2.9510845390058704,56.086010268632954,93.86114014021874,289.13556752399603,41.75744956597036,0.21796274107245012,12.732542501781165,11.24380278242661,32.47377855557673,96.89909145775084,1.9228827509464572,11.079845896502057,58.66293369327406,300.3839133914717,49.17117343565985,0.3458505004683945,4.637860142673553,34.94987028752017,165.38818159088476,4.454001201597535,71.10652459209126,307.39402098591034,48.13178611458427,0.5402514634347019,36.632659449530266,178.13726330318866,10.737054814602367,217.55492225032802,461.34591619016317,13.210704504820614,64.28819526888454,63.020889626716595,542.4669438929847,2
0.13617813591439076,3.197628326220048,14.860176638363466,45.817213895339336,84.0080433552113,359.37953349405734,49.19551010825973,0.07767540123208223,3.2095752709238496,45.16960221172476,108.51682204469964,177.20902361216702,66.22740589915378,0.9078082135051649,6.313551782986975,28.14065252768471,147.66557768927595,152.54273109715967,314.7386966592559,0.33620538885373896,14.057129677284443,46.09941857229721,107.06607930002451,262.0129937328077,1.267582156113098,9.282167145507216,105.31415448997141,270.08500299222897,61.796298012288894,1.8744054906507683,20.038943354509485,282.36329366,234.83702994591283,2.8982808313314092,31.079731383578515,357.192450316091,35.96429311458306,5.112845430851566,59.59205419251728,147.0822431485433,4.955916998147657,191.55274404887498,325.8019430864459,11.169261800073727,126.34818841149384,51.713480331530306,596.4511948002389,3
0.03350469227818768,1.4093114265953006,9.538616934166194,54.62546841426512,123.83653096021814,239.81710627854332,189.7780430588091,0.1991547002789719,0.8567891808744901,2.965435635502101,42.19436527867922,192.75872536865637,318.49594957,0.03663389642459577,2.6830738845404443,14.041767010042001,73.6855502995186,167.46603627403462,108.27619818264073,0.13874700552498095,10.271319516647273,20.251116742069527,57.249873209688836,110.26439892365396,0.3220143922963404,10.891460761899083,74.64074686782749,201.38008481401957,213.63050752862276,0.6484929161466795,17.511903583616643,93.26161817376632,68.4174649867768,0.8334708968894113,37.593896718056726,236.8105278246722,121.13711033449266,1.1855744861079733,44.82003495076014,120.4607752537314,14.248715582777043,238.66198010126467,363.8181409962901,12.074793223261949,98.0949238337467,45.21898330361375,617.0176498980001,4
0.02480601342814418,0.648751038524549,26.00019167977368,42.091885947037866,130.05127151623938,189.28236008954798,107.74839945088665,0.06489848273303371,0.8745506803053957,24.703562579917378,96.42928466537552,47.3791360030409,73.30746767421252,0.12175335030657658,1.3448156095549466,36.252617283423696,41.20672227046512,318.90746820529284,28.289529147498808,0.1487184904712193,4.575531127725761,58.076056534694125,153.20679809526672,101.03902091338219,0.2941809865682098,24.53308514953611,23.064207107176045,126.36172225398151,364.9134970157649,0.03191206,14.290262116936926,106.73987203123119,22.376316074384405,2.202912377462474,58.64376186026088,247.9048840227198,178.08139411700128,1.5052613677515456,24.399750589630557,191.43155813626683,6.665303413081119,137.73711875042898,484.48013887761607,13.466261392727855,67.48943481773134,39.829920306185,620.3665516647039,3
0.07534519298406162,0.5186425735459048,25.76114815708018,102.11661862134261,116.5158160374117,170.4171509269798,99.60191248147105,0.06985608804435964,1.2471074006210676,26.700708108381285,105.49161943158492,143.8087139946704,189.1668221248098,0.11004958421928901,3.010637415174461,46.72044279517812,20.673226885253836,138.8925325939331,24.053744418238356,0.08258013924128557,9.402433025594831,53.09369784166672,211.81806148267415,5.7025015,1.5158239404577853,10.07374881059171,61.708129262591314,137.9433411670461,135.04561296393166,0.2842915270757503,16.12938747640934,39.798117531017866,29.558306503220244,2.3091467618607475,21.95294540909281,125.29754069220846,36.719221284708325,3.0435842249639444,18.312456504257078,50.565933939398434,5.710714928651109,155.27405116750123,460.68221655915266,4.361051363251763,19.59817610047171,23.501326002674247,440.5981389286338,4
0.026937546590523467,3.0842672251795133,15.715174506081295,58.390531079178714,216.87613962652097,204.08046833383327,93.45084403681163,0.09253919853924245,0.9505391450184728,28.96296302148139,122.5976031938575,156.05553796159174,63.88669208753456,0.2694320660727721,6.931780706272312,66.48553586235857,139.8423443909929,88.9405470234037,104.63406564137509,0.3229201255393239,6.3625479226946355,45.82644481559721,118.86561062459555,106.14414500996729,0.6568766776222523,20.53883209119249,19.206048830143047,120.30660876690064,9.985048326756896,0.5030854264424967,22.63190218978157,71.57939951360996,85.70044071443874,2.296185136795666,15.295387902468594,254.09376712046256,184.62754961210192,3.014183325636557,29.931213504816476,145.85581073690355,7.0521812173136755,125.18646141191884,365.490178960402,14.950076915745047,86.44773809212975,34.79768722242935,556.088812931773,4
0.2909241821130702,2.1651706093368377,29.799297827664894,100.20899587356449,197.45026759879417,232.65959356810995,63.881372213346225,0.1033744551598747,1.86504894429777,16.048441128568726,30.12556172736761,181.69735877842578,61.08322911087611,0.1785287583463519,9.45108848390509,44.81573730480363,80.2101595160791,260.87783413656285,69.51746478676718,0.3767231881070126,7.9557999851396835,23.161436110793954,112.69977705843797,141.79821444223734,2.6811884427794648,21.282989972746037,74.13945860801283,245.21382590792913,163.06553742706566,1.0627052451407055,9.183325656504344,41.67282076097242,26.990235080130155,8.392714588804047,62.070027604836696,367.9257351927887,126.40790343674193,0.8285717601313682,24.73315444000756,143.52018149549977,4.550779459577303,199.19359131254873,318.7023114786387,4.67955138903873,30.219330619422124,50.61320373685679,455.4714485244526,10
0.024973947588643512,1.7381057835090714,10.148993287594518,60.197329402855146,116.3900103944239,348.36858773910683,113.57214326525741,0.09675148999052849,1.9741924570098957,13.723653818289968,35.82566828035199,62.65623791616303,192.06090800526962,0.031242059163878892,5.811345770795204,13.113058635537982,149.85268933172506,103.19625345309211,489.04779951856426,0.15697259098284772,9.07159366065411,1.04835619,95.58175631494035,19.86512080630593,1.1389900307586391,14.007169822289837,42.88407512407566,145.75397220673025,81.40506676847022,0.38748606768976446,10.216556105489905,155.22415651056016,109.07545952346291,2.302056077516937,45.11855005327258,94.94781133,59.19977391350953,2.7385533621171314,22.80703572786489,269.6496507787771,6.44709439173435,165.5367120819995,303.67518922398324,3.5027560186124074,109.26474314811435,42.71136845024496,545.432394627901,9
0.09887383186151069,0.7473238083594457,36.79440122783919,29.486839291784555,33.70318289142034,175.01052402058258,58.36457057205776,0.07335975579350859,3.898556483014993,17.432872979291567,36.09378788972319,63.12795700922929,4.60701809,0.0712189110019288,4.2975877815534425,20.247574694199624,75.20831407200338,230.43759427445602,64.19168954732041,0.23118183275567092,3.9157817664578944,38.66589820563987,106.77768833523744,61.52881009931748,0.5983773054017403,13.640823735683197,80.05413453125512,151.50866109615205,43.599438511464065,0.618378989376368,4.219850939294435,77.15984789815414,70.71556262908264,1.6397552892185119,46.453844784497065,356.13702318130834,47.12628251424015,3.8059671835799147,13.90877165258765,45.2554061880825,9.734391369902468,252.26092584308998,261.2066991323224,5.62428134160575,55.09177961704837,57.26263801254986,529.9127426056843,1
0.15355237680358433,2.0989480861012515,50.98470946742506,79.51872886691291,122.7024885803179,452.3460327438072,98.74520459829424,0.23588941075054826,7.9913806418805375,33.297433254937964,64.37068566376756,222.34195057645232,318.49594957,0.45109332933397583,19.854239304440284,44.39101313471256,199.28258071519093,119.2840238758119,47.42276744076767,0.8747622730530826,21.32517568222847,124.39454844097476,138.4835046816058,5.7025015,1.998389929729401,28.132653237973088,111.6983001036831,190.99156698640348,288.5404249269797,3.2818554096577723,54.488502563528115,51.88386244937125,29.220750962431424,6.349336418899485,44.516029611643205,341.5528999830313,0.00974869,7.769483863794535,51.96518781689369,200.334197582607,7.493343921625568,165.70150650339056,215.61657374038288,10.224536901085836,164.21527180243118,37.5249947901882,387.8068200864867,4
0.03202327706974828,1.0788455634539462,12.164317309281415,105.06147221140719,93.70048484586172,376.0920870352107,16.472081409702284,0.35683630864623084,3.423208112237677,7.468075971419927,58.999792583435195,25.472567404013155,4.60701809,0.2131773374832911,4.013889829684658,11.341371938700462,97.2502946696233,303.011803855323,146.2905103104066,0.6676394887237004,2.9670657455687555,11.588763258834673,94.97040896403502,43.875565756450406,1.0302714164757978,9.364305357497642,63.74442598250043,218.00378764232877,29.113887820019848,1.408467593371035,7.637354348462053,61.712119581227704,64.4668768323278,0.9752818550326772,36.942569558773975,254.03160448730074,33.825149340208505,2.120620460097208,12.483028100987314,38.92097505792847,17.90757188932515,173.9811442815808,447.9884829190871,2.8788440726722575,40.67468735838505,46.374940218834794,505.3054976885218,1
0.08873436630653475,1.4986691396971632,13.388091060714947,68.39637001458814,125.39949073298439,377.4450198770221,217.99269202259043,0.24965734759613212,4.814074212805754,10.085212960613921,129.0232807813913,228.20500352263312,79.68625419787142,0.18132322636503856,6.318805011094217,62.124988780374274,151.04620277116334,124.46971934916378,222.63174980054873,0.59115153951722,12.968956978096791,67.26989917180428,198.63839983733249,71.89161177190402,0.9293841326121105,17.70770357827464,69.03548312261043,297.0457995914935,171.5041250813891,2.3285259539057734,22.298402699776222,95.78997281666408,80.54332860618155,3.5859418095313806,41.302304339186946,275.22888232404785,74.88350431706475,5.134770253920924,5.655881406605932,54.40382550869118,4.259206268133413,214.54580550816232,363.08287066568937,26.117175881780266,124.82081410598465,58.350219219337795,502.0391990831976,10
0.1236650975412421,3.5907399613311113,55.71127290589742,174.91439996768588,85.17497334207157,49.22785625628592,163.55869664923978,0.20649042293571648,1.8168789277102217,78.41595083142494,35.895584884971214,149.98834557302064,28.5466077648882,0.5553202689354584,8.440180118825467,51.20474009410899,252.7173465445624,181.20367021480143,63.39352046484332,0.4091303177975034,8.018622059415993,40.728469588163065,107.93226519450725,83.02262566793345,2.053824799086834,13.648008314438641,86.38721305306981,314.14214632077665,162.4737146804779,1.725366423276295,21.527214926789096,115.26548449964643,24.259707465287327,4.176803690264846,46.68521529913353,396.22471414785116,146.55810349625548,2.454730071381098,46.67116403683799,19.691260336306684,11.617627374056779,189.3868875923259,390.31734109676836,6.466664664766211,23.92918440112838,81.80415899261085,468.4071757579232,7
0.04275693971783034,1.6315376903705636,17.98096549879368,108.26506783285717,150.8669835318597,333.0405608901457,357.2091384045623,0.0486168780415028,1.8056552043842657,28.88764628327112,61.78863245950095,174.9084080392132,136.56087284400607,0.07011551541919553,6.833419261318545,53.80598061348719,2.26039986,307.90764462063544,33.126133766662264,0.19966443468516157,4.481087314382496,25.763026898129233,116.91641623023497,30.271478708190486,0.39433522094814755,24.235255653813397,21.315669477059963,102.54198322305909,56.43737069506416,1.7206312018948258,47.60153990148619,17.517528439216203,123.72790259933787,0.7668184353340917,1.55851957,188.29072471957306,23.961112987976183,3.7905777426988254,104.29836735871777,71.47543380940944,5.766221758524028,200.67087375250966,459.3537812683913,5.220135026390117,48.1667609555722,43.11608482776155,482.2740605879457,1
0.0372994867986435,1.5179214588496985,6.762374909094696,15.870534371175758,150.82991830336258,302.16807642633273,232.78618276466463,0.463768048074279,1.8676606639648374,28.98176824326986,34.072186379063886,184.22979111031978,62.10362426180592,0.15151598382070597,8.628048437792858,33.593003110475166,165.67068846332197,110.20443279414728,201.33583976817062,0.23884190301022584,9.840226644549627,66.81377920219334,166.75482664977292,219.75197752290842,1.2064648289777293,0.8695424296297691,116.77679206623115,213.5780092563944,63.51067162474204,0.9802556479485148,21.60912227070702,62.94389180531886,198.8653365449276,1.6253361258172427,45.48958189188544,220.48008107070817,110.28163472814296,2.58817989896011,32.34336286942762,197.48390654806946,8.955034430769931,158.56903036680882,430.54551977267647,17.875427809848528,110.95610869497861,51.70556304164449,402.8427684753088,4
0.25420789284673156,1.741621785381751,47.09502999573955,59.72007942814783,24.09240711265474,388.14934775002513,175.52839674548937,0.18518936082483098,11.003728983124246,35.97271792675279,124.23428680937171,86.12873309778334,73.38266360720705,0.1799223058067081,9.799486022749468,47.71231145212698,80.58283182361491,43.68428878901597,290.09152099908624,0.6020832242001568,15.755855801171041,73.05859034179063,105.40890813796096,90.70449219264214,1.5766744925077958,11.373878637329309,10.880458711290174,218.6807145317051,197.93553719380853,1.3259481203888366,33.95792846462972,52.58319916946377,154.43122654005782,3.9753600236856728,27.86860883301778,286.7425922357998,174.14717247170074,0.966120702615314,57.995043867514255,216.8655303403637,6.613090167404721,212.17411843879577,239.8243360398107,4.045471100257187,115.29693845433836,73.25913521498079,416.4527076987776,10
0.06599105169652186,5.39545530718351,11.867480506548437,95.38186787532634,73.01256714713,288.846648584103,232.2923018498809,0.0909483343818861,0.07383968,5.2268927816818,31.25827350250998,116.47358550252771,165.75809484584767,0.09040180548780967,6.781101961835473,84.30283565691332,70.65837282493449,202.3878999160995,68.5667950459079,0.012498375170841819,2.3362864905985683,26.25533934920007,60.27692916713568,180.12492604663535,0.3907701304520346,18.006785270293808,41.931812947073084,201.87236270304425,248.36951743274406,0.15208880655023316,11.901859339029665,52.765842607326725,109.9631370384503,1.9477761351508407,16.14762841242984,328.70426730871634,117.46084857533764,1.8986208074857813,18.495839675816004,56.90732882725826,12.525424808952554,193.5067949491277,317.118185414499,4.6635132849971,18.323367213374695,72.52651373419621,621.5042428254338,1
0.15486332119953633,2.4059978359400644,33.040433203089876,166.18202567743802,123.11617832762552,179.40941164820856,215.75769623418512,0.13297078010298213,0.6546287351706274,14.231766538868829,137.9970719343989,245.77725985574787,213.3715359094192,0.37233420159686614,14.493028665836292,31.46498217902704,189.41635622846573,93.79070461430823,113.57779282168931,0.49705418970990833,19.181427551212483,66.85145210945603,184.7601620922361,182.5328515341984,1.2253957764518428,29.456237073596803,89.04773678128674,266.8986546725555,139.318722654645,1.2146391242579997,25.138566220551034,93.17693512050609,124.51417485143136,2.2214781736999205,22.884796970528427,369.0827449542816,76.7788996223428,3.3181399948794477,51.03109178521889,125.29877052870813,10.564971265829321,266.0984506081635,277.9489410052582,15.215216641781282,182.71808926396292,49.33361177038371,462.60514693264923,4
0.40698118585090326,3.388936123441085,49.62416510316913,106.85918437949532,170.87747063098138,447.7305932237344,191.6650286512734,0.083717946694617,1.0940093837564693,15.291455102332659,38.10107310540392,146.29444908175438,203.8155547125946,0.3729056515180688,9.409296958668644,18.110242812295276,99.24888823301357,235.18971596376971,128.17571710923272,0.12084207930876689,3.0258047862314887,7.498190219769672,58.787209661127704,5.7025015,1.391086930765251,16.066962764911942,22.898724334250065,47.7267340012409,254.64312906211967,0.2927262407436904,9.759293715094563,15.791800009537166,46.63753025346326,5.718124242891326,11.898169996410811,334.3635910106069,113.94026683904221,2.292540175989082,10.028356912522085,59.575514288444715,10.014441292497146,186.86119764708928,465.6299548484024,7.893817867478539,33.28857836284535,57.82573395491263,557.1879762217234,5
0.16913410075248642,2.5968909588036153,40.466868218922414,111.44049092712476,163.01360220891607,465.059453429705,99.88619411741509,0.10287217396232054,1.161820454260147,32.14270196568175,146.1528249382159,161.7709585009468,40.72861893489852,0.09525080646838763,11.068624182126083,64.71739917058783,89.9302336512109,152.01845032323394,75.80069575763184,0.288998741407401,8.330619246337147,34.10985238645407,193.16958537150174,65.96256845859148,2.087008995324304,17.34893308073247,23.66353690898402,203.18498820192613,310.2845920265961,0.21198898513659714,11.002456496737762,232.40250958943906,57.00524484549719,3.601640464591955,21.417379235499467,277.56397246736947,377.64741779919405,8.627929325094748,13.987031894312489,18.06467107009656,5.320473897653504,174.41696484548942,353.68894248490915,7.284323186246642,37.048631251275054,57.593204277362,436.71850071723037,4
0.06087505755418225,0.7973975750936607,28.124493239002156,111.96156477348796,179.97074230602473,78.93550712769346,37.57199517694109,0.06073169375801144,1.2022955027431088,40.71806575657894,98.86283330115873,115.09765771286038,8.756867169356418,0.22072738234247952,14.025347936147474,45.62962287499948,66.93992971051115,200.55551583736852,113.03117397912692,0.2673388818244426,8.14970336867548,116.72491673066642,114.26306226940012,68.67378055054152,1.0653848552855945,19.71756759982463,94.30793128234482,174.79007653165425,85.19425108409017,1.0120781366393818,13.052037310393699,73.37546908723414,75.56680502556463,2.0288366274726,67.15733451633334,263.68135821865735,322.51136475578573,2.486943775433237,12.91405817575452,244.88287803580755,6.415553274711744,160.56375137543446,386.1332143083424,5.404724277628255,136.82001577741306,52.126374367977256,564.1453785018366,5
0.19322497936192173,2.405326837867999,27.851443689949903,37.236051794256525,163.53528627229295,350.65978815810297,347.1162762846591,0.02985122129024625,4.464628917579537,13.15442329046013,9.517489538512898,59.06629691604645,38.78191945103097,0.17721898677471495,2.515596368327369,25.39693006661745,36.10101787042319,376.6456260381532,118.63025222750615,0.4622538598091072,10.34553624214673,5.970562666049942,122.30048487255829,62.7049620169327,0.37107273068667856,22.651931927887976,177.24430651559993,176.37546090925372,352.44798592503713,1.4974084887260646,15.847199175977762,10.937482324967878,138.5626963312314,1.3950912417332715,49.70840402651079,269.39013136672577,67.29463433307782,5.757906652183806,22.21265503829912,26.72271409060533,11.352585220623249,154.29090311381054,477.9109169699714,13.257229846241586,161.8996849063676,44.69309929547619,484.37685108447016,7
0.02135399291432364,2.048795122272439,19.722684691704202,52.41140942755409,122.14740339434053,292.9189086769501,149.76106879310845,0.025020708537667864,1.4817361200713302,88.91242953,152.1475737527303,146.84820024077257,4.60701809,0.24627641669461364,2.2291614211274275,16.3734099502895,121.35620118724174,253.6062772560075,148.32810243676667,0.15648649009928667,6.718573314153587,29.987683467300794,61.57079286203735,64.39857632164374,0.9420721643301214,8.152044766582659,59.83238498918884,238.15715025347217,66.87399088276342,2.7079885638470493,29.888229643374945,105.40667141045984,16.159790931929937,1.9035534999799477,22.178876742647915,199.27336981809725,82.14731309215439,1.4474997852006648,33.13038810839676,18.90046910961787,2.0392920041747873,155.2722350529483,387.6014874309707,4.842761522762809,120.49174150797563,52.152979897188864,543.0603051223742,8
0.03195415933753106,2.613968072823048,26.780556130822454,89.13532772283995,188.61653271122748,143.27385423800513,45.958251669522625,0.04077047950069078,1.2485046348403785,14.69822157934103,32.02103838784374,226.15692288104373,4.60701809,0.3812219703891341,2.6823305010226908,19.368018491477443,84.09413616849409,184.84149571540715,60.82918940953393,0.14456342222698584,15.545711825477007,23.95333130237033,32.315881757958685,40.01724519057765,0.6857319666612199,20.010914059505453,100.40800721912338,81.29030058688187,9.346410384964432,1.2546430115770142,13.028054231120706,34.81422562249912,65.69454913525804,1.780176747827095,34.41767672104732,285.62188975852877,129.7228655000661,1.0029847497351332,69.81200361745657,10.07619149793377,11.108617005504355,179.8655936085846,490.2424398097387,2.4541573169181,36.10873151152339,49.62626594761259,443.27371540136534,10
0.029776051582084916,3.174986564524119,10.696029178137364,26.0661388426444,111.90938939382858,105.1072707888164,15.392808591882442,0.17750568734357156,0.18637361123366591,10.847904901960156,32.810818674109875,181.98685646429817,141.22706496965432,0.10221535012625622,3.162118164753186,22.295994114720816,103.04957092111152,27.480925977597416,252.13432736740958,0.23132562146458185,4.390788180466258,21.113547250793232,137.84595064849245,104.90984427196943,1.0908127092813094,13.543845522151418,87.62938669547803,58.0861809766363,111.75364514327006,0.33443107965011115,13.101796882290742,98.3129261489789,119.26324565684213,2.0251378681585877,37.235203020853795,180.6280113830151,253.08846009665592,1.0194072057823003,10.548545602707188,78.90871659751964,11.480243828983653,118.58414659183997,458.0764200411206,9.639404950971516,151.38000220644298,31.301148026838305,549.2614419516626,1
0.3020683087635555,1.5275222469096201,13.700824370804185,96.92747291353871,37.21724823985251,253.06582926924904,165.8961750907638,0.606011905756634,4.45579657124135,55.634165963945435,90.70037973246966,88.01814667855948,289.8393192111745,0.35098520098542163,8.177634793971116,68.48362197776014,81.3121978609097,71.01675018912952,119.17904578586449,0.4081090594465152,8.634546998836436,131.59208775102,102.84050446869743,269.3988502435918,1.0992471667343642,20.370867273607434,122.76827536975776,188.6658088160582,77.55781589679896,3.216995247211358,26.794915742641784,91.1863181541364,81.02997968947747,6.367050509616098,19.010560931917983,184.25358747382455,30.97891739890862,10.718073415178843,24.712316793857937,40.585824018751026,8.640346587368334,153.72620838062485,357.5075346451897,7.610754213592637,128.15689432481759,50.404423183064424,375.46957959320275,9
0.2201695510016583,1.6433140592655138,31.086988087402013,62.58098930425807,141.55991054338537,254.1992383314333,22.25443541525118,0.0745941025641531,4.945385583417268,52.65770620016078,109.95315793403995,100.00985562462594,79.58820271401882,0.3527479820393383,12.829156384393876,37.843922774831,74.61684117652675,126.57447540080241,24.855506396801786,0.5043706410049962,9.508242825410658,24.963146009080994,112.10129640322046,126.6443186159165,0.9954425581985038,17.05903829778627,66.29456847803093,192.64474982257275,36.57864163738403,1.125149336026579,22.91788168926592,35.849470534718435,170.5198342513422,8.65782204,34.705636920722974,196.84144473096762,300.9263221836596,4.608105913940049,14.39968633530015,136.66484420528613,6.85186999045774,186.60633798282774,207.38869007638257,6.786441808371233,160.20279736908833,38.36970829504227,533.2876606038784,9
0.03033643241435604,0.9088661415316378,8.791848798582846,89.87339510389666,95.92358453880212,180.2644817589515,167.96739943225055,0.0774437528574189,1.3564895806736432,28.83731604887502,54.59722894144113,213.87282169943842,318.49594957,0.09532743850212179,4.926679486248546,27.733913451216512,54.33368429628157,61.18083232175338,53.91903675965271,0.18273734576119513,11.476997225108468,72.73248334059262,155.95191666180602,214.75292947142455,0.9536230544353815,9.173856212637999,119.75992100633155,205.48801276405112,178.50605587679598,2.49416656219097,41.06602959822506,22.509436475808407,12.288398138137413,1.5536554532132179,25.612630389292548,243.53906194398976,288.69873017143885,5.678834140769717,13.284760127553774,119.36920461895248,10.993726676883142,186.03970454022917,524.2540005384634,0.6707564701821052,77.97833161922372,58.36226137968038,603.2429829507579,1
0.07841341827544894,0.4925477689712142,36.42888422618009,38.95089207453364,70.66681997122487,313.9060948884587,117.7862834288687,0.24387361300885818,1.7762429648608926,67.05889312524344,24.1311029312489,139.31370011812797,92.58742252639627,0.15897113929503312,2.6824529433874043,51.69364755026489,100.67861982585072,306.2597670077734,185.36453404533003,0.0931333107085398,1.6769003327212915,20.962769731483863,147.01616354588992,27.582510806836545,0.2998028715413025,10.812331931747114,73.79858840566462,68.20327819402851,171.01001764471775,0.5707332846223897,2.8106797843556697,24.104917325370174,219.43664058100774,3.444009131911919,20.145063516862585,219.6158992165599,210.55815714445444,2.619832657731198,65.88490013762507,144.48284193961496,9.38695971219971,181.14148108152966,357.76420388508444,10.191581082018375,68.437367388703,45.34662087572888,541.1623881979197,10
0.09713390888275925,3.1655197140222935,7.292402145645276,36.07448811143265,137.13425211993746,284.8229806027863,52.854528406717094,0.10793803226429426,6.668382494694672,14.869805947294722,49.92037061487893,152.9283662286419,318.49594957,0.17985487816389462,8.153362911102004,13.068089927786819,150.02355727540706,53.43628664710134,250.3316197486135,0.5279252522392197,3.7666376571121165,87.7821578649884,70.1983543736475,61.82472025068402,0.9251858830204668,8.550364242802308,36.86985579067527,187.3855345048684,153.31139501933026,0.9613143240717525,32.99346765619957,45.07944900247926,78.53618148869697,1.2549058903324424,47.18918686532297,200.69294284477536,98.9343060655043,0.9144699901622005,17.009165434434397,126.15638234746834,19.513413739964875,154.59774054984118,374.8066906566028,10.76481559843993,112.25570085129164,57.92585771101139,541.665498842025,1
0.030277396305455947,0.6332723251093134,13.389411324050911,64.14015770251486,185.07734036743136,198.47174783849982,42.129381888237184,0.233009461373418,1.4232539994858895,18.712790341502746,193.69775553279638,138.95973796833036,148.03084209928798,0.20822627362461532,6.537457913585799,65.78532520789359,49.76858478148966,290.40000212385826,21.68189832608101,0.16524743669284275,6.455819044094452,61.297150939504135,68.10545979861365,100.87235019254005,0.24376648301345505,11.153459272741252,37.54893325615682,129.036700095384,263.9491600223923,1.449048484519219,15.97134649084486,144.8668579783226,162.78556654509555,1.3709135638576966,23.412987728220088,197.68639069478897,174.99144673023824,4.07051706523693,50.10917520125676,171.21731700491978,5.743802766432468,164.13445496785542,451.4499838068714,13.424919845255147,103.96517248999602,44.621619510269376,589.5202372881913,1
0.11270431052932005,3.9100756609476583,32.795348931227544,122.75283922253946,145.86905034357088,491.1114391575465,363.5143937978487,0.05225255373024651,2.0868378897862776,32.39334870575289,34.93741429482023,31.71449892341564,195.56343045609657,0.28611254555264987,8.105961300710316,35.962542600462896,88.71420835299327,151.2666519341029,75.75260089914678,0.5788735650240728,9.366804310114048,40.31323755196445,88.82130371842226,185.2943531025501,1.522626035468937,17.30192019810337,159.79264479302188,189.75458088721902,154.20793757364862,1.519943346378811,17.029437225209442,51.01091504795427,48.626898306826476,1.8714688060923197,63.02537278566693,336.5614305578719,32.223531592190945,3.7163905106733144,24.981794505645706,187.2351359484808,9.095167439499072,229.97963012121392,305.2418561353294,10.29475251261996,12.577650122402595,60.01259149632408,492.09709180876393,3
0.022827546030491988,1.7785569382048836,15.714171646515311,87.90284040886667,179.53546338054153,169.49391082814563,361.98210405580494,0.24786766582957925,2.753161955344978,42.86047908962901,29.6811486471084,195.1259209771594,100.29507290611642,0.10242377729968957,4.958080367669144,22.746228160328915,139.46430795438104,196.7204528132122,216.89638982855047,0.4732337195609079,9.59349887491609,48.46844222469791,55.98564570772574,70.8616229939506,0.4391049621385518,22.621319290533094,27.782169554989533,154.73270156173984,144.71263633468462,0.22081130663615556,12.858718714776478,226.93775027372544,49.637308976888484,2.7493277915325454,14.938741098346465,307.4525889045704,61.14842448998609,4.035298232560624,31.533811695666536,59.90600129209051,5.445509353764208,204.28705991538214,448.9697015065444,18.573618827730257,6.21286385557821,40.52561187163807,567.1387354683366,6
0.03498910431436759,3.6716413615798276,26.340291181247974,76.21796524531945,152.105235701011,365.9730208748451,51.34857349451151,0.10962800962779672,3.476791452699735,80.30846109196978,114.47961742374147,234.7625812866049,42.52624367421438,0.32248200093449036,6.452389497749034,46.598551303583825,43.77529052651246,192.6230725832641,60.70140615107577,0.5210769095468021,13.38385306685833,46.605739736721965,133.87686395048388,70.7961920697039,0.5441139396885122,6.26395261458014,57.53020293910394,113.34871134910419,11.090991562714485,2.2754249408568685,15.634883246578585,62.60863628006926,50.07135155885311,1.3388521777545725,38.44088852882088,245.39952214637074,215.48412544731454,4.857332849193508,59.49709359015228,192.62949936315255,12.987399739172496,165.9590770338492,271.23016819519364,5.593074921910597,122.60962953516193,63.83804299026453,562.1213845993567,10
0.11474750172008587,0.2599646485165157,48.911316190676956,98.29459909516883,187.9656222952078,337.02426990154976,0.04566031,0.09631460727312291,3.859671418316751,0.81870073,110.70781259091608,161.51380239375038,318.49594957,0.3579957898081162,2.602121250298741,58.621871636938586,267.71930864188806,215.32636175672798,44.12760899381747,0.02211146187645084,0.9915756312804698,48.108717886400264,92.71406897556125,52.02637971295549,1.0901298537665478,23.280034306100266,26.67773540978206,263.74848068381436,107.04149234639245,0.07653107158416111,26.163864429349683,119.67951462956016,234.4629886098989,5.1334265361383515,37.41356299379205,214.19599623935574,299.74552714924874,6.114594683171043,114.62325988376963,148.7219284868306,12.137994965344888,194.44689937728813,388.36573475930993,14.00823233379266,4.3395740761849595,48.35769412044012,545.7214198439482,9
0.04434823727905223,2.2212826907828886,24.939413065863512,2.24086506,119.13244066196262,264.5831162289721,154.47852971980598,0.08098085567548856,5.491381377354463,77.96433261824586,97.12567968296861,148.15850498381894,297.61421042317676,0.3199040899868748,6.325371644971033,26.387895034248935,176.36874860119573,147.78097481322447,211.6589707012832,0.4272671163654512,8.923816451045862,116.7504081933131,39.99155273763447,122.79282031200115,2.3286697248139308,9.683155178252289,179.53968786457256,237.95792153609682,83.78737986291051,2.172150758319842,47.72877919578693,62.71556068034476,209.43297373200664,5.3080035281728035,49.9138904079551,290.3192195213974,260.4259220371163,4.264506250973504,22.71358912856887,192.6582968727539,12.893513521248826,203.01687357834544,454.1401307613229,9.928669461567583,84.54999894040233,51.95790467279653,455.2493326784107,1
0.02210193343093763,1.5244806322387114,19.924815150650314,80.92953679438007,86.57540198263393,339.1242310896328,239.32228862944936,0.28993139594824485,1.8391803419952142,73.53504055480713,117.59172742672388,86.73535877788423,109.33922655830273,0.1222993598864455,6.066415086962764,67.12525636393653,149.6404979490796,147.43757726464193,110.16554884273512,0.14025062235331948,7.079142998281149,26.387660316750992,82.78333335333382,160.0338085657139,1.0698146010328091,10.776528673683242,34.533329876159186,151.92810862923037,43.276010202538515,2.844845558908439,41.61234828971133,39.90550708097839,68.75495482000133,1.87611504838651,25.081086446803468,260.63845886463884,30.638746734485775,1.2175043116826638,14.242623553936404,16.3565156663738,5.1691306729713205,174.47359796869077,325.192088962,3.9060603207666964,107.68265237903199,49.10653665700827,637.1418060661674,2
0.04197120981810869,5.9800128353581705,15.206324244845915,62.16718415411515,175.6407584627243,465.3495627541966,78.08991989597408,0.16875927515460168,3.8157168923106646,12.108164842831348,61.894836815265926,63.78861313017798,318.49594957,0.08196065665137481,4.310689094684786,55.09843115667648,85.88293206528441,169.5895149684052,149.56024468714978,0.3550299677671691,2.600246952653032,69.2591820091856,36.91310479764149,5.7025015,0.6712092583840799,5.807259948763454,30.868791124024522,221.22060874230098,434.4672362717083,0.3659573917304031,18.8800695780646,78.91604030750771,74.24457439574577,2.6900167705161317,41.595478863908255,270.09114259913355,217.4662207820392,2.0591071402186945,14.659813944019401,59.20196006480067,7.841692266237528,188.48958655176187,493.67958598598364,11.373537138513756,91.64769428352676,54.393779163875955,598.6786041054605,1
0.1826986345763269,3.3037779435400574,30.433224213001505,97.91807581964471,221.69317821156406,213.2288415146569,75.17611372199738,0.0729711296065257,3.7550449103768506,30.563429661312025,50.36591314472117,22.466299128606718,253.10681746849383,0.5597034816420694,7.670605987448891,63.107857759857744,150.8417448638987,115.31864245188994,66.15099376290155,0.32746607739977324,10.152556852579309,78.96175191979363,72.45713229861276,205.04894019813756,1.3090201418899772,25.887290345983267,122.5228347000342,217.27787367443216,8.363581473713644,0.34032794961453866,31.871027196944734,72.50978570491574,222.42328605113192,5.069398229454205,52.68228394589856,320.1382807143843,8.072260600571067,5.035299988504153,46.88126059533431,108.95420684060112,17.481638351852524,184.5142709533308,303.77849800227654,13.909473017546201,95.26190498087188,55.633114527317524,407.56992891092614,7
0.11349990401545378,0.5622784191356008,47.302726905762725,43.94562778712877,80.56505565616874,71.15954837593645,252.96559575678862,0.2501054374573495,4.235655228252281,58.24219464361403,124.74224912663362,79.07294378668726,158.43086117660553,0.14697827224314505,7.775795053377182,30.858735125100793,157.67432536650503,83.56047043712346,309.8818089423163,0.31354691405985846,13.002646977511029,56.866726998391385,160.0111708219886,124.16260121136517,0.37970427502790205,12.735660989185051,93.0777771724278,298.5070595348083,219.47277246207295,2.3176330006365693,15.769281439144068,119.8834647150413,230.77629140517638,3.8530712081426746,34.97801420998978,250.526014499874,199.45674669969415,5.740442123977724,24.36732863348579,142.95343845101306,5.188570868777317,95.15048680221763,398.76731989671566,7.415985808425601,111.88886943812649,53.073374171232174,524.3023902506638,3
0.0969354823951109,0.6997713077428738,16.93697656409804,97.11944613647876,74.60812968463803,349.4636456258146,261.752509803547,0.22642834833414208,1.8226481160302064,31.420570414451053,111.21552687505056,53.16871334997766,24.880876585978555,0.2936336025764656,8.855793747040034,46.083370659538694,78.45281222252325,203.74762498050256,108.84142172369309,0.17455750882054075,17.7698117746851,76.69995511685157,41.39375324621532,115.97889343483686,2.1381429046650617,17.982976731399262,101.43257765961333,327.34517165572,49.75045492727918,0.8362042466845531,35.17803988214283,99.8679414914584,92.9144016158366,4.03197579837561,25.654509891079215,250.9255749433985,134.00364116184687,6.490867614846859,24.288638484585583,89.79174541031205,8.284255257367896,203.17816887105718,319.5037858285301,8.29224534211354,25.58084641375153,45.490589685563066,457.7004958453471,10
0.04180463531096797,1.6006727504668934,7.848002455172487,27.36332243568419,46.54414764219097,143.2480152303084,60.37503753601118,0.18186442374283165,0.36685560199912226,12.64964282212317,73.03207130120653,157.59431740862746,318.49594957,0.10096011052697759,14.810489250279826,32.95394340242103,134.65306580855088,90.27124725820215,30.309736939755425,0.13512155616134583,22.36485419579843,30.541684011832903,37.57256223820372,46.192042758057525,1.2534153820885616,25.386348390159338,32.60675200843776,92.57314630799097,164.16615971497205,0.7806202764434572,12.028435569312844,26.761583521338146,134.67256518313275,1.6654285371455742,59.07221572070422,307.9961519481342,54.821552034653934,2.0922934418030295,15.955621705823468,190.2672858144998,7.611521355764694,171.40541355816802,376.31531207318596,0.36292568,129.31875080571822,40.977770496856934,488.0886967082022,4
0.1573051517124349,1.4070009712310858,15.533162580325406,76.56085657452664,135.20825993560678,330.1610832298194,48.14232218672104,0.02384127911333092,1.5559800267179664,13.357241256341368,100.49952049874746,53.89008150473247,67.50602478661662,0.10372620423020067,9.320717894673187,17.493849961870854,26.560764055794998,91.73344509742347,32.1903936819136,0.26415998814979413,8.150317164485454,56.106916016227444,104.5436568653414,74.54579442102026,1.1967713142552434,9.314233340154829,67.72280735708861,219.5452412990989,114.73856266250141,0.4225098704092295,12.250102100150288,89.11376165019615,60.89134521156998,4.1289631219308705,34.01931331120312,361.195581337756,143.65252801849803,2.3327895463678097,37.63451793449306,153.0978609462939,4.760936963368009,226.15474375116327,666.3317800736443,10.500566265415147,39.60337317590192,54.81997933259647,565.6273929416699,5
0.18743450886284518,0.3609722884559441,9.279639835243001,102.54940793822752,147.44477325207967,243.10155283737475,411.58079618502126,0.10733238060476133,12.73382885048056,56.1437664862687,205.4701099523358,299.58441584,318.49594957,0.04561018511825069,3.7314952458545436,16.747353118223472,12.179846399615215,253.74636704248377,0.38471548,0.10061400422420735,9.859851584706584,49.08631006842455,157.7868698500906,15.83356482189646,0.35659299566871483,5.0916278575433935,72.1402695621523,291.3439880750675,88.7846203048334,1.3410825046013648,15.357277137212177,174.7059365995543,194.31084951008518,8.65782204,27.138878378291647,300.4356327240374,76.01385378811833,4.447214586329472,102.20446541205372,213.805265158974,10.545012977259786,196.77338060866677,582.4669791306486,6.3877383700873835,211.38009680775556,32.10992099119759,626.4087063271994,7
0.04924814758335734,2.09396469979797,27.980971561991073,64.82387196164765,196.8476157140316,176.35757259503734,314.1669383351365,0.17007119951792057,1.9826534605051647,12.219968093309248,55.638752993218276,130.90342270916096,273.9326247445949,0.4020512383537843,8.850009321707573,89.68019185170522,198.090051692992,86.42794625254875,108.46460957055932,0.3635343666504308,14.061988482227994,57.850930262321945,146.50076227537392,173.0130066376635,1.2375139996648312,10.044421469378007,44.16906368088203,316.18438456525644,197.31579657518185,0.8635502262500289,10.942871030164696,119.61536700578068,161.47095498151552,2.4769298000919844,26.114727251309205,199.6955801670447,27.44861772297869,6.72933069511973,51.11102120629825,110.85323039996196,8.31855487905299,143.37382188717174,286.166673017802,32.82281788840475,24.192108041187517,50.566074067057656,491.8015231538457,5
0.015479326325436152,0.06251856,18.40129906401646,106.53392042501035,124.9186538422914,130.37210652932157,180.02477408335534,0.18104162214220668,1.5584853504860925,22.730783051030947,20.72821537468264,225.61634471038604,98.2400154317437,0.20489385547352984,6.13032373948175,8.918067537393696,180.9143708108947,132.09031452289247,22.374518823451474,0.20266260920916848,3.7578719785216057,17.90805724276845,43.51220834468318,23.842315376707536,0.8050119949092638,6.593751527202814,169.84070714064654,315.70480620199817,143.03501267937156,0.0750221977125975,2.87479286584845,2.07886167,184.49395194617352,0.03186483,84.96367213794731,208.9107849581062,87.81853771263752,0.17980162345740114,0.71013604,70.10839646728873,7.3103162955747845,158.33603740998936,354.0672261904448,0.36292568,9.629844497282363,42.53723848710508,486.31093327337186,9
0.035776932592473824,1.6146508143420732,11.35370913962327,24.505640732895365,158.48247440575219,77.67719904681061,51.28687362684837,0.12112553406843647,2.4552365159122074,27.846410119403043,176.90693417377585,40.86215373707664,212.80452366394343,0.17030039987287432,4.806308216855537,27.489774800681527,76.31532179085657,145.54971109448027,167.83352096557138,0.39411818476543514,9.922390771333045,119.0730098008964,193.68924372602717,181.31548047630545,1.4822178539088275,8.575758997011665,54.17217868050891,150.75479037519474,38.14127463080251,2.4499726523212013,54.53523323867303,76.73783982816897,204.43070487896082,3.9759277688124435,47.637593380070754,360.0467436739922,177.7474095748541,8.791325752863859,26.6997852255037,172.99834991310937,6.785975798635619,141.85525564006423,346.1758303676474,9.726314325729813,148.08133755100332,43.924464635368594,445.5011011066136,2
0.13315296387442643,2.062939121746175,54.84177689183954,197.90424903830228,167.36689115131048,403.5466243682964,164.95970638237463,0.0749740556091148,3.8989692092178876,6.37856945339228,118.60092002120338,136.9894346342918,58.486561700575024,0.24155482693397518,18.742126012651774,70.05164100142878,237.06497210979023,212.35492129052952,195.33715520104238,0.2902451533315918,3.3459204590769445,68.57084207784635,113.09226155220948,82.49122698836129,3.30780437,25.88239624429691,46.69643070963447,45.01289833950537,79.23627067256528,0.8635527970181149,23.814338510699077,55.0517284059994,57.91940812651557,4.145341444107859,43.81911961789338,269.82159451247935,141.3904761206771,1.4438407374751996,39.36263649934934,58.61817875515794,5.515009763941817,202.91567552049844,434.7879128150185,10.871260925402659,129.13380315321885,57.116162921060265,520.9043868997717,7
0.0026445761079122235,0.3688761974470954,5.623245984083442,29.099022018627686,52.93140152359341,433.7652459895245,164.37827971224814,0.09734588430245089,0.9299766392882934,0.81870073,84.96433149325695,202.72407190638978,197.25591161715704,0.17766713735711678,3.8951474617421358,16.58619144000832,56.73208083875204,60.26535070815877,298.5881552863083,0.18612797457394994,5.658347099704658,75.34361453831465,45.764014597229405,127.89290609661467,0.171233579331529,2.451656249504926,27.37351195227154,183.83389706132812,375.2258839066128,0.3772129693973586,7.338381506335626,71.51197731817562,64.5309056867455,0.814103355830015,25.66145911283408,208.75635726713514,50.708957410725034,3.3738850984085866,19.058733025172668,22.381102648420853,14.582467047867313,169.89942408626325,571.1277854894907,6.482981526837396,48.9489570634898,45.7856226703867,542.8797258036885,1
0.32686580491192724,0.7672219420156159,49.39214133507678,91.14210022007427,128.8420592214623,212.9857301401962,296.9256759374778,0.1805468820566425,2.999595745667324,14.802112355152154,22.215912061076352,62.97791575898103,105.30824196741449,0.11792321404835868,6.4642092918063065,36.29041302533399,71.84500322271386,306.8650293734279,144.0194455815638,0.22498929633819864,13.45630384154803,22.502096504101623,124.42954001530714,27.51917196046567,1.4961327677270555,16.041833103670317,61.9681828342352,104.97059903356165,74.98129346230249,0.7924547870369196,17.26184132352671,92.12273612722039,50.536377782410874,1.3864644082284994,44.640417857894526,302.15688179304254,211.88471156992858,2.3046065002167033,50.11519081587295,67.9423699130593,6.273930957828231,162.24197807241177,461.4348567452121,7.652364277587806,109.59803212010422,48.86335049694985,456.02557018790594,5
0.052341737205517144,0.9381535507122936,17.409522365099733,63.381887698040856,28.678726396288354,154.08659771294757,205.73350629372993,0.05850806846527775,2.3594288132381207,41.598263305671445,132.14645761211835,217.6161250616333,49.8012945520856,0.15169480570039914,1.1662673739692728,10.799440076794989,68.47660102244274,162.74970203864373,19.42949592216548,0.28572831139281013,8.064199561881676,45.78181962933115,82.98958557389723,234.51408593337237,0.3678082712043894,10.976615038986923,35.36300011313809,67.32072326882765,31.241259404715002,1.8181851169833543,7.78370483578508,32.39227428175762,146.93362598979354,2.2688115301192666,23.688370531005084,303.47727641251583,133.0674367863264,6.088086114315024,31.39622325575209,215.76015149039515,10.69413667535844,205.2334782701022,460.3344339136659,29.088234227922356,138.98559963579126,48.93845715222135,472.454102601193,10
0.11528551357308314,1.8257374239801454,27.172062300897757,65.97974557168247,122.08543267745054,419.234396917302,89.45347049952173,0.042874373844366806,2.2474453783895076,17.73878306981047,47.425359655948625,176.10985598510769,82.94161691348282,0.10947081737452108,6.8310915855561705,28.594995799706776,74.44090633064697,198.78662073910834,126.0397318211203,0.11504081674826769,4.975979906161959,9.85378942862536,37.48659886312851,47.54763790074823,0.2717121399416228,5.067555388270348,62.84894518339033,95.46486661444226,68.4052717603806,0.997366080332841,2.177127352524126,42.54046924398305,6.3633602421108435,1.884547658960521,38.68153793074296,273.53526484373094,152.0381341818841,1.8139475355151071,62.34704561304476,58.29603858215215,5.50832541950966,205.74187664206406,442.80337587077594,1.3003984394414956,14.57964643305737,39.598885425838645,485.72493467518126,2
0.07315122399229176,2.302867902278085,23.91578199667948,95.18121297017088,126.69720228366134,124.92707878259093,195.12983536722072,0.02371174687521551,3.178845586179159,45.24007129884083,31.96197721422132,172.58632850710856,148.66266687365874,0.08836637823984422,9.221421758010832,12.75832022244414,94.84341563653308,293.71228717318627,120.6956139321046,0.08099095465070077,8.299438816111817,23.875566306893248,136.5677107088104,65.83268599368196,0.11342486647502525,13.49228937355035,89.31974446316435,178.156604842954,130.32035043414479,0.8562367252891234,11.264519196960212,43.80220845826638,177.18440330482963,2.3571617620346617,26.488869021006437,208.88843219444507,204.25212153365266,1.3539537159228496,22.58692174209296,103.80679488776468,9.390490027334932,150.34841777895585,432.67870928225324,3.507533005753862,11.812674255331803,22.02129515,393.69515634538163,10
