LOC_BLANK,BRANCH_COUNT,CALL_PAIRS,LOC_CODE_AND_COMMENT,LOC_COMMENTS,CONDITION_COUNT,CYCLOMATIC_COMPLEXITY,CYCLOMATIC_DENSITY,DECISION_COUNT,DECISION_DENSITY,DESIGN_COMPLEXITY,DESIGN_DENSITY,EDGE_COUNT,ESSENTIAL_COMPLEXITY,ESSENTIAL_DENSITY,LOC_EXECUTABLE,PARAMETER_COUNT,HALSTEAD_CONTENT,HALSTEAD_DIFFICULTY,HALSTEAD_EFFORT,HALSTEAD_ERROR_EST,HALSTEAD_LENGTH,HALSTEAD_LEVEL,HALSTEAD_PROG_TIME,HALSTEAD_VOLUME,MAINTENANCE_SEVERITY,MODIFIED_CONDITION_COUNT,MULTIPLE_CONDITION_COUNT,NODE_COUNT,NORMALIZED_CYLOMATIC_COMPLEXITY,NUM_OPERANDS,NUM_OPERATORS,NUM_UNIQUE_OPERANDS,NUM_UNIQUE_OPERATORS,NUMBER_OF_LINES,PERCENT_COMMENTS,LOC_TOTAL,target
10,3,2,0,2,4.0,2,0.2,2,2,2,1.0,9.0,1,0,10,0,17.77,9.0,1439.2,0.05,37.0,0.11,79.96,159.91,0.5,1,2,9.0,0.08,12.0,25.0,8.0,12,24.0,16.67,10,False
0,1,3,0,0,0.0,1,0.25,0,0,1,1.0,4.0,1,0,4,1,18.6,2.5,116.27,0.02,14.0,0.4,6.46,46.51,1.0,0,0,5.0,0.17,5.0,9.0,5.0,5,6.0,0.0,4,False
13,13,1,4,8,24.0,7,0.23,12,2,3,0.43,27.0,1,0,27,0,23.94,40.18,38646.97,0.32,198.0,0.02,2147.05,961.88,0.14,6,12,22.0,0.13,75.0,123.0,14.0,15,54.0,30.77,31,False
1,1,1,0,0,0.0,1,0.1,0,0,1,1.0,2.0,1,0,10,2,14.99,5.33,426.42,0.03,21.0,0.19,23.69,79.95,1.0,0,0,3.0,0.08,8.0,13.0,6.0,8,12.0,0.0,10,False
1,13,3,0,0,0.0,7,0.35,0,0,6,0.86,32.0,1,0,20,0,32.91,21.85,15707.85,0.24,137.0,0.05,872.66,718.97,0.14,0,0,27.0,0.3,67.0,70.0,23.0,15,23.0,0.0,20,False
1,13,1,0,0,0.0,7,0.41,0,0,6,0.86,24.0,6,0,17,3,29.56,17.53,9086.14,0.17,109.0,0.06,504.79,518.28,0.86,0,0,19.0,0.37,51.0,58.0,16.0,11,19.0,0.0,17,False
1,3,0,0,7,0.0,2,0.17,0,0,1,0.5,5.0,1,0,12,0,46.75,20.39,19439.64,0.32,183.0,0.05,1079.98,953.33,0.5,0,0,5.0,0.09,67.0,116.0,23.0,14,22.0,36.84,12,False
19,29,3,20,20,54.0,15,0.15,26,2,7,0.47,62.0,3,0,82,1,23.98,98.43,232360.35,0.79,425.0,0.01,12908.91,2360.7,0.2,14,27,49.0,0.1,159.0,266.0,21.0,26,143.0,32.79,102,True
1,9,2,0,0,0.0,5,0.42,0,0,4,0.8,21.0,1,0,12,0,17.51,14.17,3513.33,0.08,62.0,0.07,195.19,248.0,0.2,0,0,18.0,0.33,17.0,45.0,6.0,10,15.0,0.0,12,False
5,1,3,0,0,0.0,1,0.1,0,0,1,1.0,4.0,1,0,10,0,31.98,5.0,799.56,0.05,37.0,0.2,44.42,159.91,1.0,0,0,5.0,0.03,15.0,22.0,12.0,8,38.0,0.0,10,False
10,9,2,1,6,12.0,5,0.28,4,3,3,0.6,17.0,5,1,17,0,21.77,20.31,8977.55,0.15,91.0,0.05,498.75,442.08,1.0,4,6,14.0,0.14,33.0,58.0,13.0,16,36.0,29.17,18,False
6,3,1,1,1,4.0,2,0.2,2,2,1,0.5,6.0,1,0,9,1,22.66,10.31,2409.37,0.08,55.0,0.1,133.85,233.64,0.5,1,2,6.0,0.11,15.0,40.0,8.0,11,19.0,18.18,10,True
0,1,0,0,0,0.0,1,1.0,0,0,1,1.0,1.0,1,0,0,0,0.0,0.0,0.0,0.0,1.0,0.0,0.0,0.0,1.0,0,0,2.0,1.0,0.0,1.0,0.0,1,1.0,0.0,0,False
2,3,1,0,0,4.0,2,0.29,2,2,1,0.5,7.0,1,0,7,2,11.44,10.71,1313.83,0.04,30.0,0.09,72.99,122.62,0.5,1,2,7.0,0.17,15.0,15.0,7.0,10,12.0,0.0,7,False
6,3,1,1,1,4.0,2,0.12,2,2,1,0.5,7.0,1,0,16,1,23.3,10.39,2514.4,0.08,56.0,0.1,139.69,242.03,0.5,1,2,7.0,0.08,17.0,39.0,9.0,11,26.0,11.11,17,True
15,13,2,40,9,22.0,7,0.1,10,2,4,0.57,30.0,5,0,27,0,35.15,40.38,57328.2,0.47,257.0,0.02,3184.9,1419.56,0.71,6,11,25.0,0.08,105.0,152.0,26.0,20,93.0,64.47,67,True
27,15,4,10,13,28.0,8,0.12,14,2,6,0.75,39.0,1,0,56,5,34.93,44.48,69108.13,0.52,290.0,0.02,3839.34,1553.69,0.13,7,14,33.0,0.07,139.0,151.0,25.0,16,112.0,29.11,66,True
0,1,0,0,0,0.0,1,1.0,0,0,1,1.0,1.0,1,0,0,1,0.0,0.0,0.0,0.0,0.0,0.0,0.0,0.0,1.0,0,0,2.0,0.2,0.0,0.0,0.0,0,5.0,0.0,0,False
11,5,2,4,22,0.0,3,0.11,0,0,2,0.67,18.0,1,0,24,0,22.15,19.96,8828.3,0.15,93.0,0.05,490.46,442.2,0.33,0,0,17.0,0.05,43.0,50.0,14.0,13,63.0,52.0,28,False
15,1,8,8,8,0.0,1,0.05,0,0,1,1.0,11.0,1,0,11,2,118.03,3.19,1200.82,0.13,74.0,0.31,66.71,376.47,1.0,0,0,12.0,0.01,37.0,37.0,29.0,5,134.0,59.26,19,False
7,3,0,1,0,4.0,2,0.25,2,2,1,0.5,5.0,1,0,7,1,11.47,8.75,877.83,0.03,29.0,0.11,48.77,100.32,0.5,1,2,5.0,0.12,10.0,19.0,4.0,7,17.0,12.5,8,False
8,5,2,3,5,8.0,3,0.07,4,2,2,0.67,14.0,1,0,40,0,29.0,28.53,23605.34,0.28,174.0,0.04,1311.41,827.35,0.33,2,4,13.0,0.05,83.0,91.0,16.0,11,59.0,16.67,43,True
13,5,1,2,7,6.0,3,0.3,2,3,2,0.67,8.0,3,1,8,1,16.55,10.11,1692.31,0.06,37.0,0.1,94.02,167.37,1.0,2,3,7.0,0.1,13.0,24.0,9.0,14,31.0,52.94,10,False
1,3,1,1,19,4.0,2,0.09,2,2,1,0.5,6.0,1,0,21,2,27.56,24.75,16880.93,0.23,139.0,0.04,937.83,682.06,0.5,1,2,6.0,0.04,33.0,106.0,12.0,18,45.0,48.78,22,False
1,1,0,0,0,0.0,1,0.5,0,0,1,1.0,1.0,1,0,2,0,5.8,2.0,23.22,0.0,5.0,0.5,1.29,11.61,1.0,0,0,2.0,0.2,1.0,4.0,1.0,4,5.0,0.0,2,False
31,25,5,9,77,0.0,14,0.15,0,0,12,0.86,54.0,12,0,85,3,37.11,40.91,62115.21,0.51,269.0,0.02,3450.85,1518.2,0.86,0,0,42.0,0.07,113.0,156.0,29.0,21,204.0,50.29,94,False
6,1,3,0,0,0.0,1,0.07,0,0,1,1.0,6.0,1,0,14,2,25.09,9.82,2418.71,0.08,57.0,0.1,134.37,246.35,1.0,0,0,7.0,0.04,24.0,33.0,11.0,9,23.0,0.0,14,False
9,17,4,3,4,0.0,10,0.32,0,0,7,0.7,38.0,1,0,28,0,23.15,29.25,19806.66,0.23,138.0,0.03,1100.37,677.15,0.1,0,0,30.0,0.2,39.0,99.0,12.0,18,50.0,20.0,31,False
8,3,4,9,5,4.0,2,0.11,2,2,2,1.0,8.0,1,0,10,1,33.28,9.97,3306.02,0.11,69.0,0.1,183.67,331.71,0.5,1,2,8.0,0.06,23.0,46.0,15.0,13,34.0,58.33,19,True
9,5,1,1,4,8.0,3,0.21,4,2,2,0.67,11.0,1,0,13,0,18.43,15.0,4147.27,0.09,62.0,0.07,230.4,276.48,0.33,2,4,10.0,0.1,25.0,37.0,10.0,12,29.0,27.78,14,False
0,3,0,0,0,4.0,2,0.2,2,2,1,0.5,6.0,1,0,10,2,10.05,12.5,1570.53,0.04,33.0,0.08,87.25,125.64,0.5,1,2,6.0,0.17,10.0,23.0,4.0,10,12.0,0.0,10,False
0,3,0,0,0,0.0,2,1.0,0,0,1,0.5,6.0,1,0,0,1,0.0,0.0,0.0,0.0,0.0,0.0,0.0,0.0,0.5,0,0,6.0,0.2,0.0,0.0,0.0,0,10.0,0.0,0,False
7,1,4,2,15,0.0,1,0.07,0,0,1,1.0,5.0,1,0,12,0,38.33,5.54,1177.03,0.07,50.0,0.18,65.39,212.4,1.0,0,0,6.0,0.03,19.0,31.0,12.0,7,38.0,58.62,14,False
3,13,9,0,2,0.0,7,0.32,0,0,7,1.0,32.0,4,0,22,1,34.83,15.79,8682.88,0.18,111.0,0.06,482.38,549.92,0.57,0,0,27.0,0.25,50.0,61.0,19.0,12,28.0,8.33,22,False
0,9,0,0,0,0.0,8,1.0,0,0,1,0.13,17.0,1,0,0,1,0.0,0.0,0.0,0.0,0.0,0.0,0.0,0.0,0.13,0,0,11.0,0.13,0.0,0.0,0.0,0,63.0,0.0,0,False
1,1,1,0,0,0.0,1,0.2,0,0,1,1.0,2.0,1,0,5,0,14.98,6.0,539.15,0.03,23.0,0.17,29.95,89.86,1.0,0,0,3.0,0.13,6.0,17.0,5.0,10,8.0,0.0,5,False
23,1,8,9,3,0.0,1,0.07,0,0,1,1.0,9.0,1,0,5,1,52.7,4.42,1030.06,0.08,49.0,0.23,57.23,232.99,1.0,0,0,10.0,0.02,21.0,28.0,19.0,8,54.0,70.59,14,False
42,27,11,0,9,0.0,14,0.31,0,0,4,0.29,63.0,9,0,45,1,67.49,20.98,29713.51,0.47,224.0,0.05,1650.75,1416.11,0.64,0,0,51.0,0.07,104.0,120.0,57.0,23,211.0,16.67,45,False
3,37,3,0,0,0.0,19,0.53,0,0,6,0.32,68.0,11,0,36,3,29.61,43.85,56916.12,0.43,230.0,0.02,3162.01,1298.09,0.58,0,0,51.0,0.48,95.0,135.0,26.0,24,40.0,0.0,36,False
6,21,0,0,9,38.0,11,0.42,18,2,1,0.09,40.0,4,0,26,4,27.51,19.44,10402.78,0.18,107.0,0.05,577.93,535.0,0.36,10,19,31.0,0.24,50.0,57.0,18.0,14,46.0,25.71,26,False
3,37,3,0,0,0.0,19,0.73,0,0,3,0.16,62.0,17,0,26,2,25.72,48.63,60821.24,0.42,235.0,0.02,3378.96,1250.65,0.89,0,0,45.0,0.61,88.0,147.0,19.0,21,31.0,0.0,26,False
0,3,0,0,1,0.0,2,0.33,0,0,1,0.5,6.0,1,0,6,0,5.05,13.5,919.54,0.02,19.0,0.07,51.09,68.11,0.5,0,0,6.0,0.25,9.0,10.0,3.0,9,8.0,14.29,6,False
53,27,2,12,22,44.0,14,0.17,18,2,8,0.57,55.0,8,0,72,0,42.52,62.4,165551.69,0.88,451.0,0.02,9197.32,2653.07,0.57,13,22,43.0,0.09,182.0,269.0,35.0,24,161.0,32.08,84,False
1,1,1,0,0,0.0,1,0.13,0,0,1,1.0,2.0,1,0,8,4,12.0,6.67,533.33,0.03,20.0,0.15,29.63,80.0,1.0,0,0,3.0,0.1,8.0,12.0,6.0,10,10.0,0.0,8,False
1,5,2,0,0,0.0,3,0.5,0,0,2,0.67,11.0,1,0,6,0,17.34,8.25,1180.25,0.05,35.0,0.12,65.57,143.06,0.33,0,0,10.0,0.23,9.0,26.0,6.0,11,13.0,0.0,6,False
0,72,10,0,0,0.0,53,1.0,0,0,43,0.81,249.0,1,0,0,3,0.0,0.0,0.0,0.0,0.0,0.0,0.0,0.0,0.02,0,0,198.0,0.3,0.0,0.0,0.0,0,174.0,0.0,0,False
6,1,1,0,6,0.0,1,0.07,0,0,1,1.0,2.0,1,0,14,0,23.11,13.5,4212.0,0.1,78.0,0.07,234.0,312.0,1.0,0,0,3.0,0.04,27.0,51.0,8.0,8,28.0,30.0,14,False
8,3,3,4,4,4.0,2,0.13,2,2,1,0.5,8.0,1,0,11,1,30.01,11.76,4154.21,0.12,70.0,0.09,230.79,353.11,0.5,1,2,8.0,0.07,25.0,45.0,17.0,16,29.0,42.11,15,False
0,7,1,0,0,0.0,4,1.0,0,0,2,0.5,14.0,3,0,0,1,0.0,0.0,0.0,0.0,0.0,0.0,0.0,0.0,0.75,0,0,12.0,0.33,0.0,0.0,0.0,0,12.0,0.0,0,False
1,7,0,0,0,0.0,4,0.16,0,0,1,0.25,14.0,1,0,25,1,32.68,28.0,25622.15,0.31,177.0,0.04,1423.45,915.08,0.25,0,0,12.0,0.14,56.0,121.0,18.0,18,28.0,0.0,25,False
0,1,0,0,0,0.0,1,1.0,0,0,1,1.0,1.0,1,0,0,0,0.0,0.0,0.0,0.0,1.0,0.0,0.0,0.0,1.0,0,0,2.0,1.0,0.0,1.0,0.0,1,1.0,0.0,0,False
8,1,0,4,1,0.0,1,0.05,0,0,1,1.0,1.0,1,0,18,0,17.87,28.58,14596.38,0.17,138.0,0.03,810.91,510.66,1.0,0,0,2.0,0.03,49.0,89.0,6.0,7,33.0,21.74,22,True
1,9,3,0,0,0.0,5,0.24,0,0,3,0.6,23.0,5,1,21,2,26.48,21.47,12211.91,0.19,110.0,0.05,678.44,568.69,1.0,0,0,20.0,0.22,48.0,62.0,19.0,17,23.0,0.0,21,False
21,7,13,5,9,12.0,4,0.12,6,2,4,1.0,26.0,1,0,28,0,81.88,7.97,5199.37,0.22,121.0,0.13,288.85,652.47,0.25,3,6,24.0,0.06,51.0,70.0,32.0,10,65.0,33.33,33,True
4,1,2,1,9,0.0,1,0.13,0,0,1,1.0,3.0,1,0,7,0,20.94,4.0,335.05,0.03,22.0,0.25,18.61,83.76,1.0,0,0,4.0,0.04,8.0,14.0,7.0,7,23.0,58.82,8,False
3,15,8,0,0,0.0,8,0.4,0,0,6,0.75,36.0,5,0,20,0,44.13,16.55,12089.65,0.24,133.0,0.06,671.65,730.42,0.63,0,0,30.0,0.15,60.0,73.0,29.0,16,55.0,0.0,20,False
4,3,1,0,0,4.0,2,0.13,2,2,1,0.5,9.0,1,0,15,0,15.71,19.38,5897.84,0.1,73.0,0.05,327.66,304.4,0.5,1,2,9.0,0.1,31.0,42.0,8.0,10,21.0,0.0,15,False
5,3,3,0,0,4.0,2,0.12,2,2,2,1.0,9.0,1,0,17,1,21.41,11.11,2643.15,0.08,56.0,0.09,146.84,237.88,0.5,1,2,9.0,0.08,20.0,36.0,9.0,10,24.0,0.0,17,False
0,3,1,0,0,6.0,2,0.5,2,3,2,1.0,5.0,1,0,4,0,10.58,5.4,308.4,0.02,15.0,0.19,17.13,57.11,0.5,2,3,5.0,0.33,6.0,9.0,5.0,9,6.0,0.0,4,False
9,7,3,3,6,12.0,4,0.33,6,2,4,1.0,14.0,1,0,9,0,14.8,10.0,1480.0,0.05,37.0,0.1,82.22,148.0,0.25,3,6,12.0,0.14,12.0,25.0,6.0,10,29.0,50.0,12,False
1,3,1,0,0,4.0,2,0.5,2,2,2,1.0,5.0,1,0,4,1,8.65,8.0,553.51,0.02,20.0,0.13,30.75,69.19,0.5,1,2,5.0,0.29,6.0,14.0,3.0,8,7.0,0.0,4,False
2,5,2,0,0,0.0,3,0.5,0,0,2,0.67,11.0,1,0,6,0,18.13,7.5,1020.0,0.05,34.0,0.13,56.67,136.0,0.33,0,0,10.0,0.21,9.0,25.0,6.0,10,14.0,0.0,6,False
23,5,1,5,15,8.0,3,0.14,4,2,3,1.0,11.0,1,0,17,0,24.34,13.0,4112.71,0.11,69.0,0.08,228.48,316.36,0.33,2,4,10.0,0.05,26.0,43.0,12.0,12,61.0,54.05,22,False
1,5,1,0,0,8.0,3,0.25,4,2,2,0.67,11.0,1,0,12,0,9.52,10.8,1110.22,0.03,27.0,0.09,61.68,102.8,0.33,2,4,10.0,0.2,12.0,15.0,5.0,9,15.0,0.0,12,False
3,5,0,0,0,8.0,3,0.33,4,2,1,0.33,10.0,1,0,9,3,9.51,13.75,1798.48,0.04,32.0,0.07,99.92,130.8,0.33,2,4,9.0,0.21,15.0,17.0,6.0,11,14.0,0.0,9,False
1,9,3,0,0,0.0,5,0.5,0,0,4,0.8,21.0,1,0,10,0,20.29,13.36,3620.39,0.09,65.0,0.07,201.13,271.05,0.2,0,0,18.0,0.29,17.0,48.0,7.0,11,17.0,0.0,10,False
11,23,3,5,6,36.0,12,0.36,14,2,6,0.5,48.0,12,1,28,4,18.52,89.3,147650.89,0.55,325.0,0.01,8202.83,1653.43,1.0,11,18,38.0,0.22,141.0,184.0,15.0,19,54.0,28.21,33,False
1,1,0,0,0,0.0,1,0.25,0,0,1,1.0,1.0,1,0,4,0,8.13,2.0,32.5,0.01,7.0,0.5,1.81,16.25,1.0,0,0,2.0,0.14,1.0,6.0,1.0,4,7.0,0.0,4,False
0,7,3,0,0,0.0,4,1.0,0,0,3,0.75,16.0,1,0,0,0,0.0,0.0,0.0,0.0,0.0,0.0,0.0,0.0,0.25,0,0,14.0,0.09,0.0,0.0,0.0,0,44.0,0.0,0,False
3,15,4,0,0,0.0,8,0.47,0,0,5,0.63,31.0,3,0,17,2,20.6,30.38,19007.4,0.21,123.0,0.03,1055.97,625.76,0.38,0,0,25.0,0.36,54.0,69.0,16.0,18,22.0,0.0,17,False
0,5,1,0,0,0.0,3,0.6,0,0,2,0.67,11.0,1,0,5,1,4.61,13.5,840.64,0.02,18.0,0.07,46.7,62.27,0.33,0,0,10.0,0.5,6.0,12.0,2.0,9,6.0,0.0,5,False
0,1,1,0,0,0.0,1,0.5,0,0,1,1.0,2.0,1,0,2,0,5.33,1.5,12.0,0.0,4.0,0.67,0.67,8.0,1.0,0,0,3.0,0.25,1.0,3.0,1.0,3,4.0,0.0,2,False
1,7,2,0,3,10.0,4,0.36,4,2,3,0.75,11.0,4,1,11,5,22.04,14.5,4634.63,0.11,68.0,0.07,257.48,319.63,1.0,3,5,9.0,0.21,29.0,39.0,13.0,13,19.0,21.43,11,False
0,19,0,0,0,0.0,5,1.0,0,0,1,0.2,37.0,4,0,0,0,0.0,0.0,0.0,0.0,0.0,0.0,0.0,0.0,0.8,0,0,29.0,0.04,0.0,0.0,0.0,0,135.0,0.0,0,False
2,1,0,1,0,0.0,1,0.25,0,0,1,1.0,1.0,1,0,3,0,11.58,2.67,82.35,0.01,11.0,0.38,4.57,30.88,1.0,0,0,2.0,0.11,4.0,7.0,3.0,4,9.0,25.0,4,True
1,5,2,0,0,0.0,3,0.5,0,0,2,0.67,11.0,1,0,6,0,18.13,7.5,1020.0,0.05,34.0,0.13,56.67,136.0,0.33,0,0,10.0,0.23,9.0,25.0,6.0,10,13.0,0.0,6,False
6,3,0,0,28,0.0,2,0.18,0,0,1,0.5,5.0,1,0,11,1,18.78,13.33,3338.16,0.08,57.0,0.08,185.45,250.36,0.5,0,0,5.0,0.04,20.0,37.0,9.0,12,47.0,71.79,11,False
1,9,2,0,1,0.0,5,0.36,0,0,3,0.6,18.0,3,0,14,1,25.3,10.56,2822.18,0.09,55.0,0.09,156.79,267.19,0.6,0,0,15.0,0.29,26.0,29.0,16.0,13,17.0,6.67,14,False
5,1,2,0,2,0.0,1,0.25,0,0,1,1.0,3.0,1,0,4,0,11.63,2.0,46.53,0.01,9.0,0.5,2.58,23.26,1.0,0,0,4.0,0.08,2.0,7.0,2.0,4,13.0,33.33,4,False
13,7,4,1,13,12.0,4,0.27,6,2,4,1.0,14.0,1,0,14,2,21.38,9.5,1929.74,0.07,47.0,0.11,107.21,203.13,0.25,3,6,12.0,0.1,19.0,28.0,10.0,10,42.0,50.0,15,False
26,5,1,10,7,8.0,3,0.06,4,2,1,0.33,17.0,1,0,38,0,30.09,43.27,56334.14,0.43,277.0,0.02,3129.67,1302.02,0.33,2,4,16.0,0.04,118.0,159.0,15.0,11,83.0,30.91,48,True
4,13,2,0,3,0.0,7,0.19,0,0,7,1.0,37.0,1,0,36,2,25.36,30.47,23549.34,0.26,156.0,0.03,1308.3,772.85,0.14,0,0,32.0,0.16,74.0,82.0,17.0,14,44.0,7.69,36,False
6,3,0,0,0,4.0,2,0.18,2,2,1,0.5,7.0,1,0,11,0,12.36,20.3,5094.23,0.08,70.0,0.05,283.01,250.95,0.5,1,2,7.0,0.11,29.0,41.0,5.0,7,19.0,0.0,11,False
11,5,0,6,21,8.0,3,0.2,4,2,1,0.33,10.0,1,0,9,3,17.97,15.13,4111.99,0.09,64.0,0.07,228.44,271.87,0.33,2,4,9.0,0.06,22.0,42.0,8.0,11,51.0,75.0,15,False
2,5,0,0,0,8.0,3,0.6,4,2,1,0.33,10.0,1,0,5,0,9.6,9.17,806.67,0.03,22.0,0.11,44.81,88.0,0.33,2,4,9.0,0.33,11.0,11.0,6.0,10,9.0,0.0,5,False
6,45,11,2,5,0.0,23,0.35,0,0,19,0.83,108.0,19,0,64,2,45.49,45.94,95998.42,0.7,347.0,0.02,5333.25,2089.76,0.83,0,0,87.0,0.29,147.0,200.0,40.0,25,78.0,9.86,66,False
5,1,0,0,0,0.0,1,0.07,0,0,1,1.0,1.0,1,0,15,3,33.1,8.73,2520.95,0.1,68.0,0.11,140.05,288.86,1.0,0,0,2.0,0.05,24.0,44.0,11.0,8,21.0,0.0,15,False
0,3,5,0,0,0.0,2,1.0,0,0,2,1.0,10.0,1,0,0,0,0.0,0.0,0.0,0.0,0.0,0.0,0.0,0.0,0.5,0,0,10.0,0.1,0.0,0.0,0.0,0,20.0,0.0,0,False
0,3,1,0,0,0.0,2,0.5,0,0,2,1.0,6.0,1,0,4,1,9.51,3.0,85.59,0.01,9.0,0.33,4.75,28.53,0.5,0,0,6.0,0.4,3.0,6.0,3.0,6,5.0,0.0,4,False
1,5,1,0,1,0.0,3,0.43,0,0,2,0.67,10.0,3,1,7,0,11.71,9.43,1041.34,0.04,26.0,0.11,57.85,110.45,1.0,0,0,9.0,0.3,11.0,15.0,7.0,12,10.0,12.5,7,False
1,5,2,0,0,0.0,3,0.5,0,0,2,0.67,11.0,1,0,6,0,18.13,7.5,1020.0,0.05,34.0,0.13,56.67,136.0,0.33,0,0,10.0,0.23,9.0,25.0,6.0,10,13.0,0.0,6,False
4,1,0,0,0,0.0,1,0.13,0,0,1,1.0,1.0,1,0,8,1,18.58,11.0,2247.77,0.07,57.0,0.09,124.88,204.34,1.0,0,0,2.0,0.07,22.0,35.0,6.0,6,14.0,0.0,8,False
1,7,3,0,0,0.0,4,0.4,0,0,3,0.75,16.0,3,0,10,3,18.8,11.0,2275.01,0.07,44.0,0.09,126.39,206.82,0.75,0,0,14.0,0.33,22.0,22.0,13.0,13,12.0,0.0,10,False
3,7,2,1,2,12.0,4,0.31,6,2,2,0.5,16.0,1,0,12,0,16.48,18.75,5795.02,0.1,65.0,0.05,321.95,309.07,0.25,3,6,14.0,0.2,30.0,35.0,12.0,15,20.0,20.0,13,False
2,1,1,0,0,0.0,1,0.14,0,0,1,1.0,2.0,1,0,7,0,9.86,12.0,1419.65,0.04,33.0,0.08,78.87,118.3,1.0,0,0,3.0,0.09,12.0,21.0,4.0,8,11.0,0.0,7,False
10,27,0,4,7,34.0,14,0.5,8,4,1,0.07,35.0,14,1,24,0,23.61,26.38,16434.72,0.21,131.0,0.04,913.04,622.89,1.0,13,17,23.0,0.25,49.0,82.0,13.0,14,56.0,31.43,28,False
16,3,5,0,7,4.0,2,0.13,2,2,1,0.5,12.0,1,0,15,0,35.9,9.47,3221.11,0.11,70.0,0.11,178.95,340.06,0.5,1,2,12.0,0.05,31.0,39.0,18.0,11,40.0,31.82,15,False
0,1,0,0,5,0.0,1,1.0,0,0,1,1.0,1.0,1,0,1,0,0.0,0.0,0.0,0.0,1.0,0.0,0.0,0.0,1.0,0,0,2.0,0.13,0.0,1.0,0.0,1,8.0,83.33,1,False
37,48,0,1,48,0.0,27,0.23,0,0,1,0.04,93.0,13,0,115,4,74.42,39.83,118062.58,0.99,482.0,0.03,6559.03,2964.18,0.48,0,0,68.0,0.13,156.0,326.0,47.0,24,203.0,29.88,116,False
11,7,1,3,6,10.0,4,0.18,4,2,2,0.5,12.0,3,0,19,0,16.85,18.91,6024.01,0.11,67.0,0.05,334.67,318.58,0.75,3,5,10.0,0.1,26.0,41.0,11.0,16,42.0,32.14,22,True
2,1,1,0,0,0.0,1,0.14,0,0,1,1.0,2.0,1,0,7,0,13.3,6.4,544.7,0.03,23.0,0.16,30.26,85.11,1.0,0,0,3.0,0.09,8.0,15.0,5.0,8,11.0,0.0,7,False
3,5,1,0,0,0.0,3,0.3,0,0,1,0.33,10.0,1,0,10,0,17.36,24.54,10456.24,0.14,86.0,0.04,580.9,426.06,0.33,0,0,9.0,0.19,31.0,55.0,12.0,19,16.0,0.0,10,False
50,9,1,37,18,16.0,5,0.03,8,2,1,0.2,27.0,1,0,155,0,132.94,61.45,501990.12,2.72,1235.0,0.02,27888.34,8169.17,0.2,4,8,24.0,0.02,511.0,724.0,79.0,19,262.0,26.19,192,True
0,1,2,0,0,0.0,1,0.2,0,0,1,1.0,5.0,1,0,5,3,20.77,8.25,1413.48,0.06,45.0,0.12,78.53,171.33,1.0,0,0,6.0,0.11,22.0,23.0,8.0,6,9.0,0.0,5,False
8,5,3,1,1,6.0,3,0.12,2,3,2,0.67,12.0,3,1,24,3,18.24,30.58,17051.32,0.19,116.0,0.03,947.3,557.65,1.0,2,3,11.0,0.08,53.0,63.0,13.0,15,38.0,7.69,25,True
4,3,2,0,0,4.0,2,0.22,2,2,2,1.0,6.0,1,0,9,1,16.18,6.43,668.57,0.03,26.0,0.16,37.14,104.0,0.5,1,2,6.0,0.13,10.0,16.0,7.0,9,16.0,0.0,9,False
0,1,1,0,0,0.0,1,0.2,0,0,1,1.0,2.0,1,0,5,2,12.18,3.0,109.62,0.01,11.0,0.33,6.09,36.54,1.0,0,0,3.0,0.17,4.0,7.0,4.0,6,6.0,0.0,5,False
1,1,0,0,0,0.0,1,0.2,0,0,1,1.0,1.0,1,0,5,0,6.79,8.0,434.27,0.02,21.0,0.13,24.13,54.28,1.0,0,0,2.0,0.13,8.0,13.0,2.0,4,8.0,0.0,5,False
0,3,1,0,0,0.0,2,1.0,0,0,1,0.5,6.0,1,0,0,1,0.0,0.0,0.0,0.0,0.0,0.0,0.0,0.0,0.5,0,0,6.0,0.29,0.0,0.0,0.0,0,7.0,0.0,0,False
0,1,0,0,0,0.0,1,1.0,0,0,1,1.0,1.0,1,0,0,0,0.0,0.0,0.0,0.0,2.0,0.0,0.0,2.0,1.0,0,0,2.0,1.0,0.0,2.0,0.0,2,1.0,0.0,0,False
17,13,2,5,8,22.0,7,0.23,10,2,3,0.43,26.0,6,0,25,0,19.62,44.8,39374.15,0.29,170.0,0.02,2187.45,878.89,0.86,6,11,21.0,0.12,64.0,106.0,15.0,21,57.0,34.21,30,False
8,3,0,0,0,4.0,2,0.13,2,2,1,0.5,7.0,1,0,15,0,12.49,28.7,10288.84,0.12,100.0,0.03,571.6,358.5,0.5,1,2,7.0,0.08,41.0,59.0,5.0,7,25.0,0.0,15,False
40,21,6,15,78,34.0,11,0.16,14,2,6,0.55,42.0,9,0,52,0,53.33,32.38,55896.59,0.58,296.0,0.03,3105.37,1726.54,0.82,10,17,33.0,0.06,111.0,185.0,36.0,21,196.0,64.14,67,False
13,19,4,1,17,32.0,10,0.26,12,2,6,0.6,45.0,8,0,37,3,64.06,30.39,59183.26,0.65,331.0,0.03,3287.96,1947.15,0.8,10,16,37.0,0.14,110.0,221.0,38.0,21,71.0,32.72,38,False
4,5,1,0,0,0.0,3,0.5,0,0,2,0.67,10.0,1,0,6,0,11.62,9.75,1104.67,0.04,29.0,0.1,61.37,113.3,0.33,0,0,9.0,0.25,13.0,16.0,6.0,9,12.0,0.0,6,False
3,1,1,0,6,0.0,1,0.05,0,0,1,1.0,21.0,1,0,21,1,98.33,6.82,4571.18,0.22,141.0,0.15,253.95,670.44,1.0,0,0,22.0,0.03,60.0,81.0,22.0,5,32.0,22.22,21,False
10,1,1,1,0,0.0,1,0.33,0,0,1,1.0,4.0,1,0,2,1,12.06,1.5,27.14,0.01,7.0,0.67,1.51,18.09,1.0,0,0,5.0,0.06,3.0,4.0,3.0,3,18.0,33.33,3,False
14,5,0,3,2,8.0,3,0.04,4,2,1,0.33,10.0,1,0,64,0,44.68,37.34,62299.43,0.56,340.0,0.03,3461.08,1668.34,0.33,2,4,9.0,0.04,129.0,211.0,19.0,11,85.0,7.25,67,True
5,1,1,0,3,0.0,1,0.1,0,0,1,1.0,3.0,1,0,10,1,19.66,9.6,1811.74,0.06,51.0,0.1,100.65,188.72,1.0,0,0,4.0,0.05,12.0,39.0,5.0,8,20.0,23.08,10,False
3,7,0,0,0,10.0,4,0.44,4,2,1,0.25,12.0,3,0,9,0,10.26,13.0,1734.69,0.04,32.0,0.08,96.37,133.44,0.75,3,5,10.0,0.29,13.0,19.0,6.0,12,14.0,0.0,9,False
27,9,2,5,20,14.0,5,0.24,6,2,2,0.4,19.0,3,0,16,1,19.73,17.18,5824.66,0.11,73.0,0.06,323.59,339.0,0.6,4,7,16.0,0.07,27.0,46.0,11.0,14,69.0,60.98,21,False
5,7,0,0,6,10.0,4,0.31,4,2,1,0.25,10.0,4,1,13,1,14.41,10.5,1588.31,0.05,35.0,0.1,88.24,151.27,1.0,3,5,8.0,0.15,14.0,21.0,8.0,12,26.0,31.58,13,False
1,3,3,0,0,0.0,2,0.4,0,0,2,1.0,8.0,1,0,5,0,21.0,4.0,336.0,0.03,21.0,0.25,18.67,84.0,0.5,0,0,8.0,0.25,8.0,13.0,8.0,8,8.0,0.0,5,False
2,23,0,6,0,40.0,12,0.27,18,2,1,0.08,48.0,6,0,39,7,31.07,35.11,38303.42,0.36,205.0,0.03,2127.97,1091.0,0.5,11,20,38.0,0.22,95.0,110.0,23.0,17,55.0,13.33,45,False
4,8,0,7,0,0.0,7,0.41,0,0,1,0.14,15.0,1,0,10,3,11.6,31.21,11297.51,0.12,77.0,0.03,627.64,361.93,0.14,0,0,10.0,0.3,23.0,54.0,7.0,19,23.0,41.18,17,False
1,9,2,0,0,0.0,5,0.5,0,0,4,0.8,21.0,1,0,10,0,17.05,15.58,4140.26,0.09,65.0,0.06,230.01,265.69,0.2,0,0,18.0,0.29,17.0,48.0,6.0,11,17.0,0.0,10,False
11,7,0,15,8,12.0,4,0.16,6,2,1,0.25,16.0,1,0,10,0,25.55,25.31,16365.59,0.22,136.0,0.04,909.2,646.66,0.25,3,6,14.0,0.09,47.0,89.0,13.0,14,46.0,69.7,25,True
2,5,2,0,0,8.0,3,0.5,4,2,2,0.67,11.0,1,0,6,0,18.13,7.5,1020.0,0.05,34.0,0.13,56.67,136.0,0.33,2,4,10.0,0.21,9.0,25.0,6.0,10,14.0,0.0,6,False
12,3,4,1,5,4.0,2,0.06,2,2,1,0.5,9.0,1,0,31,0,61.82,14.2,12472.53,0.29,165.0,0.07,692.92,878.12,0.5,1,2,9.0,0.04,59.0,106.0,27.0,13,51.0,16.21,32,False
2,5,2,1,3,0.0,3,0.23,0,0,1,0.33,12.0,1,0,12,0,18.95,10.29,2007.31,0.07,42.0,0.1,111.52,195.04,0.33,0,0,11.0,0.15,19.0,23.0,12.0,13,20.0,25.0,13,False
1,9,3,0,0,0.0,5,0.33,0,0,4,0.8,21.0,1,0,15,0,30.32,11.33,3894.84,0.11,67.0,0.09,216.38,343.66,0.2,0,0,18.0,0.29,34.0,33.0,21.0,14,17.0,0.0,15,False
2,3,0,0,0,4.0,2,0.29,2,2,1,0.5,6.0,1,0,7,0,12.33,7.2,639.44,0.03,24.0,0.14,35.52,88.81,0.5,1,2,6.0,0.18,9.0,15.0,5.0,8,11.0,0.0,7,False
2,3,0,1,3,4.0,2,0.29,2,2,1,0.5,6.0,1,0,6,0,9.34,6.67,415.13,0.02,18.0,0.15,23.06,62.27,0.5,1,2,6.0,0.14,5.0,13.0,3.0,8,14.0,40.0,7,False
4,3,1,2,1,4.0,2,0.2,2,2,2,1.0,7.0,1,0,8,0,13.65,11.0,1651.29,0.05,36.0,0.09,91.74,150.12,0.5,1,2,7.0,0.12,14.0,22.0,7.0,11,17.0,27.27,10,False
31,7,4,8,23,10.0,4,0.14,4,2,3,0.75,16.0,3,0,21,2,30.02,21.27,13585.43,0.21,120.0,0.05,754.75,638.63,0.75,3,5,14.0,0.05,52.0,68.0,22.0,18,84.0,59.62,29,False
21,17,2,4,9,22.0,10,0.26,10,2,2,0.2,32.0,1,0,35,0,23.31,30.11,21129.06,0.23,131.0,0.03,1173.84,701.84,0.1,6,11,24.0,0.14,52.0,79.0,19.0,22,71.0,27.08,39,False
1,5,2,0,0,0.0,3,0.5,0,0,2,0.67,11.0,1,0,6,0,18.13,7.5,1020.0,0.05,34.0,0.13,56.67,136.0,0.33,0,0,10.0,0.23,9.0,25.0,6.0,10,13.0,0.0,6,False
0,1,1,0,0,0.0,1,0.25,0,0,1,1.0,2.0,1,0,4,0,11.84,5.63,374.67,0.02,18.0,0.18,20.81,66.61,1.0,0,0,3.0,0.17,5.0,13.0,4.0,9,6.0,0.0,4,False
4,5,1,5,2,8.0,3,0.3,4,2,2,0.67,11.0,1,0,5,1,13.59,16.25,3589.5,0.07,52.0,0.06,199.42,220.89,0.33,2,4,10.0,0.17,15.0,37.0,6.0,13,18.0,58.33,10,False
2,4,2,0,0,0.0,3,0.27,0,0,3,1.0,8.0,1,0,11,0,14.48,12.83,2384.98,0.06,43.0,0.08,132.5,185.84,0.33,0,0,7.0,0.16,11.0,32.0,6.0,14,19.0,0.0,11,False
0,3,0,2,0,4.0,2,0.29,2,2,1,0.5,6.0,1,0,5,3,12.44,9.0,1008.0,0.04,28.0,0.11,56.0,112.0,0.5,1,2,6.0,0.18,14.0,14.0,7.0,9,11.0,28.57,7,False
42,22,3,7,14,20.0,15,0.18,8,2,8,0.53,46.0,7,0,78,1,25.02,66.18,109551.27,0.55,307.0,0.02,6086.18,1655.44,0.47,6,10,33.0,0.1,90.0,217.0,17.0,25,143.0,21.21,85,False
18,9,2,5,8,16.0,5,0.17,8,2,2,0.4,19.0,1,0,25,0,20.05,21.25,9053.79,0.14,86.0,0.05,502.99,426.06,0.2,4,8,16.0,0.09,35.0,51.0,14.0,17,58.0,34.21,30,True
4,24,3,10,1,0.0,16,0.22,0,0,5,0.31,49.0,1,0,63,1,39.65,70.65,197911.74,0.93,454.0,0.01,10995.1,2801.15,0.06,0,0,35.0,0.2,167.0,287.0,39.0,33,80.0,14.86,73,False
1,3,1,0,0,0.0,2,0.18,0,0,2,1.0,8.0,1,0,11,1,18.29,7.0,896.0,0.04,32.0,0.14,49.78,128.0,0.5,0,0,8.0,0.15,14.0,18.0,8.0,8,13.0,0.0,11,False
3,19,12,0,5,0.0,10,0.25,0,0,8,0.8,62.0,3,0,40,2,45.51,39.03,69340.63,0.59,287.0,0.03,3852.26,1776.48,0.3,0,0,54.0,0.2,133.0,154.0,46.0,27,49.0,11.11,40,False
17,5,4,2,28,8.0,3,0.05,4,2,2,0.67,13.0,1,0,62,0,76.19,36.75,102930.76,0.93,451.0,0.03,5718.38,2800.46,0.33,2,4,12.0,0.03,163.0,288.0,51.0,23,111.0,32.61,64,False
22,19,0,9,39,34.0,10,0.14,16,2,1,0.1,39.0,5,0,63,2,26.57,33.75,30263.95,0.3,181.0,0.03,1681.33,896.71,0.5,9,17,31.0,0.07,72.0,109.0,16.0,15,136.0,43.24,72,False
8,3,7,0,8,4.0,2,0.15,2,2,2,1.0,11.0,1,0,13,0,35.04,3.85,519.3,0.04,33.0,0.26,28.85,134.89,0.5,1,2,11.0,0.06,11.0,22.0,10.0,7,31.0,38.1,13,True
1,3,4,0,0,0.0,2,0.2,0,0,2,1.0,10.0,1,0,10,2,20.81,9.0,1685.67,0.06,42.0,0.11,93.65,187.3,0.5,0,0,10.0,0.17,18.0,24.0,11.0,11,12.0,0.0,10,False
38,29,1,11,25,46.0,15,0.3,18,2,2,0.13,50.0,12,0,39,1,14.74,67.31,66759.69,0.33,189.0,0.01,3708.87,991.86,0.8,14,23,37.0,0.13,70.0,119.0,13.0,25,114.0,48.0,50,False
1,15,1,5,5,0.0,9,0.31,0,0,4,0.44,35.0,4,0,24,0,31.55,35.27,39260.76,0.37,190.0,0.03,2181.15,1113.02,0.44,0,0,28.0,0.25,81.0,109.0,31.0,27,36.0,29.41,29,False
2,13,8,2,0,0.0,8,0.21,0,0,8,1.0,33.0,5,0,37,1,34.99,21.11,15596.05,0.25,133.0,0.05,866.45,738.76,0.63,0,0,27.0,0.19,57.0,76.0,27.0,20,42.0,5.13,39,False
0,1,0,0,0,0.0,1,1.0,0,0,1,1.0,1.0,1,0,0,0,0.0,0.0,0.0,0.0,2.0,0.0,0.0,2.0,1.0,0,0,2.0,1.0,0.0,2.0,0.0,2,1.0,0.0,0,False
7,1,2,0,2,0.0,1,0.14,0,0,1,1.0,3.0,1,0,7,0,14.47,10.0,1446.79,0.05,38.0,0.1,80.38,144.68,1.0,0,0,4.0,0.06,8.0,30.0,4.0,10,18.0,22.22,7,False
0,1,0,0,0,0.0,1,0.5,0,0,1,1.0,1.0,1,0,2,1,7.75,2.0,31.02,0.01,6.0,0.5,1.72,15.51,1.0,0,0,2.0,0.25,2.0,4.0,2.0,4,4.0,0.0,2,False
4,1,1,1,1,0.0,1,0.17,0,0,1,1.0,2.0,1,0,5,1,13.88,5.6,435.17,0.03,21.0,0.18,24.18,77.71,1.0,0,0,3.0,0.08,7.0,14.0,5.0,8,13.0,28.57,6,True
2,1,0,0,2,0.0,1,0.05,0,0,1,1.0,1.0,1,0,21,2,27.02,35.67,34375.18,0.32,223.0,0.03,1909.73,963.79,1.0,0,0,2.0,0.04,107.0,116.0,12.0,8,28.0,8.7,21,False
0,21,2,0,0,0.0,11,1.0,0,0,3,0.27,39.0,5,0,0,3,0.0,0.0,0.0,0.0,0.0,0.0,0.0,0.0,0.45,0,0,30.0,0.31,0.0,0.0,0.0,0,35.0,0.0,0,False
16,11,0,3,23,20.0,6,0.2,10,2,1,0.17,22.0,1,0,27,0,23.05,32.11,23756.49,0.25,140.0,0.03,1319.81,739.96,0.17,5,10,18.0,0.08,61.0,79.0,19.0,20,71.0,49.06,30,False
17,9,3,9,8,14.0,5,0.11,6,2,3,0.6,21.0,3,0,38,0,27.67,39.26,42651.03,0.36,207.0,0.03,2369.5,1086.32,0.6,4,7,18.0,0.07,97.0,110.0,21.0,17,74.0,30.91,47,True
1,5,1,0,0,0.0,3,0.2,0,0,1,0.33,9.0,3,1,15,1,28.29,26.03,19171.54,0.25,146.0,0.04,1065.09,736.48,1.0,0,0,8.0,0.18,49.0,97.0,16.0,17,17.0,0.0,15,False
9,11,3,16,7,20.0,6,0.13,10,2,2,0.33,25.0,1,0,31,1,33.43,24.17,19526.57,0.27,148.0,0.04,1084.81,808.0,0.17,5,10,21.0,0.09,58.0,90.0,24.0,20,65.0,42.59,47,True
1,5,2,0,0,0.0,3,0.3,0,0,2,0.67,10.0,3,1,10,2,14.55,10.11,1487.96,0.05,33.0,0.1,82.66,147.16,1.0,0,0,9.0,0.25,14.0,19.0,9.0,13,12.0,0.0,10,False
5,1,2,0,1,0.0,1,0.17,0,0,1,1.0,3.0,1,0,6,1,19.22,6.19,735.95,0.04,28.0,0.16,40.89,118.94,1.0,0,0,4.0,0.07,9.0,19.0,8.0,11,14.0,14.29,6,False
2,1,2,4,0,0.0,1,0.17,0,0,1,1.0,3.0,1,0,2,1,16.78,6.29,663.06,0.04,27.0,0.16,36.84,105.49,1.0,0,0,4.0,0.1,11.0,16.0,7.0,8,10.0,66.67,6,False
1,13,5,0,0,0.0,7,0.37,0,0,4,0.57,28.0,7,1,19,1,26.05,18.0,8439.31,0.16,90.0,0.06,468.85,468.85,1.0,0,0,23.0,0.33,38.0,52.0,19.0,18,21.0,0.0,19,False
0,27,0,0,0,0.0,14,1.0,0,0,1,0.07,46.0,9,0,0,2,0.0,0.0,0.0,0.0,0.0,0.0,0.0,0.0,0.64,0,0,34.0,0.45,0.0,0.0,0.0,0,31.0,0.0,0,False
2,13,1,0,0,0.0,7,0.64,0,0,5,0.71,25.0,6,0,11,1,7.1,27.62,5419.98,0.07,48.0,0.04,301.11,196.2,0.86,0,0,20.0,0.5,17.0,31.0,4.0,13,14.0,0.0,11,False
3,3,1,0,1,4.0,2,0.29,2,2,2,1.0,7.0,1,0,7,0,9.04,6.13,339.02,0.02,16.0,0.16,18.83,55.35,0.5,1,2,7.0,0.15,7.0,9.0,4.0,7,13.0,12.5,7,False
1,3,2,0,0,4.0,2,0.25,2,2,2,1.0,6.0,1,0,8,1,19.98,10.23,2091.78,0.07,43.0,0.1,116.21,204.46,0.5,1,2,6.0,0.18,19.0,24.0,13.0,14,11.0,0.0,8,False
3,3,0,0,0,4.0,2,0.29,2,2,1,0.5,6.0,1,0,7,0,12.33,7.2,639.44,0.03,24.0,0.14,35.52,88.81,0.5,1,2,6.0,0.17,9.0,15.0,5.0,8,12.0,0.0,7,False
4,11,1,0,0,20.0,6,0.17,10,2,2,0.33,21.0,1,0,36,2,24.08,19.59,9246.17,0.16,92.0,0.05,513.67,471.89,0.17,5,10,17.0,0.14,33.0,59.0,16.0,19,43.0,0.0,36,False
8,1,4,0,4,0.0,1,0.17,0,0,1,1.0,5.0,1,0,6,0,22.5,2.0,90.0,0.02,15.0,0.5,5.0,45.0,1.0,0,0,6.0,0.05,4.0,11.0,4.0,4,20.0,40.0,6,False
6,5,1,1,2,8.0,3,0.2,4,2,2,0.67,11.0,1,0,14,0,12.24,14.57,2599.73,0.06,42.0,0.07,144.43,178.41,0.33,2,4,10.0,0.12,17.0,25.0,7.0,12,25.0,17.65,15,True
4,1,1,0,1,0.0,1,0.25,0,0,1,1.0,2.0,1,0,4,1,17.25,6.29,681.48,0.04,26.0,0.16,37.86,108.42,1.0,0,0,3.0,0.09,8.0,18.0,7.0,11,11.0,20.0,4,False
11,1,3,1,15,0.0,1,0.1,0,0,1,1.0,5.0,1,0,9,0,49.83,3.94,772.6,0.07,44.0,0.25,42.92,196.21,1.0,0,0,6.0,0.03,21.0,23.0,16.0,6,38.0,64.0,10,False
7,19,1,0,4,36.0,10,0.22,18,2,6,0.6,41.0,1,0,46,0,29.4,30.64,27606.4,0.3,194.0,0.03,1533.69,900.91,0.1,9,18,33.0,0.17,78.0,116.0,14.0,11,59.0,8.0,46,False
4,13,1,9,0,18.0,7,0.26,6,3,4,0.57,25.0,7,1,18,1,18.44,22.5,9335.36,0.14,96.0,0.04,518.63,414.91,1.0,6,9,20.0,0.21,30.0,66.0,8.0,12,33.0,33.33,27,True
9,11,3,3,10,16.0,6,0.29,6,2,4,0.67,24.0,6,1,18,5,19.55,75.6,111737.37,0.49,293.0,0.01,6207.63,1478.01,1.0,5,8,20.0,0.14,126.0,167.0,15.0,18,44.0,41.94,21,False
30,7,1,4,19,12.0,4,0.22,6,2,2,0.5,15.0,1,0,14,0,18.36,15.27,4283.4,0.09,62.0,0.07,237.97,280.46,0.25,3,6,13.0,0.05,28.0,34.0,11.0,12,75.0,62.16,18,False
6,3,2,0,30,0.0,2,0.14,0,0,1,0.5,7.0,1,0,14,1,16.16,12.14,2382.41,0.07,48.0,0.08,132.36,196.2,0.5,0,0,7.0,0.04,17.0,31.0,7.0,10,52.0,68.18,14,False
25,16,8,13,9,16.0,11,0.17,8,2,9,0.82,33.0,1,0,53,0,34.84,35.0,42678.84,0.41,197.0,0.03,2371.05,1219.4,0.09,4,8,24.0,0.11,76.0,121.0,38.0,35,102.0,29.33,66,True
15,15,2,2,12,22.0,8,0.32,8,2,3,0.38,24.0,5,0,23,0,18.33,33.85,21000.2,0.21,123.0,0.03,1166.68,620.46,0.63,7,11,18.0,0.15,44.0,79.0,13.0,20,54.0,37.84,25,False
13,3,6,0,6,4.0,2,0.11,2,2,2,1.0,13.0,1,0,19,0,41.39,9.75,3934.63,0.13,80.0,0.1,218.59,403.55,0.5,1,2,13.0,0.05,39.0,41.0,22.0,11,40.0,24.0,19,False
2,3,2,0,0,4.0,2,0.18,2,2,2,1.0,8.0,1,0,11,0,16.4,7.07,820.29,0.04,29.0,0.14,45.57,116.0,0.5,1,2,8.0,0.13,11.0,18.0,7.0,9,16.0,0.0,11,False
0,3,0,0,0,4.0,2,0.4,2,2,1,0.5,6.0,1,0,5,2,10.24,9.1,848.2,0.03,26.0,0.11,47.12,93.21,0.5,1,2,6.0,0.22,13.0,13.0,5.0,7,9.0,0.0,5,False
13,18,7,18,7,26.0,10,0.16,12,2,8,0.8,43.0,1,0,44,0,41.18,29.46,35752.82,0.4,215.0,0.03,1986.27,1213.43,0.1,7,13,35.0,0.12,75.0,140.0,28.0,22,84.0,36.23,62,True
0,1,1,0,0,0.0,1,0.5,0,0,1,1.0,2.0,1,0,2,2,11.65,4.0,186.42,0.02,13.0,0.25,10.36,46.6,1.0,0,0,3.0,0.25,4.0,9.0,4.0,8,4.0,0.0,2,False
9,7,1,0,0,10.0,4,0.21,4,2,2,0.5,13.0,1,0,19,1,11.75,19.5,4466.71,0.08,53.0,0.05,248.15,229.06,0.25,3,5,11.0,0.13,13.0,40.0,5.0,15,30.0,0.0,19,False
1,5,3,0,0,0.0,3,0.3,0,0,2,0.67,10.0,3,1,10,1,22.3,11.0,2698.79,0.08,50.0,0.09,149.93,245.34,1.0,0,0,9.0,0.25,22.0,28.0,15.0,15,12.0,0.0,10,False
7,1,2,0,10,0.0,1,0.17,0,0,1,1.0,5.0,1,0,6,0,29.7,3.33,329.97,0.03,26.0,0.3,18.33,98.99,1.0,0,0,6.0,0.04,12.0,14.0,9.0,5,25.0,62.5,6,False
1,11,4,0,0,0.0,6,0.5,0,0,5,0.83,26.0,1,0,12,0,22.95,14.44,4783.7,0.11,78.0,0.07,265.76,331.34,0.17,0,0,22.0,0.32,21.0,57.0,8.0,11,19.0,0.0,12,False
10,3,1,2,13,4.0,2,0.1,2,2,1,0.5,8.0,1,0,19,0,22.99,23.11,12280.56,0.18,130.0,0.04,682.25,531.37,0.5,1,2,8.0,0.04,52.0,78.0,9.0,8,45.0,44.12,21,False
14,9,1,6,12,16.0,5,0.13,8,2,2,0.4,18.0,1,0,32,0,16.9,44.55,33544.41,0.25,152.0,0.02,1863.58,753.04,0.2,4,8,15.0,0.08,49.0,103.0,11.0,20,66.0,36.0,38,True
1,10,2,2,0,10.0,6,0.27,4,2,3,0.5,20.0,6,1,20,3,20.33,20.54,8574.62,0.14,79.0,0.05,476.37,417.55,1.0,3,5,16.0,0.23,23.0,56.0,14.0,25,26.0,9.09,22,False
0,1,1,0,0,0.0,1,0.17,0,0,1,1.0,2.0,1,0,6,1,15.86,3.5,194.27,0.02,15.0,0.29,10.79,55.51,1.0,0,0,3.0,0.13,6.0,9.0,6.0,7,8.0,0.0,6,False
0,1,1,0,0,0.0,1,0.33,0,0,1,1.0,3.0,1,0,3,0,11.63,2.0,46.53,0.01,9.0,0.5,2.58,23.26,1.0,0,0,4.0,0.2,4.0,5.0,3.0,3,5.0,0.0,3,False
5,1,1,0,1,0.0,1,0.14,0,0,1,1.0,2.0,1,0,7,1,17.36,6.75,791.15,0.04,30.0,0.15,43.95,117.21,1.0,0,0,3.0,0.07,9.0,21.0,6.0,9,15.0,12.5,7,False
10,15,2,3,9,24.0,8,0.32,10,2,4,0.5,26.0,1,0,22,0,15.63,41.67,27127.69,0.22,142.0,0.02,1507.09,651.06,0.13,7,12,20.0,0.17,50.0,92.0,9.0,15,46.0,35.29,25,False
8,11,5,0,5,18.0,6,0.17,8,2,4,0.67,28.0,3,0,35,0,32.04,22.26,15883.78,0.24,135.0,0.04,882.43,713.53,0.5,5,9,24.0,0.12,64.0,71.0,23.0,16,50.0,12.5,35,False
0,3,0,0,0,4.0,2,0.29,2,2,1,0.5,7.0,1,0,7,3,12.05,11.9,1706.44,0.05,40.0,0.08,94.8,143.4,0.5,1,2,7.0,0.22,17.0,23.0,5.0,7,9.0,0.0,7,False
7,5,1,2,2,8.0,3,0.27,4,2,2,0.67,9.0,1,0,9,0,10.83,19.25,4012.87,0.07,51.0,0.05,222.94,208.46,0.33,2,4,8.0,0.14,21.0,30.0,6.0,11,22.0,30.77,11,False
24,15,4,7,14,26.0,8,0.13,12,2,7,0.88,37.0,4,0,53,0,32.84,38.14,47779.28,0.42,237.0,0.03,2654.4,1252.64,0.5,7,13,31.0,0.08,89.0,148.0,21.0,18,100.0,28.38,60,False
1,1,0,0,4,4.0,1,0.14,2,2,1,1.0,1.0,1,0,7,0,12.14,6.4,497.34,0.03,21.0,0.16,27.63,77.71,1.0,1,2,2.0,0.07,8.0,13.0,5.0,8,14.0,36.36,7,False
0,1,3,0,0,0.0,1,0.17,0,0,1,1.0,4.0,1,0,6,2,22.59,2.86,184.37,0.02,18.0,0.35,10.24,64.53,1.0,0,0,5.0,0.14,8.0,10.0,7.0,5,7.0,0.0,6,False
4,41,23,4,3,0.0,21,0.28,0,0,20,0.95,123.0,11,0,71,1,65.4,42.25,116749.16,0.92,430.0,0.02,6486.06,2763.29,0.52,0,0,104.0,0.25,195.0,235.0,60.0,26,83.0,8.97,75,False
3,3,0,0,0,4.0,2,0.15,2,2,1,0.5,6.0,1,0,13,0,12.62,8.8,976.92,0.04,30.0,0.11,54.27,111.01,0.5,1,2,6.0,0.11,11.0,19.0,5.0,8,19.0,0.0,13,False
1,7,2,0,0,0.0,4,0.5,0,0,3,0.75,16.0,1,0,8,0,17.15,11.92,2435.45,0.07,50.0,0.08,135.3,204.37,0.25,0,0,14.0,0.27,13.0,37.0,6.0,11,15.0,0.0,8,False
1,3,2,0,0,4.0,2,0.17,2,2,2,1.0,7.0,1,0,12,1,36.8,7.33,1979.11,0.09,55.0,0.14,109.95,269.88,0.5,1,2,7.0,0.13,22.0,33.0,18.0,12,15.0,0.0,12,False
19,15,1,6,11,22.0,8,0.12,8,2,5,0.63,31.0,8,1,60,1,41.36,32.0,42352.03,0.44,256.0,0.03,2352.89,1323.5,1.0,7,11,25.0,0.08,80.0,176.0,20.0,16,98.0,22.08,66,True
12,5,2,0,13,8.0,3,0.27,4,2,1,0.33,11.0,1,0,11,0,27.67,6.54,1183.09,0.06,40.0,0.15,65.73,180.94,0.33,2,4,10.0,0.08,17.0,23.0,13.0,10,37.0,54.17,11,False
0,1,0,0,0,0.0,1,0.5,0,0,1,1.0,1.0,1,0,2,0,14.8,4.0,236.83,0.02,16.0,0.25,13.16,59.21,1.0,0,0,2.0,0.25,5.0,11.0,5.0,8,4.0,0.0,2,False
5,15,2,7,3,20.0,8,0.21,6,3,1,0.13,29.0,8,1,31,4,27.2,53.67,78353.33,0.49,292.0,0.02,4352.96,1460.0,1.0,7,10,23.0,0.16,138.0,154.0,18.0,14,50.0,24.39,38,False
2,5,1,1,1,6.0,3,0.17,2,3,2,0.67,8.0,3,1,17,1,15.99,12.44,2476.9,0.07,44.0,0.08,137.61,199.04,1.0,2,3,7.0,0.13,16.0,28.0,9.0,14,23.0,10.53,18,False
4,25,7,1,0,0.0,13,0.45,0,0,12,0.92,61.0,1,0,28,0,42.71,21.6,19924.88,0.31,194.0,0.05,1106.94,922.45,0.08,0,0,50.0,0.33,54.0,140.0,15.0,12,39.0,3.45,29,False
9,1,0,4,4,0.0,1,0.05,0,0,1,1.0,1.0,1,0,15,0,39.41,17.0,11388.28,0.22,155.0,0.06,632.68,669.9,1.0,0,0,2.0,0.03,51.0,104.0,12.0,8,34.0,34.78,19,False
0,1,1,0,0,0.0,1,0.25,0,0,1,1.0,2.0,1,0,4,0,15.74,5.71,513.85,0.03,22.0,0.18,28.55,89.92,1.0,0,0,3.0,0.17,8.0,14.0,7.0,10,6.0,0.0,4,False
0,3,1,0,0,0.0,2,1.0,0,0,1,0.5,6.0,1,0,0,1,0.0,0.0,0.0,0.0,0.0,0.0,0.0,0.0,0.5,0,0,6.0,0.29,0.0,0.0,0.0,0,7.0,0.0,0,False
1,5,0,0,0,6.0,3,0.3,2,3,1,0.33,8.0,3,1,10,0,12.94,11.38,1673.96,0.05,33.0,0.09,93.0,147.16,1.0,2,3,7.0,0.23,13.0,20.0,8.0,14,13.0,0.0,10,False
0,3,0,0,0,4.0,2,0.5,2,2,1,0.5,5.0,1,0,4,3,10.75,4.0,172.08,0.01,12.0,0.25,9.56,43.02,0.5,1,2,5.0,0.33,4.0,8.0,4.0,8,6.0,0.0,4,False
0,1,0,0,0,0.0,1,1.0,0,0,1,1.0,1.0,1,0,0,0,5.8,2.0,23.22,0.0,5.0,0.5,1.29,11.61,1.0,0,0,2.0,1.0,1.0,4.0,1.0,4,1.0,0.0,0,False
2,1,2,0,0,0.0,1,0.17,0,0,1,1.0,3.0,1,0,6,0,15.42,4.8,355.24,0.02,20.0,0.21,19.74,74.01,1.0,0,0,4.0,0.1,6.0,14.0,5.0,8,10.0,0.0,6,False
31,28,5,1,6,28.0,19,0.23,12,2,12,0.63,65.0,4,0,82,1,30.56,55.32,93527.72,0.56,274.0,0.02,5195.98,1690.56,0.21,8,14,48.0,0.15,99.0,175.0,34.0,38,123.0,7.87,83,False
19,43,11,3,8,52.0,27,0.18,24,2,21,0.78,113.0,11,0,145,0,82.59,47.25,184399.83,1.3,565.0,0.02,10244.44,3902.39,0.41,14,26,88.0,0.15,212.0,353.0,83.0,37,177.0,7.05,148,False
1,7,3,0,0,0.0,4,0.4,0,0,3,0.75,16.0,1,0,10,0,21.62,13.0,3654.41,0.09,64.0,0.08,203.02,281.11,0.25,0,0,14.0,0.24,16.0,48.0,8.0,13,17.0,0.0,10,False
4,9,4,0,0,16.0,5,0.5,8,2,4,0.8,21.0,1,0,10,0,22.9,11.69,3127.8,0.09,63.0,0.09,173.77,267.62,0.2,4,8,18.0,0.25,17.0,46.0,8.0,11,20.0,0.0,10,False
27,37,9,68,28,70.0,19,0.12,34,2,5,0.26,114.0,3,0,92,0,85.05,84.51,607387.78,2.4,1094.0,0.01,33743.77,7187.42,0.16,18,35,97.0,0.09,500.0,594.0,71.0,24,217.0,51.06,160,True
1,3,1,0,0,4.0,2,0.29,2,2,1,0.5,7.0,1,0,7,0,13.2,6.67,586.67,0.03,22.0,0.15,32.59,88.0,0.5,1,2,7.0,0.2,8.0,14.0,6.0,10,10.0,0.0,7,False
21,9,9,3,13,16.0,5,0.15,8,2,5,1.0,28.0,1,0,30,0,56.41,11.81,7874.42,0.22,127.0,0.08,437.47,666.49,0.2,4,8,25.0,0.07,58.0,69.0,27.0,11,69.0,34.78,33,True
0,13,0,0,0,0.0,7,1.0,0,0,1,0.14,21.0,6,0,0,2,0.0,0.0,0.0,0.0,0.0,0.0,0.0,0.0,0.86,0,0,16.0,0.7,0.0,0.0,0.0,0,10.0,0.0,0,False
23,11,5,1,7,8.0,8,0.18,4,2,5,0.63,24.0,1,0,44,1,33.34,24.87,20623.58,0.28,151.0,0.04,1145.75,829.27,0.13,2,4,18.0,0.1,52.0,99.0,23.0,22,77.0,15.38,45,False
0,7,6,0,0,0.0,4,1.0,0,0,3,0.75,19.0,3,0,0,2,0.0,0.0,0.0,0.0,0.0,0.0,0.0,0.0,0.75,0,0,17.0,0.19,0.0,0.0,0.0,0,21.0,0.0,0,False
24,22,9,3,2,8.0,17,0.24,2,4,12,0.71,48.0,4,0,67,0,42.41,34.11,49333.63,0.48,236.0,0.03,2740.76,1446.51,0.24,3,4,33.0,0.17,81.0,155.0,38.0,32,98.0,6.94,70,False
0,19,1,0,0,0.0,5,1.0,0,0,2,0.4,38.0,4,0,0,0,0.0,0.0,0.0,0.0,0.0,0.0,0.0,0.0,0.8,0,0,30.0,0.04,0.0,0.0,0.0,0,135.0,0.0,0,False
8,3,0,0,2,4.0,2,0.07,2,2,1,0.5,6.0,1,0,28,0,45.76,22.9,24004.59,0.35,206.0,0.04,1333.59,1048.02,0.5,1,2,6.0,0.05,74.0,132.0,21.0,13,40.0,6.67,28,False
6,3,2,2,4,4.0,2,0.11,2,2,2,1.0,8.0,1,0,16,0,26.74,12.83,4403.53,0.11,73.0,0.08,244.64,343.13,0.5,1,2,8.0,0.07,22.0,51.0,12.0,14,30.0,27.27,18,True
1,3,1,0,0,4.0,2,0.17,2,2,1,0.5,7.0,1,0,12,2,18.37,25.65,12086.9,0.16,97.0,0.04,671.49,471.22,0.5,1,2,7.0,0.13,27.0,70.0,10.0,19,16.0,0.0,12,False
8,52,13,0,11,0.0,28,0.45,0,0,17,0.61,108.0,22,0,62,2,46.13,44.69,92128.28,0.69,328.0,0.02,5118.24,2061.61,0.79,0,0,82.0,0.34,143.0,185.0,48.0,30,82.0,15.07,62,False
8,15,3,2,2,26.0,8,0.4,10,2,4,0.5,26.0,5,0,18,1,18.74,26.0,12669.33,0.16,95.0,0.04,703.85,487.28,0.63,8,13,20.0,0.2,39.0,56.0,15.0,20,41.0,18.18,20,False
28,31,6,5,35,54.0,16,0.16,24,2,9,0.56,59.0,8,0,95,2,50.7,37.73,72190.59,0.64,334.0,0.03,4010.59,1913.13,0.5,15,27,45.0,0.1,115.0,219.0,32.0,21,166.0,29.63,100,False
19,9,4,2,5,16.0,5,0.11,8,2,5,1.0,23.0,1,0,44,0,42.42,33.07,46402.42,0.47,254.0,0.03,2577.91,1402.98,0.2,4,8,20.0,0.07,94.0,160.0,27.0,19,72.0,13.73,46,False
3,4,3,0,1,0.0,3,0.15,0,0,3,1.0,9.0,1,0,20,1,27.92,10.27,2942.64,0.1,59.0,0.1,163.48,286.62,0.33,0,0,8.0,0.12,22.0,37.0,15.0,14,26.0,4.76,20,False
7,7,1,2,3,10.0,4,0.33,4,2,2,0.5,11.0,1,0,10,0,10.98,24.0,6324.94,0.09,60.0,0.04,351.39,263.54,0.25,3,5,9.0,0.17,24.0,36.0,7.0,14,24.0,33.33,12,False
1,7,0,0,0,0.0,4,0.44,0,0,1,0.25,10.0,4,1,9,1,17.43,12.28,2628.09,0.07,48.0,0.08,146.01,214.05,1.0,0,0,8.0,0.36,17.0,31.0,9.0,13,11.0,0.0,9,False
10,11,2,3,5,20.0,6,0.21,10,2,5,0.83,23.0,1,0,25,1,25.22,24.0,14527.86,0.2,120.0,0.04,807.1,605.33,0.17,5,10,19.0,0.13,40.0,80.0,15.0,18,45.0,24.24,28,False
1,5,1,0,0,6.0,3,0.19,2,3,2,0.67,8.0,3,1,16,1,18.11,10.83,2125.66,0.07,44.0,0.09,118.09,196.21,1.0,2,3,7.0,0.16,15.0,29.0,9.0,13,19.0,0.0,16,False
4,27,5,0,13,0.0,14,0.41,0,0,14,1.0,61.0,14,1,34,4,36.12,34.34,42589.6,0.41,230.0,0.03,2366.09,1240.23,1.0,0,0,49.0,0.22,101.0,129.0,25.0,17,65.0,27.66,34,False
1,11,4,0,0,0.0,6,0.5,0,0,5,0.83,26.0,1,0,12,0,22.66,14.44,4722.37,0.11,77.0,0.07,262.35,327.09,0.17,0,0,22.0,0.32,21.0,56.0,8.0,11,19.0,0.0,12,False
6,17,2,3,0,0.0,9,0.33,0,0,2,0.22,36.0,5,0,24,2,20.73,30.36,19100.2,0.21,127.0,0.03,1061.12,629.18,0.56,0,0,29.0,0.26,50.0,77.0,14.0,17,34.0,11.11,27,False
1,3,2,1,0,0.0,2,0.29,0,0,2,1.0,7.0,1,0,6,0,16.37,6.87,774.04,0.04,27.0,0.15,43.0,112.59,0.5,0,0,7.0,0.2,11.0,16.0,8.0,10,10.0,14.29,7,False
4,1,2,0,0,0.0,1,0.1,0,0,1,1.0,3.0,1,0,10,0,29.93,8.88,2362.67,0.09,58.0,0.11,131.26,265.93,1.0,0,0,4.0,0.06,21.0,37.0,13.0,11,16.0,0.0,10,False
2,1,1,0,1,0.0,1,0.33,0,0,1,1.0,2.0,1,0,3,0,10.8,2.5,67.5,0.01,9.0,0.4,3.75,27.0,1.0,0,0,3.0,0.13,3.0,6.0,3.0,5,8.0,25.0,3,False
45,30,5,3,36,52.0,16,0.27,26,2,13,0.81,69.0,16,1,57,0,24.44,62.25,94697.4,0.51,277.0,0.02,5260.97,1521.24,1.0,13,26,55.0,0.11,83.0,194.0,18.0,27,150.0,40.63,60,False
2,5,2,0,0,4.0,3,0.33,2,2,2,0.67,10.0,1,0,9,0,12.8,5.6,401.52,0.02,20.0,0.18,22.31,71.7,0.33,1,2,9.0,0.23,8.0,12.0,5.0,7,13.0,0.0,9,False
1,1,3,0,0,0.0,1,0.2,0,0,1,1.0,5.0,1,0,5,0,25.0,1.8,81.0,0.02,15.0,0.56,4.5,45.0,1.0,0,0,6.0,0.13,6.0,9.0,5.0,3,8.0,0.0,5,False
23,21,2,13,15,40.0,11,0.14,20,2,8,0.73,44.0,1,0,66,0,44.4,36.47,59060.03,0.54,321.0,0.03,3281.11,1619.25,0.09,10,20,35.0,0.09,99.0,222.0,19.0,14,119.0,29.79,79,True
2,3,4,1,0,4.0,2,0.17,2,2,2,1.0,8.0,1,0,11,1,27.68,8.25,1884.3,0.08,52.0,0.12,104.68,228.4,0.5,1,2,8.0,0.13,15.0,37.0,10.0,11,16.0,8.33,12,True
6,37,2,6,4,60.0,19,0.23,24,2,2,0.11,63.0,18,0,75,1,38.0,40.44,62131.34,0.51,267.0,0.02,3451.74,1536.55,0.95,18,30,46.0,0.2,109.0,158.0,31.0,23,93.0,11.76,81,False
1,1,1,0,0,0.0,1,0.5,0,0,1,1.0,2.0,1,0,2,0,7.75,2.0,31.02,0.01,6.0,0.5,1.72,15.51,1.0,0,0,3.0,0.2,2.0,4.0,2.0,4,5.0,0.0,2,False
0,27,1,0,0,0.0,1,1.0,0,0,1,1.0,56.0,1,0,0,0,0.0,0.0,0.0,0.0,0.0,0.0,0.0,0.0,1.0,0,0,44.0,0.0,0.0,0.0,0.0,0,802.0,0.0,0,False
9,11,2,0,3,22.0,6,0.29,10,2,1,0.17,23.0,1,0,21,0,15.38,23.25,8313.66,0.12,77.0,0.04,461.87,357.58,0.17,6,11,19.0,0.17,31.0,46.0,10.0,15,35.0,12.5,21,False
0,13,0,0,0,0.0,7,1.0,0,0,1,0.14,21.0,7,1,0,1,0.0,0.0,0.0,0.0,0.0,0.0,0.0,0.0,1.0,0,0,16.0,0.47,0.0,0.0,0.0,0,15.0,0.0,0,False
11,1,5,0,21,0.0,1,0.08,0,0,1,1.0,11.0,1,0,12,0,49.84,4.47,996.88,0.07,48.0,0.22,55.38,222.91,1.0,0,0,12.0,0.02,23.0,25.0,18.0,7,46.0,63.64,12,False
2,1,2,3,0,0.0,1,0.2,0,0,1,1.0,3.0,1,0,2,1,13.96,6.0,502.57,0.03,22.0,0.17,27.92,83.76,1.0,0,0,4.0,0.11,9.0,13.0,6.0,8,9.0,60.0,5,False
0,69,8,0,0,0.0,35,1.0,0,0,11,0.31,141.0,19,0,0,3,0.0,0.0,0.0,0.0,0.0,0.0,0.0,0.0,0.54,0,0,108.0,0.44,0.0,0.0,0.0,0,80.0,0.0,0,False
23,3,9,0,11,4.0,2,0.06,2,2,2,1.0,15.0,1,0,31,1,53.71,11.17,6703.96,0.2,112.0,0.09,372.44,600.05,0.5,1,2,15.0,0.03,54.0,58.0,29.0,12,67.0,26.19,31,True
2,17,4,2,0,0.0,9,0.45,0,0,6,0.67,37.0,9,1,18,0,24.69,20.15,10026.48,0.17,110.0,0.05,557.03,497.59,1.0,0,0,30.0,0.32,31.0,79.0,10.0,13,28.0,10.0,20,False
2,1,1,0,1,0.0,1,0.33,0,0,1,1.0,2.0,1,0,3,0,10.8,2.5,67.5,0.01,9.0,0.4,3.75,27.0,1.0,0,0,3.0,0.13,3.0,6.0,3.0,5,8.0,25.0,3,False
19,27,3,3,17,40.0,14,0.44,14,2,5,0.36,40.0,6,0,29,0,24.53,33.19,27014.43,0.27,160.0,0.03,1500.8,813.99,0.43,13,20,28.0,0.2,59.0,101.0,16.0,18,70.0,40.82,32,False
0,1,0,0,0,0.0,1,0.5,0,0,1,1.0,1.0,1,0,2,1,9.06,3.5,110.95,0.01,10.0,0.29,6.16,31.7,1.0,0,0,2.0,0.25,2.0,8.0,2.0,7,4.0,0.0,2,False
0,1,0,0,0,0.0,1,0.5,0,0,1,1.0,1.0,1,0,2,0,5.33,1.5,12.0,0.0,4.0,0.67,0.67,8.0,1.0,0,0,2.0,0.25,1.0,3.0,1.0,3,4.0,0.0,2,False
1,1,1,0,0,0.0,1,0.1,0,0,1,1.0,2.0,1,0,10,2,15.9,6.43,656.91,0.03,25.0,0.16,36.5,102.19,1.0,0,0,3.0,0.08,9.0,16.0,7.0,10,12.0,0.0,10,False
2,1,2,2,0,0.0,1,0.2,0,0,1,1.0,3.0,1,0,3,1,10.76,5.25,296.48,0.02,17.0,0.19,16.47,56.47,1.0,0,0,4.0,0.11,7.0,10.0,4.0,6,9.0,40.0,5,False
1,13,4,0,0,0.0,7,0.35,0,0,3,0.43,32.0,4,0,20,2,31.12,20.24,12744.97,0.21,120.0,0.05,708.05,629.75,0.57,0,0,27.0,0.32,50.0,70.0,21.0,17,22.0,0.0,20,False
15,3,4,1,2,4.0,2,0.22,2,2,2,1.0,8.0,1,0,8,0,21.15,4.5,428.33,0.03,25.0,0.22,23.8,95.18,0.5,1,2,8.0,0.07,9.0,16.0,7.0,7,28.0,27.27,9,False
4,1,1,0,1,0.0,1,0.14,0,0,1,1.0,2.0,1,0,7,1,18.28,7.5,1027.99,0.05,36.0,0.13,57.11,137.06,1.0,0,0,3.0,0.07,15.0,21.0,7.0,7,14.0,12.5,7,False
9,13,3,3,1,24.0,7,0.23,12,2,4,0.57,30.0,4,0,27,0,32.56,15.0,7325.95,0.16,96.0,0.07,407.0,488.4,0.57,6,12,25.0,0.17,38.0,58.0,19.0,15,42.0,12.9,30,False
31,24,2,1,8,14.0,19,0.24,6,2,18,0.95,58.0,1,0,79,0,29.08,53.32,82676.06,0.52,267.0,0.02,4593.11,1550.56,0.05,4,7,41.0,0.16,86.0,181.0,25.0,31,122.0,10.23,80,False
35,75,12,3,64,116.0,38,0.26,42,2,15,0.39,126.0,32,0,143,1,57.76,57.9,193623.35,1.11,542.0,0.02,10756.85,3344.1,0.84,37,59,90.0,0.15,193.0,349.0,45.0,27,247.0,31.9,146,False
37,1,10,0,7,0.0,1,0.01,0,0,1,1.0,107.0,1,0,107,0,1028.47,10.4,111346.25,3.57,1364.0,0.1,6185.9,10701.25,1.0,0,0,108.0,0.01,511.0,853.0,221.0,9,153.0,6.14,107,False
21,19,3,6,10,32.0,10,0.2,14,2,5,0.5,39.0,3,0,44,0,24.34,46.75,53191.17,0.38,211.0,0.02,2955.06,1137.78,0.3,9,16,31.0,0.12,85.0,126.0,20.0,22,83.0,26.67,50,False
2,1,0,0,0,0.0,1,0.33,0,0,1,1.0,1.0,1,0,3,0,8.98,2.5,56.15,0.01,8.0,0.4,3.12,22.46,1.0,0,0,2.0,0.14,2.0,6.0,2.0,5,7.0,0.0,3,False
3,1,0,0,0,0.0,1,0.33,0,0,1,1.0,1.0,1,0,3,4,12.85,3.5,157.4,0.01,13.0,0.29,8.74,44.97,1.0,0,0,2.0,0.08,4.0,9.0,4.0,7,12.0,0.0,3,False
4,3,2,0,2,4.0,2,0.18,2,2,2,1.0,8.0,1,0,11,0,15.45,11.0,1869.09,0.06,40.0,0.09,103.84,169.92,0.5,1,2,8.0,0.11,16.0,24.0,8.0,11,19.0,15.38,11,False
4,1,2,0,6,0.0,1,0.17,0,0,1,1.0,5.0,1,0,6,0,24.59,4.05,405.89,0.03,27.0,0.25,22.55,99.91,1.0,0,0,6.0,0.06,13.0,14.0,8.0,5,18.0,50.0,6,False
28,9,4,5,23,16.0,5,0.14,8,2,5,1.0,23.0,1,0,32,2,39.89,20.67,17036.72,0.27,168.0,0.05,946.48,824.36,0.2,4,8,20.0,0.06,62.0,106.0,18.0,12,89.0,46.67,37,False
2,1,1,0,1,0.0,1,0.5,0,0,1,1.0,2.0,1,0,2,0,7.75,2.0,31.02,0.01,6.0,0.5,1.72,15.51,1.0,0,0,3.0,0.14,2.0,4.0,2.0,4,7.0,33.33,2,False
2,5,2,0,0,8.0,3,0.5,4,2,2,0.67,11.0,1,0,6,0,18.13,7.5,1020.0,0.05,34.0,0.13,56.67,136.0,0.33,2,4,10.0,0.21,9.0,25.0,6.0,10,14.0,0.0,6,False
0,12,1,3,0,14.0,7,0.44,6,2,2,0.29,19.0,5,0,13,2,22.03,12.0,3172.85,0.09,55.0,0.08,176.27,264.4,0.71,4,7,14.0,0.39,18.0,37.0,12.0,16,18.0,18.75,16,False
2,11,3,0,0,16.0,6,0.29,6,2,3,0.5,21.0,3,0,21,0,18.85,20.3,7766.26,0.13,74.0,0.05,431.46,382.57,0.5,5,8,17.0,0.24,29.0,45.0,15.0,21,25.0,0.0,21,False
0,1,1,0,0,0.0,1,0.5,0,0,1,1.0,3.0,1,0,2,0,16.74,7.0,820.45,0.04,30.0,0.14,45.58,117.21,1.0,0,0,4.0,0.2,7.0,23.0,5.0,10,5.0,0.0,2,False
1,7,3,0,0,0.0,4,0.5,0,0,3,0.75,16.0,1,0,8,0,20.0,10.21,2087.05,0.07,49.0,0.1,115.95,204.33,0.25,0,0,14.0,0.27,13.0,36.0,7.0,11,15.0,0.0,8,False
8,11,2,0,4,18.0,6,0.19,8,2,4,0.67,23.0,5,0,32,0,34.06,15.11,7772.08,0.17,102.0,0.07,431.78,514.53,0.83,5,9,19.0,0.13,41.0,61.0,19.0,14,46.0,11.11,32,False
1,11,1,0,0,0.0,6,0.26,0,0,2,0.33,25.0,5,0,23,4,20.3,22.0,9823.92,0.15,95.0,0.05,545.77,446.54,0.83,0,0,21.0,0.24,44.0,51.0,13.0,13,25.0,0.0,23,False
30,61,12,4,60,98.0,31,0.24,38,2,13,0.42,108.0,23,0,127,1,49.33,58.5,168831.0,0.96,481.0,0.02,9379.5,2886.0,0.74,30,50,79.0,0.14,171.0,310.0,38.0,26,223.0,33.51,131,False
8,7,1,3,5,12.0,4,0.18,6,2,3,0.75,15.0,1,0,19,0,16.19,29.32,13918.64,0.16,101.0,0.03,773.26,474.74,0.25,3,6,13.0,0.11,43.0,58.0,11.0,15,37.0,29.63,22,False
0,3,0,0,0,0.0,2,1.0,0,0,1,0.5,6.0,1,0,0,0,9.51,4.0,152.16,0.01,12.0,0.25,8.45,38.04,0.5,0,0,6.0,2.0,4.0,8.0,3.0,6,1.0,0.0,0,False
0,5,1,1,2,8.0,3,0.3,4,2,2,0.67,9.0,1,0,9,3,18.87,7.8,1147.86,0.05,33.0,0.13,63.77,147.16,0.33,2,4,8.0,0.21,13.0,20.0,10.0,12,14.0,25.0,10,False
18,27,6,2,13,0.0,16,0.25,0,0,8,0.5,59.0,5,0,62,1,36.04,49.78,89317.82,0.6,305.0,0.02,4962.1,1794.21,0.31,0,0,45.0,0.15,118.0,187.0,32.0,27,110.0,19.48,64,False
0,3,1,0,9,4.0,2,0.29,2,2,1,0.5,6.0,1,0,7,3,9.82,11.0,1188.0,0.04,27.0,0.09,66.0,108.0,0.5,1,2,6.0,0.11,10.0,17.0,5.0,11,18.0,56.25,7,False
3,3,1,0,0,4.0,2,0.33,2,2,1,0.5,6.0,1,0,6,2,13.83,11.25,1750.38,0.05,36.0,0.09,97.24,155.59,0.5,1,2,6.0,0.2,15.0,21.0,8.0,12,10.0,0.0,6,False
4,1,0,0,1,0.0,1,0.25,0,0,1,1.0,1.0,1,0,4,1,23.44,4.0,375.06,0.03,24.0,0.25,20.84,93.77,1.0,0,0,2.0,0.09,7.0,17.0,7.0,8,11.0,20.0,4,False
2,1,2,2,0,0.0,1,0.2,0,0,1,1.0,3.0,1,0,3,1,11.59,4.38,221.89,0.02,16.0,0.23,12.33,50.72,1.0,0,0,4.0,0.11,7.0,9.0,4.0,5,9.0,40.0,5,False
4,7,2,0,2,12.0,4,0.27,6,2,3,0.75,15.0,1,0,15,0,21.94,10.5,2418.38,0.08,49.0,0.1,134.35,230.32,0.25,3,6,13.0,0.17,21.0,28.0,13.0,13,23.0,11.76,15,False
2,1,0,0,0,0.0,1,0.11,0,0,1,1.0,1.0,1,0,9,0,15.4,11.0,1863.6,0.06,51.0,0.09,103.53,169.42,1.0,0,0,2.0,0.08,22.0,29.0,5.0,5,13.0,0.0,9,False
0,46,19,0,0,82.0,29,1.0,34,2,26,0.9,96.0,5,0,0,0,0.0,0.0,0.0,0.0,0.0,0.0,0.0,0.0,0.17,24,41,69.0,0.16,0.0,0.0,0.0,0,176.0,0.0,0,False
5,15,5,0,3,0.0,8,0.21,0,0,8,1.0,42.0,1,0,39,3,35.89,25.54,23410.95,0.31,170.0,0.04,1300.61,916.69,0.13,0,0,36.0,0.17,83.0,87.0,26.0,16,48.0,7.14,39,False
0,3,1,0,0,0.0,2,0.4,0,0,2,1.0,6.0,1,0,5,3,15.5,4.67,337.59,0.02,19.0,0.21,18.75,72.34,0.5,0,0,6.0,0.33,7.0,12.0,6.0,8,6.0,0.0,5,False
12,13,2,3,11,0.0,7,0.22,0,0,5,0.71,37.0,7,1,29,0,21.47,27.69,16463.18,0.2,120.0,0.04,914.62,594.5,1.0,0,0,32.0,0.11,40.0,80.0,13.0,18,61.0,32.56,32,False
5,7,2,1,4,12.0,4,0.36,6,2,2,0.5,15.0,1,0,10,1,19.92,15.0,4481.73,0.1,67.0,0.07,248.98,298.78,0.25,3,6,13.0,0.18,25.0,42.0,10.0,12,22.0,33.33,11,False
5,1,1,0,0,0.0,1,0.09,0,0,1,1.0,2.0,1,0,11,1,21.27,10.0,2126.66,0.07,51.0,0.1,118.15,212.67,1.0,0,0,3.0,0.06,16.0,35.0,8.0,10,18.0,0.0,11,False
0,3,0,0,0,0.0,2,1.0,0,0,1,0.5,6.0,1,0,0,0,13.29,3.0,119.59,0.01,12.0,0.33,6.64,39.86,0.5,0,0,6.0,2.0,4.0,8.0,4.0,6,1.0,0.0,0,False
7,3,2,0,1,4.0,2,0.15,2,2,1,0.5,8.0,1,0,13,0,22.09,9.55,2012.48,0.07,48.0,0.1,111.8,210.83,0.5,1,2,8.0,0.09,21.0,27.0,11.0,10,23.0,7.14,13,False
3,3,0,3,1,4.0,2,0.17,2,2,1,0.5,6.0,1,0,9,0,13.83,7.0,677.56,0.03,27.0,0.14,37.64,96.79,0.5,1,2,6.0,0.11,10.0,17.0,5.0,7,19.0,30.77,12,True
0,1,0,0,0,0.0,1,0.33,0,0,1,1.0,1.0,1,0,3,0,10.8,2.5,67.5,0.01,9.0,0.4,3.75,27.0,1.0,0,0,2.0,0.2,3.0,6.0,3.0,5,5.0,0.0,3,False
2,21,3,0,0,0.0,11,0.55,0,0,3,0.27,42.0,3,0,20,0,21.13,30.33,19439.18,0.21,138.0,0.03,1079.95,640.85,0.27,0,0,33.0,0.46,56.0,82.0,12.0,13,24.0,0.0,20,False
1,1,0,1,0,0.0,1,0.33,0,0,1,1.0,1.0,1,0,2,1,9.05,2.0,36.19,0.01,7.0,0.5,2.0,18.09,1.0,0,0,2.0,0.17,2.0,5.0,2.0,4,6.0,33.33,3,False
11,23,1,5,8,44.0,12,0.31,22,2,2,0.17,48.0,1,0,34,1,27.19,44.24,53214.67,0.4,210.0,0.02,2956.37,1202.86,0.08,11,22,38.0,0.2,79.0,131.0,25.0,28,60.0,27.66,39,False
5,1,1,0,0,0.0,1,0.1,0,0,1,1.0,2.0,1,0,10,1,21.06,8.36,1470.86,0.06,44.0,0.12,81.71,176.0,1.0,0,0,3.0,0.06,13.0,31.0,7.0,9,17.0,0.0,10,False
0,15,0,0,0,0.0,8,1.0,0,0,1,0.13,29.0,8,1,0,1,0.0,0.0,0.0,0.0,0.0,0.0,0.0,0.0,1.0,0,0,23.0,0.32,0.0,0.0,0.0,0,25.0,0.0,0,False
19,13,3,4,21,24.0,7,0.23,12,2,4,0.57,29.0,5,0,26,0,13.72,40.09,22050.0,0.18,110.0,0.02,1225.0,550.0,0.71,6,12,24.0,0.1,42.0,68.0,11.0,21,72.0,49.02,30,False
3,1,0,0,0,0.0,1,0.33,0,0,1,1.0,1.0,1,0,3,1,9.0,3.0,81.0,0.01,9.0,0.33,4.5,27.0,1.0,0,0,2.0,0.13,2.0,7.0,2.0,6,8.0,0.0,3,False
1,9,2,4,0,0.0,1,0.07,0,0,1,1.0,21.0,1,0,11,0,16.51,16.67,4584.96,0.09,60.0,0.06,254.72,275.1,1.0,0,0,18.0,0.05,20.0,40.0,9.0,15,22.0,26.67,15,False
3,13,5,0,0,0.0,7,0.41,0,0,6,0.86,32.0,6,0,17,1,25.42,19.69,9851.11,0.17,101.0,0.05,547.28,500.37,0.86,0,0,27.0,0.33,42.0,59.0,16.0,15,21.0,0.0,17,False
0,5,0,0,0,0.0,3,0.5,0,0,1,0.33,9.0,1,0,6,1,15.36,4.9,368.89,0.03,21.0,0.2,20.49,75.28,0.33,0,0,8.0,0.43,7.0,14.0,5.0,7,7.0,0.0,6,False
1,7,3,0,0,0.0,4,0.36,0,0,3,0.75,16.0,1,0,11,0,25.52,11.7,3493.09,0.1,66.0,0.09,194.06,298.56,0.25,0,0,14.0,0.22,18.0,48.0,10.0,13,18.0,0.0,11,False
7,3,2,0,6,4.0,2,0.14,2,2,2,1.0,8.0,1,0,14,0,30.11,9.1,2493.57,0.09,57.0,0.11,138.53,274.02,0.5,1,2,8.0,0.07,21.0,36.0,15.0,13,29.0,30.0,14,False
1,3,1,0,0,4.0,2,0.5,2,2,1,0.5,6.0,1,0,4,0,16.07,4.5,325.53,0.02,19.0,0.22,18.08,72.34,0.5,1,2,6.0,0.18,5.0,14.0,5.0,9,11.0,0.0,4,False
20,15,1,0,14,28.0,8,0.22,14,2,5,0.63,31.0,1,0,36,0,29.49,29.8,26179.43,0.29,164.0,0.03,1454.41,878.64,0.13,7,14,25.0,0.11,69.0,95.0,22.0,19,72.0,28.0,36,False
22,5,2,0,6,0.0,4,0.12,0,0,4,1.0,16.0,1,0,33,1,31.97,26.1,21778.37,0.28,159.0,0.04,1209.91,834.42,0.25,0,0,14.0,0.06,58.0,101.0,20.0,18,63.0,15.38,33,False
1,1,0,0,1,0.0,1,0.05,0,0,1,1.0,1.0,1,0,20,3,20.26,91.87,171052.56,0.62,489.0,0.01,9502.92,1861.8,1.0,0,0,2.0,0.04,245.0,244.0,8.0,6,27.0,4.76,20,False
14,25,6,11,16,36.0,14,0.19,16,2,7,0.5,48.0,5,0,62,0,42.12,28.24,33576.57,0.4,203.0,0.04,1865.36,1189.17,0.36,10,18,36.0,0.13,80.0,123.0,34.0,24,105.0,30.34,73,False
8,5,3,2,6,8.0,3,0.14,4,2,3,1.0,13.0,1,0,20,1,30.43,15.17,6999.51,0.15,96.0,0.07,388.86,461.51,0.33,2,4,12.0,0.08,35.0,61.0,15.0,13,38.0,28.57,22,True
1,5,2,0,0,0.0,3,0.5,0,0,2,0.67,11.0,1,0,6,0,18.13,7.5,1020.0,0.05,34.0,0.13,56.67,136.0,0.33,0,0,10.0,0.23,9.0,25.0,6.0,10,13.0,0.0,6,False
6,1,1,0,1,0.0,1,0.1,0,0,1,1.0,2.0,1,0,10,1,21.06,8.36,1470.86,0.06,44.0,0.12,81.71,176.0,1.0,0,0,3.0,0.05,13.0,31.0,7.0,9,19.0,9.09,10,False
0,1,0,0,1,0.0,1,1.0,0,0,1,1.0,1.0,1,0,1,0,0.0,0.0,0.0,0.0,1.0,0.0,0.0,0.0,1.0,0,0,2.0,0.25,0.0,1.0,0.0,1,4.0,50.0,1,False
2,3,1,1,0,4.0,2,0.33,2,2,2,1.0,5.0,1,0,5,0,16.5,4.5,334.04,0.02,19.0,0.22,18.56,74.23,0.5,1,2,5.0,0.2,6.0,13.0,6.0,9,10.0,16.67,6,True
0,1,0,0,0,0.0,1,1.0,0,0,1,1.0,1.0,1,0,0,0,0.0,0.0,0.0,0.0,2.0,0.0,0.0,2.0,1.0,0,0,2.0,1.0,0.0,2.0,0.0,2,1.0,0.0,0,False
13,1,1,1,9,0.0,1,0.09,0,0,1,1.0,2.0,1,0,10,2,30.05,9.31,2603.2,0.09,61.0,0.11,144.62,279.68,1.0,0,0,3.0,0.03,22.0,39.0,13.0,11,34.0,50.0,11,False
4,3,1,1,0,4.0,2,0.17,2,2,1,0.5,6.0,1,0,11,1,21.93,8.25,1492.78,0.06,40.0,0.12,82.93,180.94,0.5,1,2,6.0,0.11,18.0,22.0,12.0,11,18.0,8.33,12,False
0,3,1,0,0,0.0,2,1.0,0,0,1,0.5,7.0,1,0,0,2,0.0,0.0,0.0,0.0,0.0,0.0,0.0,0.0,0.5,0,0,7.0,0.13,0.0,0.0,0.0,0,15.0,0.0,0,False
12,25,5,0,0,48.0,1,0.04,24,2,1,1.0,62.0,1,0,28,0,25.46,32.5,26888.89,0.28,174.0,0.03,1493.83,827.35,1.0,12,24,51.0,0.02,52.0,122.0,12.0,15,46.0,0.0,28,False
3,3,0,0,0,4.0,2,0.2,2,2,1,0.5,6.0,1,0,10,0,15.95,12.67,2559.26,0.07,46.0,0.08,142.18,202.05,0.5,1,2,6.0,0.13,19.0,27.0,9.0,12,15.0,0.0,10,False
1,3,1,0,0,0.0,2,0.2,0,0,2,1.0,7.0,1,0,10,1,28.04,7.27,1482.91,0.07,48.0,0.14,82.38,203.9,0.5,0,0,7.0,0.17,20.0,28.0,11.0,8,12.0,0.0,10,False
13,5,1,0,12,8.0,3,0.09,4,2,1,0.33,19.0,1,0,35,0,31.11,23.57,17284.19,0.24,156.0,0.04,960.23,733.27,0.33,2,4,18.0,0.05,55.0,101.0,14.0,12,62.0,25.53,35,False
0,6,1,0,0,0.0,5,0.26,0,0,5,1.0,12.0,1,0,19,4,27.89,9.5,2517.23,0.09,54.0,0.11,139.85,264.97,0.2,0,0,9.0,0.25,19.0,35.0,15.0,15,20.0,0.0,19,False
5,7,1,21,1,12.0,4,0.1,6,2,1,0.25,15.0,1,0,20,1,42.54,15.53,10260.06,0.22,136.0,0.06,570.0,660.69,0.25,3,6,13.0,0.08,44.0,92.0,17.0,12,49.0,52.38,41,True
0,13,0,0,0,0.0,7,1.0,0,0,1,0.14,19.0,7,1,7,1,23.57,7.11,1191.72,0.06,41.0,0.14,66.21,167.59,1.0,0,0,14.0,0.88,16.0,25.0,9.0,8,8.0,0.0,7,False
11,13,4,1,3,18.0,7,0.32,6,3,4,0.57,23.0,1,0,21,0,48.64,9.91,4779.6,0.16,94.0,0.1,265.53,482.15,0.14,6,9,18.0,0.18,38.0,56.0,23.0,12,38.0,16.0,22,True
1,20,5,2,3,0.0,12,0.28,0,0,9,0.75,50.0,7,0,41,2,30.92,45.36,63608.7,0.47,246.0,0.02,3533.82,1402.31,0.58,0,0,40.0,0.25,84.0,162.0,25.0,27,48.0,10.87,43,False
1,7,1,0,0,12.0,4,0.31,6,2,1,0.25,17.0,1,0,13,4,19.87,20.53,8379.04,0.14,84.0,0.05,465.5,408.07,0.25,3,6,15.0,0.21,44.0,40.0,15.0,14,19.0,0.0,13,False
14,6,4,2,4,4.0,4,0.13,2,2,4,1.0,15.0,1,0,29,1,29.51,15.0,6639.14,0.15,87.0,0.07,368.84,442.61,0.25,1,2,13.0,0.08,30.0,57.0,17.0,17,51.0,17.14,31,True
4,1,0,0,2,0.0,1,0.17,0,0,1,1.0,1.0,1,0,6,0,16.85,8.57,1237.97,0.05,34.0,0.12,68.78,144.43,1.0,0,0,2.0,0.07,10.0,24.0,7.0,12,14.0,25.0,6,False
24,9,3,6,16,16.0,5,0.14,8,2,4,0.8,24.0,1,0,30,1,30.18,28.0,23660.0,0.28,169.0,0.04,1314.44,845.0,0.2,4,8,21.0,0.06,72.0,97.0,18.0,14,77.0,42.31,36,False
3,9,4,0,0,0.0,5,0.5,0,0,4,0.8,21.0,1,0,10,0,22.9,11.69,3127.8,0.09,63.0,0.09,173.77,267.62,0.2,0,0,18.0,0.26,17.0,46.0,8.0,11,19.0,0.0,10,False
7,1,3,0,3,0.0,1,0.17,0,0,1,1.0,4.0,1,0,6,0,19.93,3.0,179.38,0.02,18.0,0.33,9.97,59.79,1.0,0,0,5.0,0.06,6.0,12.0,5.0,5,18.0,33.33,6,False
3,1,0,1,1,0.0,1,0.04,0,0,1,1.0,1.0,1,0,23,0,52.34,13.11,8997.69,0.23,146.0,0.08,499.87,686.26,1.0,0,0,2.0,0.03,59.0,87.0,18.0,8,30.0,8.0,24,True
1,5,2,0,0,0.0,3,0.5,0,0,2,0.67,11.0,1,0,6,0,18.13,7.5,1020.0,0.05,34.0,0.13,56.67,136.0,0.33,0,0,10.0,0.23,9.0,25.0,6.0,10,13.0,0.0,6,False
9,17,1,11,2,22.0,9,0.2,6,3,2,0.22,29.0,7,0,33,0,21.71,36.56,29017.62,0.26,156.0,0.03,1612.09,793.64,0.78,8,11,22.0,0.16,65.0,91.0,16.0,18,57.0,28.26,44,True
5,1,1,0,0,0.0,1,0.1,0,0,1,1.0,2.0,1,0,10,1,22.5,8.36,1571.14,0.06,47.0,0.12,87.29,188.0,1.0,0,0,3.0,0.06,13.0,34.0,7.0,9,17.0,0.0,10,False
1,5,1,0,0,0.0,3,0.38,0,0,2,0.67,10.0,3,1,8,1,8.65,15.6,2104.23,0.04,33.0,0.06,116.9,134.89,1.0,0,0,9.0,0.3,13.0,20.0,5.0,12,10.0,0.0,8,False
0,1,0,0,0,0.0,1,0.25,0,0,1,1.0,1.0,1,0,4,3,16.5,4.0,264.0,0.02,22.0,0.25,14.67,66.0,1.0,0,0,2.0,0.17,8.0,14.0,4.0,4,6.0,0.0,4,False
0,3,2,0,0,0.0,2,1.0,0,0,2,1.0,7.0,1,0,0,1,0.0,0.0,0.0,0.0,0.0,0.0,0.0,0.0,0.5,0,0,7.0,0.12,0.0,0.0,0.0,0,17.0,0.0,0,False
0,11,1,0,0,0.0,6,1.0,0,0,2,0.33,21.0,5,0,0,2,0.0,0.0,0.0,0.0,0.0,0.0,0.0,0.0,0.83,0,0,17.0,0.55,0.0,0.0,0.0,0,11.0,0.0,0,False
6,1,1,0,2,0.0,1,0.13,0,0,1,1.0,2.0,1,0,8,0,25.94,8.64,1934.62,0.07,51.0,0.12,107.48,224.01,1.0,0,0,3.0,0.06,19.0,32.0,11.0,10,18.0,20.0,8,False
4,3,2,0,1,4.0,2,0.25,2,2,2,1.0,6.0,1,0,8,4,20.23,4.44,399.66,0.03,22.0,0.23,22.2,89.92,0.5,1,2,6.0,0.11,10.0,12.0,9.0,8,18.0,11.11,8,False
0,3,0,0,1,0.0,2,0.67,0,0,1,0.5,5.0,1,0,3,0,8.15,3.5,99.85,0.01,9.0,0.29,5.55,28.53,0.5,0,0,5.0,0.4,2.0,7.0,2.0,7,5.0,25.0,3,False
1,17,5,0,0,0.0,9,0.45,0,0,8,0.89,41.0,1,0,20,0,31.13,20.58,13190.87,0.21,138.0,0.05,732.83,640.85,0.11,0,0,34.0,0.33,38.0,100.0,12.0,13,27.0,0.0,20,False
4,3,1,1,1,4.0,2,0.2,2,2,2,1.0,5.0,1,0,9,0,11.2,8.0,716.99,0.03,25.0,0.13,39.83,89.62,0.5,1,2,5.0,0.12,8.0,17.0,4.0,8,17.0,18.18,10,True
1,15,2,0,1,0.0,8,0.47,0,0,5,0.63,29.0,5,0,17,3,25.48,19.42,9611.44,0.16,95.0,0.05,533.97,494.9,0.63,0,0,23.0,0.4,41.0,54.0,19.0,18,20.0,5.56,17,False
33,33,6,6,23,58.0,17,0.24,26,2,9,0.53,76.0,5,0,64,0,38.51,58.76,132943.06,0.75,395.0,0.02,7385.73,2262.53,0.29,16,29,61.0,0.13,142.0,253.0,29.0,24,128.0,31.18,70,False
41,1,0,9,10,0.0,1,0.01,0,0,1,1.0,1.0,1,0,96,0,372.88,16.94,107059.51,2.11,918.0,0.06,5947.75,6318.27,1.0,0,0,2.0,0.01,366.0,552.0,108.0,10,158.0,16.52,105,False
0,5,1,0,0,0.0,3,1.0,0,0,2,0.67,10.0,3,1,0,2,0.0,0.0,0.0,0.0,0.0,0.0,0.0,0.0,1.0,0,0,9.0,0.33,0.0,0.0,0.0,0,9.0,0.0,0,False
1,11,2,0,0,0.0,6,0.33,0,0,2,0.33,21.0,6,1,18,4,19.44,20.64,8283.77,0.13,81.0,0.05,460.21,401.29,1.0,0,0,17.0,0.3,34.0,47.0,14.0,17,20.0,0.0,18,False
6,3,1,16,3,4.0,2,0.09,2,2,2,1.0,7.0,1,0,7,0,102.56,11.0,12409.79,0.38,202.0,0.09,689.43,1128.16,0.5,1,2,7.0,0.06,74.0,128.0,37.0,11,34.0,73.08,23,True
13,71,16,4,1,0.0,36,0.41,0,0,24,0.67,150.0,15,0,83,0,78.92,36.03,102421.71,0.95,451.0,0.03,5690.1,2843.01,0.42,0,0,116.0,0.29,199.0,252.0,58.0,21,124.0,5.68,87,False
2,1,3,0,6,0.0,1,0.07,0,0,1,1.0,10.0,1,0,14,0,41.04,6.42,1689.97,0.09,62.0,0.16,93.89,263.37,1.0,0,0,11.0,0.04,22.0,40.0,12.0,7,24.0,30.0,14,False
2,11,1,0,0,0.0,6,0.67,0,0,3,0.5,23.0,3,0,9,2,9.17,25.0,5733.65,0.08,55.0,0.04,318.54,229.35,0.5,0,0,19.0,0.5,25.0,30.0,6.0,12,12.0,0.0,9,False
10,3,0,0,4,4.0,2,0.14,2,2,1,0.5,7.0,1,0,14,2,18.81,17.05,5466.9,0.11,73.0,0.06,303.72,320.64,0.5,1,2,7.0,0.06,31.0,42.0,10.0,11,31.0,22.22,14,False
22,21,9,38,12,40.0,11,0.12,20,2,9,0.82,55.0,1,0,51,4,63.24,30.76,59840.57,0.65,328.0,0.03,3324.48,1945.28,0.09,10,20,46.0,0.09,136.0,192.0,42.0,19,128.0,49.5,89,True
1,5,2,0,0,0.0,3,0.5,0,0,2,0.67,11.0,1,0,6,0,18.13,7.5,1020.0,0.05,34.0,0.13,56.67,136.0,0.33,0,0,10.0,0.23,9.0,25.0,6.0,10,13.0,0.0,6,False
0,1,3,0,0,0.0,1,1.0,0,0,1,1.0,4.0,1,0,0,1,0.0,0.0,0.0,0.0,0.0,0.0,0.0,0.0,1.0,0,0,5.0,0.11,0.0,0.0,0.0,0,9.0,0.0,0,False
2,1,1,0,0,0.0,1,0.5,0,0,1,1.0,2.0,1,0,2,2,16.92,3.5,207.22,0.02,16.0,0.29,11.51,59.21,1.0,0,0,3.0,0.2,6.0,10.0,6.0,7,5.0,0.0,2,False
6,5,1,1,1,6.0,3,0.17,2,3,1,0.33,9.0,3,1,17,1,20.8,13.72,3916.37,0.1,64.0,0.07,217.58,285.4,1.0,2,3,8.0,0.11,19.0,45.0,9.0,13,27.0,10.53,18,False
1,9,3,4,0,8.0,6,0.18,4,2,4,0.67,19.0,3,0,30,1,19.74,33.0,21496.55,0.22,126.0,0.03,1194.25,651.41,0.5,2,4,15.0,0.16,33.0,93.0,12.0,24,37.0,11.76,34,False
3,3,0,0,0,4.0,2,0.29,2,2,1,0.5,6.0,1,0,7,3,11.46,7.5,644.64,0.03,22.0,0.13,35.81,85.95,0.5,1,2,6.0,0.14,10.0,12.0,6.0,9,14.0,0.0,7,False
14,21,3,5,36,36.0,11,0.15,16,2,5,0.45,40.0,5,0,68,1,38.68,42.21,68900.96,0.54,285.0,0.02,3827.83,1632.46,0.45,10,18,31.0,0.09,102.0,183.0,29.0,24,125.0,37.61,73,False
1,1,1,0,0,0.0,1,0.5,0,0,1,1.0,2.0,1,0,2,2,11.86,3.5,145.3,0.01,12.0,0.29,8.07,41.51,1.0,0,0,3.0,0.2,4.0,8.0,4.0,7,5.0,0.0,2,False
5,1,2,0,3,0.0,1,0.1,0,0,1,1.0,3.0,1,0,10,0,22.45,4.29,412.33,0.03,26.0,0.23,22.91,96.21,1.0,0,0,4.0,0.05,10.0,16.0,7.0,6,20.0,23.08,10,False
3,3,1,0,1,4.0,2,0.17,2,2,1,0.5,8.0,1,0,12,0,15.49,22.5,7840.29,0.12,76.0,0.04,435.57,348.46,0.5,1,2,8.0,0.11,27.0,49.0,9.0,15,18.0,7.69,12,False
1,3,1,0,0,0.0,2,0.22,0,0,2,1.0,9.0,1,0,9,1,15.43,14.95,3448.99,0.08,51.0,0.07,191.61,230.7,0.5,0,0,9.0,0.17,23.0,28.0,10.0,13,12.0,0.0,9,False
5,7,3,0,0,10.0,4,0.2,4,2,3,0.75,17.0,3,0,20,1,18.34,19.5,6972.75,0.12,77.0,0.05,387.38,357.58,0.75,3,5,15.0,0.15,26.0,51.0,10.0,15,27.0,0.0,20,False
7,7,0,1,3,12.0,4,0.21,6,2,1,0.25,13.0,3,0,18,2,19.14,14.0,3750.95,0.09,57.0,0.07,208.39,267.93,0.75,3,6,11.0,0.13,24.0,33.0,12.0,14,31.0,18.18,19,False
1,9,3,0,0,0.0,5,0.28,0,0,5,1.0,24.0,1,0,18,0,31.67,17.05,9208.55,0.18,109.0,0.06,511.59,540.01,0.2,0,0,21.0,0.24,54.0,55.0,19.0,12,21.0,0.0,18,False
14,9,3,5,27,16.0,5,0.23,8,2,4,0.8,19.0,4,0,17,3,25.65,19.5,9755.09,0.17,94.0,0.05,541.95,500.26,0.8,4,8,16.0,0.08,39.0,55.0,20.0,20,66.0,65.31,22,False
1,3,2,0,1,0.0,2,0.29,0,0,2,1.0,7.0,1,0,7,1,15.92,6.29,629.06,0.03,24.0,0.16,34.95,100.08,0.5,0,0,7.0,0.2,8.0,16.0,7.0,11,10.0,12.5,7,False
0,1,1,0,0,0.0,1,1.0,0,0,1,1.0,2.0,1,0,0,0,0.0,0.0,0.0,0.0,0.0,0.0,0.0,0.0,1.0,0,0,3.0,0.17,0.0,0.0,0.0,0,6.0,0.0,0,False
8,3,0,0,3,4.0,2,0.11,2,2,1,0.5,7.0,1,0,19,0,59.53,8.08,3883.41,0.16,93.0,0.12,215.74,480.8,0.5,1,2,7.0,0.06,42.0,51.0,26.0,10,32.0,13.64,19,True
27,29,4,0,10,46.0,15,0.19,18,2,9,0.6,58.0,14,0,80,1,40.31,61.67,153302.39,0.83,430.0,0.02,8516.8,2485.98,0.93,14,23,45.0,0.12,148.0,282.0,30.0,25,128.0,11.11,80,False
4,1,0,0,0,0.0,1,0.13,0,0,1,1.0,1.0,1,0,8,1,18.58,11.0,2247.77,0.07,57.0,0.09,124.88,204.34,1.0,0,0,2.0,0.07,22.0,35.0,6.0,6,14.0,0.0,8,False
11,9,0,0,5,16.0,5,0.23,8,2,1,0.2,18.0,1,0,22,0,17.69,33.08,19354.95,0.2,116.0,0.03,1075.28,585.15,0.2,4,8,15.0,0.11,43.0,73.0,13.0,20,44.0,18.52,22,False
2,3,2,0,0,4.0,2,0.14,2,2,2,1.0,8.0,1,0,14,0,17.84,13.33,3171.79,0.08,56.0,0.08,176.21,237.88,0.5,1,2,8.0,0.11,24.0,32.0,9.0,10,18.0,0.0,14,False
1,9,1,0,0,0.0,5,0.5,0,0,4,0.8,21.0,1,0,10,0,14.25,17.0,4117.85,0.08,62.0,0.06,228.77,242.23,0.2,0,0,18.0,0.29,17.0,45.0,5.0,10,17.0,0.0,10,False
2,1,0,13,0,0.0,1,0.06,0,0,1,1.0,1.0,1,0,5,0,61.05,10.0,6105.34,0.2,127.0,0.1,339.19,610.53,1.0,0,0,2.0,0.05,50.0,77.0,20.0,8,22.0,72.22,18,False
22,11,9,0,16,20.0,6,0.16,10,2,4,0.67,28.0,1,0,38,1,56.19,18.28,18778.17,0.34,182.0,0.05,1043.23,1027.18,0.17,5,10,24.0,0.08,65.0,117.0,32.0,18,78.0,29.63,38,False
1,3,0,0,0,0.0,2,0.29,0,0,1,0.5,6.0,1,0,7,2,8.9,7.0,435.89,0.02,18.0,0.14,24.22,62.27,0.5,0,0,6.0,0.22,8.0,10.0,4.0,7,9.0,0.0,7,False
1,3,0,0,0,4.0,2,0.25,2,2,1,0.5,6.0,1,0,8,3,18.88,36.9,25706.76,0.23,164.0,0.03,1428.15,696.66,0.5,1,2,6.0,0.15,82.0,82.0,10.0,9,13.0,0.0,8,False
5,5,1,2,2,8.0,3,0.1,4,2,1,0.33,11.0,1,0,27,1,31.25,16.0,7999.44,0.17,104.0,0.06,444.41,499.96,0.33,2,4,10.0,0.08,32.0,72.0,14.0,14,38.0,12.9,29,True
0,1,4,0,0,0.0,1,0.2,0,0,1,1.0,5.0,1,0,5,1,34.06,3.0,306.56,0.03,25.0,0.33,17.03,102.19,1.0,0,0,6.0,0.14,11.0,14.0,11.0,6,7.0,0.0,5,False
0,1,0,0,0,0.0,1,1.0,0,0,1,1.0,1.0,1,0,0,0,0.0,0.0,0.0,0.0,1.0,0.0,0.0,0.0,1.0,0,0,2.0,1.0,0.0,1.0,0.0,1,1.0,0.0,0,False
1,9,0,0,0,0.0,5,0.45,0,0,1,0.2,18.0,5,1,11,2,9.46,15.3,2213.6,0.05,38.0,0.07,122.98,144.68,1.0,0,0,15.0,0.38,17.0,21.0,5.0,9,13.0,0.0,11,False
39,9,2,5,21,16.0,5,0.22,8,2,2,0.4,19.0,1,0,18,0,27.16,17.0,7847.8,0.15,90.0,0.06,435.99,461.64,0.2,4,8,16.0,0.06,36.0,54.0,18.0,17,84.0,59.09,23,False
9,1,4,0,4,0.0,1,0.13,0,0,1,1.0,5.0,1,0,8,0,36.53,4.36,695.61,0.05,39.0,0.23,38.65,159.41,1.0,0,0,6.0,0.04,16.0,23.0,11.0,6,23.0,33.33,8,False
11,1,1,0,4,0.0,1,0.06,0,0,1,1.0,2.0,1,0,17,0,21.63,16.0,5537.66,0.12,83.0,0.06,307.65,346.1,1.0,0,0,3.0,0.03,40.0,43.0,10.0,8,34.0,19.05,17,False
17,14,9,2,19,18.0,8,0.16,8,2,4,0.5,33.0,3,0,47,0,40.61,18.56,13994.09,0.25,131.0,0.05,777.45,753.89,0.38,5,9,27.0,0.09,54.0,77.0,32.0,22,87.0,30.88,49,False
1,3,0,0,0,4.0,2,0.29,2,2,1,0.5,6.0,1,0,7,0,12.33,7.2,639.44,0.03,24.0,0.14,35.52,88.81,0.5,1,2,6.0,0.2,9.0,15.0,5.0,8,10.0,0.0,7,False
4,7,0,1,3,12.0,4,0.21,6,2,1,0.25,14.0,1,0,18,0,10.95,15.79,2728.99,0.06,40.0,0.06,151.61,172.88,0.25,3,6,12.0,0.14,17.0,23.0,7.0,13,28.0,18.18,19,True
3,3,2,0,0,4.0,2,0.25,2,2,2,1.0,6.0,1,0,8,1,20.15,6.0,725.57,0.04,29.0,0.17,40.31,120.93,0.5,1,2,6.0,0.15,12.0,17.0,9.0,9,13.0,0.0,8,False
9,15,1,15,3,28.0,8,0.14,14,2,1,0.13,33.0,1,0,41,1,28.48,37.78,40642.28,0.36,205.0,0.03,2257.9,1075.83,0.13,7,14,27.0,0.11,68.0,137.0,18.0,20,70.0,30.51,56,True
3,9,1,0,0,10.0,5,0.45,2,5,2,0.4,11.0,5,1,11,1,18.96,10.11,1938.86,0.06,43.0,0.1,107.71,191.76,1.0,4,7,8.0,0.31,14.0,29.0,9.0,13,16.0,0.0,11,False
17,6,1,0,4,0.0,5,0.2,0,0,5,1.0,16.0,1,0,25,1,26.68,22.5,13507.21,0.2,118.0,0.04,750.4,600.32,0.2,0,0,13.0,0.1,40.0,78.0,16.0,18,48.0,13.79,25,False
1,1,0,0,3,0.0,1,0.08,0,0,1,1.0,1.0,1,0,12,0,5.92,27.5,4477.73,0.05,58.0,0.04,248.76,162.83,1.0,0,0,2.0,0.06,22.0,36.0,2.0,5,18.0,20.0,12,False
11,9,1,2,6,14.0,5,0.19,6,2,3,0.6,20.0,4,0,24,0,20.13,28.77,16657.75,0.19,118.0,0.03,925.43,579.01,0.8,4,7,17.0,0.11,44.0,74.0,13.0,17,45.0,25.0,26,False
10,5,4,3,6,8.0,3,0.12,4,2,3,1.0,17.0,1,0,22,0,30.3,16.5,8249.42,0.17,104.0,0.06,458.3,499.96,0.33,2,4,16.0,0.07,44.0,60.0,16.0,12,43.0,29.03,25,True
0,1,0,0,0,0.0,1,0.25,0,0,1,1.0,1.0,1,0,4,1,8.23,3.75,115.8,0.01,11.0,0.27,6.43,30.88,1.0,0,0,2.0,0.17,3.0,8.0,2.0,5,6.0,0.0,4,False
12,5,3,2,13,8.0,3,0.06,4,2,3,1.0,13.0,1,0,51,4,104.59,33.49,117276.02,1.17,545.0,0.03,6515.33,3502.31,0.33,2,4,12.0,0.04,253.0,292.0,68.0,18,83.0,22.73,53,True
16,108,18,6,9,0.0,56,0.41,0,0,42,0.75,241.0,42,0,129,2,65.73,84.55,469829.8,1.85,842.0,0.01,26101.66,5557.13,0.75,0,0,187.0,0.35,360.0,482.0,66.0,31,161.0,10.42,135,False
1,5,2,0,0,0.0,3,0.5,0,0,2,0.67,11.0,1,0,6,0,17.34,8.25,1180.25,0.05,35.0,0.12,65.57,143.06,0.33,0,0,10.0,0.23,9.0,26.0,6.0,11,13.0,0.0,6,False
5,1,1,0,0,0.0,1,0.1,0,0,1,1.0,2.0,1,0,10,1,19.62,8.36,1370.57,0.05,41.0,0.12,76.14,164.0,1.0,0,0,3.0,0.06,13.0,28.0,7.0,9,17.0,0.0,10,False
7,1,1,0,19,0.0,1,0.33,0,0,1,1.0,2.0,1,0,3,2,9.05,2.0,36.19,0.01,7.0,0.5,2.0,18.09,1.0,0,0,3.0,0.03,2.0,5.0,2.0,4,30.0,86.36,3,False
0,1,0,0,0,0.0,1,1.0,0,0,1,1.0,1.0,1,0,0,0,0.0,0.0,0.0,0.0,2.0,0.0,0.0,2.0,1.0,0,0,2.0,1.0,0.0,2.0,0.0,2,1.0,0.0,0,False
4,5,3,1,2,8.0,3,0.19,4,2,3,1.0,12.0,1,0,15,0,24.04,10.4,2599.82,0.08,52.0,0.1,144.43,249.98,0.33,2,4,11.0,0.13,24.0,28.0,15.0,13,24.0,16.67,16,True
0,1,1,0,0,0.0,1,0.2,0,0,1,1.0,2.0,1,0,5,0,13.32,3.5,163.12,0.02,13.0,0.29,9.06,46.6,1.0,0,0,3.0,0.14,5.0,8.0,5.0,7,7.0,0.0,5,False
1,5,2,0,0,0.0,3,0.6,0,0,3,1.0,9.0,1,0,5,0,17.03,4.0,272.46,0.02,19.0,0.25,15.14,68.11,0.33,0,0,8.0,0.38,8.0,11.0,6.0,6,8.0,0.0,5,False
3,1,1,0,0,0.0,1,0.14,0,0,1,1.0,2.0,1,0,7,1,18.28,5.0,456.88,0.03,24.0,0.2,25.38,91.38,1.0,0,0,3.0,0.08,10.0,14.0,7.0,7,12.0,0.0,7,False
21,13,8,7,11,22.0,7,0.21,10,2,5,0.71,30.0,1,0,26,0,34.86,26.4,24294.51,0.31,178.0,0.04,1349.7,920.25,0.14,6,11,25.0,0.1,66.0,112.0,20.0,16,67.0,40.91,33,True
0,3,0,0,0,4.0,2,0.33,2,2,1,0.5,7.0,1,0,6,3,11.82,9.1,978.69,0.04,30.0,0.11,54.37,107.55,0.5,1,2,7.0,0.25,13.0,17.0,5.0,7,8.0,0.0,6,False
0,1,0,0,0,0.0,1,0.08,0,0,1,1.0,1.0,1,0,12,2,7.87,22.0,3810.23,0.06,67.0,0.05,211.68,173.19,1.0,0,0,2.0,0.07,22.0,45.0,2.0,4,14.0,0.0,12,False
11,7,3,1,8,12.0,4,0.17,6,2,2,0.5,17.0,1,0,23,0,23.89,23.0,12637.26,0.18,108.0,0.04,702.07,549.45,0.25,3,6,15.0,0.09,46.0,62.0,17.0,17,45.0,28.13,24,True
5,7,4,0,0,0.0,4,0.29,0,0,4,1.0,23.0,1,0,14,0,36.67,15.67,9000.18,0.19,112.0,0.06,500.01,574.48,0.25,0,0,21.0,0.19,47.0,65.0,21.0,14,21.0,0.0,14,False
4,3,1,0,0,4.0,2,0.2,2,2,1,0.5,7.0,1,0,10,1,14.63,9.75,1390.58,0.05,33.0,0.1,77.25,142.62,0.5,1,2,7.0,0.13,13.0,20.0,8.0,12,16.0,0.0,10,False
8,15,1,4,8,20.0,8,0.36,6,3,2,0.25,22.0,1,0,18,1,26.2,18.41,8874.62,0.16,94.0,0.05,493.03,482.15,0.13,7,10,16.0,0.2,31.0,63.0,16.0,19,40.0,40.0,22,True
18,15,12,10,9,26.0,8,0.11,12,2,4,0.5,43.0,3,0,60,0,57.8,36.88,78609.33,0.71,358.0,0.03,4367.19,2131.6,0.38,7,13,37.0,0.08,144.0,214.0,41.0,21,99.0,24.05,70,True
1,11,1,0,0,0.0,6,0.5,0,0,5,0.83,26.0,1,0,12,0,14.03,23.1,7484.4,0.11,81.0,0.04,415.8,324.0,0.17,0,0,22.0,0.32,21.0,60.0,5.0,11,19.0,0.0,12,False
0,5,3,1,0,6.0,3,0.14,2,3,2,0.67,10.0,3,1,21,2,22.1,30.64,20753.19,0.23,131.0,0.03,1152.95,677.26,1.0,2,3,9.0,0.12,39.0,92.0,14.0,22,25.0,4.55,22,False
0,5,4,0,0,0.0,3,1.0,0,0,2,0.67,13.0,1,0,0,2,0.0,0.0,0.0,0.0,0.0,0.0,0.0,0.0,0.33,0,0,12.0,0.21,0.0,0.0,0.0,0,14.0,0.0,0,False
1,3,0,0,0,4.0,2,0.29,2,2,1,0.5,7.0,1,0,7,0,12.05,11.9,1706.44,0.05,40.0,0.08,94.8,143.4,0.5,1,2,7.0,0.2,17.0,23.0,5.0,7,10.0,0.0,7,False
5,1,0,0,0,0.0,1,0.17,0,0,1,1.0,1.0,1,0,6,0,21.49,6.6,936.12,0.05,41.0,0.15,52.01,141.84,1.0,0,0,2.0,0.08,11.0,30.0,5.0,6,13.0,0.0,6,False
0,3,0,0,0,4.0,2,0.4,2,2,1,0.5,5.0,1,0,5,3,9.87,5.63,312.22,0.02,15.0,0.18,17.35,55.51,0.5,1,2,5.0,0.29,5.0,10.0,4.0,9,7.0,0.0,5,False
1,1,0,0,0,0.0,1,0.5,0,0,1,1.0,1.0,1,0,2,0,7.74,1.5,17.41,0.0,5.0,0.67,0.97,11.61,1.0,0,0,2.0,0.2,2.0,3.0,2.0,3,5.0,0.0,2,False
10,1,9,0,22,0.0,1,0.06,0,0,1,1.0,17.0,1,0,18,0,71.72,5.25,1976.72,0.13,76.0,0.19,109.82,376.52,1.0,0,0,18.0,0.02,36.0,40.0,24.0,7,52.0,55.0,18,False
5,3,3,0,4,0.0,2,0.13,0,0,1,0.5,8.0,1,0,15,0,60.71,7.71,3612.83,0.16,88.0,0.13,200.71,468.33,0.5,0,0,8.0,0.08,36.0,52.0,28.0,12,26.0,21.05,15,False
3,1,2,0,3,0.0,1,0.2,0,0,1,1.0,3.0,1,0,5,0,10.79,7.2,559.51,0.03,21.0,0.14,31.08,77.71,1.0,0,0,4.0,0.08,9.0,12.0,5.0,8,13.0,37.5,5,False
2,13,3,0,1,0.0,7,0.39,0,0,4,0.57,30.0,7,1,18,5,31.61,18.67,11013.33,0.2,118.0,0.05,611.85,590.0,1.0,0,0,25.0,0.32,48.0,70.0,18.0,14,22.0,5.26,18,False
2,1,0,0,0,4.0,1,0.5,2,2,1,1.0,1.0,1,0,2,2,12.5,5.63,395.48,0.02,19.0,0.18,21.97,70.31,1.0,1,2,2.0,0.14,5.0,14.0,4.0,9,7.0,0.0,2,False
4,3,2,0,3,4.0,2,0.17,2,2,1,0.5,7.0,1,0,12,0,44.04,7.43,2427.8,0.11,66.0,0.13,134.88,326.98,0.5,1,2,7.0,0.1,27.0,39.0,20.0,11,21.0,20.0,12,False
38,39,4,2,67,76.0,20,0.14,38,2,6,0.3,94.0,5,0,140,3,58.73,44.94,118581.28,0.88,432.0,0.02,6587.85,2638.88,0.25,19,38,76.0,0.08,192.0,240.0,47.0,22,251.0,33.01,142,False
13,3,2,0,11,4.0,2,0.06,2,2,1,0.5,15.0,1,0,32,0,39.18,18.35,13195.42,0.24,148.0,0.05,733.08,718.98,0.5,1,2,15.0,0.03,52.0,96.0,17.0,12,58.0,25.58,32,False
2,15,4,3,0,0.0,9,0.43,0,0,7,0.78,33.0,4,0,18,2,18.28,23.38,9996.98,0.14,88.0,0.04,555.39,427.5,0.44,0,0,26.0,0.2,38.0,50.0,13.0,16,44.0,14.29,21,False
1,3,2,0,0,0.0,2,0.4,0,0,2,1.0,8.0,1,0,5,2,11.58,6.75,527.43,0.03,20.0,0.15,29.3,78.14,0.5,0,0,8.0,0.29,9.0,11.0,6.0,9,7.0,0.0,5,False
0,5,2,0,0,0.0,3,0.33,0,0,3,1.0,11.0,1,0,9,0,15.35,10.67,1746.31,0.05,43.0,0.09,97.02,163.72,0.33,0,0,10.0,0.27,16.0,27.0,6.0,8,11.0,0.0,9,False
6,1,2,2,14,0.0,1,0.1,0,0,1,1.0,3.0,1,0,8,1,22.75,9.92,2237.41,0.08,48.0,0.1,124.3,225.62,1.0,0,0,4.0,0.03,17.0,31.0,12.0,14,32.0,66.67,10,False
14,10,1,2,3,6.0,7,0.24,2,3,2,0.29,20.0,3,0,27,0,28.86,15.75,7159.08,0.15,86.0,0.06,397.73,454.54,0.43,2,3,15.0,0.15,27.0,59.0,18.0,21,48.0,15.63,29,False
15,5,5,4,6,8.0,3,0.12,4,2,3,1.0,17.0,1,0,21,3,50.5,9.52,4580.38,0.16,99.0,0.11,254.47,480.94,0.33,2,4,16.0,0.06,50.0,49.0,21.0,8,50.0,32.25,25,False
2,1,0,0,0,0.0,1,0.33,0,0,1,1.0,1.0,1,0,3,0,8.98,2.5,56.15,0.01,8.0,0.4,3.12,22.46,1.0,0,0,2.0,0.14,2.0,6.0,2.0,5,7.0,0.0,3,False
89,35,5,25,44,64.0,18,0.17,30,2,4,0.22,78.0,10,0,79,1,40.65,58.45,138851.46,0.79,399.0,0.02,7713.97,2375.72,0.56,17,32,62.0,0.08,173.0,226.0,37.0,25,238.0,46.62,104,False
11,7,1,1,11,12.0,4,0.13,6,2,1,0.25,20.0,1,0,31,0,51.31,17.5,15713.29,0.3,178.0,0.06,872.96,897.9,0.25,3,6,18.0,0.07,70.0,108.0,22.0,11,56.0,27.91,32,True
30,21,5,7,46,38.0,11,0.27,18,2,3,0.27,47.0,1,0,34,0,45.21,24.8,27807.82,0.37,203.0,0.04,1544.88,1121.28,0.09,10,19,38.0,0.09,93.0,110.0,30.0,16,118.0,60.92,41,False
19,5,4,2,10,0.0,4,0.22,0,0,4,1.0,10.0,1,0,16,1,24.09,12.75,3916.29,0.1,62.0,0.08,217.57,307.16,0.25,0,0,8.0,0.08,21.0,41.0,14.0,17,48.0,42.86,18,False
1,1,0,0,0,0.0,1,0.33,0,0,1,1.0,1.0,1,0,3,0,9.05,2.0,36.19,0.01,7.0,0.5,2.0,18.09,1.0,0,0,2.0,0.17,2.0,5.0,2.0,4,6.0,0.0,3,False
4,3,1,0,37,0.0,2,0.13,0,0,1,0.5,6.0,1,0,15,3,21.82,10.68,2487.99,0.08,49.0,0.09,138.22,232.99,0.5,0,0,6.0,0.04,23.0,26.0,14.0,13,57.0,71.15,15,False
4,5,0,0,10,0.0,3,0.38,0,0,1,0.33,11.0,1,0,8,0,19.97,6.61,872.67,0.04,33.0,0.15,48.48,132.0,0.33,0,0,10.0,0.13,17.0,16.0,9.0,7,24.0,55.56,8,False
3,9,4,0,1,16.0,5,0.45,6,2,3,0.6,18.0,4,0,11,1,17.34,11.9,2455.25,0.07,45.0,0.08,136.4,206.32,0.8,5,8,15.0,0.29,17.0,28.0,10.0,14,17.0,8.33,11,False
1,5,2,0,1,0.0,3,0.25,0,0,3,1.0,10.0,3,1,12,2,18.7,10.4,2022.94,0.06,43.0,0.1,112.39,194.51,1.0,0,0,9.0,0.2,16.0,27.0,10.0,13,15.0,7.69,12,False
0,1,0,0,0,0.0,1,0.13,0,0,1,1.0,1.0,1,0,8,3,15.88,7.0,777.94,0.04,31.0,0.14,43.22,111.13,1.0,0,0,2.0,0.11,10.0,21.0,5.0,7,9.0,0.0,8,False
7,1,2,0,7,0.0,1,0.17,0,0,1,1.0,5.0,1,0,6,0,24.59,4.05,405.89,0.03,27.0,0.25,22.55,99.91,1.0,0,0,6.0,0.05,13.0,14.0,8.0,5,22.0,53.85,6,False
16,13,4,0,1,24.0,7,0.37,12,2,6,0.86,31.0,6,0,19,0,28.97,19.29,10774.31,0.19,115.0,0.05,598.57,558.67,0.86,6,12,26.0,0.17,36.0,79.0,14.0,15,42.0,5.0,19,False
14,25,9,11,16,44.0,13,0.21,20,2,6,0.46,54.0,5,0,52,0,27.67,49.46,67672.14,0.46,245.0,0.02,3759.56,1368.32,0.38,12,22,43.0,0.14,91.0,154.0,23.0,25,95.0,34.18,63,True
8,1,0,0,6,0.0,1,0.07,0,0,1,1.0,1.0,1,0,15,0,6.55,28.0,5138.91,0.06,71.0,0.04,285.49,183.53,1.0,0,0,2.0,0.03,28.0,43.0,2.0,4,30.0,28.57,15,False
0,1,2,0,0,0.0,1,0.2,0,0,1,1.0,3.0,1,0,5,1,18.28,5.0,456.88,0.03,24.0,0.2,25.38,91.38,1.0,0,0,4.0,0.14,10.0,14.0,7.0,7,7.0,0.0,5,False
16,9,6,0,12,16.0,5,0.16,8,2,2,0.4,23.0,1,0,32,0,41.51,18.85,14745.1,0.26,147.0,0.05,819.17,782.32,0.2,4,8,20.0,0.08,51.0,96.0,23.0,17,62.0,27.27,32,False
6,5,1,0,2,6.0,3,0.14,2,3,1,0.33,9.0,3,1,22,1,30.36,13.0,5130.52,0.13,83.0,0.08,285.03,394.66,1.0,2,3,8.0,0.09,28.0,55.0,14.0,13,32.0,8.33,22,False
3,9,1,0,2,18.0,5,0.5,6,3,3,0.6,15.0,3,0,10,0,12.2,18.0,3953.09,0.07,50.0,0.06,219.62,219.62,0.6,6,9,12.0,0.29,18.0,32.0,7.0,14,17.0,16.67,10,False
1,15,0,0,0,28.0,8,0.36,14,2,1,0.13,34.0,3,0,22,4,20.24,28.5,16441.15,0.19,120.0,0.04,913.4,576.88,0.38,7,14,28.0,0.29,57.0,63.0,14.0,14,28.0,0.0,22,False
18,17,5,6,11,32.0,9,0.24,16,2,6,0.67,35.0,1,0,32,0,26.92,45.5,55737.5,0.41,245.0,0.02,3096.53,1225.0,0.11,8,16,28.0,0.13,91.0,154.0,16.0,16,69.0,34.69,38,False
1,3,1,0,0,0.0,2,1.0,0,0,2,1.0,6.0,1,0,2,0,7.66,18.67,2670.48,0.05,35.0,0.05,148.36,143.06,0.5,0,0,6.0,0.4,8.0,27.0,3.0,14,5.0,0.0,2,False
18,12,1,19,5,12.0,8,0.15,6,2,5,0.63,24.0,1,0,35,2,18.0,124.37,278423.08,0.75,433.0,0.01,15467.95,2238.58,0.13,3,6,18.0,0.1,199.0,234.0,16.0,20,81.0,40.68,54,False
3,51,9,0,2,0.0,26,0.33,0,0,16,0.62,108.0,22,0,80,2,59.54,44.94,120228.24,0.89,438.0,0.02,6679.35,2675.53,0.85,0,0,84.0,0.3,192.0,246.0,47.0,22,86.0,2.44,80,False
1,3,0,0,0,0.0,2,0.4,0,0,1,0.5,6.0,1,0,5,3,11.07,4.38,211.89,0.02,14.0,0.23,11.77,48.43,0.5,0,0,6.0,0.29,5.0,9.0,4.0,7,7.0,0.0,5,False
0,1,0,0,0,0.0,1,1.0,0,0,1,1.0,1.0,1,0,0,0,0.0,0.0,0.0,0.0,2.0,0.0,0.0,2.0,1.0,0,0,2.0,1.0,0.0,2.0,0.0,2,1.0,0.0,0,False
1,1,1,0,0,0.0,1,0.2,0,0,1,1.0,3.0,1,0,5,0,9.88,7.0,484.32,0.02,20.0,0.14,26.91,69.19,1.0,0,0,4.0,0.13,8.0,12.0,4.0,7,8.0,0.0,5,False
1,17,0,0,0,0.0,9,0.47,0,0,1,0.11,29.0,9,1,19,3,19.68,25.33,12630.47,0.17,98.0,0.04,701.69,498.57,1.0,0,0,22.0,0.43,40.0,58.0,15.0,19,21.0,0.0,19,False
0,5,1,0,0,0.0,3,1.0,0,0,1,0.33,10.0,1,0,0,1,0.0,0.0,0.0,0.0,0.0,0.0,0.0,0.0,0.33,0,0,9.0,0.3,0.0,0.0,0.0,0,10.0,0.0,0,False
21,10,1,1,7,0.0,9,0.2,0,0,2,0.22,21.0,1,0,44,1,32.63,24.1,18942.67,0.26,144.0,0.04,1052.37,786.16,0.11,0,0,14.0,0.12,44.0,100.0,21.0,23,75.0,15.38,45,False
29,39,1,7,28,62.0,20,0.32,24,2,2,0.1,67.0,13,0,55,0,24.94,77.43,149562.2,0.64,344.0,0.01,8309.01,1931.46,0.65,19,35,49.0,0.17,137.0,207.0,23.0,26,121.0,38.89,62,False
1,1,0,0,0,0.0,1,0.5,0,0,1,1.0,1.0,1,0,2,1,5.8,2.0,23.22,0.0,5.0,0.5,1.29,11.61,1.0,0,0,2.0,0.2,1.0,4.0,1.0,4,5.0,0.0,2,False
2,1,1,0,0,0.0,1,0.5,0,0,1,1.0,2.0,1,0,2,0,7.74,1.5,17.41,0.0,5.0,0.67,0.97,11.61,1.0,0,0,3.0,0.17,2.0,3.0,2.0,3,6.0,0.0,2,False
5,5,1,10,4,8.0,3,0.25,4,2,1,0.33,10.0,1,0,2,0,20.67,7.94,1304.74,0.05,38.0,0.13,72.49,164.23,0.33,2,4,9.0,0.13,13.0,25.0,9.0,11,23.0,87.5,12,True
1,5,2,0,0,0.0,3,0.5,0,0,2,0.67,11.0,1,0,6,0,18.13,7.5,1020.0,0.05,34.0,0.13,56.67,136.0,0.33,0,0,10.0,0.23,9.0,25.0,6.0,10,13.0,0.0,6,False
6,5,1,0,2,8.0,3,0.11,4,2,1,0.33,12.0,1,0,28,1,28.96,13.46,5249.74,0.13,82.0,0.07,291.65,389.9,0.33,2,4,11.0,0.08,29.0,53.0,14.0,13,38.0,6.67,28,False
13,9,0,2,5,16.0,5,0.23,8,2,1,0.2,18.0,5,1,20,0,11.26,42.25,20101.19,0.16,112.0,0.02,1116.73,475.77,1.0,4,8,15.0,0.12,39.0,73.0,6.0,13,42.0,25.93,22,False
11,9,3,0,4,16.0,5,0.23,8,2,3,0.6,21.0,1,0,22,0,25.42,17.34,7647.27,0.15,89.0,0.06,424.85,440.92,0.2,4,8,18.0,0.13,37.0,52.0,16.0,15,39.0,15.38,22,False
4,7,2,3,2,12.0,4,0.15,6,2,2,0.5,15.0,1,0,23,0,12.12,25.67,7986.92,0.1,72.0,0.04,443.72,311.18,0.25,3,6,13.0,0.12,22.0,50.0,6.0,14,34.0,17.86,26,True
1,9,2,0,0,0.0,5,0.5,0,0,4,0.8,21.0,1,0,10,0,17.51,14.17,3513.33,0.08,62.0,0.07,195.19,248.0,0.2,0,0,18.0,0.29,17.0,45.0,6.0,10,17.0,0.0,10,False
0,1,0,0,0,0.0,1,0.5,0,0,1,1.0,1.0,1,0,2,0,5.33,1.5,12.0,0.0,4.0,0.67,0.67,8.0,1.0,0,0,2.0,0.25,1.0,3.0,1.0,3,4.0,0.0,2,False
9,9,2,1,4,14.0,5,0.24,6,2,4,0.8,20.0,3,0,20,0,25.86,19.73,10069.57,0.17,103.0,0.05,559.42,510.28,0.6,4,7,17.0,0.14,37.0,66.0,15.0,16,36.0,20.0,21,False
2,5,3,0,1,8.0,3,0.2,4,2,3,1.0,12.0,3,1,15,1,18.69,8.56,1368.13,0.05,37.0,0.12,76.01,159.91,1.0,2,4,11.0,0.15,14.0,23.0,9.0,11,20.0,6.25,15,False
4,7,3,0,1,12.0,4,0.27,6,2,4,1.0,14.0,1,0,15,0,24.61,11.25,3115.18,0.09,57.0,0.09,173.07,276.9,0.25,3,6,12.0,0.18,21.0,36.0,14.0,15,22.0,6.25,15,False
16,22,4,18,7,22.0,15,0.25,10,2,13,0.87,45.0,1,0,42,1,31.75,72.5,166891.74,0.77,400.0,0.01,9271.76,2301.96,0.07,6,11,32.0,0.18,125.0,275.0,25.0,29,85.0,37.31,60,False
0,13,3,0,0,0.0,7,1.0,0,0,4,0.57,29.0,1,0,0,0,0.0,0.0,0.0,0.0,0.0,0.0,0.0,0.0,0.14,0,0,24.0,0.54,0.0,0.0,0.0,0,13.0,0.0,0,False
7,17,6,7,0,0.0,9,0.39,0,0,7,0.78,38.0,7,0,16,0,27.48,21.35,12519.46,0.2,122.0,0.05,695.53,586.5,0.78,0,0,31.0,0.25,37.0,85.0,13.0,15,36.0,30.43,23,False
0,1,1,0,0,0.0,1,0.2,0,0,1,1.0,2.0,1,0,5,1,15.86,3.5,194.27,0.02,15.0,0.29,10.79,55.51,1.0,0,0,3.0,0.14,6.0,9.0,6.0,7,7.0,0.0,5,False
0,5,5,0,0,0.0,3,1.0,0,0,3,1.0,15.0,1,0,0,3,0.0,0.0,0.0,0.0,0.0,0.0,0.0,0.0,0.33,0,0,14.0,0.13,0.0,0.0,0.0,0,24.0,0.0,0,False
3,7,3,0,0,12.0,4,0.5,6,2,3,0.75,16.0,1,0,8,0,20.0,10.21,2087.05,0.07,49.0,0.1,115.95,204.33,0.25,3,6,14.0,0.24,13.0,36.0,7.0,11,17.0,0.0,8,False
2,1,0,0,1,0.0,1,0.07,0,0,1,1.0,1.0,1,0,14,2,20.1,20.0,8039.07,0.13,121.0,0.05,446.61,401.95,1.0,0,0,2.0,0.05,60.0,61.0,6.0,4,20.0,6.67,14,False
5,1,2,0,2,0.0,1,0.1,0,0,1,1.0,3.0,1,0,10,0,22.45,4.29,412.33,0.03,26.0,0.23,22.91,96.21,1.0,0,0,4.0,0.05,10.0,16.0,7.0,6,19.0,16.67,10,False
48,64,1,16,11,92.0,35,0.19,36,2,13,0.37,115.0,22,0,164,2,48.91,83.85,343824.52,1.37,645.0,0.01,19101.36,4100.62,0.63,28,46,82.0,0.15,249.0,396.0,49.0,33,241.0,14.14,180,False
4,1,1,1,2,0.0,1,0.33,0,0,1,1.0,2.0,1,0,2,1,11.62,3.0,104.61,0.01,11.0,0.33,5.81,34.87,1.0,0,0,3.0,0.09,3.0,8.0,3.0,6,11.0,60.0,3,True
1,1,2,0,0,0.0,1,0.17,0,0,1,1.0,4.0,1,0,6,0,19.41,7.22,1012.42,0.05,33.0,0.14,56.25,140.18,1.0,0,0,5.0,0.11,13.0,20.0,9.0,10,9.0,0.0,6,False
0,5,2,0,0,0.0,3,1.0,0,0,3,1.0,10.0,3,1,0,1,0.0,0.0,0.0,0.0,0.0,0.0,0.0,0.0,1.0,0,0,9.0,0.43,0.0,0.0,0.0,0,7.0,0.0,0,False
16,15,6,4,9,24.0,8,0.18,10,2,4,0.5,35.0,1,0,41,1,25.3,43.81,48552.55,0.37,203.0,0.02,2697.36,1108.26,0.13,7,12,29.0,0.11,80.0,123.0,21.0,23,72.0,24.07,45,True
2,5,5,0,0,4.0,3,0.18,2,2,3,1.0,13.0,1,0,17,0,33.91,8.29,2327.82,0.09,63.0,0.12,129.32,280.94,0.33,1,2,12.0,0.14,29.0,34.0,14.0,8,21.0,0.0,17,False
2,5,3,0,0,0.0,3,0.25,0,0,3,1.0,10.0,1,0,12,3,18.35,8.33,1274.38,0.05,36.0,0.12,70.8,152.93,0.33,0,0,9.0,0.2,15.0,21.0,9.0,10,15.0,0.0,12,False
6,7,2,2,7,0.0,4,0.15,0,0,2,0.5,17.0,1,0,25,0,21.41,20.0,8562.11,0.14,96.0,0.05,475.67,428.11,0.25,0,0,15.0,0.1,40.0,56.0,11.0,11,42.0,26.47,27,False
8,5,1,0,3,8.0,3,0.16,4,2,2,0.67,13.0,1,0,19,0,18.18,20.68,7775.68,0.13,82.0,0.05,431.98,375.97,0.33,2,4,12.0,0.09,35.0,47.0,11.0,13,32.0,13.64,19,False
27,3,1,1,23,4.0,2,0.06,2,2,2,1.0,32.0,1,0,33,0,73.68,23.6,41036.32,0.58,339.0,0.04,2279.8,1738.83,0.5,1,2,32.0,0.02,118.0,221.0,25.0,10,86.0,42.11,34,True
0,3,1,0,0,4.0,2,0.33,2,2,2,1.0,5.0,1,0,6,1,18.96,7.64,1105.39,0.05,32.0,0.13,61.41,144.75,0.5,1,2,5.0,0.25,14.0,18.0,11.0,12,8.0,0.0,6,False
4,3,1,1,1,4.0,2,0.22,2,2,2,1.0,7.0,1,0,8,0,11.35,10.08,1154.03,0.04,28.0,0.1,64.11,114.45,0.5,1,2,7.0,0.13,11.0,17.0,6.0,11,16.0,20.0,9,False
20,13,13,1,19,0.0,9,0.17,0,0,9,1.0,35.0,1,0,52,0,46.54,22.39,23328.87,0.35,175.0,0.04,1296.05,1041.98,0.11,0,0,28.0,0.1,62.0,113.0,36.0,26,94.0,27.78,53,False
5,5,3,2,1,8.0,3,0.2,4,2,3,1.0,11.0,1,0,13,0,26.41,6.0,950.74,0.05,38.0,0.17,52.82,158.46,0.33,2,4,10.0,0.13,12.0,26.0,9.0,9,23.0,18.75,15,False
7,11,1,17,7,18.0,6,0.26,8,2,2,0.33,19.0,1,0,6,1,25.52,13.0,4312.2,0.11,69.0,0.08,239.57,331.71,0.17,5,9,15.0,0.15,26.0,43.0,14.0,14,39.0,80.0,23,True
15,31,7,0,0,60.0,16,0.48,30,2,15,0.94,76.0,1,0,33,0,35.6,30.0,32042.61,0.36,230.0,0.03,1780.14,1068.09,0.06,15,30,62.0,0.3,65.0,165.0,13.0,12,54.0,0.0,33,False
6,3,2,3,2,4.0,2,0.15,2,2,2,1.0,9.0,1,0,10,0,16.6,14.06,3280.34,0.08,54.0,0.07,182.24,233.38,0.5,1,2,9.0,0.09,23.0,31.0,9.0,11,23.0,33.33,13,True
4,5,1,0,0,10.0,3,0.33,4,2,1,0.33,8.0,1,0,9,2,10.53,27.0,7675.23,0.09,62.0,0.04,426.4,284.27,0.33,3,5,7.0,0.2,18.0,44.0,6.0,18,15.0,0.0,9,False
7,5,0,0,4,8.0,3,0.13,4,2,1,0.33,13.0,1,0,23,0,28.18,21.82,13416.53,0.2,140.0,0.05,745.36,614.92,0.33,2,4,12.0,0.08,48.0,92.0,11.0,10,36.0,14.81,23,False
14,11,1,2,11,20.0,6,0.24,10,2,2,0.33,22.0,1,0,23,0,18.05,41.17,30592.16,0.25,150.0,0.02,1699.56,743.13,0.17,5,10,18.0,0.12,52.0,98.0,12.0,19,52.0,36.11,25,False
0,3,1,0,0,0.0,2,0.29,0,0,1,0.5,6.0,1,0,7,0,19.99,4.0,319.82,0.03,21.0,0.25,17.77,79.95,0.5,0,0,6.0,0.22,6.0,15.0,6.0,8,9.0,0.0,7,False
1,3,1,0,0,4.0,2,0.29,2,2,2,1.0,5.0,1,0,7,1,20.79,7.5,1169.17,0.05,34.0,0.13,64.95,155.89,0.5,1,2,5.0,0.2,15.0,19.0,12.0,12,10.0,0.0,7,False
0,1,1,0,0,0.0,1,0.17,0,0,1,1.0,2.0,1,0,6,1,15.86,3.5,194.27,0.02,15.0,0.29,10.79,55.51,1.0,0,0,3.0,0.13,6.0,9.0,6.0,7,8.0,0.0,6,False
0,5,0,0,0,0.0,3,0.6,0,0,1,0.33,7.0,3,1,5,1,13.11,4.8,301.96,0.02,17.0,0.21,16.78,62.91,1.0,0,0,6.0,0.5,6.0,11.0,5.0,8,6.0,0.0,5,False
0,1,0,0,0,0.0,1,1.0,0,0,1,1.0,1.0,1,0,0,0,0.0,0.0,0.0,0.0,2.0,0.0,0.0,2.0,1.0,0,0,2.0,1.0,0.0,2.0,0.0,2,1.0,0.0,0,False
9,11,5,0,5,18.0,6,0.16,8,2,3,0.5,27.0,3,0,37,0,32.64,23.38,17851.06,0.25,139.0,0.04,991.73,763.37,0.5,5,9,23.0,0.11,64.0,75.0,26.0,19,53.0,11.9,37,False
0,3,0,0,0,0.0,2,1.0,0,0,1,0.5,6.0,1,0,0,3,0.0,0.0,0.0,0.0,0.0,0.0,0.0,0.0,0.5,0,0,6.0,0.22,0.0,0.0,0.0,0,9.0,0.0,0,False
0,11,1,0,0,0.0,6,1.0,0,0,2,0.33,24.0,4,0,0,1,0.0,0.0,0.0,0.0,0.0,0.0,0.0,0.0,0.67,0,0,20.0,0.21,0.0,0.0,0.0,0,29.0,0.0,0,False
2,7,1,0,0,12.0,4,0.36,6,2,2,0.5,13.0,1,0,11,1,10.18,16.5,2771.94,0.06,43.0,0.06,154.0,168.0,0.25,3,6,11.0,0.27,12.0,31.0,4.0,11,15.0,0.0,11,False
2,13,3,0,1,0.0,7,0.58,0,0,7,1.0,29.0,4,0,12,2,14.49,27.82,11216.64,0.13,83.0,0.04,623.15,403.21,0.57,0,0,24.0,0.44,34.0,49.0,11.0,18,16.0,7.69,12,False
10,17,1,1,3,30.0,9,0.31,14,2,5,0.56,31.0,7,0,28,0,13.96,25.07,8776.91,0.12,81.0,0.04,487.61,350.08,0.78,8,15,24.0,0.2,27.0,54.0,7.0,13,44.0,12.5,29,False
1,5,1,0,0,0.0,3,0.38,0,0,2,0.67,9.0,1,0,8,0,8.27,16.8,2334.76,0.05,34.0,0.06,129.71,138.97,0.33,0,0,8.0,0.25,14.0,20.0,5.0,12,12.0,0.0,8,False
14,11,4,6,12,20.0,6,0.25,10,2,6,1.0,22.0,1,0,18,0,27.07,18.67,9430.96,0.17,104.0,0.05,523.94,505.23,0.17,5,10,18.0,0.12,40.0,64.0,15.0,14,52.0,50.0,24,False
3,1,1,0,2,0.0,1,0.33,0,0,1,1.0,2.0,1,0,3,0,8.72,4.0,139.48,0.01,11.0,0.25,7.75,34.87,1.0,0,0,3.0,0.1,4.0,7.0,3.0,6,10.0,40.0,3,False
10,9,3,2,0,0.0,5,0.28,0,0,3,0.6,17.0,3,0,16,0,15.62,25.83,10423.15,0.13,88.0,0.04,579.06,403.48,0.6,0,0,14.0,0.16,31.0,57.0,9.0,15,32.0,11.11,18,False
0,1,0,0,0,0.0,1,1.0,0,0,1,1.0,1.0,1,0,0,0,0.0,0.0,0.0,0.0,2.0,0.0,0.0,2.0,1.0,0,0,2.0,1.0,0.0,2.0,0.0,2,1.0,0.0,0,False
9,3,3,10,5,4.0,2,0.07,2,2,2,1.0,9.0,1,0,20,0,30.43,17.19,8989.71,0.17,110.0,0.06,499.43,523.03,0.5,1,2,9.0,0.04,50.0,60.0,16.0,11,46.0,42.86,30,True
13,11,3,1,41,0.0,6,0.21,0,0,2,0.33,23.0,3,0,27,4,24.16,30.18,21997.42,0.24,141.0,0.03,1222.08,728.96,0.5,0,0,19.0,0.07,54.0,87.0,17.0,19,85.0,60.87,28,False
0,3,0,0,0,4.0,2,0.33,2,2,1,0.5,6.0,1,0,6,2,9.25,8.0,592.07,0.02,20.0,0.13,32.89,74.01,0.5,1,2,6.0,0.25,10.0,10.0,5.0,8,8.0,0.0,6,False
3,3,1,0,0,4.0,2,0.33,2,2,2,1.0,5.0,1,0,6,0,11.62,3.0,104.61,0.01,11.0,0.33,5.81,34.87,0.5,1,2,5.0,0.18,3.0,8.0,3.0,6,11.0,0.0,6,False
3,7,2,0,0,0.0,4,0.31,0,0,3,0.75,14.0,1,0,13,3,13.35,29.59,11688.41,0.13,79.0,0.03,649.36,395.0,0.25,0,0,12.0,0.24,31.0,48.0,11.0,21,17.0,0.0,13,False
10,13,2,2,5,22.0,7,0.47,10,2,3,0.43,22.0,1,0,13,0,29.5,19.83,11602.5,0.2,117.0,0.05,644.58,585.0,0.14,6,11,17.0,0.21,35.0,82.0,15.0,17,34.0,35.0,15,False
2,143,8,0,0,0.0,72,1.26,0,0,71,0.99,221.0,70,0,57,0,94.78,31.27,92697.93,0.99,482.0,0.03,5149.89,2964.18,0.97,0,0,151.0,1.18,215.0,267.0,55.0,16,61.0,0.0,57,False
77,33,6,23,52,54.0,17,0.21,22,2,4,0.24,66.0,14,0,58,1,39.18,47.64,88914.45,0.62,320.0,0.02,4939.69,1866.52,0.82,16,27,51.0,0.08,131.0,189.0,33.0,24,218.0,56.39,81,False
5,5,1,1,0,8.0,3,0.21,4,2,1,0.33,10.0,1,0,13,1,19.01,14.67,4089.46,0.09,58.0,0.07,227.19,278.83,0.33,2,4,9.0,0.14,22.0,36.0,12.0,16,21.0,7.14,14,True
1,11,2,1,0,16.0,6,0.6,6,2,4,0.67,18.0,5,0,9,1,12.07,14.08,2393.0,0.06,40.0,0.07,132.94,169.92,0.83,5,8,14.0,0.46,13.0,27.0,6.0,13,13.0,10.0,10,False
6,17,2,4,5,26.0,9,0.27,10,2,3,0.33,29.0,1,0,29,0,20.17,30.46,18713.14,0.2,124.0,0.03,1039.61,614.32,0.11,8,13,22.0,0.2,44.0,80.0,13.0,18,46.0,23.68,33,True
6,7,4,1,12,12.0,4,0.13,6,2,4,1.0,17.0,1,0,31,1,30.72,15.0,6911.1,0.15,93.0,0.07,383.95,460.74,0.25,3,6,15.0,0.08,32.0,61.0,16.0,15,52.0,29.55,32,False
0,3,1,0,0,4.0,2,0.33,2,2,1,0.5,7.0,1,0,6,3,9.79,14.3,2002.0,0.05,35.0,0.07,111.22,140.0,0.5,1,2,7.0,0.25,13.0,22.0,5.0,11,8.0,0.0,6,False
2,9,2,0,0,0.0,5,0.5,0,0,4,0.8,21.0,1,0,10,0,17.51,14.17,3513.33,0.08,62.0,0.07,195.19,248.0,0.2,0,0,18.0,0.28,17.0,45.0,6.0,10,18.0,0.0,10,False
0,3,1,4,4,4.0,2,0.22,2,2,1,0.5,7.0,1,0,5,1,7.45,31.17,7238.42,0.08,61.0,0.03,402.13,232.25,0.5,1,2,7.0,0.13,17.0,44.0,3.0,11,15.0,61.54,9,False
5,5,0,3,1,8.0,3,0.14,4,2,1,0.33,10.0,1,0,19,1,16.3,23.33,8879.54,0.13,83.0,0.04,493.31,380.55,0.33,2,4,9.0,0.1,28.0,55.0,9.0,15,30.0,17.39,22,False
33,16,9,12,23,16.0,10,0.23,6,2,8,0.8,33.0,5,0,32,0,43.97,20.29,18111.12,0.3,153.0,0.05,1006.17,892.43,0.5,5,8,25.0,0.1,60.0,93.0,34.0,23,102.0,52.24,44,False
1,1,0,0,0,0.0,1,0.5,0,0,1,1.0,1.0,1,0,2,1,9.83,2.0,39.3,0.01,7.0,0.5,2.18,19.65,1.0,0,0,2.0,0.2,3.0,4.0,3.0,4,5.0,0.0,2,False
3,13,4,4,0,0.0,7,0.26,0,0,7,1.0,27.0,6,0,23,3,25.34,18.21,8406.04,0.15,95.0,0.05,467.0,461.51,0.86,0,0,22.0,0.23,34.0,61.0,14.0,15,31.0,14.81,27,False
5,9,2,1,20,0.0,5,0.28,0,0,4,0.8,17.0,1,0,17,0,17.71,13.85,3394.73,0.08,51.0,0.07,188.6,245.18,0.2,0,0,14.0,0.11,24.0,27.0,13.0,15,45.0,55.26,18,False
0,1,0,0,0,0.0,1,0.5,0,0,1,1.0,1.0,1,0,2,0,12.06,1.5,27.14,0.01,7.0,0.67,1.51,18.09,1.0,0,0,2.0,0.25,3.0,4.0,3.0,3,4.0,0.0,2,False
16,3,2,3,25,4.0,2,0.11,2,2,2,1.0,7.0,1,0,16,2,18.96,13.64,3525.33,0.09,55.0,0.07,195.85,258.51,0.5,1,2,7.0,0.03,20.0,35.0,11.0,15,61.0,63.64,19,False
5,11,5,0,0,20.0,6,0.46,10,2,5,0.83,26.0,1,0,13,0,27.56,14.4,5715.21,0.13,89.0,0.07,317.51,396.89,0.17,5,10,22.0,0.25,24.0,65.0,10.0,12,24.0,0.0,13,False
4,25,24,5,10,0.0,13,0.28,0,0,13,1.0,72.0,11,0,42,0,91.37,13.05,15561.2,0.4,198.0,0.08,864.51,1192.43,0.85,0,0,61.0,0.21,87.0,111.0,50.0,15,63.0,26.32,47,False
4,7,1,0,3,10.0,4,0.33,4,2,2,0.5,14.0,3,0,12,1,17.71,23.0,9367.25,0.14,83.0,0.04,520.4,407.27,0.75,3,5,12.0,0.19,23.0,60.0,10.0,20,21.0,20.0,12,False
1,7,1,0,0,0.0,4,0.44,0,0,3,0.75,16.0,1,0,9,0,8.42,24.0,4849.12,0.07,46.0,0.04,269.4,202.05,0.25,0,0,14.0,0.33,15.0,31.0,5.0,16,12.0,0.0,9,False
24,31,6,25,22,54.0,16,0.18,24,2,4,0.25,62.0,4,0,64,0,40.24,43.62,76555.91,0.59,316.0,0.02,4253.11,1755.25,0.25,15,27,48.0,0.12,108.0,208.0,26.0,21,137.0,42.34,89,True
10,7,1,1,2,4.0,5,0.19,2,2,2,0.4,15.0,1,0,26,1,27.87,12.27,4193.22,0.11,69.0,0.08,232.96,341.84,0.2,1,2,12.0,0.12,23.0,46.0,15.0,16,41.0,10.34,27,True
2,9,2,0,0,0.0,5,0.42,0,0,4,0.8,21.0,1,0,12,0,17.51,14.17,3513.33,0.08,62.0,0.07,195.19,248.0,0.2,0,0,18.0,0.31,17.0,45.0,6.0,10,16.0,0.0,12,False
0,1,1,0,0,0.0,1,0.5,0,0,1,1.0,3.0,1,0,2,0,13.2,7.5,742.43,0.03,26.0,0.13,41.25,98.99,1.0,0,0,4.0,0.2,6.0,20.0,4.0,10,5.0,0.0,2,False
15,7,5,8,6,12.0,4,0.15,6,2,2,0.5,18.0,1,0,19,0,31.79,15.24,7382.54,0.16,93.0,0.07,410.14,484.48,0.25,3,6,16.0,0.08,40.0,53.0,21.0,16,50.0,42.42,27,True
0,1,0,0,0,0.0,1,1.0,0,0,1,1.0,1.0,1,0,0,0,0.0,0.0,0.0,0.0,2.0,0.0,0.0,2.0,1.0,0,0,2.0,1.0,0.0,2.0,0.0,2,1.0,0.0,0,False
18,9,9,0,5,16.0,5,0.12,8,2,4,0.8,30.0,1,0,41,2,46.59,20.85,20251.07,0.32,173.0,0.05,1125.06,971.34,0.2,4,8,27.0,0.07,86.0,87.0,33.0,16,67.0,10.87,41,False
24,19,1,2,20,32.0,10,0.16,14,2,5,0.5,39.0,6,0,59,0,38.85,47.92,89204.84,0.62,341.0,0.02,4955.82,1861.67,0.6,9,16,31.0,0.09,115.0,226.0,24.0,20,107.0,27.16,61,False
0,3,0,0,0,4.0,2,0.18,2,2,1,0.5,6.0,1,0,11,1,6.45,20.0,2578.55,0.04,33.0,0.05,143.25,128.93,0.5,1,2,6.0,0.15,10.0,23.0,3.0,12,13.0,0.0,11,False
22,17,2,4,6,22.0,10,0.26,10,2,2,0.2,32.0,1,0,35,0,23.31,30.11,21129.06,0.23,131.0,0.03,1173.84,701.84,0.1,6,11,24.0,0.14,52.0,79.0,19.0,22,69.0,22.22,39,False
0,1,1,1,0,0.0,1,0.5,0,0,1,1.0,2.0,1,0,1,0,5.33,1.5,12.0,0.0,4.0,0.67,0.67,8.0,1.0,0,0,3.0,0.2,1.0,3.0,1.0,3,5.0,50.0,2,False
6,6,2,4,10,0.0,5,0.19,0,0,5,1.0,13.0,1,0,23,2,27.77,18.5,9505.92,0.17,101.0,0.05,528.11,513.83,0.2,0,0,10.0,0.11,37.0,64.0,17.0,17,45.0,37.84,27,False
90,37,4,26,47,68.0,19,0.17,32,2,5,0.26,80.0,11,0,86,1,41.46,58.45,141635.44,0.81,407.0,0.02,7868.64,2423.36,0.58,18,34,63.0,0.08,173.0,234.0,37.0,25,250.0,45.91,112,False
0,13,7,0,0,0.0,7,1.0,0,0,6,0.86,30.0,1,0,0,1,0.0,0.0,0.0,0.0,0.0,0.0,0.0,0.0,0.14,0,0,25.0,0.07,0.0,0.0,0.0,0,100.0,0.0,0,False
0,3,1,0,0,0.0,2,1.0,0,0,2,1.0,6.0,1,0,0,2,0.0,0.0,0.0,0.0,0.0,0.0,0.0,0.0,0.5,0,0,6.0,0.18,0.0,0.0,0.0,0,11.0,0.0,0,False
60,3,8,8,34,4.0,2,0.06,2,2,2,1.0,14.0,1,0,23,0,47.21,17.87,15085.27,0.28,162.0,0.06,838.07,843.93,0.5,1,2,14.0,0.02,66.0,96.0,24.0,13,126.0,64.62,31,False
0,5,0,0,0,0.0,3,0.6,0,0,1,0.33,7.0,3,1,5,1,13.11,4.8,301.96,0.02,17.0,0.21,16.78,62.91,1.0,0,0,6.0,0.5,6.0,11.0,5.0,8,6.0,0.0,5,False
3,3,0,2,0,4.0,2,0.25,2,2,1,0.5,6.0,1,0,6,0,10.38,9.9,1017.71,0.03,27.0,0.1,56.54,102.8,0.5,1,2,6.0,0.15,11.0,16.0,5.0,9,13.0,25.0,8,True
13,3,1,0,6,4.0,2,0.07,2,2,1,0.5,7.0,1,0,27,1,32.9,19.0,11878.01,0.21,133.0,0.05,659.89,625.16,0.5,1,2,7.0,0.04,38.0,95.0,13.0,13,48.0,18.18,27,False
2,1,3,0,6,0.0,1,0.07,0,0,1,1.0,10.0,1,0,14,0,41.04,6.42,1689.97,0.09,62.0,0.16,93.89,263.37,1.0,0,0,11.0,0.04,22.0,40.0,12.0,7,24.0,30.0,14,False
0,3,0,0,0,0.0,2,0.4,0,0,1,0.5,5.0,1,0,5,2,16.21,4.2,286.08,0.02,19.0,0.24,15.89,68.11,0.5,0,0,5.0,0.33,6.0,13.0,5.0,7,6.0,0.0,5,False
5,33,2,7,6,58.0,17,0.27,26,2,7,0.41,69.0,9,0,55,1,34.37,67.83,158152.05,0.78,409.0,0.01,8786.22,2331.48,0.53,16,29,54.0,0.23,185.0,224.0,30.0,22,75.0,19.12,62,False
0,1,1,0,0,0.0,1,0.33,0,0,1,1.0,2.0,1,0,3,1,9.51,4.0,152.16,0.01,12.0,0.25,8.45,38.04,1.0,0,0,3.0,0.2,4.0,8.0,3.0,6,5.0,0.0,3,False
12,21,2,15,10,40.0,11,0.16,20,2,2,0.18,59.0,1,0,53,5,30.35,65.33,129533.9,0.66,355.0,0.02,7196.33,1982.66,0.09,10,20,50.0,0.11,168.0,187.0,27.0,21,97.0,32.04,68,True
37,15,3,9,70,26.0,8,0.15,12,2,6,0.75,35.0,1,0,46,0,29.04,41.61,50271.95,0.4,220.0,0.02,2792.89,1208.21,0.13,7,13,29.0,0.05,87.0,133.0,23.0,22,163.0,63.2,55,False
0,1,0,0,0,0.0,1,0.5,0,0,1,1.0,1.0,1,0,2,0,15.36,3.5,188.21,0.02,15.0,0.29,10.46,53.77,1.0,0,0,2.0,0.25,5.0,10.0,5.0,7,4.0,0.0,2,False
2,1,1,0,1,0.0,1,0.25,0,0,1,1.0,2.0,1,0,4,0,6.74,3.75,94.75,0.01,9.0,0.27,5.26,25.27,1.0,0,0,3.0,0.11,3.0,6.0,2.0,5,9.0,20.0,4,False
4,5,2,0,0,8.0,3,0.21,4,2,3,1.0,10.0,1,0,14,0,23.96,9.69,2250.48,0.08,50.0,0.1,125.03,232.19,0.33,2,4,9.0,0.15,21.0,29.0,13.0,12,20.0,0.0,14,False
16,19,8,10,6,16.0,11,0.23,6,2,8,0.73,35.0,5,0,38,0,45.92,15.77,11414.37,0.24,127.0,0.06,634.13,723.96,0.45,5,8,26.0,0.15,43.0,84.0,30.0,22,72.0,29.63,48,False
3,3,0,0,0,4.0,2,0.29,2,2,1,0.5,6.0,1,0,7,0,12.33,7.2,639.44,0.03,24.0,0.14,35.52,88.81,0.5,1,2,6.0,0.17,9.0,15.0,5.0,8,12.0,0.0,7,False
2,1,1,0,1,0.0,1,0.5,0,0,1,1.0,2.0,1,0,2,0,5.33,1.5,12.0,0.0,4.0,0.67,0.67,8.0,1.0,0,0,3.0,0.14,1.0,3.0,1.0,3,7.0,33.33,2,False
3,7,2,0,8,0.0,4,0.24,0,0,2,0.5,15.0,3,0,17,7,17.85,11.82,2492.55,0.07,46.0,0.08,138.48,210.91,0.75,0,0,13.0,0.14,20.0,26.0,11.0,13,29.0,32.0,17,False
1,7,1,0,0,0.0,4,0.5,0,0,3,0.75,16.0,1,0,8,0,14.27,14.3,2917.2,0.07,51.0,0.07,162.07,204.0,0.25,0,0,14.0,0.27,13.0,38.0,5.0,11,15.0,0.0,8,False
0,5,1,1,1,0.0,3,0.43,0,0,2,0.67,10.0,1,0,6,0,14.06,8.67,1055.91,0.04,32.0,0.12,58.66,121.84,0.33,0,0,9.0,0.3,13.0,19.0,6.0,8,10.0,25.0,7,False
3,7,1,3,0,8.0,4,0.4,2,4,2,0.5,9.0,4,1,7,0,18.39,9.17,1545.09,0.06,39.0,0.11,85.84,168.56,1.0,3,4,7.0,0.27,15.0,24.0,9.0,11,15.0,30.0,10,True
0,3,0,2,0,4.0,2,0.29,2,2,1,0.5,6.0,1,0,5,3,12.44,9.0,1008.0,0.04,28.0,0.11,56.0,112.0,0.5,1,2,6.0,0.18,14.0,14.0,7.0,9,11.0,28.57,7,False
0,15,1,0,0,0.0,8,1.0,0,0,2,0.25,32.0,4,0,0,1,0.0,0.0,0.0,0.0,0.0,0.0,0.0,0.0,0.5,0,0,26.0,0.3,0.0,0.0,0.0,0,27.0,0.0,0,False
4,3,1,1,0,4.0,2,0.2,2,2,1,0.5,7.0,1,0,9,1,16.64,8.94,1328.8,0.05,35.0,0.11,73.82,148.68,0.5,1,2,7.0,0.13,13.0,22.0,8.0,11,16.0,10.0,10,True
5,1,0,0,15,0.0,1,0.2,0,0,1,1.0,1.0,1,0,5,2,5.8,2.0,23.22,0.0,5.0,0.5,1.29,11.61,1.0,0,0,2.0,0.04,1.0,4.0,1.0,4,26.0,75.0,5,False
15,33,12,2,49,62.0,1,0.01,30,2,1,1.0,79.0,1,0,92,1,74.33,35.24,92334.31,0.87,426.0,0.03,5129.68,2619.79,1.0,16,31,64.0,0.01,157.0,269.0,49.0,22,160.0,35.66,94,False
19,13,3,5,19,24.0,7,0.23,12,2,4,0.57,29.0,5,0,25,0,13.72,40.09,22050.0,0.18,110.0,0.02,1225.0,550.0,0.71,6,12,24.0,0.1,42.0,68.0,11.0,21,70.0,48.98,30,False
0,1,1,0,0,0.0,1,0.5,0,0,1,1.0,2.0,1,0,2,1,9.83,2.0,39.3,0.01,7.0,0.5,2.18,19.65,1.0,0,0,3.0,0.25,3.0,4.0,3.0,4,4.0,0.0,2,False
21,15,3,14,14,28.0,8,0.17,14,2,4,0.5,36.0,1,0,33,0,67.61,22.34,33751.49,0.5,265.0,0.04,1875.08,1510.62,0.13,7,14,30.0,0.1,92.0,173.0,35.0,17,84.0,45.9,47,True
1,1,0,0,0,0.0,1,0.13,0,0,1,1.0,1.0,1,0,8,2,12.08,11.0,1461.18,0.04,34.0,0.09,81.18,132.83,1.0,0,0,2.0,0.09,11.0,23.0,5.0,10,11.0,0.0,8,False
16,11,3,2,0,0.0,10,0.17,0,0,5,0.5,29.0,1,0,58,1,42.24,23.1,22537.68,0.33,172.0,0.04,1252.09,975.66,0.1,0,0,21.0,0.13,66.0,106.0,30.0,21,78.0,3.33,60,False
2,1,1,0,0,0.0,1,0.14,0,0,1,1.0,2.0,1,0,7,1,17.94,6.75,817.52,0.04,31.0,0.15,45.42,121.11,1.0,0,0,3.0,0.09,9.0,22.0,6.0,9,11.0,0.0,7,False
9,7,3,1,5,12.0,4,0.15,6,2,4,1.0,16.0,1,0,26,0,23.42,21.94,11272.23,0.17,101.0,0.05,626.23,513.83,0.25,3,6,14.0,0.09,39.0,62.0,16.0,18,43.0,18.75,27,True
9,7,3,1,5,12.0,4,0.15,6,2,4,1.0,16.0,1,0,26,0,23.42,21.94,11272.23,0.17,101.0,0.05,626.23,513.83,0.25,3,6,14.0,0.09,39.0,62.0,16.0,18,43.0,18.75,27,True
0,1,0,0,0,0.0,1,1.0,0,0,1,1.0,1.0,1,0,0,0,0.0,0.0,0.0,0.0,1.0,0.0,0.0,0.0,1.0,0,0,2.0,1.0,0.0,1.0,0.0,1,1.0,0.0,0,False
16,15,3,2,36,28.0,8,0.12,14,2,2,0.25,36.0,4,0,63,1,25.26,51.45,66858.35,0.43,241.0,0.02,3714.35,1299.55,0.5,7,14,30.0,0.07,85.0,156.0,19.0,23,119.0,37.62,65,False
1,3,0,0,0,0.0,2,0.67,0,0,1,0.5,5.0,1,0,3,0,14.4,7.5,810.0,0.04,27.0,0.13,45.0,108.0,0.5,0,0,5.0,0.33,9.0,18.0,6.0,10,6.0,0.0,3,False
0,1,0,0,0,0.0,1,1.0,0,0,1,1.0,1.0,1,0,0,0,0.0,0.0,0.0,0.0,2.0,0.0,0.0,2.0,1.0,0,0,2.0,1.0,0.0,2.0,0.0,2,1.0,0.0,0,False
7,5,4,1,10,8.0,3,0.14,4,2,3,1.0,14.0,1,0,21,0,37.4,17.11,10951.11,0.21,128.0,0.06,608.4,640.0,0.33,2,4,13.0,0.07,44.0,84.0,18.0,14,42.0,34.38,22,False
11,3,3,3,10,4.0,2,0.08,2,2,2,1.0,8.0,1,0,21,1,23.75,19.5,9030.08,0.15,101.0,0.05,501.67,463.08,0.5,1,2,8.0,0.04,39.0,62.0,12.0,12,47.0,38.24,24,True
0,1,0,0,0,0.0,1,0.5,0,0,1,1.0,1.0,1,0,2,1,7.75,2.0,31.02,0.01,6.0,0.5,1.72,15.51,1.0,0,0,2.0,0.25,2.0,4.0,2.0,4,4.0,0.0,2,False
1,19,5,0,0,0.0,10,0.48,0,0,9,0.9,46.0,1,0,21,0,26.8,22.8,13929.48,0.2,137.0,0.04,773.86,610.94,0.1,0,0,38.0,0.36,38.0,99.0,10.0,12,28.0,0.0,21,False
7,5,5,0,0,4.0,3,0.25,2,2,3,1.0,15.0,1,0,12,0,30.46,3.75,428.33,0.04,30.0,0.27,23.8,114.22,0.33,1,2,14.0,0.11,10.0,20.0,8.0,6,28.0,0.0,12,False
0,39,1,0,0,0.0,24,1.0,0,0,8,0.33,76.0,1,0,0,4,0.0,0.0,0.0,0.0,0.0,0.0,0.0,0.0,0.04,0,0,54.0,0.18,0.0,0.0,0.0,0,131.0,0.0,0,False
2,3,1,0,0,4.0,2,0.29,2,2,2,1.0,6.0,1,0,7,2,10.79,7.2,559.51,0.03,21.0,0.14,31.08,77.71,0.5,1,2,6.0,0.18,9.0,12.0,5.0,8,11.0,0.0,7,False
19,17,10,14,10,28.0,9,0.19,12,2,6,0.67,36.0,1,0,33,0,53.47,15.83,13404.4,0.28,157.0,0.06,744.69,846.59,0.11,8,14,29.0,0.12,57.0,100.0,27.0,15,78.0,42.11,47,True
0,9,1,0,0,0.0,5,1.0,0,0,5,1.0,14.0,5,1,0,1,0.0,0.0,0.0,0.0,0.0,0.0,0.0,0.0,1.0,0,0,11.0,0.36,0.0,0.0,0.0,0,14.0,0.0,0,False
9,1,1,1,3,0.0,1,0.06,0,0,1,1.0,2.0,1,0,15,0,19.12,16.89,5453.58,0.11,79.0,0.06,302.98,322.91,1.0,0,0,3.0,0.03,38.0,41.0,9.0,8,30.0,21.05,16,False
6,5,2,0,0,8.0,3,0.33,4,2,3,1.0,10.0,1,0,9,1,24.93,11.5,3297.36,0.1,61.0,0.09,183.19,286.73,0.33,2,4,9.0,0.18,23.0,38.0,13.0,13,17.0,0.0,9,False
40,33,1,8,23,52.0,17,0.31,20,2,11,0.65,49.0,17,1,46,2,29.38,28.9,24540.17,0.28,163.0,0.03,1363.34,849.14,1.0,16,26,34.0,0.14,68.0,95.0,20.0,17,118.0,40.26,54,False
1,19,0,17,0,0.0,10,0.21,0,0,1,0.1,40.0,8,0,31,3,29.53,47.36,66226.0,0.47,243.0,0.02,3679.22,1398.44,0.8,0,0,32.0,0.2,102.0,141.0,28.0,26,50.0,35.42,48,False
8,5,5,0,19,6.0,3,0.21,2,3,1,0.33,13.0,1,0,14,1,26.68,10.56,2976.12,0.09,58.0,0.09,165.34,281.76,0.33,2,3,12.0,0.07,26.0,32.0,16.0,13,43.0,57.58,14,False
0,1,1,0,0,0.0,1,0.13,0,0,1,1.0,6.0,1,0,8,1,31.52,5.56,972.99,0.06,46.0,0.18,54.06,175.14,1.0,0,0,7.0,0.11,20.0,26.0,9.0,5,9.0,0.0,8,False
0,17,1,0,0,0.0,9,1.0,0,0,2,0.22,31.0,9,1,0,2,0.0,0.0,0.0,0.0,0.0,0.0,0.0,0.0,1.0,0,0,24.0,0.47,0.0,0.0,0.0,0,19.0,0.0,0,False
1,5,2,0,0,0.0,3,0.5,0,0,3,1.0,8.0,3,1,6,0,19.38,5.06,496.63,0.03,24.0,0.2,27.59,98.1,1.0,0,0,7.0,0.3,9.0,15.0,8.0,9,10.0,0.0,6,False
9,11,3,3,10,20.0,6,0.16,10,2,6,1.0,24.0,1,0,35,1,34.2,29.65,30059.84,0.34,201.0,0.03,1669.99,1013.92,0.17,5,10,20.0,0.1,63.0,138.0,17.0,16,59.0,27.08,38,True
1,7,2,0,0,0.0,4,0.4,0,0,3,0.75,16.0,1,0,10,0,17.72,10.83,2080.0,0.06,48.0,0.09,115.56,192.0,0.25,0,0,14.0,0.31,13.0,35.0,6.0,10,13.0,0.0,10,False
0,1,0,0,0,0.0,1,1.0,0,0,1,1.0,1.0,1,0,0,0,0.0,0.0,0.0,0.0,2.0,0.0,0.0,2.0,1.0,0,0,2.0,1.0,0.0,2.0,0.0,2,1.0,0.0,0,False
8,13,2,2,9,22.0,7,0.26,10,2,2,0.29,28.0,3,0,25,0,18.96,42.31,33933.25,0.27,159.0,0.02,1885.18,802.06,0.43,6,11,23.0,0.15,55.0,104.0,13.0,20,46.0,30.56,27,False
4,3,2,3,0,4.0,2,0.18,2,2,1,0.5,8.0,1,0,8,5,18.7,10.18,1938.6,0.06,41.0,0.1,107.7,190.4,0.5,1,2,8.0,0.1,16.0,25.0,11.0,14,21.0,27.27,11,False
0,3,1,0,0,4.0,2,0.22,2,2,2,1.0,7.0,1,0,9,0,11.16,10.5,1230.67,0.04,30.0,0.1,68.37,117.21,0.5,1,2,7.0,0.18,14.0,16.0,6.0,9,11.0,0.0,9,False
22,9,5,8,18,8.0,5,0.14,4,2,5,1.0,22.0,1,0,27,3,30.1,21.5,13912.18,0.22,120.0,0.05,772.9,647.08,0.2,2,4,19.0,0.06,43.0,77.0,21.0,21,77.0,49.06,35,False
1,1,1,0,5,0.0,1,0.14,0,0,1,1.0,4.0,1,0,7,0,14.02,9.75,1333.23,0.05,35.0,0.1,74.07,136.74,1.0,0,0,5.0,0.07,13.0,22.0,6.0,9,15.0,41.67,7,False
0,1,3,0,0,0.0,1,0.17,0,0,1,1.0,4.0,1,0,6,0,15.36,4.2,271.02,0.02,18.0,0.24,15.06,64.53,1.0,0,0,5.0,0.13,6.0,12.0,5.0,7,8.0,0.0,6,False
16,11,11,2,0,12.0,6,0.25,6,2,3,0.5,32.0,5,0,22,0,51.72,11.85,7268.38,0.2,111.0,0.08,403.8,613.12,0.83,3,6,28.0,0.14,49.0,62.0,31.0,15,42.0,8.33,24,False
6,5,3,0,0,8.0,3,0.19,4,2,3,1.0,13.0,1,0,16,0,35.26,7.71,2098.48,0.09,61.0,0.13,116.58,272.03,0.33,2,4,12.0,0.13,27.0,34.0,14.0,8,24.0,0.0,16,False
10,19,4,6,7,0.0,11,0.24,0,0,5,0.45,34.0,3,0,39,1,18.57,60.0,66844.92,0.37,191.0,0.02,3713.61,1114.08,0.27,0,0,25.0,0.17,70.0,121.0,21.0,36,64.0,25.0,45,False
11,29,3,27,11,50.0,15,0.19,22,2,9,0.6,61.0,10,0,51,1,32.25,50.79,83227.41,0.55,295.0,0.02,4623.75,1638.6,0.67,14,25,48.0,0.15,106.0,189.0,24.0,23,102.0,42.7,78,True
14,5,1,2,2,8.0,3,0.02,4,2,2,0.67,11.0,1,0,196,0,201.95,50.69,518878.57,3.41,1472.0,0.02,28826.59,10236.58,0.33,2,4,10.0,0.01,597.0,875.0,106.0,18,216.0,2.0,198,True
16,33,4,16,11,0.0,21,0.21,0,0,12,0.57,72.0,1,0,84,2,22.65,104.25,246186.04,0.79,430.0,0.01,13677.0,2361.5,0.05,0,0,53.0,0.16,139.0,291.0,18.0,27,129.0,24.32,100,False
21,11,3,0,58,20.0,6,0.12,10,2,2,0.33,30.0,1,0,51,1,43.73,22.81,22757.22,0.33,175.0,0.04,1264.29,997.58,0.17,5,10,26.0,0.05,73.0,102.0,32.0,20,132.0,53.21,51,False
0,1,0,0,0,0.0,1,0.1,0,0,1,1.0,1.0,1,0,10,0,20.25,7.2,1049.88,0.05,46.0,0.14,58.33,145.82,1.0,0,0,2.0,0.08,18.0,28.0,5.0,4,12.0,0.0,10,False
8,3,4,0,3,4.0,2,0.2,2,2,2,1.0,8.0,1,0,10,4,40.24,4.43,790.81,0.06,40.0,0.23,43.93,178.38,0.5,1,2,8.0,0.08,19.0,21.0,15.0,7,26.0,23.08,10,False
0,7,0,0,0,0.0,4,1.0,0,0,1,0.25,15.0,1,0,0,2,0.0,0.0,0.0,0.0,0.0,0.0,0.0,0.0,0.25,0,0,13.0,0.33,0.0,0.0,0.0,0,12.0,0.0,0,False
3,5,0,1,0,8.0,3,0.25,4,2,1,0.33,9.0,1,0,11,5,14.12,11.0,1708.56,0.05,38.0,0.09,94.92,155.32,0.33,2,4,8.0,0.14,12.0,26.0,6.0,11,22.0,8.33,12,True
2,1,0,0,0,0.0,1,0.33,0,0,1,1.0,1.0,1,0,3,0,8.98,2.5,56.15,0.01,8.0,0.4,3.12,22.46,1.0,0,0,2.0,0.14,2.0,6.0,2.0,5,7.0,0.0,3,False
4,5,1,0,0,8.0,3,0.3,4,2,2,0.67,11.0,1,0,10,0,21.06,5.85,720.66,0.04,29.0,0.17,40.04,123.19,0.33,2,4,10.0,0.19,13.0,16.0,10.0,9,16.0,0.0,10,False
1,7,1,0,0,0.0,4,0.5,0,0,3,0.75,16.0,1,0,8,0,14.27,14.3,2917.2,0.07,51.0,0.07,162.07,204.0,0.25,0,0,14.0,0.27,13.0,38.0,5.0,11,15.0,0.0,8,False
1,3,0,0,0,4.0,2,0.5,2,2,1,0.5,6.0,1,0,4,4,12.11,6.42,498.63,0.03,21.0,0.16,27.7,77.71,0.5,1,2,6.0,0.18,11.0,10.0,6.0,7,11.0,0.0,4,False
1,3,1,0,0,0.0,2,0.5,0,0,1,0.5,6.0,1,0,4,0,16.65,4.0,266.43,0.02,18.0,0.25,14.8,66.61,0.5,0,0,6.0,0.18,5.0,13.0,5.0,8,11.0,0.0,4,False
7,1,2,0,9,0.0,1,0.11,0,0,1,1.0,4.0,1,0,9,0,28.4,5.73,931.41,0.05,39.0,0.17,51.74,162.63,1.0,0,0,5.0,0.04,18.0,21.0,11.0,7,27.0,50.0,9,False
0,1,0,0,0,0.0,1,1.0,0,0,1,1.0,1.0,1,0,0,0,0.0,0.0,0.0,0.0,2.0,0.0,0.0,2.0,1.0,0,0,2.0,1.0,0.0,2.0,0.0,2,1.0,0.0,0,False
23,19,5,7,16,36.0,10,0.21,18,2,5,0.5,40.0,1,0,41,0,47.86,19.04,17351.18,0.3,169.0,0.05,963.95,911.3,0.1,9,18,32.0,0.11,56.0,113.0,25.0,17,89.0,35.94,48,False
7,3,0,6,9,4.0,2,0.17,2,2,1,0.5,6.0,1,0,6,4,26.79,7.88,1661.41,0.07,54.0,0.13,92.3,210.97,0.5,1,2,6.0,0.06,18.0,36.0,8.0,7,33.0,71.43,12,False
0,1,0,0,0,0.0,1,0.5,0,0,1,1.0,1.0,1,0,2,0,8.15,3.5,99.85,0.01,9.0,0.29,5.55,28.53,1.0,0,0,2.0,0.2,2.0,7.0,2.0,7,5.0,0.0,2,False
20,15,3,8,11,28.0,8,0.18,14,2,3,0.38,32.0,1,0,36,0,33.18,25.65,21826.86,0.28,161.0,0.04,1212.6,850.95,0.13,7,14,26.0,0.1,54.0,107.0,20.0,19,77.0,34.55,44,False
1,3,0,0,0,0.0,2,0.22,0,0,1,0.5,5.0,1,0,9,2,7.33,16.0,1875.31,0.04,30.0,0.06,104.18,117.21,0.5,0,0,5.0,0.18,8.0,22.0,3.0,12,11.0,0.0,9,False
0,1,1,0,0,0.0,1,0.07,0,0,1,1.0,2.0,1,0,14,2,9.51,36.0,12329.41,0.11,99.0,0.03,684.97,342.48,1.0,0,0,3.0,0.06,27.0,72.0,3.0,8,16.0,0.0,14,False
15,1,7,0,6,0.0,1,0.11,0,0,1,1.0,8.0,1,0,9,0,36.46,3.0,328.18,0.04,28.0,0.33,18.23,109.39,1.0,0,0,9.0,0.03,9.0,19.0,9.0,6,32.0,40.0,9,False
5,13,4,0,0,20.0,7,0.37,10,2,6,0.86,29.0,6,0,19,0,20.98,20.4,8729.97,0.14,90.0,0.05,485.0,427.94,0.86,5,10,24.0,0.23,24.0,66.0,10.0,17,30.0,0.0,19,False
0,1,0,0,0,0.0,1,1.0,0,0,1,1.0,1.0,1,0,0,0,6.2,2.5,38.77,0.01,6.0,0.4,2.15,15.51,1.0,0,0,2.0,1.0,1.0,5.0,1.0,5,1.0,0.0,0,False
0,9,1,0,0,0.0,5,1.0,0,0,5,1.0,14.0,5,1,0,1,0.0,0.0,0.0,0.0,0.0,0.0,0.0,0.0,1.0,0,0,11.0,0.36,0.0,0.0,0.0,0,14.0,0.0,0,False
6,1,1,1,0,0.0,1,0.5,0,0,1,1.0,2.0,1,0,1,0,9.83,2.0,39.3,0.01,7.0,0.5,2.18,19.65,1.0,0,0,3.0,0.1,3.0,4.0,3.0,4,10.0,50.0,2,False
0,46,19,0,0,82.0,29,1.0,34,2,26,0.9,96.0,5,0,0,0,0.0,0.0,0.0,0.0,0.0,0.0,0.0,0.0,0.17,24,41,69.0,0.16,0.0,0.0,0.0,0,176.0,0.0,0,False
6,3,0,0,4,4.0,2,0.22,2,2,1,0.5,6.0,1,0,9,1,15.61,9.17,1311.39,0.05,35.0,0.11,72.86,143.06,0.5,1,2,6.0,0.1,10.0,25.0,6.0,11,21.0,30.77,9,False
10,1,1,0,21,0.0,1,0.13,0,0,1,1.0,8.0,1,0,8,1,48.13,6.3,1910.42,0.1,68.0,0.16,106.13,303.24,1.0,0,0,9.0,0.02,27.0,41.0,15.0,7,41.0,72.41,8,False
1,5,1,0,0,0.0,3,0.38,0,0,2,0.67,11.0,1,0,8,0,14.76,9.0,1195.51,0.04,34.0,0.11,66.42,132.83,0.33,0,0,10.0,0.27,9.0,25.0,5.0,10,11.0,0.0,8,False
24,12,8,6,33,12.0,7,0.23,6,2,6,0.86,29.0,1,0,24,0,436.67,14.31,89390.87,2.08,1107.0,0.07,4966.16,6247.75,0.14,3,6,24.0,0.08,31.0,1076.0,26.0,24,88.0,61.9,30,False
9,3,2,0,6,4.0,2,0.2,2,2,2,1.0,9.0,1,0,10,0,18.25,9.0,1478.1,0.05,38.0,0.11,82.12,164.23,0.5,1,2,9.0,0.07,12.0,26.0,8.0,12,27.0,37.5,10,False
0,1,0,0,0,0.0,1,1.0,0,0,1,1.0,1.0,1,0,0,0,0.0,0.0,0.0,0.0,2.0,0.0,0.0,2.0,1.0,0,0,2.0,1.0,0.0,2.0,0.0,2,1.0,0.0,0,False
6,13,3,0,0,0.0,7,0.39,0,0,4,0.57,32.0,1,0,18,0,32.59,13.12,5614.09,0.14,91.0,0.08,311.89,427.74,0.14,0,0,27.0,0.27,42.0,49.0,16.0,10,26.0,0.0,18,False
13,11,3,3,5,20.0,6,0.21,10,2,3,0.5,27.0,1,0,25,0,29.42,20.92,12878.64,0.21,121.0,0.05,715.48,615.58,0.17,5,10,23.0,0.13,53.0,68.0,19.0,15,48.0,24.24,28,False
7,3,0,7,4,4.0,2,0.17,2,2,1,0.5,6.0,1,0,5,3,15.69,10.29,1660.33,0.05,38.0,0.1,92.24,161.42,0.5,1,2,6.0,0.07,12.0,26.0,7.0,12,27.0,68.75,12,True
1,3,1,0,0,0.0,2,0.5,0,0,1,0.5,6.0,1,0,4,0,15.63,5.0,390.69,0.03,20.0,0.2,21.7,78.14,0.5,0,0,6.0,0.18,5.0,15.0,5.0,10,11.0,0.0,4,False
3,1,0,1,0,0.0,1,0.25,0,0,1,1.0,1.0,1,0,3,0,16.5,2.0,66.0,0.01,11.0,0.5,3.67,33.0,1.0,0,0,2.0,0.1,4.0,7.0,4.0,4,10.0,25.0,4,True
2,1,0,0,0,0.0,1,0.2,0,0,1,1.0,1.0,1,0,5,0,18.32,4.5,371.04,0.03,23.0,0.22,20.61,82.45,1.0,0,0,2.0,0.11,9.0,14.0,6.0,6,9.0,0.0,5,False
11,3,1,0,4,4.0,2,0.1,2,2,1,0.5,7.0,1,0,21,0,22.1,19.17,8119.88,0.14,95.0,0.05,451.1,423.65,0.5,1,2,7.0,0.05,46.0,49.0,12.0,10,38.0,16.0,21,False
14,13,3,3,19,24.0,7,0.23,12,2,4,0.57,29.0,5,0,27,0,12.36,44.1,24032.81,0.18,110.0,0.02,1335.16,544.96,0.71,6,12,24.0,0.11,42.0,68.0,10.0,21,65.0,44.9,30,False
0,3,1,0,0,4.0,2,0.2,2,2,2,1.0,6.0,1,0,10,1,16.8,6.43,694.29,0.04,27.0,0.16,38.57,108.0,0.5,1,2,6.0,0.17,10.0,17.0,7.0,9,12.0,0.0,10,False
11,5,6,0,27,8.0,1,0.03,4,2,1,1.0,24.0,1,0,30,1,63.11,17.0,18239.92,0.36,203.0,0.06,1013.33,1072.94,1.0,2,4,23.0,0.01,68.0,135.0,26.0,13,70.0,47.37,30,False
2,40,11,0,1,0.0,26,0.39,0,0,13,0.5,80.0,26,1,67,0,44.63,34.32,52562.96,0.51,270.0,0.03,2920.16,1531.55,1.0,0,0,56.0,0.34,66.0,204.0,25.0,26,76.0,1.47,67,False
2,3,1,0,1,0.0,2,0.29,0,0,2,1.0,5.0,1,0,7,3,17.79,5.63,562.94,0.03,24.0,0.18,31.27,100.08,0.5,0,0,5.0,0.18,9.0,15.0,8.0,10,11.0,12.5,7,False
2,3,0,0,0,4.0,2,0.33,2,2,1,0.5,6.0,1,0,6,0,14.04,2.0,56.15,0.01,10.0,0.5,3.12,28.07,0.5,1,2,6.0,0.2,3.0,7.0,3.0,4,10.0,0.0,6,False
5,1,2,0,1,0.0,1,0.14,0,0,1,1.0,3.0,1,0,7,1,23.5,5.5,710.97,0.04,31.0,0.18,39.5,129.27,1.0,0,0,4.0,0.07,11.0,20.0,9.0,9,15.0,12.5,7,False
24,31,8,52,21,52.0,16,0.15,22,2,10,0.63,61.0,9,0,52,1,45.07,43.48,85224.2,0.65,339.0,0.02,4734.68,1959.88,0.56,15,26,47.0,0.11,121.0,218.0,32.0,23,151.0,58.4,104,True
0,11,2,0,0,0.0,6,1.0,0,0,2,0.33,22.0,6,1,0,2,0.0,0.0,0.0,0.0,0.0,0.0,0.0,0.0,1.0,0,0,18.0,0.43,0.0,0.0,0.0,0,14.0,0.0,0,False
1,5,2,0,0,0.0,3,0.43,0,0,2,0.67,11.0,1,0,7,0,20.26,8.64,1513.68,0.06,42.0,0.12,84.09,175.14,0.33,0,0,10.0,0.21,11.0,31.0,7.0,11,14.0,0.0,7,False
9,17,1,5,6,30.0,9,0.15,14,2,2,0.22,36.0,4,0,54,0,36.36,38.32,53395.15,0.46,241.0,0.03,2966.4,1393.31,0.44,8,15,29.0,0.12,99.0,142.0,31.0,24,76.0,16.92,59,True
3,11,1,2,5,20.0,6,0.21,10,2,4,0.67,25.0,1,0,26,0,30.3,37.24,42015.91,0.38,215.0,0.03,2334.22,1128.3,0.17,5,10,21.0,0.16,92.0,123.0,21.0,17,38.0,21.21,28,False
0,5,1,0,0,0.0,3,1.0,0,0,1,0.33,11.0,1,0,0,1,0.0,0.0,0.0,0.0,0.0,0.0,0.0,0.0,0.33,0,0,10.0,0.23,0.0,0.0,0.0,0,13.0,0.0,0,False
4,3,1,1,1,4.0,2,0.15,2,2,2,1.0,7.0,1,0,12,2,20.95,10.36,2250.27,0.07,48.0,0.1,125.01,217.13,0.5,1,2,7.0,0.1,19.0,29.0,11.0,12,21.0,14.29,13,False
22,5,2,0,6,0.0,4,0.12,0,0,4,1.0,16.0,1,0,33,1,31.97,26.1,21778.37,0.28,159.0,0.04,1209.91,834.42,0.25,0,0,14.0,0.06,58.0,101.0,20.0,18,63.0,15.38,33,False
14,1,1,55,0,0.0,1,0.0,0,0,1,1.0,196.0,1,0,155,0,2246.32,11.67,306039.54,8.74,2833.0,0.09,17002.2,26219.5,1.0,0,0,197.0,0.0,1403.0,1430.0,601.0,10,226.0,26.19,210,True
0,1,0,0,0,0.0,1,1.0,0,0,1,1.0,1.0,1,0,0,0,0.0,0.0,0.0,0.0,2.0,0.0,0.0,2.0,1.0,0,0,2.0,1.0,0.0,2.0,0.0,2,1.0,0.0,0,False
4,5,1,0,8,8.0,3,0.16,4,2,1,0.33,11.0,1,0,19,0,35.24,18.0,11416.47,0.21,120.0,0.06,634.25,634.25,0.33,2,4,10.0,0.09,42.0,78.0,21.0,18,33.0,29.63,19,False
16,8,12,6,10,0.0,5,0.1,0,0,5,1.0,25.0,1,0,46,0,51.13,18.63,17749.77,0.32,160.0,0.05,986.1,952.67,0.2,0,0,22.0,0.06,59.0,101.0,38.0,24,80.0,25.81,52,False
8,1,4,1,4,0.0,1,0.17,0,0,1,1.0,5.0,1,0,5,0,22.5,2.0,90.0,0.02,15.0,0.5,5.0,45.0,1.0,0,0,6.0,0.05,4.0,11.0,4.0,4,20.0,50.0,6,True
32,29,9,45,18,54.0,15,0.14,26,2,5,0.33,70.0,3,0,65,3,59.92,43.25,112076.69,0.86,420.0,0.02,6226.48,2591.37,0.2,14,27,57.0,0.09,173.0,247.0,48.0,24,164.0,49.22,110,False
1,7,3,0,0,0.0,4,0.5,0,0,3,0.75,16.0,1,0,8,0,21.13,9.29,1821.84,0.07,48.0,0.11,101.21,196.2,0.25,0,0,14.0,0.27,13.0,35.0,7.0,10,15.0,0.0,8,False
1,7,0,1,1,10.0,4,0.31,4,2,1,0.25,12.0,3,0,12,1,14.06,11.92,1997.07,0.06,41.0,0.08,110.95,167.59,0.75,3,5,10.0,0.24,13.0,28.0,6.0,11,17.0,14.29,13,False
3,7,2,2,3,10.0,4,0.33,4,2,3,0.75,12.0,4,1,10,5,21.0,15.0,4723.94,0.1,67.0,0.07,262.44,314.93,1.0,3,5,10.0,0.18,30.0,37.0,13.0,13,22.0,33.33,12,False
27,9,3,5,17,14.0,5,0.24,6,2,3,0.6,20.0,3,0,16,1,18.04,21.88,8633.09,0.13,83.0,0.05,479.62,394.66,0.6,4,7,17.0,0.08,35.0,48.0,12.0,15,66.0,57.89,21,False
0,1,1,0,0,0.0,1,0.25,0,0,1,1.0,2.0,1,0,4,1,12.55,4.0,200.76,0.02,14.0,0.25,11.15,50.19,1.0,0,0,3.0,0.2,4.0,10.0,4.0,8,5.0,0.0,4,False
3,1,1,0,0,0.0,1,0.25,0,0,1,1.0,3.0,1,0,4,0,17.28,7.33,929.22,0.04,31.0,0.14,51.62,126.71,1.0,0,0,4.0,0.04,8.0,23.0,6.0,11,23.0,0.0,4,False
1,1,1,0,0,0.0,1,0.25,0,0,1,1.0,2.0,1,0,4,1,10.3,4.0,164.84,0.01,13.0,0.25,9.16,41.21,1.0,0,0,3.0,0.14,4.0,9.0,3.0,6,7.0,0.0,4,False
1,3,1,0,0,0.0,2,1.0,0,0,2,1.0,7.0,1,0,2,0,5.33,1.5,12.0,0.0,4.0,0.67,0.67,8.0,0.5,0,0,7.0,0.4,1.0,3.0,1.0,3,5.0,0.0,2,False
