att1,att2,att3,att4,att5,att6,att7,att8,att9,att10,att11,att12,att13,att14,att15,att16,att17,att18,att19,att20,att21,att22,att23,att24,att25,att26,att27,att28,att29,att30,att31,att32,att33,att34,att35,att36,att37,att38,att39,att40,att41,att42,att43,att44,att45,att46,att47,att48,att49,att50,att51,att52,att53,att54,att55,att56,att57,att58,att59,att60,att61,att62,att63,att64,att65,att66,att67,att68,att69,att70,att71,att72,att73,att74,att75,att76,target
0.13847777,0.45755494,0.15782878,0.10712813,0.32351315,0.22313053,0.67834272,0.13065695,0.4637714,0.20585059,0.26572158,0.38786689,0.25312926,0.48917081,0.08909442,0.00334901,0.19010627,0.18865235,0.27558831,0.15148016,0.24530374,0.25192007,0.14803872,0.26054638,0.02075646,0.08943549,0.03091472,0.15649021,0.22058096,0.15889377,0.13774995,0.14629894,0.21724646,0.17668957,0.02600844,0.1024524,0.07099499,0.08997703,0.13686876,0.06825831,0.07665706,0.15541368,0.19303885,0.12603081,0.11576824,0.17158926,0.09195271,0.07318627,0.03316948,0.06705085,0.07173926,0.02577479,0.16773986,0.08155815,0.09006261,0.12166027,0.03074061,0.04637756,0.07235586,0.11252264,0.07808387,0.15289871,0.18392992,0.1908939,0.11692475,0.13391039,0.15469623,0.13762386,0.21430328,0.20751268,0.19068578,0.09275224,0.27787483,0.06568036,0.12119297,0.0949161,6
0.27388301,0.29599636,0.3960063,0.20443537,0.54037918,0.05839003,0.27483287,0.33053174,0.29840932,0.21772338,0.38747449,0.07589638,0.21309797,0.03551904,0.17080014,0.22800293,0.15126831,0.25804487,0.12742939,0.21874739,0.10487636,0.16305615,0.14402094,0.21722027,0.10610298,0.20724327,0.10465927,0.07798115,0.15857767,0.0472814,0.14480628,0.10607413,0.04615086,0.13031531,0.07936445,0.03872441,0.14446308,0.07013288,0.10603595,0.1065877,0.09292961,0.1259201,0.10677473,0.10116527,0.048222,0.17252943,0.07710626,0.0350711,0.18630531,0.12683637,0.09303668,0.08710193,0.14656309,0.10474744,0.14847006,0.12666337,0.05746899,0.22298386,0.14572689,0.01298482,0.09544675,0.18779722,0.10255087,0.12467301,0.1000975,0.05286344,0.19663741,0.18837089,0.26966413,0.16170044,0.28573542,0.16768884,0.14007065,0.26888639,0.1886877,0.07879189,7
0.17366723,0.52461066,0.19992134,0.25660406,0.14606716,0.23321944,0.10699994,0.25801482,0.28436197,0.22377789,0.00787011,0.20588968,0.08944928,0.11746526,0.1271182,0.17644059,0.07289567,0.20891082,0.0893576,0.07437031,0.13277946,0.13336632,0.11908081,0.12150118,0.09234392,0.10502969,0.13990085,0.07523652,0.12430501,0.15146966,0.08062439,0.10558537,0.06739014,0.0560105,0.08893929,0.10387996,0.02649102,0.09105884,0.04420859,0.05180293,0.07390041,0.10555419,0.04643685,0.07959798,0.07227652,0.08715487,0.0837536,0.10749379,0.09327388,0.12473583,0.06029552,0.02824171,0.0718679,0.07559513,0.08622395,0.09611337,0.11533233,0.07392433,0.11883284,0.10873173,0.12523309,0.15170221,0.02730176,0.04494698,0.10895453,0.10074779,0.14521294,0.26947336,0.09877921,0.10199008,0.23937301,0.21839056,0.28581413,0.56663019,0.08355255,0.4234605,3
0.06853422,0.54457716,0.35511441,0.25712963,0.47873278,0.12519005,0.5585869,0.31660813,0.445189,0.24978755,0.19328592,0.08327232,0.21145594,0.19682364,0.14896047,0.05557759,0.08437983,0.19638798,0.08501626,0.05944164,0.14986751,0.04308258,0.17707855,0.02522327,0.09969391,0.03540261,0.1181348,0.0983706,0.08769459,0.00987307,0.02849506,0.08312061,0.06927485,0.13187895,0.01906587,0.03153477,0.1072759,0.05417015,0.08794097,0.04147103,0.07676787,0.02793859,0.02018292,0.10839661,0.07730019,0.1507592,0.21832017,0.15790119,0.06498183,0.17172585,0.19856451,0.20790938,0.13519625,0.22517183,0.20957132,0.14966395,0.15769845,0.2223526,0.21319601,0.07005515,0.21142293,0.30792755,0.15037193,0.04456778,0.33597373,0.1974349,0.07709805,0.07524634,0.25681458,0.19814042,0.0628067,0.06905781,0.39035691,0.20943953,0.19973545,0.07619438,5
0.33145551,0.24617176,0.32261127,0.21714816,0.41180048,0.13217271,0.26502831,0.41933857,0.32905796,0.02846933,0.22698236,0.20315744,0.22435714,0.14602172,0.20035099,0.10697264,0.15545188,0.23607402,0.19253222,0.06714663,0.2433453,0.13524974,0.13766705,0.17037457,0.209418,0.00407151,0.21743942,0.11474159,0.08524442,0.07149031,0.17899022,0.04177014,0.16338804,0.07267701,0.09504519,0.12446314,0.14796723,0.0370593,0.09416209,0.13496986,0.07963609,0.11734389,0.11513578,0.0288482,0.02678892,0.08765137,0.10619231,0.08417402,0.07738948,0.12448006,0.06305091,0.0569526,0.15490247,0.05047995,0.02022257,0.11245598,0.06517586,0.04937083,0.09080285,0.13136751,0.13510426,0.05678367,0.14768249,0.17072937,0.03616804,0.22097338,0.18464852,0.19116206,0.2859267,0.2268366,0.18027969,0.10913461,0.2468354,0.19329627,0.0291332,0.12964489,7
0.13864214,0.43834438,0.42305437,0.32025674,0.28257557,0.32057573,0.63023594,0.07441996,0.29790567,0.18312926,0.21592837,0.23068726,0.29733996,0.27015394,0.11013941,0.01988415,0.2279754,0.23211087,0.17370529,0.12853979,0.09161257,0.04309742,0.12471406,0.20096278,0.11902342,0.14893269,0.12524853,0.07030358,0.0573163,0.05952133,0.13998799,0.12405789,0.12333307,0.08954663,0.05822618,0.0126564,0.12133466,0.1414901,0.08438855,0.11066138,0.05901297,0.01269091,0.05010377,0.12975907,0.10494205,0.0825247,0.03847789,0.07128308,0.0817134,0.10840666,0.08413139,0.05918477,0.06286801,0.08020825,0.09590322,0.10384614,0.10083024,0.06132275,0.13512011,0.11684451,0.13908015,0.07467316,0.10709791,0.11238773,0.08731891,0.14368023,0.08681737,0.13824422,0.12024834,0.21007123,0.18867699,0.1488483,0.27894989,0.08957448,0.23787463,0.08681047,5
0.15911028,0.58803696,0.15485452,0.3276092,0.01426157,0.23381809,0.12302507,0.20246557,0.21200729,0.10039296,0.17526342,0.13235249,0.13253737,0.03441411,0.18085341,0.10376911,0.19666179,0.06600144,0.12370898,0.20484775,0.09556644,0.16430809,0.08122786,0.1173815,0.15917374,0.12652888,0.08938547,0.13265299,0.04275559,0.07952077,0.13388348,0.07238946,0.11070251,0.05297881,0.06349809,0.11436003,0.12076286,0.07099939,0.10386051,0.09550808,0.10660016,0.12992639,0.07834474,0.06889756,0.06341125,0.03003149,0.05351477,0.06869571,0.06360962,0.08457826,0.06449622,0.04071876,0.08784721,0.12290176,0.04100466,0.07155465,0.08548294,0.11884184,0.00657459,0.09908459,0.08667836,0.07562126,0.05640732,0.16570053,0.11186175,0.08376265,0.11227252,0.17746348,0.14231155,0.2590004,0.06187735,0.11920142,0.1786002,0.5296913,0.2351135,0.5601016,3
0.155643,0.57198431,0.22611651,0.28327902,0.26642467,0.05671578,0.45141437,0.20261913,0.32179022,0.07469034,0.17778711,0.09856321,0.13391707,0.09811723,0.12384718,0.18105762,0.11121085,0.05080104,0.08548843,0.13387914,0.16107051,0.04138968,0.07038086,0.01753922,0.1854561,0.04626743,0.0880015,0.08018611,0.02576116,0.11104552,0.0774282,0.08790801,0.0642807,0.05406547,0.06779706,0.10961409,0.12306308,0.01888729,0.08079424,0.07896395,0.13967053,0.07504946,0.07374515,0.03396459,0.07656091,0.12693505,0.09206492,0.05310064,0.11232072,0.12609553,0.06234331,0.0257712,0.17120706,0.08439127,0.02002101,0.07411899,0.13156204,0.03299022,0.08881919,0.09369969,0.05237369,0.09689465,0.14515066,0.10398724,0.03648169,0.1215392,0.13820689,0.14812217,0.18839418,0.29238373,0.19684415,0.14083322,0.33758595,0.1053701,0.09948552,0.18016631,2
0.19653959,0.43734018,0.09792497,0.15542118,0.23515202,0.20177537,0.68005967,0.18769782,0.4337746,0.28115754,0.18561824,0.27021769,0.25667428,0.49425166,0.09897582,0.09057522,0.29832364,0.20536025,0.16346124,0.05106505,0.10718207,0.12835826,0.15008638,0.20301863,0.09670213,0.23416403,0.14727831,0.20820754,0.15547994,0.07358039,0.10244702,0.08318083,0.09933595,0.05916848,0.1866269,0.13792644,0.1335098,0.0576998,0.15865479,0.13217951,0.08522838,0.07425872,0.10153024,0.13447795,0.08326232,0.0571957,0.01546638,0.04874679,0.08871094,0.0590375,0.08470589,0.10447972,0.05743178,0.06472323,0.12678874,0.10199816,0.1140412,0.12188653,0.12426117,0.12964846,0.1284569,0.16064581,0.115918,0.10314707,0.13978625,0.19666334,0.16288855,0.07354673,0.25061686,0.12630097,0.08807215,0.1138843,0.20667252,0.10643392,0.08888299,0.02509173,6
0.3082632,0.29764764,0.45900938,0.31099262,0.44266051,0.13752333,0.28626048,0.30564818,0.06459083,0.17541716,0.20802344,0.12712437,0.31020895,0.21452962,0.26772168,0.03815762,0.05303958,0.14325296,0.1870442,0.12829318,0.12786093,0.13097705,0.00887812,0.10303015,0.10130357,0.00521796,0.10088705,0.14357434,0.04009765,0.12955466,0.09254819,0.03184955,0.05568308,0.09862475,0.05904477,0.08377927,0.09142561,0.05063632,0.01417316,0.12616497,0.06542643,0.04052652,0.093951,0.04975247,0.10853804,0.22551891,0.12182373,0.15530966,0.21553019,0.17348216,0.20410142,0.12379124,0.1515133,0.25699967,0.11755572,0.06014991,0.23343672,0.19475777,0.01383296,0.08713294,0.26356289,0.13069712,0.12118302,0.13890819,0.21113104,0.24307272,0.1307405,0.18095591,0.34859196,0.14343041,0.19361335,0.12044857,0.15409964,0.189759,0.11669894,0.08801874,7
0.05256687,0.10703474,0.07709253,0.3973339,0.52237316,0.051469,0.3952487,0.07119036,0.33160067,0.16415297,0.02870638,0.18532025,0.07391157,0.240128,0.15688904,0.02473726,0.19165675,0.0385253,0.04432419,0.15081446,0.01828611,0.09281197,0.05942416,0.20220083,0.07580955,0.0212535,0.17521618,0.0263008,0.02950729,0.13081047,0.02133251,0.06733152,0.05078646,0.17016584,0.03803407,0.01742322,0.14499935,0.02977167,0.05166387,0.10718236,0.02524066,0.04417666,0.05227319,0.1460782,0.00525985,0.0188255,0.01390483,0.05868297,0.0290372,0.10146996,0.02794191,0.05964646,0.00491567,0.01534316,0.01432114,0.09914898,0.01864478,0.1348615,0.03053325,0.06706366,0.01297666,0.02583891,0.02613907,0.12082489,0.02348488,0.15583109,0.0385351,0.07241308,0.00600492,0.13292068,0.06974766,0.2769705,0.04390872,0.36929255,0.1195042,0.45841616,1
0.34642488,0.30711937,0.25692081,0.23527574,0.39161517,0.14902153,0.29657335,0.29620194,0.38360715,0.04362708,0.25525155,0.24726755,0.21380882,0.06023548,0.18543985,0.04599477,0.18154133,0.28021277,0.23375249,0.07103766,0.09714444,0.07834615,0.11947314,0.32361889,0.07709826,0.07123955,0.06464554,0.10528113,0.0970441,0.06267951,0.03386585,0.07062027,0.06742025,0.08455386,0.07984545,0.06314693,0.04438055,0.08498286,0.06617428,0.04475996,0.07342233,0.08937865,0.05282724,0.07905568,0.06693822,0.06303995,0.06457244,0.06231975,0.05356228,0.07536922,0.06442981,0.09935319,0.06138921,0.07241756,0.11178856,0.16947647,0.08332642,0.14255219,0.14402537,0.0615081,0.13640539,0.12249752,0.10667071,0.24008151,0.10656997,0.18670223,0.26147391,0.18392418,0.24514906,0.23334924,0.23675574,0.11013794,0.29151414,0.1728898,0.02302996,0.11094794,10
0.18936284,0.65503202,0.1916508,0.468917,0.08323085,0.13414265,0.14140152,0.06514063,0.20189086,0.01286289,0.13763805,0.06871545,0.12381343,0.13965663,0.06802273,0.11439777,0.07417808,0.11843859,0.01366977,0.12627533,0.08431604,0.11679382,0.0705007,0.01839863,0.14433791,0.05373102,0.11970625,0.01309153,0.0833208,0.12507396,0.05603897,0.07567433,0.05288648,0.0442245,0.08504696,0.07241397,0.03629281,0.1099251,0.02676634,0.04802034,0.07969259,0.07502559,0.10734886,0.0412584,0.07208361,0.10693125,0.09738288,0.03500551,0.0887014,0.12514967,0.05514155,0.07193747,0.07619958,0.10349302,0.06781843,0.11428484,0.06616338,0.02956286,0.13054578,0.14936773,0.09889293,0.08467478,0.15029216,0.12406432,0.14437669,0.2165137,0.1165053,0.06241966,0.1796112,0.29882266,0.05009771,0.18985847,0.16541508,0.39977499,0.09374826,0.43442446,3
0.33334134,0.5083768,0.33234942,0.20427681,0.23760299,0.1878989,0.34788447,0.43879636,0.38854533,0.11579888,0.17738577,0.18082845,0.19085243,0.13652511,0.11316368,0.14240463,0.10533783,0.06952508,0.07528444,0.124661,0.11225993,0.10693279,0.03377762,0.0473399,0.1122075,0.09926619,0.05485815,0.09727892,0.08832525,0.07408897,0.07402841,0.09083787,0.07922723,0.13858146,0.10683405,0.07300956,0.06620658,0.11146625,0.08254155,0.04485305,0.07931412,0.12444482,0.10879147,0.06150315,0.11653966,0.07556536,0.03113627,0.05448197,0.06013771,0.08754157,0.08579444,0.0486711,0.10951091,0.06571024,0.05959553,0.05638663,0.09700855,0.04309985,0.07304748,0.18109975,0.05672097,0.12913941,0.19981289,0.06241413,0.1342782,0.13742327,0.08873607,0.26841058,0.03001431,0.26844036,0.34560617,0.36003699,0.43123942,0.37111219,0.29673002,0.22414706,8
0.19029152,0.60415404,0.21726369,0.36220238,0.00879651,0.17692159,0.13268793,0.14805572,0.2453338,0.12946681,0.10274452,0.1123849,0.1222547,0.04298389,0.19322281,0.08209421,0.15832871,0.044408,0.11519886,0.14364429,0.17330694,0.06300548,0.11362021,0.05260588,0.07175314,0.15069138,0.11017566,0.10371725,0.03376543,0.12297521,0.09231644,0.13612821,0.03241699,0.08754441,0.14061548,0.12061679,0.1096367,0.08754129,0.09189175,0.12891491,0.13724823,0.0686816,0.05393166,0.02740941,0.10251305,0.09331756,0.07582595,0.06465692,0.07080956,0.06368372,0.11127964,0.02716226,0.14442658,0.079525,0.04161568,0.03370729,0.15293658,0.10761068,0.06552655,0.02073911,0.06062534,0.10952534,0.17346664,0.09825803,0.10017038,0.04437194,0.19783539,0.09468974,0.22243698,0.24064548,0.08465118,0.11530832,0.23439363,0.48075318,0.15555851,0.5028161,3
0.36236667,0.26115085,0.3594691,0.27756091,0.37343383,0.15681844,0.30172783,0.42368253,0.26178095,0.0481555,0.16184378,0.14815343,0.27804458,0.24832603,0.17371761,0.10497456,0.01801526,0.1315112,0.16518154,0.10224035,0.09836713,0.13782543,0.09741635,0.04216904,0.14104806,0.12213873,0.09441348,0.09816068,0.10691777,0.10028049,0.14409308,0.07425279,0.05170845,0.01350093,0.18417689,0.03756995,0.05361702,0.0428725,0.11126763,0.02467085,0.0872863,0.04091415,0.08511589,0.03161902,0.2016261,0.04568587,0.1201545,0.01625229,0.07824134,0.15918912,0.04647034,0.06021355,0.15689167,0.07455406,0.10861317,0.07056223,0.10176134,0.13179943,0.06178552,0.18621949,0.16392858,0.04785907,0.23637408,0.22732654,0.0470682,0.25856913,0.23220334,0.16457797,0.28697856,0.2526523,0.14076516,0.06568499,0.25092142,0.15954274,0.04320109,0.07793065,7
0.16639697,0.12725804,0.05522922,0.32215874,0.15118231,0.11651916,0.35158681,0.19300811,0.24148668,0.11498576,0.10230531,0.09817253,0.10307074,0.11344726,0.07740707,0.07890289,0.09513995,0.11865075,0.12217209,0.09466822,0.05439585,0.11533671,0.08993394,0.02745237,0.12121705,0.03838837,0.11124069,0.04437699,0.08345522,0.10175394,0.05257119,0.08252773,0.02846074,0.1038982,0.04338435,0.07991689,0.06186411,0.04769738,0.08025859,0.02280513,0.0770509,0.03173302,0.05744888,0.04517907,0.04415169,0.02614109,0.05487632,0.05477196,0.05076122,0.07306907,0.05189204,0.07460421,0.03875973,0.07051952,0.02137101,0.05087242,0.03491922,0.06430826,0.02815348,0.04028573,0.05174743,0.07433826,0.02477462,0.07064649,0.05669337,0.10328055,0.08613799,0.13318218,0.07532307,0.07322071,0.12817575,0.19633967,0.11127068,0.34607374,0.19822613,0.29435227,9
0.24049472,0.26152843,0.47630361,0.13976179,0.46620923,0.14939183,0.31886718,0.46979104,0.42675304,0.12001569,0.27456573,0.10956697,0.08262657,0.17982897,0.29344561,0.15280335,0.03995207,0.11599842,0.12517507,0.176272,0.09147867,0.14775631,0.18492328,0.10033944,0.06348825,0.16685497,0.19275355,0.0790832,0.1151258,0.10657374,0.19083642,0.08323181,0.18415706,0.07750764,0.14275017,0.04817498,0.19041854,0.14498233,0.03108485,0.05963447,0.13483508,0.16078383,0.05752258,0.15377888,0.12859935,0.0381172,0.13049178,0.10275694,0.01418397,0.11086036,0.15403102,0.03446686,0.03055609,0.12860978,0.00653042,0.14694699,0.12306311,0.06740983,0.16329416,0.18596115,0.19695404,0.07689391,0.18675928,0.03965217,0.0818855,0.15606789,0.04483416,0.2151728,0.31206345,0.18859032,0.25541169,0.25536787,0.41444705,0.18535024,0.20115844,0.30375781,2
0.18380198,0.51671397,0.2759943,0.24268616,0.11936381,0.21670609,0.07396565,0.21276368,0.23507727,0.21589071,0.03738785,0.201846,0.05667641,0.08051969,0.08814195,0.19467631,0.02859313,0.17897753,0.01379118,0.07603762,0.11678072,0.1593773,0.09847306,0.11131628,0.10693608,0.08523525,0.16428423,0.12483065,0.08182749,0.10570788,0.14433484,0.1202022,0.16178485,0.09576749,0.03464745,0.11816109,0.11091118,0.1165552,0.14353307,0.05924563,0.02118679,0.11927396,0.10980967,0.12248847,0.07740054,0.04373039,0.02962509,0.04571142,0.09387962,0.05181236,0.07609434,0.0898975,0.02512779,0.02670753,0.13472359,0.08063859,0.09140189,0.05739502,0.0417994,0.06435919,0.10146987,0.0876051,0.09163321,0.10714924,0.06810172,0.05855495,0.16364292,0.18537247,0.14073044,0.11053881,0.21204865,0.10125241,0.30966289,0.52022361,0.03020972,0.45134005,3
0.17182454,0.29877549,0.47514502,0.13028255,0.20734617,0.03728196,0.29985111,0.44962105,0.15931657,0.19245132,0.10751356,0.03876284,0.07671051,0.13702868,0.16228172,0.0452949,0.07626236,0.05534346,0.08406335,0.21694481,0.14395179,0.02261327,0.02610222,0.03880501,0.15633366,0.09716471,0.05115445,0.02888422,0.03569919,0.20954787,0.13071899,0.03731184,0.02854728,0.023437,0.1777432,0.11738288,0.04994957,0.05061987,0.03498164,0.18674033,0.12024607,0.03220562,0.01616735,0.01303615,0.0819524,0.04521914,0.04550862,0.03207788,0.05564981,0.06035448,0.0488041,0.03314622,0.09731964,0.05471109,0.03644749,0.04914878,0.07216248,0.05516752,0.10012587,0.01512973,0.10682919,0.0672225,0.08382189,0.0847035,0.0932384,0.04830068,0.12053428,0.07887758,0.13226158,0.10285376,0.11483663,0.07567856,0.04871395,0.10802735,0.06054895,0.12609816,4
0.25674686,0.51960018,0.33643396,0.18641784,0.25707078,0.18981421,0.29720198,0.45862093,0.28680943,0.14037637,0.1394229,0.21948209,0.1227019,0.16366857,0.11340369,0.16585398,0.07274775,0.09764795,0.01714601,0.12402564,0.09237062,0.10880277,0.04708689,0.09675507,0.09742371,0.09291905,0.0621848,0.07668463,0.10200864,0.07632558,0.06338993,0.06245296,0.12109378,0.06421957,0.06392424,0.07203042,0.12721517,0.05927837,0.0845287,0.07348192,0.10998728,0.06213843,0.08223366,0.06175601,0.01710359,0.08334793,0.09086941,0.05468694,0.06538228,0.08578832,0.06983613,0.07149845,0.12040165,0.04089296,0.12425433,0.15680853,0.04637512,0.15265564,0.14834164,0.09422575,0.1570699,0.07230343,0.0922867,0.09905542,0.10333433,0.04906239,0.19202679,0.31021424,0.09879772,0.28111505,0.45628155,0.24187577,0.45037658,0.36111411,0.30724986,0.09605425,8
0.16381607,0.38633644,0.49294101,0.19711064,0.18567341,0.28487072,0.07207403,0.17051278,0.32965309,0.17274926,0.19006499,0.16089258,0.08161855,0.07674964,0.10474394,0.11210852,0.14901006,0.10873365,0.12630606,0.06589831,0.09763522,0.129588,0.05628442,0.08371467,0.08403098,0.08996562,0.09578529,0.10567324,0.11142682,0.07650137,0.08201017,0.09685213,0.09601884,0.07079081,0.0589647,0.06985016,0.06617544,0.07397359,0.05268015,0.05850446,0.04313606,0.04816688,0.06401833,0.06291294,0.09723184,0.11800575,0.07089028,0.04871287,0.11004025,0.1016631,0.07274277,0.02006971,0.07650501,0.08934952,0.08279141,0.0288094,0.06839765,0.11504155,0.0675322,0.03254474,0.0907457,0.12753163,0.08505475,0.02143579,0.12525146,0.09715663,0.10804288,0.06008243,0.09696671,0.12919681,0.14939394,0.10562604,0.05195029,0.13350633,0.33904899,0.04302704,2
0.19900454,0.5363234,0.38458465,0.23530223,0.40883401,0.10817148,0.4131535,0.20327086,0.39115885,0.16300344,0.26037822,0.21616384,0.24446669,0.06363639,0.14910108,0.24515737,0.02664248,0.14813439,0.03271936,0.19145468,0.06726214,0.09839474,0.10007504,0.06442019,0.05814275,0.07853265,0.11325785,0.09231342,0.03256582,0.09388642,0.13289386,0.10406307,0.03905803,0.09521758,0.15938727,0.1189528,0.05583122,0.10958064,0.0807533,0.13854943,0.02863901,0.14076943,0.06357684,0.02137283,0.14495541,0.06228143,0.08905862,0.08798111,0.07844963,0.08098852,0.12128114,0.08210764,0.05495664,0.172495,0.11395591,0.04082037,0.17374249,0.15620686,0.05786213,0.07233464,0.14558796,0.03523476,0.06848459,0.23047639,0.06343502,0.12645987,0.25377594,0.20015515,0.26308392,0.3085382,0.18516196,0.14868505,0.44086771,0.21150738,0.06170164,0.16441347,5
0.28300691,0.5719294,0.38376872,0.30837609,0.21824988,0.12680045,0.24824583,0.37524144,0.17708872,0.14304245,0.15548101,0.21508467,0.13987981,0.17901598,0.10230223,0.15799801,0.12343492,0.11758953,0.03539378,0.12992907,0.13811049,0.1205721,0.05117099,0.0702256,0.13341281,0.09381656,0.09829623,0.09461318,0.04347126,0.08304025,0.12665367,0.08396137,0.0756581,0.11964041,0.137605,0.04861961,0.09927638,0.10166906,0.0437775,0.05733679,0.12309262,0.10669308,0.07995141,0.08566479,0.10305507,0.15077134,0.06091692,0.02355905,0.12708038,0.04156054,0.08796208,0.11801956,0.09373239,0.11501059,0.1452446,0.09637596,0.13364882,0.08177769,0.01144966,0.15958536,0.03412303,0.12990897,0.2612744,0.15694713,0.17643446,0.22724008,0.02270881,0.13538786,0.05313633,0.187055,0.31832341,0.24382889,0.40083412,0.39792533,0.27448994,0.20715429,8
0.31220033,0.49462956,0.44778419,0.22845263,0.33949083,0.15747112,0.30583396,0.39171537,0.32667634,0.04261978,0.24853339,0.12763869,0.20135479,0.12324213,0.25681156,0.07760158,0.13300032,0.04579281,0.06927682,0.08570508,0.12588294,0.02266731,0.09676741,0.03821212,0.11213409,0.03675655,0.12600121,0.04743158,0.17223421,0.06938521,0.11560829,0.0563116,0.11480047,0.04431736,0.11812532,0.064291,0.09678612,0.07703314,0.09167116,0.06230296,0.09776828,0.09076015,0.08029169,0.07740041,0.12659231,0.13871415,0.14146018,0.06119233,0.10291874,0.12765036,0.07156895,0.20232854,0.11886881,0.09196367,0.23616589,0.18496492,0.09715335,0.25529051,0.19307686,0.05044849,0.26142192,0.16751286,0.08022836,0.22103878,0.09017166,0.12871176,0.3399634,0.23983177,0.23610946,0.37886898,0.31979376,0.08298934,0.44050446,0.31738381,0.11549828,0.17421636,5
0.16723728,0.71032422,0.09116664,0.61236143,0.05832593,0.14416832,0.36838451,0.22551288,0.43493964,0.10396706,0.11877719,0.21852738,0.11468745,0.12644425,0.12848212,0.13474639,0.15273861,0.09126509,0.04819606,0.13056655,0.14719596,0.10423088,0.08079055,0.06196378,0.11680799,0.15855045,0.09608254,0.05957932,0.06912069,0.09984246,0.14886706,0.11533384,0.06041139,0.07256889,0.09158253,0.11293035,0.11463545,0.10386131,0.09914243,0.09227269,0.08753002,0.10318115,0.11837017,0.08683483,0.06880341,0.09019664,0.08301043,0.0498539,0.06636674,0.087741,0.07852433,0.08756877,0.0682142,0.08071721,0.07869198,0.10202719,0.08070175,0.09656209,0.03914099,0.10719513,0.11275986,0.10619442,0.03361504,0.05954623,0.15651524,0.11680272,0.10899705,0.0457119,0.18560301,0.13786001,0.16021886,0.0924668,0.20224303,0.11732299,0.21054473,0.08668131,4
0.14441756,0.12851763,0.10618019,0.22458869,0.09776317,0.06139122,0.31858204,0.07291413,0.37383769,0.0982067,0.07337895,0.09658382,0.03911737,0.03549761,0.06098751,0.05988889,0.08466144,0.03238405,0.08077354,0.02673008,0.09905678,0.08588603,0.03539391,0.05904942,0.02433556,0.09341078,0.05837587,0.0061633,0.0226306,0.04957914,0.08045114,0.04494955,0.02196721,0.0196637,0.07426595,0.07699022,0.03610162,0.02813601,0.01291599,0.08839459,0.08399919,0.01118925,0.01127826,0.02333989,0.03392109,0.07545482,0.04610211,0.03063872,0.06128868,0.06459457,0.03827608,0.00607729,0.06625212,0.0457665,0.07375511,0.0351175,0.06913261,0.02034579,0.073382,0.08223553,0.09919504,0.03842298,0.10097047,0.08454701,0.11149109,0.08321148,0.02863802,0.06507664,0.07275901,0.05104028,0.05389858,0.18848073,0.06603945,0.37040543,0.19367972,0.35469884,9
0.09124443,0.18468828,0.05514412,0.3079655,0.55623199,0.02708286,0.42355161,0.06489301,0.36347018,0.12336238,0.05102645,0.18332816,0.05704361,0.26826387,0.18962199,0.03760448,0.16972159,0.06282262,0.04266698,0.10689342,0.05742718,0.10106724,0.03936645,0.1747665,0.11656605,0.06200323,0.11833715,0.05791598,0.01614267,0.08334073,0.05789301,0.06025735,0.05687021,0.1119809,0.08350343,0.08418477,0.08600693,0.05924293,0.01840145,0.05842803,0.04564935,0.05180874,0.06136321,0.06797825,0.11957115,0.06924943,0.03131324,0.01249593,0.03326781,0.04889082,0.14195659,0.06550409,0.11051848,0.0990274,0.0394569,0.07583788,0.0297545,0.08713124,0.11996851,0.06045486,0.09538063,0.14137113,0.0268909,0.12412913,0.0185806,0.14047843,0.13739962,0.08686686,0.09457068,0.23296848,0.08668041,0.32567094,0.01342933,0.38453612,0.08437784,0.36167601,1
0.16795958,0.40862548,0.1128929,0.23454197,0.23651385,0.40085979,0.30522344,0.39439322,0.13096385,0.27188277,0.27812381,0.1042155,0.20762829,0.26164846,0.18145876,0.20214153,0.27266117,0.0580572,0.11550995,0.10050105,0.17083948,0.24203192,0.08812047,0.08413006,0.04793813,0.17706615,0.22499452,0.13708847,0.10794728,0.05267099,0.12151011,0.24133115,0.21307254,0.05446956,0.05018649,0.07408335,0.16541406,0.18599771,0.13817575,0.04964818,0.0691267,0.14120974,0.17699582,0.17036641,0.0408,0.0973964,0.03142892,0.05768319,0.01782443,0.07629858,0.07137178,0.04342186,0.04158144,0.07682399,0.1242381,0.07303756,0.0566086,0.05665399,0.11793917,0.07366991,0.04400112,0.0793221,0.14085394,0.05768861,0.11328509,0.14380804,0.14720699,0.19271727,0.1710824,0.12687497,0.00824042,0.12296073,0.12552436,0.26629662,0.40451452,0.24139964,4
0.2642302,0.60358773,0.40879471,0.41604657,0.23036364,0.04229564,0.23339327,0.16297732,0.12084554,0.16861938,0.24823847,0.08405297,0.1669165,0.15704505,0.16688201,0.06185092,0.2245186,0.14004586,0.04769422,0.09872241,0.21226897,0.09734246,0.09687771,0.1271874,0.15769036,0.08487473,0.15935586,0.10718129,0.05430799,0.06659893,0.15364243,0.10361135,0.11217723,0.06589004,0.13630813,0.10891431,0.13577841,0.0765363,0.1225917,0.08592871,0.11067843,0.08670475,0.15831321,0.03337621,0.13111703,0.08481549,0.07713038,0.09173648,0.01659725,0.10441698,0.13958199,0.12356046,0.13456605,0.12682907,0.0812314,0.06604337,0.09480468,0.04728295,0.15792872,0.14612188,0.07855737,0.18343239,0.09057208,0.07028778,0.1971033,0.07844996,0.11047119,0.10717323,0.01132834,0.23168905,0.14461947,0.1831187,0.39665892,0.35297006,0.16184951,0.28780928,8
0.21454088,0.17340112,0.30370045,0.10477136,0.33509377,0.14015113,0.46716824,0.38759538,0.25913048,0.09498467,0.05330822,0.21546129,0.21482144,0.30612824,0.04475707,0.17568445,0.0928022,0.15036764,0.1193765,0.12401448,0.1357357,0.15232912,0.10440014,0.04801541,0.14138261,0.142318,0.06973957,0.09578801,0.1885208,0.13368535,0.06006303,0.03863986,0.16058298,0.06315773,0.08093289,0.03165009,0.12317102,0.0713812,0.03022824,0.0419767,0.09988841,0.07303728,0.09042918,0.05763147,0.11660466,0.08258098,0.10560802,0.04566899,0.11381067,0.131492,0.03725007,0.06986198,0.13754883,0.02163825,0.04035792,0.12679388,0.07767949,0.01967748,0.16505947,0.15497705,0.03499655,0.20863838,0.10920646,0.08137071,0.17366623,0.12750288,0.18288628,0.14125876,0.16533234,0.28990086,0.16228909,0.09958699,0.30030489,0.2325839,0.08781995,0.14299035,10
0.06289162,0.17184994,0.07110408,0.29571229,0.56895141,0.0694724,0.39773641,0.11301379,0.34790583,0.10903781,0.06843722,0.23396425,0.1062392,0.32429315,0.1965644,0.06340571,0.1228165,0.09036714,0.06898299,0.10351993,0.05719367,0.10878323,0.10480753,0.13798488,0.12301075,0.05326299,0.11149947,0.08411985,0.06093142,0.09648878,0.05202091,0.07189824,0.06445875,0.12113223,0.08946755,0.0586562,0.11029278,0.06262359,0.04663849,0.09044845,0.05114402,0.05957072,0.05682668,0.10258703,0.04577412,0.09244681,0.01132246,0.10251656,0.01977583,0.10597789,0.03631927,0.06050236,0.04209747,0.1029927,0.03795489,0.15116334,0.01703946,0.12880427,0.01031663,0.04342571,0.03598666,0.12629534,0.06337874,0.18454981,0.01290443,0.16117003,0.0495267,0.0538399,0.02116468,0.22078082,0.05038906,0.29974136,0.03813264,0.41917343,0.07243982,0.36324314,1
0.06196956,0.1983584,0.11123936,0.25346021,0.60845534,0.02363068,0.41524633,0.09186634,0.30931014,0.04914196,0.09329785,0.31555225,0.05180936,0.38867408,0.21683456,0.04958129,0.04923336,0.15687325,0.20655371,0.04225524,0.10294857,0.15543924,0.05988541,0.05897485,0.12553763,0.05814712,0.06762978,0.1483368,0.11709698,0.05025857,0.07890939,0.08528853,0.08222084,0.08017575,0.07686287,0.05843574,0.06246014,0.08232977,0.0459874,0.04348229,0.06776753,0.06013164,0.06349254,0.07077744,0.04783511,0.07273317,0.07632727,0.05671962,0.06638502,0.05233161,0.04953541,0.08441428,0.04812463,0.1074421,0.05739412,0.10858039,0.07284424,0.07120772,0.05261301,0.10277661,0.0262826,0.16288408,0.06354557,0.18555242,0.05064647,0.13066141,0.02100367,0.1069604,0.03228278,0.24856505,0.0156737,0.38627572,0.03948148,0.43470075,0.06921835,0.40540344,1
0.13405367,0.51034146,0.36650601,0.49233573,0.17102313,0.06665811,0.22269822,0.10602442,0.16973047,0.06673102,0.08353026,0.16554947,0.05927336,0.17709038,0.08962171,0.08803784,0.15003305,0.0540006,0.06557693,0.03495232,0.12913501,0.10536686,0.07227197,0.07910305,0.08120883,0.14161509,0.07243721,0.07529616,0.05202228,0.12601048,0.1659712,0.00735413,0.0797257,0.04572583,0.17358322,0.12661927,0.02692851,0.08784245,0.02908167,0.17514973,0.10248994,0.05049939,0.07974474,0.00822765,0.10679848,0.03668434,0.02728357,0.04249242,0.07421205,0.03938393,0.06800467,0.0606154,0.05347656,0.10024217,0.06661851,0.08879376,0.07353405,0.12953974,0.09089641,0.10387149,0.13448064,0.14842466,0.07458062,0.01756644,0.16459471,0.11810712,0.05322941,0.05594177,0.19051217,0.13383609,0.13633058,0.03458396,0.25151801,0.11621408,0.14076089,0.10640191,2
0.06921153,0.44049073,0.40770228,0.14594215,0.47539607,0.13845256,0.44317934,0.3629446,0.31277546,0.3499332,0.07895662,0.05387371,0.27846298,0.11362283,0.2764876,0.17788882,0.11393619,0.13831183,0.11223166,0.15291177,0.11383046,0.12565325,0.21648977,0.07145157,0.15941036,0.15173001,0.15730175,0.09602,0.09840969,0.08978014,0.15830383,0.07832041,0.0533509,0.08139296,0.10423604,0.11218104,0.0791062,0.02585429,0.11280438,0.12513068,0.11566577,0.03056436,0.05433472,0.08906574,0.1523147,0.07399933,0.01875923,0.0768565,0.18468801,0.04634297,0.01948457,0.06188,0.13914521,0.05991547,0.06630341,0.11377801,0.11805275,0.09470399,0.11126545,0.13252879,0.07028476,0.1175061,0.13836618,0.15702143,0.13021222,0.15876098,0.1688072,0.14708006,0.08344995,0.10252236,0.13621423,0.15828412,0.28451997,0.05271988,0.23314607,0.03884379,5
0.17997031,0.45838182,0.46475095,0.14807566,0.49292813,0.11824086,0.46109835,0.34633605,0.36124057,0.27627231,0.20112997,0.13721861,0.23858543,0.03822779,0.04195408,0.18787627,0.03821222,0.07502035,0.0341789,0.13043822,0.18197535,0.06946585,0.13040726,0.13985373,0.16796779,0.17255257,0.10377537,0.15185393,0.07229574,0.17001318,0.06827573,0.15504565,0.0739538,0.06094016,0.05029967,0.12255539,0.10742147,0.03596094,0.04951812,0.10156027,0.10141801,0.07827693,0.04138046,0.12495418,0.07193398,0.15286013,0.03847325,0.10543421,0.17669057,0.11108383,0.04999448,0.13711859,0.14302333,0.04811781,0.10702237,0.10998563,0.07352963,0.07635538,0.16358919,0.0930679,0.04846618,0.18508635,0.1935488,0.12974026,0.23684882,0.23720563,0.1909563,0.11030326,0.35359173,0.22160014,0.12815889,0.15286693,0.3997242,0.09819067,0.16580089,0.20011021,5
0.12152038,0.23638318,0.0799603,0.44678216,0.06437331,0.09118087,0.16838531,0.03476691,0.1749817,0.06316259,0.09573854,0.0966246,0.03987368,0.11744975,0.06789883,0.09359085,0.0835259,0.01950194,0.07114252,0.08033461,0.08802621,0.09384507,0.0140643,0.04071193,0.09562394,0.08031765,0.06137492,0.03502598,0.03684215,0.10762845,0.06605182,0.03972399,0.05635099,0.01891937,0.1122672,0.05418483,0.03558312,0.06244524,0.01444471,0.10805676,0.04472332,0.04584468,0.07107325,0.0279164,0.03511925,0.06225883,0.04380961,0.0359998,0.03280225,0.05015506,0.05259335,0.03889493,0.03749002,0.02262189,0.05682486,0.06113247,0.0507121,0.03527662,0.06288063,0.05391992,0.06148998,0.08120626,0.04704422,0.01710261,0.07128045,0.08590565,0.05209443,0.02674256,0.08681171,0.10371443,0.02813541,0.06906959,0.09089446,0.24183584,0.06782488,0.32249778,9
0.28716477,0.56398389,0.36530195,0.3160443,0.25053618,0.14070378,0.26623042,0.36219446,0.21388418,0.13119729,0.21974144,0.18983978,0.16279347,0.19290082,0.18394739,0.12890042,0.13448912,0.13656304,0.08125321,0.12904732,0.1387191,0.09786753,0.0269275,0.06842635,0.16316702,0.08952087,0.0180881,0.09501471,0.09191026,0.0924619,0.06200601,0.10173083,0.06380416,0.07413142,0.11844387,0.11931099,0.03958819,0.08719789,0.0529183,0.10665005,0.02822958,0.1050346,0.04329553,0.05708758,0.16329591,0.12744687,0.04869115,0.05723445,0.09995622,0.11426857,0.12436812,0.16382477,0.15964891,0.17157282,0.12207646,0.02203268,0.15432042,0.03576004,0.11495352,0.20183673,0.10368013,0.21069063,0.22295106,0.13579372,0.21630465,0.16293324,0.0468242,0.13793768,0.00392586,0.26637956,0.26702044,0.27237248,0.42075331,0.3883748,0.24987193,0.2452169,8
0.24902879,0.522886,0.3611163,0.27375531,0.30549494,0.15955863,0.33467119,0.35759946,0.25298087,0.06775487,0.22208653,0.20918477,0.17617578,0.15888509,0.15302023,0.15729006,0.11149088,0.10664923,0.14007577,0.1389332,0.03627233,0.09313732,0.12845028,0.10560706,0.06584988,0.12606957,0.11236042,0.07599497,0.12309136,0.13536448,0.08282368,0.06179323,0.11105888,0.11989213,0.05833666,0.04309418,0.10762915,0.12419556,0.04382509,0.04556847,0.12765078,0.09941121,0.01103852,0.09759481,0.03884356,0.10213784,0.12429473,0.03897974,0.12525027,0.1259239,0.02522116,0.10399998,0.11366484,0.06383927,0.13842489,0.11682532,0.10870556,0.16020898,0.09848536,0.075872,0.14621318,0.10763016,0.04606551,0.11903716,0.08188887,0.02037881,0.23834926,0.3259028,0.11750224,0.37574134,0.37235729,0.28484851,0.44144285,0.42270179,0.2016476,0.1035869,8
0.04485929,0.16650201,0.03146569,0.28135178,0.57126765,0.03748778,0.42647899,0.02887288,0.40164302,0.08944925,0.0395581,0.21117072,0.05039287,0.37654033,0.17345882,0.05082031,0.15055765,0.05014215,0.07522267,0.08151918,0.03215422,0.10293352,0.05897694,0.19373386,0.08681837,0.06041033,0.10448274,0.03316545,0.05731024,0.06931828,0.03086872,0.06840909,0.05279742,0.10189577,0.0513839,0.05945765,0.06236625,0.0498941,0.03458303,0.05422441,0.02878136,0.04583503,0.04936529,0.05658822,0.06813731,0.03913825,0.03548832,0.07300643,0.03340696,0.06037773,0.06981196,0.04560438,0.06868471,0.06918424,0.04961056,0.10417953,0.0363886,0.09254131,0.09656023,0.07723188,0.07172493,0.11834801,0.0336099,0.18206443,0.03941167,0.13380273,0.08999734,0.09566374,0.07107734,0.24569885,0.03192198,0.37196269,0.02563079,0.42327822,0.04859648,0.35596151,1
0.13314195,0.47489278,0.1547889,0.15892538,0.17008356,0.01891441,0.60007821,0.25705934,0.52104348,0.17256328,0.33389926,0.14645659,0.20034688,0.19889895,0.05810855,0.13670879,0.21480361,0.20895225,0.10563084,0.20819503,0.09589233,0.02326992,0.03263602,0.20353509,0.10605145,0.22579162,0.1420353,0.12610743,0.05536514,0.1273741,0.03158734,0.05312424,0.18338514,0.080854,0.15973443,0.10739851,0.16494917,0.07731372,0.03588694,0.01859639,0.06826817,0.11504956,0.14151443,0.09363611,0.1248688,0.13394543,0.10500235,0.07411965,0.12223445,0.08071543,0.04133242,0.07568225,0.08447623,0.15273622,0.15869503,0.13173048,0.07163422,0.1166201,0.08938966,0.03558408,0.20243241,0.14942234,0.08537709,0.09762447,0.05460131,0.06988738,0.13236942,0.1224342,0.25176983,0.20335119,0.19148042,0.10196319,0.25662973,0.11199996,0.18258663,0.11312751,6
0.1786042,0.46900674,0.1280244,0.30468792,0.37004559,0.2978445,0.6109373,0.1138648,0.48894872,0.30507845,0.15380656,0.27713761,0.28395604,0.34853115,0.13461442,0.11832926,0.25844367,0.22425989,0.18643331,0.10456585,0.09397009,0.12713868,0.24881609,0.18383241,0.06940387,0.06556191,0.09609712,0.22610593,0.25331905,0.08765112,0.02426781,0.05713583,0.0930614,0.21821425,0.05797138,0.09782273,0.12160863,0.15951607,0.16859916,0.04287464,0.06475584,0.12960265,0.12097128,0.10720675,0.04190281,0.06833514,0.11198856,0.11075003,0.0830221,0.12724616,0.12062942,0.11846105,0.11289772,0.12283689,0.13000631,0.06423576,0.15648644,0.13530568,0.1384039,0.08465686,0.22362009,0.1662869,0.08137534,0.01527978,0.16514446,0.16051653,0.07075374,0.00977527,0.22050722,0.14411386,0.06351946,0.01776706,0.24425407,0.02035152,0.04450092,0.0882256,6
0.14372245,0.35946507,0.3794838,0.1005239,0.40981631,0.26043417,0.34737909,0.2715199,0.42289037,0.14838366,0.2657659,0.10725056,0.13835241,0.14902523,0.23817224,0.17531706,0.0731202,0.08459367,0.14756606,0.05445491,0.15132138,0.18613512,0.08068146,0.18095284,0.09377313,0.20329754,0.08667788,0.05285157,0.03510505,0.02673417,0.10558288,0.11564765,0.0921922,0.11351653,0.06714509,0.12602786,0.14120767,0.02709527,0.09296851,0.0364373,0.05276991,0.12317094,0.03772721,0.06516307,0.07430441,0.06258529,0.0852322,0.12322057,0.13568973,0.15815319,0.0751978,0.04711509,0.10867504,0.08747826,0.01604987,0.1359706,0.0731754,0.16846785,0.13270496,0.04448037,0.07742737,0.17568167,0.09790132,0.05018588,0.04927977,0.10558623,0.12669739,0.1140981,0.05849534,0.17155309,0.29624433,0.19859002,0.30108384,0.10377139,0.19463064,0.30497535,7
0.19662646,0.44240774,0.05831235,0.12558322,0.07394697,0.08206881,0.65890209,0.23500074,0.5487237,0.01563349,0.15606751,0.1939732,0.04761656,0.29697483,0.06723316,0.18632869,0.03917548,0.08906398,0.26694185,0.16134077,0.13211183,0.0681024,0.11776371,0.12669261,0.15587782,0.0869162,0.15766404,0.09459989,0.05029353,0.10555698,0.07212286,0.16338547,0.07777775,0.09655412,0.12709931,0.12028909,0.09853532,0.05358685,0.11653485,0.10939959,0.14911262,0.09090652,0.07168567,0.06976101,0.09858576,0.08596975,0.01695912,0.06579897,0.02104045,0.07418167,0.02856439,0.08794013,0.02060553,0.11126307,0.12403308,0.07158309,0.09587669,0.08608342,0.12436446,0.04664826,0.13284123,0.03739154,0.07557907,0.04918835,0.0997819,0.04193558,0.11271468,0.09848882,0.15737893,0.1335254,0.11378898,0.07531785,0.16709065,0.17296952,0.07690774,0.10976778,6
0.13767632,0.43225739,0.34165955,0.16075051,0.26766877,0.23290645,0.32571405,0.11322696,0.29115871,0.20903421,0.01544609,0.12270413,0.21441984,0.07419467,0.12764521,0.09906632,0.16349569,0.07973606,0.04866738,0.17962711,0.03796807,0.0724986,0.14126502,0.06037215,0.10784932,0.06677469,0.12620071,0.08788243,0.02851976,0.1373414,0.04878262,0.09143487,0.11707035,0.07101398,0.10127909,0.0185048,0.11128407,0.08896353,0.03564504,0.09096787,0.04987901,0.1014419,0.07188817,0.04964157,0.14337146,0.11048459,0.06444789,0.04851437,0.14823646,0.11848296,0.01439486,0.02530567,0.13297314,0.10509412,0.0509507,0.06875132,0.16665358,0.08757547,0.02815067,0.06826829,0.12013985,0.0978747,0.09120301,0.12596931,0.19897066,0.07484651,0.03865449,0.04371762,0.10654446,0.11623673,0.12107792,0.18180565,0.29358192,0.15028703,0.18915717,0.19039899,7
0.04359292,0.22371804,0.10325918,0.26272231,0.44934891,0.03263264,0.41863779,0.06818987,0.40269156,0.19604328,0.0559347,0.0675989,0.06465179,0.24669404,0.04885083,0.04367684,0.16472392,0.04288844,0.10402089,0.12540245,0.0360817,0.04771961,0.06964453,0.07095374,0.04957696,0.06386176,0.06569512,0.05513853,0.10660016,0.048125,0.02995238,0.07476866,0.05312522,0.01275742,0.06332437,0.03677487,0.00814985,0.05977886,0.05864075,0.0298842,0.05796498,0.05315232,0.00850071,0.02784236,0.0404371,0.05449355,0.05933752,0.03852811,0.04332942,0.03536222,0.06577304,0.07075621,0.0703922,0.06493949,0.07803653,0.06041646,0.04816812,0.09710112,0.0791014,0.07885059,0.06363177,0.02177884,0.08403452,0.16561184,0.04231846,0.20064903,0.03338001,0.11470862,0.03755359,0.09924299,0.05499078,0.2875056,0.0245964,0.43342661,0.05172149,0.35459572,1
0.12811798,0.50026884,0.31605876,0.36596326,0.48200641,0.11542063,0.46719151,0.25708119,0.3601598,0.25305107,0.1919579,0.05970046,0.27695649,0.06322434,0.11860685,0.04379594,0.0599508,0.19898676,0.04081651,0.051492,0.05686295,0.12519875,0.22352578,0.09290635,0.01925281,0.04900501,0.25405171,0.10537058,0.10720704,0.06703105,0.15862072,0.1851094,0.01160147,0.09730617,0.10997515,0.14162686,0.15133593,0.02830439,0.02017068,0.09514896,0.17117067,0.10260675,0.0531473,0.06778477,0.09656086,0.02551572,0.07044489,0.02472628,0.06411468,0.0939604,0.05546736,0.03467147,0.07329978,0.10508897,0.04251774,0.09838175,0.09428864,0.13625809,0.15768039,0.06493054,0.2005491,0.23892745,0.09974322,0.03311778,0.30826793,0.16612567,0.06932233,0.03905836,0.30793313,0.20507611,0.10108936,0.188766,0.41225603,0.19791972,0.23838498,0.12606116,5
0.15035714,0.28082097,0.43345582,0.06194325,0.39627174,0.21612569,0.37709206,0.27981201,0.33314431,0.10842805,0.30147314,0.15510454,0.09075897,0.10042884,0.21540959,0.13780347,0.11684012,0.1650635,0.06333661,0.04783534,0.15636568,0.24765428,0.07152944,0.04584033,0.0840564,0.17946058,0.11466958,0.08854091,0.08997176,0.09154547,0.06886298,0.15603526,0.17068113,0.05251475,0.06751155,0.08797743,0.12367161,0.11001723,0.08874913,0.10995269,0.06202653,0.0898072,0.13308403,0.08625112,0.07110382,0.04177403,0.07007914,0.05900769,0.17955726,0.18933342,0.12435374,0.09549849,0.11970345,0.05791466,0.01150581,0.10682521,0.11598782,0.20021035,0.17576518,0.05966154,0.09815605,0.17665421,0.10693265,0.09133924,0.07959667,0.15602705,0.13058593,0.10955795,0.10423182,0.19168125,0.31763979,0.17114057,0.28573262,0.11959022,0.23373568,0.27414149,7
0.17022555,0.66831874,0.11640737,0.43526402,0.12285075,0.19206253,0.14687895,0.19756381,0.23524682,0.08302337,0.16694619,0.04742861,0.16528619,0.08944311,0.07708707,0.12670548,0.07168852,0.06469151,0.04815579,0.11935207,0.08933642,0.09527619,0.00520817,0.0348082,0.15155187,0.07650462,0.07609158,0.03050179,0.06043904,0.15337059,0.09290146,0.05826869,0.0351487,0.02445769,0.13220004,0.11138244,0.06308151,0.04585583,0.0310961,0.11566234,0.11933513,0.07499961,0.02978473,0.02246594,0.12185823,0.0901206,0.02524709,0.05711567,0.11476101,0.07770348,0.01892782,0.06508046,0.1244427,0.0413119,0.0209361,0.03572007,0.14053032,0.07428493,0.01870658,0.03328395,0.14936931,0.12201676,0.01576702,0.13572591,0.15066111,0.19443812,0.02752246,0.18779487,0.14656335,0.23628373,0.0760217,0.25997547,0.14985187,0.32514426,0.13561474,0.45823578,3
0.30255351,0.49956653,0.41711022,0.21465818,0.26125344,0.16124982,0.26749887,0.40826249,0.26635504,0.09344981,0.19892342,0.24451162,0.15436218,0.181561,0.1584383,0.16384067,0.10379155,0.11182673,0.07851572,0.1095005,0.0852352,0.11442276,0.04611846,0.10825863,0.12535138,0.13480429,0.02191652,0.0869171,0.10658353,0.10965017,0.01987205,0.09818764,0.10560236,0.09743077,0.05509652,0.10527806,0.09175732,0.0757439,0.09775066,0.09782087,0.0723372,0.05080528,0.10296711,0.0924135,0.09525082,0.030853,0.11306476,0.11558104,0.07532985,0.13640338,0.10178682,0.03306125,0.16034435,0.04667251,0.03874863,0.09193223,0.06072206,0.07430207,0.15951147,0.19497635,0.11886398,0.18209643,0.16062489,0.04529216,0.14371811,0.09284933,0.15430588,0.28707469,0.04800353,0.35880926,0.31439254,0.31313403,0.42866785,0.38457272,0.18700162,0.10631938,8
0.02853596,0.50342243,0.36854527,0.0442295,0.1701428,0.30466656,0.21320186,0.39957624,0.09166289,0.15141995,0.18045225,0.22138893,0.03048057,0.21106713,0.14088108,0.1354485,0.17335865,0.10821282,0.04707827,0.13987001,0.12129782,0.12199018,0.14128083,0.02109338,0.13435881,0.13433006,0.08951431,0.09633769,0.06471024,0.11947579,0.13672873,0.07944069,0.07867146,0.07681312,0.10383593,0.13765251,0.0793521,0.0373838,0.0800072,0.09710128,0.12594218,0.092468,0.02010479,0.08957988,0.08617552,0.10507905,0.05000181,0.05297531,0.0848716,0.10969929,0.07154102,0.0783985,0.08104949,0.1127093,0.06896536,0.05678531,0.07729924,0.10642793,0.05672517,0.05820821,0.079323,0.07766715,0.08834062,0.03501496,0.09618961,0.03549016,0.14327745,0.0518989,0.14413722,0.02987114,0.20906927,0.04720691,0.24014393,0.15815683,0.2008733,0.20278106,4
0.10055586,0.52343568,0.16084867,0.23926206,0.18727902,0.25165472,0.06772673,0.27564639,0.24886937,0.21532681,0.08033172,0.20121407,0.05512236,0.15483804,0.15610197,0.13832101,0.07745237,0.15992661,0.03583837,0.06289916,0.15677481,0.07844275,0.11718486,0.07558362,0.12250806,0.07768955,0.13296685,0.02870505,0.09339229,0.12117677,0.05498978,0.05040427,0.0699638,0.04667499,0.07093744,0.089293,0.04429719,0.08533347,0.04075266,0.06823943,0.07666952,0.08929727,0.01060957,0.06451081,0.06553101,0.10801316,0.11235295,0.08687449,0.06196537,0.15411295,0.10236464,0.02115742,0.12800848,0.03353118,0.0666036,0.14749733,0.10079115,0.09380291,0.09950501,0.07185774,0.12956281,0.17470639,0.01174193,0.09003477,0.08627747,0.08128673,0.13152655,0.25048828,0.06710311,0.15568152,0.18775776,0.11407334,0.29431628,0.51626751,0.0600576,0.40470781,3
0.16009107,0.66787848,0.12457924,0.47537001,0.07553885,0.18410179,0.1090101,0.11466161,0.19818332,0.02334075,0.18904287,0.07114785,0.13082631,0.06254954,0.08969711,0.13799662,0.13378772,0.09400401,0.0386358,0.14135357,0.07275199,0.15749958,0.04200623,0.11931725,0.14663861,0.09228247,0.13310219,0.10798331,0.09332857,0.11672183,0.12945576,0.08691119,0.13812406,0.0711725,0.08494783,0.1350314,0.09080556,0.11742504,0.06558914,0.07659516,0.12388243,0.12023892,0.10689471,0.06655441,0.04844924,0.06201613,0.06590761,0.04133842,0.05631488,0.05626594,0.04149923,0.09426527,0.04879091,0.04400097,0.08103032,0.07412354,0.06282047,0.03427449,0.09666044,0.11050022,0.09819699,0.09422349,0.12086187,0.09219164,0.15226719,0.17615353,0.03201451,0.03133254,0.16160051,0.29054916,0.07403073,0.24203025,0.13686244,0.36455799,0.14599597,0.47183191,3
0.17562126,0.2908131,0.41267445,0.16695835,0.33411373,0.25224139,0.37435593,0.20030365,0.41766536,0.09002964,0.30818553,0.17881341,0.02880128,0.10745185,0.11027483,0.08766872,0.14031058,0.20467426,0.0655851,0.14096585,0.05537123,0.21434734,0.09044032,0.04008863,0.08402609,0.04501943,0.0738758,0.13280689,0.14161705,0.17415406,0.08352248,0.01050666,0.10365805,0.08211055,0.06133679,0.11917579,0.02116549,0.09448705,0.08807394,0.03457385,0.11780832,0.06098128,0.03885157,0.03250195,0.0928488,0.15120584,0.15112193,0.03684446,0.05001066,0.10855871,0.03902045,0.05716457,0.11476114,0.10572278,0.1550613,0.17103032,0.04588509,0.07579007,0.13687222,0.10341422,0.22140691,0.18826174,0.10615378,0.10911055,0.03196068,0.04528938,0.05495839,0.16000501,0.21518707,0.26362975,0.26214901,0.05278262,0.20053761,0.16892393,0.24191751,0.19740753,10
0.25593904,0.34222689,0.45970079,0.21994878,0.45779659,0.10647537,0.41981523,0.39244098,0.36842066,0.20850565,0.30763814,0.15195794,0.27269536,0.03319344,0.14178781,0.25925686,0.15005411,0.21139992,0.05557279,0.10093493,0.07634827,0.19109768,0.17356518,0.19363956,0.08579903,0.05017342,0.19473774,0.04559618,0.20793396,0.16652878,0.06477256,0.05258687,0.14388218,0.09710899,0.15907864,0.09270339,0.06163543,0.11143194,0.06046499,0.08542589,0.17842589,0.03811135,0.06181211,0.0688834,0.08017509,0.08833708,0.11188152,0.02795413,0.13612625,0.05799457,0.03395789,0.11731519,0.12919693,0.08921408,0.1258413,0.10349571,0.14231611,0.18029227,0.05184891,0.04762286,0.19983136,0.07468796,0.09164614,0.09751203,0.02214123,0.1302602,0.22030689,0.21328153,0.21004641,0.21714723,0.29824592,0.15733217,0.33468316,0.25586358,0.11025389,0.17507146,8
0.14514762,0.25372414,0.40362834,0.03342092,0.28784702,0.20832106,0.44437092,0.11978147,0.36717273,0.14688846,0.31525955,0.17554829,0.05006687,0.13933816,0.09685205,0.12986562,0.12462536,0.17380494,0.0222609,0.12608459,0.18509493,0.18352453,0.10342898,0.11437779,0.04145097,0.07051696,0.14888047,0.16359665,0.08880522,0.09745416,0.1011282,0.16155876,0.08570644,0.06294569,0.11758049,0.05262504,0.12393318,0.14101679,0.1262822,0.09752731,0.05085431,0.05915631,0.07882658,0.10850404,0.08606724,0.02258752,0.07513957,0.03606215,0.11160829,0.05810262,0.10599073,0.11149156,0.1163892,0.08557097,0.02236804,0.0529799,0.09932804,0.07346098,0.0529157,0.11075754,0.13419216,0.1161006,0.07877471,0.02721456,0.04506188,0.04381154,0.04214889,0.17160172,0.16006307,0.21774597,0.21366815,0.11102478,0.19953755,0.21197632,0.24463038,0.19432387,7
0.16040061,0.74418091,0.13285433,0.6508698,0.11681608,0.18962354,0.2531606,0.19198391,0.35320457,0.11559859,0.15029448,0.13541221,0.1236598,0.11735317,0.11376791,0.14447185,0.10004848,0.07360295,0.02112181,0.1116281,0.1437929,0.14220628,0.0738625,0.07867219,0.10959366,0.13841722,0.12108401,0.06878213,0.07038545,0.10813125,0.13427907,0.11997934,0.06016172,0.0552038,0.10764514,0.12195832,0.10610924,0.06676162,0.05857511,0.10833078,0.11505874,0.08571218,0.05940122,0.06984508,0.10810776,0.08757383,0.04081469,0.05682057,0.10515847,0.07685309,0.04285462,0.02962709,0.11014027,0.06629892,0.05488699,0.025569,0.11384506,0.06016745,0.04606946,0.03641428,0.11182408,0.03441466,0.02046101,0.01647372,0.11256531,0.07046942,0.01455947,0.0673098,0.11094612,0.04673421,0.05185829,0.01320634,0.14993887,0.0416738,0.11769963,0.13053224,2
0.17232143,0.49217638,0.2882779,0.19840333,0.25075528,0.2076021,0.12153593,0.26796598,0.22700757,0.19779475,0.17482462,0.20246031,0.1019617,0.20658682,0.07411644,0.17013291,0.1533038,0.20712822,0.12630288,0.11238256,0.09101593,0.13774736,0.09219386,0.1399492,0.13914729,0.10286681,0.09395035,0.09788416,0.05817588,0.04973661,0.11415501,0.07740038,0.06746511,0.0574723,0.08552326,0.04991991,0.08757808,0.09330662,0.05584652,0.0670979,0.10249682,0.07366494,0.08905967,0.08017134,0.03303607,0.08354626,0.09747861,0.04270572,0.08189189,0.05809583,0.09207494,0.07383542,0.12475251,0.07515679,0.04113521,0.04640159,0.03906789,0.11334154,0.10778348,0.07971005,0.14459872,0.0647485,0.13341197,0.05885271,0.15098803,0.10726888,0.14648231,0.15094408,0.03839205,0.05980645,0.27406938,0.27688275,0.35032692,0.52568716,0.02528567,0.42519513,3
0.03813757,0.19376455,0.10776738,0.20385787,0.59257132,0.03593172,0.43288143,0.07085192,0.33519644,0.06429631,0.06569993,0.27744333,0.04647306,0.39855095,0.19154574,0.04602861,0.10577409,0.09351458,0.1500277,0.06022328,0.03764556,0.13301631,0.0695786,0.14316345,0.10774806,0.04149297,0.07461237,0.06540638,0.08005016,0.05382394,0.037294,0.0814523,0.04419179,0.09740759,0.06967919,0.05959605,0.06273826,0.04473791,0.06738726,0.04566692,0.04636387,0.06296206,0.06552066,0.06802109,0.05538905,0.06169564,0.04230101,0.07080185,0.03272729,0.06564566,0.08189684,0.05235486,0.05419903,0.07126576,0.03036903,0.09070504,0.03498964,0.06490469,0.05471822,0.09057762,0.05898869,0.13956662,0.00738987,0.16914312,0.02466097,0.11503134,0.0851655,0.08992008,0.05247164,0.27380018,0.06882616,0.34202552,0.0177953,0.45027811,0.08677943,0.32015971,1
0.19566769,0.12571083,0.20329188,0.33781978,0.22901695,0.10450908,0.28824002,0.15639426,0.22887697,0.23724087,0.0405635,0.057848,0.0697912,0.08798064,0.12438398,0.06073452,0.15688928,0.08260615,0.0866955,0.02972121,0.11288862,0.15608725,0.05777656,0.03512142,0.06107018,0.09307319,0.07689429,0.14535229,0.07234466,0.03514701,0.02710157,0.12482246,0.05749035,0.04115684,0.08904057,0.07465637,0.06461245,0.04203038,0.09010106,0.04020909,0.08976806,0.08244116,0.07800359,0.06501755,0.08343429,0.068753,0.06803874,0.0702071,0.03150906,0.04642149,0.09450498,0.03400845,0.04547753,0.10428782,0.04558997,0.05630586,0.04599888,0.0953686,0.10256065,0.05220186,0.11120699,0.1311196,0.14097193,0.00851494,0.09872751,0.17989382,0.0685578,0.09770797,0.06665856,0.04826218,0.07501176,0.11635669,0.09593107,0.27468961,0.11993945,0.39813186,9
0.36085936,0.5470953,0.43480806,0.31405211,0.33001297,0.24813481,0.52759905,0.24254673,0.27649005,0.23495872,0.07410499,0.18388381,0.39369485,0.21437404,0.0725504,0.18413735,0.2002388,0.09063438,0.11745347,0.10643911,0.15238826,0.21615008,0.14780289,0.16480654,0.07598652,0.20184323,0.16117983,0.04505056,0.13970766,0.19017892,0.11276074,0.09742765,0.19914455,0.13055418,0.14640659,0.16156736,0.09760778,0.03802319,0.178523,0.14887635,0.07930584,0.04521223,0.19882825,0.06815754,0.1189844,0.09471401,0.031898,0.0204794,0.16224397,0.04098768,0.02688794,0.04908464,0.07178491,0.06081292,0.06462893,0.07840961,0.08217056,0.11637797,0.16606829,0.13554097,0.06714325,0.17457878,0.13884129,0.13495068,0.18717391,0.14133993,0.17823427,0.07364421,0.24955524,0.25679368,0.16783577,0.15767872,0.16101695,0.17065486,0.15935476,0.08455425,4
0.32282539,0.46949927,0.43783632,0.36277286,0.4009392,0.1703511,0.39976379,0.31010965,0.33485776,0.0688814,0.30866594,0.08969804,0.23722543,0.13578441,0.2347739,0.09269102,0.15919416,0.07203926,0.18073651,0.11018445,0.08712165,0.14393836,0.10699441,0.21132616,0.06344347,0.1272173,0.05089323,0.19470987,0.00239058,0.10186057,0.07134937,0.17604425,0.04237866,0.10679068,0.08921966,0.1449751,0.07612823,0.06337265,0.09485506,0.13815357,0.07486316,0.04471953,0.09343377,0.05876665,0.09631429,0.06630128,0.11155887,0.06817558,0.0737524,0.09912259,0.09618215,0.11649625,0.08093627,0.11253996,0.11505862,0.03677159,0.11430627,0.14945457,0.01498128,0.17432902,0.18556072,0.05962299,0.20403577,0.27397727,0.06022274,0.29013398,0.2953617,0.26685668,0.33095063,0.37321034,0.26042548,0.03497521,0.40660941,0.31383095,0.10153516,0.09648428,8
0.13933853,0.5337982,0.37267909,0.25947123,0.44452645,0.13193964,0.45980499,0.36781309,0.418279,0.2176501,0.18997059,0.03346603,0.28515927,0.05528316,0.10203451,0.04191352,0.09657948,0.1517628,0.07358928,0.03191437,0.03542832,0.13837806,0.17796852,0.07056709,0.03288921,0.11060957,0.2268357,0.05077914,0.09996103,0.08694887,0.19495662,0.11180871,0.05346099,0.04260766,0.12744755,0.1579298,0.08319012,0.05665313,0.06698085,0.15617924,0.16253124,0.04058366,0.11250219,0.08205959,0.08321291,0.02014775,0.12171805,0.13302382,0.0668723,0.0745142,0.18283854,0.13906333,0.03169415,0.14534761,0.19238093,0.10850155,0.0592932,0.20522622,0.22500166,0.05732838,0.18375271,0.31992614,0.15290911,0.02037877,0.32305134,0.22662134,0.0710299,0.09139769,0.30623806,0.23834761,0.05783827,0.12687462,0.42212667,0.19087698,0.24567446,0.1375515,5
0.34020751,0.54679862,0.36137753,0.33152658,0.28847456,0.3534019,0.38157303,0.25520859,0.17375037,0.32553759,0.19519665,0.14880812,0.39685334,0.14163502,0.19814179,0.32102485,0.01881877,0.07390504,0.20735127,0.25881139,0.15392934,0.18105337,0.15807396,0.0090241,0.13665535,0.25115571,0.02797431,0.08753056,0.14183893,0.24746762,0.15019723,0.14254048,0.10407145,0.07496735,0.13212355,0.25137723,0.06194802,0.04358259,0.11644554,0.17327784,0.13197624,0.14327313,0.05033426,0.04577178,0.06296387,0.06097617,0.11290716,0.03757791,0.06993935,0.13238281,0.06721667,0.10046941,0.06016074,0.01804756,0.13320572,0.02727816,0.1270594,0.06990296,0.01940442,0.10173681,0.03292295,0.01859708,0.07993518,0.05144533,0.18708402,0.09250563,0.05734939,0.08390215,0.15197632,0.12930584,0.09695319,0.12186915,0.11250141,0.14003735,0.19006002,0.13438766,4
0.10697393,0.32157767,0.16244053,0.46587444,0.47073971,0.21522985,0.43393324,0.0092282,0.56117382,0.23751853,0.20964403,0.22555689,0.10066963,0.17724238,0.06305732,0.09623882,0.19442646,0.10754686,0.11043277,0.0523989,0.1406712,0.1806026,0.05807912,0.08060917,0.08370782,0.07683211,0.16118809,0.13675628,0.1087242,0.12540827,0.03896135,0.10179467,0.09960061,0.09926519,0.16728546,0.05294316,0.0032186,0.09248888,0.08058558,0.0746005,0.1005213,0.04639716,0.04716215,0.11506352,0.10922207,0.08199359,0.15282713,0.03718262,0.14839273,0.05593708,0.1153397,0.03510779,0.14320448,0.02648083,0.06755955,0.08780178,0.13694877,0.04075829,0.08561835,0.1165574,0.05201912,0.15296423,0.16738664,0.1966511,0.0508634,0.26741744,0.12611739,0.09925842,0.09114729,0.29922408,0.186085,0.06341039,0.24065499,0.10897286,0.11147151,0.12703154,5
0.04454931,0.23970447,0.03445046,0.19893513,0.54860785,0.02102757,0.45069102,0.04318065,0.3659078,0.12760433,0.01985193,0.20014211,0.03251924,0.32794666,0.16804373,0.0319801,0.18335043,0.01690694,0.0565586,0.12276973,0.01544827,0.10084162,0.01543232,0.17561055,0.08449569,0.03343401,0.12803802,0.02549982,0.04871913,0.11506199,0.02840618,0.05066564,0.03384356,0.13529713,0.04563187,0.04447488,0.1151976,0.01276512,0.0539295,0.10497749,0.03164836,0.03264869,0.02386284,0.0972639,0.05247394,0.02903724,0.05453537,0.08140391,0.04113684,0.10040688,0.07456221,0.0352382,0.05643131,0.0588149,0.07317626,0.077712,0.04236502,0.10967125,0.06894219,0.09511635,0.05531541,0.12049917,0.06690466,0.18085805,0.04440681,0.15313806,0.06799616,0.08792463,0.05003411,0.24269159,0.0680677,0.37146109,0.03493119,0.44667192,0.08816581,0.32455552,1
0.01452055,0.08645174,0.03444945,0.40975382,0.53823953,0.02225538,0.3909553,0.03597099,0.41742946,0.1438801,0.02339333,0.17003898,0.03348915,0.29561749,0.16626023,0.02842355,0.18508376,0.02665327,0.07659709,0.13572579,0.04251568,0.08160981,0.031209,0.20309916,0.08465065,0.0347519,0.15199117,0.01692417,0.0117455,0.1228045,0.05063368,0.04868451,0.05596936,0.15122036,0.04561716,0.05469913,0.12316342,0.04126604,0.02320601,0.10606855,0.06222202,0.01896876,0.06983939,0.12743516,0.05863077,0.02518438,0.06117637,0.10350721,0.06069448,0.11523991,0.06959197,0.02542979,0.04600645,0.05244519,0.04135072,0.15236334,0.05039182,0.14682827,0.03787472,0.01829083,0.02385349,0.08068632,0.03840222,0.18997624,0.04596931,0.1761291,0.04090138,0.04961676,0.01849536,0.17337404,0.03836355,0.32201447,0.03063495,0.38542992,0.00113625,0.44466861,1
0.27790469,0.17513301,0.3338385,0.22210755,0.29059924,0.1446317,0.26540922,0.42608527,0.3820734,0.17854126,0.20018798,0.19319951,0.21841663,0.07884938,0.0804181,0.15505305,0.08213916,0.23328386,0.26325689,0.16641935,0.02855819,0.10458134,0.10321488,0.18595795,0.0688405,0.08952564,0.06783951,0.08696794,0.15194766,0.08367399,0.02088971,0.02085382,0.10984688,0.0633477,0.0529895,0.06128695,0.0610745,0.02994281,0.08535458,0.04510905,0.00568774,0.03643862,0.0793696,0.0383792,0.08023811,0.11168526,0.06728933,0.07515222,0.06604228,0.12148471,0.13715265,0.02115118,0.13042497,0.10512674,0.08715806,0.06218958,0.12127896,0.13938019,0.08027295,0.03679823,0.11814634,0.08721845,0.06946083,0.05185205,0.17058897,0.14372629,0.07129586,0.05800148,0.06334181,0.11453654,0.09413155,0.0762171,0.28717808,0.25519088,0.13716342,0.23635995,7
0.19815469,0.48149903,0.45343642,0.18390763,0.21668706,0.18185594,0.11450945,0.31166938,0.12066118,0.21344919,0.10456205,0.26261594,0.01840388,0.23678929,0.13659546,0.17102402,0.0515823,0.1353041,0.05244097,0.07436069,0.10345602,0.03654233,0.04828416,0.07557415,0.0893208,0.00973766,0.10897063,0.04453934,0.09591718,0.06795639,0.0971333,0.06662784,0.08087737,0.04603038,0.06487979,0.08055726,0.03472388,0.03527753,0.06038658,0.06857677,0.03534858,0.08461486,0.05726011,0.07792975,0.08642766,0.07613535,0.08961348,0.03998268,0.10428707,0.07567142,0.0262339,0.10545678,0.04451394,0.07167902,0.12694865,0.07224316,0.09707091,0.11804066,0.14728056,0.07459092,0.19221843,0.10479727,0.1028295,0.09554019,0.13211904,0.11451559,0.18343105,0.12420942,0.02867538,0.05686534,0.2105622,0.2762592,0.35385157,0.42721163,0.13237125,0.3022417,3
0.28349548,0.44319366,0.51280067,0.16670562,0.40587446,0.1184287,0.25740191,0.41744529,0.2138095,0.09933385,0.26194058,0.19162743,0.16555039,0.14983796,0.2828192,0.16970399,0.10309002,0.06500556,0.17619965,0.18875736,0.06648118,0.06352279,0.1755893,0.1374377,0.04768086,0.10195438,0.14944231,0.17902847,0.124493,0.10860583,0.10071477,0.16091334,0.04220421,0.21159288,0.09746758,0.13536307,0.01371447,0.19280508,0.10029259,0.11374322,0.03840709,0.16796837,0.13152855,0.0233961,0.10657596,0.07928358,0.02439457,0.09302597,0.08648202,0.01160252,0.14486999,0.11542728,0.01597814,0.16106503,0.13811099,0.04231414,0.1806241,0.17665501,0.04100612,0.08378023,0.24693468,0.04346355,0.12546033,0.14034408,0.09442808,0.13953144,0.22134835,0.07871876,0.27206853,0.30906029,0.17469407,0.10360332,0.42932989,0.28342412,0.07343712,0.26484531,5
0.27282878,0.26732659,0.35076798,0.11775416,0.30431612,0.20383264,0.34189536,0.3553893,0.20307683,0.0922427,0.09530401,0.28041188,0.30997719,0.04344812,0.12208615,0.15248587,0.05803441,0.18297911,0.0958804,0.10907916,0.08913945,0.19556148,0.02015068,0.06174545,0.09231941,0.15326258,0.12029369,0.16413455,0.04854286,0.11705352,0.12995006,0.1386277,0.06992923,0.11529005,0.11918071,0.12331168,0.12079252,0.14247977,0.02398326,0.08699322,0.13452454,0.12290423,0.0776757,0.13934497,0.08698796,0.03834086,0.01461567,0.03507139,0.07513276,0.02951966,0.00472436,0.03914044,0.06591043,0.04024605,0.03772048,0.07660717,0.07162429,0.05838961,0.09206057,0.13921976,0.10472191,0.10324144,0.10218759,0.13136599,0.09600198,0.08515295,0.20497092,0.2090157,0.17289212,0.26593131,0.17825524,0.10377737,0.31909651,0.24464322,0.0123866,0.22068772,7
0.06786203,0.55633886,0.30310895,0.36938538,0.42635097,0.07356597,0.53236904,0.16188574,0.48422244,0.25088168,0.1367658,0.19374502,0.20752827,0.16510193,0.147654,0.13137242,0.13529455,0.0813723,0.15735192,0.05353159,0.10526238,0.07579984,0.17144212,0.09088836,0.06558861,0.11562047,0.13176652,0.08351097,0.03563116,0.07966093,0.17053138,0.06765717,0.07228074,0.02276424,0.09671039,0.15593645,0.06659133,0.05917173,0.04670219,0.13155312,0.13794938,0.01264855,0.12589494,0.02591757,0.11108974,0.03925788,0.07349383,0.07986842,0.09440687,0.03747112,0.07623605,0.15269532,0.05177468,0.07213403,0.15916257,0.17533958,0.07324598,0.11689441,0.21368969,0.16308948,0.10992777,0.23193423,0.21196934,0.17122178,0.24439184,0.17043474,0.17962355,0.077275,0.18834191,0.18560983,0.19163053,0.07870698,0.37611191,0.20860951,0.175172,0.04875855,5
0.07809947,0.276663,0.15626603,0.25360721,0.47826698,0.03225273,0.3931397,0.09401073,0.43625378,0.17682542,0.09025589,0.03271417,0.0593915,0.198914,0.10159024,0.02787956,0.1502303,0.02955726,0.1149139,0.10131278,0.07531288,0.04289519,0.05852216,0.06658903,0.02116273,0.05649452,0.07210727,0.02939548,0.09677673,0.05511715,0.0329049,0.05020289,0.06899904,0.03622397,0.03378722,0.0511534,0.05773614,0.05688671,0.04062367,0.06780831,0.01575527,0.02981596,0.04536935,0.01200222,0.05352586,0.02385614,0.09363495,0.02357032,0.06684043,0.03897155,0.11646083,0.0315732,0.07152006,0.02521919,0.1287466,0.08956157,0.11411548,0.08539736,0.13437924,0.07516596,0.06314312,0.09278098,0.09256366,0.18949021,0.12255452,0.18695586,0.07305138,0.04054614,0.01761325,0.17098081,0.04585179,0.33510043,0.07030775,0.41677484,0.06037188,0.33238947,1
0.28747948,0.55821954,0.42442152,0.29680212,0.20306015,0.12240144,0.17542231,0.28037161,0.1165351,0.15394092,0.15837991,0.22863192,0.16637858,0.25377844,0.08199656,0.15587881,0.11272561,0.15009822,0.04472617,0.1210011,0.13139004,0.11773712,0.07493834,0.06584748,0.12482714,0.07064101,0.09700604,0.0909975,0.05792632,0.10311012,0.12401553,0.05282291,0.07085692,0.08900403,0.09695784,0.03934231,0.09448352,0.09629167,0.08105591,0.08930052,0.09144293,0.07456333,0.06866098,0.063316,0.04479996,0.13501256,0.10715976,0.04640116,0.14618085,0.04233729,0.04471503,0.13440303,0.0744155,0.122854,0.12202305,0.11492922,0.12109142,0.09483879,0.04543111,0.12095149,0.05381101,0.0797594,0.20160812,0.17887252,0.14590752,0.22242511,0.04323693,0.13742188,0.07050509,0.16801648,0.32994101,0.30983636,0.3699826,0.49058176,0.20611872,0.27879708,2
0.12544453,0.54296132,0.09609513,0.34658953,0.30698253,0.47991325,0.27235985,0.36267782,0.21900526,0.19171844,0.38682122,0.14115666,0.18000493,0.14429858,0.16763144,0.24793205,0.27643191,0.16094906,0.16672673,0.07672714,0.24928034,0.31543091,0.1116011,0.11882214,0.0284116,0.17391309,0.23032631,0.19391136,0.13191222,0.06828117,0.10718082,0.23899969,0.23948397,0.11524294,0.04851492,0.00572806,0.18481679,0.19751397,0.1806883,0.07022159,0.02183943,0.12618967,0.20481942,0.19370991,0.14548305,0.11297443,0.07665074,0.07012295,0.10245105,0.13358494,0.04798328,0.05291765,0.09558952,0.15623711,0.09686879,0.08290468,0.04440679,0.10181908,0.07121862,0.04625603,0.09877981,0.12246296,0.20040202,0.10412071,0.03018858,0.02111339,0.04828078,0.0261889,0.09865228,0.17529275,0.21064715,0.29546427,0.32924842,0.17607802,0.33649272,0.18878913,4
0.29961126,0.53120876,0.40540699,0.28571027,0.26223863,0.17016269,0.24613483,0.39612864,0.29257827,0.14415687,0.15145821,0.23503761,0.1401317,0.1688643,0.12970333,0.15657674,0.06423895,0.08271229,0.01020328,0.12144536,0.07467096,0.09175766,0.02461089,0.06619325,0.10184077,0.08453966,0.04308862,0.05483442,0.08577629,0.08910688,0.05909116,0.03097653,0.07328049,0.02968279,0.06096793,0.0389385,0.07493297,0.0079703,0.07695523,0.06833642,0.08057173,0.01543075,0.07118838,0.06613436,0.05099444,0.13084615,0.13243853,0.09809023,0.10563606,0.13944118,0.08328161,0.10244429,0.12621461,0.05235655,0.1577133,0.19881647,0.079551,0.18358695,0.16754189,0.11242181,0.16948803,0.13326805,0.08272061,0.0581681,0.12395845,0.04695838,0.17753883,0.30966394,0.07424816,0.31555938,0.38372913,0.28011065,0.40272258,0.42128231,0.17566527,0.07495108,8
0.2865322,0.49760664,0.35214439,0.3081559,0.13415027,0.29656865,0.37232559,0.35599404,0.14109552,0.23942201,0.11865942,0.06081827,0.1511792,0.26155436,0.26773859,0.07971933,0.10393986,0.22880152,0.10494051,0.19264686,0.15420995,0.09102861,0.10736252,0.19458209,0.09217478,0.17303735,0.0471923,0.06547277,0.17818867,0.09619143,0.10572432,0.05572094,0.13771629,0.04727845,0.13406006,0.06586472,0.03815327,0.12367101,0.11673485,0.11955643,0.13349239,0.03046318,0.07592745,0.16634881,0.10087616,0.12745303,0.06018804,0.05769824,0.07080739,0.10330128,0.08475914,0.04820478,0.0815521,0.04916932,0.03172897,0.08836854,0.14844006,0.09116037,0.0504532,0.0817099,0.1674221,0.18208878,0.09240769,0.01232247,0.1741291,0.11502598,0.03243165,0.11795,0.15983546,0.05989664,0.12609702,0.17955524,0.07972316,0.10815476,0.20640849,0.08982106,4
0.21333867,0.51537004,0.14307659,0.37232796,0.19048715,0.34301486,0.43674989,0.41130146,0.10655441,0.14157239,0.15922472,0.1282545,0.35969516,0.30652792,0.09766473,0.13311577,0.08327269,0.1615836,0.28834648,0.05990193,0.06717371,0.09806569,0.09372949,0.05599632,0.09901869,0.02454347,0.07422315,0.11963892,0.06648034,0.08347752,0.06179687,0.05784534,0.03566713,0.10601271,0.0471572,0.06394934,0.08280505,0.03928144,0.03593986,0.03886934,0.03713683,0.06404797,0.05822269,0.07508958,0.08257555,0.04116612,0.07553212,0.04866866,0.05476416,0.06355123,0.07181715,0.05437648,0.06403587,0.03543972,0.0919798,0.04946741,0.05593817,0.11596068,0.05850098,0.06725889,0.06149281,0.09848684,0.0797087,0.07699556,0.03120153,0.13083973,0.10960668,0.22590622,0.17738499,0.05431666,0.10647492,0.15091093,0.3671964,0.24689191,0.50068788,0.2890527,4
0.01013882,0.50209435,0.30435324,0.26850374,0.47175369,0.13791525,0.54823621,0.262289,0.44020741,0.33118361,0.06045373,0.12967394,0.15991931,0.24052845,0.2399762,0.08513708,0.15246968,0.10461119,0.2470238,0.14815142,0.03558442,0.06017426,0.22626922,0.19257503,0.15925639,0.06943704,0.06849176,0.12848562,0.15111632,0.07246791,0.08803495,0.07983047,0.1577553,0.11529659,0.08683072,0.12020684,0.15173045,0.12257512,0.06042069,0.02703983,0.13800588,0.12168717,0.08957271,0.09771015,0.0324859,0.08082314,0.04549874,0.07960782,0.04488947,0.09528885,0.07798519,0.06272509,0.07140637,0.16956521,0.07993651,0.03749242,0.10715054,0.13865767,0.09893769,0.10134763,0.12143312,0.21057471,0.09895312,0.10370661,0.25095333,0.13507347,0.0796938,0.10666685,0.15282037,0.11643038,0.07869968,0.18314281,0.33613994,0.14641756,0.21403137,0.11640249,5
0.21411083,0.62363506,0.18623302,0.48478777,0.35523675,0.25583839,0.46490984,0.25617736,0.37195591,0.2940231,0.04600826,0.07611101,0.20127665,0.23398041,0.10756604,0.14400285,0.18797669,0.19244646,0.08522147,0.11157172,0.13617243,0.03258043,0.0999781,0.21152669,0.08391024,0.00982998,0.19920574,0.12055635,0.08799418,0.03709365,0.15516959,0.0611205,0.07424405,0.15084483,0.15466703,0.0513214,0.12846913,0.14237632,0.03523278,0.05868596,0.17556631,0.0675909,0.04758662,0.06661868,0.09393812,0.03365319,0.16690533,0.09794417,0.03805831,0.16685171,0.12626948,0.16720469,0.11209636,0.14658963,0.20261581,0.09643936,0.1611493,0.19048287,0.10771261,0.13989674,0.21621805,0.22167929,0.16820117,0.04657178,0.19717813,0.22756867,0.14016661,0.07715013,0.26024715,0.16396189,0.02909254,0.06854098,0.23268888,0.37180013,0.23999199,0.26168307,4
0.22248276,0.47579822,0.32010297,0.12987633,0.12269431,0.26700358,0.52876558,0.10724126,0.50329925,0.10422868,0.18230363,0.09296205,0.23759444,0.15431274,0.16582845,0.18607061,0.0562587,0.10930715,0.08950628,0.16223432,0.14667365,0.13149145,0.16552203,0.13147353,0.12252718,0.09928809,0.1138002,0.09827545,0.06021408,0.14794675,0.11672717,0.06897182,0.04255612,0.08712211,0.15469676,0.12965185,0.05190444,0.09562997,0.13407389,0.12644944,0.0963225,0.08235632,0.10525523,0.08412515,0.07549368,0.06450406,0.03607109,0.04582,0.06258681,0.04167127,0.0518221,0.04880391,0.11561521,0.02240747,0.0665731,0.05385468,0.1257229,0.04537689,0.03562546,0.05031133,0.09571959,0.06923103,0.02483682,0.02882085,0.13437679,0.04136278,0.04568701,0.03965151,0.1425161,0.12845261,0.04044714,0.08196604,0.08406141,0.17999829,0.07488563,0.13617126,6
0.31789441,0.56124242,0.33925152,0.26941397,0.20306206,0.17037962,0.42345946,0.43582264,0.38607108,0.16867636,0.18719571,0.19457612,0.11805441,0.02945271,0.09687217,0.16558327,0.07544739,0.1245048,0.18810556,0.09749408,0.09633955,0.08569743,0.1051978,0.1525695,0.12749557,0.05043488,0.07700742,0.13249397,0.05543048,0.07844287,0.10440603,0.09753749,0.09247495,0.05787925,0.04996021,0.05835603,0.11596259,0.05703437,0.05464625,0.08221151,0.08192557,0.06948014,0.07789316,0.07921173,0.07963766,0.04601323,0.09831949,0.12556465,0.13265143,0.07715799,0.04248814,0.07614289,0.0538936,0.10272292,0.14349109,0.05930316,0.10397511,0.02733057,0.10610742,0.14077524,0.13714955,0.14543507,0.11705139,0.02736829,0.02498904,0.1438356,0.20072342,0.19092094,0.18192967,0.10673469,0.02044299,0.1491355,0.28912436,0.35955701,0.37519624,0.28833223,2
0.08668376,0.50119713,0.46040064,0.22210728,0.50150163,0.10561329,0.42025269,0.28482456,0.35702432,0.23907869,0.16845027,0.05202634,0.21612968,0.03528866,0.14577645,0.03523352,0.15458694,0.14720293,0.03437664,0.11778912,0.13363939,0.22254485,0.04477646,0.06526437,0.05198026,0.20166192,0.14361601,0.03002154,0.05768184,0.09464285,0.17567215,0.08021661,0.02241165,0.04992293,0.11513769,0.14677325,0.05839707,0.0427914,0.07038457,0.13339057,0.1123543,0.02800833,0.06175094,0.07581619,0.01181503,0.16998203,0.12150801,0.05023609,0.08549539,0.13136865,0.02918236,0.05509816,0.08510299,0.11100679,0.04525251,0.09057834,0.15442299,0.14572364,0.05884161,0.17509249,0.20018129,0.1324529,0.13475911,0.09448962,0.2157446,0.18963747,0.07409341,0.1523833,0.35491419,0.25682683,0.0801833,0.25808709,0.44617,0.15293964,0.3127263,0.26349097,5
0.10525107,0.10822137,0.09836194,0.32610475,0.13293614,0.08230478,0.3312895,0.0699341,0.41770126,0.09136697,0.07019668,0.10688853,0.08518563,0.06212209,0.04697873,0.03646181,0.11676011,0.0715595,0.05308595,0.03996338,0.07230258,0.07061326,0.0546359,0.07562381,0.03848229,0.06850316,0.0356214,0.05795212,0.06574762,0.08756207,0.02521008,0.02669929,0.01751007,0.04930129,0.0582289,0.07104803,0.01322814,0.02403378,0.0457461,0.09397124,0.04704831,0.00779611,0.03692649,0.01852384,0.05533246,0.09688245,0.09106451,0.10739205,0.06671575,0.13930778,0.08787122,0.04534322,0.12000994,0.06033415,0.02663219,0.11739038,0.06175585,0.11654689,0.11537459,0.0174648,0.10402114,0.05969893,0.06533501,0.08759065,0.10994756,0.08117589,0.0417049,0.13176688,0.07728607,0.05789923,0.09035115,0.26118603,0.11530641,0.40120539,0.09903541,0.23127381,9
0.18363414,0.06234205,0.06623117,0.34011877,0.17080352,0.08119979,0.35582118,0.16046697,0.31127727,0.11535488,0.08164708,0.08867007,0.06876981,0.1195345,0.06094465,0.0687465,0.09971714,0.07550246,0.17414827,0.08854734,0.04449972,0.10678921,0.06784771,0.07195848,0.11168233,0.02759955,0.07271854,0.07282574,0.10460272,0.08653289,0.04084952,0.05588866,0.0312704,0.09244283,0.03862374,0.0677235,0.07566893,0.01300892,0.02980252,0.01155472,0.07718556,0.05309872,0.03972334,0.04539499,0.03929219,0.02534666,0.08583115,0.03007432,0.07536021,0.04840593,0.0693025,0.03765817,0.0867937,0.06260088,0.03182716,0.07274392,0.06438266,0.07971433,0.03810593,0.08867013,0.02979319,0.10527793,0.03545566,0.04432708,0.0254837,0.11213467,0.10030805,0.09865907,0.05904115,0.04584129,0.15623905,0.18190481,0.10666809,0.34175368,0.18892723,0.29200718,9
0.15770286,0.39752749,0.24810706,0.27390111,0.13757656,0.22418199,0.14332916,0.21101286,0.28825837,0.20483427,0.06873631,0.16929631,0.19295698,0.02343677,0.16342979,0.06906846,0.12122218,0.0614301,0.11174496,0.09354227,0.07279053,0.06967975,0.08480113,0.04447698,0.05327443,0.17198619,0.08283995,0.12892571,0.04106827,0.13678882,0.1228491,0.10003154,0.04686957,0.04257106,0.08036942,0.04309974,0.07634888,0.07479104,0.09591994,0.09819313,0.10273674,0.12688521,0.09338423,0.09390083,0.01274382,0.08039831,0.10742814,0.05566776,0.13210206,0.09022036,0.11331698,0.03541947,0.13787334,0.03835677,0.00718932,0.0824138,0.08071528,0.08613811,0.07293245,0.0798146,0.06349069,0.18019483,0.04920816,0.10134561,0.10200871,0.08860848,0.04288341,0.24779311,0.06456649,0.15800757,0.18607338,0.25747469,0.2454108,0.56871496,0.12732258,0.32172167,3
0.04594747,0.15529308,0.08574437,0.38960804,0.54302521,0.04007234,0.39194233,0.08388635,0.3516705,0.13989156,0.07927736,0.21365998,0.08323494,0.2769696,0.18791669,0.05961685,0.15962551,0.10456027,0.02094646,0.10902255,0.10694454,0.14618324,0.07706749,0.16119994,0.12029723,0.06149704,0.09646943,0.12626208,0.08312884,0.07651708,0.11590295,0.12248934,0.07445036,0.07848178,0.0983593,0.04958851,0.05989575,0.13563651,0.10602325,0.05983304,0.10920271,0.10586157,0.03762508,0.06235845,0.046312,0.0649578,0.07361443,0.04843528,0.08524203,0.07373952,0.07149127,0.0121893,0.06778254,0.05973494,0.06362601,0.09377554,0.07288522,0.11722993,0.06836997,0.0153998,0.07135733,0.07186806,0.05274176,0.16320554,0.05214385,0.17035969,0.07070184,0.0760682,0.06497924,0.14366679,0.05521551,0.28224433,0.01401033,0.38312005,0.05879424,0.44633792,1
0.29109969,0.29382644,0.2821306,0.12719454,0.43510495,0.09024548,0.402531,0.32979806,0.34382474,0.09167647,0.1833769,0.29782625,0.23435488,0.11950927,0.13044174,0.0761529,0.19906249,0.31986054,0.12327789,0.07412153,0.11369214,0.16955066,0.16588358,0.19301544,0.12467819,0.11919817,0.12544704,0.10750357,0.10330397,0.09452336,0.13459095,0.00396078,0.07281137,0.10305685,0.16922293,0.0706504,0.04952378,0.03562001,0.06482411,0.09266247,0.09229232,0.06889303,0.08330417,0.0639856,0.18330273,0.0706275,0.05021846,0.09724407,0.06953857,0.04792525,0.08360346,0.14517462,0.06842377,0.06299105,0.13802759,0.0727433,0.04479743,0.14304919,0.11952681,0.22945444,0.13838312,0.11073808,0.24922655,0.225488,0.08666461,0.27129955,0.2403617,0.1395741,0.30432518,0.26257333,0.13545732,0.08108646,0.2562738,0.13641638,0.00604783,0.14794069,10
0.11334469,0.39907981,0.16758826,0.13243889,0.14450602,0.05254507,0.66366406,0.21329554,0.4323795,0.1776621,0.23780246,0.15661772,0.21556782,0.34521576,0.05464285,0.26566406,0.15093731,0.23650158,0.14017127,0.13579707,0.10847437,0.07030431,0.17109853,0.19163729,0.18912918,0.08634652,0.14394562,0.10738428,0.08504018,0.10030114,0.04429871,0.10995387,0.06322767,0.09426958,0.09488048,0.14325616,0.13252061,0.12080186,0.04333742,0.03973479,0.11759491,0.08703621,0.0905054,0.1276767,0.04455384,0.09384,0.10195725,0.05366702,0.16903361,0.14424725,0.06381835,0.04869313,0.10065183,0.05287751,0.06014809,0.08226426,0.08666079,0.03083215,0.09335176,0.14546668,0.02608832,0.15909536,0.16907721,0.12057089,0.12378848,0.17320271,0.15480279,0.10684981,0.25988677,0.11209969,0.10573648,0.10063041,0.21062957,0.16220195,0.08369824,0.05557537,6
0.28232925,0.41768283,0.20792954,0.32150041,0.17437642,0.30067287,0.38908016,0.44762862,0.1136583,0.24278335,0.13698866,0.02798335,0.18018291,0.39850613,0.11087149,0.09161704,0.05123108,0.14656117,0.21712328,0.09267495,0.05065756,0.03904369,0.08483472,0.06401825,0.12720666,0.03268026,0.06164262,0.10041818,0.0853395,0.07618009,0.02464146,0.06063319,0.06260221,0.09933967,0.06724568,0.04734626,0.0539555,0.01001695,0.02444465,0.02583295,0.04503737,0.06308026,0.04578763,0.05720738,0.06811217,0.1018439,0.12254333,0.10019814,0.13077094,0.1552593,0.12678238,0.09827292,0.11122724,0.11994117,0.09776439,0.06508346,0.12399937,0.18424379,0.1603759,0.14931055,0.09414354,0.1407494,0.10323873,0.02894327,0.17283858,0.1737716,0.1950523,0.15579166,0.30874707,0.1816226,0.10723751,0.03756956,0.13277304,0.11023621,0.20305838,0.16865539,4
0.20214957,0.57475944,0.07168716,0.29410398,0.18955086,0.35558209,0.27088719,0.44041199,0.21410295,0.21613333,0.2820414,0.08551945,0.19674375,0.1235309,0.17312059,0.23364525,0.13050569,0.10149131,0.23648627,0.14398888,0.11503805,0.09168566,0.13383965,0.1274853,0.22615806,0.12918166,0.112541,0.07719058,0.08464627,0.192618,0.09973596,0.0722266,0.00262631,0.07782604,0.16546098,0.12048472,0.05433559,0.02502906,0.07123582,0.15483757,0.15945424,0.02549928,0.01597001,0.02095175,0.1606684,0.07621901,0.02672191,0.09660697,0.12012425,0.09771026,0.01675642,0.03027467,0.09609117,0.04457093,0.07146885,0.08981679,0.16511636,0.08241919,0.04200709,0.06775929,0.12975548,0.03038268,0.04759673,0.08847578,0.12846491,0.04893474,0.10587098,0.18227165,0.21158615,0.10786682,0.10896138,0.14704974,0.24173787,0.21443069,0.32602212,0.28787845,4
0.3013151,0.23033973,0.4123113,0.24007492,0.35430289,0.14583535,0.28851406,0.36814774,0.22100052,0.05686551,0.17198344,0.14813955,0.33451933,0.18224169,0.22177894,0.04728268,0.01887139,0.17965692,0.19461217,0.01742722,0.12032027,0.10856483,0.08858014,0.09162085,0.16623693,0.05309068,0.08692291,0.14514389,0.11200881,0.02282464,0.10590525,0.09462062,0.09611803,0.10763559,0.10842579,0.04641346,0.10884285,0.09719627,0.03236193,0.01753842,0.1009618,0.09573554,0.04197554,0.02601668,0.11504569,0.0712864,0.20148822,0.08467731,0.05237455,0.21372525,0.05489629,0.1135966,0.19854513,0.04434172,0.18330164,0.11597234,0.02652447,0.23227799,0.14813721,0.0078937,0.23826874,0.15020044,0.05881709,0.08350402,0.11782631,0.13179905,0.15945653,0.10757534,0.20939229,0.23578722,0.18750641,0.08949572,0.2783846,0.21570059,0.08951772,0.12269817,7
0.25662471,0.63215569,0.26423365,0.43320781,0.18841296,0.11512864,0.41567164,0.28845125,0.38249123,0.21096763,0.19422467,0.16043757,0.20546721,0.03770464,0.0580805,0.22525741,0.14855658,0.03565917,0.14109715,0.15550318,0.03575849,0.11917828,0.14160053,0.07810963,0.14369602,0.14748487,0.05127309,0.07542938,0.10248994,0.07119897,0.07782138,0.13297328,0.09764484,0.07936409,0.11146269,0.08990941,0.07314553,0.11600173,0.06953121,0.05524008,0.09919999,0.09663696,0.05418825,0.05706009,0.10110289,0.14230888,0.05779975,0.03855556,0.08834813,0.08917397,0.11219057,0.1613109,0.15265228,0.09773126,0.05823549,0.08188117,0.04401838,0.10022067,0.12963904,0.09909778,0.16384462,0.11397359,0.07318214,0.08322058,0.06771192,0.17588704,0.1997348,0.09017022,0.20653448,0.09912147,0.03542476,0.15395017,0.29702615,0.36258008,0.3253103,0.2900915,2
0.13017797,0.44999439,0.43827963,0.22573498,0.50999193,0.10551467,0.46036382,0.32269856,0.32379434,0.3016617,0.17181736,0.12059847,0.31715834,0.12368344,0.06121208,0.13947573,0.04798911,0.18317852,0.06919194,0.07219699,0.16005888,0.11428459,0.08335052,0.13575323,0.09841562,0.17168786,0.02720217,0.05658696,0.15059809,0.12046091,0.090093,0.04478874,0.0957301,0.13733361,0.06447866,0.03584977,0.11688275,0.14502544,0.0629735,0.0343632,0.04823112,0.15467995,0.11924614,0.04842165,0.0809099,0.03581337,0.07809137,0.07772426,0.11193421,0.01889723,0.07413001,0.08356072,0.08909422,0.07727678,0.13091324,0.09559336,0.06398516,0.14420186,0.16913888,0.10030476,0.08727394,0.22950807,0.12742135,0.09725329,0.23411965,0.23040443,0.13300583,0.14953809,0.31839943,0.20528491,0.05151728,0.18890341,0.37103742,0.10523893,0.18957025,0.08507227,5
0.27277687,0.28284943,0.32462478,0.1382694,0.42724624,0.10576379,0.39350222,0.38582866,0.26215053,0.07112564,0.14444314,0.2684515,0.2792947,0.11463977,0.13328726,0.15286182,0.13717315,0.284424,0.14274048,0.1264378,0.13216826,0.19945273,0.04717626,0.13683448,0.12139714,0.13506307,0.10698805,0.0992754,0.10426099,0.10621418,0.14420378,0.03745037,0.00909586,0.11577402,0.19246511,0.01259668,0.01145889,0.0898412,0.01093631,0.05065227,0.05283428,0.12057717,0.0726031,0.06738296,0.2056685,0.06765369,0.05232736,0.11742205,0.08691923,0.07939536,0.09593701,0.17695774,0.09894221,0.10630697,0.17074465,0.07064832,0.10945285,0.15083719,0.09851576,0.16688952,0.14654064,0.09950288,0.23828014,0.14176735,0.10831052,0.30147022,0.19141904,0.09237278,0.34203091,0.24101752,0.12328936,0.12875744,0.24991144,0.13216327,0.05737779,0.17072075,10
0.1626714,0.03335347,0.11066904,0.28225204,0.1534954,0.09015162,0.390474,0.2104189,0.25769186,0.04258166,0.05343258,0.03936655,0.055801,0.21709177,0.05833167,0.09737741,0.05587357,0.03342975,0.10270514,0.08198062,0.09682402,0.03313751,0.06184973,0.05966079,0.06472526,0.08044841,0.08174612,0.12133575,0.01968443,0.08973133,0.09963509,0.06887742,0.05812536,0.02256165,0.09373734,0.08313394,0.07036122,0.07510869,0.03377668,0.06733623,0.0444593,0.07097329,0.08265519,0.04746269,0.05999422,0.08410818,0.06328021,0.03935687,0.07190655,0.06179069,0.06331847,0.04602901,0.08188128,0.07026602,0.0793712,0.01408571,0.09889389,0.06216581,0.05886338,0.05607425,0.08688317,0.00661185,0.05039438,0.0581273,0.08325883,0.03932878,0.01212618,0.08523307,0.06444274,0.03114712,0.04050643,0.27435087,0.09251487,0.38215158,0.19504016,0.3287297,9
0.16249345,0.54660962,0.26387823,0.25832134,0.19534471,0.22213147,0.14792626,0.2987988,0.18807365,0.22814941,0.06750045,0.24747739,0.02693267,0.21937237,0.07171047,0.19355048,0.0427261,0.20951806,0.01553799,0.10258069,0.09978395,0.14031695,0.0552621,0.18693983,0.12068323,0.08342959,0.09645666,0.0685143,0.05003875,0.11174003,0.08434782,0.05049243,0.05970806,0.03949522,0.05148958,0.0850112,0.06311083,0.06061967,0.06607768,0.07933187,0.04892699,0.07780638,0.06076524,0.06295583,0.06752275,0.04134452,0.06121983,0.09196535,0.09884484,0.05993287,0.06148315,0.09520071,0.05732789,0.13337846,0.07989231,0.07494786,0.12413277,0.09534174,0.12921984,0.10810836,0.14424498,0.07618074,0.01732671,0.13109221,0.12295331,0.11500541,0.20468855,0.1627492,0.10926812,0.06783148,0.25449456,0.13521153,0.3474524,0.51823314,0.1370128,0.39345653,3
0.18085293,0.68153974,0.17305119,0.49319778,0.14819437,0.15735492,0.104695,0.12344023,0.14687905,0.10419852,0.14654948,0.03384695,0.07810014,0.07401131,0.10210474,0.13786369,0.02824153,0.07048703,0.06349389,0.15583831,0.1190146,0.08198053,0.07357296,0.01319182,0.20021605,0.10497438,0.11831003,0.01781294,0.04231874,0.20804054,0.13495062,0.10859216,0.02906556,0.07111201,0.17876274,0.14727472,0.06114757,0.0421073,0.0497723,0.12940173,0.15703758,0.05284836,0.06171769,0.04707327,0.08692592,0.05322257,0.08782112,0.05865159,0.06334668,0.02429314,0.0706127,0.06413495,0.06939864,0.02525015,0.08047472,0.04999603,0.09698389,0.06502434,0.05187623,0.04873427,0.14354705,0.12457952,0.04477929,0.07011811,0.16251478,0.18625059,0.06587312,0.17166088,0.1632155,0.22878304,0.05329759,0.26377323,0.17136248,0.26838988,0.14874744,0.38252771,3
0.14011266,0.28528772,0.42225054,0.29759961,0.28798226,0.20937534,0.51615896,0.20179833,0.3287638,0.05136994,0.13925841,0.14649182,0.09026653,0.11730751,0.10453736,0.1354443,0.15406032,0.21431346,0.13648741,0.14844311,0.05687117,0.04563584,0.15444201,0.0722589,0.04328461,0.11396509,0.10471566,0.05512066,0.10031144,0.091934,0.12240439,0.06447676,0.04955263,0.06197068,0.05215116,0.06872922,0.0595564,0.07281587,0.05501927,0.025005,0.05080718,0.08348221,0.07469503,0.01928575,0.10536561,0.09497816,0.0704733,0.07306151,0.11814562,0.09065988,0.04798465,0.03219456,0.02478532,0.03600047,0.1074894,0.10912978,0.05999116,0.12018889,0.12374955,0.02793641,0.15651399,0.06635692,0.09267194,0.04981516,0.11832169,0.07338027,0.1061092,0.12457633,0.14219907,0.19723659,0.11544965,0.17765424,0.09473926,0.23669106,0.10273804,0.18295853,5
0.30346291,0.28430875,0.42444543,0.29076661,0.43710074,0.12339044,0.34946873,0.32595179,0.13937839,0.19667105,0.21467983,0.14524128,0.28672549,0.19416906,0.26820658,0.03092087,0.03798943,0.14643639,0.17578492,0.15576861,0.10497725,0.14463353,0.045729,0.11148487,0.12890498,0.00978633,0.09727893,0.14006477,0.06149121,0.14814598,0.05700311,0.05531511,0.06210618,0.10870642,0.06713844,0.05079164,0.09416753,0.04663889,0.02313607,0.09862107,0.07559957,0.03199966,0.06725346,0.04519588,0.16871754,0.23181054,0.08088044,0.07677183,0.23295312,0.16708107,0.11475126,0.09405243,0.19161711,0.20683763,0.04062959,0.08152499,0.24056087,0.15084859,0.01795238,0.07741918,0.24949164,0.12011057,0.1245161,0.14436812,0.20851153,0.20016022,0.17280601,0.20017667,0.34536902,0.11039487,0.23992292,0.11191497,0.16323084,0.16433536,0.09612519,0.06746848,10
0.28051463,0.49782649,0.28918994,0.27489656,0.24120194,0.31671637,0.43223071,0.38814613,0.18775295,0.31926578,0.13008657,0.04195557,0.23671968,0.31624197,0.23565888,0.08627243,0.12588622,0.20217022,0.11674555,0.14252946,0.05237993,0.13622975,0.05283141,0.16816423,0.14841164,0.02330349,0.08078034,0.13256475,0.1764596,0.11617923,0.04494837,0.04384381,0.09738984,0.15856224,0.05492664,0.0494254,0.08301344,0.11236569,0.10809268,0.03443096,0.03200159,0.09178414,0.11204337,0.13763754,0.13401782,0.16494838,0.13844181,0.10597545,0.13308648,0.15801907,0.12362791,0.02741378,0.15854588,0.14265134,0.10372797,0.04055765,0.2176655,0.1554778,0.10213496,0.02512793,0.20006726,0.09143568,0.02940101,0.09165859,0.15996355,0.09692934,0.11248545,0.07305408,0.24160428,0.10155452,0.08406927,0.07006985,0.16219434,0.13753952,0.25174429,0.20838389,4
0.05597256,0.09263161,0.12489575,0.35133984,0.04241112,0.08521959,0.26691513,0.06937401,0.37370146,0.05035535,0.05867655,0.17580729,0.06736236,0.09369206,0.06416328,0.05208255,0.08985259,0.0401854,0.07757876,0.07648703,0.07585664,0.05010391,0.0243481,0.08216517,0.08182319,0.08486256,0.0343457,0.04941428,0.06989303,0.08235479,0.08896616,0.02140567,0.03137987,0.05823969,0.08453564,0.07393761,0.02884389,0.00862312,0.04245079,0.08889259,0.08428295,0.03781623,0.0156454,0.037296,0.10130755,0.04253404,0.04084773,0.04637531,0.10242164,0.04763405,0.0298505,0.03558297,0.09258673,0.03736139,0.03082416,0.04511229,0.06701959,0.0341228,0.04051347,0.05947418,0.05496478,0.04254036,0.00236281,0.06801795,0.06708207,0.02935938,0.06246789,0.15246454,0.07248589,0.11806059,0.07954434,0.08108719,0.0827737,0.32227155,0.02356901,0.39611039,9
0.13060708,0.26525027,0.28670665,0.15821725,0.25820041,0.32964423,0.57677882,0.10896091,0.36874003,0.15239483,0.22989577,0.41221804,0.29232016,0.30550575,0.0997214,0.0782033,0.21099608,0.21749693,0.25138638,0.16542277,0.11713731,0.16392504,0.30654767,0.24614128,0.07257318,0.09564586,0.0358195,0.17655091,0.10704416,0.09427549,0.12105867,0.16899359,0.03005244,0.09012115,0.07755167,0.09985684,0.08757787,0.08261504,0.1330943,0.10514407,0.09806214,0.062284,0.09359455,0.16798591,0.07012313,0.08973942,0.10751472,0.15671576,0.0679157,0.16179719,0.12270061,0.10860075,0.06988004,0.16279215,0.15373334,0.12546482,0.12927899,0.15355925,0.16496889,0.09540947,0.18883176,0.13149165,0.12979339,0.08038338,0.20398224,0.17605823,0.09163312,0.0640626,0.25511734,0.12023461,0.05677321,0.05859721,0.19799583,0.17717839,0.10977743,0.12034986,6
0.33020965,0.47009626,0.43416351,0.19967158,0.29693038,0.14261728,0.30287035,0.41777595,0.3169984,0.06012348,0.24898312,0.18895728,0.17558374,0.17108601,0.22854711,0.09270002,0.13673467,0.07595209,0.10143592,0.05353649,0.1477468,0.05895851,0.11880122,0.05551501,0.15984836,0.05807726,0.09808997,0.02125471,0.15274174,0.07380038,0.09042711,0.03787691,0.14777768,0.01385886,0.0609185,0.04193814,0.14613413,0.03310797,0.16989447,0.08454322,0.12867963,0.01750903,0.15485949,0.07047221,0.08215043,0.02241253,0.13789549,0.12901256,0.04388414,0.18117005,0.1300641,0.06752254,0.18081083,0.08938128,0.09913566,0.1679432,0.06714864,0.17483284,0.20627023,0.14594898,0.21670812,0.20115292,0.11994568,0.14954384,0.17558013,0.05084366,0.23864931,0.21068435,0.15449688,0.36297039,0.30917748,0.15962446,0.45140703,0.32263002,0.14993917,0.21946435,8
0.15683475,0.04283814,0.11671571,0.14302604,0.14315148,0.08198063,0.40699355,0.14923179,0.35850443,0.02700028,0.1136792,0.08218229,0.04545431,0.22156752,0.06216062,0.11190301,0.02652067,0.09167088,0.13002765,0.0817313,0.05881876,0.03885585,0.11581855,0.08259797,0.09166491,0.0308735,0.06118101,0.03945235,0.01067419,0.08931931,0.06476281,0.08658651,0.0122847,0.00933177,0.07270712,0.06868627,0.09677512,0.03445096,0.05190528,0.09033396,0.05845381,0.05305326,0.04799509,0.09311199,0.0499565,0.03781578,0.0192506,0.06028575,0.02357842,0.07852686,0.04568316,0.03804737,0.04885088,0.06356376,0.09160302,0.03794294,0.08979832,0.05625196,0.03642402,0.04904071,0.07219132,0.04123676,0.03955462,0.05622974,0.05613969,0.04557406,0.07714565,0.11181951,0.10219381,0.02726275,0.05310294,0.31881205,0.08776551,0.43812906,0.12868189,0.28570724,9
0.15980938,0.14015211,0.49040901,0.04900395,0.26211355,0.18040328,0.44471034,0.18061056,0.16315847,0.15901193,0.27681966,0.14219778,0.14482409,0.21336701,0.06072236,0.0546616,0.15048567,0.24232546,0.10190552,0.18420218,0.03719256,0.0919357,0.07655899,0.14857692,0.18770723,0.15620248,0.08318175,0.03939117,0.07912833,0.09339484,0.07546357,0.10492099,0.08456648,0.01771635,0.11970519,0.14534011,0.12073684,0.09170876,0.11742527,0.05830391,0.01554927,0.04452769,0.10647607,0.12126823,0.07901229,0.02240573,0.07403766,0.13862177,0.18512215,0.20847331,0.10541216,0.08366927,0.0440547,0.06786369,0.03397748,0.0713014,0.10851368,0.16544205,0.18568726,0.07143769,0.18210438,0.10514099,0.04421803,0.01550267,0.12719941,0.0549382,0.14704616,0.14748518,0.25869109,0.2060598,0.12932453,0.16980783,0.10088524,0.27037414,0.25565245,0.057553,7
0.2822788,0.54909228,0.44888891,0.27914246,0.20287292,0.12934873,0.16591654,0.30100438,0.13210852,0.13721573,0.15056416,0.21059298,0.14519869,0.18406345,0.10435044,0.15990166,0.12254367,0.15330051,0.0712281,0.09332385,0.14301124,0.14379736,0.09741745,0.09023293,0.16232392,0.09431869,0.10805687,0.12062217,0.0518274,0.06158743,0.13063743,0.09663666,0.07060821,0.09003154,0.13504522,0.08236999,0.07782332,0.09923091,0.10409195,0.06802237,0.06791561,0.11554976,0.11596786,0.06255252,0.11418241,0.11280087,0.06674368,0.00911893,0.09557172,0.04304801,0.09108693,0.14613132,0.12819203,0.13292794,0.10378402,0.04681842,0.09393809,0.03017303,0.0373274,0.11866352,0.06615979,0.10663314,0.18455783,0.14847386,0.14296217,0.19911462,0.02409508,0.14192539,0.06467183,0.19515792,0.34168301,0.27307164,0.38739844,0.46210086,0.21744831,0.2251655,8
0.33120721,0.24309521,0.27685366,0.14291456,0.38182636,0.08821596,0.3527287,0.40523357,0.33079655,0.04215001,0.20982789,0.23848569,0.25870489,0.02863739,0.16772358,0.06431807,0.14914972,0.33881369,0.14244793,0.05290783,0.14509669,0.14904243,0.17059146,0.22806624,0.12085919,0.08979828,0.16398927,0.11914753,0.05660755,0.07637772,0.12752251,0.06396434,0.11235633,0.06778026,0.12552258,0.06091629,0.09441601,0.02625167,0.06535632,0.03928573,0.10737869,0.04407493,0.0636116,0.04725199,0.12603441,0.03323915,0.07570024,0.04785188,0.04611982,0.10376525,0.04660395,0.10012406,0.11487473,0.05393024,0.14780831,0.15003406,0.06138838,0.15652352,0.14176647,0.05849453,0.15142386,0.12185755,0.09692193,0.2091443,0.08525591,0.15646389,0.22575952,0.2474489,0.22958264,0.25791981,0.23772512,0.084925,0.27845658,0.21140112,0.03168378,0.10634205,7
0.11366344,0.07323426,0.10324812,0.22144858,0.09066987,0.07875911,0.34954356,0.12244399,0.40969998,0.08027087,0.0939466,0.10843503,0.04248205,0.07813651,0.06732077,0.12244287,0.07337931,0.02648295,0.08614058,0.05403923,0.10345565,0.07181606,0.04840292,0.06404238,0.04085454,0.08317071,0.04674514,0.06457353,0.10238461,0.05553087,0.10052541,0.03239492,0.05316765,0.08555185,0.08140723,0.09549608,0.03111684,0.0882585,0.06511906,0.0878698,0.06287465,0.04942239,0.08891584,0.02185805,0.07478896,0.03337532,0.02040418,0.06212562,0.06024864,0.01728063,0.02227758,0.04386888,0.06700445,0.00507356,0.04444501,0.06761808,0.08895006,0.03144162,0.03808176,0.1072384,0.07742557,0.09119246,0.05884554,0.03086128,0.04269912,0.08630233,0.02344302,0.08526199,0.06481618,0.06040535,0.09855068,0.14445997,0.07728104,0.374881,0.07123312,0.38453455,9
0.18790473,0.40796563,0.37678555,0.16873174,0.4138534,0.27706201,0.28239989,0.42733813,0.19137275,0.220737,0.24158304,0.19513789,0.18577218,0.24681976,0.15169551,0.07229548,0.21910898,0.10653231,0.18795059,0.05558447,0.19596179,0.08114877,0.22985451,0.06646562,0.17336369,0.10549961,0.12559613,0.02279889,0.13777667,0.09235202,0.09134949,0.06027613,0.11343706,0.05256607,0.08840457,0.13303718,0.13006086,0.0514046,0.06233195,0.16202872,0.09380938,0.06133054,0.07054902,0.03205132,0.08821697,0.12604886,0.01653587,0.06290531,0.0917035,0.06844895,0.12872708,0.10482729,0.12537085,0.15908818,0.07256654,0.04475189,0.11697363,0.07385749,0.10609205,0.18213275,0.09695072,0.20410785,0.11714759,0.15416495,0.26341388,0.12547016,0.19353443,0.29954587,0.2561211,0.30157948,0.40036499,0.19498887,0.40878916,0.46642839,0.0892063,0.27460634,3
0.23322566,0.50011045,0.04442938,0.25500235,0.20500329,0.46814298,0.24460929,0.38462721,0.14018131,0.20418277,0.30483796,0.16958497,0.26617881,0.22445691,0.1550058,0.23284622,0.34329217,0.06260999,0.19219197,0.08848176,0.1547204,0.24015236,0.17758271,0.14886307,0.07444948,0.16050582,0.18482586,0.19459204,0.11534513,0.02950121,0.18207589,0.18915635,0.20000844,0.10618585,0.02913776,0.09927388,0.20236854,0.1588661,0.16723362,0.02177026,0.05777676,0.16318139,0.14636357,0.10510687,0.07537268,0.0576069,0.04089619,0.06196965,0.08283517,0.0713663,0.01370595,0.05465741,0.04213979,0.09252799,0.00270626,0.02175393,0.03148688,0.05797164,0.06644989,0.0637186,0.02782943,0.06245084,0.02830606,0.06867071,0.08025348,0.09681645,0.17389149,0.12869645,0.13315272,0.02036707,0.10581534,0.13246878,0.18625802,0.27661973,0.37528937,0.30018677,4
0.10176426,0.25440916,0.42353762,0.04666435,0.27805946,0.19880106,0.48129087,0.15416491,0.26089971,0.08429295,0.28997731,0.20792308,0.10426657,0.19855695,0.0153628,0.07824472,0.13723824,0.23621169,0.09765736,0.13447002,0.07437171,0.12420809,0.13872824,0.14790132,0.11294783,0.10904589,0.02109521,0.12600494,0.0999523,0.15421364,0.12376454,0.03305776,0.01860377,0.0596842,0.09420772,0.14783456,0.10543381,0.0363033,0.04747182,0.04631756,0.0766753,0.11639326,0.12064164,0.03803337,0.09335676,0.13932575,0.06098955,0.06152333,0.05905793,0.09627787,0.06462038,0.04235746,0.09421434,0.10558329,0.16702596,0.06511105,0.08584169,0.02115845,0.05658972,0.02271597,0.20758674,0.08931795,0.14879137,0.20743787,0.1240154,0.11363522,0.09442162,0.18745684,0.21127374,0.28574838,0.23717549,0.04321475,0.22743102,0.15640162,0.17686488,0.14314064,7
0.16304855,0.49627684,0.36114017,0.3319448,0.11453934,0.21799609,0.09895469,0.15984169,0.22128945,0.20141942,0.06001892,0.2141844,0.18462281,0.06422033,0.15738215,0.13687626,0.18803211,0.09431856,0.18191363,0.10135291,0.17250994,0.06486041,0.17417468,0.04550501,0.09884851,0.12405504,0.08522838,0.07691075,0.0881116,0.08397905,0.0659398,0.08987896,0.02375055,0.08225379,0.09081439,0.0483494,0.06468582,0.08956999,0.04650395,0.02842706,0.11820348,0.06397389,0.12772299,0.04801902,0.03310599,0.08221825,0.09237051,0.07713427,0.05947647,0.11995731,0.13029193,0.02132926,0.15058088,0.06088633,0.11450476,0.06753789,0.15170271,0.10165939,0.04087214,0.05310379,0.10517903,0.0692642,0.12815407,0.08637945,0.02328447,0.05122374,0.14733949,0.19672151,0.16296927,0.09911331,0.15654063,0.10634858,0.28412293,0.51027171,0.08948033,0.47522535,3
0.07754809,0.20464079,0.16871517,0.22204002,0.6023171,0.02575713,0.42093378,0.13741954,0.30008143,0.07607574,0.03788331,0.28975629,0.06237432,0.3622548,0.24477449,0.04086308,0.10662735,0.06587869,0.13475044,0.05676615,0.03530582,0.19442658,0.02119092,0.16497361,0.17573455,0.05805191,0.06871351,0.04898978,0.15672466,0.05290365,0.03649258,0.16385378,0.05948375,0.08801912,0.13008956,0.06287738,0.05342027,0.03165988,0.15755157,0.06791427,0.04605098,0.12584803,0.07010889,0.06608921,0.04482661,0.11019847,0.04382388,0.09179935,0.05606219,0.06707793,0.05004235,0.11516762,0.05214022,0.14564432,0.02605629,0.12317791,0.04250098,0.08533961,0.06327529,0.07923898,0.04642532,0.1719974,0.01089545,0.14275445,0.03070358,0.13271865,0.07123119,0.075044,0.04982469,0.24325759,0.0716329,0.31522115,0.03701477,0.41218453,0.12418352,0.34171509,1
0.07339649,0.09446541,0.14745333,0.28164138,0.13613221,0.10082327,0.34824727,0.04203172,0.40935028,0.06877694,0.0674849,0.12884225,0.08673764,0.09185641,0.03507731,0.05110837,0.03279167,0.05106827,0.117413,0.07941195,0.07627794,0.0372006,0.01087266,0.06897979,0.07356327,0.12528989,0.05114279,0.01565007,0.07904144,0.10886655,0.10818898,0.0686828,0.08081948,0.04250476,0.11281151,0.09571399,0.06591538,0.10095721,0.03710779,0.08807331,0.11245474,0.06279917,0.04217528,0.03557523,0.06775797,0.09145163,0.09105463,0.04301589,0.11651206,0.09339061,0.08096555,0.04476482,0.11895503,0.07511928,0.04770771,0.03105754,0.08615857,0.08873403,0.06914202,0.07590799,0.0868299,0.02131707,0.04896876,0.11856889,0.08506482,0.07522016,0.04131393,0.10791549,0.07107459,0.02484909,0.05265993,0.24435426,0.09291249,0.38932942,0.01490403,0.33873754,9
0.01339098,0.13839191,0.41589583,0.21548546,0.39419541,0.27514195,0.33462498,0.32532775,0.19154041,0.03663596,0.23812565,0.23560683,0.11067963,0.03948157,0.18796899,0.32009399,0.19028622,0.08386324,0.02580863,0.0809007,0.12790042,0.15304364,0.08688717,0.05566291,0.22533115,0.07378601,0.18178017,0.09305529,0.08953595,0.20229889,0.08513007,0.17770845,0.13748536,0.12128447,0.13158655,0.07596807,0.0571119,0.09992992,0.04109596,0.24708438,0.20566892,0.05316838,0.07060008,0.13145562,0.10027482,0.15718099,0.0909927,0.03528011,0.01861618,0.13229642,0.10459193,0.05776712,0.19172054,0.05885333,0.0626891,0.01083643,0.2591136,0.10104661,0.13126398,0.06528693,0.0785654,0.02987163,0.09760513,0.08064065,0.25061849,0.15456277,0.06757905,0.12759909,0.19859383,0.24265882,0.09538638,0.13054304,0.19478261,0.25279765,0.11724019,0.11048039,7
0.11131312,0.57965844,0.16862359,0.34094011,0.24445611,0.45271451,0.3058303,0.40162418,0.23988883,0.14482992,0.35195789,0.20158875,0.20306846,0.18054548,0.15709976,0.20185452,0.24526072,0.19937374,0.23399155,0.13052138,0.22568058,0.24713409,0.13067,0.15673833,0.08342522,0.12777316,0.25998059,0.13557375,0.08464344,0.10188209,0.13190707,0.22546886,0.20286758,0.09848355,0.06417436,0.11589727,0.16876352,0.25135132,0.13964286,0.07703117,0.0971272,0.14517206,0.19399101,0.17677402,0.03031332,0.04784417,0.02614202,0.04235222,0.01735057,0.03313975,0.05538893,0.01228071,0.04028736,0.01503653,0.07927454,0.0412704,0.01132161,0.03426659,0.01990628,0.00791988,0.07125604,0.02733422,0.08803138,0.14164891,0.07369197,0.0833135,0.0844839,0.06157137,0.10848212,0.09065766,0.082247,0.19017718,0.36872825,0.14476264,0.37663131,0.17210968,4
0.28360412,0.43520212,0.50098493,0.26460772,0.41082153,0.0946301,0.35528123,0.32224206,0.33820266,0.12814501,0.29718135,0.07392954,0.31968521,0.04661765,0.21667446,0.18680309,0.1573778,0.16574131,0.14903385,0.17468393,0.0357731,0.14368071,0.03141546,0.20838487,0.02683647,0.08673289,0.10583556,0.11487535,0.0837337,0.06270712,0.10621137,0.08482817,0.09719015,0.07402086,0.06861834,0.12452912,0.04521142,0.11604619,0.05399265,0.09077873,0.03051304,0.1334181,0.09527799,0.03827387,0.08999137,0.12747868,0.08046567,0.02817814,0.11545592,0.07941706,0.09575405,0.16118228,0.06385465,0.10352881,0.23200819,0.13322759,0.11538071,0.22618112,0.13146904,0.05811987,0.18135503,0.07738966,0.07397446,0.19247238,0.05618221,0.13710424,0.21420595,0.2679971,0.26991522,0.29695751,0.26066915,0.11277045,0.40174998,0.27169737,0.07416713,0.18827046,8
0.07303606,0.48032958,0.32850794,0.28838918,0.46438864,0.22811725,0.53793554,0.21187016,0.46924827,0.33224641,0.21722629,0.26682581,0.0977755,0.22121316,0.2210874,0.17258434,0.31551303,0.04128199,0.11253231,0.13014114,0.19283681,0.28012062,0.11479225,0.07768203,0.07040185,0.08514793,0.26524088,0.08992841,0.01813125,0.08897027,0.09203434,0.24612063,0.06602141,0.05679802,0.09684324,0.03083519,0.13736468,0.09388012,0.11618456,0.14793764,0.04709748,0.12249987,0.07520272,0.08429853,0.14461333,0.11285615,0.03666376,0.09613245,0.14884656,0.11450511,0.0177072,0.05494205,0.12524988,0.13681952,0.06122271,0.05098312,0.05447426,0.18157412,0.07931693,0.05254642,0.07798837,0.14067258,0.12977004,0.01452807,0.13662798,0.16108167,0.14144775,0.07470997,0.07631281,0.14769787,0.11834688,0.0465297,0.30721985,0.07586385,0.19475872,0.01105144,5
0.234009,0.5133429,0.34804614,0.17711613,0.26965621,0.19911081,0.29379961,0.45588142,0.25650887,0.1359943,0.1937295,0.21037684,0.17873334,0.11866826,0.14496623,0.16085607,0.1049201,0.10133629,0.06591211,0.13768036,0.0704303,0.11174922,0.09897682,0.10631821,0.09777324,0.13021595,0.08397997,0.09989374,0.08939441,0.09746887,0.05460646,0.0937669,0.09634478,0.08632199,0.05009909,0.083439,0.10663044,0.06055055,0.04284449,0.06841629,0.11517403,0.06002873,0.06486597,0.08376977,0.0426201,0.07585184,0.1823149,0.14396334,0.08290257,0.16695464,0.13654863,0.01386633,0.16416042,0.0652322,0.09304244,0.14805205,0.05745278,0.13495794,0.18568652,0.1757645,0.16122691,0.12858913,0.18381724,0.02419094,0.13265721,0.0983365,0.1141293,0.23046332,0.0704697,0.27644902,0.38614095,0.2838458,0.44631624,0.38306811,0.30545221,0.10520336,8
0.10854862,0.04284753,0.05686917,0.16270925,0.08153732,0.1342539,0.38916195,0.06832148,0.35137306,0.06464946,0.08832973,0.10640932,0.11101705,0.13212349,0.07252684,0.0718762,0.09695686,0.01212083,0.05542083,0.07343174,0.10580724,0.06174855,0.04341897,0.062201,0.0851636,0.08677883,0.04838383,0.06486575,0.02954729,0.08304871,0.05226462,0.05280328,0.04667957,0.04958472,0.07161562,0.04974672,0.02558547,0.04377722,0.05518557,0.08897755,0.04056643,0.01763191,0.03969264,0.025982,0.07229252,0.06775036,0.03416192,0.03966861,0.07527457,0.06331978,0.04458696,0.04967042,0.06522214,0.0364438,0.03744277,0.04047889,0.05940072,0.03344765,0.08950217,0.07779155,0.10498755,0.03815218,0.10374196,0.0345005,0.1371456,0.03830973,0.03447513,0.09024536,0.1065734,0.06599179,0.05510455,0.19526129,0.10335167,0.38790064,0.03661196,0.4036651,9
0.19823452,0.44474453,0.39604145,0.2013201,0.30750585,0.1546622,0.13073733,0.28655236,0.16018176,0.15403335,0.23492877,0.1689097,0.17105659,0.17729212,0.11266674,0.11634629,0.20419287,0.17845604,0.17331452,0.11918002,0.06549661,0.09064779,0.13662712,0.16298821,0.05077645,0.08810763,0.01736031,0.07162558,0.12629748,0.06510144,0.03328508,0.06274924,0.02614683,0.06523894,0.02241518,0.04041846,0.01111096,0.09209225,0.07031989,0.02402182,0.04376597,0.0528515,0.034874,0.10808778,0.07350161,0.03800579,0.05904398,0.12546443,0.0195388,0.08753903,0.1331094,0.08546366,0.08713248,0.08743447,0.08137591,0.14308718,0.10123999,0.14330819,0.13102335,0.1007242,0.13741643,0.09428374,0.18366983,0.05841086,0.16702533,0.16031342,0.11222024,0.09178079,0.05531972,0.06842234,0.26988956,0.31811082,0.33379519,0.49162103,0.17713021,0.42298863,3
0.11956814,0.31861235,0.43178889,0.28313647,0.37098731,0.25809079,0.46059097,0.25363025,0.45494375,0.18435248,0.18532351,0.23918491,0.09905797,0.0763858,0.11346875,0.05321797,0.24705553,0.07674056,0.08843085,0.16693206,0.02111031,0.11205636,0.11615611,0.10211945,0.18456506,0.03121781,0.0402835,0.10533656,0.14381063,0.09096409,0.13223658,0.12498066,0.06611114,0.10745289,0.07541952,0.09611709,0.12285588,0.07720049,0.06363602,0.0988801,0.02822857,0.10280351,0.06469417,0.01880345,0.10477376,0.09308065,0.05524611,0.12881957,0.03855308,0.1338695,0.09997149,0.10328331,0.04917441,0.15682765,0.06416856,0.05100797,0.09343678,0.11337903,0.03949052,0.10545515,0.02384682,0.07630396,0.08166698,0.21021309,0.07564909,0.17480262,0.10595646,0.18238937,0.15412868,0.26338469,0.19283856,0.13698763,0.20750195,0.14629675,0.10275028,0.01197332,5
0.10488894,0.4402749,0.30450305,0.179236,0.24924649,0.2198681,0.21263901,0.30086645,0.06420625,0.0775682,0.19159421,0.17150204,0.2152282,0.20077752,0.1410209,0.12585778,0.14550955,0.06188848,0.17796674,0.12987471,0.14751767,0.14168732,0.10312275,0.04360689,0.06998607,0.0953885,0.05117499,0.13984147,0.09334438,0.09844278,0.10070274,0.07692312,0.03830101,0.12320223,0.0584752,0.05120286,0.13515741,0.07873577,0.07781586,0.09130687,0.07890956,0.01987096,0.09866798,0.07439783,0.09754119,0.03795951,0.02493069,0.08476823,0.02194048,0.13004142,0.08040931,0.07704115,0.04815265,0.09939592,0.16931736,0.04289586,0.17231439,0.06863624,0.06514884,0.01132161,0.1242118,0.1001976,0.10438813,0.09739613,0.09255303,0.03384385,0.14364191,0.19020168,0.10938302,0.11842248,0.18392727,0.08901008,0.30627181,0.41706043,0.11183845,0.36372527,3
0.25319344,0.26766082,0.37520219,0.19384028,0.5472232,0.06639352,0.26837504,0.32344275,0.31916402,0.1591554,0.40925964,0.14443252,0.15863405,0.10358247,0.19399945,0.20986629,0.2096774,0.3037603,0.10614524,0.18198892,0.13215041,0.23169832,0.21206068,0.21815097,0.06071298,0.22899042,0.07751504,0.1687437,0.30987962,0.15747204,0.10113143,0.16381651,0.05709394,0.20829281,0.09067893,0.08914593,0.20646314,0.06337306,0.06155314,0.09177308,0.14248164,0.03504932,0.14411486,0.10101111,0.108833,0.02240771,0.14244211,0.09654912,0.08614096,0.1313286,0.11792744,0.08867406,0.02780196,0.08691437,0.05573839,0.12413375,0.14360117,0.02468037,0.16303248,0.16728272,0.14006617,0.08097952,0.1067816,0.09353546,0.03254567,0.09689706,0.07123522,0.17203461,0.25566177,0.14780135,0.22486815,0.23986658,0.17209872,0.26519911,0.19929212,0.116475,7
0.05429936,0.23417377,0.1574859,0.15756047,0.5364289,0.04315962,0.45420909,0.08252533,0.3417822,0.1367699,0.07651133,0.22461091,0.05315911,0.34514965,0.15458209,0.02916146,0.16486489,0.08915907,0.09997601,0.12493232,0.07946607,0.11089691,0.03531828,0.18316946,0.07702913,0.01348932,0.1040768,0.08682686,0.08337379,0.10739934,0.07567839,0.07891802,0.0346513,0.06800281,0.06000457,0.01874661,0.08192092,0.07615265,0.08094097,0.08734314,0.06595224,0.06933506,0.03502882,0.05121964,0.04705228,0.03625106,0.0565566,0.0738909,0.06760262,0.0936537,0.06294842,0.03078343,0.0276275,0.0480539,0.06315906,0.09061549,0.0715124,0.12896609,0.057727,0.02151472,0.01704052,0.06585549,0.0697377,0.14777027,0.06552221,0.14988372,0.08074395,0.0678264,0.03435916,0.22877461,0.10324708,0.34047023,0.0609238,0.46334337,0.05120421,0.31692407,1
0.27094342,0.43032565,0.45235243,0.18839624,0.42114752,0.11777431,0.32541049,0.39416849,0.2884816,0.12845124,0.25167998,0.15401766,0.18212425,0.13488279,0.24151069,0.17373052,0.12717044,0.04895309,0.17954094,0.2167797,0.06611031,0.03230816,0.16122576,0.16202336,0.04659565,0.0228244,0.10282885,0.22359267,0.02735619,0.0485771,0.1016107,0.19437582,0.07272225,0.11696713,0.10227207,0.16945939,0.06672754,0.11681681,0.09152309,0.14881466,0.0708279,0.09392445,0.11655583,0.06219077,0.08629881,0.07726674,0.09352939,0.05583391,0.05193538,0.07069706,0.11512487,0.05655548,0.05821805,0.16809218,0.07846522,0.07362392,0.21511775,0.14104774,0.06949514,0.14688087,0.21709026,0.1111737,0.18586749,0.15117913,0.13587134,0.27638226,0.24850628,0.07476796,0.35118921,0.37173575,0.13348457,0.10402356,0.45741213,0.21869792,0.04551182,0.24000187,5
0.29757577,0.27944683,0.42792769,0.23610773,0.381379,0.14825594,0.35398252,0.3576299,0.20150719,0.05998389,0.14795824,0.22114056,0.32791331,0.09637916,0.19930611,0.06403768,0.05067313,0.21727449,0.15924047,0.03168893,0.08710183,0.19128835,0.0844408,0.06266296,0.06669872,0.10562542,0.16221429,0.1503663,0.07515209,0.07995955,0.14683475,0.11921983,0.08192723,0.09532332,0.12004146,0.08101501,0.11428559,0.0340069,0.07851641,0.04802031,0.11473924,0.02493918,0.0354186,0.11917755,0.10233598,0.08343224,0.07414532,0.04469637,0.07471091,0.07857762,0.08013467,0.14345951,0.05747051,0.05332069,0.20028493,0.06919076,0.04932118,0.20772222,0.11480685,0.10965625,0.21113519,0.10791438,0.17305725,0.08201786,0.104584,0.22943854,0.16742288,0.1390761,0.2693194,0.21033117,0.17431092,0.13822409,0.22984746,0.17785263,0.08560613,0.1403062,10
0.25177905,0.50274018,0.32676882,0.35720419,0.43401001,0.41623075,0.38953903,0.13276288,0.16184508,0.12857291,0.29132139,0.37671153,0.31918141,0.15095045,0.23701084,0.11263532,0.20488775,0.27645096,0.25940582,0.13832648,0.22947285,0.15078339,0.1112446,0.16309493,0.02802048,0.13658105,0.20631282,0.18029202,0.06280334,0.1009592,0.06181728,0.1235867,0.15989451,0.20205866,0.0219017,0.05865597,0.09590713,0.10115747,0.11850541,0.06427817,0.01716191,0.05066957,0.09833273,0.09116081,0.11853275,0.10810031,0.15118717,0.04161026,0.11102301,0.13492767,0.10818936,0.17639842,0.02589514,0.16393954,0.12895363,0.13108224,0.14765048,0.04872117,0.20753908,0.07643851,0.06428938,0.19217144,0.12758308,0.20221162,0.10112799,0.13615347,0.16822187,0.2092887,0.27790474,0.06428694,0.20253493,0.04347694,0.24627061,0.39872599,0.37795349,0.29559628,4
0.25051779,0.52172119,0.32573474,0.21022019,0.29671851,0.15539942,0.31146341,0.43583124,0.23742682,0.0656427,0.21993418,0.2269754,0.20045756,0.13715905,0.17489871,0.14251542,0.09291313,0.08287791,0.15639237,0.114561,0.05566812,0.11664087,0.15620589,0.08645596,0.09957679,0.13562727,0.122216,0.0585062,0.12420267,0.1524897,0.0573429,0.05710626,0.10616331,0.10907987,0.01746325,0.08543044,0.11863885,0.10504527,0.01089074,0.10905906,0.10054641,0.08723312,0.01418,0.07948169,0.06268982,0.05158287,0.14866266,0.11723885,0.11321167,0.16484815,0.0562123,0.02677182,0.12686636,0.0387869,0.05991677,0.07936308,0.0772794,0.07189981,0.11091374,0.2182165,0.12037497,0.17394498,0.23242306,0.08703082,0.1813636,0.12920467,0.08532349,0.1876804,0.08636545,0.28701248,0.32945195,0.27243745,0.45329115,0.39763604,0.27942538,0.1920578,8
0.14353587,0.10195849,0.41320333,0.03330909,0.19528482,0.18518955,0.49983772,0.16927655,0.21084614,0.1143004,0.27930948,0.18404754,0.07037469,0.32434679,0.09620655,0.09521329,0.11026377,0.28182101,0.10012227,0.0672714,0.05337885,0.08484252,0.08170878,0.14150477,0.14936292,0.15873899,0.08709086,0.06933696,0.13503147,0.06591608,0.11081438,0.08845811,0.08817525,0.06798597,0.07076254,0.05657692,0.08930867,0.05976118,0.05666793,0.13535059,0.06918592,0.12882004,0.08626708,0.07878951,0.1415761,0.10175379,0.07383439,0.04696097,0.07503321,0.07035438,0.02587303,0.08366378,0.10004286,0.10857628,0.11365836,0.05754779,0.13695029,0.06941589,0.10831132,0.03082121,0.10539288,0.02709345,0.07864925,0.11969219,0.16764102,0.10943163,0.10392137,0.13720261,0.21671654,0.17073919,0.09583438,0.23459906,0.05405868,0.29700412,0.23341937,0.10678784,7
0.14233262,0.51746844,0.19946273,0.23080392,0.28502154,0.23483117,0.68363814,0.14378614,0.51186128,0.20427108,0.26685599,0.2200464,0.14698207,0.55384042,0.13745374,0.10186451,0.21848205,0.25080927,0.11935698,0.14442021,0.12892132,0.08615493,0.11024938,0.22779584,0.04506445,0.14119491,0.18602593,0.12753365,0.06998376,0.05228726,0.10271609,0.03883801,0.12424547,0.22712613,0.10709065,0.0586075,0.09524284,0.12883983,0.08065063,0.03324904,0.0052376,0.09590823,0.08342013,0.16116606,0.02001059,0.06893182,0.0605114,0.07510472,0.08105911,0.11045196,0.07610114,0.08407598,0.03792347,0.0369982,0.10591019,0.08930199,0.06921486,0.08812292,0.13600692,0.13172913,0.13408824,0.12861765,0.08166829,0.10502587,0.02773133,0.09134645,0.07171171,0.12745839,0.15491776,0.14637191,0.24770274,0.12657246,0.29521675,0.17940114,0.12690404,0.18097817,6
0.06815893,0.35129261,0.12899341,0.05783823,0.51556825,0.0369703,0.50101528,0.08818921,0.33359468,0.17747613,0.0647591,0.22043894,0.05761224,0.35089199,0.16982734,0.04428342,0.17574473,0.08042472,0.05545361,0.13723897,0.10116423,0.13040399,0.0683033,0.14023488,0.10743358,0.06642747,0.0914768,0.08974098,0.07142152,0.09653755,0.09238363,0.07893038,0.0688443,0.06620246,0.07062131,0.09031893,0.04300083,0.08059791,0.06331217,0.08020984,0.07343326,0.03140484,0.06934867,0.02253228,0.12102819,0.0554343,0.07273945,0.04461623,0.07836432,0.08933427,0.10628682,0.02998556,0.09306785,0.06960034,0.06385186,0.09064673,0.09832089,0.12604533,0.07647531,0.04894163,0.06799833,0.12285731,0.07394119,0.1326926,0.08406109,0.20622422,0.0664184,0.04272158,0.04392257,0.18289342,0.02805878,0.278417,0.02757505,0.45664441,0.05972553,0.35354483,1
0.06801025,0.31084521,0.34235599,0.11610688,0.29537484,0.34104725,0.56491118,0.08011248,0.46206908,0.11335619,0.22913138,0.43113103,0.29543757,0.29004698,0.04197303,0.05145357,0.26009273,0.20095004,0.23316375,0.13512829,0.14147365,0.19363939,0.22117018,0.20209803,0.13875224,0.13532574,0.023505,0.11285177,0.14139554,0.1481857,0.21305022,0.14071572,0.04721588,0.1393541,0.05337046,0.11047004,0.10546579,0.13928231,0.05968643,0.10661577,0.0309116,0.1032091,0.20407168,0.1195875,0.17236533,0.06487654,0.06903175,0.03829764,0.13760896,0.10379319,0.02082806,0.09249947,0.06955589,0.10373417,0.10144328,0.05865466,0.02775817,0.05284908,0.17224179,0.12571931,0.16019234,0.10734098,0.18670823,0.08493845,0.15787404,0.14300354,0.11677815,0.15079351,0.2164923,0.18097183,0.09675218,0.11784945,0.25044744,0.17305656,0.08703591,0.06323331,6
0.11099813,0.4492611,0.09828624,0.25182644,0.15750677,0.20698692,0.66838409,0.10419826,0.47325933,0.31807026,0.16290643,0.10705594,0.08526001,0.40863054,0.20787511,0.07484611,0.33830005,0.12237255,0.04711268,0.01393077,0.1207189,0.12427833,0.08209636,0.24123263,0.08691211,0.16145681,0.15687106,0.07572259,0.1337391,0.08944487,0.10263768,0.14549564,0.16353824,0.13323664,0.08490967,0.086546,0.07662141,0.05643355,0.14244532,0.08192566,0.12390364,0.03701488,0.09796785,0.10205055,0.11603928,0.0879635,0.0976508,0.08279479,0.04903533,0.09793608,0.09904678,0.12865298,0.05541262,0.14077615,0.13049993,0.08280482,0.09296622,0.09166397,0.18025308,0.10162449,0.13972976,0.16530711,0.09655453,0.14178285,0.08643249,0.22900277,0.16137166,0.02935718,0.20809336,0.0546522,0.11007798,0.17196611,0.21663986,0.13982288,0.06143813,0.06743642,6
0.17407005,0.45349863,0.40650687,0.1593909,0.43868561,0.36786109,0.36025619,0.14773537,0.11392969,0.10264254,0.19436226,0.22263194,0.22573934,0.22300886,0.17011081,0.13500314,0.03267235,0.04316578,0.16766318,0.08499687,0.05569066,0.15264997,0.09661125,0.09615117,0.15568917,0.05736407,0.04408129,0.06993628,0.0674045,0.05352049,0.07170968,0.01659884,0.08671934,0.05463398,0.05908752,0.03447278,0.04855024,0.01910109,0.12028803,0.00695788,0.05403597,0.04470034,0.08733127,0.03780227,0.12787356,0.08638569,0.14407961,0.11000518,0.06510593,0.15157668,0.12974895,0.10906472,0.14087947,0.09755972,0.16377041,0.12061745,0.09221545,0.19760881,0.05209142,0.111717,0.17604765,0.14862812,0.18835107,0.04204586,0.07672751,0.14195721,0.10693382,0.19818574,0.33676394,0.09453813,0.13929556,0.2090585,0.11846847,0.39547001,0.31669982,0.16616764,4
0.10796554,0.5321172,0.37708821,0.32420768,0.25255798,0.24171452,0.53828978,0.18940389,0.47523491,0.25968757,0.25976091,0.19757273,0.04930094,0.06500197,0.08395757,0.16805776,0.29551199,0.14783926,0.07945218,0.05737528,0.09219626,0.22818557,0.14695698,0.09049501,0.08717196,0.05063837,0.0963951,0.14016721,0.17096708,0.12778555,0.0405195,0.04980067,0.11655271,0.13246691,0.12826653,0.10208532,0.03426841,0.08328568,0.10477947,0.08648185,0.09799809,0.08654745,0.0405259,0.06982786,0.05035214,0.05898377,0.1143049,0.0844316,0.08941513,0.0153811,0.1120021,0.06927793,0.16183225,0.0399091,0.0549489,0.09926772,0.14045567,0.09861048,0.07694427,0.11028965,0.06547935,0.13738897,0.07231794,0.08384787,0.0501985,0.19104737,0.11926068,0.11456838,0.11491706,0.15960617,0.21930332,0.06877195,0.23354672,0.04873972,0.1435754,0.11422003,5
0.30840226,0.53957159,0.27381175,0.31022236,0.22919369,0.34240061,0.38481465,0.38541631,0.1288746,0.32137728,0.13814943,0.01232815,0.3262433,0.28772198,0.23384505,0.13660717,0.11076353,0.17978194,0.09689932,0.14487171,0.09018279,0.11257106,0.11506588,0.14600889,0.15944116,0.0331918,0.08220518,0.16020461,0.06746622,0.14423873,0.01789804,0.09984351,0.08040874,0.06253638,0.08015237,0.04883348,0.13222208,0.05552293,0.080663,0.03554066,0.0795393,0.10252933,0.09922677,0.09299765,0.1433866,0.14121742,0.13530975,0.05406375,0.16168248,0.17418166,0.11163326,0.07866456,0.18400679,0.16200969,0.10164344,0.00368796,0.21587731,0.16499555,0.10962223,0.07689805,0.20048092,0.12735547,0.06174677,0.04221181,0.17218376,0.13458105,0.08668375,0.08515801,0.23859801,0.16973836,0.13482362,0.08142889,0.14061928,0.14303875,0.20542268,0.22785971,4
0.31771872,0.33193268,0.40381706,0.26850188,0.41062886,0.15131475,0.23133088,0.29099619,0.23657964,0.0974436,0.29283881,0.17560072,0.24400339,0.13652909,0.24022422,0.06875356,0.1958516,0.22851123,0.20158653,0.08859076,0.12144021,0.0526478,0.16502672,0.28223778,0.15104132,0.02769669,0.10364343,0.07827379,0.16886152,0.11001464,0.07103168,0.0369347,0.1153022,0.0787038,0.04138492,0.09238335,0.08110384,0.040836,0.11681222,0.11148318,0.05513412,0.05031511,0.12630268,0.05567024,0.08330699,0.1358655,0.15313055,0.06045009,0.13568463,0.14688978,0.07128392,0.08705667,0.14487358,0.09380644,0.15421635,0.08721923,0.08042653,0.20902204,0.12473607,0.00511489,0.2395925,0.14262172,0.08938439,0.03800517,0.14573278,0.14794523,0.14067434,0.16998856,0.26063599,0.16964299,0.2055076,0.2123752,0.2285742,0.20235439,0.11652149,0.15788919,7
0.25772223,0.49008226,0.28177769,0.12833916,0.1531899,0.24751661,0.38855543,0.39670437,0.18398603,0.30445234,0.16364633,0.07278232,0.06217312,0.19168485,0.12022925,0.10847821,0.11196179,0.1797593,0.20403262,0.05216401,0.06380607,0.06670269,0.12995366,0.09102539,0.06190703,0.08653437,0.10407059,0.10562757,0.0771823,0.05457259,0.03693728,0.08096515,0.074649,0.16324921,0.03205825,0.07376109,0.03770832,0.09814538,0.11558974,0.04253579,0.0313988,0.05611637,0.13630486,0.08813828,0.05011645,0.08154401,0.10350754,0.09294697,0.03378193,0.09054529,0.06126686,0.07888467,0.05580106,0.09555732,0.05555423,0.14702527,0.1275674,0.04264378,0.12752669,0.02321086,0.18710788,0.13971347,0.22122552,0.19564438,0.02884414,0.15756776,0.06791679,0.01700377,0.29494217,0.21275663,0.24934771,0.08454511,0.19881141,0.08635277,0.17983729,0.15946052,4
0.28565354,0.56644116,0.26569691,0.35641214,0.2109334,0.33780299,0.39877552,0.37940823,0.25017859,0.30362989,0.26028991,0.04401853,0.21344557,0.31674594,0.24217217,0.16237156,0.16339741,0.16670517,0.11292883,0.15417553,0.15574335,0.11181614,0.11264869,0.13138908,0.19995336,0.19557308,0.03685415,0.08330378,0.18707264,0.13575514,0.11753994,0.07143414,0.13550516,0.07143719,0.19657895,0.07186677,0.07029532,0.0713066,0.07877403,0.15155102,0.14707805,0.09418448,0.0308957,0.09739033,0.13188509,0.15871521,0.11450719,0.04864157,0.11650482,0.1387616,0.10494431,0.04979375,0.13620017,0.05355956,0.08074312,0.0580318,0.20116462,0.15572123,0.08667094,0.08745252,0.14394451,0.07116005,0.02185773,0.07416627,0.09988864,0.08214577,0.07952047,0.0912645,0.22748155,0.11845207,0.09581424,0.07105164,0.19013988,0.12846386,0.20231114,0.19371739,4
0.04413702,0.19905973,0.07946791,0.23940504,0.59705802,0.01461042,0.42406162,0.10335175,0.35487881,0.07021004,0.05263934,0.24178393,0.03236749,0.33459729,0.21373413,0.03515747,0.12632102,0.05597337,0.08236741,0.04799935,0.06606587,0.1286972,0.03267258,0.19994203,0.12047162,0.0526054,0.07746389,0.03397975,0.08150996,0.03130585,0.05912175,0.08069621,0.01197481,0.10884489,0.06214788,0.04720503,0.05961499,0.03851969,0.05707303,0.04404692,0.048459,0.04761204,0.01151432,0.08713343,0.07770971,0.05160481,0.09860838,0.0162582,0.08475712,0.01697704,0.10245972,0.08790102,0.08348757,0.11041306,0.08452304,0.05770266,0.07925176,0.05703822,0.1053656,0.11717093,0.07663598,0.1692786,0.08188309,0.14297015,0.06392738,0.1190963,0.10662972,0.11563123,0.07150157,0.28289728,0.09073229,0.32646728,0.04945283,0.41487551,0.06180291,0.30515985,1
0.27267705,0.5868274,0.36646887,0.34029477,0.20963983,0.07422021,0.24530926,0.29111345,0.15279936,0.14609808,0.19351025,0.20394902,0.14225342,0.26742596,0.11646716,0.10809951,0.12110759,0.20920128,0.06160255,0.10611792,0.15725411,0.16694998,0.01466225,0.0750538,0.14138667,0.12578247,0.10127228,0.13539722,0.05219561,0.07577385,0.15073015,0.16080502,0.05437027,0.0461708,0.14779275,0.10945395,0.069695,0.10319272,0.11182021,0.06761161,0.10939715,0.11447465,0.10905828,0.06958092,0.09837684,0.05218235,0.02172554,0.03682706,0.07117084,0.02835251,0.02518466,0.05695677,0.08492087,0.07000616,0.09250256,0.06654542,0.11064754,0.09050052,0.00592086,0.07919968,0.00810041,0.10773454,0.19575728,0.10850133,0.1829103,0.19199705,0.01940628,0.0943619,0.0449275,0.19658571,0.22744776,0.29520339,0.41476072,0.37863479,0.28045402,0.27207341,8
0.33329282,0.47484308,0.46702911,0.25854978,0.37680883,0.18145481,0.32398745,0.38236003,0.35474902,0.05000423,0.24325525,0.14401642,0.25340061,0.10776053,0.23830688,0.08950923,0.14087783,0.05416227,0.13402717,0.09511092,0.06988527,0.05422341,0.11880124,0.13289888,0.06626207,0.04556393,0.09280261,0.12629768,0.09176021,0.06314124,0.0712688,0.11984378,0.06535306,0.15078045,0.06550237,0.07394292,0.06074975,0.11893654,0.04881577,0.04329134,0.07504656,0.11305595,0.06002561,0.05890508,0.06211071,0.1181692,0.15230835,0.02694972,0.09322997,0.12706832,0.06130898,0.21991242,0.0908185,0.10632603,0.24053098,0.20505127,0.10163708,0.28709567,0.16213806,0.0732864,0.26543385,0.14885741,0.10198864,0.21632278,0.08663211,0.18332701,0.30031025,0.24077757,0.26243937,0.38071789,0.3142026,0.0545992,0.41597624,0.37533097,0.0121923,0.18183567,8
0.29072162,0.48638067,0.46665602,0.24551655,0.3543976,0.12831433,0.29715747,0.36849362,0.25280401,0.07105156,0.27844777,0.15230787,0.16587194,0.14801869,0.27440812,0.0602106,0.14871545,0.05642835,0.0315889,0.02303093,0.14518212,0.09248558,0.05177,0.14134847,0.15702813,0.12076172,0.04529148,0.14776016,0.07235644,0.1193374,0.0452252,0.16491348,0.09515364,0.10352933,0.05744721,0.16330372,0.09133082,0.07541252,0.11413803,0.15778927,0.09372028,0.08696016,0.12577776,0.02838576,0.07806754,0.07513964,0.08632552,0.09969257,0.0967194,0.1288641,0.09557989,0.07761004,0.15635164,0.0545684,0.12211718,0.09403786,0.02917379,0.20233113,0.14593219,0.03637333,0.24918675,0.16204948,0.01339335,0.16366868,0.13788614,0.11748142,0.24447144,0.16747156,0.22723162,0.35230159,0.27546882,0.09406195,0.41811774,0.34574459,0.03492006,0.21610112,2
0.08672308,0.21025978,0.31125851,0.18830869,0.06136569,0.16709211,0.42604333,0.14852701,0.43260141,0.09479369,0.18377071,0.15746079,0.08436656,0.05439298,0.10409167,0.13451654,0.05867087,0.08625346,0.14961928,0.09924157,0.06047437,0.05347552,0.12984111,0.09735625,0.07657725,0.08074688,0.0615641,0.12275838,0.04614724,0.07672401,0.114484,0.04813764,0.05039755,0.04412482,0.12148857,0.09751206,0.02073466,0.03897801,0.06449659,0.13381045,0.07718106,0.08615879,0.06171787,0.09377183,0.07316486,0.05148693,0.04703153,0.02928247,0.07320107,0.00965565,0.06724321,0.05807706,0.06979105,0.01930428,0.07718845,0.11342909,0.06652716,0.05855211,0.06983529,0.11559072,0.05087175,0.12274108,0.10295148,0.07579089,0.06627932,0.12221389,0.14096848,0.11862373,0.1673799,0.10165872,0.07417021,0.11427641,0.2648068,0.25995345,0.20800845,0.13787689,10
0.05543901,0.16754519,0.02140428,0.27635929,0.61922431,0.04918604,0.40001604,0.01644107,0.32528028,0.04003504,0.05071966,0.32797429,0.06410884,0.39071837,0.23321378,0.05817883,0.06352099,0.07869286,0.21015478,0.02771866,0.05388037,0.19934665,0.08127319,0.12075334,0.16418519,0.05417127,0.03936169,0.07627726,0.18926583,0.01584065,0.05845246,0.14791712,0.07335006,0.04900793,0.13204832,0.05898021,0.03380257,0.0681646,0.12654058,0.0215556,0.07434591,0.13027698,0.06534447,0.04277228,0.0490664,0.10271302,0.05660007,0.03069114,0.06968405,0.01857574,0.07009369,0.09824167,0.06245239,0.12784762,0.05201519,0.08662913,0.05603906,0.04567902,0.06566146,0.09146193,0.06419564,0.17153251,0.03379641,0.16099596,0.04279376,0.11621566,0.03973767,0.0504347,0.04137677,0.27018878,0.00478888,0.30113278,0.03496963,0.43287005,0.03268866,0.34855901,1
0.05966927,0.20022173,0.09533911,0.27375602,0.51453546,0.04500576,0.41638179,0.10020648,0.35508103,0.14753784,0.07013253,0.17639477,0.0786293,0.34957356,0.11817977,0.0436232,0.17581928,0.10783316,0.03008278,0.11891004,0.06560099,0.05915943,0.05665547,0.16036296,0.01925731,0.04743779,0.11572314,0.07547434,0.02366458,0.07867617,0.05404963,0.00713126,0.06558189,0.09470079,0.0239306,0.06029087,0.06297137,0.06350705,0.02095279,0.03603438,0.04261515,0.02530034,0.08983086,0.04681233,0.06047464,0.04184196,0.03432621,0.01642575,0.04446851,0.05593654,0.04828766,0.05458357,0.04859322,0.02592959,0.04121324,0.09007841,0.05244565,0.11432804,0.02265328,0.07088255,0.03406985,0.01820327,0.04905408,0.18292207,0.05551332,0.18001438,0.01767366,0.10737272,0.01992985,0.1185099,0.02747048,0.29921491,0.0103917,0.42086546,0.04396496,0.42491912,1
0.09776165,0.51010233,0.17750609,0.40231861,0.29030094,0.20339844,0.24388881,0.1525582,0.21979649,0.22045728,0.13936314,0.0990396,0.20390063,0.10688109,0.22240574,0.16587335,0.02128089,0.17915102,0.17972777,0.21946695,0.17507612,0.0483158,0.05897535,0.14547137,0.21083358,0.15792916,0.03073379,0.06316175,0.12209699,0.19315836,0.14588535,0.02317491,0.05150426,0.0756679,0.15353262,0.14000733,0.06157549,0.03711349,0.08661304,0.15760346,0.12469117,0.05527889,0.07913403,0.08338989,0.01968234,0.11436599,0.07558417,0.09293551,0.05025264,0.14048502,0.05551308,0.09128437,0.03350548,0.11168338,0.07276953,0.09908183,0.05788614,0.09914292,0.04729628,0.09171133,0.08210784,0.11921712,0.04725147,0.01470881,0.07482248,0.10432025,0.17295022,0.10990996,0.06826889,0.19600221,0.13065289,0.15670734,0.17348238,0.37192203,0.09950414,0.32368587,2
0.31644901,0.48923116,0.44552469,0.2230009,0.35412558,0.12265173,0.36912389,0.35631275,0.39437057,0.00234154,0.29018934,0.08587013,0.30261756,0.02945251,0.22449791,0.08075467,0.20902826,0.10638371,0.11633672,0.0793111,0.13652419,0.14175806,0.07978427,0.2248741,0.11494055,0.09436357,0.05481727,0.17369085,0.06934542,0.05544316,0.08650063,0.11662204,0.08169171,0.11197207,0.09238774,0.09315543,0.09352349,0.13491049,0.0864569,0.07560734,0.07669275,0.14393084,0.06695623,0.09662018,0.07651724,0.03060557,0.07165554,0.04843455,0.03200921,0.11100934,0.07424385,0.05840665,0.11733258,0.07989701,0.03128849,0.09573279,0.06544865,0.06594238,0.1312631,0.1743412,0.14844974,0.10567175,0.10594836,0.0274314,0.06514718,0.05953522,0.14899133,0.13886229,0.19744371,0.27952011,0.25153888,0.20019963,0.39944502,0.31343157,0.09159792,0.21084401,8
0.14516977,0.56492592,0.04569739,0.28276408,0.25078315,0.11031842,0.60339072,0.20399406,0.58985823,0.22172068,0.30456099,0.10202741,0.20699582,0.29457127,0.13620926,0.16423604,0.05677076,0.20210919,0.10577645,0.24701466,0.14958425,0.0520429,0.15997677,0.10575763,0.16764423,0.11178446,0.18067425,0.05355672,0.10259998,0.17102065,0.08526952,0.06936324,0.04989852,0.13938098,0.14837515,0.18832232,0.09816011,0.01426088,0.06578394,0.12429416,0.07858023,0.03216287,0.1662476,0.04875043,0.12864089,0.15710761,0.08061317,0.05716531,0.15947313,0.15506404,0.09467418,0.07588167,0.21871263,0.13792428,0.04462256,0.02918789,0.16019984,0.04013512,0.05149427,0.05892501,0.16120679,0.15127752,0.14392753,0.12755151,0.1046225,0.15050799,0.11649399,0.11936898,0.2359073,0.1892193,0.16997404,0.09361962,0.29511134,0.10437345,0.15580522,0.09110654,6
0.32805136,0.23959888,0.38065772,0.25344111,0.32273369,0.17901504,0.34600887,0.3862205,0.22036685,0.07582733,0.10914997,0.1827241,0.3040452,0.16843287,0.13288206,0.13541517,0.02633849,0.14909645,0.11720434,0.10223889,0.07625751,0.17651842,0.05110263,0.01852056,0.0896474,0.13840143,0.09444894,0.11863916,0.0660424,0.11664265,0.11613208,0.10522366,0.04156176,0.024735,0.1217245,0.10681932,0.09822885,0.06982345,0.05948473,0.10549459,0.12461887,0.06032017,0.04295785,0.080311,0.11610254,0.08035884,0.08258345,0.03649214,0.09337852,0.0877154,0.03962455,0.09824037,0.09237771,0.07143029,0.09450636,0.12669471,0.08690203,0.13038075,0.12883578,0.06997091,0.1345645,0.13253059,0.08292079,0.1995509,0.11268231,0.13903817,0.22667717,0.19395328,0.18329971,0.2965413,0.18411976,0.08999272,0.27214814,0.21762831,0.02320347,0.05786916,10
0.15076043,0.56660179,0.18033397,0.22215711,0.12215873,0.22905866,0.02375101,0.28738074,0.18323065,0.09489362,0.1051792,0.18196198,0.16177883,0.09339025,0.11859055,0.07838061,0.17969208,0.04839629,0.10398734,0.12786352,0.10282088,0.09834618,0.08500797,0.07195669,0.14110433,0.04948026,0.072792,0.11560184,0.09744596,0.09988922,0.06621485,0.0750308,0.14755324,0.05517563,0.03355403,0.10811649,0.12159013,0.12702389,0.06230228,0.06590825,0.12596973,0.11291341,0.08778876,0.04027166,0.01234348,0.03776945,0.0640225,0.03602236,0.04693207,0.05959213,0.03527519,0.05734325,0.07032078,0.06330207,0.02316383,0.10304409,0.08620342,0.05316965,0.04762954,0.13716867,0.06367534,0.10705259,0.10865109,0.12475755,0.04865402,0.14140556,0.10965582,0.05740772,0.15789018,0.22319504,0.068912,0.03922686,0.20409544,0.46018838,0.21954478,0.436934,3
0.307703,0.43421082,0.11145913,0.3467964,0.56878084,0.32418869,0.37520152,0.26511196,0.13838588,0.22759471,0.25576343,0.281557,0.3605843,0.08669243,0.36156024,0.28200088,0.12317029,0.21949309,0.18711192,0.19817905,0.20938833,0.10746304,0.11406583,0.23745706,0.23142842,0.12304354,0.02346546,0.15967679,0.30243436,0.23895465,0.16891358,0.05560252,0.0713461,0.15435703,0.25491796,0.16151132,0.06415233,0.05255815,0.12424985,0.19101992,0.14983436,0.04683175,0.10624155,0.06136403,0.17937292,0.12220519,0.03313222,0.08519506,0.2015219,0.11771254,0.05759871,0.09468908,0.24225727,0.10546369,0.0225643,0.08117424,0.23793853,0.11099962,0.08353394,0.08370509,0.20385778,0.03472653,0.14094356,0.12909094,0.30042781,0.15874079,0.03566272,0.11784937,0.10172975,0.18849601,0.1632205,0.08182559,0.21923092,0.28498212,0.13695189,0.33091738,4
0.15234079,0.39905963,0.47287523,0.12333161,0.31343256,0.0494462,0.1990467,0.32487235,0.09179671,0.19037879,0.16221885,0.10432326,0.15342074,0.16142786,0.11724955,0.0761667,0.08123443,0.13092117,0.02690816,0.13491794,0.02422146,0.10218603,0.09543844,0.09322749,0.04123435,0.02623912,0.06417858,0.11727038,0.05277226,0.04092671,0.06472283,0.12303875,0.10302702,0.04218414,0.01187938,0.0509982,0.11264992,0.08961086,0.00847413,0.02627461,0.10717908,0.10969442,0.04134827,0.02474478,0.05038866,0.0865611,0.10513779,0.05810473,0.07354206,0.13699288,0.07572619,0.01317253,0.10999639,0.13120905,0.09225127,0.02937215,0.13793372,0.1131894,0.03128089,0.04918161,0.15894153,0.12725303,0.0973711,0.04927581,0.15327735,0.10500765,0.04219756,0.12691004,0.12939187,0.16722351,0.04040327,0.14086845,0.34726869,0.12166982,0.19329895,0.40577276,2
0.10016663,0.45256526,0.10619096,0.26936579,0.36161845,0.23324312,0.64979602,0.10828691,0.51192283,0.28038582,0.15736226,0.23888322,0.14854733,0.40329559,0.19876373,0.01204082,0.25831063,0.20291251,0.06149624,0.11609111,0.10948994,0.20444427,0.09611763,0.15854396,0.04893628,0.12661095,0.10800809,0.17505671,0.14315041,0.09598407,0.12687582,0.12783253,0.10490332,0.0341558,0.06742666,0.11675735,0.14186702,0.07487907,0.08745683,0.07214199,0.1074357,0.12311143,0.03139906,0.07426068,0.07550074,0.1398614,0.11819059,0.11391788,0.07474784,0.14717974,0.14309101,0.10001471,0.12160946,0.21299127,0.14547613,0.10359469,0.1771765,0.145471,0.13209139,0.11019547,0.24823947,0.20609307,0.07986237,0.02391705,0.20342327,0.15718034,0.10426432,0.03599957,0.27792707,0.10204113,0.06928953,0.01724065,0.27564595,0.05124672,0.03359255,0.11237398,6
0.19779016,0.11098682,0.08399429,0.31523009,0.15248027,0.09268304,0.32096867,0.19235524,0.27558403,0.07808481,0.06830882,0.13257784,0.12924521,0.08291362,0.03012377,0.0595695,0.03361454,0.06689123,0.15039823,0.0998985,0.05758223,0.04312645,0.04112058,0.08040704,0.113709,0.04429987,0.0389437,0.04285888,0.00423397,0.07468336,0.04167283,0.07934229,0.03933472,0.03513661,0.05943675,0.0522071,0.10560636,0.04162029,0.02029573,0.07597315,0.06718583,0.05519139,0.03180228,0.05990087,0.06349565,0.02397371,0.04497668,0.09161056,0.0525792,0.09102232,0.06993012,0.08747547,0.05952681,0.11322166,0.04514273,0.03532763,0.04930189,0.07600599,0.03973689,0.06792971,0.0562683,0.05367862,0.01170736,0.06616975,0.04897647,0.1050791,0.05993039,0.11134324,0.06538563,0.03116206,0.13379016,0.21716986,0.09124177,0.35177725,0.160068,0.29039249,9
0.31209072,0.50524123,0.40181012,0.20276885,0.26864184,0.14490337,0.29575177,0.39202007,0.27002231,0.17363718,0.19533051,0.21023964,0.14436104,0.1852693,0.08388032,0.12868033,0.08445025,0.09037887,0.07259175,0.15792799,0.08201473,0.04281509,0.04155214,0.13281819,0.04884384,0.03654028,0.06542457,0.08798382,0.05351914,0.0760239,0.08822749,0.05185491,0.09650906,0.07419487,0.06176998,0.02616186,0.11059919,0.03043542,0.06568392,0.08957235,0.09264574,0.01584919,0.06704966,0.04590495,0.01136948,0.06801037,0.12262873,0.09288143,0.09443066,0.11624402,0.03034926,0.10035212,0.06554056,0.09086502,0.15953368,0.13795584,0.15490495,0.13445783,0.05288816,0.14588887,0.02836847,0.10111366,0.25618043,0.21411131,0.1883629,0.23116408,0.05192833,0.1603351,0.06235036,0.21551643,0.30824511,0.32485273,0.36895496,0.47364514,0.24113657,0.18301276,2
0.15846698,0.02720276,0.16102804,0.32429118,0.19214221,0.12016908,0.36767707,0.1590953,0.25401219,0.03413511,0.07181803,0.06662148,0.1040339,0.26555152,0.11311363,0.11602077,0.05522721,0.02410087,0.06974078,0.12508097,0.08913106,0.0959028,0.08887406,0.09508577,0.08264433,0.06619528,0.13883494,0.11629479,0.03971578,0.103752,0.06564014,0.09796674,0.03071652,0.09501826,0.08230826,0.04509686,0.06482092,0.02314717,0.07863292,0.02742337,0.05490622,0.04480114,0.06119638,0.03772852,0.03575709,0.05387646,0.02291906,0.04011193,0.03162037,0.06152101,0.05068707,0.04327603,0.04156904,0.05850427,0.03303656,0.05327821,0.07024931,0.11669426,0.06486259,0.05609235,0.08435796,0.0351186,0.03017125,0.0754896,0.07783854,0.05333322,0.03719716,0.09944343,0.07236562,0.03320524,0.0960368,0.26652645,0.11608971,0.39232709,0.16412264,0.31637204,9
0.35938397,0.25506262,0.34017185,0.23006551,0.35517209,0.17278127,0.35041423,0.43811517,0.25889145,0.05395859,0.14358761,0.18065798,0.25825353,0.19612217,0.17569072,0.12391478,0.03350373,0.16148296,0.16476332,0.08528815,0.14609041,0.16915101,0.05910014,0.03821875,0.15705756,0.11977411,0.12314877,0.12906597,0.06820848,0.06860747,0.18329387,0.1121308,0.07661558,0.04953248,0.19529931,0.04673426,0.12161993,0.07369916,0.11639832,0.01509283,0.11534317,0.02897129,0.09308504,0.09682632,0.19051586,0.05067253,0.148269,0.0787135,0.06334617,0.16498224,0.08425765,0.05665376,0.16221406,0.07314477,0.09912319,0.04324408,0.09768013,0.12420027,0.03843854,0.13281826,0.15431694,0.04295446,0.19242633,0.17881606,0.03207008,0.2176935,0.21737985,0.14352545,0.23680786,0.26122448,0.19833967,0.09324877,0.26335229,0.16670889,0.06823798,0.09293291,10
0.34913171,0.32789237,0.40114684,0.26691037,0.4235333,0.10115821,0.26824962,0.34279397,0.27041461,0.11260232,0.26387721,0.17911907,0.21590574,0.09781076,0.22263777,0.06335148,0.16246871,0.26201158,0.16373733,0.11058597,0.11252263,0.0858453,0.20495439,0.26061508,0.06014485,0.04133936,0.19816755,0.06967139,0.15954291,0.06832523,0.15870963,0.04528024,0.15775972,0.06954233,0.15685762,0.07755109,0.10235555,0.08887741,0.1219988,0.11041138,0.09308472,0.13159726,0.05249911,0.07769407,0.13784816,0.08195189,0.05129271,0.09508253,0.06736509,0.01957259,0.14628175,0.11672693,0.04121723,0.13976758,0.17406364,0.07635283,0.12910755,0.1792646,0.09682061,0.12171849,0.20423529,0.12104986,0.21174892,0.08511796,0.11685965,0.2604468,0.16857641,0.11521394,0.30692394,0.21831151,0.13758693,0.13217344,0.24759182,0.15134901,0.09097755,0.16289016,7
0.1466172,0.2029199,0.56665334,0.30238594,0.21682381,0.14115091,0.17605755,0.37305854,0.18665604,0.22774355,0.13909566,0.06329964,0.11192141,0.13212512,0.17139853,0.15340618,0.02634056,0.04090538,0.11862996,0.11371268,0.10567659,0.07954642,0.07069606,0.09064023,0.10367417,0.10230224,0.07501422,0.07811839,0.08839723,0.09769766,0.13466611,0.03686267,0.03207291,0.09527402,0.0996479,0.11136272,0.07481831,0.02834518,0.09511265,0.09493966,0.07929006,0.07523012,0.03399332,0.08905619,0.0241134,0.04939869,0.07947453,0.06833119,0.04869888,0.0132415,0.08482369,0.0524616,0.05457125,0.03613974,0.06306308,0.0953193,0.0539535,0.05969371,0.05822813,0.08211412,0.084114,0.03855413,0.08650758,0.09909017,0.07455516,0.06671684,0.07294084,0.12116242,0.10286798,0.04866101,0.11821409,0.11963306,0.21872547,0.10450426,0.29284609,0.37453518,2
0.33023111,0.51380432,0.45094087,0.28585419,0.35786699,0.17719811,0.30573679,0.36880902,0.31193885,0.05631078,0.24016914,0.18720187,0.24305182,0.09815531,0.21958094,0.1379596,0.16328171,0.01929204,0.0972303,0.12407357,0.12986166,0.04558217,0.15875642,0.11190332,0.09409273,0.0320165,0.17403898,0.17058481,0.12263992,0.01740862,0.17335175,0.17634278,0.08710419,0.11371303,0.16343089,0.16643901,0.0630097,0.13009121,0.07567308,0.14304276,0.04589853,0.13145119,0.09675652,0.11472274,0.14529429,0.06212252,0.04219151,0.00754726,0.0336453,0.02812935,0.04354679,0.12748482,0.0594278,0.08511576,0.16908003,0.18046728,0.1106605,0.19948127,0.1626531,0.09090902,0.21555714,0.1132013,0.10124123,0.20718778,0.04665845,0.15091698,0.31111845,0.25645965,0.24535348,0.36816843,0.33868324,0.10028766,0.41198196,0.37195325,0.08518417,0.13660831,8
0.26581417,0.48786428,0.23174643,0.2672107,0.29366707,0.242954,0.63955251,0.14323176,0.53674005,0.21812934,0.11624368,0.08099057,0.22878376,0.38963652,0.143146,0.12735159,0.15854576,0.17845176,0.08672472,0.05347811,0.18404079,0.13251516,0.14811276,0.06958603,0.14142833,0.0506309,0.05883381,0.17612388,0.05428162,0.05301319,0.10527834,0.10903428,0.08805008,0.03644524,0.03691905,0.16531372,0.03661964,0.08874363,0.12355345,0.09190808,0.07132159,0.05792437,0.15797985,0.09314012,0.05212428,0.03928888,0.14777861,0.10638839,0.01232291,0.13091439,0.05408776,0.02986222,0.17623269,0.04410384,0.03323566,0.11896528,0.05335969,0.08054015,0.12193105,0.07433342,0.04945625,0.13415193,0.09795786,0.20215775,0.12736281,0.07946968,0.20975001,0.22053629,0.15617945,0.26527849,0.22008836,0.22300229,0.29639745,0.33601907,0.23482556,0.18285468,6
0.0703561,0.51610919,0.32726604,0.29210271,0.50663323,0.17268158,0.49351743,0.29744163,0.39467062,0.29483676,0.18316056,0.11346151,0.26566191,0.17213098,0.18737728,0.13027659,0.06646424,0.26521834,0.0963889,0.12307095,0.14237801,0.06485453,0.19667082,0.12150313,0.1214723,0.11621166,0.18574184,0.15297559,0.10943408,0.08913004,0.10178842,0.14403309,0.10519752,0.19744202,0.068062,0.04596175,0.13076355,0.11990187,0.17563801,0.07268837,0.06558094,0.1167113,0.10488714,0.13467961,0.06781477,0.04677302,0.09084896,0.12670414,0.03809781,0.02982547,0.09903974,0.1324331,0.10263063,0.04137665,0.0959434,0.11645449,0.11379775,0.06928054,0.06707053,0.16328827,0.20228416,0.13835578,0.10071552,0.20351476,0.28724765,0.03396406,0.11379222,0.17824809,0.25744245,0.11743012,0.08500549,0.19157357,0.38844968,0.14502995,0.28798888,0.11279704,5
0.34132326,0.53464302,0.44045851,0.27381694,0.25455939,0.09467531,0.25699758,0.31280199,0.21193781,0.09813312,0.21913348,0.15811921,0.19032353,0.23027357,0.18756126,0.05163161,0.13730637,0.12390966,0.11736029,0.07950456,0.15469375,0.0765703,0.05606033,0.05504046,0.17028234,0.04642746,0.06109264,0.0422732,0.02238035,0.04402783,0.10293363,0.05276993,0.01764727,0.0626083,0.12856364,0.04342743,0.00983891,0.07110209,0.08179547,0.01618739,0.02587159,0.05109656,0.07171773,0.07580388,0.13278203,0.15358676,0.02950535,0.15490481,0.10346142,0.07748463,0.19554968,0.18188134,0.13943815,0.21788787,0.10958709,0.06511206,0.15772581,0.04363692,0.16811787,0.20455989,0.11905184,0.2100304,0.21616681,0.0727553,0.20216198,0.12030402,0.12126941,0.20009672,0.05556238,0.29159441,0.29335255,0.20681679,0.42721159,0.40204107,0.16003084,0.32384483,8
0.13320227,0.44990858,0.36796373,0.30049805,0.41903563,0.21490648,0.56944951,0.14911394,0.36458174,0.20098953,0.19153619,0.34909571,0.08944432,0.17932411,0.10521531,0.06571365,0.33431089,0.19536686,0.11428575,0.1744544,0.08614366,0.17552704,0.1590479,0.24670325,0.21008493,0.0925584,0.10512239,0.15109233,0.19352503,0.16638375,0.05821247,0.17016266,0.02114847,0.18790819,0.04583987,0.08439319,0.21577888,0.05042911,0.07100962,0.11165781,0.08718185,0.16720609,0.11755598,0.11695881,0.05207158,0.10867273,0.10672394,0.08389431,0.05324857,0.19015964,0.10772697,0.05372168,0.09383243,0.1222349,0.06583131,0.08621143,0.13898118,0.05558931,0.03274541,0.08393341,0.0933961,0.09175066,0.13516882,0.15191126,0.06450544,0.18265472,0.11602036,0.1159345,0.13250612,0.24652133,0.21306968,0.09337814,0.32663351,0.0524135,0.21871442,0.02792647,5
0.28779702,0.27690208,0.26302555,0.16695248,0.36338558,0.14098208,0.51385588,0.39914475,0.23353395,0.00816145,0.03543345,0.25863831,0.25202626,0.23688956,0.03874029,0.1860881,0.05502196,0.10759708,0.16212058,0.16397858,0.08861032,0.11894043,0.1102004,0.05045553,0.09862564,0.09778079,0.07553823,0.09156703,0.15302463,0.07214642,0.04761617,0.09377448,0.12438545,0.03145381,0.03293205,0.08006769,0.09218322,0.04135324,0.11322081,0.06570318,0.07939234,0.0447788,0.06829736,0.05319083,0.02784832,0.0681318,0.10618178,0.12256694,0.05278228,0.09808844,0.12086341,0.07109719,0.09505354,0.13647526,0.04865029,0.07960912,0.15855359,0.03064748,0.04662498,0.25602645,0.03029108,0.05864965,0.28006078,0.21782059,0.04133314,0.30861165,0.24189889,0.04791901,0.3001826,0.26509635,0.04952122,0.10758876,0.25254165,0.11045768,0.12603906,0.12078411,10
0.19407768,0.0463004,0.05040615,0.31206298,0.28595291,0.13963415,0.35326386,0.17571669,0.24904103,0.12557921,0.07895331,0.12154236,0.17934369,0.20717183,0.12906547,0.05771703,0.18318053,0.12493728,0.06118308,0.1329738,0.05781757,0.08348826,0.03734764,0.18563708,0.0288596,0.07502135,0.0627897,0.02709125,0.0653641,0.05208624,0.06151624,0.03711247,0.08603893,0.03037391,0.04410139,0.04951637,0.08962638,0.11225618,0.08481305,0.08596784,0.07434085,0.05911604,0.02501726,0.09271967,0.01516815,0.04154296,0.07698912,0.08969966,0.08814645,0.0935971,0.07671551,0.07095261,0.08951989,0.05707019,0.02201984,0.07484714,0.02835304,0.09896702,0.0189556,0.02586896,0.023776,0.05797635,0.03392387,0.17489584,0.06279296,0.15504281,0.10151747,0.03633477,0.10721013,0.12229786,0.14367059,0.29957481,0.12334987,0.36099835,0.20836904,0.27874936,9
0.05278637,0.22754783,0.06478058,0.2888622,0.45890047,0.02248125,0.40860385,0.0247983,0.38344939,0.19297554,0.05961851,0.09720567,0.05329711,0.2663778,0.05754113,0.0327112,0.19499755,0.04988364,0.10522943,0.13670068,0.03760943,0.02761768,0.07060105,0.15176283,0.04605984,0.06198639,0.11275215,0.03552229,0.08754183,0.06835779,0.01622138,0.06949024,0.08601925,0.06889238,0.07012178,0.06535866,0.04788703,0.04320817,0.08184207,0.01444542,0.04821115,0.0610327,0.06600915,0.02009804,0.04664762,0.07457154,0.0581427,0.02806665,0.0397536,0.03069042,0.04075291,0.10840312,0.05829528,0.0865286,0.03352547,0.03349503,0.01708871,0.10279814,0.03945096,0.10737882,0.04016328,0.05946882,0.00783622,0.12150866,0.03107084,0.181663,0.02012847,0.12390891,0.01176489,0.06145362,0.02668652,0.28098408,0.01490603,0.42330152,0.04448889,0.42426668,1
0.25116103,0.17865669,0.27770796,0.1963086,0.23202519,0.18139169,0.47333123,0.38727306,0.20555163,0.16292489,0.1110591,0.10084532,0.11530116,0.17911359,0.06861659,0.18293159,0.09522455,0.16182129,0.09190557,0.19567558,0.07162028,0.04340843,0.09356555,0.11628721,0.0767034,0.06855497,0.09509042,0.0723252,0.08295123,0.09610864,0.12382901,0.09372248,0.03102622,0.05530221,0.12960756,0.11988165,0.05998792,0.07568851,0.11294855,0.1401279,0.10825839,0.07737427,0.04288037,0.03392687,0.11153177,0.06704395,0.04716425,0.09426965,0.09417874,0.0350834,0.1212401,0.12913023,0.06414796,0.17051818,0.08330599,0.05080861,0.18796856,0.06069081,0.06842124,0.16503853,0.06247127,0.104563,0.11554282,0.15587939,0.14725367,0.09716182,0.18843819,0.24899363,0.11335911,0.30858582,0.21399586,0.14364753,0.29780664,0.27306808,0.04724163,0.04878419,7
0.25325714,0.51033343,0.2782517,0.26435554,0.30827999,0.31665739,0.55258486,0.35912113,0.26921719,0.28086221,0.07714828,0.03380133,0.43204098,0.34185396,0.11640191,0.0487854,0.20270179,0.16806071,0.11525369,0.09465842,0.02947658,0.16355357,0.19704378,0.12376229,0.05724417,0.07717663,0.10054194,0.13815379,0.02396872,0.03082924,0.12992213,0.1425444,0.07667679,0.02567189,0.05215335,0.09111514,0.11800049,0.03232234,0.06026789,0.08524352,0.1157783,0.07130238,0.05451269,0.10782375,0.00308002,0.04575608,0.07695804,0.05265147,0.07038486,0.09735017,0.08241684,0.02170716,0.06630695,0.13156138,0.06603611,0.10601865,0.10627172,0.09939107,0.05318669,0.09463877,0.19835327,0.13641554,0.13075079,0.05529911,0.12037639,0.10613954,0.08182223,0.1721804,0.20605194,0.13576079,0.07250245,0.0317565,0.25310391,0.19043448,0.27388956,0.19725061,4
0.18551853,0.54215828,0.06351914,0.30508139,0.15907087,0.12420626,0.6722947,0.18583692,0.56877122,0.23072354,0.22876443,0.00779512,0.11401027,0.3977367,0.18263974,0.18936693,0.16038933,0.19935923,0.14626111,0.05398278,0.05875409,0.10017505,0.18209538,0.06525496,0.11836671,0.1420648,0.04100039,0.0920552,0.06064981,0.07378008,0.15720712,0.08451747,0.07899287,0.07752109,0.06434552,0.05939254,0.06388941,0.09848805,0.12018583,0.14211449,0.03007306,0.07414554,0.07155304,0.07521323,0.10126777,0.16837655,0.12888113,0.13658488,0.03630972,0.14650421,0.09140847,0.17830919,0.13816461,0.06482413,0.10043536,0.06963281,0.20052887,0.15924539,0.20429744,0.10602758,0.09273165,0.10762052,0.11983405,0.09780824,0.10890013,0.15850946,0.13403154,0.12051936,0.22888335,0.22160986,0.15795145,0.09723735,0.2044802,0.07959036,0.12720085,0.08087441,6
0.26000407,0.33444454,0.4126704,0.25198304,0.49451776,0.10754337,0.36311449,0.25301076,0.1673074,0.24075232,0.26426381,0.13876518,0.26297087,0.18661371,0.2724226,0.08146209,0.03548052,0.17527368,0.12919248,0.24761495,0.0510169,0.14450032,0.07630377,0.08189648,0.14597768,0.13040937,0.12770339,0.13800274,0.03203435,0.20381923,0.08234353,0.04405324,0.1336213,0.05248794,0.17695651,0.00320701,0.13005092,0.06755011,0.03587049,0.08279972,0.09196103,0.1433837,0.09577362,0.06107636,0.19345822,0.07785473,0.07627334,0.22701634,0.11844291,0.12039809,0.15191988,0.17488742,0.19587849,0.08539756,0.16856831,0.07793892,0.2611627,0.06919662,0.10323479,0.21892864,0.1395578,0.07831155,0.18934777,0.19730615,0.21510053,0.12175493,0.25119044,0.16444218,0.33460121,0.14027309,0.28441673,0.02364592,0.0946244,0.21692461,0.13794141,0.10088648,10
0.06714558,0.16210079,0.07472919,0.34352195,0.53309912,0.03769651,0.40368783,0.06962644,0.41852476,0.12712561,0.07331961,0.16617671,0.0718852,0.30643891,0.13644053,0.0540899,0.14402375,0.06825745,0.04032424,0.10471642,0.08046439,0.05511653,0.08686951,0.14464761,0.05799933,0.0676788,0.08728073,0.0831778,0.03736875,0.07261623,0.06446847,0.04731285,0.09374619,0.06899606,0.06241175,0.06442406,0.05724973,0.0646769,0.05446115,0.03914043,0.04614157,0.07417485,0.0804756,0.03260534,0.06266847,0.07228359,0.06095711,0.05286811,0.05394446,0.05298105,0.08268062,0.07585989,0.06960763,0.05567568,0.07497685,0.07041662,0.06140286,0.09880407,0.10232315,0.02821373,0.0741397,0.07055921,0.09250934,0.14618136,0.05399319,0.14991976,0.10417249,0.02504434,0.08525482,0.18317459,0.09011629,0.30465277,0.04166257,0.40837574,0.03195385,0.37798549,1
0.24322847,0.39706163,0.43248451,0.21328768,0.19836495,0.05195595,0.28202288,0.37099266,0.12394003,0.10084112,0.04232402,0.15200881,0.11486138,0.1461525,0.05881633,0.14416331,0.06964402,0.04433777,0.01692695,0.11886003,0.1546346,0.07434833,0.03285121,0.03834458,0.15405331,0.09398743,0.0591884,0.04942907,0.04254963,0.0892132,0.04621023,0.07275057,0.10267268,0.05575879,0.03131366,0.07542447,0.09625661,0.0884817,0.04881253,0.06695099,0.08899663,0.09912162,0.05587966,0.05654407,0.03435521,0.08562162,0.06979983,0.0726265,0.11164702,0.08657709,0.08002585,0.07314303,0.10723231,0.08962052,0.05409436,0.04151673,0.09599371,0.03836713,0.00848885,0.03509697,0.06610149,0.02603789,0.08125209,0.0724866,0.04721233,0.14550594,0.1411096,0.12199808,0.10948778,0.22125469,0.17639204,0.132268,0.32294638,0.14852931,0.1677955,0.20610823,2
0.17956363,0.31590345,0.085735,0.13367955,0.09041863,0.12185427,0.75093842,0.21153106,0.31519286,0.08287926,0.1657398,0.13685834,0.12051359,0.63580254,0.10329524,0.19516679,0.17597437,0.17638194,0.10617428,0.15095882,0.10411133,0.12231704,0.17977599,0.18502625,0.09324414,0.0677486,0.0981036,0.06482043,0.10242235,0.06182209,0.08707856,0.09000899,0.01210128,0.03728208,0.10941443,0.08489764,0.06378211,0.05439744,0.08269435,0.10463565,0.05747771,0.08292918,0.05559538,0.06048056,0.08350588,0.06140445,0.03498949,0.05105798,0.05885596,0.06375888,0.10939877,0.10365618,0.06503843,0.12017961,0.12890965,0.07767726,0.14132233,0.11214556,0.08518898,0.01809913,0.14205816,0.04384845,0.09350701,0.06843766,0.11262232,0.06599608,0.11143328,0.15950499,0.15881189,0.166622,0.12892918,0.18296149,0.17010816,0.22393072,0.14005415,0.06289389,6
0.12043897,0.15778129,0.10116711,0.43537473,0.27869932,0.15565243,0.27476659,0.10838997,0.2919005,0.22256064,0.09988677,0.03526184,0.11614544,0.10314794,0.07903184,0.03021415,0.1620303,0.14338504,0.0679627,0.0501026,0.00423119,0.14958582,0.12704514,0.08364109,0.06666219,0.0348796,0.06823791,0.08050475,0.1300461,0.04213959,0.08388956,0.09014263,0.10545827,0.05103717,0.10366025,0.05891907,0.06772842,0.02832477,0.07148779,0.09926317,0.01285716,0.00207335,0.02452525,0.07903611,0.03606669,0.03725886,0.05242965,0.07179542,0.07814134,0.01363187,0.00518386,0.07223176,0.05654803,0.08089011,0.11795141,0.06338442,0.04678842,0.07475219,0.10204119,0.04122701,0.05876229,0.11442013,0.0537875,0.07287309,0.04290743,0.19218046,0.12614642,0.07140722,0.14304803,0.08519258,0.07759789,0.150078,0.13437382,0.27194994,0.02023553,0.43664062,9
0.11992016,0.49066249,0.37859711,0.25370048,0.18733074,0.20044491,0.180846,0.28123669,0.08429584,0.10745076,0.14596977,0.17134785,0.2020508,0.24511957,0.10228816,0.15369377,0.11214598,0.14901599,0.12614918,0.07479926,0.16032795,0.16569971,0.0873434,0.07581367,0.12525133,0.09174255,0.12300589,0.11246882,0.08159444,0.15574865,0.09471744,0.04545533,0.05247698,0.09149187,0.08489959,0.0930374,0.08184439,0.01637386,0.10871709,0.04477164,0.03389943,0.09354173,0.12190101,0.01907029,0.11666324,0.07492923,0.00650873,0.0132685,0.07456574,0.1036948,0.03683334,0.04472523,0.07543133,0.04342604,0.01865704,0.10301877,0.1203434,0.03845303,0.06247922,0.05737247,0.06322469,0.08015994,0.13061025,0.01937227,0.03772781,0.09246845,0.12301657,0.09053219,0.14303921,0.16546087,0.07245226,0.06313331,0.31629868,0.32266982,0.10740989,0.37588386,3
0.10547963,0.06980383,0.18685058,0.28224085,0.18594267,0.09719255,0.37870785,0.06930319,0.30230553,0.06420541,0.08629288,0.07807879,0.10192938,0.15718431,0.09840294,0.09539758,0.09495867,0.10901976,0.1635605,0.13845416,0.12538901,0.06094179,0.07536924,0.05460461,0.089658,0.08370558,0.1115176,0.10835175,0.03779721,0.05390115,0.03449166,0.07775216,0.07866126,0.05179568,0.04216731,0.00561476,0.02431212,0.00630227,0.0800698,0.06806952,0.06232129,0.03398588,0.04311311,0.03032173,0.04895692,0.02862032,0.01998578,0.0216104,0.013935,0.01838303,0.02085573,0.05942466,0.04674592,0.07974708,0.07510631,0.09942614,0.08920491,0.11613708,0.07177338,0.00594203,0.09603446,0.06519051,0.0551522,0.07116443,0.08934819,0.07570074,0.03127606,0.05625301,0.07741351,0.03054474,0.07010838,0.34769546,0.12231756,0.38624004,0.10011295,0.33761858,9
0.18768652,0.08270523,0.11311845,0.33120473,0.22918107,0.13445298,0.36300434,0.18187099,0.2337122,0.12467489,0.06053994,0.04503189,0.13559149,0.22830707,0.12321635,0.03198759,0.13593133,0.06570303,0.07892063,0.14750871,0.08103614,0.11025755,0.03088215,0.08580905,0.06665955,0.12314264,0.0957512,0.05148376,0.10108057,0.03534155,0.08512655,0.01857608,0.12585436,0.06697561,0.04992562,0.0293061,0.07721425,0.10014196,0.01411183,0.06632247,0.02050962,0.09409315,0.03825858,0.08966836,0.02290533,0.07137017,0.01831746,0.04623181,0.04177423,0.06117967,0.05083967,0.04392009,0.08551002,0.04343557,0.05668633,0.03044161,0.07583025,0.08309437,0.03471868,0.09517017,0.0480316,0.08809909,0.04086612,0.11170744,0.03398502,0.12520579,0.08385652,0.04966199,0.0724814,0.08016374,0.09168012,0.27792889,0.11028417,0.37191946,0.16809728,0.31425463,9
0.02551653,0.15897839,0.02549837,0.26744196,0.62202904,0.03824324,0.40589336,0.02180817,0.35527109,0.04032564,0.02829204,0.31661156,0.05601745,0.4158404,0.2359614,0.03456756,0.07632462,0.02565555,0.2122544,0.03090835,0.02832538,0.19174654,0.04403578,0.14947456,0.15856098,0.04505738,0.04560294,0.03591424,0.16536822,0.02571537,0.03427882,0.14049777,0.05042867,0.06133831,0.1163361,0.05423297,0.02391253,0.04612624,0.1316284,0.02778071,0.03612321,0.0988558,0.03486569,0.01246333,0.05802228,0.12802423,0.03022515,0.06401546,0.03162065,0.04553272,0.0437308,0.15487481,0.05446432,0.14521815,0.03843185,0.14270287,0.02432186,0.07561334,0.06072732,0.11470508,0.04122055,0.18127837,0.01371138,0.16352187,0.03529472,0.11364898,0.04889381,0.12479346,0.0384322,0.28016608,0.01449022,0.35845907,0.02322325,0.42871487,0.01716791,0.35167476,1
0.23421787,0.55947839,0.25640364,0.35399879,0.34367388,0.42632092,0.39438731,0.27878496,0.2455295,0.08035416,0.11015248,0.27346091,0.31906225,0.20589036,0.24773934,0.15026626,0.06188413,0.13126553,0.11889662,0.04454771,0.15219216,0.13346792,0.12173111,0.12309183,0.13966698,0.10675875,0.05433001,0.05043115,0.10408748,0.04038977,0.08865925,0.12049079,0.0758082,0.06360432,0.10474781,0.0564521,0.04371152,0.07898879,0.09685051,0.05050505,0.08611111,0.10150771,0.09981681,0.02516045,0.06591068,0.09083904,0.09776182,0.09795776,0.10688943,0.03510013,0.1228416,0.13932694,0.09315217,0.16389416,0.04374193,0.15107442,0.11650787,0.08135515,0.22358377,0.05234667,0.15938556,0.16213374,0.10209376,0.21277048,0.03790726,0.15343578,0.15167464,0.15389576,0.31738726,0.11928888,0.23019645,0.10533485,0.17661521,0.43561937,0.32236905,0.33004865,6
0.17219842,0.25153916,0.40937767,0.26699438,0.17377917,0.12806402,0.33630788,0.24526363,0.39607802,0.16216758,0.06820552,0.20079986,0.09342605,0.03276558,0.12678383,0.10303126,0.08328999,0.1101676,0.11847731,0.12132121,0.07423395,0.13449247,0.06551733,0.09722463,0.08283776,0.16068748,0.05138487,0.06521977,0.09492752,0.1329476,0.14142173,0.05391508,0.06258357,0.14036944,0.17149328,0.12199846,0.06227152,0.07716727,0.07936957,0.14607915,0.14815948,0.03726163,0.0979451,0.05520256,0.10980755,0.01568644,0.00496098,0.0443196,0.06078645,0.05022882,0.02743728,0.0396566,0.0832818,0.03814868,0.0569236,0.05755769,0.11643234,0.04396147,0.06199072,0.06682455,0.1155354,0.04277857,0.05744198,0.07072857,0.11906633,0.1085768,0.08902292,0.05818099,0.09902581,0.10635801,0.16342937,0.14062782,0.28302731,0.23897013,0.17530202,0.18388385,2
0.26980707,0.17771177,0.15355444,0.15842618,0.27859157,0.1755185,0.48330763,0.40223582,0.23236514,0.09795819,0.02437068,0.23647126,0.2209943,0.25945684,0.05035005,0.19112,0.04908249,0.08895107,0.14810164,0.17752257,0.10584464,0.14235358,0.07324547,0.06704953,0.11408694,0.17174555,0.03843288,0.06597963,0.1181283,0.14806307,0.04101014,0.12310962,0.09704692,0.02385964,0.03903026,0.13851872,0.10506157,0.08024,0.09054479,0.10821126,0.09399875,0.12544399,0.10217969,0.03713407,0.04297041,0.08247063,0.06951048,0.04625381,0.12740788,0.09974347,0.11357637,0.14474963,0.07548373,0.14044135,0.14418531,0.08274713,0.17243471,0.10149486,0.01718696,0.01450993,0.03831649,0.04401197,0.02342829,0.12107045,0.09826629,0.05512549,0.23195706,0.20273637,0.12512572,0.27577733,0.2308842,0.12269517,0.34437133,0.23602309,0.05565203,0.05704555,10
0.27870757,0.27451978,0.31838473,0.15810914,0.36563987,0.13778571,0.39656149,0.3782044,0.31417577,0.04812101,0.10985915,0.2294651,0.28566896,0.16434959,0.11961854,0.11823795,0.08778988,0.21757706,0.16048721,0.10338342,0.08719321,0.17275856,0.07252309,0.07944444,0.08411478,0.16886086,0.0684609,0.06781323,0.07630317,0.1571941,0.11192264,0.07886587,0.04562733,0.04321227,0.13209185,0.07782438,0.04146505,0.09465155,0.10582052,0.07402909,0.02486798,0.06804918,0.08740661,0.05084457,0.14162007,0.14760738,0.0053434,0.02975213,0.1474106,0.03765317,0.02132854,0.18221796,0.06285684,0.06270813,0.16144128,0.15699021,0.07829499,0.16650047,0.160033,0.10208881,0.13780339,0.13462439,0.14497563,0.19124985,0.09999815,0.20072416,0.24562634,0.11285032,0.26480459,0.25880155,0.15055495,0.09084995,0.29905795,0.13919247,0.02602944,0.19938452,10
0.16376994,0.53752028,0.23801751,0.23000522,0.21851383,0.21463265,0.17275359,0.27269295,0.15945791,0.23401695,0.1638465,0.21168283,0.12735633,0.19701838,0.06030384,0.21010563,0.14674018,0.19151348,0.13718952,0.12956571,0.11145899,0.17747992,0.0826039,0.14394653,0.12597279,0.09172446,0.08529827,0.1131034,0.0782106,0.04727855,0.11310665,0.09526956,0.10246246,0.11854253,0.07458336,0.04628978,0.12793336,0.11566134,0.12302695,0.05208936,0.09757528,0.08550658,0.1350318,0.10314072,0.03053875,0.04445889,0.04968783,0.06396679,0.07733308,0.03669363,0.04604451,0.07327927,0.06241118,0.10164548,0.0644113,0.03803556,0.07319867,0.05270126,0.10391205,0.10524366,0.1267016,0.04719554,0.06916665,0.09730046,0.12492486,0.08644202,0.17135235,0.14680617,0.09454925,0.04990139,0.26664118,0.10649784,0.34712763,0.53326905,0.1680698,0.43334027,3
0.17547457,0.56400305,0.26621304,0.39658818,0.19094435,0.03401169,0.38294531,0.22497204,0.21402593,0.03560566,0.11777926,0.14789659,0.21790331,0.08940167,0.08138292,0.09920019,0.14293196,0.05890977,0.14582985,0.09443973,0.14994912,0.05476832,0.0594454,0.11144943,0.10079407,0.06612944,0.05680599,0.06262855,0.08781028,0.05365363,0.04803606,0.07049386,0.0845373,0.07999552,0.04711785,0.05575992,0.07566485,0.06088636,0.0498881,0.05123841,0.07403463,0.02928314,0.02860414,0.06319249,0.04714491,0.08358878,0.09930779,0.0701054,0.07104805,0.09938572,0.11389151,0.06796211,0.07541208,0.10217891,0.0453943,0.04863139,0.0915395,0.0481103,0.07189753,0.08670298,0.05907124,0.07268234,0.07374878,0.12287526,0.09276435,0.13066886,0.14719236,0.21689737,0.16880297,0.2695686,0.19842293,0.09798009,0.29042721,0.06157197,0.08556355,0.19151626,2
0.27544691,0.3151165,0.29699139,0.24344509,0.59510888,0.10354429,0.30186647,0.20195129,0.36669171,0.27037385,0.35410382,0.22148855,0.07587162,0.19788614,0.13625481,0.16154734,0.24185432,0.26669179,0.09873041,0.1890359,0.08926202,0.10131347,0.23518575,0.06986438,0.09527186,0.09369744,0.11825875,0.18177123,0.17246043,0.07670168,0.11331642,0.10590405,0.17795346,0.11982022,0.06213033,0.12005782,0.01400075,0.18345865,0.06747701,0.13244953,0.09260452,0.11533733,0.12380813,0.12631443,0.11893736,0.05650408,0.04949874,0.1333881,0.10899305,0.14801745,0.0896328,0.06391469,0.07735853,0.19195194,0.01080173,0.10461383,0.16088282,0.16077324,0.14700719,0.14490622,0.07345819,0.21739889,0.16226048,0.16913183,0.10673297,0.30743657,0.11880266,0.17321599,0.32094714,0.2140796,0.09859578,0.19566821,0.119569,0.13825088,0.10447083,0.05701734,10
0.25276252,0.57215725,0.25954198,0.29340819,0.22099383,0.35826083,0.39343067,0.38938496,0.18310581,0.3524554,0.08962675,0.02769002,0.31246862,0.20524,0.21976343,0.23498395,0.12217988,0.22343394,0.07842377,0.18651291,0.18627589,0.03590725,0.12411546,0.1622349,0.24498008,0.07553416,0.09174807,0.19978236,0.01042556,0.16200631,0.16811876,0.08202323,0.08176845,0.16024582,0.21993101,0.07596116,0.02697035,0.13783592,0.06191302,0.1493999,0.08874289,0.09524881,0.09279712,0.08386675,0.18404304,0.07453511,0.01455868,0.06472005,0.12754037,0.08775903,0.05632969,0.02993509,0.22808244,0.03241135,0.02951334,0.0573147,0.14250348,0.13061968,0.06093729,0.04997647,0.17910453,0.07460368,0.06890907,0.02687128,0.17762899,0.07588449,0.11082503,0.02095265,0.16267587,0.1745094,0.12812158,0.06468879,0.18398181,0.18538611,0.24120615,0.17495842,4
0.28805762,0.5575999,0.36609158,0.33458668,0.29473247,0.17184287,0.31517152,0.34384951,0.25490573,0.08959519,0.25186433,0.15982693,0.18204347,0.1245225,0.23873262,0.11715615,0.14740295,0.05477664,0.05223576,0.10720071,0.14840912,0.09233717,0.08221485,0.07390867,0.16648945,0.11728252,0.09007781,0.08614622,0.09600724,0.1152427,0.08609119,0.11874528,0.11911128,0.05416803,0.06223739,0.14360015,0.13338309,0.02426554,0.08931896,0.15011266,0.13409488,0.04934221,0.10193624,0.02372735,0.08802163,0.08075954,0.14168513,0.12384998,0.08587131,0.18051211,0.15440816,0.04991929,0.16185503,0.12722746,0.02619132,0.14595964,0.09663358,0.1124375,0.18499369,0.21792042,0.20528088,0.19679733,0.17458235,0.04328892,0.18012557,0.04348212,0.16611553,0.22651626,0.09175955,0.34086792,0.32577748,0.27228475,0.42975854,0.40630592,0.22457541,0.21794005,8
0.1995214,0.53106806,0.32795748,0.20221507,0.38429871,0.09034948,0.34048859,0.38640677,0.21605287,0.00875765,0.2182991,0.20881147,0.07393736,0.18904191,0.16262994,0.15678878,0.02345884,0.13104605,0.16872021,0.13216595,0.01192653,0.10445495,0.16921123,0.05377839,0.00273892,0.07824331,0.122322,0.07190818,0.11190499,0.05321723,0.08691489,0.09014014,0.06024228,0.08505937,0.10570157,0.10688608,0.03110806,0.08722269,0.04321392,0.09455584,0.04213778,0.08520977,0.07432871,0.07430818,0.11759925,0.08075249,0.04255082,0.08667004,0.06180672,0.0148172,0.10798539,0.14464375,0.0125718,0.14265232,0.15551129,0.06213914,0.13664074,0.12844368,0.03292218,0.08246824,0.12384845,0.06081828,0.06683233,0.16209415,0.06134497,0.04979677,0.23066789,0.25599165,0.19202489,0.35317449,0.3504438,0.14010006,0.45386121,0.41521006,0.15916806,0.08581164,2
0.03588545,0.16208077,0.12481347,0.34777051,0.56342856,0.02617145,0.37914482,0.05738596,0.35842981,0.12336559,0.01981493,0.26519236,0.06042103,0.35417935,0.2081936,0.05500158,0.14639379,0.00781663,0.11234608,0.10694589,0.03480581,0.18837206,0.06547109,0.18482214,0.14057972,0.06702713,0.09681441,0.03965439,0.13965607,0.08362211,0.06549145,0.15000872,0.06273006,0.11214785,0.10761743,0.05766766,0.06733626,0.07670601,0.13343364,0.05942702,0.07222414,0.13355622,0.07483121,0.07292966,0.02466815,0.02554228,0.03478152,0.0790214,0.03172127,0.08478078,0.01433004,0.03506028,0.02935377,0.05189972,0.03509703,0.10774068,0.02258645,0.11366141,0.00873025,0.04315073,0.02707198,0.09210264,0.04517794,0.13176059,0.01545619,0.18094508,0.03853143,0.05186173,0.03112983,0.13917901,0.07456187,0.24792231,0.03126348,0.39100971,0.14307685,0.39832675,1
0.28482102,0.52882679,0.28145796,0.24386661,0.37336212,0.28536083,0.47081082,0.29853979,0.19924335,0.33861612,0.11578217,0.1369599,0.36171387,0.18684743,0.17902754,0.17127604,0.20303015,0.08097627,0.07511219,0.19788646,0.08245108,0.1785467,0.2042276,0.14987425,0.15319255,0.07328582,0.19535348,0.07913026,0.04319855,0.10114802,0.0871203,0.16399764,0.09745444,0.12601056,0.09732098,0.11903827,0.16132434,0.07704974,0.03184875,0.04941815,0.09863044,0.14108019,0.06135177,0.09487919,0.14520277,0.18482216,0.12723828,0.05502346,0.17378316,0.19436498,0.13365678,0.09880683,0.18659226,0.20553907,0.10508587,0.0701088,0.24671525,0.13926527,0.06842503,0.11487338,0.23297803,0.23271393,0.04467357,0.07143492,0.21341502,0.08799341,0.09037481,0.13788736,0.24076111,0.18275727,0.08903626,0.05028576,0.18903016,0.24847658,0.25331394,0.1961513,4
0.10622387,0.24475679,0.04229712,0.21641621,0.11353656,0.12680734,0.36680725,0.07808911,0.34821234,0.09821989,0.10412705,0.07212988,0.0838052,0.09996017,0.0597297,0.0746448,0.11078351,0.06928885,0.14012183,0.04049311,0.05540587,0.14794514,0.04333936,0.04755899,0.08901877,0.046029,0.12993446,0.05302197,0.07409903,0.10927918,0.03281271,0.04933325,0.08798752,0.10979075,0.09739593,0.06596296,0.00696992,0.08549424,0.09763227,0.07782389,0.08918869,0.03187976,0.03409646,0.06740903,0.03896897,0.08262103,0.05984251,0.01437876,0.07089411,0.05162857,0.05151133,0.02861901,0.07983462,0.02558229,0.02620073,0.03525178,0.06303317,0.05459661,0.01814223,0.06635696,0.0577684,0.06251329,0.05331276,0.13313036,0.05298545,0.03913405,0.06091881,0.14789933,0.06155493,0.15162062,0.05729605,0.09400034,0.08614594,0.34778663,0.05056036,0.36887491,9
0.04557478,0.1337579,0.09999321,0.33857607,0.56135104,0.01121904,0.42253427,0.04223183,0.38671031,0.10839483,0.04879411,0.24067218,0.03332351,0.40138155,0.17533432,0.0155132,0.15346977,0.06065995,0.09188676,0.10047922,0.04861224,0.12604837,0.02523871,0.19299875,0.09223715,0.03805205,0.10844467,0.07334233,0.08794716,0.08805217,0.05428628,0.06456097,0.02904647,0.11678258,0.05492975,0.0438697,0.10290606,0.07591886,0.04048683,0.07223016,0.06351254,0.05298989,0.01921543,0.10782151,0.05972155,0.04021687,0.07140475,0.05555261,0.0590873,0.07452447,0.08588592,0.05058227,0.06566235,0.04121127,0.07646349,0.07728048,0.05661171,0.08800428,0.11192726,0.01020625,0.0724349,0.09722517,0.07736657,0.11941968,0.04210057,0.1426146,0.10387439,0.04105016,0.08237414,0.19890846,0.07727969,0.32561143,0.03579748,0.40339385,0.06919141,0.41347834,1
0.19219576,0.09007635,0.06545622,0.26785351,0.18492968,0.12329205,0.38694441,0.19401031,0.23114983,0.10752455,0.06116009,0.02264793,0.15132092,0.22258737,0.07155369,0.05346812,0.11778572,0.05705319,0.09168215,0.13409029,0.06011682,0.09069054,0.01926215,0.08834255,0.13557762,0.06231511,0.0707352,0.00922885,0.05684354,0.0710991,0.06417304,0.09531795,0.03356502,0.04794677,0.00967095,0.06111589,0.04672427,0.05681717,0.08657785,0.00958274,0.04331658,0.03023409,0.05242136,0.03392108,0.05112284,0.05471662,0.08063095,0.03730845,0.05681533,0.06850552,0.06625143,0.06942016,0.067639,0.10641305,0.05885233,0.04717947,0.08028479,0.06482146,0.04010696,0.05976744,0.07680975,0.09862805,0.05910696,0.03631489,0.0622539,0.11130891,0.09540375,0.0716168,0.07824415,0.05428555,0.13802944,0.2025644,0.10667307,0.37055932,0.18910988,0.29420778,9
0.19399137,0.57193456,0.25632655,0.32641213,0.14702768,0.08013385,0.09207129,0.25510297,0.20433918,0.11584801,0.10098871,0.06100877,0.08654857,0.02262438,0.1080383,0.03561764,0.09298655,0.11407226,0.02853223,0.12753429,0.06420329,0.10589165,0.05055132,0.0843313,0.10172102,0.04702073,0.08346569,0.07353262,0.0410817,0.11701551,0.08002485,0.07063943,0.04018876,0.04768346,0.09745371,0.0911734,0.07972597,0.04135885,0.03678197,0.10441453,0.10996543,0.07371355,0.00302224,0.05500789,0.09428733,0.07065892,0.01607098,0.05219536,0.0902334,0.05697522,0.0182575,0.05764044,0.12154623,0.06698311,0.01308346,0.04156915,0.11708736,0.04640508,0.02455403,0.03069237,0.15368994,0.06737442,0.04083553,0.03555231,0.1646891,0.08673641,0.09765815,0.0686356,0.18997958,0.11328579,0.15788307,0.08818375,0.24082663,0.18014625,0.10920198,0.0797463,2
0.15330535,0.43469516,0.32801654,0.30833339,0.15442762,0.24622914,0.07297829,0.21387613,0.23497123,0.18393112,0.02548385,0.22933694,0.15749325,0.06669534,0.09944953,0.12711184,0.04856394,0.10362202,0.19421635,0.03419906,0.12913125,0.06644449,0.06157455,0.05666377,0.12625975,0.03278072,0.14736208,0.04033937,0.09001238,0.10032214,0.11941997,0.07088334,0.11690269,0.05529059,0.05929606,0.12998237,0.08470846,0.09458444,0.07371139,0.10775087,0.07329329,0.13178799,0.03313427,0.08982784,0.08943519,0.04756335,0.07421558,0.07504206,0.11971479,0.0612239,0.0156786,0.08446906,0.03711277,0.09920514,0.13355662,0.0456361,0.08588994,0.06763349,0.08752065,0.09935871,0.1667828,0.08748415,0.04979555,0.099833,0.04440205,0.09418184,0.17016539,0.21044125,0.09441684,0.15259457,0.15465272,0.16211472,0.30518828,0.45924925,0.16292696,0.41272726,3
0.05498523,0.63629425,0.27794769,0.45788833,0.33025663,0.14414535,0.47963953,0.20323358,0.49036374,0.28920625,0.20551326,0.0770987,0.11704188,0.04166954,0.12863454,0.19507603,0.17202998,0.0850094,0.12775649,0.13083302,0.20676024,0.08578,0.07418137,0.13307515,0.17357961,0.2143065,0.02651124,0.00926253,0.11174003,0.16895646,0.09460139,0.06581524,0.09238332,0.1739155,0.12918535,0.06586706,0.10227612,0.04983345,0.16114655,0.0468172,0.11226144,0.1014036,0.10911869,0.08544092,0.03945038,0.06532474,0.14779909,0.09494531,0.07799372,0.10955962,0.14917262,0.10309287,0.04413658,0.08113239,0.08793595,0.11926984,0.0090027,0.05963556,0.08972148,0.1584895,0.12694274,0.03203082,0.1613364,0.1686444,0.18360347,0.05387974,0.10358755,0.15810086,0.17254588,0.14308856,0.19363414,0.14054523,0.30082776,0.17577214,0.21123301,0.09731886,5
0.28937196,0.35205923,0.45713421,0.21909473,0.45982494,0.18394978,0.42593402,0.42929372,0.38286595,0.23770821,0.28150804,0.11309713,0.21016952,0.04818906,0.17267689,0.25781436,0.06003985,0.20352534,0.08598689,0.2141485,0.1435886,0.15270595,0.15939833,0.22750467,0.10519386,0.03369075,0.22303098,0.02831543,0.15091768,0.04923728,0.17025076,0.1169044,0.07836778,0.07864803,0.17367381,0.09876699,0.02830071,0.0908189,0.03612987,0.13135167,0.03075787,0.04791398,0.10598224,0.05645597,0.19812223,0.05498472,0.07655934,0.16547181,0.08832652,0.12553818,0.17744881,0.17072692,0.13446096,0.19990614,0.1895128,0.05205239,0.20483778,0.20065474,0.05136154,0.05571066,0.14105576,0.0400845,0.16673103,0.18373335,0.13439425,0.20992207,0.2261797,0.23523342,0.27115159,0.28024619,0.32086032,0.04359877,0.36757551,0.21657748,0.11958385,0.17737009,8
0.13882173,0.49014651,0.39194077,0.2922985,0.2005817,0.19232511,0.15680955,0.26473593,0.12438255,0.1375485,0.1562176,0.21891128,0.11036407,0.24928593,0.05219755,0.13590154,0.10185763,0.20939448,0.11954158,0.05541578,0.12633347,0.13785983,0.09716088,0.13288914,0.13724637,0.05246641,0.14391653,0.08000096,0.08237075,0.11690328,0.11500014,0.0183867,0.10384278,0.08341769,0.05227152,0.10239231,0.04941962,0.02685777,0.07843716,0.07723245,0.0238852,0.05421832,0.08268707,0.04210801,0.10222766,0.06778871,0.04322449,0.03351379,0.11671433,0.07691545,0.01713777,0.05724538,0.03711378,0.07956451,0.071284,0.11353647,0.06567381,0.04287577,0.04374731,0.13180744,0.08374475,0.09687641,0.1279251,0.04218933,0.03810551,0.09383469,0.18383401,0.09466021,0.1202653,0.16062089,0.09806787,0.04139542,0.3446522,0.37081555,0.10441585,0.41505458,3
0.35530452,0.22547416,0.30349778,0.25968561,0.38167827,0.13687359,0.32895206,0.42225676,0.30757716,0.02610113,0.1970571,0.19095208,0.25180044,0.15996652,0.21452082,0.10705518,0.09638182,0.22012281,0.19374262,0.05684939,0.19048325,0.1654096,0.08861575,0.1373451,0.19255692,0.07448422,0.17350257,0.15950255,0.06358732,0.0229186,0.19240406,0.0729849,0.08847099,0.12123469,0.17799319,0.03364365,0.1252385,0.06907194,0.02161592,0.08845331,0.13758511,0.050909,0.0745598,0.10788499,0.15124928,0.0585612,0.08295179,0.05390565,0.04656966,0.12362234,0.06935031,0.06640561,0.15922806,0.07078241,0.11505322,0.03719932,0.0549789,0.1612118,0.05518039,0.10688342,0.20458007,0.04609483,0.15544339,0.18643416,0.04157025,0.22105096,0.20981787,0.18225064,0.2591541,0.25909729,0.18598114,0.14235483,0.25056049,0.19900616,0.0623477,0.02623925,10
0.27669734,0.09864132,0.34674813,0.24199784,0.3642532,0.19425198,0.40815719,0.41828204,0.17768909,0.0768211,0.08415978,0.15350668,0.10727831,0.10044489,0.22173389,0.2196202,0.05860687,0.09571271,0.03607192,0.09525063,0.1660143,0.1220832,0.08403426,0.06861458,0.2554431,0.12793177,0.08671374,0.06480376,0.05891831,0.05718237,0.15387974,0.16000068,0.04922937,0.05071401,0.17766644,0.10555131,0.05272562,0.12910934,0.0459257,0.11397227,0.13734679,0.12750528,0.03568337,0.06135882,0.09457956,0.09038811,0.02809327,0.12388281,0.1520008,0.01849947,0.05724584,0.15449465,0.14115259,0.10775246,0.05885588,0.22477854,0.08449162,0.11206083,0.15437979,0.20911163,0.22770971,0.11248514,0.19671905,0.16589899,0.12079046,0.22904746,0.19449273,0.05990353,0.35149403,0.17329057,0.13584348,0.12437951,0.21750174,0.21541708,0.07117577,0.14371589,7
0.15586502,0.48226595,0.35147538,0.16210793,0.25299956,0.18415377,0.1833811,0.31541891,0.083835,0.14150996,0.20387576,0.16048757,0.17774731,0.22160545,0.08452093,0.10829187,0.13034426,0.07629829,0.21095577,0.13780765,0.07152564,0.1360282,0.08961183,0.06997297,0.10629951,0.11861878,0.04969806,0.12742373,0.03975327,0.06308644,0.09669974,0.08036029,0.0315106,0.07932128,0.11007388,0.03654656,0.07447058,0.03862638,0.02459468,0.0686014,0.07132028,0.02041822,0.07726199,0.04489158,0.06991293,0.10073153,0.10105071,0.06499003,0.09389947,0.06794469,0.08392577,0.11871854,0.1006191,0.15092071,0.08256363,0.05593011,0.09194535,0.09751852,0.12610561,0.07785153,0.1537646,0.03835118,0.03570526,0.0844688,0.09804485,0.1032632,0.18939476,0.13724586,0.0451051,0.09753097,0.19675542,0.17479029,0.35899543,0.42632169,0.05936261,0.42161952,3
0.28557598,0.26581883,0.37002264,0.13397672,0.3335295,0.17052692,0.37456267,0.36614293,0.26258861,0.07146526,0.13480524,0.18369498,0.3049366,0.16564068,0.13621659,0.09607295,0.04130075,0.20517755,0.11434099,0.06779987,0.06146474,0.18977873,0.05152516,0.08177016,0.08160834,0.13372746,0.1133415,0.16003302,0.05202035,0.11540055,0.09580682,0.15081425,0.06207783,0.06964273,0.08421278,0.15830516,0.0820925,0.09277305,0.07094761,0.14390058,0.0999259,0.09407725,0.00634122,0.0587468,0.04920789,0.0828333,0.09036456,0.12571453,0.10110536,0.1068533,0.14219273,0.08768452,0.09984611,0.11510197,0.11306919,0.17371835,0.08136517,0.13176164,0.17750402,0.07881481,0.14104654,0.15382128,0.07693924,0.15851443,0.13707205,0.1196308,0.20962324,0.19530017,0.17757938,0.2931981,0.19152024,0.10538356,0.28292294,0.18040925,0.12710565,0.07445536,10
0.14992949,0.28086157,0.44704076,0.21439111,0.56715872,0.18752732,0.29514802,0.42021293,0.28566455,0.37155793,0.19631642,0.0807591,0.27252184,0.13574983,0.07580794,0.21772745,0.02765358,0.26733832,0.17752307,0.02381702,0.17991541,0.09145716,0.16443799,0.27045082,0.00710263,0.17605239,0.13258224,0.06667967,0.22029244,0.11214595,0.1445056,0.10055979,0.06317333,0.18791861,0.12165231,0.10050539,0.1177697,0.08105522,0.1634057,0.09602816,0.06210246,0.11692347,0.1305708,0.13190056,0.08481124,0.10396112,0.12342358,0.05347444,0.10225565,0.08321649,0.0897296,0.06858203,0.10683907,0.06137829,0.08763004,0.06536998,0.13022889,0.09449702,0.11402216,0.09077491,0.1426819,0.15376183,0.06145291,0.10180815,0.21720454,0.11401802,0.03089359,0.19990717,0.2576598,0.09275499,0.11810432,0.27508667,0.31500956,0.14689594,0.14250444,0.22968332,5
0.15539469,0.53698088,0.38133487,0.24645661,0.08914461,0.22853625,0.06222264,0.23622138,0.1165508,0.11896165,0.05078844,0.19016288,0.07212673,0.14027857,0.0727449,0.06791823,0.05079618,0.11297648,0.07626321,0.06598138,0.11062276,0.0596679,0.08812243,0.0388262,0.04748016,0.10956117,0.11098755,0.10162306,0.08437212,0.07470017,0.10837217,0.11982463,0.05708257,0.08804815,0.12719004,0.08683983,0.12031366,0.0746453,0.05952698,0.10917996,0.11786147,0.08188958,0.10272629,0.04718371,0.0707041,0.03213301,0.04257474,0.11086885,0.0377059,0.00600195,0.06435127,0.09355501,0.06170029,0.0722783,0.0435284,0.11415268,0.02946126,0.08754278,0.13449699,0.06077863,0.01629846,0.12579491,0.15511401,0.06828197,0.12737128,0.08791942,0.1648008,0.04861641,0.17376801,0.16950307,0.08207313,0.02968498,0.33339157,0.37353653,0.15151348,0.37386636,3
0.12056035,0.39176115,0.14356305,0.06516099,0.29646645,0.2800603,0.64912438,0.16168427,0.41391881,0.18066616,0.20687952,0.37224526,0.35815638,0.41144911,0.16443226,0.01914639,0.16473615,0.08448488,0.23936157,0.12003648,0.21965826,0.31001196,0.14525397,0.2144922,0.03904118,0.09604961,0.09233543,0.04327006,0.19302364,0.2093759,0.23802447,0.11207078,0.16774591,0.21087007,0.09497295,0.11670066,0.07393675,0.08191913,0.0470322,0.16795278,0.07943002,0.14556409,0.21692836,0.14856021,0.17364556,0.10427656,0.03643758,0.09302068,0.04259974,0.04987484,0.03927337,0.07378031,0.08757759,0.05498513,0.12543887,0.13293188,0.10321438,0.1043653,0.07383355,0.13143774,0.11071273,0.21307766,0.17606392,0.08068429,0.15496381,0.10608607,0.14209201,0.1295192,0.2893547,0.18588186,0.0833832,0.06478023,0.24081398,0.10064657,0.04648896,0.0545522,6
0.06243658,0.19632,0.11643069,0.28730008,0.59684282,0.05319351,0.39798738,0.11896941,0.38289228,0.07356087,0.06677244,0.22198211,0.10135271,0.34705693,0.22176504,0.04935714,0.13063626,0.06903453,0.0715891,0.05988286,0.05877156,0.13793463,0.07426772,0.15684999,0.14899142,0.05831,0.08967049,0.08895909,0.0731399,0.04540682,0.06269602,0.10808112,0.06492844,0.10608414,0.11425675,0.046144,0.06818489,0.09689426,0.07612834,0.03597122,0.05921053,0.09130754,0.05799523,0.06418701,0.03874868,0.1237877,0.00763299,0.04579232,0.03439204,0.03469941,0.04646771,0.13564349,0.03943184,0.15470489,0.00608148,0.1114465,0.03008919,0.08253725,0.05145886,0.13096255,0.03385101,0.1803015,0.03649503,0.18839774,0.01890076,0.13071686,0.04272436,0.10944777,0.0371047,0.258114,0.08323585,0.36312663,0.02363376,0.40642618,0.10987933,0.3553759,1
0.20707932,0.41547073,0.29022904,0.13520194,0.36604973,0.22656369,0.38002471,0.41072518,0.08466121,0.30358894,0.14973765,0.06620712,0.06896167,0.07374695,0.23376876,0.10796653,0.04383634,0.2402445,0.18619626,0.12419783,0.12401179,0.11011492,0.17006841,0.15003926,0.1121682,0.11683863,0.05200051,0.10859597,0.10926232,0.15513938,0.09412415,0.02751176,0.14833032,0.01959102,0.096705,0.11186638,0.04893961,0.09046527,0.08205335,0.09324569,0.10016444,0.0364063,0.05228001,0.09010577,0.01748284,0.14392656,0.10503728,0.03412421,0.05767441,0.16539311,0.12617751,0.02064504,0.01974096,0.09358819,0.12660438,0.00930829,0.05002866,0.12557586,0.13685145,0.07206885,0.07483712,0.14904326,0.2047431,0.13734466,0.16511769,0.04988996,0.12451904,0.0675252,0.15351985,0.21521066,0.24674081,0.18219803,0.16963781,0.27702296,0.2785751,0.23472405,4
0.32196095,0.61504738,0.37581027,0.4150787,0.05983315,0.33656682,0.4077643,0.30592227,0.21318065,0.18579797,0.13796174,0.06963273,0.30208848,0.33871591,0.22943124,0.11596467,0.22356837,0.14971019,0.10109649,0.1430137,0.15239921,0.11928664,0.05913963,0.29978852,0.01529538,0.08561722,0.03796757,0.15142467,0.17939914,0.06558303,0.00816067,0.0798337,0.08392417,0.09120869,0.05686759,0.03675975,0.05303333,0.01239562,0.18758159,0.01104328,0.01465509,0.07959115,0.07043182,0.13062873,0.09027312,0.07902098,0.10382074,0.0979032,0.08762509,0.10541502,0.09861388,0.07811403,0.05682035,0.0713407,0.03771963,0.03236584,0.09271867,0.10548361,0.08643209,0.08626665,0.11801324,0.1814312,0.15311881,0.11719526,0.11840152,0.13246926,0.13943306,0.06360247,0.1006439,0.06307047,0.07444137,0.04250187,0.08728766,0.05157478,0.0690638,0.04707838,4
0.06301412,0.67575554,0.38883867,0.27571811,0.1380084,0.22572459,0.0904082,0.35803452,0.11308855,0.13178903,0.16105162,0.05578024,0.19008054,0.11952441,0.12819065,0.12299769,0.05873414,0.1144748,0.10215097,0.13107517,0.0955373,0.05020796,0.03228735,0.12752561,0.13792376,0.07283737,0.04110488,0.00894723,0.09550895,0.14278934,0.08188239,0.02932906,0.01368902,0.04693851,0.14199381,0.09418898,0.0127881,0.05185968,0.02084136,0.13667497,0.09471302,0.01137046,0.04971611,0.02292458,0.1143997,0.05378581,0.05424701,0.08723442,0.11661131,0.04903018,0.04619768,0.07927156,0.11994045,0.0651615,0.05738478,0.09510377,0.11625074,0.06698951,0.03839317,0.11352461,0.127098,0.04367451,0.06228836,0.06890721,0.12925706,0.03627795,0.11125315,0.06812619,0.16052777,0.02735926,0.20102964,0.03030625,0.20044613,0.05131155,0.25290531,0.13970044,4
0.20247226,0.54255985,0.30671307,0.26527058,0.15673745,0.04148257,0.35670195,0.28938702,0.23715673,0.0316428,0.09154923,0.17075039,0.15481985,0.09838189,0.08552331,0.12462546,0.1006564,0.07449705,0.0531529,0.13609702,0.13817387,0.0700737,0.0251273,0.08863717,0.1159024,0.12825992,0.07314986,0.05162047,0.03192542,0.10144237,0.08715068,0.10478967,0.07700251,0.01406979,0.06056604,0.09807267,0.08158064,0.06843642,0.04680323,0.09013362,0.08728932,0.06751786,0.03640512,0.07901267,0.04617427,0.08278074,0.10650842,0.07456773,0.08310566,0.10158062,0.08508101,0.07311634,0.08943374,0.103831,0.07096437,0.0370382,0.12870644,0.07046973,0.01573657,0.06012765,0.08972013,0.11354196,0.04061591,0.06211704,0.12708244,0.07681214,0.08679626,0.17513925,0.12023131,0.21249771,0.20430496,0.13180355,0.27852293,0.0983068,0.16707067,0.17888035,2
0.31488029,0.39419153,0.3575309,0.33238018,0.24654757,0.38021163,0.54888432,0.22056687,0.33217163,0.0845702,0.10178169,0.31533403,0.34723054,0.15067368,0.05183482,0.09671247,0.04467886,0.1641609,0.29395171,0.18642559,0.09948967,0.08984676,0.12022665,0.07169274,0.06011985,0.12747184,0.12466196,0.07506653,0.12608909,0.10096369,0.11037291,0.05182432,0.14279762,0.10418203,0.06927149,0.084192,0.15409752,0.04765689,0.14244088,0.04637403,0.07736114,0.05193502,0.15533798,0.09862415,0.09245568,0.10211733,0.0522538,0.12508912,0.09190374,0.09068706,0.08654407,0.07700858,0.08160517,0.1380939,0.11038151,0.06040208,0.10219568,0.09564056,0.15616188,0.12162987,0.09184259,0.10142657,0.09727905,0.13727044,0.19911335,0.12060669,0.07375574,0.05913246,0.02454494,0.1703103,0.11077033,0.05835242,0.07484553,0.103275,0.20372991,0.11198985,6
0.25981649,0.35762344,0.3990808,0.22683333,0.54975616,0.05028686,0.2589955,0.19545014,0.1809249,0.30131368,0.40402573,0.08414035,0.15508132,0.09287161,0.2149607,0.30791823,0.15725151,0.16836211,0.1413447,0.26162499,0.20972364,0.19072259,0.15805733,0.18100427,0.18067705,0.28659148,0.1603961,0.06953703,0.12547285,0.077868,0.27896127,0.10140727,0.09725791,0.07120949,0.0770399,0.21674171,0.20175232,0.10162017,0.04791844,0.02940204,0.17999934,0.22734674,0.03427726,0.11280236,0.10042551,0.09641164,0.08977834,0.06445819,0.1081635,0.07962183,0.05162253,0.05814548,0.08443112,0.11524381,0.0153468,0.09982119,0.03453524,0.11368062,0.06606531,0.09921605,0.05546298,0.11818021,0.02087017,0.0579131,0.04048022,0.12377071,0.10015825,0.16612034,0.22248642,0.16148821,0.24036451,0.18184546,0.09740557,0.29459212,0.17569938,0.11586652,10
0.37817701,0.30106365,0.29568444,0.24985934,0.48563612,0.10341491,0.24838536,0.33874144,0.36688175,0.1109638,0.31853922,0.2202734,0.18796356,0.09859334,0.18086434,0.08395717,0.23609237,0.3158803,0.23336155,0.07190121,0.16508593,0.04831969,0.19931278,0.2656691,0.1409594,0.06260188,0.13544754,0.038469,0.16974611,0.13979156,0.09062829,0.13210967,0.09219136,0.05205778,0.07385013,0.15855962,0.07116811,0.11026205,0.07303087,0.20148312,0.01966057,0.09822728,0.06620118,0.09240227,0.01654185,0.15366913,0.12859236,0.02689369,0.18335552,0.09167215,0.10744144,0.03455879,0.1426824,0.12522438,0.03220206,0.09214871,0.1419359,0.09569974,0.08802095,0.18505132,0.16118834,0.08975711,0.24251834,0.23830842,0.06148173,0.32298284,0.23551529,0.11204376,0.34588659,0.24836554,0.09537116,0.0432384,0.20648064,0.12600215,0.07788269,0.07425269,7
0.15260713,0.5311604,0.08060447,0.2129714,0.39018221,0.33177393,0.42469912,0.35238748,0.24306344,0.1666184,0.16936045,0.14955316,0.30232108,0.04351741,0.28645491,0.17437043,0.1092262,0.1810337,0.10892665,0.22314258,0.2327601,0.06145286,0.14376755,0.10116488,0.2004516,0.1794689,0.07104696,0.17376112,0.1174645,0.192483,0.18359081,0.05219338,0.11310848,0.13835125,0.1703109,0.13833227,0.04598602,0.16455399,0.11650084,0.11324713,0.1415162,0.10515344,0.13905791,0.1295331,0.0478811,0.07193904,0.02939511,0.09583468,0.0400732,0.04697053,0.05955664,0.10563063,0.07566239,0.00849931,0.03010087,0.12537077,0.12400762,0.06156334,0.02180165,0.08557939,0.08720761,0.03285635,0.0846312,0.06655705,0.1243832,0.09713112,0.06305351,0.07026669,0.05383955,0.15156873,0.16031041,0.28893666,0.39570585,0.16869601,0.31751074,0.08343245,4
0.30318999,0.54823933,0.28649142,0.29254443,0.15115024,0.32199211,0.33726687,0.37918689,0.17017534,0.2968317,0.30057826,0.07570653,0.10814858,0.25580245,0.16569811,0.11110149,0.19003871,0.2119786,0.11378807,0.14468258,0.12296511,0.17853945,0.06274436,0.04451815,0.11231984,0.14778266,0.14020963,0.17560037,0.16116203,0.04613975,0.1207436,0.10025558,0.14096416,0.05867042,0.08449532,0.11221665,0.15173399,0.12743362,0.12481012,0.10718778,0.06946375,0.12003487,0.04115245,0.14127774,0.04151352,0.08582006,0.04943379,0.0225088,0.06771571,0.02673858,0.07430186,0.05304844,0.09189752,0.0528227,0.03366432,0.06970264,0.13671656,0.15144379,0.07937389,0.07797191,0.0949951,0.08090603,0.02895668,0.10146843,0.14341303,0.10954162,0.13994999,0.15626214,0.25571458,0.12260292,0.07508713,0.0481955,0.10637738,0.14896866,0.19925543,0.23922834,4
0.1884165,0.62866312,0.2040886,0.41749576,0.00856358,0.19112294,0.12405558,0.17071538,0.18702389,0.08143382,0.13517226,0.11709647,0.13719231,0.04954699,0.14667918,0.04930167,0.15728526,0.05905419,0.09305388,0.16052704,0.08703788,0.12468249,0.08259451,0.12079443,0.11740069,0.14002212,0.05316399,0.12214937,0.05181086,0.07674737,0.14256299,0.06587539,0.09606047,0.04607869,0.10708931,0.09593133,0.0894786,0.04569551,0.07271859,0.12688282,0.06388905,0.07581988,0.01877059,0.06264265,0.11820794,0.09165465,0.08060349,0.05427681,0.14040794,0.07887785,0.04376829,0.06533351,0.13860164,0.09811464,0.05200674,0.06424939,0.07444258,0.11128455,0.11334586,0.08524474,0.05891986,0.06007566,0.14456329,0.09705322,0.1457977,0.07045744,0.15329071,0.10536881,0.20272933,0.24764769,0.05470771,0.05667729,0.21355412,0.47772554,0.2020197,0.52907295,3
0.19328942,0.66756823,0.23544612,0.49111199,0.19975324,0.10830226,0.31771236,0.04499864,0.25046293,0.13956522,0.19219608,0.05462005,0.2188834,0.0583187,0.11561536,0.10090933,0.14625764,0.09704739,0.11771591,0.05121924,0.11358332,0.15403008,0.09698598,0.10470108,0.11603941,0.12213649,0.07748647,0.09098974,0.06190235,0.12614009,0.10211244,0.09255641,0.06377479,0.04520402,0.05757909,0.11955795,0.10916016,0.03150103,0.07399784,0.13256071,0.09587999,0.04762433,0.07824058,0.05596533,0.06219106,0.06044128,0.08652408,0.07562725,0.10883427,0.10431444,0.09808706,0.04375537,0.08424426,0.06002716,0.05572673,0.07617455,0.08189837,0.0708599,0.11214714,0.07931109,0.10442034,0.17411075,0.11886654,0.02727261,0.13765331,0.05444929,0.13832588,0.1529551,0.05544251,0.21853142,0.17185223,0.21967385,0.37372128,0.34368652,0.22911055,0.23260245,2
0.23901931,0.39794917,0.39149383,0.0691246,0.42163109,0.02390954,0.39668523,0.37503818,0.29726555,0.04739457,0.19744368,0.10721611,0.05737371,0.11213929,0.12186886,0.13317141,0.0741987,0.06597487,0.15168971,0.10872278,0.08112358,0.10459218,0.17556648,0.07613114,0.03216836,0.07998701,0.09965125,0.03708657,0.04022832,0.05402305,0.09366334,0.06060219,0.02551736,0.12229658,0.06521108,0.03579936,0.03494119,0.1087186,0.07602652,0.06664056,0.0103658,0.05747756,0.04499328,0.0407762,0.06037022,0.01384242,0.03816981,0.11472509,0.04026856,0.01899973,0.08807088,0.00553991,0.0388443,0.09924616,0.05154132,0.04852199,0.09071213,0.05392417,0.05297686,0.08031533,0.12145246,0.0439072,0.04244104,0.18811933,0.02415586,0.15065861,0.2718901,0.07468626,0.17944736,0.2561054,0.07899693,0.18001993,0.38869615,0.27209072,0.19852065,0.32993331,2
0.01284815,0.20616186,0.01777636,0.285733,0.58105822,0.0485343,0.44197823,0.0313771,0.33689039,0.09237016,0.02510714,0.23891707,0.04184716,0.32718968,0.21054652,0.05548212,0.14979792,0.04285187,0.05972679,0.07611196,0.05267335,0.1500315,0.0802162,0.20577268,0.14121671,0.07218491,0.10262428,0.0429642,0.11269727,0.05845791,0.06336224,0.12843625,0.09201665,0.1055789,0.11104002,0.07339341,0.06193411,0.05886254,0.10062252,0.05586462,0.07278596,0.10978851,0.0917516,0.0681231,0.05732524,0.08774617,0.0664766,0.09890966,0.06468236,0.07465894,0.03730053,0.09458566,0.05916486,0.11988895,0.05306758,0.11082145,0.05757601,0.08816499,0.03382585,0.09268566,0.04411156,0.15256923,0.05990728,0.18091469,0.0529147,0.1423044,0.02820517,0.12702738,0.02427593,0.23865589,0.02669261,0.35763052,0.04049369,0.39596413,0.01879648,0.38723211,1
0.20204817,0.58773839,0.28185209,0.30977993,0.20617165,0.05554452,0.37563594,0.20711405,0.24956581,0.03616165,0.14030359,0.10328498,0.18721983,0.13159804,0.14475568,0.12974777,0.07564941,0.07139788,0.12294059,0.11650218,0.1165886,0.04482077,0.05996448,0.01695931,0.10729475,0.0531516,0.10468856,0.02302943,0.03710918,0.06005366,0.0887956,0.04560465,0.04499495,0.02786071,0.12417599,0.07875285,0.02194733,0.04761099,0.06182601,0.101225,0.05279258,0.02231547,0.04847844,0.04533781,0.10507333,0.05280945,0.07940376,0.14893298,0.0658723,0.08014033,0.14548475,0.10662818,0.11487604,0.16984191,0.12973376,0.01941599,0.14149844,0.13647943,0.07892062,0.0268711,0.09646722,0.0739978,0.08988984,0.10810866,0.09240391,0.08581398,0.14971906,0.16744937,0.1733248,0.28488605,0.22771337,0.19439912,0.34158079,0.13364073,0.12506468,0.19597038,2
0.27157485,0.14903681,0.23275253,0.19772035,0.23642355,0.18739538,0.46721315,0.38511687,0.1912923,0.14916161,0.06010195,0.21753617,0.25012685,0.22404777,0.06206038,0.18207948,0.09765156,0.08457987,0.09837684,0.19441455,0.11103984,0.0743327,0.10467556,0.15336105,0.11880809,0.10848673,0.08584917,0.07166567,0.07523709,0.12446382,0.08815591,0.05460965,0.08498647,0.05840636,0.11250352,0.09518751,0.12605597,0.02482439,0.02904268,0.0935263,0.14523871,0.05374764,0.01244647,0.10825289,0.09447112,0.03078402,0.08004411,0.05847307,0.10239791,0.11609323,0.0542997,0.14006676,0.11677413,0.08988003,0.13123323,0.11272392,0.15661131,0.12466129,0.02321288,0.05664935,0.0979922,0.07431325,0.04432757,0.07915624,0.12465231,0.01225191,0.14014348,0.22563377,0.06172441,0.26794371,0.2511816,0.17077197,0.32206707,0.27576948,0.02107437,0.08524072,10
0.2010688,0.20645003,0.09294803,0.30112352,0.27436148,0.15385626,0.30518916,0.20668547,0.20525169,0.19823017,0.05291825,0.15368574,0.23868602,0.13620316,0.07996074,0.01416487,0.18510254,0.13982618,0.13788338,0.07079229,0.03939085,0.09902981,0.10380494,0.13397229,0.05601834,0.05994228,0.03658946,0.05968625,0.02940111,0.04538716,0.05526338,0.0853475,0.01090478,0.05869197,0.11248537,0.0514438,0.0580634,0.01928553,0.09602276,0.08523151,0.03833813,0.05147939,0.04414313,0.05261105,0.07438342,0.05376843,0.01960411,0.04209368,0.06863867,0.02425776,0.05394666,0.06265113,0.03442401,0.04873549,0.07729258,0.07508502,0.01331186,0.03384699,0.07973165,0.11243938,0.02421455,0.13530136,0.11353479,0.08235796,0.07757555,0.18001865,0.13635043,0.0572414,0.10547847,0.08392492,0.07757265,0.06759667,0.11886816,0.32194103,0.16945329,0.31154325,9
0.29258883,0.5834939,0.38224891,0.37687822,0.2809029,0.12370616,0.26997534,0.28555166,0.16058161,0.08859197,0.26488953,0.19074479,0.18618323,0.15486354,0.22185902,0.12033604,0.2049373,0.13504417,0.13062146,0.07221208,0.16249243,0.10086813,0.10621229,0.12583605,0.15968187,0.09578431,0.07186831,0.10462948,0.16269149,0.05813165,0.05053253,0.1113894,0.14396694,0.09669836,0.05388932,0.11025325,0.11286362,0.0931106,0.15513291,0.09173107,0.06845101,0.08182232,0.14480556,0.04726671,0.08424709,0.07470849,0.01616134,0.07685481,0.01134306,0.07744245,0.11945369,0.14375969,0.13229388,0.11611411,0.08410644,0.04426707,0.08525773,0.05628114,0.12939951,0.23569301,0.14738024,0.18927433,0.22402974,0.06065497,0.17414262,0.11104299,0.06733057,0.20044429,0.05388555,0.30272918,0.26983472,0.3075385,0.40037977,0.42228051,0.19765196,0.26493597,8
0.12646125,0.32830029,0.40819584,0.22109951,0.56285653,0.22765414,0.47084113,0.36803586,0.30890201,0.38927648,0.0686758,0.11899417,0.26568921,0.22284754,0.19689145,0.02588578,0.03140943,0.38342655,0.08310991,0.20231809,0.08332469,0.11023285,0.2813209,0.05131969,0.09784561,0.15892749,0.07039606,0.25954892,0.05125023,0.09276529,0.10211422,0.11380946,0.22909922,0.11129331,0.03446666,0.08229564,0.12547906,0.14595505,0.15134168,0.05477226,0.03662563,0.0670245,0.10432762,0.14733751,0.08392677,0.08879079,0.07545313,0.07384316,0.05205939,0.08906835,0.0907079,0.08740829,0.06455492,0.05675417,0.06569411,0.10828359,0.13697581,0.05614205,0.01684005,0.20511296,0.13881165,0.04337021,0.0934036,0.1812412,0.22940037,0.1267207,0.03212326,0.20137974,0.29244722,0.10204427,0.08170456,0.26574941,0.35746475,0.08912869,0.23749345,0.14527288,5
0.33208103,0.43199464,0.52265435,0.28224123,0.44234245,0.1655213,0.32310855,0.38849619,0.31642162,0.20797649,0.24584221,0.12806616,0.26997819,0.06797546,0.19203561,0.2157774,0.11976967,0.11244177,0.12677895,0.25612964,0.05959407,0.12342407,0.0214034,0.23276075,0.15126794,0.04848992,0.10297958,0.19132551,0.10420332,0.0296381,0.13987298,0.1366162,0.16579443,0.10538706,0.11107023,0.15226071,0.10557604,0.02298715,0.17974184,0.14148075,0.10061933,0.011815,0.11335698,0.19086499,0.08861959,0.02669749,0.13268299,0.12422997,0.03301924,0.12453201,0.16649805,0.09979887,0.14684884,0.17823072,0.12183803,0.04194093,0.21529052,0.13065779,0.06544997,0.13032393,0.13849641,0.11178792,0.15887171,0.17084285,0.19673978,0.23693097,0.19210196,0.197389,0.35098581,0.26317989,0.22952703,0.13140875,0.37437033,0.24446341,0.09785679,0.18512428,8
0.05998737,0.18284028,0.07194474,0.23229978,0.54088228,0.03647348,0.43040773,0.12131108,0.3528352,0.13308798,0.01263959,0.21632621,0.08669889,0.34898988,0.15491515,0.00974835,0.15971195,0.04932528,0.0649132,0.12707405,0.00517189,0.08483049,0.03480474,0.17589519,0.06412889,0.00695648,0.12643627,0.03228729,0.03449563,0.11746544,0.01208984,0.02147662,0.03512029,0.13063822,0.01829817,0.01259255,0.1223884,0.01786556,0.01356115,0.10484822,0.01502844,0.00317318,0.01325472,0.09763638,0.02237432,0.00856257,0.05233546,0.09510386,0.03161421,0.11147572,0.02698809,0.01406366,0.02275007,0.0275104,0.05592925,0.11392117,0.02375324,0.12880457,0.03919068,0.01676465,0.03257464,0.07976054,0.03827575,0.16672532,0.02984597,0.16245105,0.05342303,0.0475108,0.03330842,0.20911773,0.078153,0.35137214,0.04569986,0.44888233,0.09589836,0.3529797,1
0.06365251,0.2104219,0.1480613,0.2214371,0.51943004,0.03868678,0.43326021,0.09668436,0.40911866,0.14628234,0.07140342,0.15709889,0.03736947,0.32667994,0.13901421,0.03985735,0.17381572,0.06750505,0.06264706,0.11758324,0.06747231,0.06600555,0.01614001,0.17221782,0.077524,0.0188539,0.11098353,0.06245407,0.05732299,0.08764332,0.06467649,0.06466566,0.02669849,0.08904594,0.07565357,0.01475788,0.07826742,0.06052796,0.06711376,0.07266685,0.05494692,0.06770114,0.01532807,0.08333862,0.00438831,0.07123507,0.05177183,0.08509715,0.06042421,0.08228469,0.03521637,0.05262582,0.02503327,0.07413181,0.06959334,0.11160148,0.07593092,0.11054653,0.03893325,0.04213364,0.02697292,0.09369243,0.04679117,0.17213119,0.06385344,0.16984702,0.02188837,0.05058834,0.02118803,0.20458584,0.04505948,0.36421134,0.05136227,0.44773586,0.05113238,0.34650593,1
0.19673087,0.73187085,0.15007715,0.67036027,0.05034533,0.14125283,0.20003143,0.1540907,0.22472653,0.08874984,0.08540515,0.180137,0.09510061,0.1375325,0.10345774,0.10395245,0.14426958,0.06596586,0.11125434,0.13116332,0.1136961,0.11755289,0.11560928,0.06983047,0.11787993,0.11552672,0.10983582,0.06866244,0.05953254,0.11982364,0.14136944,0.08019852,0.0702446,0.0603791,0.10966518,0.12400559,0.08877709,0.07166917,0.0345701,0.09728295,0.12644551,0.09494984,0.03443322,0.05704848,0.09016664,0.10121664,0.06754291,0.04307249,0.09757334,0.10380899,0.07163778,0.06950625,0.08820542,0.09898325,0.0721888,0.06697874,0.11067795,0.09526674,0.0564455,0.06259462,0.14284874,0.0922617,0.02816074,0.0586199,0.16235081,0.14225858,0.0320285,0.08161857,0.18872412,0.18030565,0.10679167,0.14776145,0.20898468,0.22335704,0.23667099,0.23703078,2
0.14469704,0.4544635,0.395851,0.30632917,0.5430696,0.15534226,0.44218649,0.29958318,0.32697002,0.38523719,0.1204832,0.09983705,0.30103399,0.07926062,0.24508779,0.0089128,0.03256606,0.23730982,0.05160707,0.24141652,0.05787497,0.07398684,0.22123022,0.07327813,0.10290774,0.12466364,0.10888242,0.18031848,0.09680981,0.03713383,0.07075645,0.13594074,0.2077407,0.12111421,0.04216148,0.11586447,0.15380325,0.14658154,0.10978114,0.07514229,0.12700829,0.1269406,0.13752675,0.09801283,0.12539148,0.13547054,0.0783599,0.09010177,0.14032115,0.12635031,0.09796375,0.15542915,0.18647567,0.17153466,0.05350228,0.1256633,0.27538458,0.15416122,0.02037604,0.18277351,0.28324549,0.11979897,0.09751835,0.17184037,0.30572042,0.14281709,0.0697592,0.07044649,0.31291223,0.07036368,0.0083463,0.20504634,0.3407736,0.08201087,0.24571376,0.0478881,5
0.27553677,0.53616253,0.36451618,0.24103885,0.21427245,0.21868755,0.25293798,0.44133517,0.28829214,0.18149664,0.13288809,0.25243644,0.11914421,0.11203183,0.1161739,0.19200641,0.10960535,0.12410257,0.0461504,0.14229781,0.14118335,0.11477342,0.04860123,0.07178926,0.14899667,0.08402236,0.10077808,0.1167564,0.117298,0.08467154,0.11260522,0.10181842,0.1258517,0.07799816,0.0876648,0.11008824,0.12841301,0.09203379,0.08225079,0.10971614,0.10753855,0.12230049,0.0922952,0.0471197,0.07217434,0.06886697,0.06191794,0.05068349,0.08920994,0.07540993,0.09468732,0.07328018,0.11018672,0.11632002,0.02756225,0.05057425,0.10703928,0.07114367,0.11624844,0.17799431,0.13252904,0.10377235,0.13393793,0.06927022,0.09765374,0.14223729,0.03550278,0.13689032,0.05641458,0.1979454,0.29894174,0.36273513,0.37167564,0.4218947,0.30990306,0.1443295,8
0.25911956,0.43289748,0.29656847,0.31049623,0.31104472,0.34653012,0.38645443,0.34451516,0.06798603,0.36182665,0.14283923,0.15719283,0.2530291,0.32124059,0.1838981,0.20287018,0.17171832,0.09128085,0.16565933,0.1496089,0.18173802,0.11142481,0.12162482,0.15453228,0.17081463,0.17654689,0.15461045,0.11061506,0.08909476,0.14841233,0.185398,0.12482935,0.09335322,0.11949798,0.13305671,0.1534514,0.09203538,0.10948692,0.07021761,0.15794636,0.14176707,0.10027025,0.08758274,0.08199331,0.10439336,0.06804362,0.06180565,0.03407301,0.0901644,0.05229917,0.04218736,0.01275416,0.07058015,0.05229876,0.06709418,0.08878905,0.12962609,0.09841499,0.11740795,0.06983715,0.1595881,0.05675531,0.03740072,0.11444952,0.14184805,0.1165974,0.18214297,0.12565642,0.21501619,0.08318626,0.0116671,0.09721954,0.13031374,0.15297122,0.29583954,0.20964407,4
0.28798418,0.46774293,0.39091218,0.20996054,0.37285119,0.18754473,0.3908719,0.43376513,0.3122304,0.07261429,0.29449739,0.1547708,0.24614699,0.06103807,0.26058734,0.16742438,0.11825764,0.16078669,0.16190303,0.17028898,0.07080691,0.15116395,0.07791563,0.21048582,0.07396623,0.16400329,0.10462891,0.15969028,0.06347393,0.15501231,0.1416191,0.10592483,0.10278613,0.10260488,0.11902539,0.04155394,0.13085102,0.09569665,0.13002132,0.04051794,0.12972578,0.08648413,0.09262705,0.05330281,0.09706419,0.11331723,0.13470982,0.06646853,0.13994119,0.11501627,0.03241213,0.10759375,0.08870414,0.07765339,0.16169483,0.14590396,0.16788564,0.18833306,0.13133389,0.09770102,0.25674406,0.06979345,0.03375589,0.10313863,0.07163639,0.11186807,0.25888999,0.17909442,0.26338722,0.33764733,0.24005897,0.17687739,0.4535135,0.29032704,0.13087808,0.291445,8
0.05762755,0.39353797,0.52353498,0.16183572,0.44720206,0.35054605,0.45171319,0.13748737,0.42252186,0.35355165,0.17354844,0.16296474,0.07019006,0.19336798,0.08947831,0.27136939,0.04708027,0.01568417,0.15446371,0.12861468,0.23445745,0.10578843,0.02515526,0.02078177,0.12758391,0.23742714,0.11957111,0.13190095,0.09186015,0.16257466,0.19827589,0.06127541,0.13409122,0.08024051,0.19588735,0.07218558,0.13532686,0.13526841,0.1002844,0.13139362,0.03479928,0.16162706,0.15526895,0.05091404,0.11935733,0.05911497,0.0965608,0.11018576,0.09600123,0.0787825,0.07765379,0.06936259,0.06331629,0.07706259,0.14266076,0.04046594,0.03416001,0.13141394,0.16354466,0.06909735,0.17921133,0.2559382,0.07736347,0.14863532,0.4276543,0.22742599,0.00523224,0.31521828,0.47946958,0.23515066,0.25553127,0.22634539,0.60137039,0.12492792,0.37984832,0.26955426,5
0.28940306,0.260942,0.3976624,0.17744405,0.36226963,0.15442009,0.35103941,0.3840812,0.21569477,0.06493676,0.17062398,0.16098511,0.29694466,0.13387635,0.23525804,0.06524314,0.03174119,0.18075653,0.10404836,0.04400129,0.13678504,0.14888142,0.06910485,0.05415425,0.17324991,0.06480564,0.13967804,0.16515361,0.0650596,0.03017871,0.12998147,0.12562999,0.12344974,0.04634465,0.09714146,0.03853734,0.14335675,0.10268576,0.06534002,0.04210276,0.12285388,0.09667157,0.09053316,0.04817651,0.06469612,0.10201049,0.15173296,0.0568971,0.08645988,0.15548423,0.02340092,0.19834334,0.17405717,0.04404006,0.19582618,0.12723096,0.06356257,0.22662751,0.11735102,0.073683,0.24502961,0.1043564,0.09192025,0.17400746,0.09521469,0.18042991,0.1684758,0.17465292,0.2412448,0.24893158,0.16981314,0.08053758,0.26587786,0.1731749,0.07305971,0.12138204,7
0.01023823,0.11319968,0.01252211,0.28236089,0.64843817,0.00918932,0.42021475,0.01359542,0.35756397,0.00649939,0.00814698,0.34199077,0.03062441,0.41516718,0.24453044,0.01264808,0.04021064,0.01489211,0.21244874,0.02452067,0.01937234,0.2020876,0.00965896,0.11746032,0.17145905,0.00838104,0.01227615,0.01080588,0.19691769,0.04996695,0.03563733,0.15861335,0.01703901,0.01368957,0.13457277,0.02078763,0.04753953,0.03515446,0.14673456,0.07704521,0.02308751,0.13128,0.02085277,0.03483082,0.02125947,0.12125506,0.02085009,0.0448281,0.02305089,0.05376949,0.02062367,0.15335545,0.00973172,0.15411736,0.02414465,0.03253174,0.01341699,0.02041432,0.01940357,0.16466342,0.01369047,0.20557991,0.01941125,0.10226425,0.0227306,0.05215609,0.03136952,0.20514007,0.00658742,0.33721947,0.02397653,0.40353232,0.01992215,0.41089657,0.00577528,0.36380048,1
0.24670309,0.51140346,0.24642984,0.3180491,0.11396356,0.24873108,0.33897698,0.44295322,0.1377921,0.17433866,0.13689454,0.16578509,0.08242664,0.16207827,0.14819314,0.08706669,0.07005626,0.17627826,0.2253679,0.09998073,0.09156458,0.05754961,0.15903262,0.12360755,0.10485633,0.12477646,0.08597822,0.11288147,0.06760389,0.10512974,0.10908145,0.12142885,0.13568139,0.05902003,0.08418597,0.0653508,0.1275457,0.0950245,0.04538166,0.09448044,0.08086544,0.13837264,0.08581382,0.07620074,0.05789882,0.05689855,0.07754463,0.12790353,0.01608085,0.05383908,0.05430396,0.11251344,0.04868209,0.08550193,0.13818358,0.12915921,0.10769011,0.1203715,0.13679317,0.10647674,0.14804629,0.13139084,0.16556987,0.14081206,0.22941007,0.16908329,0.14750504,0.08517203,0.2013951,0.03055393,0.08034497,0.11209176,0.07813851,0.15364716,0.19854107,0.14104967,4
0.05227545,0.18762516,0.03911249,0.33638902,0.46778721,0.0276468,0.41772674,0.03436868,0.37282726,0.19433444,0.02986647,0.14732683,0.01249834,0.30287864,0.06991543,0.02796654,0.19122548,0.02854381,0.08425006,0.15158696,0.04597329,0.01947932,0.01578867,0.17366737,0.04115528,0.02878129,0.13713976,0.02494837,0.0763674,0.09216138,0.05370423,0.06699954,0.02703456,0.1120386,0.08350057,0.04714781,0.07924845,0.04068222,0.09072258,0.03025148,0.0542842,0.09436455,0.04536282,0.05765366,0.07027504,0.07312141,0.06916167,0.0413208,0.06484363,0.03482274,0.07598973,0.05885337,0.05640006,0.07393634,0.07711211,0.04398046,0.06549589,0.10032719,0.05697163,0.0999914,0.04551816,0.0483308,0.0770287,0.0675162,0.0670572,0.16842027,0.08840596,0.10160333,0.0628596,0.07063107,0.09109912,0.17915034,0.05876174,0.39332223,0.06032378,0.37556973,1
0.18973975,0.23295409,0.15427625,0.25132116,0.22219665,0.0927699,0.32471411,0.16795756,0.28574321,0.15317363,0.07572715,0.10964487,0.08954961,0.1016165,0.06962833,0.09080814,0.08729832,0.05326715,0.16773729,0.11274619,0.08014672,0.1201682,0.06187206,0.0945706,0.07641713,0.04772842,0.05678896,0.07246018,0.08200891,0.01215955,0.00765633,0.05054084,0.06191801,0.09663603,0.01590979,0.03717921,0.03584347,0.05461161,0.02845202,0.04018472,0.05620785,0.02514214,0.02605791,0.0441595,0.01766605,0.05366677,0.07640715,0.10973346,0.05081531,0.08294898,0.08458492,0.02421911,0.0921732,0.03185092,0.03823946,0.05732022,0.0968949,0.04676149,0.07161754,0.04144563,0.04037485,0.06393541,0.14449579,0.12942168,0.02718421,0.19582654,0.17553543,0.10135571,0.09211858,0.12790955,0.13422013,0.16120047,0.13670747,0.2907597,0.09485318,0.35234309,9
0.16158683,0.31281404,0.1369849,0.47860034,0.24212432,0.27068587,0.32458766,0.34174688,0.14080851,0.20046089,0.15578557,0.12401493,0.28053722,0.20978202,0.17881658,0.14453407,0.11244373,0.16211478,0.21770795,0.17338041,0.06674998,0.05585197,0.0276262,0.10209033,0.16139063,0.04228657,0.06972313,0.10271951,0.01708804,0.15333512,0.08648247,0.03384596,0.04940865,0.07310643,0.11963175,0.07652918,0.08774323,0.04074259,0.04882389,0.09726018,0.04700783,0.06947274,0.06678864,0.06535823,0.15382454,0.0916255,0.05214753,0.05770826,0.14097963,0.09572423,0.04808279,0.06811933,0.1386449,0.13709407,0.08104858,0.03384865,0.15179443,0.10290994,0.05532079,0.03805578,0.13510744,0.05807845,0.04046857,0.06220466,0.14380236,0.07191721,0.11881067,0.14882767,0.27519169,0.11329113,0.0162421,0.14254524,0.17402331,0.25549997,0.34621862,0.10028172,4
0.27382658,0.17814397,0.37106788,0.19667008,0.2753457,0.17183696,0.40706866,0.41725724,0.13346088,0.12601672,0.04959743,0.15467525,0.25468626,0.08044063,0.05975658,0.15985067,0.14572193,0.01176151,0.0780208,0.14685606,0.08338677,0.08148364,0.03360398,0.17867332,0.06889864,0.1282238,0.07997447,0.1048401,0.05423065,0.14450167,0.09547653,0.00864697,0.05967177,0.13441781,0.10441667,0.06334222,0.0965364,0.09895394,0.02162359,0.08663015,0.10238592,0.04614065,0.08006904,0.09860997,0.09881449,0.14361568,0.02629262,0.12771357,0.14311698,0.05312248,0.12480395,0.085097,0.06563256,0.13207763,0.08763357,0.13658669,0.13640491,0.09287044,0.14472468,0.01245781,0.0898668,0.1400079,0.0395758,0.17466736,0.13154017,0.10189152,0.22046783,0.23291375,0.16212645,0.28996906,0.21916916,0.09184897,0.29374936,0.24330397,0.02290195,0.06645329,7
0.12902981,0.48625931,0.31665786,0.18099775,0.36064462,0.18545299,0.29719319,0.33381353,0.07204875,0.15531195,0.27363658,0.11143871,0.2646116,0.17272006,0.12735958,0.11293097,0.18913772,0.05515246,0.20273522,0.15198084,0.06713133,0.09966433,0.06215873,0.04585841,0.02962751,0.13430436,0.09329983,0.10445961,0.09070882,0.10664623,0.10034522,0.12983755,0.12635224,0.09620528,0.09945572,0.11851677,0.09605079,0.0994613,0.07675927,0.09122173,0.07313913,0.11398161,0.05839362,0.08374231,0.09147716,0.0299268,0.05111735,0.04801102,0.05834724,0.08731028,0.03826793,0.01291708,0.06741002,0.01293561,0.04577836,0.13325752,0.09804667,0.09824311,0.078527,0.08056429,0.09497347,0.12656642,0.15112755,0.06078736,0.17756534,0.08725559,0.06064361,0.1587696,0.12334297,0.13034383,0.32222468,0.26468152,0.39725718,0.4441691,0.05086848,0.32407242,3
0.31224031,0.33540779,0.37288258,0.25738716,0.48764504,0.10444268,0.31626221,0.31627268,0.23616321,0.15022309,0.24875766,0.25760657,0.22499441,0.05790143,0.14182911,0.05120322,0.1924006,0.34062527,0.16814403,0.13966336,0.09970343,0.12237374,0.19862397,0.25829262,0.10620803,0.04272,0.17500265,0.07477002,0.09859046,0.05337598,0.13470079,0.09041737,0.15178337,0.05971183,0.1891522,0.06696469,0.05972165,0.07973591,0.12317273,0.13710636,0.06848163,0.09213202,0.06942759,0.02917063,0.14138956,0.07212107,0.11295783,0.0571606,0.08413666,0.08819881,0.11052423,0.09428692,0.11915304,0.11600978,0.11749749,0.09590127,0.12654548,0.10551892,0.14024267,0.13527052,0.06803188,0.11714515,0.23897212,0.12754891,0.11484187,0.32059915,0.17229759,0.13050547,0.37033762,0.2058807,0.12578015,0.160084,0.1940655,0.1206745,0.07951685,0.09321924,7
0.22795648,0.37154133,0.23644321,0.21183426,0.06904037,0.40341516,0.29578385,0.34330561,0.25009962,0.3072422,0.13066021,0.03728112,0.13421549,0.19778802,0.24353346,0.10122586,0.13080772,0.09500231,0.12209238,0.12163267,0.13272338,0.11706483,0.03174579,0.03089939,0.09033297,0.17387353,0.07841128,0.07777619,0.06891311,0.11429704,0.13030913,0.09568759,0.10343381,0.0555048,0.11981146,0.08020387,0.12501562,0.02620291,0.07130525,0.08673719,0.14200477,0.08031634,0.05156625,0.01274948,0.09240567,0.0195257,0.04396371,0.11432604,0.08879889,0.0435144,0.0828748,0.07171486,0.04817603,0.01984778,0.12318117,0.16403343,0.13335246,0.02924801,0.05684713,0.08045549,0.12554762,0.08215168,0.13970958,0.1830587,0.09963295,0.16159209,0.2017135,0.08518629,0.15510487,0.12742737,0.06251439,0.12658805,0.11374872,0.26006073,0.3554137,0.18973305,4
0.22887563,0.26026371,0.32959153,0.14245029,0.38999228,0.11444482,0.4677464,0.38015455,0.22199698,0.07699108,0.09621857,0.22431445,0.25802991,0.21581573,0.15465681,0.12053147,0.09420075,0.1263416,0.10072518,0.05587472,0.08879101,0.19728488,0.04731261,0.0821315,0.05392752,0.15965458,0.06688484,0.02700102,0.17062809,0.12036134,0.08834413,0.05359704,0.10011488,0.08725269,0.10225084,0.08252243,0.05063543,0.05146604,0.11351403,0.11258175,0.04670474,0.03772565,0.09289392,0.04754793,0.08895538,0.01832393,0.09268649,0.09757474,0.06159193,0.0490616,0.08583613,0.13256482,0.00632208,0.05911385,0.16984084,0.01974591,0.02250334,0.19859836,0.07576296,0.1596072,0.18631096,0.12738965,0.20124053,0.07686406,0.13147827,0.27641344,0.14471961,0.20659035,0.30625456,0.21065276,0.19653213,0.13982107,0.25988387,0.12228038,0.10866311,0.13303452,7
0.21708191,0.02486848,0.03507501,0.29023443,0.23426365,0.09282861,0.36808482,0.20903888,0.2446118,0.13945808,0.076238,0.05989858,0.12065368,0.21361611,0.08756984,0.05030843,0.14362694,0.11744018,0.05331546,0.14326255,0.04618874,0.09848893,0.04932002,0.08746958,0.10248502,0.05305281,0.06956966,0.00356535,0.11276855,0.01324073,0.05021671,0.07142293,0.04340539,0.04512454,0.05588546,0.04320598,0.02977304,0.05661141,0.03692119,0.03935977,0.0381718,0.08787269,0.0637758,0.00696445,0.04079813,0.10557907,0.07227224,0.03378662,0.04403258,0.03243998,0.05227415,0.05205391,0.0479307,0.06979098,0.03509485,0.05247043,0.048492,0.0827999,0.01899641,0.12933234,0.054645,0.10682226,0.04811603,0.14331111,0.05558121,0.16496019,0.09516979,0.05900712,0.06103058,0.05931265,0.11638148,0.20328845,0.10730845,0.35603833,0.25310979,0.22224172,9
0.28171187,0.5402343,0.24895489,0.18302208,0.20924795,0.33209714,0.24695771,0.39984251,0.25748052,0.31420554,0.14032023,0.10046501,0.09375108,0.12459177,0.27779328,0.15448502,0.0713289,0.15242914,0.18447525,0.18282346,0.19336636,0.11467981,0.08178056,0.06082986,0.17553112,0.17920116,0.09049297,0.02378858,0.13114081,0.1832381,0.12256914,0.11941214,0.10214225,0.10729322,0.14510825,0.17960015,0.11639123,0.06366412,0.05915626,0.13548759,0.19153377,0.0689208,0.06105782,0.1240581,0.08973322,0.04380242,0.05994968,0.08412876,0.11725531,0.08167928,0.03773332,0.09555329,0.10687042,0.09262506,0.06450226,0.04755181,0.11041882,0.02835313,0.04801012,0.12126462,0.16690089,0.07032327,0.06246563,0.07440853,0.14887738,0.07874871,0.1299454,0.11506816,0.15921324,0.1105583,0.03846131,0.05828954,0.10367952,0.25469549,0.28250912,0.39101214,4
0.1062784,0.63809666,0.03766791,0.38395678,0.18840157,0.17022701,0.51813962,0.17116714,0.53050873,0.27525671,0.16267466,0.13973071,0.05920016,0.02813764,0.07614229,0.06660592,0.03007251,0.10045161,0.10930683,0.07422662,0.13288839,0.09125287,0.15607474,0.07442725,0.0745609,0.1830495,0.0429831,0.04087919,0.06542039,0.13414147,0.03387473,0.07149181,0.07857708,0.09798189,0.14056499,0.03270291,0.08165531,0.05424931,0.08357619,0.07909742,0.02215966,0.07874466,0.0581343,0.0727397,0.14919009,0.08270125,0.06595624,0.069802,0.12604371,0.05846333,0.06132528,0.10297442,0.04992936,0.09223054,0.15557648,0.1133173,0.03100277,0.16516445,0.15912332,0.09712825,0.10946914,0.15980078,0.10541405,0.09802705,0.23289617,0.12343083,0.14168848,0.08352013,0.15931517,0.25604898,0.12675625,0.14046832,0.24740477,0.17028532,0.16317764,0.0664337,6
0.0857915,0.14398717,0.18702546,0.40310923,0.16849078,0.11921211,0.29318786,0.02197228,0.33143505,0.18090258,0.10161954,0.08331752,0.12014079,0.04531303,0.12194172,0.0974018,0.08333054,0.11032094,0.13039222,0.03517722,0.06391108,0.10557765,0.10443745,0.02998779,0.01639514,0.01078171,0.0914685,0.06202259,0.04237324,0.04526865,0.03429537,0.08266828,0.04351862,0.05963574,0.09151659,0.06105486,0.04167964,0.03837652,0.07257109,0.06415554,0.05895887,0.00897927,0.0431585,0.01417341,0.05224497,0.01267185,0.02651693,0.09742024,0.0768554,0.07306064,0.11363678,0.10644282,0.06935158,0.10860218,0.09306047,0.03692274,0.03456543,0.06946831,0.03162552,0.07835276,0.06675913,0.15425759,0.14339205,0.02423021,0.13531151,0.16461867,0.11721188,0.08087397,0.12780648,0.0439573,0.03479293,0.06415357,0.10633085,0.32190051,0.03482365,0.31081236,9
0.07689996,0.2198913,0.04418105,0.21188883,0.64683144,0.01765471,0.4364912,0.07238335,0.29243242,0.03194399,0.05117548,0.32941279,0.02442444,0.37118235,0.25278533,0.05665476,0.06705081,0.08738317,0.18854781,0.06340409,0.00982579,0.21257136,0.06579023,0.11130022,0.16177051,0.06586139,0.05133832,0.03243986,0.16794439,0.09059553,0.03841072,0.14821878,0.0748639,0.04589959,0.09395786,0.06797366,0.09261084,0.02723498,0.15844739,0.09625181,0.08373226,0.09504196,0.07825663,0.08811013,0.02639934,0.06073751,0.10756279,0.03048134,0.08846486,0.06353674,0.06191799,0.11059475,0.05488973,0.12203823,0.07543025,0.04426863,0.06245115,0.04534293,0.08902191,0.1569902,0.06329629,0.1886349,0.0643699,0.15005413,0.04449908,0.07609311,0.09192008,0.13805973,0.07225085,0.30790336,0.01465933,0.35645298,0.0312094,0.40117666,0.03433274,0.33996822,1
0.13207547,0.19348324,0.28322064,0.20627175,0.33289003,0.13142325,0.16272214,0.11672166,0.21937298,0.12459887,0.06729772,0.13973165,0.03580816,0.14012592,0.05187652,0.08202632,0.07978171,0.1056655,0.16616746,0.13009824,0.0917318,0.06440424,0.02616791,0.08186032,0.05856671,0.1079459,0.04612703,0.00934498,0.11611045,0.07468315,0.058909,0.06753549,0.07544997,0.0814,0.08126433,0.02084151,0.0429666,0.08073414,0.07020367,0.04977741,0.07223047,0.04190558,0.10425356,0.04264413,0.05388036,0.03369083,0.10088792,0.09048172,0.09377416,0.07997273,0.07400883,0.11313403,0.07469336,0.09294414,0.01660172,0.09262069,0.0267171,0.1457967,0.06379234,0.04968142,0.13184686,0.09193209,0.03514345,0.08489836,0.16582055,0.04740739,0.06236747,0.12125474,0.26431887,0.09938889,0.08379478,0.12400067,0.03039312,0.10381609,0.18836973,0.20860362,2
0.29620774,0.58655134,0.41231919,0.37882264,0.22503808,0.08210812,0.21590137,0.2327678,0.13831678,0.13886749,0.20103425,0.16607249,0.1415732,0.20695192,0.14556106,0.13738401,0.15741205,0.14694335,0.06749421,0.12963291,0.17034515,0.13168636,0.08478153,0.06422007,0.15376165,0.11161421,0.11279108,0.10632901,0.01571048,0.09190565,0.14014476,0.11467038,0.04442243,0.11182891,0.16269738,0.10272489,0.07548608,0.12773775,0.02833136,0.05454496,0.11456557,0.14425957,0.05342743,0.1303329,0.14496798,0.12156935,0.05038173,0.01163495,0.10322145,0.03179174,0.08032265,0.12772217,0.1016334,0.1310221,0.13195905,0.02873915,0.14532796,0.05338736,0.08623331,0.17714902,0.04425509,0.18472094,0.20365029,0.09530011,0.20011479,0.15848889,0.08166373,0.15318019,0.0192801,0.25863498,0.32430957,0.25370708,0.40669528,0.40785645,0.21546494,0.21548818,8
0.1923074,0.57283355,0.35496196,0.35765502,0.11641535,0.17182702,0.11737758,0.20542046,0.22383138,0.1919768,0.02102668,0.21648935,0.07181893,0.12477969,0.11680429,0.17333588,0.08187316,0.16639907,0.09415416,0.04177795,0.15901384,0.12461522,0.12171548,0.08306177,0.13116425,0.0542042,0.16559339,0.03810685,0.12605074,0.15003861,0.1067683,0.07743592,0.12202375,0.02985957,0.09230996,0.13201058,0.05682332,0.06708942,0.06837502,0.07248211,0.09448637,0.08622496,0.02138898,0.05956518,0.17988696,0.04692212,0.09914034,0.06255682,0.12114107,0.14276111,0.01690711,0.01940356,0.04924623,0.11122219,0.0996993,0.11329736,0.10723122,0.03101175,0.04997955,0.16661225,0.10307223,0.12710578,0.14193913,0.0801111,0.03528067,0.14920692,0.24687064,0.11422827,0.21717156,0.12109085,0.14174233,0.02948917,0.31427565,0.44210533,0.12391845,0.35893475,3
0.05985437,0.55046287,0.3404976,0.29937289,0.37639606,0.1957777,0.53129772,0.21996626,0.51621824,0.34092328,0.20848843,0.15873963,0.06305006,0.21293753,0.20995175,0.11364683,0.2626493,0.06557175,0.19811455,0.17421984,0.17276729,0.20931505,0.07291034,0.07234109,0.12192769,0.15161306,0.2265638,0.14399892,0.06949232,0.06697453,0.11137818,0.21308774,0.04989541,0.03555057,0.07791187,0.13802791,0.19744162,0.06124089,0.0380349,0.08168471,0.10423176,0.12402532,0.0393074,0.06311757,0.11547843,0.08879833,0.14331213,0.01860802,0.08587824,0.11755964,0.14562923,0.04306356,0.05463472,0.17209896,0.1753294,0.07733635,0.04246296,0.12625362,0.176086,0.01954569,0.10470983,0.1470695,0.21349977,0.04689196,0.14938751,0.12602094,0.09697733,0.09345678,0.11759044,0.12783815,0.20223377,0.03900602,0.29565112,0.06380134,0.17169371,0.0200598,5
0.30795583,0.50760741,0.33045249,0.32224096,0.17728502,0.2842716,0.36618099,0.36580698,0.1782103,0.27851724,0.17695593,0.04625021,0.10153812,0.29317992,0.23078703,0.14279673,0.14722134,0.14172972,0.20100611,0.12552664,0.10584235,0.14378858,0.08164118,0.14295351,0.10818874,0.12563792,0.08099425,0.01066681,0.16118498,0.12715842,0.15978607,0.04236524,0.05673105,0.11456841,0.122871,0.118239,0.03816501,0.08329005,0.07547015,0.14112107,0.10663337,0.08668011,0.03686181,0.05473039,0.11186689,0.10010215,0.03136587,0.02588867,0.1153622,0.08675321,0.05406615,0.0698129,0.14729205,0.12816016,0.12763978,0.07244704,0.11891643,0.11514155,0.03658344,0.03316272,0.09271248,0.1059426,0.10473917,0.14545806,0.2133298,0.16084912,0.12632275,0.05656422,0.19747254,0.07828807,0.07264717,0.13701039,0.08804952,0.12337547,0.18568921,0.2138371,4
0.27472409,0.20518876,0.21891146,0.08916276,0.2983365,0.15118796,0.39773694,0.41632182,0.2483913,0.06643275,0.07738424,0.26757586,0.29990353,0.07751966,0.03790444,0.18470805,0.04449744,0.2122898,0.12664192,0.15592065,0.08141687,0.15111849,0.05280991,0.04177519,0.10544408,0.14994434,0.06125818,0.06522352,0.14876159,0.11412529,0.04901253,0.06518517,0.1625721,0.03588519,0.05172246,0.03727986,0.15260767,0.0676564,0.17072554,0.04763675,0.14306986,0.0455862,0.11191796,0.02147649,0.04126194,0.02604714,0.11852419,0.10950044,0.06678339,0.13323588,0.09953937,0.08395953,0.12584208,0.07919482,0.10978869,0.06953815,0.11618453,0.09071642,0.04857907,0.07203466,0.07497782,0.0556209,0.05630318,0.10213864,0.06399581,0.04429682,0.16518531,0.24310533,0.1270121,0.25831428,0.28449577,0.12008053,0.31649321,0.29616474,0.05231657,0.17231081,7
0.17413992,0.24372017,0.28640479,0.11563914,0.31934426,0.13966682,0.42689136,0.41364529,0.2095332,0.1745614,0.10482793,0.16559158,0.19271215,0.21730857,0.01044815,0.16985726,0.19014726,0.20583163,0.15803229,0.09014647,0.11920607,0.09585852,0.1379581,0.16198922,0.10170736,0.07254808,0.06533577,0.03360647,0.02751149,0.05238839,0.10858589,0.04211612,0.06090164,0.08324,0.11704831,0.02920283,0.03806179,0.06077984,0.0739342,0.03812826,0.07041847,0.03044381,0.02465694,0.05828645,0.14189761,0.02345892,0.09282586,0.02273954,0.0029998,0.10268127,0.04174039,0.13508009,0.12416725,0.04659864,0.1330676,0.10668945,0.07685592,0.07886719,0.14574098,0.20754975,0.03902388,0.18999088,0.18240508,0.09214332,0.20941677,0.10963518,0.15244208,0.18911044,0.11859547,0.2664514,0.22885276,0.10534846,0.31616691,0.18829281,0.13058588,0.13035639,7
0.25793327,0.2799565,0.33627223,0.18840471,0.28933077,0.22646837,0.39284305,0.31630028,0.23190934,0.11742725,0.05342382,0.22162762,0.33183955,0.12646656,0.10625265,0.13405368,0.06311748,0.12780751,0.12938076,0.14398457,0.06054528,0.14119248,0.00867679,0.06016043,0.08224405,0.18264675,0.07894748,0.04103429,0.04524376,0.16345271,0.0941661,0.15196675,0.0598547,0.0560003,0.08189596,0.18347746,0.08480075,0.0668583,0.08160926,0.16123656,0.10145443,0.1339755,0.06529936,0.04259962,0.03626038,0.0977004,0.03079286,0.09020156,0.12527148,0.02529696,0.09969716,0.01826427,0.06352045,0.10202081,0.0113607,0.13847719,0.12015032,0.05784995,0.13992445,0.09799567,0.10096509,0.12397503,0.05548165,0.13611016,0.12736575,0.08502916,0.19603537,0.19682475,0.17663283,0.25283948,0.18669555,0.12691987,0.28066802,0.21300097,0.00369217,0.11252386,10
0.1464818,0.4367958,0.41326985,0.32754813,0.4819631,0.26432263,0.43132315,0.28901543,0.43272417,0.24864176,0.25410055,0.12413749,0.17023516,0.06501826,0.2191139,0.19909488,0.0420206,0.10926188,0.26058394,0.17249233,0.08758569,0.04450044,0.17790631,0.21479509,0.13823539,0.0179201,0.07969748,0.15903963,0.13447857,0.05338228,0.02053565,0.05831561,0.14980035,0.12882344,0.09235931,0.06703706,0.11230106,0.10762896,0.0936589,0.1185005,0.06705955,0.07636611,0.08508929,0.1245634,0.13551923,0.07889426,0.05868239,0.03344725,0.08675959,0.13988415,0.06371182,0.1188579,0.16627198,0.1313266,0.09306302,0.13433886,0.14315886,0.08080765,0.04229017,0.12494837,0.15370642,0.09625983,0.07193955,0.16143406,0.19471808,0.09956845,0.04468478,0.20239747,0.27675138,0.21627553,0.07940268,0.30615825,0.42038492,0.19740273,0.3150641,0.25497967,5
0.29877247,0.37198515,0.45435789,0.2896589,0.14729334,0.32010589,0.37299005,0.29811012,0.12186141,0.31925444,0.03388163,0.0745181,0.17397081,0.2916673,0.18316258,0.17265255,0.1660928,0.14206011,0.13016751,0.1194662,0.20207354,0.04833418,0.06507334,0.19678769,0.21883744,0.03381585,0.11829603,0.14879855,0.04297036,0.10429603,0.14799674,0.1209381,0.00615913,0.09142381,0.13802219,0.09372979,0.01548305,0.11845588,0.09085003,0.149187,0.0386796,0.10301777,0.08657223,0.05651574,0.13072176,0.12347937,0.06592265,0.04658696,0.14254407,0.08141719,0.03064854,0.0487484,0.15513955,0.09742257,0.07914016,0.0749281,0.10602479,0.16324979,0.08175481,0.08143307,0.25256048,0.13898202,0.05655326,0.0332257,0.19570733,0.14228575,0.05705883,0.13009659,0.13587116,0.02498577,0.09469374,0.13022786,0.14796174,0.10881258,0.16677806,0.02921285,4
0.30938995,0.33714064,0.38142414,0.26532617,0.40150955,0.19020035,0.23850665,0.28220968,0.24911472,0.08433511,0.28053971,0.18239966,0.25733086,0.14003307,0.21224933,0.03540099,0.17908318,0.24830256,0.22311093,0.0684563,0.13411699,0.03425931,0.13805155,0.28692461,0.1796372,0.0268874,0.08580982,0.0661494,0.1527367,0.06839516,0.124985,0.08083785,0.10422673,0.07267335,0.10593752,0.03121969,0.12842309,0.09940774,0.07363903,0.07641268,0.05844915,0.03295881,0.15554491,0.05991256,0.13518595,0.07559551,0.09696643,0.07514343,0.04506688,0.13716073,0.05669382,0.10976703,0.1483727,0.08004298,0.15972241,0.15705895,0.08993008,0.17626819,0.15214063,0.06255993,0.2234741,0.14667559,0.0764362,0.06668783,0.13359155,0.1514539,0.15075772,0.15074826,0.25146973,0.19547197,0.17915292,0.14908152,0.23732281,0.1759058,0.1052106,0.14117075,10
0.26624789,0.28855874,0.0151451,0.10200178,0.15719138,0.09955352,0.71197783,0.28967684,0.27087689,0.07104191,0.13888042,0.20424855,0.16047485,0.52402322,0.16158916,0.1130754,0.1361236,0.03517551,0.11629496,0.12791203,0.09258046,0.14012643,0.07190039,0.1606604,0.0557374,0.14551806,0.08186438,0.14824131,0.08451902,0.0953168,0.11533231,0.08060746,0.12225315,0.0242596,0.11745251,0.07673019,0.1126112,0.03415511,0.08612957,0.11962055,0.07770662,0.07141176,0.04841666,0.10048436,0.06618539,0.10045622,0.05667126,0.08826264,0.07132881,0.10314189,0.07840879,0.04131272,0.10947341,0.07185661,0.10486503,0.06223878,0.1295988,0.08828264,0.05839802,0.07748713,0.1147421,0.09609605,0.0376796,0.08908191,0.03146001,0.07940189,0.1121685,0.14025574,0.09186482,0.16971251,0.22442187,0.19206764,0.24888159,0.22276395,0.11435702,0.11769869,6
0.07749008,0.55727273,0.18494532,0.40655948,0.05753834,0.22602211,0.17735887,0.26435941,0.20493264,0.12560607,0.07739852,0.1237755,0.17325587,0.07124814,0.12457412,0.06357466,0.12441991,0.05600198,0.13024112,0.17549766,0.07695826,0.12954706,0.07222714,0.08024794,0.13598002,0.10866524,0.05992187,0.12405354,0.08823577,0.11591025,0.09819635,0.03692571,0.0845178,0.01430208,0.08814253,0.06670617,0.03581336,0.08379793,0.01729938,0.10026772,0.06370681,0.07014239,0.0453194,0.08354012,0.09502769,0.03962099,0.07179971,0.04861688,0.09661743,0.02926005,0.04455884,0.05863812,0.07119391,0.03464103,0.04204941,0.0358547,0.04809302,0.04033936,0.03264136,0.04197174,0.06348809,0.02897206,0.03594329,0.10443638,0.13976453,0.08156439,0.08490858,0.10252292,0.15999625,0.16117552,0.10110456,0.22583075,0.19695336,0.3134884,0.0809589,0.3650531,3
0.30355997,0.20077136,0.25757946,0.22666087,0.23406089,0.18064365,0.45705951,0.39326039,0.16588192,0.15246631,0.05047054,0.22011807,0.27231517,0.14209477,0.02425256,0.19191719,0.1331027,0.03415903,0.05790584,0.16914552,0.08509731,0.10084293,0.09049382,0.18326931,0.06125448,0.11825326,0.08015717,0.07894261,0.10301365,0.11306082,0.07512948,0.06417519,0.1063368,0.07906072,0.06229099,0.08047127,0.12134413,0.07566088,0.03277687,0.07200211,0.11121813,0.09134683,0.09104177,0.08628656,0.05581866,0.05285441,0.095723,0.03697004,0.08711971,0.0760722,0.05779995,0.124099,0.04953665,0.10433798,0.12241207,0.02205237,0.14352569,0.08552093,0.07421289,0.16546807,0.03988506,0.11750655,0.14607229,0.09539981,0.15622176,0.06698731,0.14898465,0.21546261,0.07366929,0.24542297,0.24646984,0.19355115,0.29121055,0.29511954,0.09355916,0.02943099,10
0.19529034,0.20692467,0.1851576,0.06037428,0.3029042,0.15483379,0.43287887,0.31540245,0.31972716,0.14278667,0.1476778,0.26535905,0.18335411,0.2099595,0.08405151,0.09266866,0.09606735,0.28147385,0.1404517,0.13670734,0.04764926,0.1667328,0.09696617,0.11418938,0.05483487,0.12839106,0.07546727,0.09710379,0.08669104,0.07333732,0.12906082,0.11294426,0.06800388,0.00926901,0.10721206,0.0964669,0.09765261,0.0216378,0.13211179,0.06749627,0.09973596,0.06951565,0.07159273,0.09104852,0.0725217,0.04014691,0.10903262,0.11997579,0.04878049,0.13466492,0.12194019,0.09406825,0.09271099,0.12961375,0.12677125,0.09707904,0.13622292,0.13448802,0.07760026,0.09789527,0.11972693,0.12833436,0.14211746,0.08969827,0.19219637,0.13579764,0.07769149,0.07954096,0.08173738,0.20924217,0.19994527,0.13161093,0.33984505,0.23310315,0.17351785,0.20121095,10
0.14679798,0.14784497,0.46837877,0.0799971,0.29274162,0.26862252,0.45321887,0.18327862,0.22307331,0.11147625,0.2642217,0.22834393,0.13213764,0.22722953,0.00742947,0.0254343,0.12768088,0.28035055,0.09242291,0.23207917,0.12590792,0.12288328,0.10267924,0.15034718,0.07278483,0.11737904,0.11336446,0.02608596,0.15315454,0.13159037,0.15717266,0.1192364,0.04168097,0.0245168,0.11336731,0.05589216,0.13584841,0.11187661,0.0442144,0.14131545,0.06540227,0.04816229,0.09367048,0.11789346,0.15347569,0.09053938,0.04854694,0.09093623,0.11820879,0.05700427,0.11319297,0.14832427,0.12667355,0.18964577,0.1285258,0.05121341,0.05225235,0.10923026,0.11252172,0.07201393,0.19606045,0.09951321,0.13117833,0.0894875,0.08793066,0.03797204,0.14380259,0.200879,0.26623773,0.24272609,0.14200251,0.09571417,0.15734543,0.23182201,0.2297945,0.11561031,7
0.20594332,0.50401186,0.44455094,0.23110176,0.37584015,0.21096281,0.3194305,0.46213126,0.27104287,0.18965741,0.11862499,0.22087122,0.11594044,0.16330455,0.01328531,0.16645365,0.09315317,0.05052127,0.09264005,0.1183242,0.10104303,0.10988935,0.05940784,0.16048847,0.12939388,0.16143376,0.02651359,0.14418448,0.05597293,0.17722155,0.02411375,0.09017175,0.07283194,0.07394439,0.07379642,0.04701814,0.10780643,0.09425379,0.01883649,0.03538854,0.11372513,0.11470522,0.02689433,0.08155918,0.12020587,0.15422452,0.07895977,0.01096724,0.17142756,0.12671892,0.04185381,0.10783156,0.14333612,0.05368369,0.09378295,0.19075212,0.07146567,0.06120005,0.22706826,0.17542775,0.03007919,0.25435912,0.2468558,0.113703,0.24108824,0.25552517,0.18783544,0.07909338,0.26821007,0.30272337,0.18406461,0.12437581,0.41135709,0.27107766,0.209206,0.17860629,5
0.08686718,0.17166818,0.14581847,0.24073994,0.56069808,0.03829524,0.40723979,0.14599468,0.34482617,0.10821511,0.05501556,0.20530968,0.10507658,0.30235567,0.17410972,0.0172072,0.15788736,0.0881505,0.02971844,0.10000215,0.0506602,0.09626765,0.06168762,0.16000745,0.09296789,0.01385496,0.1072186,0.0745197,0.03737434,0.08780397,0.05362923,0.06174989,0.03017839,0.09585722,0.06206188,0.01418094,0.08690967,0.06118979,0.03421488,0.07355336,0.05301259,0.04897925,0.02638376,0.0917618,0.03764554,0.04869184,0.04509114,0.10398731,0.04749579,0.08838754,0.04125398,0.05617622,0.03633501,0.07600885,0.04261237,0.13840338,0.04450593,0.10837928,0.02575834,0.07166925,0.02597137,0.13108041,0.01007751,0.2127819,0.02802716,0.16626384,0.05531955,0.04969384,0.03947293,0.23058743,0.0415736,0.34762525,0.02065116,0.43604038,0.11143377,0.31895451,1
0.18972555,0.44057083,0.47328648,0.14319357,0.34429865,0.08235278,0.18980965,0.4032414,0.07316714,0.10095112,0.15542196,0.15674674,0.10724487,0.15198862,0.08566601,0.11306012,0.13154648,0.1079896,0.02806957,0.12987837,0.08374466,0.07448025,0.03259413,0.0681585,0.06288782,0.10688866,0.08409187,0.05233102,0.05453647,0.10217554,0.07158439,0.07045807,0.03154605,0.09852614,0.09475169,0.1149484,0.03619247,0.04441578,0.06676189,0.11380323,0.04937738,0.03632804,0.06197516,0.06198672,0.11003384,0.08076915,0.07876173,0.05336194,0.08252188,0.07540104,0.07703242,0.06396137,0.08886232,0.09639928,0.06287654,0.04609833,0.09808951,0.06575594,0.09831434,0.18894713,0.06606346,0.09623213,0.15301672,0.13198259,0.12470039,0.15536552,0.25051473,0.17651076,0.09956596,0.28539391,0.15315343,0.20558326,0.42057317,0.24735395,0.04985474,0.26468685,2
0.16528573,0.38519708,0.31967415,0.11220253,0.40145176,0.28907504,0.3676803,0.24073419,0.46110146,0.13298981,0.27272091,0.15119779,0.10278112,0.1837039,0.22742275,0.17110429,0.11818559,0.1301579,0.08556251,0.05007957,0.13738322,0.21564774,0.06706632,0.13296932,0.06301746,0.19437518,0.10569074,0.04930664,0.02665931,0.03680051,0.08571535,0.11412527,0.1362354,0.07210826,0.05220336,0.06669734,0.13616432,0.04063647,0.04981841,0.08138633,0.00841701,0.10363795,0.07825455,0.07124513,0.09205494,0.09741917,0.04633082,0.07960906,0.15356236,0.1524587,0.08703386,0.03319011,0.10118095,0.08929763,0.07345456,0.07040569,0.0752372,0.1839765,0.15902697,0.06537648,0.05911894,0.12743994,0.08919164,0.00731412,0.0626715,0.12736895,0.19038081,0.14093465,0.03638709,0.14155834,0.28378947,0.24257026,0.33749857,0.08274497,0.13958635,0.28865549,10
0.2852399,0.61222966,0.3945992,0.37538685,0.18289326,0.10019802,0.16250352,0.27786646,0.05660121,0.1759344,0.10870793,0.17425807,0.04386663,0.12639886,0.10783691,0.17626417,0.12238955,0.15490159,0.1199646,0.14801087,0.14398061,0.1161213,0.07764203,0.06694479,0.15789363,0.10910218,0.11495734,0.05399575,0.10826507,0.11193687,0.13617849,0.03873357,0.10452249,0.06850846,0.13427162,0.06170809,0.10009709,0.05948785,0.07232351,0.08843372,0.09363583,0.05374099,0.08645612,0.10078863,0.09187009,0.14864473,0.10233916,0.04505074,0.14800188,0.05980585,0.08293838,0.13644186,0.12061955,0.13703594,0.14443553,0.12712669,0.14444635,0.10271664,0.04942269,0.07615999,0.08487731,0.09923787,0.21363494,0.15856759,0.17927338,0.21262098,0.08586924,0.08537737,0.07805777,0.1413954,0.31497204,0.1857103,0.37792776,0.39146891,0.27917239,0.20356778,8
0.09567463,0.3874988,0.40825266,0.21936724,0.52662739,0.18508977,0.45426882,0.33725038,0.32369239,0.36825839,0.03023045,0.11612561,0.32897947,0.18677544,0.23327896,0.11810827,0.0820234,0.25698993,0.14455327,0.1879003,0.12860893,0.17954923,0.19291935,0.09666777,0.06406313,0.16116125,0.12028498,0.14937957,0.14892661,0.04446819,0.13506673,0.12579275,0.10140905,0.094343,0.02718478,0.12572694,0.11344806,0.07349232,0.10678819,0.07054172,0.09626139,0.06126579,0.07141351,0.11996082,0.04541746,0.11198096,0.09163412,0.06799064,0.05941716,0.1256107,0.05441061,0.12474669,0.06765507,0.06765189,0.06221509,0.12936318,0.09852611,0.07048843,0.04748469,0.21392726,0.13358369,0.08656844,0.12564944,0.21012307,0.18492368,0.12964252,0.06641102,0.18630069,0.22690693,0.0896783,0.04217205,0.21517404,0.32938593,0.10650346,0.21936724,0.10228415,5
0.31611575,0.22415915,0.35062521,0.18445992,0.37381114,0.13611552,0.37139654,0.43398981,0.23989214,0.01473568,0.15670459,0.18330252,0.24340566,0.17118159,0.16531957,0.13636345,0.10418085,0.20873477,0.06963228,0.09602727,0.16149367,0.19741595,0.04285554,0.03004144,0.15844607,0.13055362,0.14709503,0.11206068,0.15687349,0.10127145,0.17973647,0.03006526,0.02527133,0.10689826,0.19329006,0.01271952,0.0471328,0.09735486,0.08316758,0.04642669,0.06867208,0.05837545,0.08469721,0.09231312,0.19537751,0.06381072,0.10794965,0.07591971,0.07725538,0.1226407,0.08644017,0.11374223,0.14653252,0.08739423,0.13872146,0.08328946,0.08246475,0.16941449,0.09019896,0.16559514,0.16699314,0.06772918,0.17691165,0.20695051,0.05307339,0.2297775,0.2372223,0.16021005,0.25003102,0.32389126,0.14477114,0.02271937,0.26670605,0.18972282,0.06017898,0.05056618,10
0.10623475,0.41659449,0.37731868,0.27630947,0.23602148,0.2338249,0.07247652,0.26573491,0.25954217,0.16480924,0.15189822,0.2053158,0.02510156,0.21892172,0.15319821,0.15359742,0.0988468,0.15646794,0.01432656,0.0976217,0.16283334,0.0641912,0.09642292,0.03304832,0.09065261,0.02993162,0.09009324,0.06107346,0.12746544,0.05082655,0.10294797,0.05524043,0.08437976,0.00861683,0.09923047,0.11039513,0.09695805,0.06825559,0.0566062,0.11802511,0.04821586,0.06767831,0.05681345,0.06752105,0.12191965,0.08234918,0.09034915,0.05047481,0.09285843,0.03397402,0.04547636,0.13884927,0.00702759,0.12545724,0.15212532,0.08004036,0.1386182,0.11236128,0.17306077,0.04381937,0.19962758,0.10943746,0.05010255,0.03691482,0.12056225,0.09244376,0.12371101,0.17620716,0.01608849,0.09055509,0.23127659,0.20912903,0.33821699,0.430516,0.11031993,0.38146164,3
0.12268354,0.08967381,0.10341882,0.2198697,0.1207979,0.08368904,0.39079794,0.13369858,0.37171355,0.07021372,0.07310441,0.09035609,0.05221984,0.20918515,0.04558618,0.08266562,0.04785387,0.02279069,0.14679458,0.0526762,0.06892403,0.03671864,0.03593888,0.05527833,0.02939154,0.07282397,0.04843796,0.04449561,0.06575637,0.04989551,0.08305611,0.05248055,0.03575992,0.06781772,0.08928672,0.082724,0.02573105,0.03951467,0.01445929,0.08137076,0.06470135,0.05296626,0.06132303,0.03091687,0.07800526,0.06231476,0.04346509,0.02571795,0.07516812,0.02142534,0.04338034,0.00647796,0.07073022,0.04471219,0.04789655,0.04920203,0.08204766,0.04910113,0.02955489,0.09678546,0.07953894,0.04490112,0.0209922,0.05453889,0.07059639,0.06739237,0.03352582,0.14363298,0.07210296,0.09045094,0.05992853,0.18594054,0.07827567,0.39766679,0.07602306,0.36650611,9
0.27224722,0.55818699,0.39444111,0.28222088,0.20251639,0.15284848,0.19157848,0.33853332,0.20345664,0.12856203,0.14170895,0.22473363,0.17852134,0.16770499,0.11406401,0.17095048,0.11220712,0.16000709,0.06969213,0.08643352,0.11177628,0.13686507,0.09360347,0.08865304,0.14960795,0.09465552,0.07198288,0.078752,0.0834237,0.0859769,0.0733493,0.04638057,0.08706825,0.08201142,0.06908545,0.08577508,0.0944573,0.0507954,0.09029703,0.10540242,0.06122187,0.05395586,0.08302231,0.07221595,0.11161083,0.06511292,0.03687008,0.04807239,0.07620484,0.08584865,0.11903251,0.15245029,0.13361631,0.13439446,0.10031369,0.02906146,0.07230337,0.0268233,0.10813462,0.12549097,0.11567728,0.11046234,0.16689866,0.13809077,0.11106195,0.17039732,0.05209349,0.10761268,0.07356533,0.15725723,0.32090879,0.29109616,0.37450825,0.48152044,0.25963802,0.28564864,8
0.05234681,0.17682664,0.08435947,0.27157672,0.56392276,0.03680276,0.40815361,0.09969701,0.40770894,0.11595136,0.03433357,0.20807231,0.05891609,0.34646266,0.19270785,0.0304493,0.16726211,0.04728784,0.03771102,0.11217766,0.02802678,0.11432266,0.05164893,0.16029869,0.12007917,0.02756106,0.13131283,0.04242981,0.03520747,0.10620166,0.03317007,0.08649933,0.02587273,0.14751236,0.08885318,0.02742939,0.11968881,0.03493647,0.05534954,0.09846692,0.03564975,0.07775549,0.02506755,0.11753287,0.03751241,0.06962323,0.02281919,0.10139101,0.03074255,0.10165542,0.05183361,0.04833168,0.0386475,0.08967555,0.03800044,0.09521304,0.02662805,0.10015091,0.04357301,0.08287094,0.02128058,0.14017381,0.05059584,0.17349351,0.0114739,0.14419909,0.03240229,0.09085702,0.02039896,0.25272686,0.0304914,0.38403381,0.02152616,0.44515163,0.06620908,0.33644495,1
0.14914902,0.14728993,0.08477307,0.45897365,0.08520158,0.06321913,0.25615763,0.05396127,0.25977963,0.12214386,0.0625207,0.14351602,0.02892874,0.07751828,0.13916336,0.12671847,0.02600763,0.03262719,0.01040911,0.11395078,0.14895121,0.09679618,0.06779923,0.06286811,0.05981204,0.11314604,0.14393828,0.08636878,0.02492645,0.01171105,0.04482625,0.09656513,0.10610435,0.05477733,0.01179612,0.06048434,0.06476084,0.06012358,0.05324521,0.02851304,0.09081162,0.10007461,0.04142837,0.02000869,0.0472015,0.07005489,0.02684805,0.02437366,0.02126206,0.05072616,0.02550984,0.02590177,0.05880968,0.05426836,0.04530871,0.04365233,0.04679969,0.08709645,0.07244936,0.04696933,0.05485202,0.06706996,0.09151804,0.02056188,0.07107738,0.04071,0.10352851,0.05813893,0.0764715,0.03306527,0.17490344,0.15144792,0.1195876,0.28522717,0.12831581,0.30780787,9
0.2797301,0.59153987,0.29454477,0.4133152,0.12706868,0.26837593,0.44556486,0.24201752,0.41926841,0.18282572,0.13477436,0.13236547,0.2214831,0.15935645,0.20798771,0.05172511,0.08441194,0.20054918,0.0653906,0.19491431,0.0492937,0.12729472,0.15075147,0.02276816,0.15895447,0.04688952,0.12636013,0.11415391,0.06179515,0.1488879,0.05788368,0.12951185,0.08087799,0.05826797,0.12468816,0.05812318,0.12441143,0.09018096,0.06236869,0.1193717,0.07588194,0.12799271,0.09882664,0.05599719,0.13287548,0.13843356,0.11518116,0.07394383,0.16945225,0.11032817,0.10423645,0.03644639,0.17314775,0.12131575,0.07260894,0.04872807,0.17833369,0.1028349,0.05139594,0.01478447,0.13626137,0.10292471,0.01522574,0.03821099,0.12714663,0.03886737,0.02652173,0.07318829,0.13602933,0.02817841,0.01222812,0.05510705,0.13665675,0.09866577,0.01123083,0.0907289,2
0.19237413,0.56146351,0.3122255,0.38641396,0.15920604,0.184898,0.12710911,0.15351309,0.21027947,0.2348888,0.05065633,0.22600597,0.12071693,0.09863045,0.12360764,0.19345183,0.13305169,0.14651334,0.18353423,0.09337575,0.16912842,0.0863557,0.17251651,0.04704829,0.14048804,0.04354642,0.15297654,0.02060889,0.13006815,0.07974039,0.08748275,0.0580748,0.13213919,0.03662604,0.02290719,0.08346252,0.08880365,0.07689598,0.0981451,0.07371239,0.0706674,0.13699139,0.06480609,0.11411229,0.06086037,0.01469104,0.09735948,0.12912835,0.05399555,0.10852208,0.06195729,0.16688311,0.060861,0.12289543,0.12578476,0.02599131,0.10055,0.10133495,0.11514773,0.13000808,0.17524252,0.07303185,0.04727462,0.10206394,0.13297126,0.14231726,0.19589466,0.15992544,0.12463004,0.05200538,0.24471857,0.14135922,0.30959091,0.5325156,0.09144575,0.45723014,3
0.06025915,0.31675526,0.32385302,0.14249444,0.31283488,0.34466766,0.54980085,0.11682905,0.28210069,0.06403317,0.2161446,0.43791668,0.26706296,0.24849204,0.2317,0.15804543,0.37480536,0.15384987,0.23440124,0.0666638,0.10512472,0.06990893,0.10985781,0.30856837,0.17844228,0.22040162,0.13001032,0.07209223,0.27916289,0.04616946,0.09821004,0.08864815,0.0936852,0.11097921,0.15580873,0.10026812,0.06843597,0.16334217,0.16301027,0.10023952,0.10328636,0.00411104,0.09374367,0.17076663,0.10711336,0.13370374,0.1075143,0.12515972,0.11598867,0.1663288,0.09489338,0.16073835,0.07165967,0.08388092,0.06272992,0.04288023,0.19451947,0.19429156,0.17752213,0.10209566,0.04172727,0.10842067,0.11353344,0.11856981,0.23294377,0.13088461,0.16610632,0.0745558,0.22792475,0.20252744,0.08544461,0.13148198,0.25620438,0.09762828,0.08643678,0.00457179,6
0.14300058,0.31934991,0.51702372,0.22764542,0.05018064,0.10859748,0.11425468,0.29105617,0.15043334,0.08694483,0.07089506,0.12932932,0.0968572,0.08769593,0.1012905,0.08656503,0.14095534,0.03702095,0.09787406,0.09338687,0.10718758,0.09075071,0.05386067,0.08048979,0.08722287,0.10578131,0.06896108,0.04428859,0.02689834,0.10279253,0.10431462,0.07007405,0.00870944,0.03042028,0.11719225,0.10114187,0.06312131,0.02021053,0.01236056,0.11479217,0.10485083,0.04937934,0.0126029,0.02454189,0.09066054,0.04947446,0.04554155,0.00987423,0.08558917,0.03489725,0.0225368,0.01412913,0.08803189,0.02529278,0.01610035,0.02252368,0.08964892,0.02526122,0.0110042,0.00423469,0.07753686,0.03175901,0.03251389,0.00919123,0.08402651,0.07701329,0.09055302,0.07926307,0.13273435,0.06458169,0.13810323,0.17359446,0.23798017,0.26390167,0.23562517,0.17070582,2
0.10680578,0.52676752,0.08635152,0.20493749,0.21386213,0.08944819,0.46262132,0.02021743,0.57657398,0.16242754,0.09206215,0.18324839,0.09799592,0.11720099,0.10767005,0.0568815,0.17262756,0.09444475,0.17526416,0.10911842,0.08012222,0.15065534,0.10019919,0.05848552,0.15876224,0.12966182,0.10705057,0.11082038,0.07509359,0.19956279,0.16830656,0.07710414,0.06942881,0.02515512,0.21257128,0.18227812,0.0554336,0.04142228,0.00991403,0.19996291,0.16556696,0.05542938,0.0327523,0.02655629,0.14014127,0.09941702,0.10152286,0.0429029,0.18095927,0.1102817,0.09178231,0.04217071,0.19634332,0.09275808,0.04060297,0.00325748,0.17885096,0.05300877,0.00987668,0.02728264,0.13571365,0.00862092,0.04329396,0.06932479,0.08899109,0.06147162,0.08204118,0.09164706,0.07894357,0.14921,0.09841559,0.11545604,0.07919705,0.19402164,0.05014141,0.16930856,6
0.07100751,0.10127753,0.07075081,0.30614145,0.56187061,0.03501044,0.43399544,0.02349922,0.36575782,0.10026233,0.05721485,0.25327084,0.00241142,0.38009282,0.16631845,0.04340084,0.14569145,0.0441344,0.09996575,0.08845048,0.06083163,0.12120235,0.0404625,0.18806956,0.07906832,0.05660328,0.10827992,0.08127135,0.08105936,0.07468641,0.06715124,0.08071697,0.0229679,0.12041145,0.05294876,0.06037195,0.07640342,0.06386818,0.058319,0.06381833,0.05350662,0.04642369,0.05358676,0.07779841,0.06342286,0.06833787,0.0249357,0.03555782,0.05111832,0.05148822,0.09116614,0.09521148,0.07443934,0.06944919,0.0809018,0.03081843,0.06674104,0.072289,0.10549467,0.08982081,0.09613574,0.08781268,0.07821259,0.1235549,0.06558604,0.11173744,0.13800176,0.0484137,0.09990191,0.21812988,0.10646784,0.32562871,0.05978287,0.41094744,0.07426863,0.38503389,1
0.22377353,0.04435463,0.02648217,0.13839511,0.14397878,0.09537544,0.4337198,0.19268168,0.29189631,0.03417003,0.10073978,0.05403785,0.08983033,0.22326806,0.08159402,0.07331374,0.04124195,0.06824875,0.12747447,0.10922119,0.01246623,0.04982259,0.08771253,0.05142418,0.06093827,0.02971528,0.0688944,0.0772879,0.05471893,0.03028311,0.04754962,0.06138587,0.02378352,0.04182561,0.03671719,0.0758846,0.01399889,0.0515982,0.05718168,0.0631809,0.06944443,0.00931783,0.07041732,0.04596774,0.06659955,0.05391095,0.05687072,0.04899043,0.07895449,0.06545782,0.08517879,0.06893349,0.08462538,0.08855012,0.05512225,0.02788645,0.06018739,0.09858606,0.0421921,0.0233781,0.03244093,0.06326812,0.08071056,0.02174729,0.06313753,0.03005052,0.08000554,0.06667839,0.10669801,0.03772199,0.06476369,0.28241986,0.10168904,0.40046175,0.19667403,0.28762735,9
0.30838223,0.56905553,0.30516535,0.34755083,0.2291319,0.28057832,0.50228612,0.40635057,0.31479763,0.25806079,0.10998115,0.04242478,0.35141546,0.28303311,0.17187758,0.04092208,0.14326916,0.2121996,0.07744254,0.01862897,0.01365118,0.21100385,0.16910002,0.11960287,0.06044875,0.06860265,0.12031209,0.18895119,0.11720121,0.01394518,0.08415055,0.099315,0.10373866,0.05842798,0.09103969,0.11180827,0.12259534,0.0515249,0.03457865,0.13124272,0.09609532,0.07052203,0.03082597,0.0768668,0.04411738,0.03426194,0.13839702,0.1274949,0.03578667,0.09004667,0.09982731,0.13190247,0.06200735,0.1323248,0.19175896,0.11954406,0.10639353,0.17110528,0.16963433,0.14996646,0.13113332,0.11513622,0.12061309,0.04550469,0.14271454,0.19008442,0.11700389,0.09876692,0.20382785,0.19397502,0.11857997,0.08902921,0.1533776,0.05828059,0.1182583,0.12858142,4
0.09860516,0.63424056,0.09027937,0.43549383,0.12497187,0.16157964,0.11602931,0.08491767,0.16865466,0.05824175,0.15646958,0.01044534,0.13356921,0.09750009,0.05412807,0.13542306,0.0708115,0.1071123,0.05792305,0.11872354,0.12169565,0.13955309,0.0878399,0.05928678,0.15080164,0.11831505,0.13533104,0.06626758,0.08292898,0.14379255,0.10951496,0.08649021,0.03170078,0.05857286,0.1140971,0.0813034,0.06696493,0.02759061,0.02409581,0.08821292,0.04278656,0.07672928,0.04889662,0.05560849,0.12686721,0.09863489,0.09259862,0.00965741,0.15612841,0.09615058,0.08263944,0.06242683,0.15090707,0.06136053,0.02341721,0.0829954,0.11936243,0.00982581,0.08324609,0.11716815,0.07646568,0.07665951,0.10416242,0.11725612,0.08735847,0.18482617,0.11406366,0.05151649,0.12214228,0.32105,0.08293781,0.14720986,0.14204185,0.41991029,0.15185115,0.44951167,3
0.33197028,0.51176355,0.31067635,0.25417721,0.29418259,0.38906986,0.34508602,0.31832213,0.04622034,0.34932137,0.16446232,0.14690487,0.41727575,0.22129499,0.16341854,0.28218777,0.06023863,0.07784195,0.27207543,0.25713348,0.0577747,0.0885344,0.20647249,0.07584922,0.14705554,0.18260328,0.13245927,0.09674648,0.19696699,0.24746745,0.06542581,0.02806885,0.21060067,0.10279831,0.13195345,0.12013656,0.12795384,0.09653103,0.16702641,0.18880529,0.03822101,0.05751249,0.20576633,0.11136117,0.1535298,0.07688208,0.09072955,0.03131578,0.16729439,0.10616013,0.01678832,0.07211604,0.15176324,0.07649838,0.07602125,0.05773618,0.22855753,0.11094866,0.02316779,0.06895262,0.10237797,0.10587396,0.03597414,0.06583004,0.20821117,0.06628619,0.06883353,0.06281366,0.16751702,0.18343662,0.10886831,0.05875253,0.16168559,0.21042007,0.25582905,0.29276879,4
0.24050418,0.18352532,0.23735259,0.11156962,0.30508964,0.18274928,0.47059856,0.37918565,0.20334824,0.06705989,0.03724748,0.28298186,0.23701528,0.21797531,0.01668694,0.19231822,0.02569487,0.13884769,0.16260067,0.17809585,0.09197077,0.08662995,0.11823438,0.01908698,0.1038178,0.13162627,0.08949524,0.08474595,0.08604368,0.11937746,0.06549545,0.0742792,0.14963242,0.02364253,0.06431215,0.08327485,0.14622948,0.03324742,0.08061951,0.05705305,0.16479714,0.05330563,0.08161831,0.09557882,0.05710152,0.11173158,0.15907644,0.08456568,0.12564256,0.14234299,0.04841444,0.03836405,0.1391583,0.08746829,0.07215059,0.04302025,0.13481005,0.0679044,0.07381436,0.10252587,0.04107378,0.0964313,0.10005836,0.15372961,0.09826839,0.11401544,0.20311632,0.22566667,0.15679819,0.30045899,0.2160186,0.11623191,0.29896925,0.27362923,0.02197603,0.1290184,10
0.32195697,0.31493236,0.31142417,0.17746366,0.54879282,0.0323569,0.33021666,0.34623153,0.33443496,0.27003878,0.36391618,0.19281638,0.09264947,0.15645626,0.16469945,0.1833374,0.23066945,0.2957615,0.04240895,0.26961228,0.07571392,0.14777548,0.27104441,0.17023668,0.17974957,0.19698166,0.01882835,0.22158782,0.27849927,0.09434952,0.15381016,0.12231514,0.0793012,0.27231028,0.18479911,0.08547555,0.11711738,0.18186096,0.14544538,0.12780115,0.10728488,0.01633876,0.23553934,0.1748258,0.10438965,0.02300867,0.12847106,0.07157564,0.05874573,0.12359028,0.14778599,0.00808811,0.12145626,0.16410531,0.09707972,0.08730139,0.20337827,0.05769799,0.07862566,0.10453275,0.10763934,0.12807815,0.18349677,0.13037832,0.19078456,0.23642139,0.17834986,0.17041717,0.38543418,0.10787343,0.20842864,0.16190731,0.17754801,0.1279443,0.08800604,0.1412516,10
0.31735741,0.33195848,0.31417914,0.20127838,0.48789856,0.11237555,0.26564096,0.29752377,0.35658371,0.16264585,0.33647186,0.21089058,0.15228747,0.0645616,0.1601587,0.09317796,0.24074086,0.30414204,0.12013693,0.08907741,0.02455612,0.04208211,0.25670071,0.3004374,0.08821727,0.0821161,0.0232675,0.06197677,0.23721312,0.09131742,0.11768451,0.04602928,0.05463026,0.11225569,0.04827835,0.09768054,0.16540614,0.01009642,0.05243268,0.04876434,0.05064835,0.12305803,0.13670592,0.01953813,0.09283718,0.06384687,0.06655797,0.18284084,0.08077318,0.02979358,0.16917828,0.23393506,0.04938725,0.16448859,0.18643845,0.14200747,0.11760353,0.16980946,0.11517505,0.20364665,0.16429087,0.1337333,0.18804288,0.17905534,0.09668157,0.33104373,0.21484385,0.07533573,0.31741387,0.20828425,0.1406948,0.1274663,0.22029973,0.13835929,0.04657082,0.16432978,10
0.1190455,0.13273623,0.10094467,0.41194519,0.16721774,0.12436218,0.30832589,0.13959769,0.31384732,0.12590942,0.09308963,0.09577296,0.12288297,0.10746983,0.06704759,0.05997897,0.05751448,0.12283504,0.10425444,0.05759456,0.05660155,0.0966472,0.10466996,0.05555042,0.08400015,0.07248001,0.08094533,0.05754458,0.05129099,0.08235746,0.0561105,0.05920745,0.02153837,0.06137852,0.06174805,0.04570948,0.05464613,0.0226899,0.0412475,0.04454255,0.05833336,0.03554852,0.02421047,0.04152768,0.04868017,0.04090328,0.04589427,0.03338463,0.01761169,0.02838815,0.02853605,0.05049398,0.01285295,0.01787372,0.01506713,0.0743775,0.03690519,0.05611066,0.05341487,0.10853085,0.0678782,0.12112689,0.12575799,0.07931339,0.10298104,0.1476775,0.14181526,0.07161005,0.11239427,0.03460401,0.02513529,0.15336985,0.09774353,0.32990623,0.0862041,0.37108738,9
0.14763923,0.43557567,0.43033634,0.12385192,0.3737568,0.09953121,0.34050166,0.3795104,0.14862526,0.07738359,0.28351888,0.06503542,0.29913826,0.11077378,0.13091987,0.08817616,0.15327156,0.03044754,0.16763443,0.16730192,0.08832543,0.06777963,0.10897193,0.01006488,0.05083004,0.07538008,0.15099141,0.01806816,0.15412708,0.07805665,0.11150612,0.04870829,0.17069182,0.03705083,0.05176991,0.11603565,0.11784883,0.04529634,0.08562882,0.13616164,0.07327972,0.06411161,0.0886615,0.00869971,0.05464334,0.07393912,0.05843922,0.09034759,0.10587009,0.06769284,0.04214407,0.11878122,0.03961279,0.07323415,0.1537065,0.07070617,0.14524814,0.11733711,0.07353627,0.0351687,0.04700756,0.15260825,0.10717683,0.11905699,0.15317975,0.09605145,0.06414229,0.18436249,0.10810862,0.13287864,0.28116565,0.25375816,0.40630524,0.32465405,0.06827554,0.38658384,3
0.25274777,0.53987734,0.24809288,0.29436779,0.27263323,0.2710887,0.52786177,0.29590482,0.27948005,0.33485147,0.02272624,0.09301566,0.37680702,0.20737133,0.1066645,0.10222538,0.25605856,0.10767704,0.02796679,0.14464765,0.16739902,0.12156464,0.18780472,0.1285913,0.06431609,0.08550308,0.23834378,0.09853568,0.09597419,0.03337199,0.16576352,0.12925063,0.08160632,0.12724187,0.09219945,0.17985571,0.15396064,0.05265861,0.12448975,0.13807969,0.15187734,0.1304004,0.07193311,0.06905934,0.08440636,0.1131844,0.17165727,0.03748782,0.05994697,0.18012567,0.0881112,0.08981254,0.15657279,0.14154087,0.10881995,0.05853775,0.20601926,0.19581232,0.08151443,0.04925108,0.15317287,0.19249642,0.0834833,0.10399692,0.23704755,0.08848696,0.06097383,0.04069056,0.18812548,0.21441412,0.07981552,0.04600367,0.17654524,0.18715423,0.20287272,0.20544227,4
0.20697184,0.72003838,0.19892569,0.60882998,0.05910267,0.16989123,0.1617217,0.21257146,0.17748729,0.08539506,0.10708239,0.15990482,0.14422194,0.12613326,0.10844292,0.11931784,0.16165122,0.08438509,0.06335185,0.12297116,0.12342122,0.15520291,0.10880642,0.07766804,0.12770897,0.14305234,0.13109256,0.11132135,0.03544027,0.12380939,0.14675169,0.10781763,0.07618562,0.04926139,0.1141539,0.14339851,0.10349188,0.0706732,0.06600337,0.10257101,0.13308121,0.11097586,0.07420859,0.07881077,0.0616632,0.0782834,0.06774179,0.05697324,0.07452809,0.06811813,0.04802769,0.06209692,0.09258418,0.06873976,0.0417444,0.04982413,0.10841086,0.07197658,0.06267176,0.04705622,0.12978893,0.09606308,0.04568505,0.07131379,0.1499907,0.11010723,0.07394651,0.07765968,0.13428998,0.14054487,0.06456623,0.08756486,0.18880556,0.22997926,0.24489832,0.3070766,2
0.20022964,0.18326597,0.57475285,0.33908343,0.16069433,0.17464064,0.1957652,0.33933121,0.2430733,0.17586596,0.11846345,0.08657795,0.07385966,0.17765835,0.14803536,0.13589834,0.03430404,0.07857335,0.13501875,0.15245359,0.11320914,0.10186287,0.05134782,0.09193529,0.13594739,0.1502807,0.10152057,0.01528092,0.07402659,0.09299828,0.16285442,0.09068267,0.02173937,0.03630387,0.09763066,0.12465547,0.10029923,0.02970444,0.06749412,0.09936011,0.10664124,0.09521269,0.05433494,0.06103613,0.02906038,0.02905175,0.07634588,0.05660784,0.06240757,0.01923887,0.0666465,0.05445037,0.07523845,0.01056798,0.04636163,0.07707093,0.07580372,0.01582262,0.04762278,0.07244611,0.09991465,0.01422808,0.08301308,0.08996855,0.0656606,0.05944379,0.07530156,0.11661217,0.08503941,0.02812394,0.06126702,0.10771455,0.18843561,0.17969876,0.2646802,0.26550256,2
0.28359402,0.52788643,0.39652332,0.20522949,0.23158007,0.13926829,0.24718834,0.39829552,0.2714558,0.12054171,0.17778298,0.20496983,0.15938995,0.20252685,0.11534544,0.13081068,0.09155261,0.12699927,0.07837548,0.08985645,0.09716556,0.08807757,0.04233389,0.12323723,0.12543114,0.05837046,0.04951516,0.08620501,0.05180862,0.02319856,0.08821553,0.07376167,0.0298052,0.07178452,0.12193758,0.0316562,0.02540575,0.06467474,0.08584341,0.00658201,0.03968913,0.05210343,0.06645486,0.05312244,0.12385643,0.13302669,0.03699502,0.03733136,0.05598045,0.04906128,0.1232475,0.17532494,0.1134728,0.14147257,0.14444405,0.06160337,0.10185466,0.07480061,0.05455689,0.17671889,0.04059479,0.12187835,0.27910631,0.14681035,0.17045034,0.23114194,0.03460971,0.11100958,0.05266193,0.24205664,0.28723815,0.34095391,0.40854338,0.41835561,0.26534618,0.15988313,8
0.13266271,0.44698131,0.33047511,0.25042165,0.22529329,0.23496877,0.07270048,0.32725699,0.19697778,0.25602803,0.12204096,0.27610772,0.0290348,0.20146029,0.14414977,0.19866934,0.05351662,0.19741919,0.03360093,0.10470422,0.10296021,0.09246252,0.02380386,0.08103744,0.13437392,0.05297547,0.09741567,0.05952302,0.06289212,0.09287134,0.16325092,0.05027054,0.0960763,0.02494301,0.12110124,0.09664639,0.09353267,0.03053432,0.08855178,0.11697121,0.05638948,0.08430672,0.06181581,0.00830095,0.13267566,0.10511386,0.10749918,0.03755513,0.14207569,0.06686206,0.02639183,0.05100446,0.0780013,0.05946625,0.13883278,0.0932959,0.11174527,0.10403471,0.1468397,0.02563528,0.21685103,0.13371358,0.09034539,0.0652303,0.16101092,0.0900521,0.18224818,0.1700875,0.07199345,0.05106608,0.1349046,0.15222304,0.33783761,0.49556592,0.04841464,0.44907621,3
0.11092496,0.14715756,0.4167368,0.08418727,0.26496171,0.25017592,0.48768167,0.15957675,0.2369837,0.12836499,0.27902985,0.20730079,0.06846781,0.31304,0.02619104,0.06822246,0.08468533,0.2072021,0.13744819,0.20724649,0.14430445,0.13245821,0.10402872,0.12586515,0.1153102,0.11481382,0.02759892,0.03651279,0.10492285,0.2011925,0.19781322,0.07377397,0.05702581,0.05879726,0.05912517,0.12593281,0.14263046,0.08665582,0.05749975,0.13128184,0.12625206,0.14545393,0.07324836,0.11191508,0.17585092,0.13017101,0.03973063,0.004322,0.09392453,0.06569043,0.04726892,0.12725533,0.12619082,0.11983905,0.12638916,0.0581968,0.05131856,0.07040478,0.07690548,0.07529554,0.23116969,0.09704259,0.08657274,0.05162371,0.10760815,0.0049541,0.12605882,0.18354351,0.22175929,0.25468925,0.13618613,0.13417513,0.16502133,0.20837823,0.24238712,0.09935174,7
0.20989574,0.48249736,0.33932402,0.40067183,0.00896502,0.25576893,0.61652767,0.17937536,0.32914844,0.05265526,0.07903835,0.12719499,0.27479013,0.35564158,0.09387215,0.08702361,0.13985977,0.11047332,0.16093802,0.15374247,0.08086901,0.02435999,0.16418088,0.16344318,0.11967009,0.06516859,0.15618792,0.09291896,0.05641282,0.1338484,0.07802992,0.09530971,0.05735847,0.12121333,0.04763072,0.12298479,0.13208547,0.02562892,0.04704754,0.02288416,0.04664577,0.0684712,0.11932167,0.10186831,0.03207203,0.08766604,0.06700553,0.0891703,0.05575464,0.0381461,0.07506698,0.07459002,0.10922388,0.06551655,0.10405143,0.06499685,0.13401819,0.12860849,0.11744531,0.0843062,0.11009475,0.13648347,0.14104588,0.08127819,0.12969581,0.10480846,0.14093098,0.06929323,0.10045231,0.07392312,0.10000419,0.12467617,0.16455324,0.02968442,0.170776,0.13081042,6
0.09163047,0.17401336,0.1150086,0.27860001,0.57414142,0.05614403,0.39704887,0.13184383,0.35611463,0.07671037,0.12604297,0.20858798,0.16786892,0.29896811,0.17312916,0.06092582,0.08745982,0.18125463,0.08355211,0.05880421,0.10640318,0.08262821,0.06421005,0.04963524,0.08200285,0.0420066,0.05156515,0.12673441,0.07643993,0.06358435,0.0846036,0.07609899,0.03136654,0.02205625,0.05531916,0.00813346,0.0613396,0.08736365,0.10458667,0.05693929,0.06195555,0.06037741,0.01820648,0.06595363,0.00696079,0.04866729,0.04985823,0.06421129,0.05808608,0.07745424,0.04325473,0.07634835,0.03491044,0.07796863,0.08632534,0.11115135,0.08488573,0.06526444,0.08034177,0.07218586,0.05887799,0.13064896,0.08071274,0.19094562,0.08302584,0.13392017,0.06718506,0.09088483,0.06348951,0.24405304,0.01352554,0.36520333,0.00356929,0.42051495,0.06542831,0.36283212,1
0.26512008,0.42954469,0.46572757,0.21744354,0.43763828,0.11061987,0.35970656,0.36401344,0.30475072,0.14205047,0.27862106,0.1210885,0.26120756,0.12667285,0.23192867,0.1492664,0.12215654,0.08583513,0.18796506,0.2012017,0.03231622,0.08615848,0.11559251,0.22235053,0.05548319,0.03806518,0.07163635,0.20898685,0.02699999,0.01501846,0.09998519,0.16324807,0.06680088,0.12256507,0.11456782,0.16093282,0.04794001,0.09862453,0.12838825,0.16424149,0.04082191,0.08920473,0.12014119,0.09889192,0.08806298,0.03510844,0.05078737,0.05802964,0.01167511,0.05573785,0.08254391,0.0794952,0.07298746,0.14151417,0.10215354,0.04132256,0.19812778,0.13433032,0.07659603,0.10155437,0.19513793,0.12781081,0.1815504,0.15532528,0.15687303,0.28378904,0.24502176,0.09656888,0.37031912,0.35109421,0.12394914,0.13509256,0.4376022,0.23437994,0.13481358,0.19301531,5
0.1635301,0.46276694,0.23824262,0.26434826,0.18777123,0.26769661,0.67932392,0.22637139,0.40916207,0.22206943,0.19093678,0.22295877,0.2767358,0.46524673,0.17696907,0.05924175,0.27881049,0.16203,0.178798,0.06261122,0.09442836,0.1197228,0.02083288,0.25806159,0.03533807,0.17151825,0.05499571,0.11485726,0.04644033,0.05393841,0.13051428,0.08583916,0.14752014,0.07933702,0.05281898,0.08603399,0.01148786,0.0831494,0.08284788,0.07123086,0.10148577,0.04323614,0.08707712,0.03634638,0.10353847,0.11174466,0.08566027,0.15407798,0.05443036,0.08748185,0.01924272,0.08970086,0.1241323,0.03978385,0.15394342,0.07796395,0.18455105,0.06243541,0.14468217,0.14735358,0.10028191,0.11734066,0.01998295,0.12044137,0.07749245,0.16586241,0.15472761,0.08361056,0.21862892,0.11288104,0.20949301,0.11796815,0.22943871,0.10525649,0.07253328,0.08325769,6
0.12812972,0.25341486,0.23855811,0.08071061,0.42298631,0.3498606,0.50000429,0.10145496,0.22484673,0.0467479,0.13598653,0.47899579,0.38658213,0.1738636,0.11922903,0.12255265,0.46271826,0.21693133,0.10924217,0.0763221,0.06384794,0.1143809,0.04829084,0.33215673,0.12796366,0.21849081,0.11410781,0.08496061,0.2718395,0.0436473,0.13616771,0.08085994,0.12514101,0.11790173,0.03120218,0.10722537,0.10402168,0.18658316,0.0622411,0.09151487,0.12562779,0.00426616,0.11103499,0.15318776,0.07030658,0.15681347,0.13858798,0.03901872,0.07477698,0.08464626,0.10789554,0.03287172,0.14780751,0.04085384,0.09988352,0.11870232,0.09193275,0.10553449,0.07836088,0.20271487,0.08972313,0.08873476,0.14594618,0.07464247,0.19657161,0.16553001,0.21940723,0.14305424,0.20420797,0.21355117,0.15274956,0.08130108,0.22935347,0.1428874,0.11646439,0.04919791,6
0.06379265,0.12624544,0.05372943,0.33162797,0.53390327,0.04978224,0.41666401,0.03001759,0.40730765,0.12557719,0.05041391,0.16109349,0.06836658,0.30516942,0.13766838,0.08294934,0.16164664,0.08571331,0.05266933,0.09926219,0.05109797,0.04170976,0.0698595,0.15026916,0.04927812,0.08388607,0.10955262,0.0784856,0.02209109,0.06264668,0.07157408,0.02366631,0.06826144,0.08113005,0.03396136,0.07154074,0.04337648,0.09720813,0.01476212,0.02506143,0.08084187,0.03488913,0.04727427,0.04140921,0.06445642,0.03469383,0.07028907,0.01156706,0.06750064,0.03392941,0.08073711,0.03080388,0.08625783,0.04214081,0.06518727,0.05838038,0.04569218,0.08449655,0.10571177,0.05489698,0.09769122,0.08218732,0.06249663,0.15144339,0.04001355,0.13231427,0.11172718,0.06650217,0.0984003,0.21860972,0.0728429,0.3397751,0.02867813,0.41169335,0.07191382,0.37085093,1
0.14375927,0.04776764,0.04033459,0.44101639,0.05969029,0.07584298,0.29299059,0.08519924,0.28971687,0.05128525,0.10074468,0.16069102,0.0272739,0.05854328,0.02861104,0.10177883,0.06859749,0.0428346,0.07810747,0.06531807,0.08603519,0.00261734,0.05548928,0.093938,0.08605134,0.06620327,0.04617904,0.05034782,0.06697972,0.09074857,0.06164573,0.09586785,0.0614974,0.05746438,0.11413524,0.05979693,0.11370177,0.05352693,0.024239,0.13135185,0.03957388,0.09160666,0.0561821,0.08127555,0.06875794,0.09748565,0.00932397,0.03149139,0.06142212,0.11269823,0.03128247,0.01988994,0.06299136,0.09734403,0.03512039,0.04133031,0.0701302,0.04046852,0.04276948,0.09504349,0.0758366,0.02316953,0.02598231,0.05185423,0.05170258,0.06674428,0.06046501,0.06216981,0.03389201,0.09957911,0.09696961,0.10923706,0.08347848,0.30470958,0.16838115,0.2945975,9
0.03055488,0.09447936,0.02521719,0.29852279,0.72191089,0.04888564,0.36964591,0.07865175,0.37940718,0.15129826,0.06245323,0.37642687,0.11849766,0.4480402,0.21704264,0.04459825,0.09071019,0.07233848,0.32248734,0.17460821,0.07311153,0.1727377,0.04302796,0.05063629,0.06122356,0.07184658,0.16697662,0.10219324,0.15975773,0.15009199,0.05777727,0.03642814,0.07680614,0.15827772,0.06443941,0.08090419,0.11057584,0.04887156,0.04434174,0.07838522,0.07251077,0.0877996,0.08521041,0.09230351,0.06449649,0.08720869,0.05679236,0.1572228,0.054325,0.1436195,0.08301739,0.05863073,0.08443761,0.03583912,0.04110284,0.19203723,0.05581037,0.19818671,0.04338379,0.21889356,0.05003555,0.21756748,0.07592988,0.04678293,0.06547914,0.07691818,0.04708011,0.30621358,0.0425349,0.38357955,0.01858298,0.41488449,0.04476612,0.37694686,0.04614519,0.34712888,1
0.15956501,0.54727779,0.12173141,0.2892673,0.15689344,0.1646487,0.67589353,0.16057559,0.60650109,0.22317463,0.22378093,0.0103407,0.04286661,0.41866105,0.18594946,0.19062484,0.22230249,0.17054994,0.18810396,0.08284364,0.0269071,0.18544459,0.20820483,0.12560525,0.11729596,0.14242567,0.06439459,0.01583316,0.20121149,0.10402106,0.15777901,0.10952088,0.15730685,0.09760764,0.02259243,0.03871379,0.07012774,0.17625527,0.13115091,0.08167272,0.06421938,0.04689556,0.032056,0.06475309,0.12381964,0.13274686,0.13407728,0.06900154,0.06135841,0.07891092,0.10361366,0.05810125,0.12813101,0.14107038,0.12423407,0.10881568,0.13315805,0.15345879,0.11649048,0.06697671,0.05612795,0.09770784,0.08979315,0.04559813,0.12655637,0.13154479,0.16252794,0.07424663,0.21683193,0.14429036,0.12662445,0.1048826,0.18295144,0.10020674,0.04412854,0.07750978,6
0.31495627,0.57501588,0.40819303,0.34538747,0.25626271,0.11403116,0.26048903,0.33423375,0.17354934,0.12209687,0.22605192,0.18140964,0.20774971,0.19640897,0.19221225,0.11792723,0.18055804,0.08432375,0.11989331,0.13416659,0.18631998,0.06974608,0.13078507,0.03468108,0.16605336,0.05793801,0.13154922,0.03644156,0.14277507,0.09220905,0.12495788,0.01331745,0.11654729,0.05634133,0.12361886,0.01987413,0.10947023,0.03278271,0.12473598,0.03215199,0.10792384,0.04757688,0.12346045,0.04998971,0.09453337,0.14818753,0.08092057,0.02172253,0.12905748,0.041569,0.11314237,0.14882398,0.11457108,0.16639392,0.13395272,0.06012989,0.17318316,0.01649873,0.07451859,0.20507456,0.10329572,0.19840062,0.2078296,0.13890859,0.20496128,0.16097946,0.06521651,0.06464144,0.02652371,0.23410164,0.26903966,0.18463107,0.4018993,0.38555893,0.20692654,0.28269177,8
0.0549941,0.19709203,0.09950534,0.26518351,0.5850913,0.02792553,0.41979646,0.07597911,0.38336196,0.08136117,0.07980358,0.22893848,0.03974131,0.3790026,0.19949716,0.04346112,0.1465329,0.09447749,0.10039636,0.07038123,0.08448261,0.14434856,0.02294022,0.14635083,0.11700505,0.0421089,0.08503102,0.09607202,0.06679684,0.05831286,0.09737189,0.09381051,0.01052337,0.10030617,0.07367855,0.04557489,0.06174976,0.09543092,0.06214125,0.05087395,0.09322026,0.06562811,0.01553914,0.06107454,0.05191248,0.06018311,0.0976539,0.06299453,0.09960889,0.0586858,0.06750963,0.07289246,0.05496567,0.0895309,0.11307653,0.09568531,0.09133599,0.08081572,0.07609243,0.09744351,0.05464152,0.14473328,0.0731475,0.17316107,0.07471915,0.12481186,0.08994745,0.08308886,0.05862874,0.25526282,0.06511486,0.34941167,0.03912703,0.41936555,0.04238238,0.35109178,1
0.22852643,0.08269061,0.20218398,0.20717714,0.24964427,0.11461121,0.39173427,0.27878697,0.18442504,0.10659782,0.05006304,0.01251894,0.1054443,0.25749595,0.11374829,0.04224478,0.09080855,0.05665989,0.09596331,0.14480215,0.05564209,0.06470917,0.05224894,0.03611187,0.05728864,0.06887271,0.1066168,0.03581093,0.0713147,0.01987461,0.0629314,0.08702564,0.0970326,0.07239758,0.00722906,0.04920264,0.02869963,0.08364842,0.07901633,0.066681,0.02820946,0.0129697,0.04267634,0.0436378,0.01840862,0.04428849,0.05079316,0.08485874,0.01332566,0.08340065,0.058408,0.01714896,0.0486956,0.04861412,0.06481139,0.05069404,0.07531135,0.07974598,0.02417292,0.02317134,0.05496372,0.04203257,0.04224392,0.18932142,0.04089574,0.16973288,0.11546424,0.15477289,0.08452663,0.21668602,0.160953,0.22192054,0.1056757,0.34829957,0.15307248,0.29502414,9
0.36304554,0.24575121,0.19718531,0.14370066,0.35147453,0.13562662,0.35448046,0.45138184,0.40214898,0.02313189,0.14290526,0.2723745,0.31099695,0.08265978,0.09891019,0.14588924,0.05528279,0.26868238,0.16813506,0.10373294,0.12287539,0.1854196,0.06091361,0.16918291,0.08375823,0.10719083,0.07897182,0.14017247,0.18180911,0.12167406,0.05177711,0.06471114,0.03098092,0.19067222,0.0174881,0.06237662,0.0706943,0.10646481,0.02494902,0.07358173,0.0529152,0.07422806,0.05552769,0.06624135,0.03132533,0.0900187,0.05592013,0.0817969,0.11881054,0.05084894,0.10018642,0.05523976,0.04823731,0.11659784,0.01336109,0.07579368,0.12198687,0.02627208,0.08982578,0.11012281,0.05635667,0.10717207,0.14045499,0.27045561,0.06788178,0.16729351,0.28340656,0.21392804,0.21582319,0.24869981,0.23053867,0.08062187,0.25314529,0.21307686,0.06403472,0.1568735,7
0.13694158,0.67800687,0.02476308,0.47556206,0.14556925,0.17125433,0.1523569,0.12931464,0.20709676,0.12125208,0.15595676,0.08888528,0.10869658,0.15492373,0.11175113,0.14149844,0.03623211,0.04980722,0.07241746,0.11740875,0.14607663,0.02695659,0.03708509,0.08227019,0.11360951,0.14404917,0.01534739,0.04709812,0.03571789,0.09888133,0.12329325,0.02441524,0.02783221,0.05275053,0.10253496,0.11952384,0.05434224,0.02989728,0.02519571,0.13026629,0.12865092,0.06167898,0.05731591,0.01130965,0.11636639,0.03110764,0.04360173,0.0648677,0.12308375,0.06545672,0.0574552,0.03956635,0.1488931,0.08793974,0.0165764,0.02442784,0.16206774,0.06120959,0.04634414,0.08308847,0.14292026,0.08643746,0.12634799,0.08061638,0.10795448,0.1685865,0.17686614,0.0964711,0.11447161,0.244384,0.12000917,0.22512052,0.16073678,0.32498728,0.07382103,0.44531674,3
0.06111568,0.18090583,0.05897543,0.27120242,0.57370025,0.04939048,0.42800951,0.04161042,0.34183985,0.09175111,0.07631795,0.26333728,0.06672812,0.37413622,0.19153666,0.08212741,0.11685895,0.08046897,0.09130634,0.06342617,0.08654863,0.12861611,0.05461269,0.17522992,0.09804915,0.08205192,0.08132524,0.08190284,0.09493287,0.05664046,0.08593781,0.06843903,0.05781307,0.09371954,0.04509872,0.07362844,0.06957763,0.05959133,0.06230026,0.07857565,0.062934,0.02478613,0.04767429,0.07098295,0.07168543,0.05656598,0.07779925,0.02032888,0.0873799,0.04203692,0.10970595,0.06906496,0.10568209,0.08695237,0.07901539,0.05133364,0.0845227,0.0681229,0.1104434,0.09435516,0.10438344,0.13190998,0.05883746,0.17501919,0.06816976,0.15060469,0.11399072,0.05192597,0.09829034,0.21633684,0.05133629,0.33409565,0.0258836,0.42323635,0.05832809,0.38716112,1
0.28194143,0.50247255,0.42121102,0.30445805,0.30087949,0.15904287,0.29511556,0.35840341,0.28994497,0.06236923,0.18363514,0.20766948,0.1665777,0.1635422,0.12442609,0.16611731,0.08327768,0.09944344,0.04926788,0.12508213,0.02632268,0.08777602,0.06811868,0.10595283,0.05763011,0.09038807,0.05548272,0.07676246,0.10751873,0.10249405,0.04016749,0.03652021,0.07491628,0.10439689,0.0348151,0.01985675,0.09490546,0.09675189,0.04508622,0.02103749,0.10766389,0.06183668,0.03100842,0.05601923,0.04353302,0.09557787,0.12694508,0.05012957,0.10417581,0.12538028,0.04077919,0.10707121,0.09893986,0.06340296,0.14244791,0.14552221,0.08473697,0.14714207,0.13282472,0.05320862,0.14052049,0.0670878,0.02349734,0.14505614,0.04850786,0.02951834,0.28035383,0.36924367,0.12073714,0.39043812,0.40255414,0.20568293,0.42182546,0.4191231,0.10752306,0.02736412,8
0.21482371,0.10331048,0.09703591,0.05545554,0.79648722,0.15059371,0.34317252,0.20521792,0.0768389,0.37540284,0.10223473,0.45472309,0.24735788,0.22636154,0.08532133,0.22695079,0.31080259,0.07686519,0.28167937,0.04961259,0.21183289,0.16280097,0.13537985,0.19079694,0.18824141,0.11431941,0.10036492,0.18589944,0.05471395,0.22799567,0.07417407,0.05905514,0.12894556,0.01757534,0.1451237,0.11499927,0.12283317,0.09457107,0.00434419,0.06122338,0.14388001,0.13078236,0.03627424,0.02545421,0.13374368,0.17649152,0.06025683,0.01750195,0.13415917,0.16219772,0.05682272,0.03262748,0.12267857,0.07714299,0.10579449,0.10162255,0.140886,0.0980798,0.15328141,0.13416043,0.19983292,0.18572261,0.1523225,0.17332065,0.22734621,0.27663335,0.01221759,0.28648144,0.14164131,0.42456282,0.18700872,0.30401228,0.11243685,0.37587397,0.2401597,0.18908348,9
0.10238188,0.19841802,0.18931205,0.26893807,0.52800451,0.03735575,0.40206097,0.17554886,0.35100092,0.13438576,0.12962196,0.1729629,0.11312642,0.26317499,0.1477573,0.03111432,0.12084161,0.13289302,0.00605524,0.08655574,0.15308017,0.05867445,0.08545237,0.06988958,0.0623696,0.04622322,0.05803065,0.13109074,0.0239201,0.02992534,0.14487937,0.03743984,0.08332521,0.0412818,0.02560338,0.05503491,0.03717436,0.12054554,0.02349909,0.05143172,0.12136673,0.01655657,0.05127136,0.04555333,0.07022448,0.02383411,0.13410695,0.03063397,0.1358984,0.02813579,0.11362008,0.01295829,0.06910291,0.03789691,0.10611297,0.08723814,0.13522839,0.10268353,0.08088835,0.02832569,0.04161465,0.06619609,0.09293041,0.21584104,0.11819356,0.16962109,0.07371156,0.08094519,0.02467666,0.170473,0.06105072,0.30985901,0.04858624,0.41673635,0.09444719,0.3716476,1
0.20833909,0.63536541,0.25556189,0.48197542,0.1716996,0.15322234,0.26085642,0.2487959,0.27169024,0.15687874,0.10892867,0.2228041,0.09322745,0.13764702,0.1469479,0.07492212,0.19104299,0.08225423,0.01378507,0.16862571,0.05129513,0.16161531,0.06803141,0.03388152,0.16695958,0.02433006,0.14200693,0.09692763,0.0559068,0.14804417,0.03074064,0.1267881,0.07062856,0.07212902,0.12984493,0.05180714,0.13685135,0.09937134,0.04860291,0.09147404,0.06820156,0.14432238,0.11794803,0.0487666,0.15625909,0.13158219,0.04671635,0.0190024,0.17524225,0.11919038,0.0507464,0.03657447,0.19845552,0.07911079,0.04675772,0.05956811,0.19257517,0.07635898,0.06769712,0.07698065,0.15858849,0.02645307,0.0658298,0.07860706,0.1454615,0.02365156,0.04853553,0.07582693,0.11858014,0.05859218,0.07060323,0.03617689,0.10044262,0.06407638,0.09804209,0.06967786,4
0.09717749,0.23093995,0.11089758,0.42102143,0.07348603,0.11693024,0.24189081,0.01559105,0.28139355,0.08603482,0.09080928,0.14339793,0.04700069,0.09909683,0.09074287,0.09107437,0.07495427,0.03380603,0.01835199,0.08139533,0.09668755,0.05547659,0.07157319,0.07731143,0.0645083,0.08153089,0.08227677,0.07499798,0.07111055,0.0537436,0.06063322,0.10883269,0.07981061,0.03246734,0.05235831,0.03509733,0.0936946,0.07568961,0.03678715,0.05350748,0.01463613,0.07914392,0.05100543,0.06664837,0.02182688,0.04633036,0.01058529,0.0053611,0.04375451,0.05636699,0.04266795,0.01726711,0.06305976,0.0803622,0.08306727,0.06916782,0.06620645,0.07671265,0.10802805,0.05580888,0.06860481,0.07353074,0.13301738,0.02901853,0.08706546,0.03499923,0.07625947,0.08963772,0.09372038,0.07762874,0.12137666,0.06862766,0.09692615,0.28879148,0.04230125,0.30408149,9
0.07565887,0.18223521,0.27447028,0.20284351,0.14583913,0.17848533,0.65390852,0.17532244,0.11129871,0.19612566,0.34066487,0.3647367,0.17742538,0.42854035,0.05516216,0.04296574,0.08400984,0.212465,0.31484591,0.1786656,0.21560268,0.12886288,0.17927317,0.11666397,0.07497639,0.11129658,0.12147408,0.16035924,0.08609362,0.15081652,0.17310719,0.15690544,0.09102836,0.09357148,0.08141398,0.07187071,0.03919001,0.10181404,0.1440504,0.19119778,0.18682857,0.12748821,0.04996835,0.04315204,0.14510985,0.13158878,0.07534104,0.07553708,0.06248452,0.02565696,0.06431116,0.06239983,0.19814354,0.09820622,0.10368738,0.06678474,0.09692408,0.06552433,0.0145761,0.0905361,0.1483853,0.10678642,0.09004096,0.0826208,0.13619061,0.10411426,0.06257958,0.06167738,0.2240277,0.14942366,0.05927643,0.09278392,0.13561303,0.21181131,0.19941926,0.061423,6
0.24833701,0.55679327,0.41963914,0.29860169,0.15448535,0.15069031,0.12576278,0.26114808,0.09163593,0.16235276,0.11357727,0.17854754,0.06541433,0.15650923,0.12405164,0.13388709,0.13114505,0.09675091,0.11135093,0.11425388,0.16960544,0.07566035,0.11316932,0.06777199,0.13702328,0.09501773,0.10272452,0.04931287,0.04215772,0.13181748,0.10917591,0.06914485,0.02852864,0.06049092,0.11449478,0.06567165,0.05200086,0.07407946,0.00629972,0.0680025,0.10399146,0.0758195,0.03144979,0.06236955,0.09261727,0.14394608,0.1055939,0.02569675,0.14025662,0.08286594,0.05055615,0.11564902,0.06704709,0.137005,0.13510399,0.07670563,0.1606966,0.07429506,0.0322786,0.1178804,0.07020889,0.08828556,0.16942607,0.16882197,0.1180926,0.19641828,0.08489693,0.11695844,0.09900959,0.12303693,0.36114762,0.26870578,0.37377391,0.4823676,0.26128956,0.24266483,3
0.11356099,0.21158691,0.08999189,0.29468999,0.06277788,0.14499653,0.31009565,0.0725501,0.27333223,0.08316208,0.10783463,0.10298103,0.08160742,0.07843919,0.0934882,0.08767424,0.0360491,0.13571807,0.08694153,0.09424246,0.07880187,0.07829982,0.08137267,0.03608593,0.0917352,0.05936513,0.08284932,0.07907515,0.03693032,0.08759544,0.04614135,0.08241704,0.08081531,0.06991334,0.07805881,0.03483282,0.05750534,0.06385599,0.0934051,0.06181331,0.03214362,0.05301861,0.05581444,0.09610721,0.05211208,0.06532294,0.06035866,0.03426987,0.0642855,0.06119558,0.06653411,0.05519605,0.0805299,0.07145008,0.03606944,0.01195276,0.08383683,0.05822337,0.04026322,0.03847325,0.08590667,0.0294704,0.01863504,0.07086745,0.08289898,0.04352995,0.01555716,0.06985289,0.06878391,0.12353216,0.07216566,0.07450851,0.0616098,0.32427838,0.06974387,0.4052637,9
0.19754656,0.61663628,0.26938668,0.34726632,0.11729076,0.18834381,0.17273526,0.36609424,0.11424709,0.14838487,0.12690216,0.22922991,0.06398121,0.15305566,0.158566,0.13949586,0.16051987,0.11744283,0.07760755,0.1414904,0.15668453,0.10820486,0.08128046,0.0376924,0.10966989,0.13166592,0.08999129,0.10092491,0.05409275,0.08966234,0.12146677,0.12243103,0.07919717,0.09939298,0.09816031,0.07302464,0.12204044,0.10784654,0.09931422,0.06698106,0.10146835,0.11687465,0.1199365,0.08828021,0.03546163,0.06993733,0.11422577,0.11276381,0.10270152,0.05587167,0.03267308,0.07880612,0.07722162,0.04969634,0.09280828,0.13696809,0.11377321,0.09378864,0.06227314,0.06225595,0.03569145,0.08114596,0.17548193,0.12338174,0.10223578,0.1168128,0.10162524,0.03799122,0.12248974,0.08641704,0.16436732,0.20238571,0.31526045,0.41928066,0.38467629,0.31078836,5
0.22449004,0.49299417,0.47077393,0.21251145,0.39930581,0.08999105,0.31829623,0.31535622,0.22317874,0.07516011,0.27449529,0.12160338,0.20358712,0.10569986,0.22860871,0.17998359,0.09765156,0.07305618,0.08706718,0.2068777,0.03460685,0.09665746,0.10086407,0.10721492,0.07309288,0.08886443,0.15808927,0.05818037,0.12997466,0.07661451,0.18962098,0.06942844,0.14859526,0.10123531,0.18354267,0.10340627,0.09528561,0.11334812,0.10413319,0.11693533,0.06424068,0.11264491,0.06980618,0.05529317,0.15594644,0.05458472,0.03827093,0.07949326,0.06021349,0.05372946,0.10880537,0.09456657,0.08080085,0.16055786,0.10691143,0.07659821,0.19859802,0.16675661,0.02010192,0.02901586,0.19583884,0.024766,0.12390077,0.20603513,0.06046677,0.21701768,0.30381344,0.14881207,0.29513616,0.41135411,0.21880731,0.03013963,0.45313484,0.30355707,0.08365153,0.17726425,5
0.0976465,0.37680371,0.43588445,0.12022273,0.46777317,0.05464731,0.47617836,0.33861746,0.27033062,0.07858119,0.27102803,0.15866443,0.3159489,0.11741503,0.20927197,0.04614728,0.0341855,0.19915512,0.02122971,0.06848028,0.11154951,0.15851989,0.08858507,0.11427367,0.09084888,0.15530098,0.01107241,0.1467251,0.01745078,0.12388533,0.05089836,0.07715641,0.05711338,0.04379303,0.05986143,0.13167353,0.05092042,0.06357657,0.06810202,0.09541729,0.06356238,0.06658916,0.10638379,0.06103737,0.10262159,0.04650059,0.1217588,0.1145094,0.0942936,0.12468208,0.11775005,0.01848893,0.1476754,0.06403064,0.06619452,0.13891909,0.02421408,0.12550879,0.18104342,0.12166924,0.19203417,0.14792091,0.06505853,0.0255148,0.12946989,0.07707174,0.12957771,0.17217378,0.16017406,0.2218016,0.27435791,0.1649074,0.34677619,0.28540065,0.07570322,0.27604955,3
0.3033551,0.29156682,0.32761236,0.2879732,0.54622023,0.07543211,0.33451836,0.30635454,0.35535555,0.17264606,0.31506919,0.26327916,0.21821845,0.08518971,0.15226711,0.09692051,0.19256291,0.39638117,0.14287217,0.16368998,0.04169976,0.06818389,0.25148212,0.27575459,0.07976222,0.07053184,0.09210354,0.08919341,0.2791517,0.11394557,0.07504594,0.06040505,0.14373528,0.1167992,0.09547622,0.0377382,0.11373957,0.07674449,0.0784187,0.02279142,0.01119412,0.15808515,0.09092289,0.10599786,0.08573382,0.14754711,0.08121995,0.07005791,0.11780693,0.1085075,0.12422349,0.07601542,0.08786062,0.15659505,0.07782058,0.07095372,0.22644439,0.13859003,0.09496407,0.06416092,0.16810751,0.10946672,0.11729838,0.17762874,0.11525068,0.25336136,0.16086042,0.19900123,0.3711992,0.19762164,0.16846984,0.21904643,0.16385116,0.17205496,0.12855882,0.025188,7
0.13667923,0.49844953,0.09884504,0.24201526,0.07983457,0.1083297,0.68290831,0.09538583,0.50852689,0.2157952,0.17111305,0.04125978,0.06108109,0.38258384,0.16975249,0.19793674,0.2736181,0.18598744,0.12208222,0.12490803,0.08301349,0.21950179,0.20346322,0.21381528,0.08205132,0.13080207,0.04865103,0.06940494,0.1850241,0.04280461,0.1541006,0.04906877,0.13413374,0.0849266,0.06007641,0.06969318,0.06774573,0.20212279,0.11130102,0.0580879,0.04333489,0.08078692,0.09734806,0.0511869,0.01692704,0.13130287,0.09362411,0.05650898,0.07310392,0.0287475,0.06937338,0.05147127,0.13201695,0.11264057,0.06190406,0.08342114,0.05762566,0.05895822,0.0805097,0.18926907,0.07044853,0.10991952,0.06416792,0.11035874,0.08625725,0.14142833,0.17325213,0.09530607,0.21643967,0.08720121,0.14066253,0.16134635,0.18893306,0.11390283,0.12851089,0.03122352,6
0.04065032,0.17113864,0.05637092,0.36111677,0.51160372,0.02942242,0.41463017,0.01617392,0.39430946,0.16246495,0.02829965,0.15365011,0.04691377,0.31523827,0.12631026,0.04613052,0.19281944,0.04144541,0.05790387,0.14436213,0.01923689,0.04796026,0.05145524,0.18329152,0.03337088,0.05491027,0.14490221,0.02351433,0.04337096,0.11734217,0.03240209,0.02593836,0.05365915,0.1321755,0.03162825,0.05612006,0.10858731,0.03000048,0.06374366,0.08562625,0.0430494,0.06134719,0.05460817,0.09148756,0.03670931,0.03996404,0.07189303,0.06980367,0.05385504,0.09089614,0.03891861,0.054283,0.05026758,0.01190527,0.07223495,0.09563474,0.03396834,0.13129244,0.04862879,0.05606308,0.06415748,0.03389782,0.06470778,0.15614299,0.02072443,0.18199669,0.05166625,0.09015764,0.06324192,0.13555485,0.064011,0.25542654,0.00930353,0.39326597,0.04546923,0.40122323,1
0.16373092,0.38271054,0.32955228,0.22494929,0.45296419,0.10533614,0.300351,0.09713624,0.30086695,0.15929093,0.34349896,0.07309008,0.30566202,0.09407162,0.12478095,0.17019959,0.13580188,0.20563661,0.13158518,0.12511112,0.14744578,0.04099247,0.10859746,0.14641577,0.1248889,0.05599771,0.10760768,0.12623051,0.12396093,0.16688364,0.05182415,0.10010664,0.01686557,0.13164954,0.16848861,0.0575537,0.13099112,0.03153324,0.03613227,0.10379243,0.10035075,0.08263807,0.07461754,0.06542486,0.07634277,0.18405514,0.07720848,0.13072088,0.05961359,0.19326248,0.11006708,0.03555303,0.13024645,0.1017696,0.17042947,0.02620863,0.22445925,0.05243768,0.10451612,0.05000005,0.20557215,0.14682691,0.09992153,0.11344436,0.218051,0.10984167,0.05295676,0.05262059,0.09600517,0.21031522,0.20333925,0.12873781,0.15385527,0.39643455,0.13912052,0.19275277,7
0.18388255,0.21054032,0.1564234,0.29357459,0.34026855,0.16614109,0.27326196,0.18816664,0.24144149,0.24076184,0.09910443,0.15633678,0.19642459,0.13233098,0.06864011,0.07724027,0.15624926,0.11203831,0.12554353,0.07892906,0.05346833,0.01393434,0.13132059,0.12764833,0.09817776,0.01466669,0.08162481,0.09428682,0.08846691,0.02806791,0.02711531,0.0965722,0.09747359,0.13014861,0.04288047,0.01665108,0.02226411,0.08389335,0.02581493,0.02809573,0.05163107,0.04548895,0.07116515,0.07397757,0.07901272,0.09052041,0.0859496,0.02052601,0.07276658,0.08452239,0.02705193,0.03049299,0.05963063,0.13869879,0.08257898,0.04474979,0.09699095,0.09214369,0.08290477,0.03914546,0.08304373,0.08092681,0.03249416,0.01626305,0.06615118,0.17445298,0.06817407,0.11775572,0.11472721,0.06657393,0.06556041,0.11691109,0.12070151,0.29308812,0.14020794,0.35010432,9
0.11834997,0.14406647,0.2237215,0.03647444,0.06160327,0.17573685,0.50013513,0.2767848,0.35958135,0.08401752,0.18779384,0.06183245,0.06259284,0.2732244,0.17949421,0.08613587,0.03469314,0.17762945,0.17233879,0.16586163,0.06775632,0.03607855,0.11635811,0.05063396,0.07940784,0.0920564,0.06038421,0.03470986,0.05676695,0.07808566,0.14346264,0.03186504,0.05186941,0.06891705,0.16054805,0.11598746,0.07347223,0.02791733,0.03259202,0.17670179,0.0796521,0.06724536,0.04301776,0.02458078,0.08815355,0.08614854,0.06634883,0.00494309,0.08799477,0.05475922,0.04106503,0.02730579,0.12041671,0.02701528,0.0673959,0.09878731,0.14355526,0.09460344,0.0203337,0.07638634,0.08887626,0.11803213,0.08299415,0.07175376,0.09618376,0.06245487,0.04773393,0.01978026,0.13265054,0.06810971,0.12345103,0.20565131,0.26835464,0.31415983,0.2062883,0.16784739,7
0.04216855,0.60439909,0.34003319,0.163388,0.18996664,0.24099594,0.04768988,0.40490355,0.18059506,0.14089626,0.14596001,0.03163608,0.14334395,0.00793101,0.09131341,0.10521884,0.05331201,0.08145543,0.06266127,0.07066924,0.09376827,0.07363646,0.05433223,0.06191228,0.06557818,0.08899337,0.05628048,0.02383923,0.02551041,0.05139818,0.08203005,0.05038765,0.01475966,0.03064613,0.03964294,0.08954782,0.04665779,0.03917327,0.01395936,0.04912392,0.09581838,0.03818746,0.03924042,0.00756341,0.12664974,0.18553398,0.1222692,0.0779194,0.17005365,0.189628,0.10754901,0.04723546,0.19752456,0.19674932,0.11775371,0.05605844,0.20388846,0.18550764,0.10015661,0.03879993,0.1932075,0.13621034,0.07479683,0.05805915,0.14631483,0.08854454,0.05649898,0.10262403,0.15111849,0.06933996,0.1767304,0.06451721,0.22969749,0.07154704,0.23136909,0.15186972,4
0.23772066,0.58235918,0.29938301,0.36888749,0.28284382,0.10163045,0.34779437,0.33256652,0.23275025,0.11311776,0.29194567,0.18318057,0.14939718,0.21360974,0.23536909,0.07868401,0.13174612,0.11025512,0.11465471,0.05358644,0.17492709,0.12641197,0.07528118,0.07663453,0.14900017,0.09025493,0.05867316,0.09336814,0.15235413,0.0650581,0.04063175,0.08632307,0.14764394,0.05334824,0.07582379,0.07516569,0.10450102,0.04879096,0.10496035,0.09441597,0.07899659,0.04417265,0.08742611,0.04378281,0.09833405,0.06852856,0.07893528,0.14261093,0.08440834,0.09478732,0.13504996,0.1186773,0.1327981,0.11839898,0.03992415,0.08890065,0.11818249,0.01986655,0.15301524,0.17418799,0.09384005,0.19534971,0.19489341,0.03148699,0.1893052,0.16143812,0.09028603,0.1168848,0.03812038,0.22537602,0.23681774,0.21852382,0.43124121,0.38207483,0.2646383,0.24528222,8
0.18320807,0.59119038,0.03547884,0.37257612,0.21165881,0.38012506,0.28249798,0.44507362,0.13566412,0.20893011,0.29274023,0.07167135,0.26317166,0.1745018,0.16641175,0.15884905,0.16315435,0.15010483,0.30499784,0.20056579,0.12416483,0.06609539,0.10580954,0.20284918,0.18154257,0.14644333,0.10270503,0.06840154,0.11929593,0.13334676,0.11866657,0.04132299,0.03544526,0.12916383,0.1413273,0.13053411,0.02021935,0.05143416,0.13884666,0.13711316,0.10674812,0.05192478,0.04901446,0.13788373,0.11490536,0.07735521,0.01122197,0.06127744,0.16420766,0.07161413,0.04764553,0.05340133,0.12949503,0.07730797,0.02954059,0.03543105,0.1226108,0.06029299,0.0583455,0.0360867,0.13301394,0.11125246,0.04833486,0.0495805,0.09043609,0.13778235,0.08763423,0.14898661,0.20461589,0.04011054,0.11611214,0.20852767,0.34874133,0.22238467,0.39294063,0.20309277,4
0.07524699,0.11555442,0.15355056,0.37860012,0.1568834,0.0961254,0.33725502,0.03432797,0.35952979,0.10909628,0.10987932,0.09220703,0.04187819,0.09821707,0.07099375,0.1183417,0.07211214,0.03534465,0.15406525,0.09328909,0.09862254,0.11493099,0.09995947,0.0742018,0.0970834,0.0639284,0.05802001,0.10496635,0.09674903,0.06620378,0.02750206,0.02632225,0.05373803,0.06382616,0.06983901,0.01730069,0.02120738,0.01303966,0.03501535,0.08164544,0.07192245,0.06736976,0.02618278,0.03075091,0.08272239,0.06246474,0.06787544,0.02610804,0.05952601,0.02343431,0.0305811,0.0056826,0.03251157,0.03276027,0.06117053,0.07279925,0.09018151,0.05812938,0.04085381,0.09632272,0.10381499,0.12155554,0.10047108,0.0375516,0.08439381,0.10179543,0.10579027,0.16274983,0.10214931,0.06822361,0.10459993,0.11001715,0.10716924,0.34260064,0.04655451,0.31581881,9
0.27157485,0.14903681,0.23275253,0.19772035,0.23642355,0.18739538,0.46721315,0.38511687,0.1912923,0.14916161,0.06010195,0.21753617,0.25012685,0.22404777,0.06206038,0.18207948,0.09765156,0.08457987,0.09837684,0.19441455,0.11103984,0.0743327,0.10467556,0.15336105,0.11880809,0.10848673,0.08584917,0.07166567,0.07523709,0.12446382,0.08815591,0.05460965,0.08498647,0.05840636,0.11250352,0.09518751,0.12605597,0.02482439,0.02904268,0.0935263,0.14523871,0.05374764,0.01244647,0.10825289,0.09447112,0.03078402,0.08004411,0.05847307,0.10239791,0.11609323,0.0542997,0.14006676,0.11677413,0.08988003,0.13123323,0.11272392,0.15661131,0.12466129,0.02321288,0.05664935,0.0979922,0.07431325,0.04432757,0.07915624,0.12465231,0.01225191,0.14014348,0.22563377,0.06172441,0.26794371,0.2511816,0.17077197,0.32206707,0.27576948,0.02107437,0.08524072,10
0.20060572,0.35956873,0.48609005,0.59023126,0.14219347,0.19702223,0.14911364,0.21337,0.19414522,0.0852923,0.15235645,0.16361461,0.0821987,0.1281685,0.1020898,0.11246019,0.09695517,0.05093894,0.10374784,0.12075363,0.12617712,0.1080829,0.02079279,0.03975382,0.11228334,0.08752325,0.06166311,0.03093332,0.05631196,0.13382769,0.10499024,0.07260555,0.06200953,0.01171481,0.11298821,0.08372367,0.05409306,0.07143313,0.0372401,0.12139463,0.09810899,0.06791634,0.06610478,0.05352515,0.08036674,0.02982542,0.02503237,0.05505899,0.07144049,0.04144718,0.04270445,0.07763806,0.09481234,0.06032083,0.03114211,0.07196176,0.08450209,0.05676327,0.04408229,0.08590152,0.11718133,0.08927494,0.06193611,0.07455226,0.11009025,0.07208571,0.08274002,0.11840633,0.13847488,0.10808835,0.09589346,0.09254711,0.19195384,0.11622871,0.17651632,0.19540169,2
0.25527017,0.58713866,0.32082226,0.32199435,0.17977011,0.07446765,0.23262296,0.21757351,0.16031252,0.16500564,0.18416216,0.17442795,0.15092892,0.29642545,0.07372577,0.0740667,0.09162759,0.16283512,0.08908586,0.09766837,0.14835102,0.0957139,0.05840523,0.07506356,0.13044147,0.05474224,0.12461136,0.10566518,0.02697265,0.07680248,0.15837623,0.08215831,0.04835569,0.06538859,0.14519657,0.03790445,0.08027067,0.0746917,0.03992159,0.07546154,0.11788693,0.0664892,0.01421152,0.04556006,0.07384248,0.14131528,0.13822108,0.03786111,0.14240812,0.06993412,0.06357588,0.09601271,0.05387502,0.11956531,0.12777274,0.07669114,0.13284147,0.13491521,0.05112797,0.07941622,0.06308978,0.08854985,0.20795007,0.15767439,0.1696964,0.24585373,0.09007875,0.06992834,0.09869689,0.1582515,0.22795023,0.33822989,0.41732809,0.42281673,0.31271846,0.32190883,8
0.24633521,0.56605441,0.25684599,0.23137257,0.24228135,0.31447235,0.37651085,0.44311073,0.13625701,0.32906046,0.03935057,0.0747486,0.23852388,0.14909178,0.11294042,0.13578237,0.14758723,0.24011158,0.01979358,0.13673933,0.09364883,0.11810675,0.07914798,0.0843309,0.07923822,0.08676428,0.11392453,0.13545374,0.06161213,0.04112283,0.03248009,0.15228808,0.07088157,0.05018581,0.02035143,0.10361744,0.07446062,0.04012636,0.02799322,0.06687298,0.11453886,0.10011587,0.02889431,0.12546839,0.07083223,0.12047665,0.17184512,0.07483047,0.03955951,0.13890005,0.1162795,0.12511229,0.14421845,0.14342208,0.14402382,0.10716298,0.16108214,0.15208477,0.13398472,0.04691077,0.13494253,0.22383271,0.10540026,0.06609568,0.19966367,0.0531797,0.19479126,0.09901185,0.16730229,0.22652176,0.10222972,0.07743006,0.21662052,0.31314258,0.33216323,0.23593338,4
0.02589628,0.16442533,0.04485287,0.3591524,0.57476733,0.02321302,0.3966014,0.05953905,0.36704329,0.09697298,0.01134487,0.24804918,0.04061751,0.35458428,0.1938134,0.00946005,0.14506083,0.00208767,0.0951761,0.09224136,0.01977541,0.15929495,0.01657093,0.20696091,0.11832152,0.01553187,0.09617605,0.01395505,0.11349101,0.08475984,0.03243203,0.104854,0.00841339,0.13186083,0.08566971,0.03335943,0.09296667,0.03834531,0.08677337,0.07510494,0.03401034,0.09239892,0.01834415,0.11941604,0.03813214,0.05855727,0.05675616,0.09192237,0.02838319,0.10381312,0.03931041,0.01642051,0.03323481,0.06314888,0.04521673,0.14192992,0.01948599,0.11967476,0.03497274,0.0261329,0.03479331,0.0992767,0.02424891,0.17629706,0.02150967,0.16932107,0.04311498,0.05434887,0.02789159,0.17061155,0.04750149,0.30705313,0.02519294,0.39244674,0.04995815,0.43200752,1
0.16320301,0.53640018,0.33429819,0.32824835,0.26430199,0.04351687,0.33624002,0.2438179,0.1631793,0.10622706,0.12077582,0.18682944,0.18154239,0.12599093,0.0886579,0.11256489,0.15054265,0.04388224,0.10963079,0.03512279,0.14388115,0.08933885,0.05300949,0.07031908,0.06776771,0.07594751,0.08402052,0.07185655,0.12216762,0.09023062,0.08014436,0.01401679,0.08329528,0.12600203,0.09086722,0.0440459,0.04274034,0.09035449,0.11851708,0.029599,0.0207642,0.0610214,0.12829274,0.05774112,0.06405594,0.03887147,0.02823011,0.0855713,0.07262928,0.02297513,0.03515493,0.1101795,0.04538467,0.02388669,0.06191202,0.12788503,0.03031119,0.07769759,0.17506717,0.11608927,0.07937904,0.13254164,0.13217168,0.11970014,0.07332235,0.14599179,0.15224139,0.14329463,0.20440567,0.29721504,0.18947533,0.07968161,0.30219705,0.09922855,0.12229038,0.24850107,2
0.29688084,0.57458307,0.30195633,0.34435064,0.22540622,0.20329765,0.34245427,0.40547654,0.34067814,0.12607597,0.19590167,0.20263599,0.17529003,0.14557694,0.10132096,0.16915546,0.11153118,0.06249131,0.07258642,0.14830449,0.09935331,0.09490954,0.07104227,0.10078013,0.10408544,0.10104526,0.06562098,0.11321799,0.11746106,0.10078576,0.04858717,0.0833946,0.08965376,0.10697143,0.09361225,0.07445716,0.06395428,0.07233948,0.02026007,0.0600816,0.07346802,0.07556147,0.04281447,0.06958954,0.11140899,0.11206376,0.08057868,0.08850938,0.1009992,0.1092355,0.07506115,0.06716519,0.1170319,0.0557302,0.11907717,0.14443722,0.10947129,0.10979673,0.10877079,0.10731336,0.08084527,0.09542194,0.19326633,0.1629817,0.13249039,0.21633555,0.05216293,0.05830589,0.05520824,0.17942914,0.28902673,0.2956887,0.39254018,0.38684998,0.35103885,0.24406831,8
0.25399598,0.43425018,0.36178454,0.17797928,0.14507371,0.19773772,0.29006752,0.47069464,0.15695946,0.10096129,0.1033386,0.18100895,0.11623941,0.13077724,0.12108786,0.12812656,0.08901849,0.00875047,0.10053205,0.12558166,0.16058105,0.03877356,0.1070432,0.04206843,0.13562676,0.12998401,0.01550144,0.12719981,0.04543834,0.15028862,0.06884313,0.03315996,0.1050377,0.07369279,0.16400115,0.06229763,0.08449814,0.06137707,0.04441039,0.15435896,0.09477648,0.10522629,0.03049667,0.00889446,0.1135209,0.11325309,0.03335997,0.03535607,0.09835398,0.09183251,0.02720663,0.03571846,0.0911746,0.06350733,0.09114337,0.1132427,0.1475051,0.09828238,0.14685317,0.15010524,0.22330163,0.14735093,0.11515533,0.07127202,0.23774455,0.08800008,0.02379894,0.05018324,0.14783254,0.07386552,0.15771431,0.1011874,0.08512017,0.1797946,0.1444515,0.08060752,4
0.08511843,0.18093837,0.35435996,0.25378123,0.21802888,0.14876397,0.48475733,0.22029701,0.2319432,0.17634292,0.25105337,0.16081751,0.1874888,0.19110844,0.09577419,0.04549626,0.10157321,0.13611893,0.07691963,0.23212185,0.16680205,0.03277797,0.06387745,0.14289176,0.10195078,0.18060753,0.14158294,0.02436146,0.05499841,0.11665457,0.14257056,0.06540295,0.10362623,0.128268,0.1749139,0.10939158,0.0878394,0.07683298,0.09561224,0.14987455,0.09289523,0.02740577,0.01244154,0.08648398,0.11200577,0.03173947,0.01355117,0.0316426,0.1561901,0.05870766,0.10729091,0.11166112,0.16068984,0.11092473,0.03399544,0.03224476,0.07946856,0.08851836,0.07823862,0.11011031,0.19309087,0.09625994,0.09902379,0.05993328,0.10425439,0.06246035,0.17113579,0.19324426,0.27353641,0.23380472,0.13729894,0.18264028,0.10775202,0.29961702,0.13196718,0.06448988,10
0.2707809,0.58931875,0.3440342,0.37581006,0.17746973,0.1566031,0.22100412,0.30684207,0.20288436,0.15699184,0.12754475,0.23239983,0.12484466,0.21625803,0.10206311,0.15263453,0.10034516,0.1531909,0.07736859,0.09554072,0.12870569,0.09254613,0.08842567,0.06809039,0.10685266,0.08065271,0.09617707,0.05857427,0.07482267,0.11397977,0.07137768,0.06310987,0.0948199,0.07462117,0.05989448,0.07423888,0.06781694,0.07774533,0.07723974,0.06594978,0.06349229,0.07551336,0.0660721,0.08930698,0.08352704,0.07420632,0.09949944,0.08411828,0.10609995,0.11013395,0.03761716,0.06592648,0.07718927,0.09708862,0.10285792,0.09585419,0.11929458,0.06827305,0.06183405,0.07739883,0.09035818,0.07208189,0.12396555,0.15652933,0.07560708,0.16977139,0.14938971,0.07558975,0.10180779,0.12591874,0.30078042,0.3284885,0.34160942,0.48930563,0.29616529,0.31812714,2
0.1146554,0.15204985,0.17544616,0.30762518,0.551838,0.04149445,0.40149836,0.15241108,0.3541262,0.10769161,0.07092587,0.23456207,0.03949149,0.37189562,0.15971772,0.06180298,0.1304767,0.06884091,0.07985333,0.08214283,0.0815969,0.12437897,0.05999346,0.17195323,0.08267902,0.07316409,0.05827855,0.10252471,0.0999991,0.04872857,0.07395211,0.08695289,0.06007649,0.06887403,0.07648305,0.05677555,0.02802109,0.07521886,0.10686125,0.01760272,0.05086462,0.08774743,0.0425209,0.02006445,0.07015893,0.08165817,0.05266954,0.06204326,0.0460037,0.04845906,0.06381582,0.069276,0.07970283,0.06764324,0.05118566,0.08710408,0.05227953,0.10075322,0.08632065,0.03446119,0.07607365,0.07840136,0.07492222,0.16702657,0.03295091,0.18306399,0.050494,0.05544451,0.06000486,0.13716918,0.08213375,0.29659063,0.03703619,0.40032638,0.16868423,0.41117701,1
0.16886081,0.46973016,0.47756817,0.21648096,0.50273062,0.13057383,0.45865286,0.33940002,0.28838151,0.27713072,0.20815688,0.08255456,0.26469079,0.07038191,0.07289884,0.10358297,0.0848116,0.19501537,0.05099175,0.06284539,0.16767222,0.16133569,0.14562284,0.13912542,0.12808253,0.19393398,0.14372137,0.06947978,0.15049827,0.17781106,0.13425844,0.11852187,0.01766913,0.20446077,0.15616241,0.13746241,0.06247012,0.14006891,0.1843308,0.1756991,0.08264445,0.08924295,0.16163044,0.12697202,0.11653533,0.06218295,0.01812855,0.07471187,0.09701969,0.01612496,0.07133772,0.11846797,0.04769331,0.11494606,0.12727149,0.14495772,0.13712438,0.17060766,0.17102031,0.08608491,0.1928538,0.23177531,0.11681068,0.08610763,0.30051242,0.21875794,0.11155764,0.0860292,0.36511031,0.23914394,0.08130337,0.16021474,0.40126438,0.14419999,0.22332939,0.15282811,5
0.15193708,0.25952774,0.33964124,0.17435931,0.57137149,0.15331604,0.55120826,0.45349265,0.3488186,0.28645382,0.26259499,0.28001196,0.16174534,0.28834606,0.02888177,0.22387332,0.20332596,0.39189619,0.05498421,0.10958453,0.18831197,0.11358211,0.28177214,0.11684864,0.11982285,0.01611278,0.11911544,0.19840938,0.19502269,0.03271415,0.04325258,0.14795468,0.01937286,0.19796185,0.09052379,0.04916415,0.04281727,0.0792038,0.14714527,0.07061267,0.07281919,0.03895297,0.10138254,0.0424457,0.11375497,0.07163101,0.06225421,0.12460173,0.09384011,0.06339404,0.1576285,0.13902603,0.02592367,0.16881806,0.16690817,0.04573571,0.09682864,0.10622717,0.10432109,0.1472954,0.06533614,0.08485038,0.1196703,0.20462977,0.11327922,0.20471794,0.19553358,0.28950309,0.23160471,0.25516012,0.24551937,0.10764161,0.26372192,0.21379969,0.15615945,0.05664874,10
0.07809316,0.3023365,0.37153601,0.1932526,0.56766336,0.22904518,0.40321002,0.3709969,0.331424,0.42609885,0.08519633,0.08168021,0.28379381,0.22462896,0.24173772,0.14415791,0.06605118,0.32351532,0.11664964,0.22535961,0.15069498,0.16988866,0.2320542,0.08115956,0.13186826,0.18793483,0.11074127,0.14666506,0.119647,0.07886003,0.10653433,0.08520647,0.15042097,0.11212028,0.11530758,0.08677192,0.07641355,0.07656608,0.12440619,0.07902351,0.11293418,0.03070749,0.05609497,0.06311903,0.09573338,0.15252895,0.0779613,0.17012015,0.098324,0.1289796,0.08705289,0.13080609,0.09048449,0.08984914,0.13565212,0.13602566,0.07044619,0.04117531,0.1583637,0.22541236,0.05741435,0.06512018,0.20935685,0.19245215,0.11391969,0.17298351,0.12005414,0.18900493,0.16714937,0.12136837,0.12331175,0.20522097,0.2868499,0.11709483,0.1971563,0.15411087,5
0.28744715,0.16963191,0.29922251,0.1506305,0.31422176,0.1576014,0.43131734,0.44143127,0.19652886,0.08827716,0.04817625,0.21310702,0.27310676,0.16143439,0.08487559,0.17903671,0.07465271,0.12278685,0.0508099,0.15019863,0.07548811,0.1453921,0.04457426,0.08712388,0.09180833,0.15583542,0.01779987,0.02320053,0.09129368,0.15970027,0.08409857,0.09183735,0.08725515,0.03900395,0.12275063,0.10237415,0.05879129,0.06839375,0.08297583,0.10538372,0.05830917,0.11164754,0.10374789,0.03207669,0.13510734,0.1678465,0.05417567,0.09661632,0.16398835,0.08031715,0.10974379,0.09410939,0.09820508,0.11338599,0.10689795,0.10964073,0.13633454,0.09412957,0.12032275,0.03218925,0.09183083,0.12306062,0.06247015,0.18868585,0.10800292,0.1200427,0.25415889,0.22316874,0.18397276,0.30203126,0.2213909,0.08230489,0.29231801,0.2275606,0.02762876,0.07105643,10
0.30441264,0.25625883,0.3147065,0.19687284,0.38695381,0.12520631,0.36950591,0.40480847,0.2792958,0.03602074,0.1511381,0.2424212,0.30569908,0.09139967,0.15986825,0.11328242,0.08481327,0.24851391,0.14447579,0.06385482,0.14688409,0.15919045,0.08650768,0.12501858,0.12725799,0.10831121,0.12230795,0.10876927,0.06743131,0.08033274,0.13117836,0.04899787,0.02777558,0.10731964,0.13419166,0.00158334,0.04849232,0.07243952,0.01891871,0.03336828,0.05559064,0.02371786,0.04875023,0.05245731,0.15060615,0.04218891,0.07521839,0.09454813,0.06179607,0.06427604,0.05440988,0.22597027,0.09499843,0.04364846,0.20522859,0.15831596,0.03305896,0.2035915,0.15390711,0.1756714,0.17012151,0.13763588,0.22256154,0.18614041,0.09433392,0.27172798,0.22904717,0.11928373,0.28782226,0.2579927,0.14144895,0.08418382,0.25642377,0.18842139,0.02071004,0.14254102,7
0.03263949,0.12358011,0.04166578,0.36862841,0.52900715,0.01739785,0.41471233,0.05140454,0.39661211,0.14183729,0.06265598,0.17738481,0.01640469,0.32443636,0.15159168,0.03543221,0.17690538,0.06179983,0.01773582,0.11294182,0.07446857,0.08301857,0.06499814,0.18016255,0.07307678,0.06798659,0.11107091,0.07222689,0.02271115,0.07255988,0.07657295,0.04477178,0.08809487,0.09554926,0.05245689,0.08968908,0.06211549,0.05924275,0.01483933,0.03024531,0.06856778,0.04217988,0.10104983,0.05354485,0.09117541,0.04215266,0.04873979,0.04041895,0.07421316,0.04978504,0.09287254,0.01081873,0.07861889,0.04144311,0.07111271,0.09020589,0.08427103,0.10049952,0.0785812,0.0189926,0.05563442,0.07273101,0.07746226,0.16563226,0.07145646,0.1708618,0.05467659,0.0549663,0.02473426,0.15603464,0.07175824,0.32988064,0.04380919,0.39077296,0.0124685,0.45265552,1
0.32746068,0.27008034,0.32544727,0.14520926,0.41679341,0.07762963,0.34866027,0.37170171,0.34552188,0.0892061,0.20935332,0.24273538,0.23442941,0.04419801,0.1758651,0.0286952,0.17036046,0.32357309,0.1359209,0.04049712,0.11963594,0.12525521,0.20370142,0.23065162,0.09218851,0.08463381,0.15453325,0.08608684,0.10532213,0.06063072,0.17014084,0.04105004,0.1191693,0.05939705,0.14121919,0.04535694,0.11748434,0.03680815,0.04568351,0.08099523,0.11485849,0.07557269,0.0740529,0.04640857,0.14942112,0.05297848,0.03011316,0.10272743,0.06469199,0.02760277,0.08370323,0.18131623,0.06944521,0.07261602,0.19965697,0.12041196,0.07287002,0.18457778,0.11521923,0.14147921,0.18872668,0.11756177,0.22354584,0.17919433,0.12053873,0.2648985,0.21168502,0.13267184,0.26623305,0.270085,0.18321818,0.05276326,0.28109861,0.16713515,0.07130904,0.16539734,10
0.14431653,0.37864817,0.46174061,0.24908813,0.35766252,0.14759323,0.22156783,0.33885684,0.12060629,0.13121554,0.3075552,0.15332516,0.2356157,0.24036761,0.11138483,0.10083706,0.18923364,0.07600904,0.22605374,0.18172822,0.06270405,0.05375016,0.12390121,0.04264264,0.02451531,0.09815742,0.13947973,0.06701611,0.10488785,0.12604364,0.10042184,0.07649398,0.13735497,0.05578647,0.09775058,0.1294084,0.05702471,0.02476691,0.08954666,0.10452352,0.00904108,0.05508647,0.0504246,0.01155366,0.14942069,0.12703285,0.07302806,0.04303515,0.12119673,0.10047519,0.10073506,0.11209874,0.10980583,0.05325158,0.09991658,0.11084852,0.08492761,0.17465884,0.12810315,0.035202,0.1303704,0.12285632,0.06954939,0.1164679,0.18773422,0.13022736,0.09451159,0.04857017,0.03247662,0.04160533,0.25834347,0.21631727,0.33091835,0.40057603,0.1852261,0.40929089,3
0.27144491,0.31501619,0.40433427,0.28282291,0.51107725,0.08068098,0.29475713,0.24250055,0.29901261,0.21296233,0.33805727,0.15840522,0.2221978,0.05507451,0.22731684,0.17524151,0.1966864,0.28220762,0.04414528,0.2183147,0.09624154,0.05747284,0.25032163,0.18429563,0.08578805,0.19810627,0.02599416,0.15893569,0.18441831,0.1204379,0.14385487,0.08566948,0.16521161,0.17933452,0.10158046,0.0597942,0.0368789,0.13268254,0.22197586,0.02312341,0.05327201,0.05646473,0.09730742,0.15565447,0.20165133,0.04577874,0.07520186,0.06463438,0.16079817,0.10952866,0.10725537,0.14542509,0.10308175,0.2163173,0.09025655,0.15779658,0.22038622,0.10710391,0.11925291,0.02128364,0.15656542,0.04612248,0.07392179,0.13632512,0.0787583,0.23681193,0.09427032,0.21119619,0.31114879,0.15936662,0.20984364,0.18931583,0.1567831,0.20561569,0.14227675,0.05439778,10
0.09776431,0.54623671,0.19869703,0.26756314,0.16229921,0.26691122,0.04888861,0.28776607,0.21557755,0.18124676,0.01168154,0.23898072,0.05419272,0.17817576,0.13846119,0.11006631,0.10225191,0.13967492,0.08831471,0.13878301,0.11273426,0.06878942,0.09936672,0.08070859,0.05217716,0.10615747,0.07229769,0.10068876,0.0911604,0.04583833,0.06180314,0.07877267,0.04637451,0.08753784,0.08979425,0.03294908,0.06547718,0.03392749,0.07901232,0.0753748,0.04806574,0.02835088,0.08422971,0.03380434,0.05748516,0.04971731,0.06094877,0.10587785,0.06534706,0.0296371,0.10597954,0.11804787,0.08954883,0.1129754,0.08891404,0.09681982,0.12824553,0.13293226,0.05353115,0.04613208,0.08062323,0.13537914,0.07552763,0.11902419,0.06318859,0.02292482,0.1564033,0.22961466,0.10960103,0.17140578,0.15180434,0.10348613,0.27497056,0.50822088,0.11675453,0.41610522,3
0.05422918,0.28022067,0.10262689,0.2149487,0.46336224,0.01065286,0.43273161,0.06412802,0.36960645,0.19452991,0.05219732,0.11133432,0.0750668,0.31380097,0.07042378,0.03351152,0.18711404,0.0538034,0.08394641,0.14180175,0.045945,0.04504549,0.07268118,0.15803617,0.03893035,0.04056356,0.12532144,0.04065749,0.09518847,0.07787683,0.04184848,0.07062225,0.07523908,0.1027957,0.06210493,0.03663323,0.0764321,0.03538109,0.08845575,0.03838262,0.04134595,0.0618478,0.04826093,0.07993272,0.01667765,0.07534541,0.02023793,0.05428369,0.03141896,0.04136788,0.01320487,0.11537692,0.02537588,0.07910251,0.02315682,0.0566306,0.02989714,0.10542747,0.00468606,0.13012014,0.02330952,0.04361499,0.00760227,0.13007994,0.01810288,0.19389435,0.0233351,0.14269996,0.02534195,0.067323,0.01648434,0.26468917,0.02076899,0.4297963,0.06973844,0.40324089,1
0.15890769,0.34802792,0.39094301,0.22017593,0.45119565,0.26992064,0.4861896,0.32227168,0.24796968,0.24285051,0.20861632,0.32501327,0.17516115,0.3646874,0.10090681,0.11839973,0.1572739,0.2168763,0.23618778,0.14023649,0.05007354,0.20478988,0.05001162,0.11885037,0.07456667,0.19010995,0.06130798,0.15120311,0.12946603,0.14667257,0.04773997,0.07780733,0.12839003,0.0931295,0.09582611,0.15064372,0.03306313,0.0607223,0.07665951,0.09768465,0.04448579,0.04028361,0.16464456,0.03870578,0.03999447,0.08630211,0.05000303,0.11765808,0.15442739,0.01283324,0.11041181,0.06121294,0.05539858,0.15748339,0.0997758,0.17496539,0.10572457,0.04189068,0.12961454,0.10621402,0.13921905,0.19089225,0.16842407,0.18297585,0.09632626,0.14386012,0.21253213,0.03779,0.21942351,0.30523214,0.03818794,0.20872579,0.28851072,0.06078592,0.22990056,0.24079262,6
0.17366411,0.26742602,0.37650842,0.17251431,0.20564365,0.07925788,0.40901689,0.38593428,0.20904465,0.12602002,0.06312901,0.14542186,0.07680962,0.16080379,0.11094885,0.04514694,0.06639516,0.06856862,0.09862519,0.13974035,0.08853443,0.07699334,0.06093463,0.0632733,0.13311776,0.09894876,0.06918615,0.04770101,0.08299352,0.11624961,0.09110025,0.03947955,0.03421171,0.10283114,0.12422278,0.09766339,0.03193585,0.06744147,0.09753223,0.11550239,0.11566941,0.04987115,0.0526257,0.06979181,0.12338541,0.07284582,0.08516883,0.02113905,0.1399115,0.06252864,0.10735239,0.02036474,0.14323701,0.07451417,0.08932593,0.08327835,0.14100175,0.05542486,0.07441111,0.11962023,0.17304947,0.05654864,0.05220341,0.07491519,0.20495553,0.08953413,0.08836685,0.02260966,0.16998862,0.17226054,0.1674415,0.05472588,0.17893098,0.25032128,0.17731126,0.17162859,4
0.03598361,0.15025113,0.11130459,0.28273669,0.6275992,0.02711524,0.38739678,0.0683659,0.3215417,0.03542976,0.02557553,0.35328849,0.05990413,0.44756326,0.25202606,0.00529553,0.0330819,0.05639367,0.29201827,0.03530501,0.06284894,0.22181885,0.03173664,0.06631261,0.15611785,0.03467098,0.05531505,0.04520281,0.21522005,0.06141574,0.06615204,0.12193432,0.05600525,0.06298859,0.08132488,0.06695987,0.07988779,0.03425035,0.1159568,0.05663439,0.04668899,0.03656553,0.0674852,0.08535316,0.08139986,0.08346262,0.09023307,0.04908989,0.08691099,0.0470997,0.04641823,0.1154079,0.04384652,0.1340499,0.08399531,0.10483545,0.08492596,0.05607327,0.01150388,0.12709867,0.00974669,0.18648247,0.06040765,0.20689557,0.05886014,0.13956842,0.04012785,0.02679971,0.02457358,0.23945521,0.03882985,0.32483225,0.00963333,0.42313421,0.08868993,0.38498659,1
0.28895233,0.42924643,0.42437436,0.23688301,0.06852056,0.37924305,0.30801845,0.31338778,0.19420375,0.27030766,0.07506198,0.06408234,0.16325308,0.17819864,0.15752591,0.10031298,0.10728848,0.12136782,0.09824065,0.09664406,0.10728341,0.10609305,0.05057433,0.10424787,0.13780395,0.07471502,0.02253056,0.114638,0.17686949,0.13083794,0.02963973,0.10635027,0.11290191,0.04694973,0.02668418,0.10639996,0.07040075,0.00745517,0.13251045,0.07025334,0.07715029,0.03549352,0.08241571,0.10643515,0.09029841,0.1164724,0.15565466,0.05373649,0.14869357,0.11564234,0.11776826,0.08356319,0.08537315,0.17427129,0.11238055,0.07615478,0.15082473,0.15278381,0.14115724,0.01450982,0.21153826,0.09671272,0.10437106,0.06391557,0.14925995,0.15412233,0.06581884,0.14030293,0.09958299,0.0942861,0.02420972,0.23125927,0.15723053,0.14654529,0.13237073,0.0299383,4
0.11984998,0.34554353,0.38022181,0.11023777,0.40687206,0.28445814,0.34645828,0.30060009,0.36479501,0.08862603,0.25506783,0.18355909,0.13104974,0.18108812,0.19561039,0.19043615,0.12982339,0.07190663,0.12475557,0.06186185,0.03611259,0.19210482,0.08230443,0.16726075,0.0545407,0.13122439,0.1397692,0.05622856,0.02125077,0.11387616,0.02907919,0.02362118,0.11952343,0.02361363,0.11853307,0.06916614,0.09350435,0.07824177,0.03408107,0.01538462,0.05900729,0.01520422,0.05828053,0.05493063,0.03910942,0.10611079,0.09881944,0.06750341,0.17673934,0.0710023,0.07310197,0.17976261,0.06302827,0.02659942,0.10682199,0.16674197,0.14936738,0.20448834,0.10031884,0.02425295,0.1504922,0.15285641,0.0606085,0.09211163,0.03785825,0.15365721,0.17019419,0.08837658,0.09425273,0.20636547,0.31821438,0.19103379,0.31476046,0.11560733,0.17135195,0.31891465,7
0.05958099,0.07905245,0.05613417,0.33921505,0.56149613,0.06250626,0.41083466,0.00207886,0.37155924,0.10063773,0.03085713,0.25369985,0.08053777,0.38743798,0.17516078,0.10234038,0.13804744,0.04188507,0.10979757,0.07157038,0.0073833,0.14325674,0.10590725,0.15799541,0.08988344,0.12539475,0.05976469,0.04029704,0.08774898,0.03042683,0.00689552,0.06647305,0.14493839,0.07961127,0.04696238,0.13078475,0.03004333,0.01855559,0.05760221,0.01374358,0.00606189,0.04197118,0.13235309,0.02031862,0.10829751,0.03064032,0.04222581,0.01779172,0.02207767,0.01327313,0.10048212,0.01368305,0.11994968,0.04256647,0.05918002,0.03735526,0.02227346,0.05218263,0.0991397,0.03266659,0.10875851,0.10048316,0.06057034,0.12548863,0.01187372,0.13817819,0.09078349,0.03297111,0.09434148,0.19132731,0.05222791,0.3565221,0.02727451,0.41066748,0.08168266,0.44826369,1
0.04390058,0.15019587,0.11284983,0.3881707,0.49140389,0.03714406,0.38652797,0.03546322,0.41224408,0.18652886,0.03276881,0.12080155,0.01419329,0.2524219,0.12463542,0.08623852,0.18002892,0.06986684,0.100624,0.1375358,0.07473948,0.03526484,0.06615305,0.1237676,0.03934571,0.10165485,0.10851194,0.07903916,0.07271025,0.07654765,0.09023073,0.03273344,0.07316504,0.06084008,0.04880769,0.08273134,0.04237882,0.05780587,0.06690372,0.04390675,0.08769611,0.06376465,0.02858229,0.03040257,0.07500129,0.0627695,0.08612732,0.06899636,0.10330866,0.06797035,0.07636048,0.05414401,0.10841337,0.03040733,0.08712429,0.08840969,0.10006772,0.1107078,0.10522299,0.06603581,0.10465202,0.04330123,0.09113857,0.13734682,0.06832255,0.18705885,0.07472203,0.09264943,0.07560927,0.12943896,0.06215544,0.24439373,0.019552,0.40315134,0.07415113,0.38128321,1
0.27336081,0.26510721,0.31466258,0.21518631,0.70342717,0.04739431,0.30763748,0.26226079,0.07244228,0.34648072,0.1945736,0.28839291,0.185438,0.09235001,0.12818735,0.19355043,0.30283677,0.28369083,0.0701509,0.12980907,0.19620928,0.16288954,0.21131108,0.11728887,0.17253315,0.2502312,0.12045917,0.17331939,0.05894355,0.15361705,0.14759459,0.18457006,0.12249268,0.08033895,0.15991607,0.04896749,0.23549132,0.0807875,0.10044209,0.10980963,0.16986398,0.16077342,0.04448865,0.16894949,0.13487719,0.05533473,0.07092694,0.1342569,0.16871538,0.04616643,0.05996098,0.14192508,0.15531369,0.1200169,0.03754425,0.10842145,0.04747587,0.11924067,0.14297212,0.10196688,0.17847992,0.12276909,0.20411158,0.02399087,0.29953149,0.14472562,0.28175718,0.01397687,0.2747601,0.18712534,0.16122236,0.15345257,0.10602364,0.34628981,0.29501609,0.2662585,9
0.28972665,0.19526307,0.30540238,0.16575632,0.31771052,0.16951233,0.37043934,0.40957278,0.25295891,0.08247498,0.10029365,0.22637749,0.34509116,0.07853625,0.13702893,0.14028044,0.00287311,0.17386911,0.12187506,0.08849935,0.10635256,0.15797261,0.06746154,0.07317781,0.10783804,0.11571854,0.09876473,0.08850978,0.15282266,0.11325528,0.1327136,0.05552059,0.04542697,0.08336422,0.12929006,0.06205279,0.05850713,0.09329707,0.06367215,0.11290878,0.07784923,0.03698488,0.03312736,0.07698916,0.11889018,0.14930755,0.05984391,0.12110175,0.14008678,0.06893293,0.11843019,0.0623426,0.08219161,0.11601567,0.08634447,0.17189518,0.0929376,0.11382757,0.17818628,0.07025242,0.12308258,0.17585426,0.05986806,0.13248969,0.12609034,0.10534927,0.19245878,0.19815968,0.17444286,0.27683533,0.20895433,0.0999843,0.29840163,0.26441274,0.023583,0.10559912,10
0.0526077,0.16409182,0.05152557,0.30899875,0.53932729,0.04299194,0.42108135,0.03278481,0.41302191,0.12315355,0.02989193,0.18513117,0.06643602,0.36284122,0.14182358,0.07205946,0.15721414,0.05016311,0.02257129,0.10586151,0.02184828,0.05901986,0.06807353,0.18518945,0.04585941,0.07649071,0.11404745,0.04896217,0.00260557,0.08018516,0.0378913,0.01559439,0.0803984,0.10791531,0.00620318,0.07138585,0.06603852,0.05160402,0.02029751,0.05020014,0.05493747,0.02210065,0.07250311,0.05376328,0.0662566,0.00890354,0.06053566,0.0400465,0.04540211,0.06925242,0.09023772,0.00993224,0.07988628,0.02434747,0.062114,0.09909362,0.0332522,0.11160834,0.09219914,0.01921633,0.08169369,0.06949082,0.06283194,0.18434671,0.03306405,0.16295507,0.08937636,0.02629802,0.08468017,0.1814327,0.06248089,0.32529388,0.02209377,0.4124645,0.05776378,0.39411308,1
0.1398628,0.58013028,0.12393343,0.3295572,0.03494173,0.23104564,0.12568363,0.18393837,0.21807382,0.14629723,0.14709875,0.10612466,0.12948203,0.07449978,0.20329166,0.05664379,0.1853311,0.0156009,0.13661127,0.1597925,0.15582223,0.11572789,0.11774268,0.1104224,0.09696707,0.17208197,0.07521548,0.13744228,0.05611604,0.10091128,0.1079405,0.10447837,0.09952401,0.09243914,0.09232794,0.08360873,0.08596398,0.05447954,0.09894369,0.09214556,0.06707518,0.07742381,0.05169586,0.06637447,0.08501477,0.05558863,0.08644639,0.09225935,0.10089052,0.07090379,0.06098619,0.10684364,0.111096,0.09010144,0.08512926,0.06603422,0.12555818,0.11623561,0.03634503,0.04496792,0.07419645,0.1259122,0.08386399,0.17555209,0.08246264,0.03174131,0.16407123,0.21033073,0.17613565,0.21991927,0.11354289,0.13722524,0.20337186,0.56501883,0.16982999,0.54859434,3
0.08392907,0.4641449,0.339606,0.25910861,0.14669028,0.24707694,0.1212642,0.49065343,0.09567239,0.20469976,0.04728525,0.04244426,0.08790444,0.20636599,0.07095335,0.03070935,0.15968154,0.12401422,0.08380437,0.12985848,0.10301538,0.12602003,0.01130094,0.06102646,0.04386967,0.04299701,0.06122949,0.02542346,0.09364806,0.02984705,0.06546722,0.07699577,0.01865366,0.07222021,0.03709574,0.05562599,0.04603876,0.02510783,0.07670832,0.04578945,0.05769153,0.02826071,0.02946933,0.05481838,0.08230749,0.1391974,0.1426492,0.09205484,0.09309155,0.13345217,0.12404452,0.07214816,0.09176973,0.1763262,0.13870142,0.02047066,0.1868059,0.20161621,0.09756124,0.00609573,0.17301511,0.18634589,0.08168229,0.08205112,0.21228026,0.12032313,0.12881369,0.04869716,0.18448107,0.13391545,0.07683939,0.20704687,0.25279533,0.21551714,0.24875001,0.01942156,4
0.16604165,0.50650041,0.22352936,0.07107323,0.32253032,0.43902021,0.23797182,0.30643224,0.10312961,0.28582178,0.18459567,0.1203956,0.17585463,0.17231106,0.13835499,0.28821729,0.12395701,0.15225744,0.11826962,0.1571028,0.17916957,0.17145411,0.05586616,0.14596003,0.062648,0.22683699,0.16297978,0.01914974,0.09229845,0.10508439,0.18614453,0.16397566,0.08382151,0.11739626,0.03993952,0.11863139,0.23721536,0.04473869,0.07745207,0.10957769,0.1350141,0.12979476,0.14700022,0.03191089,0.07507647,0.10387613,0.01885264,0.022319,0.1303047,0.10163636,0.0881048,0.02025542,0.07721416,0.089117,0.07504792,0.08488553,0.10490671,0.10036585,0.08022197,0.04514327,0.04675067,0.06869016,0.04968699,0.05907165,0.05475868,0.17069322,0.06108919,0.21036412,0.13839312,0.17814402,0.15236079,0.11147851,0.16268925,0.3231031,0.31264997,0.20145427,4
0.04801077,0.15667575,0.11384215,0.29864944,0.57131746,0.02526224,0.42387554,0.07444246,0.39924768,0.09631946,0.00986745,0.21707479,0.01733175,0.38179239,0.18367046,0.02983113,0.15227058,0.00629781,0.07247277,0.08969704,0.03037667,0.11569873,0.0362845,0.17793356,0.10246241,0.04876756,0.10944765,0.03924162,0.05022598,0.07929561,0.03926553,0.07696434,0.0418065,0.13207086,0.06695989,0.05272052,0.08145222,0.04787769,0.06084168,0.06604009,0.04879801,0.0608022,0.05918334,0.07936068,0.05739902,0.05967996,0.04453926,0.0920734,0.03925629,0.08241607,0.04243439,0.074388,0.04854621,0.0849637,0.02172054,0.13958873,0.02987727,0.10835278,0.05055893,0.07738491,0.04069682,0.12887229,0.01240612,0.20545331,0.0229138,0.1515907,0.0283737,0.06537599,0.03676606,0.22840497,0.04642221,0.37197198,0.01772283,0.41032087,0.10787204,0.38819848,1
0.27891943,0.25370052,0.33635341,0.11761776,0.3597518,0.16676064,0.37955884,0.43873873,0.20530414,0.06765436,0.0916703,0.20639856,0.26563497,0.20035832,0.05801402,0.19106319,0.05539142,0.16128668,0.13512736,0.2003138,0.06429125,0.15564725,0.07316714,0.03558996,0.07927644,0.14867921,0.04253006,0.09384043,0.09997721,0.14006977,0.02434976,0.11848811,0.06867515,0.07217393,0.00938682,0.13573164,0.04004633,0.07835182,0.07455926,0.14169951,0.01491339,0.07683739,0.08315358,0.05994937,0.01216415,0.10403009,0.05823667,0.20399517,0.13092943,0.08657838,0.21563778,0.07044338,0.09162715,0.21631294,0.03473249,0.02228689,0.20732954,0.01049426,0.03079636,0.11854588,0.02230307,0.06273532,0.14015666,0.22025227,0.07113327,0.18312408,0.29596902,0.15689918,0.24350419,0.30165129,0.17901358,0.02206044,0.28485519,0.16025845,0.00451444,0.14581294,10
0.167579,0.5748226,0.19971381,0.34089256,0.31241733,0.00468871,0.46214982,0.20244599,0.37235986,0.05806998,0.20379097,0.10453453,0.18937249,0.13295629,0.11458388,0.15901784,0.0921332,0.04084757,0.11071177,0.11918026,0.07617924,0.06315842,0.09978776,0.09373796,0.12398299,0.03394986,0.07099124,0.11858532,0.06724096,0.02407423,0.07845271,0.1098,0.06484488,0.0941236,0.0531414,0.0875128,0.07575415,0.06873905,0.04499781,0.09678235,0.0721357,0.0722125,0.07174551,0.06088869,0.07128665,0.04893437,0.12167123,0.10594895,0.04850833,0.14176514,0.08604614,0.0447596,0.11196684,0.09638258,0.05199916,0.03851728,0.12157404,0.03124532,0.05228497,0.1739131,0.08312667,0.01572754,0.16155476,0.16754214,0.07538902,0.20776382,0.28380113,0.14722316,0.15950067,0.2880011,0.08494931,0.05236493,0.3821151,0.24158519,0.13200456,0.29656988,2
0.28926411,0.28478112,0.42811363,0.22530505,0.38529861,0.14398689,0.30310904,0.37316975,0.1606829,0.0656122,0.18239784,0.15986024,0.33797396,0.17312726,0.227871,0.0564381,0.01969052,0.20001635,0.15189064,0.03479012,0.06754737,0.18155084,0.07073239,0.07675705,0.09160961,0.11715131,0.15023806,0.12243578,0.04166459,0.0785609,0.15391581,0.1089552,0.06709957,0.02470234,0.1354452,0.07416641,0.11127679,0.00046895,0.0788565,0.02635294,0.13783125,0.04673544,0.05823906,0.07469248,0.09220096,0.12571792,0.14109986,0.09455163,0.08614884,0.12849539,0.10570458,0.18375007,0.11039318,0.09694835,0.22584956,0.07010992,0.06730738,0.26032662,0.10644219,0.08289246,0.26728534,0.13746776,0.14844195,0.04690297,0.1171577,0.21953807,0.11264301,0.13944385,0.27275808,0.21639417,0.15164319,0.12233658,0.24719804,0.17451343,0.091024,0.135019,7
0.16371628,0.38808291,0.46572426,0.43603576,0.25495755,0.06820538,0.25673335,0.30868071,0.25106691,0.18450337,0.11072331,0.19304219,0.13368053,0.05385008,0.20798974,0.02063658,0.07450422,0.06933856,0.08480588,0.08355958,0.04350089,0.07144048,0.09040915,0.10940096,0.03335412,0.06111782,0.16553399,0.03204043,0.06096456,0.01417903,0.13288301,0.1148973,0.02046293,0.00993833,0.04779533,0.12559443,0.07909901,0.02474058,0.06213357,0.099241,0.12427425,0.07318691,0.05068514,0.04617949,0.06228691,0.09982799,0.13522161,0.04777043,0.07131278,0.16130946,0.12280778,0.04309806,0.11697969,0.17789051,0.07132308,0.04723081,0.14210692,0.14245189,0.08879435,0.03563642,0.20407311,0.14975467,0.05055363,0.04294248,0.19849859,0.15597733,0.03748582,0.01055844,0.20376373,0.1671041,0.05588381,0.12607442,0.24236011,0.08396051,0.22201378,0.26890291,2
0.12444374,0.02949463,0.3940756,0.13428538,0.24435562,0.30128475,0.53690123,0.10972974,0.10663152,0.16140503,0.17454729,0.27056943,0.16570017,0.3576389,0.09685855,0.10021181,0.10120334,0.16769467,0.24124814,0.16129966,0.21692798,0.10968891,0.06102443,0.13033587,0.0460033,0.08232393,0.11070085,0.19232398,0.09582628,0.13945898,0.09920338,0.0629069,0.05937902,0.08225086,0.10702405,0.14618905,0.10074361,0.03980997,0.06807397,0.08614508,0.09291995,0.07230479,0.11178256,0.10414136,0.12867072,0.06792293,0.0743034,0.07885096,0.08230824,0.08126528,0.05273778,0.09199245,0.15555262,0.0922607,0.13524623,0.03526971,0.0931917,0.04179853,0.03794254,0.09717123,0.14075866,0.1534793,0.13256973,0.12582965,0.1416933,0.02784909,0.08047341,0.20575496,0.2447452,0.27640016,0.12189363,0.02996375,0.17868141,0.23191813,0.27755418,0.04184273,10
0.27124691,0.59401635,0.34297271,0.35401782,0.08477473,0.24170648,0.46201188,0.37848399,0.2380616,0.1931915,0.16238222,0.10392208,0.12442958,0.2610901,0.20482924,0.11746156,0.12797801,0.25039256,0.09746359,0.1263079,0.03808093,0.15961979,0.17270212,0.11320667,0.0850365,0.15071901,0.10262775,0.02816097,0.13412058,0.04547688,0.16988051,0.10338131,0.15335746,0.05801078,0.06284316,0.07210854,0.07714655,0.14874885,0.05139279,0.10236959,0.04720549,0.10502473,0.06317326,0.05209025,0.05748091,0.13038003,0.0413389,0.08841741,0.04444864,0.09002673,0.07105483,0.07837787,0.10621773,0.03210618,0.11060875,0.01142258,0.12101352,0.08305546,0.12191582,0.09940291,0.02887338,0.07338904,0.03218052,0.07366223,0.12246214,0.12412292,0.15196715,0.02468536,0.19578667,0.16608197,0.2178776,0.12853719,0.13204272,0.13873074,0.18486874,0.17239977,4
0.13249414,0.43671291,0.09905603,0.0491001,0.12280688,0.11095272,0.71955597,0.19489247,0.54022838,0.11873009,0.20931981,0.1209971,0.09023239,0.54426213,0.15777772,0.25399147,0.13242459,0.13051367,0.07149299,0.14066327,0.1040973,0.08610756,0.2231461,0.06708447,0.10620061,0.07336709,0.13099008,0.04499033,0.07126925,0.13200144,0.14863086,0.14980812,0.05544008,0.08108515,0.16099849,0.12677653,0.10000897,0.09345677,0.11155438,0.12308233,0.08574165,0.10195055,0.07757381,0.04137053,0.10959873,0.0911214,0.04976997,0.06149274,0.09599705,0.07165594,0.02366155,0.0601405,0.0783345,0.09428498,0.05754068,0.07006059,0.10589816,0.09363349,0.0973308,0.08124686,0.15524426,0.06714386,0.08950845,0.051624,0.15837359,0.10142821,0.07947281,0.11231842,0.17764906,0.11803482,0.07661273,0.16343599,0.18291772,0.17267431,0.07301047,0.10588601,6
0.19025522,0.48234829,0.02520531,0.30254281,0.12982454,0.08147083,0.66186632,0.20857964,0.47203427,0.23763175,0.18916432,0.04889705,0.10172917,0.37111714,0.24500613,0.19857614,0.24651284,0.14047971,0.0594269,0.14991771,0.03330351,0.15053676,0.21407907,0.12082205,0.10504482,0.13605265,0.02763386,0.04805097,0.08285919,0.13937216,0.16711008,0.129783,0.13452653,0.01147262,0.10572575,0.07352027,0.07298411,0.10004252,0.11206763,0.12948342,0.13508185,0.04653158,0.06761033,0.05164065,0.15187116,0.06093721,0.19545856,0.0616018,0.06284341,0.13769224,0.06774904,0.10095042,0.13443045,0.1783359,0.10404173,0.04980574,0.20368912,0.0454054,0.10959489,0.02351704,0.0761765,0.08669026,0.0982023,0.12006192,0.07827227,0.21674327,0.12715579,0.1034398,0.17968348,0.15113284,0.13366434,0.15019285,0.21189561,0.13966806,0.13574718,0.10743566,6
0.03224803,0.55923992,0.34604824,0.28210551,0.45098974,0.19202848,0.51884688,0.31017122,0.45069492,0.26523797,0.24206918,0.13555072,0.17475495,0.15022902,0.15918796,0.17260878,0.15178599,0.10807116,0.19562413,0.14497634,0.26707236,0.08844356,0.09162865,0.10082256,0.19764518,0.14812048,0.03721159,0.03514974,0.16658608,0.15973616,0.14288421,0.05530625,0.06397085,0.17293926,0.15276714,0.06493557,0.06186491,0.09624635,0.14912402,0.07439317,0.08785486,0.0832108,0.09553905,0.12668012,0.06531425,0.08245991,0.16842797,0.11044263,0.07202936,0.07220372,0.17083865,0.15687059,0.05032517,0.12531838,0.09495745,0.11792583,0.08401971,0.027842,0.07621294,0.24224277,0.08366291,0.08281209,0.11663544,0.18671625,0.26331406,0.07766393,0.20128924,0.2249412,0.17754982,0.11825918,0.13497635,0.14780028,0.36334267,0.1863358,0.30842807,0.09242967,5
0.32102126,0.53578288,0.47400673,0.29436488,0.19023177,0.14605698,0.14018871,0.29714998,0.12083375,0.15694655,0.12150382,0.20700152,0.11448511,0.18400529,0.11426788,0.17369237,0.10776262,0.13793014,0.11861559,0.12305918,0.14065494,0.11888874,0.10868336,0.10046906,0.16279465,0.09326365,0.09249854,0.05679789,0.05805905,0.09049131,0.11042246,0.05357998,0.0561641,0.03249941,0.1123085,0.07702994,0.07078114,0.06184518,0.08342066,0.0865386,0.06226666,0.08094063,0.07888371,0.09935829,0.1023662,0.10857725,0.04556716,0.02120403,0.10507858,0.06180723,0.09327823,0.12289579,0.12858978,0.11732423,0.07341843,0.02303639,0.091881,0.04706941,0.06905042,0.16221355,0.108408,0.10591843,0.18752681,0.19492383,0.14708195,0.17158373,0.03148452,0.17835051,0.03935559,0.18807588,0.36741092,0.27390179,0.3874131,0.45580451,0.19745484,0.23886686,8
0.14889677,0.19402385,0.39796466,0.06657561,0.26557946,0.21586054,0.47803023,0.1770605,0.27165968,0.09523565,0.26002,0.17591628,0.11249497,0.32155791,0.02577074,0.04497538,0.08718781,0.28905034,0.13341564,0.16484791,0.11504785,0.08260627,0.08017836,0.12762328,0.09892069,0.15635826,0.11351228,0.05476947,0.11737591,0.10888587,0.09367969,0.05991462,0.10480502,0.0417191,0.10139825,0.10564196,0.14838187,0.10001041,0.03572714,0.06188464,0.01358814,0.04664807,0.09062926,0.14441858,0.06768411,0.07525386,0.03041781,0.0174999,0.12846414,0.11445893,0.10738311,0.07166656,0.07328104,0.0939191,0.12151047,0.07192483,0.05618831,0.0636555,0.12903795,0.15518682,0.20459493,0.10942492,0.07272715,0.07464515,0.10031925,0.07838182,0.0185137,0.14450485,0.19844469,0.26795536,0.2369706,0.08191789,0.19533639,0.21048576,0.27772566,0.15780006,10
0.31156662,0.59693477,0.35832687,0.42451102,0.27180867,0.12642856,0.28214787,0.27771902,0.20657136,0.09340761,0.25777696,0.19080166,0.20953787,0.20363532,0.2105442,0.090817,0.16077011,0.1012386,0.13418658,0.09553621,0.16095832,0.04842588,0.06747511,0.08764544,0.17429349,0.04107561,0.07239113,0.08250129,0.07091218,0.04179282,0.07802916,0.07641426,0.07840115,0.10306166,0.11480545,0.06589866,0.04849322,0.08676853,0.06136921,0.04861182,0.05183073,0.08601099,0.04727068,0.0537436,0.13417785,0.15992114,0.0633771,0.14505881,0.09215124,0.11481397,0.18927181,0.15846797,0.16240294,0.19139507,0.08621222,0.0982883,0.15633463,0.05011479,0.16153016,0.25018725,0.14127435,0.23130381,0.21054773,0.03909389,0.18672179,0.1247451,0.13412563,0.17152426,0.04976423,0.30521341,0.26818936,0.28841102,0.40097899,0.42025505,0.1980537,0.29291134,8
0.16782399,0.10628863,0.09475869,0.20355077,0.11142055,0.10650193,0.37466086,0.18598768,0.26605779,0.07959416,0.09300822,0.10534929,0.09219825,0.09295043,0.05409112,0.10020596,0.07271915,0.05263892,0.09560455,0.04776749,0.09318397,0.03626503,0.07355141,0.05119858,0.03679841,0.06293052,0.02557046,0.0786303,0.08354953,0.07891207,0.07688829,0.03906266,0.03399236,0.03785317,0.10424176,0.06017799,0.04599021,0.05740794,0.04953856,0.0915762,0.03212393,0.06747809,0.05427423,0.0126532,0.06531034,0.06827805,0.04503278,0.04944768,0.06283928,0.03467724,0.02642804,0.04765288,0.06078198,0.0242702,0.01121187,0.04375501,0.07636482,0.02196175,0.05000275,0.0859147,0.0952648,0.06017904,0.01774964,0.09020184,0.07108325,0.08930057,0.01787853,0.02228651,0.07214038,0.04935343,0.02058937,0.27530056,0.08588821,0.38407808,0.14857609,0.33020006,9
0.12212291,0.53914025,0.20631127,0.36437597,0.09013201,0.18674073,0.15495922,0.02285184,0.08922197,0.05551419,0.17465415,0.02453749,0.12973028,0.15736158,0.13243791,0.06638132,0.12676227,0.11602966,0.01381132,0.13173712,0.0860251,0.1181421,0.00716139,0.08709996,0.15239093,0.12025169,0.10352031,0.04893195,0.07307816,0.14154352,0.14453996,0.10110705,0.06465527,0.08551914,0.09021121,0.14980964,0.04417176,0.07554815,0.0420266,0.0893496,0.10533254,0.08522298,0.05923786,0.01671619,0.13509116,0.07745927,0.02136452,0.0378622,0.14046512,0.06692368,0.02951785,0.03451909,0.09353463,0.0764343,0.11002417,0.08491637,0.03870622,0.03011564,0.13585892,0.13814782,0.04815799,0.05913833,0.13520485,0.14761528,0.13094531,0.12166633,0.10103126,0.07601461,0.22393346,0.20200084,0.07637649,0.05250773,0.21053369,0.49183299,0.07033863,0.48380145,3
0.18102086,0.53640735,0.27692042,0.28826469,0.26917616,0.23210557,0.64127442,0.13397787,0.48031092,0.31575689,0.07572805,0.08399691,0.23595098,0.36586185,0.11331177,0.1387627,0.29967154,0.0522776,0.11371254,0.06303276,0.19217479,0.05555248,0.10071222,0.20870361,0.1916268,0.08817492,0.08685455,0.16773456,0.15975126,0.09368375,0.1517851,0.0817298,0.04884258,0.07263655,0.08951073,0.03113622,0.0923874,0.17560222,0.09844716,0.07983213,0.05716477,0.06413638,0.06204357,0.09349643,0.11702355,0.11826491,0.09396154,0.09927779,0.05727295,0.09442687,0.04001689,0.13903721,0.12824898,0.02800296,0.12342764,0.03224757,0.06219106,0.14099661,0.09018536,0.19663373,0.07033751,0.16127324,0.18450078,0.09094868,0.18274276,0.12581576,0.14938502,0.18949727,0.15104244,0.26892501,0.19015525,0.07712547,0.27509018,0.12900564,0.15430118,0.14820961,6
0.24133368,0.52643546,0.37782748,0.19852877,0.32905405,0.10231603,0.28802822,0.39171231,0.20891851,0.08432532,0.23007646,0.21897644,0.08721567,0.18383134,0.19166949,0.15327722,0.05781185,0.15569228,0.10745287,0.10280088,0.07402949,0.1681385,0.13476067,0.07441204,0.10632877,0.1664527,0.10810241,0.10355814,0.14730131,0.12800768,0.04809375,0.08954605,0.14377282,0.10282489,0.02094872,0.07741363,0.13421713,0.09802445,0.04380549,0.04365911,0.1193001,0.09534134,0.06112058,0.10444905,0.03075834,0.07644788,0.11055771,0.07226533,0.08702653,0.12766098,0.0384599,0.02557765,0.12420473,0.01166074,0.05021345,0.12339709,0.05523714,0.07517845,0.12874658,0.14987927,0.1312584,0.17758801,0.1419826,0.05410738,0.16254823,0.0819678,0.14089497,0.22178825,0.12503234,0.30450222,0.34890246,0.22341527,0.42635088,0.43220568,0.19113602,0.10888006,2
0.21879536,0.34980511,0.18453111,0.29576012,0.17225328,0.11014268,0.61985592,0.31912246,0.30667673,0.0506661,0.12365386,0.06499386,0.21416855,0.3221839,0.15944146,0.12056298,0.08309614,0.06331711,0.03430349,0.08218939,0.06912086,0.09835248,0.17225375,0.11389762,0.11234041,0.12148082,0.09480185,0.0627247,0.06941074,0.10297521,0.09034639,0.0988708,0.1245379,0.0367596,0.09589563,0.05084344,0.07184049,0.06983877,0.12520596,0.04511861,0.07572971,0.09762058,0.06354162,0.00318085,0.05576106,0.08067945,0.07025889,0.01714772,0.08275673,0.05754631,0.04168739,0.07668679,0.05780263,0.0956217,0.04363143,0.042722,0.07230894,0.08044606,0.09186091,0.14997571,0.09888699,0.16788347,0.15034509,0.05229753,0.16242962,0.05038491,0.04165155,0.13493914,0.05469952,0.15184341,0.19141421,0.15080117,0.22451886,0.24621761,0.15710108,0.21296988,5
0.21396331,0.51134726,0.28055563,0.24448381,0.06555481,0.17157745,0.12601234,0.17568702,0.20354138,0.15461822,0.09125387,0.11600535,0.15740491,0.02881803,0.19721352,0.0709459,0.20798658,0.01581223,0.11437715,0.15776592,0.16411047,0.10462845,0.1318595,0.1020517,0.10399843,0.134477,0.04090051,0.11233243,0.02740185,0.05963641,0.06077775,0.0909367,0.03763231,0.10652393,0.07809347,0.08126287,0.10466701,0.06365881,0.09130403,0.13971226,0.09368539,0.10598351,0.04240187,0.05294371,0.06694846,0.06917025,0.05354878,0.04513422,0.06499927,0.05093479,0.113235,0.11149862,0.10635028,0.13765699,0.13367472,0.1300494,0.16947693,0.15716648,0.09975263,0.03391243,0.1598391,0.12953231,0.05037833,0.1079863,0.01583133,0.06320696,0.15911818,0.21539518,0.14880736,0.17978727,0.19093393,0.21822788,0.23464596,0.5941852,0.13794299,0.43022669,3
0.24855022,0.1099554,0.2644528,0.23346676,0.15890097,0.19744251,0.46707196,0.36566579,0.17273852,0.18091438,0.18304039,0.09773898,0.16517709,0.1760979,0.16119398,0.13924824,0.1271814,0.20522377,0.08805557,0.11233612,0.1220951,0.07474181,0.07588933,0.13785592,0.14941314,0.0646807,0.10763085,0.0789496,0.11046683,0.10152026,0.10921734,0.08890418,0.02518284,0.06223776,0.12202417,0.13905975,0.00958811,0.04915381,0.07317742,0.16385753,0.04775342,0.03084525,0.06790685,0.03101755,0.09396002,0.1155435,0.0400365,0.05271913,0.11494697,0.06171682,0.07005026,0.06011955,0.13626296,0.03021585,0.1010891,0.13501589,0.05159858,0.16394752,0.11262945,0.02933774,0.19376941,0.02275971,0.0826297,0.07344825,0.11500282,0.09702213,0.04611012,0.15145161,0.02699233,0.19386861,0.2403946,0.22060595,0.28384082,0.32617101,0.12589525,0.1208757,10
0.08212186,0.55461688,0.36709071,0.33632955,0.40328373,0.20391319,0.50371445,0.18364231,0.41912086,0.23769582,0.2619562,0.22546448,0.07667885,0.0975367,0.06651721,0.16420477,0.29946694,0.07604514,0.07691153,0.0185311,0.2411065,0.21662699,0.07128452,0.05855987,0.00625037,0.10310327,0.1043735,0.19627642,0.10085329,0.0278731,0.07504834,0.04933569,0.17103525,0.09842325,0.10884432,0.06077242,0.08206026,0.13244184,0.05326417,0.08772216,0.07528245,0.02565244,0.05128026,0.07560075,0.08226061,0.02142465,0.05819157,0.0850302,0.09542196,0.0404115,0.01684053,0.07980928,0.12139392,0.14278189,0.02035056,0.08732413,0.14197209,0.08970961,0.06367401,0.01870615,0.08999285,0.10526551,0.14039707,0.03575367,0.11793756,0.1131306,0.1819288,0.12898707,0.08274234,0.1532295,0.19819966,0.11676501,0.35772904,0.12876918,0.34829894,0.04531631,5
0.26455474,0.06951132,0.16995691,0.17422474,0.24953308,0.14756841,0.46296027,0.46604035,0.09822965,0.16358726,0.05356412,0.22566301,0.19015569,0.21243115,0.04285281,0.2440031,0.06523142,0.07410489,0.08498464,0.22452381,0.02390813,0.09398607,0.12506382,0.11936661,0.03735419,0.1107719,0.12130909,0.14232221,0.08391795,0.09780573,0.12997572,0.17318845,0.12904056,0.03706792,0.14449624,0.174274,0.08988854,0.04732004,0.05436245,0.13715554,0.06704675,0.06360468,0.09909977,0.14507549,0.14117927,0.01753927,0.14063805,0.06355405,0.06247164,0.13768259,0.04828475,0.05312102,0.10296928,0.08604784,0.08818723,0.06489566,0.17093812,0.11848959,0.06969174,0.08983228,0.09149463,0.09681141,0.14464677,0.02445257,0.16071031,0.10167204,0.0693243,0.14771549,0.07681101,0.21767177,0.23373853,0.19596104,0.31536934,0.30436673,0.08142271,0.13997897,7
0.14786328,0.51367128,0.09406134,0.24147806,0.07983134,0.14564328,0.67996893,0.1227965,0.58971432,0.16682419,0.18525806,0.08353785,0.053682,0.41408198,0.20487879,0.16936642,0.19571001,0.10779256,0.29703308,0.15368091,0.10443504,0.19469039,0.13966328,0.10031477,0.10351273,0.07428535,0.08509886,0.06606445,0.18234693,0.13910496,0.09999658,0.05511989,0.01462361,0.15753456,0.12192611,0.09889594,0.10010935,0.04858315,0.02114635,0.08338557,0.09888391,0.04772644,0.05108513,0.10890257,0.14632327,0.10124894,0.12679618,0.07550095,0.12698999,0.10481465,0.08451795,0.05848318,0.11891782,0.13044798,0.06619137,0.08412932,0.11375122,0.11491121,0.07572922,0.04764741,0.12873165,0.14603498,0.09866712,0.07091092,0.16397232,0.13390818,0.10439438,0.03736275,0.18721993,0.0902793,0.08292495,0.15417451,0.17562139,0.09426341,0.07586101,0.05773148,6
0.14045958,0.60937088,0.12596608,0.40305554,0.28358633,0.21663097,0.51064805,0.31066026,0.38105929,0.13457888,0.26049227,0.20215146,0.20583909,0.1420929,0.14973045,0.10150072,0.12546602,0.16761823,0.24274129,0.08643251,0.05501536,0.14535617,0.23788271,0.11846392,0.08969307,0.12534043,0.15991737,0.06499541,0.09722766,0.03255164,0.02230002,0.07329399,0.11867258,0.15266777,0.05348974,0.09353263,0.07120406,0.09731764,0.10050518,0.0398242,0.0217758,0.02654048,0.04636563,0.07873209,0.05879792,0.10783953,0.10280155,0.0546372,0.09638922,0.05681769,0.06005674,0.13328187,0.07763457,0.09130963,0.12357062,0.06566652,0.0911424,0.07031439,0.14757671,0.10063794,0.02814389,0.06304962,0.07601796,0.09133806,0.14336875,0.21183953,0.18469419,0.2017319,0.13521451,0.04509061,0.07100856,0.1573683,0.39586494,0.26996788,0.44001168,0.19575304,4
0.31625017,0.50595224,0.42816084,0.231032,0.31377292,0.12336988,0.29532023,0.35102538,0.25296564,0.0363117,0.25631061,0.1750606,0.21333125,0.18999126,0.26489058,0.10171705,0.12678764,0.10287798,0.08545148,0.06063514,0.13318822,0.11450028,0.05722769,0.0363738,0.16712578,0.12213165,0.05170837,0.05462436,0.13164527,0.13403863,0.01644155,0.07931682,0.13987105,0.02337611,0.0090418,0.11485436,0.15080283,0.00548203,0.1157409,0.11312992,0.14421703,0.01141034,0.15088712,0.06424187,0.05895376,0.07642875,0.16159636,0.07177912,0.09903412,0.17519094,0.08843652,0.08158196,0.18791614,0.03649,0.11532494,0.17588223,0.01222299,0.20032367,0.19353541,0.09790203,0.22916708,0.20907023,0.05513399,0.14912811,0.12366386,0.06398011,0.24760596,0.20515606,0.18545971,0.33777673,0.28194816,0.15168584,0.45146168,0.36906022,0.12261013,0.30394799,8
0.25197269,0.54964657,0.33078272,0.29708556,0.24236019,0.2160644,0.54593188,0.27845016,0.27865709,0.36345347,0.03948454,0.02942584,0.23600756,0.21233824,0.09860658,0.03537098,0.26545793,0.14796312,0.02512665,0.1337721,0.10394758,0.09609391,0.07898627,0.12903309,0.10814318,0.10302765,0.11866314,0.11798874,0.05992912,0.07515276,0.05550275,0.08935954,0.07727454,0.06010734,0.05489578,0.13318501,0.03283153,0.05268184,0.0719746,0.09169868,0.05421247,0.03651135,0.10835725,0.0439177,0.02120663,0.05791578,0.13871746,0.09650167,0.0651787,0.13394273,0.09138273,0.22222572,0.10310639,0.07427769,0.22047861,0.06817597,0.05671481,0.18567373,0.07166645,0.14075376,0.17858189,0.23349405,0.2377119,0.05908105,0.15419477,0.0802862,0.0981454,0.01607001,0.21247096,0.28583933,0.17155306,0.05536315,0.20150929,0.15659243,0.21027096,0.09387581,4
0.19617734,0.24034081,0.35793003,0.18425988,0.34071313,0.14850274,0.41118088,0.33613726,0.27454188,0.1847425,0.13290753,0.11824201,0.27666993,0.25090709,0.17450203,0.10384354,0.05009533,0.08809497,0.1144579,0.16603921,0.01356476,0.07874803,0.10080446,0.03685476,0.08146883,0.03461524,0.11206746,0.06864907,0.04234796,0.09145024,0.04748491,0.05264096,0.08110539,0.06009443,0.05686873,0.00716233,0.07551456,0.01704119,0.01460019,0.05994654,0.05116572,0.03305661,0.04742315,0.05598281,0.12217546,0.17997233,0.07434812,0.07558425,0.15974191,0.12435294,0.10517238,0.06422157,0.1321761,0.17421117,0.03079859,0.06617467,0.19653939,0.10752163,0.09697778,0.0681672,0.16426574,0.18902472,0.03602361,0.11482253,0.23987737,0.07297391,0.04613937,0.10084024,0.18207894,0.16757906,0.17335592,0.19953444,0.27937115,0.19555009,0.15624203,0.19525691,7
0.3565641,0.25354602,0.33266373,0.3311842,0.40496086,0.14400526,0.24604469,0.33108863,0.35648513,0.0344198,0.28251505,0.18833344,0.23476614,0.17428522,0.23606461,0.02917121,0.18143143,0.22988219,0.21376527,0.04967906,0.18342059,0.12247759,0.10817496,0.23956342,0.13560599,0.04098231,0.1574953,0.17461486,0.04648859,0.03834074,0.07528456,0.05623263,0.16404902,0.19304929,0.10053102,0.04746164,0.0837819,0.04758283,0.18824923,0.09320436,0.06770784,0.0115397,0.13439028,0.03971471,0.11198393,0.08241179,0.14263513,0.05254336,0.07301871,0.13902548,0.0448886,0.08610511,0.1512879,0.04898789,0.137576,0.12354491,0.05230836,0.18361372,0.14700913,0.03152986,0.19965302,0.14466944,0.0989977,0.12573196,0.10945751,0.17514601,0.19126027,0.13177135,0.24308017,0.21668391,0.17959802,0.18237702,0.23288971,0.21412846,0.07630493,0.11928667,7
0.29598236,0.19419671,0.30388092,0.20371364,0.28305624,0.16019809,0.41233327,0.3873118,0.17479795,0.08694749,0.03340596,0.24940669,0.31255573,0.10142638,0.04122484,0.17243811,0.08044999,0.1392153,0.08255952,0.14570024,0.05937337,0.16576747,0.05450331,0.11308592,0.05785481,0.17162005,0.02991858,0.03713324,0.14873338,0.17082825,0.0433822,0.103476,0.0970781,0.06220187,0.04974786,0.11805202,0.03862387,0.08500011,0.11151621,0.12626614,0.03302062,0.10852868,0.09221475,0.0667471,0.0359497,0.15659908,0.07116255,0.04514433,0.1707353,0.05150922,0.10021541,0.06506962,0.05301012,0.1167295,0.06634183,0.0784585,0.13841164,0.03629439,0.09728621,0.07299358,0.02434944,0.12371167,0.02005552,0.15183952,0.11143178,0.06913397,0.20231293,0.28490491,0.12783835,0.29322209,0.24805604,0.14571184,0.3089441,0.28136384,0.01995672,0.08427041,7
0.17554083,0.36246493,0.16290234,0.20213072,0.16611758,0.2036665,0.69539806,0.11782618,0.30752028,0.21389003,0.27936055,0.30705401,0.27967831,0.51446418,0.10725907,0.13096795,0.20807364,0.2298461,0.27145595,0.09248171,0.1039423,0.03671681,0.08522741,0.246952,0.16875133,0.1784943,0.14070716,0.19318108,0.0264541,0.04989641,0.06658798,0.03580489,0.08084994,0.00644843,0.10995746,0.10859259,0.09348967,0.04557418,0.11026068,0.11505981,0.12582696,0.10377273,0.09695017,0.07284361,0.12205819,0.11744435,0.1072608,0.11253736,0.10835986,0.11048339,0.06061453,0.09381257,0.05539067,0.06651037,0.07478195,0.04795356,0.15390501,0.14498472,0.13835379,0.07939337,0.06112469,0.07025683,0.06942791,0.07277187,0.13772067,0.11152943,0.17459454,0.17014028,0.26100001,0.15286848,0.10338691,0.15050844,0.14933158,0.11760803,0.15232327,0.01261836,6
0.19573663,0.67191689,0.25237438,0.4673301,0.10114124,0.10151459,0.31727807,0.05589034,0.37465579,0.05508928,0.12262909,0.05353118,0.1093684,0.03258549,0.17917505,0.06322822,0.11853022,0.09489262,0.05420806,0.11510921,0.07431449,0.0786743,0.08733176,0.05235181,0.10583036,0.11461328,0.06160176,0.05676838,0.06536133,0.12097257,0.10484595,0.05443688,0.07544566,0.02209412,0.10062949,0.06846847,0.08477394,0.03883717,0.07326153,0.07618127,0.08908006,0.08597307,0.04567956,0.03807159,0.13181895,0.15109671,0.07986577,0.04371832,0.13636875,0.10029222,0.04024461,0.06812454,0.0983871,0.10831343,0.11559096,0.13946753,0.1002557,0.15195387,0.07370215,0.03650795,0.19963256,0.08997881,0.05362524,0.08281668,0.14168793,0.10642777,0.0957911,0.17069331,0.19184876,0.24954799,0.21573208,0.16226218,0.27913052,0.08884507,0.16643815,0.09666978,2
0.2941662,0.52562865,0.44576204,0.27463013,0.27756109,0.09997578,0.24888921,0.33337225,0.16009432,0.10418645,0.24974547,0.18808869,0.25029081,0.21890056,0.20787347,0.09593237,0.22107979,0.06531748,0.13270658,0.09350087,0.19742065,0.03805583,0.1153358,0.01394253,0.16645541,0.04607926,0.12553352,0.02766353,0.12828034,0.0635771,0.11586625,0.04669156,0.11650934,0.08258759,0.10272052,0.03916941,0.09082906,0.07781898,0.1120633,0.04899664,0.08289155,0.06867131,0.09309022,0.04424007,0.07337094,0.11421981,0.0233933,0.08579232,0.08576943,0.04272686,0.11931236,0.15444912,0.11860412,0.12223934,0.07190609,0.06721756,0.11725531,0.04489692,0.14546331,0.19325853,0.13717683,0.20598461,0.16286985,0.03169899,0.18371753,0.07644477,0.14544833,0.17662888,0.0992017,0.30997032,0.28546525,0.19070975,0.42187303,0.3852597,0.11100009,0.23693513,8
0.08260707,0.43349334,0.34774617,0.2399569,0.51484584,0.20293838,0.49866653,0.27794255,0.43435517,0.36184011,0.08417266,0.14336047,0.25359663,0.24490368,0.24124279,0.03721329,0.03326083,0.26263164,0.17193561,0.19922797,0.07022092,0.08402299,0.23278315,0.07119197,0.07268942,0.13877379,0.09408773,0.21883717,0.13212394,0.0044099,0.09855668,0.12817763,0.22900519,0.09820097,0.04151949,0.11554872,0.14793095,0.14583699,0.13677733,0.07009961,0.09609878,0.13886971,0.1073333,0.11306267,0.09148501,0.09867972,0.05377139,0.00589295,0.11724123,0.09387035,0.01945188,0.05662905,0.14918739,0.04032654,0.05128483,0.09113423,0.15796379,0.07904589,0.08695475,0.13778465,0.23709722,0.09417834,0.08629871,0.16389156,0.26501926,0.05618781,0.08641647,0.16429511,0.2467395,0.09485468,0.09209394,0.15052556,0.38943656,0.07672932,0.18542971,0.14162874,5
0.25150213,0.46279398,0.34702795,0.249464,0.08820863,0.223747,0.34214546,0.30233674,0.31424764,0.26447538,0.30470602,0.0273415,0.09583905,0.11948253,0.16491053,0.26640028,0.20454903,0.11507178,0.15889911,0.11871422,0.11832963,0.08555183,0.10011897,0.07214017,0.12585531,0.20169404,0.22296203,0.05018663,0.14023041,0.03006086,0.11506587,0.20283174,0.11653288,0.06084083,0.0428243,0.13418604,0.18414056,0.04191093,0.06039787,0.06133246,0.09457425,0.19178907,0.15085924,0.07814508,0.11483095,0.06979184,0.08412398,0.03271614,0.05847082,0.05105672,0.07139891,0.05500596,0.06754561,0.06125577,0.07366475,0.0837442,0.06499079,0.10753635,0.09817482,0.07940752,0.01958551,0.11050594,0.0852202,0.04183207,0.12606813,0.16963993,0.11864234,0.04389953,0.15228697,0.08251247,0.11474495,0.05209683,0.06841643,0.2488922,0.28350365,0.17060796,4
0.22447207,0.68245705,0.29634966,0.41361147,0.04233588,0.20865302,0.10897821,0.20390035,0.0847847,0.16791042,0.07062591,0.0796672,0.18365229,0.1610931,0.07114632,0.18180442,0.12297796,0.10447725,0.03115772,0.13493941,0.09589742,0.06956834,0.09444344,0.09972086,0.09923902,0.15041527,0.12532118,0.06371613,0.06599905,0.12942587,0.12404781,0.07682636,0.04597523,0.07594094,0.12886273,0.13406847,0.08720727,0.0428488,0.05805838,0.10977916,0.14126998,0.09269042,0.02583234,0.04032307,0.10376697,0.08203648,0.02441435,0.04529426,0.09161217,0.08514156,0.05301746,0.05781283,0.10591778,0.07447597,0.04484702,0.03905228,0.11684168,0.08130243,0.03792168,0.0720288,0.09593713,0.10023885,0.00227164,0.09581401,0.11245756,0.11165743,0.03796021,0.08677409,0.0982849,0.06659913,0.10062478,0.06644649,0.14382236,0.2833702,0.04766504,0.3876402,2
0.23974451,0.12800253,0.18056148,0.29714983,0.2377352,0.13949434,0.2697165,0.20476114,0.18061968,0.20178864,0.09408699,0.08215729,0.12596185,0.23621201,0.12815883,0.1094388,0.1415276,0.07057694,0.02887602,0.05166533,0.08105729,0.05174646,0.08787904,0.19917638,0.03020573,0.0134492,0.05602376,0.10720855,0.10700115,0.08448,0.03979764,0.02138316,0.03779342,0.07181963,0.07990983,0.02676376,0.04858274,0.01064105,0.08163113,0.04686134,0.0564933,0.07386021,0.06257931,0.04470792,0.10946333,0.06455702,0.07972273,0.07257148,0.09678899,0.09727262,0.03549727,0.04185121,0.06607465,0.06639209,0.08269498,0.04147668,0.13414412,0.05359265,0.04820116,0.06492218,0.12053803,0.13307204,0.02447873,0.01592309,0.08115798,0.14973479,0.03744483,0.13216915,0.07135087,0.01583957,0.03342689,0.1144048,0.09177741,0.28532703,0.11635951,0.39563015,9
0.13666533,0.33643141,0.27541501,0.32870145,0.45019292,0.18584789,0.51213581,0.17355841,0.39965004,0.23242213,0.18128843,0.30500775,0.09323479,0.0516414,0.05208825,0.12339227,0.20931723,0.21124938,0.13830939,0.10645647,0.05623348,0.06169353,0.20180278,0.08281788,0.14064436,0.16565509,0.06572734,0.14796564,0.06353157,0.09452365,0.11377136,0.15734795,0.01558394,0.07640707,0.10417833,0.0804256,0.16145034,0.06938235,0.03417753,0.14058697,0.06608812,0.09029735,0.14143719,0.01511351,0.08668295,0.06666888,0.08326201,0.0960821,0.09516028,0.13065566,0.05938637,0.10057784,0.02689679,0.17583969,0.09202787,0.08480673,0.05106705,0.09402122,0.1531353,0.02738792,0.20353939,0.09392364,0.20553924,0.0450555,0.17658967,0.17452548,0.08996301,0.02914814,0.22367827,0.23997618,0.11817413,0.07536763,0.26930383,0.07699432,0.09894781,0.04856266,5
0.1145912,0.13285728,0.47166008,0.10858433,0.24451234,0.24879499,0.48146134,0.11578462,0.16877934,0.14280258,0.24829652,0.17357492,0.11581097,0.25344063,0.07826477,0.05962951,0.07533663,0.23078676,0.12995358,0.22257753,0.18450848,0.03005256,0.02254123,0.10270151,0.07275528,0.18375089,0.15223403,0.03073743,0.08842967,0.07731613,0.10808608,0.11612889,0.12167187,0.10388545,0.15938458,0.10056666,0.10735903,0.10050089,0.06943989,0.16168216,0.14495723,0.05803816,0.00151323,0.06235729,0.06698713,0.03660834,0.06053421,0.07511862,0.12788761,0.03589266,0.12188395,0.13187678,0.16952959,0.12877046,0.06612337,0.03106102,0.05974502,0.10854666,0.05760027,0.11778795,0.17699585,0.09347505,0.12524592,0.0874556,0.11440156,0.05295441,0.19224652,0.1822547,0.24744613,0.25040362,0.11672204,0.1152418,0.15674789,0.22930058,0.22755082,0.041036,7
0.2121396,0.21966154,0.20555781,0.30067502,0.16806907,0.1485752,0.23671353,0.17812504,0.20659415,0.17461886,0.09963064,0.01355678,0.08908763,0.13338812,0.15083173,0.0816662,0.09396479,0.07866312,0.10053241,0.09784863,0.07377504,0.10750299,0.04119702,0.04298555,0.03775205,0.058057,0.07637249,0.0545298,0.10532423,0.0079619,0.04567125,0.01814866,0.05309619,0.11605353,0.0291388,0.03749862,0.03598249,0.04505542,0.04137077,0.04326568,0.03294258,0.05167943,0.02959651,0.04488838,0.04296949,0.08296356,0.07984188,0.02197533,0.03893313,0.04980489,0.07487358,0.03414763,0.04678191,0.06615723,0.08480565,0.08640613,0.05411966,0.12193239,0.08352419,0.05916823,0.06212128,0.13233178,0.09131839,0.04926123,0.08161447,0.07934452,0.06572847,0.09194779,0.08973761,0.03885303,0.02732249,0.0445676,0.10269342,0.26927283,0.13341691,0.33368366,9
0.01736139,0.09112987,0.05962693,0.33803047,0.62310017,0.01696004,0.40759968,0.04944401,0.42070941,0.03325012,0.02556317,0.26648391,0.03916202,0.37504156,0.23099954,0.0369113,0.09238199,0.06502801,0.09838223,0.02191629,0.02994484,0.15373363,0.04809488,0.17207652,0.15585573,0.05506037,0.05357139,0.02820162,0.11144613,0.01381389,0.03760701,0.12973132,0.06254978,0.08345446,0.11701571,0.06631904,0.01171823,0.03328706,0.09775967,0.02674923,0.04822035,0.10126488,0.06655568,0.04121696,0.06583231,0.10850301,0.04107051,0.02475245,0.03946749,0.02345972,0.05995404,0.1577592,0.05905369,0.150284,0.01180778,0.06159465,0.02348647,0.01929388,0.04838793,0.15035973,0.04446978,0.18975659,0.00869555,0.1221179,0.01732181,0.06145082,0.01630072,0.17755577,0.02069388,0.32176873,0.01039469,0.38622954,0.02153048,0.39545091,0.02463859,0.36361235,1
0.28936785,0.24231633,0.35168258,0.24136077,0.47370631,0.08359274,0.31155128,0.39562287,0.30321682,0.10768074,0.27921408,0.20502567,0.26585155,0.06406678,0.26256394,0.05889922,0.15460461,0.32748278,0.16749694,0.15864537,0.12762928,0.11699343,0.1769237,0.21071663,0.02826299,0.08200222,0.20022117,0.074308,0.08866846,0.16320625,0.108775,0.12240596,0.18202559,0.01085496,0.08183047,0.13028647,0.12477816,0.14458592,0.07288713,0.09489252,0.05475441,0.20040611,0.05949597,0.05160857,0.14466965,0.14563913,0.04184145,0.09728438,0.18365829,0.04788049,0.172136,0.04164677,0.04756925,0.21856455,0.0811775,0.07560111,0.22095477,0.15535972,0.01901921,0.05062014,0.21133618,0.0574778,0.12413921,0.05668703,0.11227334,0.24379103,0.0888501,0.17499989,0.34957017,0.16570984,0.15671786,0.19140705,0.202912,0.19349459,0.08671115,0.14280585,7
0.25005023,0.43759,0.47317626,0.15293276,0.38723964,0.0801256,0.3520006,0.34383098,0.31897828,0.09887626,0.29444695,0.11932739,0.26977108,0.07784584,0.25493868,0.17258962,0.11389935,0.09377154,0.11365517,0.18208513,0.05270798,0.13700093,0.07115379,0.09824848,0.04452479,0.15077039,0.12492695,0.04905112,0.07801852,0.14325565,0.14028256,0.03725832,0.11519645,0.11727715,0.11033221,0.02820441,0.14070967,0.14241841,0.02793885,0.0120514,0.13635362,0.15486681,0.02209832,0.08218977,0.06747872,0.1241529,0.07170287,0.04890697,0.1330393,0.08661886,0.04471936,0.0870619,0.06659835,0.06575082,0.13609063,0.1137064,0.12937069,0.16765075,0.12006411,0.04123648,0.21431227,0.0824665,0.01407842,0.13116063,0.09210051,0.11813468,0.22419035,0.11983158,0.26230751,0.34090372,0.16852589,0.12454581,0.4568731,0.25901266,0.01643993,0.27115061,5
0.125991,0.41493866,0.12500045,0.0750836,0.15711116,0.21209053,0.69531433,0.23813822,0.40250687,0.2312281,0.22505943,0.17564786,0.24660653,0.44710543,0.09518811,0.19738315,0.25048749,0.16413388,0.10398577,0.09551013,0.11122886,0.11081906,0.0872651,0.12827166,0.17690616,0.23009388,0.12989573,0.15021421,0.15575694,0.06236598,0.04008358,0.08358016,0.15349224,0.14263432,0.14591485,0.08515738,0.0904034,0.13130815,0.05016842,0.0660929,0.13899961,0.1763159,0.1430447,0.07451139,0.06350372,0.107505,0.08762416,0.03674391,0.14000116,0.09626367,0.05633658,0.04148334,0.11905957,0.03640527,0.02824292,0.01969853,0.12747642,0.05210158,0.14718826,0.13615044,0.11945672,0.14140877,0.03834425,0.14057319,0.05826387,0.1808239,0.20358453,0.07218519,0.29690764,0.12670605,0.13017612,0.16803569,0.21400908,0.17631962,0.03317786,0.07379574,6
0.07049239,0.37698588,0.43367577,0.23175136,0.32519828,0.22111464,0.13056945,0.40165302,0.20091746,0.16285721,0.17500967,0.21053043,0.09423465,0.26119106,0.10654119,0.12237002,0.08334203,0.14175005,0.05516783,0.09184981,0.07589207,0.09623668,0.06208485,0.07749706,0.03196511,0.0480292,0.02215951,0.10698524,0.04354657,0.02689659,0.09777523,0.04647575,0.10162711,0.08065752,0.08869355,0.05663149,0.10997811,0.02632261,0.07473278,0.07861364,0.03504342,0.036269,0.03508928,0.03256562,0.04768311,0.13487373,0.10552533,0.08768535,0.08602239,0.07167652,0.08611554,0.08180573,0.08585925,0.0371244,0.08631509,0.17854923,0.03838101,0.1283763,0.20130908,0.06674105,0.15766238,0.12690808,0.11268608,0.07973457,0.17877684,0.13681883,0.09310941,0.0904796,0.03023033,0.03867993,0.28107939,0.27588358,0.35284805,0.40285937,0.11664104,0.38441414,3
0.31079138,0.51226143,0.43814053,0.24226878,0.33085105,0.14834366,0.27915781,0.35431824,0.2419559,0.0259764,0.25385669,0.18572314,0.19521706,0.17444055,0.2634221,0.14449232,0.10528784,0.09991738,0.09479249,0.11233056,0.07424455,0.10263057,0.1154637,0.01090816,0.10768158,0.11469471,0.12631273,0.0201856,0.14608061,0.14466329,0.12749479,0.00849594,0.13836854,0.08439995,0.11302136,0.02084348,0.15523425,0.08347735,0.0666605,0.03842155,0.14853425,0.0959934,0.05342093,0.10532293,0.09558137,0.13811017,0.13487015,0.0706372,0.13164639,0.16103454,0.06927938,0.10258092,0.12248231,0.04063284,0.16565877,0.18750111,0.09805431,0.23821392,0.18746028,0.10652435,0.26245068,0.19344593,0.04406732,0.13147693,0.10498731,0.06569483,0.27820194,0.18117186,0.2072131,0.34382153,0.30594909,0.10489254,0.44711995,0.3704866,0.12553031,0.26276197,8
0.16950409,0.68820149,0.11056601,0.56789565,0.11852607,0.2432789,0.30871646,0.18741473,0.31598992,0.03835794,0.14283981,0.17694358,0.0455978,0.13912343,0.07000012,0.12499063,0.13401857,0.05869428,0.09800452,0.11403896,0.1408615,0.13707568,0.04532494,0.04897459,0.10641925,0.11925673,0.0978726,0.03622657,0.02628047,0.12083947,0.12904321,0.09471359,0.04677492,0.03816396,0.11590396,0.12329356,0.11025579,0.10080711,0.06418119,0.08279631,0.0906705,0.09810715,0.09282009,0.05453124,0.06965254,0.0987577,0.08050214,0.01523216,0.06329089,0.08455831,0.07494393,0.04438068,0.08476834,0.09042652,0.07822428,0.03654537,0.07709882,0.07305887,0.07939311,0.08586148,0.11682374,0.08474359,0.05269365,0.14194618,0.14479464,0.17444912,0.02420597,0.13354158,0.08348113,0.17124283,0.09651318,0.04635505,0.10331024,0.03183885,0.19143303,0.07919458,2
0.04268058,0.45059699,0.26317329,0.342429,0.48902544,0.191073,0.49911581,0.22612625,0.46978976,0.37299645,0.14135473,0.18790346,0.17951957,0.20736872,0.31335527,0.18787435,0.20938458,0.08022366,0.19701376,0.25308104,0.1150828,0.17644908,0.15406037,0.16017375,0.22794811,0.105914,0.1561299,0.04898632,0.16309081,0.13306874,0.04801907,0.18118244,0.09002191,0.16804197,0.13649092,0.03993177,0.12911861,0.05709525,0.12723999,0.06818592,0.07110133,0.17305229,0.02196158,0.1444409,0.12451632,0.13886274,0.07639411,0.04528919,0.15085949,0.16899131,0.0936658,0.07958911,0.12694441,0.15569362,0.12725678,0.04231691,0.07949857,0.17977267,0.12632577,0.14652294,0.08590681,0.1200551,0.1299326,0.08638808,0.11773427,0.11591274,0.17330228,0.12812364,0.03647987,0.06837095,0.05022,0.08999632,0.26137071,0.13166877,0.21824987,0.09017474,5
0.29598236,0.19419671,0.30388092,0.20371364,0.28305624,0.16019809,0.41233327,0.3873118,0.17479795,0.08694749,0.03340596,0.24940669,0.31255573,0.10142638,0.04122484,0.17243811,0.08044999,0.1392153,0.08255952,0.14570024,0.05937337,0.16576747,0.05450331,0.11308592,0.05785481,0.17162005,0.02991858,0.03713324,0.14873338,0.17082825,0.0433822,0.103476,0.0970781,0.06220187,0.04974786,0.11805202,0.03862387,0.08500011,0.11151621,0.12626614,0.03302062,0.10852868,0.09221475,0.0667471,0.0359497,0.15659908,0.07116255,0.04514433,0.1707353,0.05150922,0.10021541,0.06506962,0.05301012,0.1167295,0.06634183,0.0784585,0.13841164,0.03629439,0.09728621,0.07299358,0.02434944,0.12371167,0.02005552,0.15183952,0.11143178,0.06913397,0.20231293,0.28490491,0.12783835,0.29322209,0.24805604,0.14571184,0.3089441,0.28136384,0.01995672,0.08427041,7
0.30879883,0.56593657,0.33203807,0.29708537,0.22210693,0.17039766,0.31543164,0.4157614,0.30844557,0.12399581,0.17868556,0.17724828,0.17534878,0.16772918,0.10672642,0.15193763,0.12600629,0.11616924,0.0362102,0.13793672,0.10464256,0.11271777,0.07356922,0.08407977,0.10285486,0.09281319,0.03897739,0.07983095,0.08031134,0.09286796,0.06687987,0.07432071,0.04848786,0.10064713,0.09942971,0.04840002,0.0210695,0.06901434,0.0361849,0.03926767,0.06279018,0.06903152,0.04267319,0.08176426,0.09386726,0.11968579,0.12588359,0.11006592,0.10656728,0.09395044,0.07007673,0.12546637,0.09116599,0.0891905,0.17368676,0.15492214,0.13563353,0.12377367,0.04881727,0.10978178,0.04922699,0.10193423,0.22258281,0.17598322,0.16752358,0.22032785,0.02444208,0.06626148,0.05157072,0.18211956,0.30921881,0.24486309,0.40344242,0.3723494,0.34166557,0.23443626,8
0.17468174,0.57558293,0.22064107,0.16559804,0.22275054,0.02065938,0.18551133,0.3026664,0.09796749,0.07226754,0.11741908,0.23923954,0.08466941,0.22811893,0.05837384,0.08795173,0.14647404,0.13141152,0.04258786,0.10778228,0.13049466,0.06640955,0.06706049,0.07935207,0.07905646,0.10171936,0.05751801,0.04274275,0.09817677,0.08911029,0.05036025,0.03361358,0.03263766,0.08601125,0.08156111,0.05003692,0.06356898,0.05366786,0.02054552,0.05486304,0.03761103,0.04682553,0.07759723,0.05222071,0.06069505,0.08226588,0.08988566,0.09174885,0.09028248,0.06428931,0.07394889,0.05357522,0.10879165,0.09302753,0.05248105,0.03793496,0.04875899,0.05823597,0.05601738,0.06681032,0.04065277,0.07267304,0.13187416,0.07941415,0.0306306,0.10787647,0.14307982,0.16957318,0.13215342,0.16970408,0.09742475,0.15274814,0.34143751,0.36358143,0.23431486,0.1404367,2
0.11914552,0.1264418,0.04618508,0.24418186,0.11564874,0.08579429,0.32777139,0.07199456,0.45307985,0.10294026,0.09690557,0.12121042,0.06194402,0.05423946,0.06527489,0.08937952,0.11375534,0.04170096,0.07153252,0.02709688,0.08551806,0.08148139,0.03503059,0.05329985,0.04449337,0.08780901,0.02064164,0.03534632,0.10584401,0.07654356,0.0840125,0.02246078,0.02343484,0.082374,0.07968709,0.08150771,0.00985456,0.04692828,0.05894258,0.07906718,0.07413608,0.03158932,0.04356071,0.06954936,0.06786998,0.04049251,0.06120819,0.06957254,0.08291892,0.01537611,0.03955829,0.09998937,0.08522476,0.03019232,0.04793336,0.04769674,0.09139556,0.00980564,0.02245569,0.09650497,0.08581041,0.05909693,0.02973403,0.11742796,0.08910975,0.12177585,0.03315784,0.10359806,0.08461536,0.05065934,0.01872412,0.21843171,0.09131775,0.38080194,0.08535133,0.355803,9
0.17320548,0.41414021,0.14972682,0.08756703,0.25830922,0.2128636,0.69228944,0.15504128,0.39377308,0.14702444,0.23488696,0.34861239,0.29999429,0.50360743,0.08973269,0.11457363,0.20019137,0.20530279,0.27325934,0.14758802,0.14638177,0.08492398,0.07930017,0.17296796,0.09940943,0.08936693,0.16873557,0.23972476,0.18371747,0.03344253,0.0439869,0.02747813,0.04090955,0.04282349,0.07881842,0.1207578,0.10381421,0.11117878,0.14827575,0.05850639,0.06549179,0.06145764,0.09484968,0.09863966,0.08938436,0.06252104,0.03283937,0.0351568,0.07345201,0.04788881,0.09233044,0.13197898,0.03647467,0.08936777,0.11610631,0.12111719,0.11699291,0.16696308,0.0892249,0.04932162,0.06335077,0.03154291,0.03696373,0.06124056,0.06460579,0.07600858,0.1751644,0.17377041,0.20723957,0.17117489,0.15936406,0.20321503,0.2358671,0.15698137,0.1316646,0.06734088,6
0.05598373,0.68342055,0.21113915,0.43129403,0.13504967,0.18771377,0.28008414,0.20211167,0.38542734,0.13563594,0.11926782,0.16330969,0.03998763,0.20453088,0.13879811,0.09403771,0.12276054,0.0587473,0.11114917,0.14590123,0.09673513,0.05555593,0.04841761,0.03704278,0.15632988,0.10679797,0.05602246,0.08336753,0.0113539,0.16751525,0.11588251,0.03751531,0.08734716,0.05846092,0.17617972,0.1278107,0.04297436,0.06321369,0.09507617,0.17961744,0.14262507,0.06296677,0.0459313,0.09728083,0.151454,0.06931086,0.05486739,0.05500424,0.1519325,0.06310941,0.04665421,0.03487206,0.15308358,0.05895613,0.04817929,0.02391954,0.15191544,0.05353192,0.04870329,0.02609341,0.14952172,0.04974648,0.06797224,0.04121238,0.13996087,0.0528835,0.07291186,0.07447119,0.15476437,0.02263821,0.11157979,0.11625647,0.18569933,0.11471589,0.14458789,0.20755519,4
0.03873482,0.39115118,0.08905075,0.08059332,0.36273595,0.07178864,0.45058597,0.06156309,0.33899615,0.23542408,0.04974329,0.0058595,0.13006675,0.22496587,0.05017533,0.0523896,0.15909799,0.09345536,0.12204628,0.08920105,0.06684931,0.10876084,0.06197971,0.05550569,0.11562884,0.04895065,0.03300647,0.05296047,0.09025228,0.04522839,0.05344572,0.0811652,0.08164405,0.01557644,0.06211873,0.07226762,0.04913677,0.04771709,0.05448497,0.07612971,0.04871011,0.02564548,0.07344165,0.01272758,0.07198199,0.05104827,0.02552986,0.08577008,0.02610647,0.08143991,0.0603923,0.07527804,0.04699348,0.10637693,0.0203379,0.0918273,0.0625494,0.04867437,0.03368866,0.13041993,0.00592678,0.13780343,0.04436454,0.05331406,0.04291392,0.16007227,0.02650116,0.1708232,0.05464798,0.05665517,0.01729051,0.17250042,0.03308128,0.42765106,0.09425346,0.40009493,1
0.05348813,0.1547891,0.25080921,0.30400672,0.21848872,0.16020412,0.62643801,0.14537848,0.06604545,0.16613358,0.25593612,0.34053519,0.15472714,0.349372,0.05016832,0.11672035,0.2157471,0.05948232,0.193359,0.14774724,0.14785632,0.22497348,0.13883445,0.13872173,0.06562059,0.18198707,0.05901358,0.07754124,0.1683232,0.1116075,0.18091726,0.12007741,0.06067781,0.03361276,0.13620214,0.12877909,0.06216338,0.17591657,0.13961351,0.09170673,0.11636303,0.05030625,0.01368323,0.0481753,0.08450805,0.12493281,0.05941561,0.06225764,0.08608343,0.08147711,0.07461571,0.03814574,0.13850407,0.12283297,0.10794527,0.09634797,0.04518322,0.11734113,0.10202625,0.12761036,0.24355753,0.07671051,0.07486595,0.03561822,0.05613685,0.05917889,0.10885297,0.20066629,0.23885991,0.20162301,0.11526149,0.19519476,0.20488731,0.29215762,0.06284483,0.06296836,6
0.04276269,0.08907894,0.1175078,0.17007501,0.13157189,0.11513842,0.40971081,0.06757939,0.17215846,0.03085077,0.11992694,0.05406382,0.11559343,0.23956205,0.10763405,0.14013795,0.09163345,0.08912252,0.10723969,0.13445056,0.17028143,0.09229333,0.09996438,0.08401574,0.11167336,0.15264878,0.12409133,0.08330695,0.05125108,0.10667836,0.09060742,0.04735994,0.09706659,0.07835253,0.0537741,0.03376587,0.02477814,0.02032602,0.01543219,0.06618391,0.07681891,0.09401832,0.03507222,0.02397081,0.03431964,0.03319011,0.0678732,0.04355655,0.07714615,0.07171781,0.03665829,0.01966318,0.10835536,0.03460256,0.03522916,0.01793899,0.1329489,0.0411469,0.00509456,0.05842773,0.10976492,0.00926558,0.05010012,0.06652315,0.05617591,0.08589739,0.02542932,0.06750695,0.06171646,0.11646213,0.12778842,0.10056071,0.11316492,0.3481746,0.19338134,0.38046875,9
0.21679624,0.69765204,0.23565852,0.48470428,0.12315264,0.08940013,0.30929901,0.14181993,0.42480219,0.09594937,0.15370817,0.17836423,0.13173549,0.15733535,0.08940091,0.20394458,0.11179276,0.14236896,0.04986353,0.13247923,0.1911517,0.06134718,0.0715337,0.0117335,0.15159409,0.14327968,0.05648533,0.02392742,0.02578364,0.15151532,0.12211424,0.08485136,0.02556711,0.06735998,0.1362615,0.12229052,0.08731923,0.01038219,0.09734947,0.1173805,0.13518839,0.0939063,0.02902044,0.06997148,0.11834473,0.09774303,0.04780818,0.07960637,0.12737987,0.08173796,0.06690966,0.04513417,0.1073794,0.08149512,0.026281,0.07672979,0.10204085,0.08936937,0.06006297,0.10023584,0.09606212,0.10021005,0.07914019,0.08393578,0.1216801,0.13538835,0.05537972,0.10339511,0.15039919,0.07175428,0.03779048,0.05235276,0.11050023,0.08931742,0.08310278,0.21528349,4
0.22003888,0.42239415,0.42677632,0.11918146,0.46237112,0.15937788,0.37078569,0.39745154,0.1963059,0.0253271,0.31653846,0.03817387,0.34971876,0.01965978,0.23152204,0.08850705,0.19727461,0.18203813,0.15577594,0.06173278,0.10430982,0.18905933,0.06529853,0.24880368,0.11559189,0.13032733,0.11883091,0.18369787,0.06320567,0.09327237,0.14272945,0.0986208,0.05076414,0.11049729,0.10470442,0.12040784,0.06005793,0.17502878,0.09064463,0.11966037,0.05182059,0.15994628,0.08612098,0.11918014,0.07171621,0.0193388,0.06630309,0.10288173,0.04395819,0.15484677,0.04747732,0.06320703,0.16041776,0.04911004,0.03361559,0.13667839,0.04356099,0.08777005,0.19628977,0.1421114,0.13629357,0.18655258,0.06991718,0.08988941,0.11612532,0.11758085,0.07598848,0.23846569,0.26640884,0.25392174,0.3276965,0.17385004,0.39741642,0.3824225,0.03606605,0.27283477,3
0.31664462,0.20083052,0.31641825,0.21959476,0.31484275,0.14773794,0.38257459,0.40545454,0.21545848,0.08224989,0.08826897,0.1673566,0.31786858,0.15377057,0.12616714,0.1276354,0.04563949,0.1384912,0.08240764,0.11173029,0.08337108,0.15102444,0.02423439,0.06370815,0.11160588,0.15954758,0.08244775,0.04433302,0.04954724,0.15208638,0.13074221,0.09120037,0.04593441,0.0534723,0.15244279,0.11435701,0.05932404,0.02904777,0.09856585,0.12429268,0.08562339,0.04524857,0.09565929,0.05569508,0.1516975,0.11700981,0.07030758,0.06657124,0.13662018,0.08177763,0.0866692,0.08796371,0.11277362,0.09266344,0.1177527,0.15535653,0.1067005,0.13793847,0.14461914,0.02353111,0.13859529,0.1534694,0.05791159,0.15263688,0.11930177,0.10837298,0.22098165,0.23839683,0.17827682,0.28629953,0.22956791,0.11508323,0.28739831,0.23556789,0.06419605,0.04741063,7
0.0898422,0.51811293,0.29334228,0.58211704,0.17909549,0.05516429,0.18745758,0.09934353,0.21970756,0.0835704,0.11614491,0.16733246,0.07162972,0.29664258,0.11952146,0.07937324,0.14631256,0.02789426,0.13645609,0.11298955,0.10046165,0.093918,0.06310106,0.0414293,0.10652315,0.11180328,0.07492428,0.05799048,0.05931355,0.13123,0.09758875,0.05771406,0.06038531,0.01494068,0.12328604,0.11545832,0.03876886,0.04976237,0.01533028,0.14505953,0.09513719,0.05613714,0.02560022,0.03547536,0.10316648,0.09892975,0.08249397,0.1144588,0.12704927,0.11104134,0.080478,0.09880254,0.1270399,0.12819874,0.09563105,0.10112447,0.15331848,0.15650911,0.09546763,0.06851911,0.18470897,0.1049643,0.0925478,0.01443077,0.16418081,0.08855736,0.09291235,0.05046444,0.21318938,0.08640132,0.11253133,0.09909994,0.20965723,0.17404172,0.14310548,0.09690937,2
0.15412436,0.57257743,0.23614634,0.28238039,0.15980373,0.18647102,0.11388296,0.26763264,0.1482217,0.21648673,0.06393729,0.25697323,0.02214465,0.1605073,0.12846,0.17276197,0.05857691,0.19773913,0.0497507,0.09183867,0.08646293,0.10816827,0.07788671,0.14248206,0.03365687,0.06181854,0.08085262,0.03958851,0.07405659,0.11024887,0.04220675,0.06589794,0.03101137,0.01527791,0.08290568,0.06251659,0.02697998,0.03701125,0.05314074,0.03726288,0.01145823,0.05277984,0.03692831,0.06149918,0.08800289,0.10516003,0.05741588,0.06769684,0.07458877,0.07784696,0.10736803,0.11781971,0.0680463,0.07674682,0.15606261,0.06753709,0.14108671,0.14011067,0.05011006,0.05070518,0.12761536,0.10181226,0.14143514,0.12413434,0.0630267,0.03990232,0.19396861,0.19382385,0.17046905,0.14545629,0.16278554,0.03563091,0.2863156,0.51960372,0.13160689,0.42146972,3
0.29124884,0.41886551,0.50050024,0.1798011,0.36039588,0.0880525,0.3084098,0.36133209,0.26553978,0.07380385,0.29786228,0.08655443,0.2684248,0.13041879,0.263521,0.16061986,0.19870745,0.05441977,0.14356365,0.13747998,0.14983986,0.13636233,0.03572028,0.14347485,0.13367373,0.17345381,0.04342445,0.12688918,0.05405491,0.1435812,0.05943144,0.09058901,0.1060695,0.09931631,0.027071,0.09413132,0.11634425,0.0413392,0.0485356,0.12624372,0.11084296,0.03381076,0.06629602,0.04990195,0.06004106,0.12138008,0.19088376,0.06883583,0.15325692,0.19813259,0.04797174,0.06140957,0.17322783,0.0203737,0.15614342,0.12934113,0.08144649,0.15806582,0.17448704,0.1054409,0.23094779,0.12491662,0.03325986,0.08297286,0.09223544,0.07756174,0.18059993,0.18496994,0.23219228,0.28716934,0.28109507,0.16774421,0.44549128,0.27861547,0.06336768,0.31666301,8
0.14929189,0.21399226,0.58049626,0.27910183,0.14809015,0.18403411,0.14672449,0.2611073,0.38163038,0.14005418,0.11068015,0.11156682,0.12980517,0.04533032,0.10033789,0.08351595,0.06711115,0.1224185,0.02596879,0.05506572,0.07564548,0.10314063,0.13944913,0.02706419,0.05125837,0.0784544,0.10508368,0.09649145,0.02038719,0.06205106,0.07817987,0.08090855,0.02588823,0.01056362,0.06362206,0.07028603,0.08513889,0.03634136,0.02742102,0.06638567,0.08637267,0.10032897,0.04859304,0.03666537,0.05566944,0.08600432,0.09414611,0.06598808,0.08030108,0.10096408,0.08539483,0.09041592,0.07695976,0.07492906,0.08788155,0.0808159,0.07866905,0.08891411,0.11940628,0.09954231,0.13063774,0.12644022,0.10267494,0.12198557,0.19074007,0.13102945,0.09470406,0.02276794,0.17267871,0.16392629,0.10203337,0.11632568,0.09775768,0.23152934,0.20857767,0.04198566,2
0.3383115,0.26299401,0.34761894,0.25962509,0.45703959,0.10426229,0.29790897,0.42761521,0.29849046,0.08492719,0.24785904,0.19334274,0.24519137,0.11604473,0.2263732,0.03762896,0.16551531,0.25217396,0.18128374,0.09207116,0.21381959,0.10183767,0.1233753,0.18624992,0.1543987,0.08398714,0.16102689,0.1118962,0.03809561,0.18111874,0.08740818,0.09069044,0.12857828,0.07334552,0.02561655,0.17685693,0.09251439,0.0959872,0.08868913,0.18055046,0.03751166,0.1474009,0.08535867,0.04385438,0.10244813,0.16634837,0.07682529,0.07222408,0.19643722,0.09207802,0.1128597,0.06799909,0.09611223,0.15334685,0.02587463,0.14828946,0.15506319,0.06588684,0.16344241,0.21097618,0.15983141,0.15915725,0.26199062,0.17968323,0.12108674,0.34219258,0.17489531,0.07738326,0.36728157,0.20979376,0.07939189,0.07234107,0.20147498,0.13972149,0.00648317,0.07250243,7
0.06731241,0.11109927,0.11442397,0.36359965,0.54238127,0.05453794,0.38763504,0.09807388,0.43451023,0.12229288,0.08215772,0.14793277,0.08928866,0.28450064,0.1604579,0.04871566,0.15416092,0.07616902,0.06243515,0.08999144,0.10025595,0.07988058,0.09698201,0.13949567,0.0825596,0.05331171,0.07387113,0.08291605,0.01085169,0.05491525,0.09525492,0.04967733,0.08998749,0.04502357,0.06459338,0.05769409,0.02306313,0.0804819,0.03111757,0.03842637,0.076544,0.04960049,0.06687071,0.0028402,0.04116009,0.07691064,0.10326252,0.04176148,0.1071867,0.05263121,0.06212804,0.08021615,0.0555824,0.07511914,0.11249399,0.08080857,0.1103064,0.09123823,0.09354412,0.08433373,0.06584446,0.11729267,0.07968256,0.18259253,0.09137787,0.15802053,0.09423833,0.03955958,0.05913351,0.21078616,0.051792,0.33513533,0.04137772,0.40265702,0.09201668,0.36969881,1
0.01376667,0.09473683,0.0651177,0.2509826,0.60012344,0.00925841,0.43147251,0.04349864,0.36669885,0.05799443,0.01886733,0.29818855,0.02231212,0.42792324,0.20233534,0.00763968,0.09412237,0.03231436,0.15714898,0.0555507,0.02837063,0.14757016,0.01337978,0.16749027,0.12345687,0.00981805,0.06898436,0.02659286,0.13685669,0.0516249,0.02387665,0.10154841,0.00756991,0.06920219,0.08938307,0.01801281,0.05613396,0.02502194,0.076075,0.04644562,0.04326441,0.07929271,0.02521979,0.06399787,0.0147356,0.0730977,0.08096445,0.05068148,0.05060332,0.04401493,0.02604955,0.081243,0.00859576,0.10627545,0.05099562,0.08520727,0.04781691,0.06650511,0.02901558,0.10609692,0.01405216,0.15908831,0.07798985,0.15214905,0.03611297,0.11361647,0.0728919,0.14310772,0.03051081,0.28538389,0.04324816,0.39461415,0.01775404,0.43865344,0.04211961,0.34702491,1
0.06331509,0.21994258,0.09061327,0.22430989,0.52553452,0.02308403,0.45952901,0.09364648,0.30707454,0.15092856,0.07149247,0.19013447,0.07575737,0.31878275,0.14790764,0.01409394,0.17306724,0.0808769,0.03286211,0.13135812,0.06276052,0.06709298,0.07011914,0.14655953,0.05907729,0.04871804,0.13103344,0.06634367,0.00780234,0.10283307,0.06482225,0.03543042,0.11109053,0.09552503,0.01662895,0.06848884,0.07386862,0.0735117,0.00850787,0.07041888,0.05707468,0.01248237,0.10832676,0.03644212,0.05146064,0.00864758,0.0282642,0.08203057,0.0412784,0.09346939,0.02987685,0.04673382,0.02935764,0.0414402,0.03202636,0.13542399,0.04425084,0.14323193,0.02546053,0.06290053,0.00538156,0.08105846,0.01207629,0.22939559,0.03989337,0.188199,0.01535095,0.13405664,0.01910496,0.18945071,0.00676516,0.30427148,0.00896833,0.41718155,0.06542144,0.35876988,1
0.3168309,0.50410697,0.36060317,0.21259242,0.18842542,0.25877269,0.48112804,0.42234151,0.17384352,0.24688631,0.11772964,0.03085381,0.21923833,0.32204173,0.16290532,0.10574777,0.16403664,0.22223784,0.04632654,0.0768677,0.0822036,0.11809085,0.07955147,0.16822438,0.09250759,0.14688255,0.11019496,0.08667758,0.10911669,0.06617445,0.0873305,0.10275526,0.16789493,0.07133946,0.12840208,0.09145191,0.06836883,0.09436711,0.07274234,0.0900375,0.10725139,0.13714393,0.08467594,0.07815484,0.0388164,0.05772852,0.06718659,0.05048805,0.08010521,0.06950101,0.0372407,0.09073755,0.07162629,0.06541289,0.05643803,0.04604706,0.11055886,0.05890604,0.06973534,0.02191652,0.11965892,0.11920941,0.12978396,0.13572237,0.03946471,0.0293601,0.07956753,0.14350726,0.2221009,0.1885002,0.16574754,0.07197771,0.2268,0.2709038,0.34071866,0.28743288,4
0.23351064,0.05713217,0.22696109,0.25722614,0.65809202,0.33635025,0.26780927,0.16105914,0.37070301,0.58494186,0.16081447,0.21320102,0.18771434,0.30531458,0.38298802,0.16615201,0.15046665,0.11949217,0.25634246,0.2036574,0.20728533,0.18395389,0.02590575,0.1891293,0.2087959,0.22790043,0.20013462,0.06099544,0.08618853,0.13976811,0.23665315,0.2778188,0.07167028,0.07504237,0.13723145,0.25335259,0.22580185,0.10112177,0.0458041,0.09523964,0.18730338,0.22902378,0.07541213,0.07918196,0.12483452,0.10233969,0.22591913,0.23412151,0.1273179,0.15544762,0.24161657,0.13657562,0.24444111,0.18144592,0.24462659,0.09684535,0.27734642,0.27543332,0.22745916,0.04030644,0.28621332,0.29330519,0.17776226,0.00773188,0.20537266,0.2544415,0.14882987,0.19458283,0.31806321,0.1249265,0.18015183,0.16535746,0.53876866,0.23551589,0.10135868,0.33925557,5
0.1289224,0.07939609,0.1528684,0.27929941,0.22605995,0.09606269,0.39028344,0.13331759,0.29117165,0.10516075,0.0663466,0.05796081,0.07838667,0.15235366,0.11373586,0.08729648,0.07062033,0.02661098,0.14580275,0.14915493,0.07206701,0.05622419,0.06451592,0.05655849,0.08339025,0.02671598,0.13094696,0.07762447,0.05806508,0.03614114,0.02100987,0.12754574,0.04613869,0.05337247,0.01687064,0.05276876,0.04052094,0.00587391,0.11260759,0.06249508,0.08780587,0.02574389,0.01841932,0.07230265,0.05643694,0.07199959,0.06982532,0.06266985,0.07302886,0.08658259,0.08656183,0.0221252,0.05857839,0.02925484,0.05089085,0.07317137,0.02351955,0.0500421,0.04814511,0.07985402,0.04383087,0.07667767,0.08341109,0.16872294,0.07110346,0.18112239,0.15321348,0.1005612,0.12389051,0.18435143,0.11043596,0.2735104,0.13257994,0.32924511,0.08069317,0.37960048,9
0.31673124,0.19768259,0.3733164,0.22973124,0.29045232,0.19299419,0.34675331,0.41785138,0.15635054,0.12013074,0.05533551,0.15423388,0.30863595,0.15688632,0.05002507,0.19559501,0.11334584,0.06593687,0.05932634,0.20111812,0.03735911,0.1771697,0.08450087,0.09761503,0.05067403,0.20378252,0.0520252,0.05381734,0.09002811,0.18693034,0.01041647,0.13668366,0.09378402,0.0817738,0.04502537,0.16796297,0.05731049,0.03409553,0.11347835,0.16647188,0.0104945,0.12266026,0.11560983,0.03844748,0.05213577,0.11291302,0.03327933,0.04251974,0.1500995,0.04137692,0.09465077,0.07689394,0.05551172,0.13616496,0.0647824,0.02879958,0.17806894,0.03981057,0.04189834,0.04488552,0.0335039,0.08327042,0.03360389,0.13283358,0.10985163,0.08149928,0.21258013,0.22815315,0.16546887,0.26348724,0.21759063,0.12139505,0.27820107,0.23401157,0.04994174,0.06371917,10
0.14115369,0.20175003,0.62998236,0.26798903,0.08760467,0.15257621,0.13660413,0.14380789,0.21818791,0.1289039,0.10924679,0.15625963,0.11822887,0.1012807,0.11753947,0.13196896,0.05993713,0.05083263,0.06891482,0.10313607,0.13009319,0.04740555,0.0590532,0.03605528,0.12346052,0.10807533,0.05065511,0.02976275,0.0540524,0.13288577,0.11106568,0.04672763,0.02993444,0.02717964,0.12015596,0.12145785,0.04395057,0.03675901,0.01763405,0.11632851,0.11383944,0.06630621,0.0340123,0.00113918,0.04302153,0.05578387,0.07894815,0.05360167,0.04128713,0.03145937,0.08927264,0.07166979,0.04269286,0.02656942,0.07216055,0.05027002,0.06439553,0.03649795,0.07950076,0.05487432,0.06851019,0.02334609,0.11316512,0.06559946,0.0689147,0.03939439,0.1115813,0.07094489,0.1012427,0.09186124,0.09747966,0.10858094,0.20722748,0.15152726,0.2471391,0.2793052,2
0.18201414,0.11082869,0.03492657,0.24634374,0.16207829,0.11484476,0.39435282,0.16282485,0.30300406,0.06346016,0.09075956,0.07239685,0.0889943,0.15041502,0.06975453,0.05431502,0.03774523,0.0836852,0.15810234,0.11478332,0.01727553,0.03433953,0.0775083,0.04479389,0.08871252,0.02693246,0.09081066,0.02920681,0.01498643,0.08355388,0.09129921,0.07715564,0.01729914,0.01242335,0.05157753,0.09670051,0.0506921,0.04750131,0.05878991,0.02639235,0.0761804,0.04074771,0.08884091,0.04284284,0.10944119,0.04371814,0.09139174,0.03498049,0.10521448,0.05237296,0.07368577,0.02067386,0.05256337,0.05922468,0.06690051,0.09043262,0.06055507,0.1073416,0.04177035,0.01064799,0.04196216,0.05075156,0.09518077,0.02012406,0.08740502,0.05380224,0.02029051,0.0578505,0.06954328,0.05217373,0.11753845,0.27472121,0.09554903,0.39779983,0.15797354,0.25882666,9
0.11456154,0.6119123,0.0761126,0.06028031,0.03778106,0.08200689,0.11612298,0.0601711,0.32076501,0.05150015,0.06218506,0.02051434,0.01711698,0.07129919,0.06224805,0.05549005,0.05319982,0.01375766,0.01573435,0.06638632,0.05317033,0.07392767,0.0047027,0.03855638,0.06330254,0.05506931,0.08484403,0.01342245,0.04663781,0.05485384,0.05991599,0.08466837,0.02212574,0.03927664,0.04588096,0.06374526,0.08265905,0.00808355,0.06176175,0.04406509,0.06903583,0.06209263,0.00633458,0.03363972,0.05348915,0.07288737,0.06055666,0.02422909,0.06114979,0.08197614,0.04924409,0.03305693,0.0696542,0.08837853,0.06448326,0.04508349,0.08004447,0.10400939,0.06082142,0.04741489,0.09173414,0.11457082,0.04625194,0.05328342,0.09348589,0.10912163,0.04916813,0.03676279,0.10329321,0.06223859,0.05049831,0.0549815,0.0905626,0.1038857,0.03323044,0.30328111,9
0.05647641,0.0376636,0.12470591,0.2787426,0.05476155,0.08933941,0.35554418,0.07752616,0.29381155,0.04743137,0.04702393,0.12773164,0.05859696,0.10515689,0.04052659,0.05676478,0.01837827,0.01221991,0.1322087,0.06672384,0.09194644,0.02979014,0.057998,0.07772405,0.09360401,0.11796993,0.00762828,0.03825133,0.05856558,0.10331684,0.1217273,0.03865444,0.01225058,0.06099393,0.10490512,0.11443165,0.04776883,0.04771237,0.03238845,0.10466617,0.11457656,0.05585494,0.04501543,0.01594776,0.12251932,0.0564433,0.02577885,0.02759565,0.12851966,0.03741972,0.0134645,0.04183248,0.1122227,0.0272363,0.03290007,0.05499733,0.08720229,0.01273181,0.02170679,0.05246592,0.07557727,0.02817137,0.02789554,0.07474294,0.06911522,0.0478389,0.05062877,0.06326261,0.08010128,0.10985785,0.07609043,0.05665479,0.07006715,0.33300102,0.06327454,0.41455645,9
0.26088309,0.51517426,0.37561566,0.34714597,0.20495677,0.21155868,0.26762549,0.36993157,0.32229653,0.14058458,0.12145176,0.22008647,0.13065725,0.16908928,0.12439234,0.15669859,0.09163133,0.12043164,0.05105041,0.08725772,0.10626969,0.07832607,0.07482476,0.09576666,0.08610915,0.07775552,0.08505606,0.05473188,0.10226138,0.11053016,0.0610713,0.0533998,0.11146558,0.11479739,0.04591322,0.06085387,0.07507429,0.09857198,0.06739374,0.04120438,0.08363934,0.09905379,0.0670135,0.07437021,0.06130162,0.07567626,0.09511031,0.07818721,0.10091889,0.11461937,0.02084315,0.02315613,0.07210477,0.04906176,0.04940663,0.09913128,0.08291574,0.08358396,0.1260463,0.15127687,0.13575992,0.11432668,0.08194032,0.07388315,0.02818676,0.05574061,0.12176607,0.22077414,0.01919438,0.21670259,0.38688907,0.33669785,0.38572106,0.47197181,0.25962553,0.11153352,8
0.14151851,0.54576797,0.2398427,0.22575847,0.47261009,0.22837065,0.49308236,0.0894202,0.26040411,0.18931149,0.06672824,0.19384106,0.12183073,0.22066057,0.09644566,0.10832614,0.14348546,0.11387934,0.06304182,0.08388237,0.15453361,0.15120236,0.09183824,0.16167624,0.08407462,0.16128096,0.03551201,0.12327353,0.12452144,0.12071037,0.06168557,0.03609467,0.10409662,0.11300021,0.05314071,0.00565468,0.12829254,0.09581901,0.00922724,0.07897443,0.09532053,0.06205197,0.07824837,0.05006722,0.03908464,0.0754368,0.07284466,0.06745167,0.12102818,0.08021147,0.02747049,0.10397504,0.05968275,0.05414455,0.12852569,0.02216723,0.12251395,0.09245578,0.08388152,0.14968859,0.0798434,0.10903068,0.12970123,0.11021323,0.11302343,0.28832759,0.1135454,0.25116514,0.20809446,0.10949371,0.17698199,0.0837453,0.22521553,0.44119821,0.36344728,0.1651092,4
0.30473012,0.36397789,0.41748552,0.27523407,0.47582257,0.10856252,0.27739823,0.26304337,0.17278709,0.19026512,0.33326421,0.12857215,0.21934893,0.15294376,0.26342183,0.11985917,0.16659343,0.24586461,0.1616548,0.19793255,0.09347136,0.03930688,0.18054275,0.27776902,0.10014768,0.16414104,0.08154449,0.07590333,0.17753678,0.21418663,0.04662031,0.07246962,0.17750926,0.07380976,0.1314113,0.09117276,0.06334951,0.14039807,0.19175702,0.06314042,0.09351002,0.11508683,0.11193582,0.19511323,0.16303331,0.10597335,0.04528169,0.02255776,0.17336081,0.0743853,0.10136524,0.08561622,0.12210156,0.18030457,0.05608942,0.101482,0.22083622,0.10104592,0.03665348,0.08106008,0.18644174,0.06591819,0.07816671,0.16252761,0.16638419,0.19249786,0.14901382,0.22370865,0.33341299,0.1166168,0.26417208,0.13903226,0.16154683,0.20072652,0.18264075,0.03942892,7
0.10073883,0.34247436,0.46878547,0.20550752,0.4327846,0.08954751,0.26045437,0.4546509,0.15822287,0.13437228,0.09163585,0.20553591,0.05947263,0.13614059,0.11442226,0.12504514,0.11462578,0.11981014,0.02962166,0.05932534,0.10253587,0.13430812,0.02570608,0.1407719,0.06421172,0.13621821,0.08946432,0.08384312,0.07793109,0.13364715,0.1329907,0.04149017,0.0696388,0.12196164,0.12213476,0.08247092,0.05715365,0.09645613,0.05853302,0.13277471,0.04999323,0.05863557,0.10185102,0.08392665,0.12181507,0.02619777,0.05144149,0.05702603,0.04808235,0.05067332,0.09842584,0.06730042,0.06683615,0.07455608,0.10708128,0.07338146,0.06195348,0.1419155,0.12288921,0.04766766,0.10924459,0.18879159,0.0588676,0.05448844,0.23303663,0.14741952,0.11727856,0.08549609,0.15644688,0.19156625,0.08211015,0.2681744,0.39933263,0.10888956,0.21646965,0.42762162,2
0.17349668,0.19281084,0.28540802,0.09319413,0.57824816,0.09732571,0.37185717,0.30853382,0.19653093,0.06622767,0.16965531,0.2376067,0.2133712,0.1934963,0.16815492,0.06072134,0.07370795,0.23012895,0.12427025,0.03432675,0.15433272,0.07370139,0.03247873,0.10994079,0.06324784,0.05117615,0.04880998,0.1606873,0.01381161,0.02373357,0.13189868,0.02068262,0.0507235,0.09017891,0.00490143,0.04605555,0.05646086,0.08922951,0.05218721,0.05210533,0.08822948,0.05507041,0.03659141,0.09953561,0.02680924,0.0095783,0.12280775,0.02100686,0.13478971,0.0090015,0.03676988,0.04053875,0.0198352,0.05302407,0.1280582,0.10268679,0.13665404,0.06002728,0.03549681,0.07141784,0.01936052,0.12160742,0.0883063,0.18439562,0.10575749,0.13921291,0.04628334,0.08533394,0.03480847,0.24078131,0.06952219,0.33869309,0.04097781,0.45813862,0.21207903,0.28740871,1
0.32760005,0.50858468,0.42575007,0.24478273,0.34749482,0.19140934,0.33183414,0.40012794,0.31199509,0.06454206,0.2781643,0.18415951,0.20370317,0.10520227,0.25379999,0.08736944,0.13224764,0.09779914,0.12643984,0.05301715,0.13870139,0.13391084,0.13738724,0.11805027,0.16131193,0.12953591,0.11318623,0.1260307,0.1460393,0.11007311,0.06923974,0.12731937,0.15946008,0.05729568,0.03577287,0.1427011,0.15695791,0.04832906,0.089123,0.14676924,0.13499803,0.03374599,0.10163351,0.12520575,0.03275521,0.02804689,0.15050967,0.14006786,0.07592834,0.17247415,0.11175526,0.054075,0.17804413,0.05995042,0.10172735,0.17910202,0.01610347,0.17971377,0.20573506,0.17598368,0.23152613,0.2054166,0.10260234,0.08244634,0.14682617,0.04684948,0.2256812,0.18681763,0.17655989,0.32883081,0.30357877,0.20470681,0.3916717,0.40198522,0.12097829,0.19211591,2
0.26335595,0.08613101,0.17478821,0.22310542,0.20135217,0.1879716,0.49851529,0.41452523,0.07248179,0.14583426,0.13240511,0.21802506,0.18105664,0.25022737,0.11640925,0.19382081,0.07767433,0.17508278,0.07722159,0.14022909,0.08983173,0.02998937,0.15322048,0.15472411,0.10287129,0.0291151,0.14462578,0.05551949,0.10328439,0.05692313,0.14227412,0.06786543,0.07417116,0.13175932,0.13051259,0.11684591,0.09150954,0.07459714,0.03787549,0.12907755,0.07195359,0.06875877,0.04064045,0.09814911,0.09929864,0.10336597,0.00833208,0.03008263,0.08821644,0.04435459,0.03332258,0.05786611,0.08915206,0.03002347,0.10918553,0.14330657,0.07524297,0.16500093,0.09216272,0.05254751,0.15819676,0.0666902,0.08467786,0.01469053,0.09206375,0.06830253,0.09873292,0.18688161,0.02328348,0.23390897,0.27966083,0.15781162,0.30741209,0.32166144,0.07211912,0.04297458,7
0.00731136,0.45703296,0.3445665,0.19630446,0.50754503,0.2043763,0.52231088,0.31555196,0.41044701,0.34659795,0.13392414,0.1913652,0.21908,0.29155332,0.2858643,0.15015003,0.14040402,0.16949626,0.16327583,0.21742465,0.10118747,0.12613042,0.22116573,0.17255905,0.15912877,0.08039735,0.1173507,0.19572148,0.14242458,0.0762921,0.06577991,0.08204804,0.19192083,0.12578056,0.06829771,0.10175477,0.06621978,0.16224772,0.09876432,0.0770053,0.05757922,0.01498825,0.10988505,0.07577565,0.02237384,0.12558339,0.09710983,0.0757783,0.03922395,0.11158155,0.12100893,0.09966341,0.04310065,0.10557377,0.16512891,0.12657301,0.0623635,0.13715068,0.14313422,0.13791286,0.09903106,0.04487518,0.18512154,0.15214184,0.19704182,0.11777571,0.18001236,0.15245182,0.12035172,0.0423183,0.0999568,0.14254412,0.33975152,0.04872593,0.24892633,0.08853037,5
0.31519798,0.59241524,0.38013405,0.39675404,0.26436504,0.13708633,0.27645858,0.32547729,0.16319375,0.11892105,0.22636465,0.23766365,0.19959159,0.1950939,0.18125895,0.16300558,0.17207359,0.07754051,0.05452188,0.13458823,0.15853092,0.10605434,0.09218957,0.07714364,0.13742394,0.1020961,0.10055315,0.12063831,0.12566111,0.0830736,0.098557,0.13793589,0.12138063,0.10961863,0.0894361,0.13117963,0.11163111,0.13887725,0.08810468,0.09497193,0.09318829,0.16517494,0.10268187,0.08070232,0.08447174,0.05055269,0.03756367,0.03143771,0.06002182,0.07070403,0.10299748,0.10590447,0.1069878,0.1209338,0.0626295,0.02899065,0.12504738,0.01964386,0.11739439,0.20300865,0.11462428,0.17748923,0.21339726,0.10788165,0.17628688,0.12257553,0.07547931,0.1395713,0.0502455,0.24691662,0.30634947,0.253035,0.38614015,0.40428368,0.21319547,0.25133552,8
0.11140192,0.38360847,0.36466861,0.1232252,0.26026403,0.2087132,0.14549599,0.35002093,0.20028358,0.13228949,0.16873578,0.15868104,0.13100552,0.24816346,0.12378201,0.13621157,0.09239412,0.10423905,0.1539404,0.0905068,0.09480138,0.12495168,0.11550236,0.13671121,0.07780726,0.0708291,0.08742327,0.1091143,0.04949934,0.07179408,0.11086739,0.05883969,0.07312366,0.04697592,0.06517644,0.0561417,0.08323468,0.04696819,0.10422846,0.05567427,0.03348905,0.08296849,0.08961374,0.06038468,0.09142435,0.07564318,0.05534734,0.03355656,0.09357561,0.0529317,0.00907639,0.07527392,0.04127468,0.09749273,0.09905,0.06215605,0.08958057,0.0715044,0.14767812,0.03794165,0.15333446,0.04711943,0.05881199,0.04831118,0.13133959,0.10222646,0.1789754,0.16651162,0.03982513,0.06943598,0.24446582,0.26828208,0.35992505,0.47262162,0.08415772,0.38679845,3
0.14739494,0.33735788,0.50237569,0.37860265,0.19168596,0.06267473,0.22314358,0.26941621,0.16579765,0.15368071,0.07846387,0.19472791,0.14946828,0.03417676,0.13720642,0.08641397,0.08392717,0.15507802,0.02656001,0.13688323,0.0287001,0.09640827,0.10564765,0.06253613,0.06367342,0.04194335,0.09749626,0.1354549,0.04668768,0.0215943,0.05903841,0.13023438,0.12121205,0.02951101,0.00855376,0.05221578,0.13377123,0.08827877,0.05607374,0.0328278,0.0791123,0.09571162,0.06140145,0.04378458,0.04324659,0.09558951,0.09074011,0.07092639,0.0540951,0.11014894,0.10093278,0.04958743,0.10008173,0.09283167,0.10939373,0.04618967,0.1196446,0.12807632,0.10235522,0.00237684,0.12759719,0.13103516,0.08161644,0.03076933,0.15325682,0.12921921,0.01544763,0.00400679,0.10993039,0.14477645,0.07960895,0.09848056,0.2719834,0.10730776,0.2250402,0.27759757,2
0.21405691,0.31191962,0.36282784,0.17717785,0.54605385,0.04836255,0.38330406,0.25136812,0.27123929,0.25277764,0.25930484,0.25983,0.16668736,0.17856973,0.23142185,0.04983881,0.21552634,0.31671589,0.07363726,0.2299017,0.04281943,0.15094699,0.21183601,0.10821372,0.10467677,0.07687679,0.24763381,0.16471452,0.02997539,0.11063527,0.05215743,0.19763619,0.24601016,0.05620344,0.07753157,0.03076548,0.15306935,0.17437216,0.10121111,0.05724032,0.00828618,0.20196765,0.13532507,0.03483266,0.10461811,0.06985487,0.08120779,0.07047753,0.12111164,0.0176891,0.03840913,0.07432578,0.05570633,0.05896822,0.07076569,0.12918166,0.15841604,0.04617993,0.13205543,0.08806768,0.1200923,0.05455793,0.04685308,0.13663756,0.11278607,0.12138187,0.12634208,0.24433224,0.31907214,0.0831603,0.28400633,0.20552873,0.13781872,0.21535124,0.18070184,0.10206636,10
0.15420837,0.53435101,0.16708948,0.28463076,0.28288037,0.25682858,0.65614049,0.06515786,0.58975103,0.3047012,0.22371667,0.20813644,0.15361933,0.47900612,0.13325119,0.16337949,0.35009269,0.08085014,0.10856027,0.11575429,0.20626805,0.07329404,0.12792564,0.22908098,0.1426661,0.14825351,0.25849612,0.17084016,0.09236022,0.04541433,0.10376806,0.14514889,0.11267521,0.20804035,0.07268687,0.13553145,0.1297703,0.14126193,0.0140127,0.0108479,0.08353935,0.16116818,0.12564237,0.17240859,0.06024637,0.11566076,0.10858605,0.10807926,0.01358372,0.06913856,0.08281586,0.10161409,0.01353126,0.07572631,0.12688067,0.11134415,0.04245156,0.05308045,0.11578262,0.11459737,0.09730845,0.03846881,0.07326495,0.1250291,0.07505789,0.08902008,0.12473404,0.10622672,0.13385362,0.09616857,0.12576615,0.10289389,0.2162819,0.08614331,0.07357063,0.10131909,6
0.22021523,0.48474031,0.40833983,0.21591746,0.08360387,0.05921891,0.16382392,0.05406394,0.010604,0.02823493,0.07910188,0.11896287,0.03282857,0.10491975,0.06056095,0.08035658,0.06507535,0.02355359,0.10211886,0.09270855,0.1086241,0.05904892,0.043173,0.0688186,0.10182745,0.15174029,0.06552566,0.07608208,0.04938949,0.12092089,0.1487165,0.08688755,0.08320922,0.06895136,0.1398953,0.115786,0.11785366,0.09230494,0.09563394,0.12445792,0.08682986,0.11410292,0.08291503,0.09355633,0.11496947,0.14293727,0.13750793,0.03165774,0.16558604,0.11828529,0.15367297,0.07587956,0.18562481,0.07545855,0.09020729,0.09339164,0.14789484,0.09754396,0.04192623,0.01394071,0.06682265,0.04315939,0.16154725,0.12983347,0.10140273,0.06261297,0.14953534,0.24596037,0.16425013,0.26408811,0.1149808,0.19618749,0.1739574,0.55989682,0.20191918,0.3814443,3
0.0934915,0.11852973,0.17829152,0.30589683,0.12646757,0.1321843,0.36109529,0.15250635,0.24144501,0.07094862,0.04178031,0.13747411,0.1546371,0.06452895,0.0117186,0.07027426,0.02496251,0.07169515,0.13942984,0.04616016,0.09561269,0.02631788,0.0026094,0.06968243,0.05506284,0.07842442,0.01548778,0.05269203,0.07709923,0.05728535,0.05843789,0.02716024,0.06653652,0.06587387,0.05871256,0.06732781,0.04474945,0.06573809,0.01947814,0.07168489,0.08338127,0.05926571,0.05944813,0.01346952,0.04272836,0.04124965,0.05245124,0.03418851,0.07243496,0.05731982,0.07877266,0.03767856,0.09095588,0.06514356,0.06745463,0.01655582,0.08844231,0.05307992,0.07370341,0.03554525,0.06514831,0.0206272,0.08075128,0.01897781,0.06989185,0.04687363,0.09723676,0.07522772,0.09788997,0.01968052,0.09838068,0.30009856,0.08191897,0.38809966,0.01559373,0.29005377,9
0.19675987,0.35046353,0.51543125,0.13297644,0.42623474,0.10645245,0.24184287,0.44575377,0.17090437,0.04214711,0.18471422,0.24578677,0.05210997,0.21178484,0.07883996,0.1270201,0.09373417,0.06432632,0.1127181,0.15260179,0.14200062,0.05327172,0.05734849,0.17082895,0.11693666,0.04876103,0.03416522,0.15063766,0.12789964,0.05784828,0.03243854,0.11650198,0.10412653,0.03379159,0.03752041,0.09372255,0.13166385,0.04078178,0.0309702,0.08535534,0.1266893,0.05695161,0.01500541,0.10083447,0.03721976,0.05543467,0.06650643,0.09365214,0.07111528,0.09722043,0.11337706,0.02557335,0.10470465,0.10372427,0.02149808,0.07752112,0.12781316,0.05221989,0.07393668,0.14314499,0.03846157,0.08141231,0.18135708,0.14633842,0.09331244,0.22659584,0.25833807,0.02820789,0.21310969,0.25835408,0.02993092,0.21977928,0.40873517,0.2063266,0.19334577,0.35607729,2
0.15139183,0.34353054,0.45031912,0.29881452,0.4533489,0.15257277,0.28385347,0.35946619,0.39476583,0.16013381,0.14193772,0.06633749,0.30453323,0.00590215,0.10099187,0.06485963,0.11682638,0.11852502,0.14337672,0.07314901,0.03771059,0.12687387,0.11794359,0.16236932,0.03759269,0.1053483,0.17664185,0.08775846,0.09989046,0.0310057,0.09540696,0.09857139,0.10195121,0.02037529,0.02575222,0.1122255,0.10093085,0.05411078,0.02797992,0.0966252,0.13521249,0.06968722,0.023228,0.04793387,0.02231647,0.05868341,0.1027744,0.1020699,0.02744879,0.09890572,0.1747168,0.08684456,0.05533951,0.16250192,0.12828086,0.0402918,0.10015167,0.14721568,0.09071885,0.09379598,0.15684298,0.19709064,0.16430135,0.09199154,0.1725298,0.16188412,0.10305556,0.06789318,0.17670514,0.15891226,0.061959,0.18002837,0.42001688,0.12885548,0.1661759,0.2401755,5
0.05844989,0.18489746,0.25382906,0.18068471,0.14763248,0.18746649,0.67366979,0.11346508,0.15979021,0.16811555,0.28906379,0.38384469,0.13192883,0.44954837,0.13529591,0.10744335,0.05526032,0.13443918,0.41075329,0.17569681,0.18179054,0.02990542,0.07271996,0.11740582,0.11561279,0.21024746,0.2281189,0.17507478,0.04324911,0.07879018,0.06079665,0.094853,0.050906,0.20978261,0.19487157,0.18215086,0.07767505,0.14645845,0.16291323,0.07384409,0.12356243,0.0802131,0.11552576,0.04288077,0.08468003,0.06700514,0.03893459,0.10264299,0.14141108,0.10839227,0.07081767,0.0658068,0.12462103,0.04493889,0.0736408,0.04543036,0.17780795,0.10898898,0.0453849,0.10255675,0.11078709,0.0890897,0.03620299,0.08660703,0.1593741,0.15170051,0.08501067,0.07656602,0.22629957,0.14520695,0.06122059,0.128783,0.09356983,0.20407801,0.12921937,0.17263225,6
0.2098554,0.41084687,0.47752481,0.1300385,0.3967835,0.08514822,0.35066911,0.3990233,0.30535341,0.08919724,0.27018798,0.09036846,0.23333609,0.13494184,0.24254659,0.10592989,0.12870764,0.01921434,0.21085696,0.1548553,0.04895275,0.03975394,0.15109915,0.13218804,0.02728806,0.09803494,0.12527132,0.12341443,0.1023705,0.14004646,0.1343109,0.07559357,0.08249203,0.15088914,0.13424666,0.04587376,0.08219261,0.16395736,0.06683635,0.03105873,0.09657273,0.15745889,0.07749596,0.06067618,0.1153569,0.11537313,0.02566863,0.08198744,0.14231561,0.01839091,0.11437634,0.04901064,0.03226833,0.14174101,0.09104101,0.02434568,0.16207045,0.15772746,0.05568798,0.07885507,0.21653807,0.08896367,0.06350626,0.12627847,0.11733918,0.17492277,0.24570515,0.09611461,0.28802952,0.38521503,0.15851592,0.08171857,0.48428502,0.24338593,0.05637182,0.29754381,5
0.01539619,0.14114724,0.08522398,0.36110673,0.60698877,0.028093,0.38671428,0.0413208,0.39502676,0.06323178,0.04992362,0.2531684,0.04102561,0.35831221,0.24374621,0.04145413,0.10560419,0.0561117,0.08308559,0.01426184,0.07337322,0.15467208,0.01885887,0.17776588,0.15136338,0.04661917,0.07453832,0.06680297,0.10418771,0.05100367,0.06909698,0.12651475,0.0156877,0.12465434,0.08471524,0.0388661,0.06772345,0.06006949,0.13512476,0.07930014,0.04756778,0.09926098,0.0228736,0.05805212,0.07869327,0.06849615,0.10060216,0.0565694,0.09367715,0.06153781,0.12346999,0.12139097,0.09585676,0.15264315,0.10722984,0.04517685,0.09877525,0.03879916,0.11913686,0.13694363,0.09561915,0.18735735,0.06944187,0.18707421,0.06529936,0.13024788,0.09186146,0.06890273,0.06688623,0.24661547,0.03419674,0.31045417,0.02393257,0.38572571,0.07518229,0.38868517,1
0.05883413,0.47749927,0.15994619,0.08649723,0.11690685,0.07461416,0.55583837,0.03440122,0.57901465,0.09850626,0.14761532,0.13003482,0.26286806,0.12197148,0.17530095,0.15696271,0.13554448,0.11605707,0.05651155,0.16011368,0.09717804,0.09136428,0.09617284,0.12009639,0.12817302,0.17285539,0.03572753,0.0555648,0.08298834,0.1957383,0.14867538,0.032432,0.08062975,0.03560442,0.17985337,0.09131433,0.07439568,0.06613028,0.04705866,0.13347156,0.11957462,0.06846542,0.05082365,0.04164218,0.1574142,0.09789345,0.07050813,0.07306347,0.18914209,0.09190395,0.02926823,0.04530622,0.13769023,0.03369048,0.00632622,0.03319447,0.15202069,0.06128331,0.04989067,0.0483589,0.17805616,0.07685313,0.07812351,0.06445063,0.1100202,0.05397,0.03474066,0.09772157,0.13056856,0.1332149,0.10617691,0.07477773,0.1718523,0.15546912,0.12806915,0.18573878,6
0.12428535,0.61741667,0.10106336,0.37742243,0.05760516,0.2310079,0.07139256,0.21066898,0.23188714,0.15344135,0.11084855,0.16941763,0.12342568,0.03034305,0.19412441,0.07792551,0.15725153,0.04984294,0.12716043,0.16397687,0.11797634,0.08614306,0.10185294,0.09424844,0.14353282,0.09792511,0.04540682,0.07272963,0.04273828,0.07162779,0.10905358,0.04424912,0.07969839,0.05885074,0.08533948,0.07776338,0.07610975,0.03896241,0.08138578,0.11656629,0.05033714,0.05119656,0.00484583,0.04434295,0.11950257,0.07822537,0.07970926,0.10772627,0.11867474,0.11115017,0.11648135,0.08231079,0.11995755,0.18299996,0.07812803,0.04320997,0.13496464,0.15804206,0.04023325,0.15451759,0.12926798,0.04199488,0.04410422,0.17374981,0.07149149,0.06816454,0.14871708,0.08074215,0.1893673,0.24066993,0.07977056,0.08714287,0.19868216,0.47721067,0.16154699,0.44116493,3
0.04746504,0.19889333,0.0753684,0.27601317,0.58497474,0.01185678,0.39926823,0.08152425,0.35174077,0.07957672,0.07363343,0.25873364,0.03163841,0.37452713,0.20956998,0.07851071,0.11519695,0.10146135,0.10844924,0.03200056,0.10266041,0.15765194,0.08240481,0.16583223,0.12113892,0.10176785,0.04292181,0.11180197,0.11847132,0.03907862,0.10343451,0.10914778,0.10027647,0.0662206,0.07754476,0.09446705,0.05888304,0.09260476,0.08692175,0.08848676,0.08841728,0.07098535,0.09149045,0.06376495,0.06772087,0.05388438,0.05769099,0.02223897,0.0861236,0.05240433,0.07894055,0.02872178,0.09182138,0.08259177,0.0769232,0.08325905,0.10160586,0.0587632,0.08334651,0.04869637,0.09195098,0.11094976,0.09394108,0.17958725,0.08876875,0.12243627,0.05744834,0.03282603,0.05357132,0.21274637,0.08975017,0.29684289,0.04710524,0.42300177,0.0835558,0.38143023,1
0.1524069,0.50818921,0.10227773,0.38399533,0.21460928,0.39358334,0.28479627,0.33765766,0.17034701,0.2012694,0.32424113,0.17882712,0.14683443,0.0707109,0.16933775,0.18842222,0.17734921,0.18853157,0.21745074,0.15014156,0.14074338,0.11737878,0.15576673,0.17750064,0.14736739,0.150086,0.18825327,0.17316569,0.07499599,0.10469113,0.09504221,0.12286642,0.07360882,0.06454521,0.11164838,0.14756971,0.20352719,0.14493305,0.09411286,0.07562656,0.11017283,0.14499208,0.10603114,0.04898821,0.03036702,0.06826583,0.06445565,0.02358829,0.04416365,0.05183953,0.07365312,0.0159101,0.07107416,0.08669557,0.14050223,0.07974843,0.07312021,0.01077334,0.05137854,0.0514315,0.1598411,0.14400343,0.18179294,0.15543104,0.10535952,0.08780306,0.10501604,0.09335232,0.19931082,0.17914385,0.16157389,0.15577999,0.26912302,0.19033418,0.34043729,0.21173945,4
0.15274443,0.56107562,0.14458387,0.24176934,0.08676185,0.23275159,0.50899734,0.10957097,0.55601891,0.01440104,0.06867131,0.21807838,0.11338787,0.06597209,0.10017343,0.05776414,0.13875855,0.07489303,0.15162455,0.16094698,0.12702939,0.07826323,0.09369485,0.14768799,0.13100076,0.13599526,0.01607465,0.03983495,0.14574223,0.13318465,0.1230089,0.06261774,0.03868826,0.13466608,0.10505546,0.09055874,0.07621111,0.08342252,0.04636006,0.1047022,0.04651878,0.04597825,0.07712478,0.02314473,0.12217753,0.10276649,0.06325998,0.03186993,0.1030986,0.08208348,0.07189993,0.04915614,0.14200602,0.08478392,0.03626659,0.04282879,0.13502617,0.10286772,0.08028366,0.03135702,0.1352085,0.04706714,0.08328091,0.04773792,0.17351641,0.07282788,0.05443403,0.14398056,0.12357181,0.14134303,0.01738168,0.15539362,0.0945877,0.14910438,0.16082076,0.07900955,6
0.19205322,0.3219129,0.49172079,0.2441023,0.24199153,0.13483956,0.21219947,0.31342121,0.14030228,0.20732825,0.22050864,0.10994155,0.05366171,0.17172716,0.10548125,0.17981575,0.10644915,0.06044455,0.02105992,0.10195893,0.09747533,0.13577226,0.06386862,0.1236715,0.09175284,0.11856382,0.14362482,0.09830131,0.03438744,0.01502089,0.10047723,0.13615548,0.08684547,0.03356754,0.0427061,0.07847045,0.10853174,0.08277735,0.03591515,0.02989524,0.05941332,0.09037005,0.12379677,0.05046984,0.04971782,0.07358592,0.08298978,0.03163956,0.03416889,0.06397206,0.08812786,0.08808391,0.03925412,0.09034697,0.07274737,0.09145299,0.01489294,0.06783638,0.07551687,0.0762453,0.04612914,0.03605135,0.09690604,0.12057855,0.00188382,0.03127706,0.11781566,0.13242012,0.13617641,0.01510441,0.11689848,0.06960715,0.25133711,0.05916234,0.19937008,0.38357575,2
0.14373998,0.08522817,0.11417393,0.24008413,0.03252027,0.11875589,0.36000951,0.09448412,0.2703355,0.02172151,0.12098206,0.16952374,0.05693051,0.07526185,0.01802729,0.11144712,0.04839884,0.07392375,0.17549362,0.07922372,0.06325486,0.06494278,0.09331676,0.11673614,0.12744917,0.02779011,0.03604864,0.08932221,0.07600385,0.13038825,0.02217525,0.03674977,0.04163672,0.05827554,0.09207984,0.0557524,0.08194747,0.02919162,0.02737735,0.05136728,0.09565348,0.07233181,0.00843524,0.06518501,0.05576312,0.05579608,0.03411587,0.04048238,0.0479595,0.06914956,0.05639611,0.04015698,0.05056431,0.04276445,0.06385094,0.0327041,0.06991142,0.02456029,0.06226334,0.0355786,0.09286527,0.01426482,0.03523138,0.04752859,0.09854141,0.03364726,0.03287903,0.10458242,0.1027991,0.12891879,0.03812366,0.07412321,0.08899252,0.33568155,0.09152312,0.40180115,9
0.19828052,0.07890516,0.06962748,0.16859986,0.12211997,0.0881575,0.38930237,0.15394176,0.33943858,0.08232206,0.099038,0.09892516,0.02179402,0.13639133,0.05603544,0.0982202,0.07583105,0.03151051,0.08933148,0.02889465,0.08168435,0.0507048,0.05656495,0.09327658,0.03740077,0.07340287,0.03358215,0.04305799,0.08146064,0.06958191,0.07715488,0.00780281,0.03132428,0.05407134,0.06813657,0.06724151,0.03639353,0.06621497,0.03526777,0.05677121,0.05825584,0.05516712,0.04572476,0.0511319,0.04957363,0.04616924,0.02066735,0.02783879,0.05286193,0.03198078,0.03547455,0.03601622,0.06171048,0.02386217,0.02528662,0.03022548,0.05850721,0.03272373,0.04844615,0.08132073,0.06597226,0.06238863,0.06786459,0.07675931,0.08879286,0.06922789,0.07453991,0.09114691,0.09370923,0.03531099,0.07229375,0.24641426,0.08994168,0.41562436,0.20664433,0.25026913,9
0.08625707,0.40635541,0.13294072,0.24912563,0.31888163,0.31563405,0.61009735,0.0894409,0.38855951,0.32829631,0.18544519,0.35068061,0.22149611,0.37256795,0.15572638,0.28565987,0.11228181,0.06702659,0.11419553,0.10917203,0.18089723,0.18081512,0.25783939,0.10003095,0.22235351,0.16575357,0.17964835,0.11527121,0.03291176,0.05503268,0.06154595,0.18566965,0.14991308,0.12889708,0.1411937,0.17095566,0.16589856,0.22610999,0.02617754,0.07471343,0.02707231,0.15337735,0.09443534,0.08120202,0.02104142,0.0414683,0.08321413,0.08127374,0.18228795,0.09345573,0.07586121,0.08996536,0.07520957,0.07645265,0.05384925,0.1200108,0.14605195,0.15534375,0.06250668,0.01445874,0.18897097,0.05628224,0.11529703,0.16079365,0.23160472,0.15212615,0.07332351,0.05917027,0.19374709,0.10053879,0.19536947,0.14532049,0.29281037,0.09322208,0.05298051,0.1061515,6
0.13785806,0.55314145,0.13450945,0.33755887,0.38693409,0.18102565,0.56865842,0.26444149,0.5002886,0.13542361,0.29387272,0.25741083,0.13107079,0.23089822,0.16896217,0.18086442,0.09149622,0.23649587,0.23961928,0.14636864,0.08434155,0.10840448,0.2212013,0.10100651,0.20488963,0.11380689,0.09489266,0.03285634,0.12862231,0.14559428,0.07714297,0.15099152,0.03954694,0.12991956,0.02994955,0.1765424,0.10488308,0.02070644,0.09970811,0.08461792,0.07551387,0.05256691,0.18966517,0.07300261,0.1107618,0.19219778,0.17625789,0.11135516,0.11891174,0.17743564,0.10777661,0.12062572,0.2097377,0.15787659,0.15419196,0.1613133,0.1799855,0.09349085,0.16542692,0.08183526,0.1054213,0.1708558,0.18860462,0.09107105,0.20031693,0.25016852,0.17264205,0.10112328,0.20805887,0.22162309,0.10746345,0.08257142,0.41599392,0.187176,0.17462819,0.04493887,6
0.18342517,0.05718021,0.03855776,0.24647205,0.20354524,0.10670133,0.40375475,0.1611855,0.28184552,0.10968429,0.10153959,0.0651215,0.10340834,0.2330636,0.10806133,0.08058878,0.12857433,0.06695781,0.10435688,0.14724792,0.05538645,0.10810851,0.06389072,0.05837405,0.10567346,0.04899104,0.09367873,0.06739276,0.11707463,0.03855465,0.08629145,0.09029874,0.03567743,0.07268461,0.02790532,0.09282637,0.02691628,0.0437043,0.0531371,0.07061075,0.06590724,0.07078672,0.06978507,0.02021129,0.03332488,0.02895297,0.02395359,0.02872577,0.02604188,0.02097585,0.05563609,0.06577326,0.05607783,0.05433516,0.06505837,0.11078259,0.08421269,0.0891478,0.0460312,0.06018937,0.07912697,0.0743314,0.02055848,0.05985813,0.058952,0.11892794,0.04238412,0.04263761,0.04389811,0.06646053,0.12696247,0.26256617,0.11114802,0.38057856,0.19021617,0.24730579,9
0.05464069,0.27799547,0.35030275,0.13082769,0.22225759,0.27926414,0.67480432,0.02462104,0.26224017,0.12989467,0.24402531,0.41758243,0.22009972,0.45117414,0.07015287,0.06036477,0.07300169,0.17482962,0.3965906,0.19425074,0.23210046,0.0776968,0.09426291,0.14769047,0.01643248,0.06200838,0.1433702,0.17176897,0.03900542,0.1706484,0.11504969,0.16327142,0.13753489,0.08804942,0.10667997,0.10833436,0.09492011,0.03835205,0.14841909,0.13165305,0.15737205,0.1220003,0.01590905,0.02466918,0.11740651,0.15664866,0.10431301,0.0784167,0.02170625,0.0681314,0.07606867,0.06086939,0.18179371,0.14688866,0.14774051,0.06580388,0.07826471,0.07565378,0.06165554,0.12852466,0.1719745,0.17842219,0.15506703,0.05636724,0.13311863,0.04051381,0.11715837,0.12007491,0.26171042,0.20395983,0.05948663,0.11488265,0.21507135,0.13759304,0.09157886,0.04657707,6
0.1567614,0.35634741,0.42393811,0.24646499,0.24624321,0.22578163,0.04873066,0.2787123,0.31798563,0.19484994,0.07873626,0.24639288,0.11561569,0.19482345,0.1135351,0.15332265,0.08789823,0.19575182,0.12728747,0.08414172,0.10398064,0.05897633,0.07097601,0.09492843,0.02382452,0.06547767,0.06070021,0.05742173,0.07582419,0.00685574,0.05996541,0.06432305,0.06586421,0.08946124,0.05563899,0.08260119,0.03829253,0.07145649,0.03095041,0.05704394,0.09218311,0.0258728,0.05389963,0.04532379,0.11057108,0.07922367,0.09740078,0.0131939,0.08711696,0.00922858,0.0591661,0.05523133,0.04986645,0.0406615,0.12928264,0.0839043,0.12475938,0.10376538,0.17754328,0.11925173,0.18420034,0.10719342,0.13933341,0.08184323,0.12821204,0.14230529,0.11469032,0.08881899,0.06894535,0.0124436,0.24637413,0.35330713,0.32551874,0.48960673,0.18301872,0.32973984,3
0.25892348,0.50530944,0.40153396,0.23831558,0.28612352,0.21847101,0.26995417,0.42893183,0.27214872,0.15043966,0.15443618,0.21876049,0.1726895,0.19677564,0.12562122,0.13676905,0.05252937,0.10839734,0.06958005,0.09165142,0.06454608,0.09858435,0.04808762,0.08197851,0.0856996,0.07802724,0.05193995,0.07149856,0.07448137,0.06364812,0.06871421,0.04930181,0.07884538,0.02792337,0.05929995,0.05286528,0.08806124,0.00947744,0.05511336,0.08369016,0.07507411,0.00206583,0.02879477,0.01602215,0.02878059,0.09082047,0.11806265,0.0790665,0.07853825,0.09534281,0.06778528,0.10418003,0.09170706,0.05325106,0.16073831,0.20237288,0.04211621,0.18357395,0.18191272,0.09395001,0.17342233,0.10472959,0.04399311,0.0870223,0.10317441,0.00377491,0.16534398,0.34395149,0.10067498,0.28356119,0.4343606,0.23551814,0.40472929,0.45941986,0.17715751,0.11097966,8
0.28347629,0.58479982,0.35301639,0.40556109,0.2806168,0.15272425,0.29736157,0.34326327,0.17066225,0.09213365,0.22992497,0.20349221,0.16017679,0.12064259,0.19149403,0.12433151,0.15571816,0.09269769,0.08226566,0.104573,0.13648404,0.12369967,0.1211289,0.1231749,0.1266235,0.08603192,0.08165617,0.11872715,0.17912774,0.05015708,0.04490181,0.10555789,0.14420321,0.11927363,0.03968841,0.10479809,0.09811907,0.09840722,0.1453979,0.08161483,0.03959716,0.09299658,0.10995983,0.0574762,0.07505007,0.05510503,0.02887139,0.06334344,0.02854308,0.07701374,0.13366285,0.11826348,0.09500208,0.14342886,0.0567379,0.03639182,0.10580574,0.03506865,0.12009527,0.25765051,0.15043129,0.16787658,0.26023336,0.10388381,0.18805029,0.12239571,0.08333558,0.14026383,0.03186029,0.30356497,0.29008649,0.30411409,0.39867396,0.4468296,0.19671877,0.2719455,8
0.14209625,0.5141253,0.27315147,0.29673227,0.07520188,0.23072101,0.14282514,0.21744163,0.26757982,0.11405108,0.1169372,0.09605617,0.17472693,0.03693626,0.14470477,0.05357491,0.11829829,0.03050311,0.08657577,0.17264225,0.07136203,0.07814286,0.00324381,0.06266957,0.14789942,0.08948427,0.05794896,0.03451802,0.0595199,0.07810366,0.09628008,0.03071228,0.06876109,0.01936392,0.09546991,0.10006031,0.07118044,0.05448146,0.04907211,0.13241079,0.11056475,0.07883742,0.05113097,0.03416547,0.12674075,0.04083283,0.05356809,0.06802541,0.0889768,0.10489624,0.08516558,0.03291017,0.10458037,0.11277648,0.06626728,0.04837035,0.10756571,0.09894588,0.06266262,0.11791179,0.1043255,0.00756334,0.10482297,0.15174479,0.07421349,0.1240657,0.11118666,0.17470358,0.18591096,0.19062196,0.10976985,0.15073653,0.25711617,0.41792319,0.08508054,0.34980457,3
0.21001009,0.44177605,0.43400524,0.22729982,0.45905039,0.12891695,0.41613662,0.3412051,0.37267075,0.21147411,0.24892929,0.08734371,0.22910229,0.04098509,0.15500268,0.1777095,0.11611061,0.13487922,0.14305526,0.19426468,0.07461584,0.13190943,0.04424674,0.25189793,0.12193714,0.07929072,0.01257234,0.21151322,0.12467842,0.08979507,0.02012361,0.16665797,0.14716092,0.08854242,0.01344488,0.14189648,0.13975007,0.04194555,0.12983434,0.12406957,0.12614694,0.04259821,0.05851664,0.12751029,0.02734692,0.08099832,0.04999129,0.03911322,0.09587559,0.08522676,0.04160135,0.1124356,0.12924117,0.09118565,0.08140521,0.07586852,0.15736186,0.03417917,0.10300163,0.08122293,0.08514831,0.15197938,0.14219536,0.12876337,0.20494252,0.25830828,0.2174958,0.11945517,0.35570768,0.35392033,0.13105383,0.11479463,0.44867353,0.18402084,0.08268918,0.20918411,5
0.15334984,0.09167536,0.03238886,0.37281216,0.15008022,0.09747105,0.34389136,0.17039488,0.33284058,0.10480059,0.05594309,0.06751181,0.13461372,0.18682868,0.03939857,0.04781281,0.05280573,0.08640762,0.11205901,0.0690647,0.07766179,0.06713367,0.04596167,0.0330126,0.11315262,0.08172751,0.04318369,0.02102617,0.02933042,0.10613626,0.06126132,0.06546249,0.06169246,0.0461613,0.06005293,0.02664426,0.08609479,0.07927276,0.01299936,0.02274065,0.01200412,0.08007372,0.04815268,0.065094,0.04937937,0.08766793,0.02540573,0.021697,0.04639508,0.09187666,0.0245696,0.03095246,0.05300877,0.05613424,0.0368793,0.11796396,0.04556973,0.05578642,0.06786254,0.12427951,0.05033587,0.11579213,0.10652723,0.06371069,0.08330178,0.10847681,0.06979638,0.11821808,0.09867049,0.07598471,0.08792129,0.09795432,0.10188252,0.34235936,0.12550194,0.27303753,9
0.13112415,0.18597032,0.28715875,0.34217507,0.0560008,0.08896704,0.30803157,0.22630989,0.22939959,0.16129263,0.10068457,0.07199815,0.08204713,0.14053514,0.16212256,0.04662757,0.02871099,0.10506033,0.15771765,0.16871365,0.08058144,0.0670074,0.08736647,0.05936604,0.13087334,0.07995931,0.04617725,0.07393826,0.02378252,0.07554987,0.08726233,0.04094373,0.03421475,0.08289717,0.06433094,0.04673406,0.04734178,0.06775852,0.08957459,0.08493979,0.01093216,0.03246447,0.08177083,0.05580115,0.06768945,0.06185361,0.0497338,0.06084918,0.12149968,0.05709796,0.04634946,0.04793398,0.12810803,0.07889578,0.03036142,0.04051734,0.12820342,0.10536516,0.047976,0.07874441,0.09092293,0.07503946,0.03376439,0.10685086,0.10571056,0.06902386,0.03383608,0.12945388,0.09491428,0.08671693,0.05301316,0.03988831,0.21469972,0.21726953,0.19194198,0.36776782,9
0.30232901,0.26065475,0.33067501,0.21059538,0.4663917,0.08173129,0.37722242,0.40435594,0.22946748,0.12726286,0.18091187,0.25018267,0.26063672,0.10006861,0.17884443,0.09346493,0.13298871,0.25337549,0.14130208,0.05174061,0.16927361,0.1623869,0.10133042,0.11941179,0.11574945,0.03147796,0.15036092,0.10495409,0.05771558,0.08922272,0.15487342,0.06303061,0.10330239,0.0778028,0.11797119,0.12981097,0.13277518,0.00686901,0.03291562,0.16437779,0.12042446,0.08617532,0.06566313,0.06343038,0.03713883,0.07226225,0.15667287,0.20293187,0.12273191,0.07504877,0.22949955,0.11217362,0.04127193,0.23014345,0.12346924,0.17029753,0.15640462,0.13298232,0.19319065,0.20602864,0.15270389,0.19348826,0.26538557,0.13980108,0.18014678,0.36817284,0.14911301,0.12691555,0.40490193,0.17496326,0.15443418,0.06182027,0.20620646,0.12174248,0.03249007,0.11433052,7
0.14202508,0.0181932,0.10071309,0.29469832,0.12623013,0.10850407,0.3936313,0.16569698,0.25182142,0.06151346,0.04364689,0.061225,0.17709828,0.20030339,0.03372046,0.08698149,0.04463942,0.0844268,0.0960914,0.06549619,0.09984646,0.06523938,0.03776414,0.02861765,0.09136628,0.06709884,0.07922029,0.06006422,0.02989508,0.11710088,0.02951179,0.08032081,0.04885476,0.06799892,0.09872182,0.03543446,0.08167217,0.06435586,0.05973398,0.04558826,0.06435703,0.09446833,0.03824306,0.02991043,0.05341024,0.10547708,0.05423359,0.01292554,0.07373527,0.07581523,0.03969145,0.04350495,0.0741376,0.04255671,0.0069641,0.03615128,0.06061145,0.05756519,0.04057967,0.01846643,0.01876704,0.05320492,0.10315007,0.08317534,0.08051783,0.02433799,0.10794465,0.10880461,0.13248227,0.0662495,0.14302154,0.18867298,0.09228892,0.36268023,0.06188115,0.34462832,9
0.10958249,0.5299479,0.27526362,0.40670751,0.12038076,0.23148424,0.13824992,0.11465927,0.22016644,0.0508558,0.16887076,0.09919478,0.16826113,0.03982182,0.08597791,0.05063443,0.13845617,0.06926421,0.06582036,0.12309592,0.0311863,0.11623375,0.02305151,0.09965765,0.14078363,0.11188979,0.09289402,0.0647005,0.07373224,0.08226955,0.17428241,0.03141789,0.11358882,0.07043637,0.08373528,0.14833416,0.05449296,0.10195705,0.02502142,0.09869333,0.11234517,0.08070215,0.04658916,0.05059765,0.14520768,0.02686437,0.03177186,0.07075343,0.12319234,0.0554861,0.06943852,0.07544484,0.08716961,0.03771144,0.10948909,0.12313689,0.02480146,0.05034868,0.15481227,0.09917897,0.10772152,0.06429125,0.1568233,0.09944532,0.14226657,0.16951298,0.06456263,0.08529658,0.21056215,0.19700563,0.0980504,0.13916015,0.2414704,0.37686524,0.08371237,0.34236588,3
0.26546257,0.51942865,0.32084529,0.08947976,0.29018336,0.0848618,0.38954397,0.38702259,0.28719068,0.22040424,0.235968,0.11149999,0.12601998,0.08375114,0.0793796,0.12007709,0.12859221,0.11183249,0.07194111,0.1176319,0.10208965,0.06551645,0.06274245,0.20025439,0.12049347,0.03200956,0.08196015,0.15688929,0.04120841,0.04564644,0.10144295,0.12071335,0.0462599,0.05385782,0.11744287,0.08466026,0.06567738,0.07737098,0.06887424,0.00268666,0.11116426,0.10866555,0.06144289,0.02407881,0.06667127,0.1284007,0.08589219,0.02652505,0.12998934,0.00897542,0.08397848,0.1096983,0.09798152,0.13056586,0.11338034,0.07094218,0.099977,0.03106517,0.04422769,0.12974853,0.03562205,0.0753104,0.17335322,0.11091305,0.17287754,0.19859332,0.06114897,0.05389909,0.11938999,0.10129373,0.22381272,0.21664635,0.37623064,0.43445909,0.29882481,0.17423064,2
0.1094154,0.48458061,0.42611785,0.27448208,0.49636637,0.2028798,0.42611271,0.30141612,0.37752848,0.30328407,0.20544865,0.05704114,0.26525792,0.0695102,0.21330517,0.1504184,0.06539373,0.22486176,0.13868155,0.15670853,0.10981734,0.11333735,0.17826633,0.13695759,0.16340243,0.07744959,0.19300676,0.16242658,0.11031415,0.13045344,0.116002,0.16903633,0.12954565,0.14715693,0.08020744,0.07917317,0.14725043,0.17970703,0.1094402,0.05715541,0.10870902,0.14887044,0.15038758,0.10261572,0.12571709,0.04961583,0.06522156,0.10010095,0.10894241,0.07541014,0.07962253,0.13783749,0.1402022,0.07731473,0.07904678,0.14636028,0.12826694,0.11898475,0.06055031,0.19101314,0.21826738,0.1875569,0.11050525,0.19620933,0.29514295,0.07770396,0.09614493,0.22078206,0.29466592,0.15140672,0.09342987,0.18997098,0.40426048,0.147253,0.30579764,0.14050389,5
0.21121899,0.09318399,0.1306829,0.32033207,0.23401381,0.11765026,0.35369606,0.22281694,0.22965672,0.11122241,0.06511542,0.04203921,0.11609544,0.21622598,0.10068411,0.05517548,0.1039161,0.07875058,0.13890071,0.14200549,0.03738365,0.08235165,0.04453149,0.04738141,0.07485498,0.03907437,0.09890956,0.02498739,0.07889108,0.02715549,0.06824123,0.07990947,0.03884633,0.07134834,0.00842662,0.06132443,0.02192027,0.06829485,0.062974,0.04930893,0.02619149,0.03499465,0.05813556,0.03792925,0.04195136,0.03847565,0.00543451,0.07253543,0.03158161,0.03056224,0.07265073,0.03846521,0.04622099,0.0167875,0.08442214,0.08498249,0.07641925,0.09852712,0.03931626,0.07106999,0.06234393,0.08299583,0.01226883,0.15102967,0.0399011,0.16188905,0.11885592,0.09058502,0.05480106,0.13531762,0.16826644,0.21624362,0.1257291,0.32150816,0.15604513,0.35341212,9
0.23494947,0.42159401,0.12131132,0.45063089,0.23467656,0.19784864,0.30514053,0.25738011,0.09897,0.16347425,0.11775206,0.1294498,0.0578321,0.22790636,0.08838264,0.11854018,0.0920224,0.01558098,0.1253378,0.148907,0.12419917,0.09208539,0.06449114,0.04137951,0.12858917,0.08546251,0.07087993,0.06965888,0.02978538,0.11628858,0.08116236,0.05942398,0.07847591,0.03425331,0.09539164,0.10985909,0.10853418,0.07939414,0.01791212,0.05899681,0.09245711,0.11521521,0.02274446,0.02964536,0.02367076,0.04835663,0.07533933,0.08987876,0.02603853,0.06611001,0.06817057,0.1104788,0.04101324,0.04575538,0.053151,0.15132347,0.02289624,0.03798494,0.11858954,0.12479019,0.08856666,0.0837432,0.1828015,0.14327639,0.14820445,0.10331691,0.15469478,0.10346999,0.17123779,0.10233097,0.0721105,0.07697991,0.10879846,0.16498412,0.14567952,0.11779565,4
0.27876973,0.30132896,0.37301853,0.24965364,0.51515287,0.07559296,0.38664481,0.37652723,0.14858389,0.17547018,0.20507821,0.24074211,0.20047796,0.18290518,0.15703388,0.09896192,0.16660626,0.24016111,0.13911064,0.12473481,0.16419429,0.172115,0.08702994,0.06699328,0.08581942,0.09291685,0.19366105,0.03301152,0.10636606,0.1215359,0.20278238,0.1342253,0.05407844,0.11269322,0.11089778,0.20893034,0.10602334,0.04365736,0.0795174,0.19205011,0.11752084,0.06573244,0.09979493,0.1541528,0.04262012,0.03249333,0.16646893,0.05823732,0.09158965,0.14112553,0.11880483,0.05810991,0.0600177,0.20825918,0.07584939,0.10162718,0.20232273,0.11247325,0.16129949,0.1067048,0.11853013,0.22546807,0.12359431,0.18808537,0.21458859,0.3017982,0.08730766,0.21545494,0.42040779,0.08518939,0.22909333,0.10566218,0.15391482,0.12152047,0.10741416,0.03856665,7
0.16510468,0.43454315,0.02395873,0.24486261,0.18881265,0.09060196,0.66056883,0.18774613,0.41185495,0.24463242,0.24043193,0.13661278,0.10381231,0.349128,0.12705055,0.23544352,0.2500025,0.27224512,0.04722799,0.10071637,0.11197219,0.08601852,0.14344006,0.09416673,0.17539875,0.23198981,0.1358969,0.19863176,0.13224124,0.04820018,0.13793947,0.05922361,0.19075758,0.14609969,0.13994261,0.03554164,0.11055516,0.07198539,0.076755,0.13404583,0.10389594,0.19667347,0.09864406,0.14206981,0.04830368,0.10642498,0.09800246,0.12567703,0.07801439,0.10695061,0.08815078,0.03503208,0.13592156,0.06808605,0.03259064,0.02203687,0.15654806,0.0395317,0.09983095,0.14736994,0.09460606,0.09025196,0.0604165,0.13565052,0.06664829,0.18438644,0.23179997,0.10948063,0.27757025,0.15290341,0.09194301,0.16587544,0.20557588,0.14056332,0.11029866,0.07770641,6
0.36286127,0.26584304,0.24255031,0.17109493,0.42408706,0.10889016,0.32675046,0.42583804,0.4260357,0.05271269,0.24721129,0.26400123,0.23188171,0.05775744,0.15777709,0.09197206,0.16666215,0.32773226,0.18038354,0.03402214,0.18903938,0.15139566,0.14186641,0.26019741,0.10738602,0.03026608,0.1852443,0.13727162,0.10604113,0.06440795,0.09572895,0.02266123,0.17416585,0.15792528,0.13493784,0.05385793,0.08377765,0.06685706,0.15641348,0.02696443,0.12175632,0.03960683,0.08266238,0.05282326,0.15968483,0.0393325,0.10948193,0.090504,0.02008164,0.12333831,0.07623773,0.06164619,0.11396584,0.08786617,0.06821036,0.04601283,0.08143977,0.07886345,0.02017564,0.20190094,0.09318525,0.05953001,0.24467387,0.25093744,0.06553802,0.25856278,0.27151926,0.1364569,0.29030162,0.25420731,0.14426178,0.0229589,0.24191154,0.1666511,0.07543624,0.15268839,7
0.28526007,0.22356118,0.37700733,0.19769698,0.3763016,0.11333049,0.39082955,0.38073578,0.30105412,0.10997578,0.16469475,0.18141755,0.30551685,0.13481909,0.21395259,0.06037253,0.02180826,0.23432433,0.14291806,0.07546882,0.05435971,0.17965253,0.0793554,0.12360215,0.09981188,0.1095032,0.0758221,0.17943856,0.04515484,0.02076281,0.05000763,0.1631567,0.02153881,0.0655611,0.03398783,0.11098201,0.09190537,0.09298878,0.09476096,0.05248639,0.08331053,0.11871909,0.04087843,0.07959978,0.09959603,0.07426251,0.1253547,0.05912044,0.0449864,0.15078731,0.06700656,0.04284574,0.14368764,0.10205404,0.11707631,0.08032013,0.10330264,0.19526134,0.12276524,0.0727023,0.22029133,0.17892311,0.0696066,0.05092949,0.16906194,0.1188033,0.10961868,0.16126804,0.23553781,0.18089829,0.18048873,0.2000571,0.25392361,0.17256446,0.13143981,0.20407544,10
0.1797252,0.42315146,0.44263276,0.20069025,0.28943326,0.18811355,0.16883583,0.30774008,0.15138652,0.17797562,0.21500748,0.21911819,0.08541259,0.29735911,0.08353791,0.1582894,0.12483635,0.18061661,0.12938588,0.13820538,0.06490411,0.11765912,0.10944097,0.15191998,0.11964959,0.0994893,0.03936668,0.11381672,0.08805189,0.06175365,0.06771166,0.11468977,0.02768137,0.10950621,0.095217,0.07972881,0.06018015,0.12464855,0.02532905,0.041124,0.11088807,0.07004336,0.04900298,0.0901195,0.11077864,0.08636625,0.0324142,0.06920341,0.0276097,0.04333326,0.15698875,0.08153596,0.11260331,0.09718677,0.05588598,0.11820694,0.0635022,0.16004601,0.05981575,0.060229,0.1559466,0.07879209,0.08887132,0.14862884,0.13756128,0.11804584,0.1229822,0.09382229,0.04325395,0.11618512,0.27811587,0.23994935,0.37165011,0.44268654,0.11979848,0.35878385,3
0.11099634,0.19341658,0.28419636,0.20290778,0.10640794,0.16261497,0.474635,0.30523971,0.32192713,0.05044339,0.14444506,0.11131133,0.08803368,0.18275185,0.0722849,0.05112823,0.07172586,0.06583663,0.23686499,0.10585179,0.05231987,0.09396141,0.04710639,0.02045782,0.07907779,0.09459769,0.08413039,0.06077955,0.08904556,0.04300798,0.10634014,0.08208181,0.12702197,0.09216443,0.05875803,0.1336947,0.08798352,0.10653189,0.05101633,0.1022256,0.10816827,0.07926731,0.07507529,0.09614525,0.06710774,0.09546827,0.06134792,0.06585778,0.10028119,0.065881,0.11088534,0.04732539,0.12236485,0.04427894,0.05742267,0.06579192,0.08207306,0.08885629,0.0234706,0.07361872,0.00917756,0.07057222,0.03716807,0.12278497,0.06547822,0.09997582,0.16919219,0.13630999,0.12079146,0.09748845,0.19675984,0.18999382,0.27712052,0.27588627,0.21382494,0.12400551,7
0.31426932,0.56445268,0.37720115,0.2552262,0.10086769,0.21885,0.4271298,0.40895826,0.33870396,0.17804736,0.11791662,0.16929651,0.043334,0.1576669,0.19881663,0.10776182,0.05731857,0.13349647,0.14117597,0.13484312,0.10230101,0.10052617,0.11698099,0.02450366,0.08393274,0.07062294,0.09066704,0.09422588,0.04606424,0.09564498,0.12579991,0.08671604,0.03696541,0.06339115,0.0684073,0.12899073,0.10861546,0.04398029,0.03106227,0.09449723,0.07303726,0.06697724,0.09956566,0.06285783,0.08645948,0.10640009,0.06286512,0.04942576,0.07070662,0.08127054,0.06470649,0.08540501,0.1178813,0.09278946,0.06942108,0.03514961,0.11918022,0.112168,0.14167718,0.08012416,0.04724678,0.05218793,0.14296762,0.13823412,0.1317509,0.12083032,0.00661595,0.0233377,0.19840622,0.21977684,0.16830731,0.11978515,0.17328896,0.24480311,0.30373804,0.26953934,4
0.13015367,0.35633343,0.57747501,0.17618391,0.13359139,0.19720791,0.0313551,0.14287515,0.25488801,0.18943659,0.15230384,0.05044929,0.12837909,0.14557253,0.17244741,0.13703882,0.02239331,0.06902949,0.07854766,0.15280616,0.13319876,0.02515412,0.09541718,0.06664853,0.15893999,0.1092297,0.01549898,0.09947443,0.04299273,0.15044158,0.09449551,0.02093239,0.08283397,0.04433399,0.15143394,0.11422305,0.01633381,0.06289159,0.05899843,0.16919519,0.11603761,0.01714782,0.07286866,0.03112064,0.09925697,0.02187498,0.05855189,0.0293652,0.10681774,0.01922032,0.08674649,0.03839673,0.10485062,0.04256801,0.04849486,0.04755585,0.09757058,0.03551353,0.03765843,0.04275609,0.1201286,0.02827985,0.07823809,0.03730614,0.13684031,0.036317,0.06861348,0.07850853,0.07768481,0.04800328,0.10401948,0.05046464,0.05754391,0.12223014,0.16138625,0.01961155,2
0.34056428,0.41547645,0.22745021,0.25829633,0.33391285,0.25867841,0.37298298,0.21669074,0.01337615,0.31135849,0.14809031,0.25348351,0.22920324,0.23548085,0.07949831,0.21425715,0.12847845,0.0631633,0.26306141,0.07936686,0.14388966,0.16597744,0.19679266,0.09172911,0.12651653,0.16105424,0.13886798,0.05805947,0.09276798,0.08591983,0.08671914,0.08160599,0.1536706,0.07260365,0.06846856,0.05334004,0.10743702,0.10185493,0.10621799,0.09964595,0.07790086,0.04753804,0.09113301,0.00277013,0.0644377,0.06240004,0.03225204,0.06474228,0.07099157,0.03964755,0.05600332,0.0634412,0.09900053,0.02683119,0.0776361,0.10110167,0.07603857,0.0557359,0.04832779,0.08098709,0.07969171,0.04935958,0.04859028,0.06897657,0.08803111,0.02478066,0.12423508,0.22112904,0.24181103,0.19285602,0.11770082,0.05035921,0.107078,0.19605563,0.35602335,0.36510154,4
0.29481535,0.28084814,0.2880542,0.25352111,0.42988775,0.11132222,0.32936136,0.34759084,0.34345142,0.06081486,0.23760125,0.19539464,0.2810731,0.03053384,0.25510268,0.03249781,0.12493448,0.24508371,0.15345072,0.1196073,0.11736681,0.09071935,0.11494732,0.18017411,0.06004568,0.06996668,0.08440475,0.11526761,0.02114886,0.09667014,0.04624541,0.10520744,0.0510583,0.06654188,0.07304077,0.07961799,0.1337085,0.06512777,0.04092168,0.0480928,0.15350463,0.0414874,0.13035469,0.05508163,0.11440403,0.10945701,0.08914348,0.19928212,0.11540777,0.07906758,0.21345985,0.12820135,0.02792767,0.20828349,0.16838719,0.01663253,0.18074782,0.20364903,0.03999152,0.1746887,0.23866073,0.0743334,0.24458995,0.15907456,0.08056014,0.30680371,0.18701478,0.12088962,0.35517265,0.22731032,0.12510049,0.06862603,0.27387081,0.16374895,0.05455493,0.10697772,10
0.11706112,0.31598421,0.25367484,0.09567664,0.24311679,0.31115021,0.62010588,0.04995231,0.43185508,0.12682789,0.20735554,0.44230015,0.36112556,0.38702869,0.03187089,0.04886572,0.20523351,0.20706248,0.31162604,0.07950762,0.12886296,0.15978254,0.22157229,0.2514519,0.15332174,0.14477564,0.06957325,0.07967078,0.16100677,0.11544749,0.10875875,0.09351875,0.07834179,0.05222876,0.09535091,0.08038583,0.09043762,0.16404296,0.08038382,0.08130616,0.0371576,0.08604909,0.14506572,0.10164115,0.1431705,0.10981056,0.06135858,0.04962698,0.12260735,0.0791904,0.03404941,0.02560808,0.06990316,0.07676008,0.07131004,0.09194939,0.05247952,0.08941026,0.13730519,0.08678067,0.08302114,0.08997852,0.15259573,0.12161177,0.13104129,0.15747952,0.18486706,0.14065479,0.24788911,0.12795018,0.04757557,0.12900336,0.2140913,0.18103321,0.13132075,0.08098823,6
0.22397991,0.64547765,0.26930441,0.4771958,0.24150366,0.03451476,0.38868972,0.16708883,0.29112912,0.14316947,0.28792898,0.0804069,0.27512519,0.07427163,0.15163861,0.08731457,0.22815644,0.09749026,0.07861985,0.04843279,0.18055136,0.10967955,0.08598744,0.08629927,0.19629774,0.09753433,0.07479845,0.10916561,0.09871459,0.01571696,0.12492242,0.14099144,0.09214875,0.11831831,0.13059077,0.10268195,0.05523014,0.14272496,0.13741329,0.07094959,0.04766459,0.12834493,0.12232875,0.06629627,0.11755251,0.04617234,0.07252006,0.05368132,0.03449956,0.07452081,0.06980186,0.08568393,0.13747339,0.10581847,0.05726977,0.02782083,0.10014209,0.0425991,0.0850108,0.11179255,0.12093171,0.17663907,0.15064788,0.08084055,0.12529952,0.07825785,0.10979163,0.08820395,0.05295448,0.17566262,0.12858384,0.18749112,0.3416634,0.36481519,0.19863103,0.25919354,2
0.31506963,0.56504784,0.26356598,0.36248484,0.19949866,0.30145025,0.38224618,0.38213037,0.14965913,0.27301385,0.04476323,0.11258855,0.30117729,0.22020087,0.18697176,0.06771386,0.11097069,0.21318621,0.13422033,0.06107188,0.0678407,0.13799497,0.02587678,0.14650858,0.04865569,0.11771,0.06733632,0.10098907,0.16246279,0.02770876,0.08925978,0.1008191,0.12568331,0.06954513,0.06746733,0.06007831,0.08610296,0.04628177,0.13096886,0.04283813,0.10077901,0.05244144,0.0679301,0.10083262,0.0356815,0.1045653,0.12235946,0.1318677,0.07872699,0.11379321,0.19493762,0.14230576,0.10248202,0.17710629,0.15306429,0.1408544,0.10528547,0.1539916,0.14189239,0.04778267,0.20190526,0.13330892,0.10032363,0.03230206,0.2142793,0.1918866,0.0757721,0.05912998,0.19982403,0.21567529,0.11584495,0.12294868,0.13235204,0.15449455,0.14623705,0.2743617,4
0.16955436,0.07935722,0.03038055,0.2955566,0.13023166,0.08279762,0.35125282,0.1835503,0.37041835,0.05956085,0.07130195,0.11086568,0.04170116,0.12798467,0.02024337,0.06857529,0.02173028,0.03914301,0.14038088,0.07384103,0.05632833,0.01101349,0.06623603,0.08411208,0.08818372,0.06126765,0.02237378,0.03257435,0.02178603,0.08243809,0.07409503,0.0584919,0.0341442,0.04860981,0.08662111,0.07512913,0.08467439,0.04320097,0.00589576,0.09225402,0.05456417,0.07897111,0.06308082,0.03066456,0.06429398,0.07444269,0.01898617,0.05206586,0.04971867,0.08889943,0.05832502,0.07366656,0.04524532,0.08759977,0.06534299,0.03104911,0.06357813,0.05739735,0.05685632,0.02841724,0.08617043,0.04534644,0.01449997,0.00853468,0.06868768,0.05695754,0.08309421,0.12482155,0.05498193,0.05663261,0.11425316,0.17545675,0.08855422,0.38682957,0.16157863,0.23860332,9
0.13742011,0.62417123,0.1416543,0.40310906,0.18426609,0.34245297,0.29706933,0.28216433,0.23570201,0.22239623,0.24338372,0.18956393,0.13622663,0.05808909,0.18440267,0.14709278,0.14468087,0.05407879,0.08196929,0.1225276,0.07818367,0.07056267,0.07539859,0.04664599,0.13597337,0.10552941,0.0775735,0.05407834,0.02722003,0.16432461,0.11679482,0.0762476,0.10242958,0.03023899,0.13996394,0.11857992,0.09085895,0.11494118,0.0688707,0.11708727,0.10285023,0.06610566,0.10047851,0.08611856,0.07925959,0.08214147,0.11246316,0.09149884,0.11492468,0.06731707,0.08097367,0.10384954,0.1303958,0.06841361,0.12005753,0.09264335,0.10503827,0.12708415,0.09979281,0.05928154,0.13536727,0.14377757,0.1003351,0.14171112,0.17014379,0.07433925,0.22450802,0.07840524,0.17756478,0.1198063,0.19045565,0.08852582,0.1273761,0.10990407,0.24702041,0.15253874,2
0.26643447,0.4264263,0.51604731,0.24248623,0.42647613,0.08954607,0.31392506,0.35374589,0.23700571,0.1356091,0.28432256,0.10208514,0.25960254,0.15481251,0.24401933,0.15899905,0.15946143,0.02995725,0.19168635,0.20336748,0.02346396,0.0865169,0.11029162,0.17989671,0.03770093,0.06055347,0.061069,0.16855071,0.02819945,0.05352752,0.11052268,0.12800356,0.00352555,0.17636224,0.11748262,0.12743975,0.00812832,0.13711755,0.12804737,0.12909957,0.02271401,0.13344881,0.1142131,0.03699762,0.09550814,0.05864777,0.0326678,0.07835288,0.04582443,0.0119613,0.09792629,0.12952209,0.03434249,0.13872086,0.15085302,0.01252457,0.18299106,0.17219622,0.01839259,0.11059645,0.20653939,0.08880911,0.13100326,0.19157406,0.13373661,0.25095057,0.21820195,0.14488303,0.33888531,0.33930952,0.17843693,0.13076414,0.42476198,0.24836938,0.13099103,0.19932607,5
0.21510358,0.37178776,0.37542526,0.18140807,0.3474417,0.16926711,0.30356278,0.22901381,0.30091326,0.17001002,0.23128792,0.12065202,0.29197505,0.15899203,0.21935621,0.19096392,0.12304665,0.10411859,0.20775924,0.15610906,0.20969122,0.1272942,0.02057901,0.10692679,0.14016474,0.14946252,0.12344099,0.04678304,0.15151662,0.07566962,0.14078691,0.11753961,0.02976935,0.10283671,0.06786418,0.12075948,0.11879332,0.03402728,0.1098082,0.04225352,0.1180637,0.11917055,0.0627563,0.07487843,0.08280516,0.07537755,0.14000694,0.08911668,0.02268288,0.09275787,0.08795109,0.11274399,0.03258164,0.0644285,0.14257677,0.07548965,0.05205004,0.0758551,0.08239951,0.14886043,0.08950097,0.04148001,0.17517004,0.14425706,0.10977109,0.10028016,0.10586521,0.13186182,0.11756581,0.09463462,0.23273266,0.17913792,0.25202273,0.20765957,0.19885453,0.17063403,7
0.34960772,0.3372633,0.31363973,0.24928202,0.49300131,0.10307323,0.31265809,0.30371316,0.32816699,0.15296038,0.26258403,0.26438989,0.18147818,0.05484346,0.11344645,0.02784822,0.21836779,0.3424569,0.22669801,0.07330417,0.09768788,0.03595861,0.17832913,0.29822555,0.11553631,0.02724826,0.07295096,0.02682769,0.17404945,0.09784103,0.14595923,0.02426091,0.08565194,0.0778516,0.11539509,0.08165722,0.13393542,0.0544993,0.08531433,0.06714677,0.06911223,0.07836329,0.14962725,0.05294532,0.1160971,0.1007139,0.08411481,0.11096309,0.0775511,0.0848602,0.11766063,0.12285484,0.07871843,0.09106364,0.11297102,0.2153447,0.0779628,0.11416152,0.18851577,0.27020592,0.06170886,0.14333193,0.27457835,0.22538368,0.14448139,0.3717567,0.20795109,0.09408777,0.36778895,0.20162823,0.09923767,0.05142272,0.21256012,0.06544663,0.05475852,0.07343247,10
0.20813948,0.51728515,0.33202746,0.38764583,0.07591621,0.29930491,0.59510122,0.19736146,0.31856519,0.13073013,0.11692331,0.11414683,0.35764481,0.32089126,0.13299143,0.03913028,0.09346236,0.24932812,0.14178535,0.14809261,0.06081802,0.05863066,0.11206231,0.09984292,0.11512561,0.1635336,0.09814798,0.06939302,0.04484725,0.07038544,0.11489738,0.1216418,0.13795687,0.09236336,0.05636775,0.02844081,0.10574278,0.12186709,0.09759796,0.01178901,0.01735299,0.07787855,0.04016981,0.13532151,0.10769055,0.08099894,0.10903203,0.08208438,0.04373788,0.05054248,0.11756694,0.07178522,0.0373272,0.06390086,0.06761355,0.06936127,0.08850348,0.08408182,0.08493915,0.07189209,0.12175217,0.13179852,0.10169481,0.12173687,0.09441531,0.14811858,0.13000158,0.12425033,0.11734631,0.08255961,0.17450629,0.0785422,0.18157654,0.11583193,0.10682226,0.27940018,6
0.15113054,0.54043807,0.0932482,0.33979203,0.21326387,0.1642274,0.66441958,0.11610725,0.54736615,0.30613717,0.17996876,0.04459513,0.04548345,0.37340879,0.1815903,0.07453044,0.32452751,0.11024023,0.20081857,0.03077062,0.1210257,0.16017214,0.08881157,0.2038463,0.15160822,0.19092633,0.1216314,0.0438771,0.21575391,0.15554329,0.03350762,0.14675752,0.14227756,0.0364499,0.0603829,0.15416792,0.0573727,0.09078086,0.13377031,0.12980234,0.10946693,0.02498091,0.08855102,0.06708849,0.08701817,0.1101573,0.07265816,0.14493309,0.15892889,0.05354568,0.14465159,0.06878314,0.07004496,0.12720169,0.12791433,0.15340944,0.09874749,0.19783137,0.14159423,0.09826648,0.20689761,0.1040537,0.16513174,0.08336003,0.12779785,0.20747773,0.07698875,0.12093391,0.19829105,0.18340665,0.12244783,0.05837574,0.22870201,0.13641446,0.0345337,0.14557063,6
0.29685684,0.58100202,0.38105934,0.28030654,0.1351718,0.14528879,0.21182535,0.35598096,0.22150234,0.14356438,0.10975084,0.19793943,0.15074753,0.18578813,0.08080499,0.16328669,0.11427393,0.13891299,0.05830795,0.08758212,0.13187515,0.13384468,0.09882002,0.08908703,0.10877198,0.10596915,0.12363144,0.06109288,0.05908121,0.11913379,0.12476849,0.07989388,0.08527053,0.04340446,0.08483478,0.11885682,0.07898144,0.04748219,0.09746423,0.11783976,0.08335498,0.08575087,0.07489777,0.0674375,0.09048832,0.03946765,0.05090445,0.08255736,0.08628634,0.10016091,0.07964223,0.04325552,0.06708694,0.07534942,0.07749138,0.04959388,0.09068237,0.10475173,0.10293263,0.0907542,0.10936734,0.09972375,0.05923166,0.10464461,0.08702204,0.21791429,0.15639362,0.18926695,0.16750301,0.03743521,0.15910037,0.19357483,0.35564496,0.37551644,0.37172192,0.31710761,8
0.23406167,0.57763306,0.240962,0.26837865,0.22525565,0.07621966,0.53262231,0.20100103,0.49159124,0.13582779,0.2687388,0.07627863,0.25271486,0.17145952,0.19708645,0.1034163,0.15113848,0.12354304,0.13789054,0.05727893,0.18620452,0.13408994,0.08413935,0.11695161,0.17590568,0.09038366,0.05718442,0.18922329,0.02150021,0.08229134,0.07935885,0.18045191,0.01620991,0.11506896,0.10391595,0.17428294,0.05996968,0.09518573,0.10813671,0.11582912,0.06039769,0.13115426,0.12109985,0.01338309,0.09531613,0.07185495,0.03580965,0.01677741,0.05748568,0.07906201,0.04410627,0.03549528,0.1639547,0.06827114,0.04667927,0.04287203,0.08651743,0.06091838,0.11045269,0.04464937,0.10499918,0.1254186,0.06102085,0.01952558,0.14109452,0.07860576,0.07714938,0.11298746,0.10769027,0.23623853,0.22022257,0.18993267,0.27931681,0.24836715,0.18661241,0.12078622,6
0.10074113,0.44396999,0.13810205,0.27907,0.03748735,0.10639536,0.10448584,0.01641588,0.17242988,0.06481223,0.10439937,0.0446569,0.04638721,0.09582961,0.08410362,0.09833025,0.05494828,0.06790264,0.0515269,0.10258084,0.09241655,0.06854735,0.06661666,0.05886614,0.11648661,0.09232915,0.06103501,0.07026967,0.05430402,0.11700304,0.09875207,0.05567968,0.06744259,0.05599818,0.10580517,0.0995148,0.04124409,0.06278496,0.04330646,0.09396158,0.08448852,0.03160245,0.0534523,0.04537949,0.04697794,0.03521124,0.03477177,0.03016602,0.04924955,0.0364633,0.03054182,0.05572664,0.05457337,0.06213153,0.01824551,0.07560139,0.05558142,0.07170206,0.01921642,0.09317476,0.05683391,0.07752743,0.01636629,0.08404769,0.06135645,0.07856177,0.01586608,0.07229247,0.07983788,0.07734558,0.0304395,0.02493054,0.08997207,0.14606103,0.0495507,0.37486854,9
0.0857899,0.1962673,0.11825653,0.25255662,0.58814281,0.03910083,0.41878211,0.13339311,0.31599257,0.06909191,0.11994388,0.28162387,0.08943656,0.3456375,0.19956316,0.04843964,0.07780434,0.17948617,0.11913387,0.03068525,0.14770385,0.14363673,0.05143011,0.09784233,0.09695959,0.06070636,0.02295406,0.17312301,0.08274169,0.02064795,0.15171076,0.04609419,0.05899404,0.02313631,0.02282326,0.07884679,0.05365242,0.15322871,0.00887064,0.04126358,0.11584111,0.0419439,0.08923443,0.06796117,0.04882126,0.01749198,0.11276398,0.03235147,0.12654232,0.01535198,0.03258649,0.02429355,0.04206172,0.06661324,0.12482609,0.0666947,0.12526562,0.06007484,0.0430051,0.06822308,0.04486163,0.12482282,0.08537965,0.17826776,0.10976838,0.13642957,0.04800024,0.06468353,0.0384965,0.22428774,0.02008673,0.33377203,0.03875738,0.42339639,0.07504709,0.37675058,1
0.33985345,0.45273001,0.53580983,0.30337714,0.33574948,0.10904093,0.24856046,0.28829376,0.27124326,0.04258057,0.26033208,0.11029078,0.21033478,0.15166541,0.26674645,0.10726679,0.17467552,0.06157824,0.18350615,0.10389819,0.12942242,0.04689721,0.12964553,0.07842299,0.13902206,0.10550282,0.09160425,0.08709464,0.0950379,0.14227228,0.05719376,0.07413181,0.06363988,0.15117364,0.04675681,0.03935381,0.07104649,0.13775583,0.01761461,0.05328268,0.10012403,0.11413411,0.01391794,0.12242271,0.02884141,0.11892733,0.17878115,0.12796381,0.15404018,0.18236149,0.06814108,0.03040865,0.16753479,0.00157472,0.12284992,0.15174401,0.06319673,0.21187269,0.17626577,0.10150818,0.2531269,0.18877114,0.04346383,0.12615987,0.13721611,0.09453333,0.22166542,0.19562031,0.20072554,0.35796395,0.28467572,0.09004421,0.42205691,0.35671387,0.07307516,0.19371659,8
0.1737562,0.73116372,0.0982506,0.67622405,0.03950917,0.17945263,0.31226525,0.13602819,0.38788737,0.07162254,0.14462269,0.21950106,0.08137461,0.18320896,0.09935585,0.13401035,0.16533164,0.08748246,0.11388447,0.12006307,0.11370922,0.10712151,0.0725884,0.04243086,0.13245701,0.10555726,0.07859022,0.05339143,0.04362952,0.13629105,0.10617085,0.07051756,0.06271711,0.04020225,0.13234425,0.09651097,0.07136743,0.07048275,0.07062094,0.12238679,0.09594063,0.06461101,0.07825076,0.0708841,0.10400109,0.06093748,0.04370651,0.05487485,0.10730187,0.05527242,0.05389745,0.04003567,0.11482541,0.08168478,0.07191104,0.06326754,0.1059086,0.11013295,0.07595807,0.04860617,0.11202708,0.13696415,0.10867966,0.08128683,0.1270451,0.15134019,0.11025025,0.11124911,0.13619457,0.17581507,0.0767093,0.18272712,0.17188308,0.15217882,0.12492914,0.11218434,2
0.33212232,0.27069191,0.40203457,0.27079275,0.38279319,0.14075637,0.31135129,0.38188172,0.21994418,0.05600406,0.16322741,0.17543692,0.31328422,0.15783079,0.19334292,0.06860465,0.03341674,0.19012021,0.17940236,0.01679832,0.12001604,0.1396498,0.03504391,0.09203628,0.12170733,0.08566202,0.11189302,0.10275786,0.0221439,0.04292959,0.12896425,0.06481056,0.03519378,0.06383652,0.13202123,0.02299823,0.08438052,0.05874232,0.02633923,0.0432977,0.08596636,0.02218972,0.0375506,0.03715986,0.12563308,0.05682258,0.07842032,0.16199133,0.01413829,0.07880412,0.14395767,0.2246368,0.10182147,0.07802457,0.24798491,0.11935202,0.03826167,0.23679683,0.14422137,0.14214198,0.22340645,0.14203905,0.23863046,0.13777593,0.12320717,0.27425134,0.21463588,0.09549946,0.29095251,0.24111493,0.15142979,0.07348802,0.24231221,0.17794922,0.03408919,0.12853361,10
0.02451146,0.48205407,0.30803478,0.31566498,0.51022975,0.12050942,0.51336813,0.29602584,0.39696237,0.33923585,0.03305711,0.10112437,0.20955719,0.15847158,0.25924649,0.10578587,0.14817093,0.17341639,0.18443117,0.17513036,0.01414773,0.05026306,0.26407572,0.14239404,0.14397645,0.10387578,0.06484412,0.17602005,0.11337736,0.05953983,0.1059667,0.06960009,0.19382265,0.13541227,0.07550072,0.12307668,0.14538247,0.14734297,0.10894936,0.01450037,0.16780449,0.1100969,0.10284585,0.11656522,0.04088149,0.10015719,0.02828795,0.08659714,0.03701824,0.13270975,0.06025301,0.06205939,0.0807804,0.20914518,0.03448108,0.09460659,0.13518815,0.18465487,0.02685496,0.11895546,0.16562759,0.24395887,0.02832835,0.18072355,0.23341743,0.15661694,0.09065634,0.13222353,0.18759018,0.13547476,0.05233164,0.20050832,0.2994769,0.17004144,0.24621145,0.15536103,5
0.3239242,0.26311906,0.26499047,0.17196379,0.31070579,0.1748937,0.43464811,0.4101103,0.25133258,0.07329898,0.05567093,0.22684933,0.3090726,0.17149068,0.07366762,0.16610633,0.035829,0.12993569,0.16784468,0.14384231,0.09721335,0.12606087,0.06690971,0.06222353,0.10756519,0.11650175,0.04255118,0.08051874,0.11229052,0.12783366,0.06270761,0.09043128,0.06603986,0.0444281,0.05157775,0.1127353,0.09153085,0.05535616,0.0868519,0.12818257,0.09032917,0.09260585,0.11886438,0.05538624,0.05184454,0.09940465,0.08017955,0.11323672,0.12421061,0.09521711,0.11432475,0.03757689,0.09466433,0.12252916,0.00708317,0.06867551,0.13775049,0.03296785,0.07925927,0.09853425,0.05487122,0.07455374,0.11346752,0.24422059,0.07015929,0.1667481,0.26511248,0.17783306,0.20224612,0.28341803,0.18466826,0.0609411,0.27949873,0.18403963,0.08762853,0.08042591,10
0.03922382,0.14657563,0.06677177,0.30821824,0.63747228,0.03928901,0.40362804,0.079577,0.40150101,0.01138809,0.04489499,0.28015879,0.01994205,0.39650268,0.23280883,0.05257755,0.09883247,0.05428731,0.13772048,0.02888636,0.03958362,0.1959005,0.03620695,0.17970234,0.14400112,0.07287403,0.04496247,0.05322117,0.17099777,0.05294798,0.02075522,0.13089001,0.06456387,0.08896792,0.08777177,0.07201651,0.06105475,0.02828712,0.14404134,0.06274156,0.02967047,0.08986118,0.07855118,0.06647955,0.05735791,0.05986764,0.06660452,0.03913306,0.0458313,0.05082474,0.06176278,0.10354754,0.06518831,0.11898036,0.06357889,0.0069884,0.03610887,0.02253692,0.03008828,0.16043458,0.05666273,0.19139054,0.06496782,0.10610987,0.03863899,0.05703808,0.03347756,0.19537853,0.03976146,0.3097431,0.06859046,0.41777352,0.03853651,0.39877384,0.01435342,0.37370176,1
0.24500062,0.4192248,0.3692191,0.21883267,0.21586174,0.21963359,0.21929012,0.41932568,0.13956598,0.14420235,0.14938439,0.09554176,0.16479489,0.07924231,0.12398725,0.17538238,0.03865886,0.06944406,0.09266073,0.15087403,0.14534915,0.06113447,0.10937314,0.06627546,0.15398136,0.0948441,0.03558974,0.09760192,0.10657495,0.14109844,0.09489631,0.02569116,0.08792797,0.03904786,0.15008659,0.08105013,0.02633366,0.11082771,0.02239673,0.15930475,0.06467731,0.05596266,0.07773426,0.02983749,0.11245432,0.04538303,0.04216426,0.03744103,0.11831239,0.0550156,0.04379234,0.05848518,0.13759087,0.06300522,0.06945109,0.09137608,0.16587426,0.06203204,0.05225012,0.04939655,0.14248901,0.0446499,0.04557687,0.09149678,0.1430732,0.0605845,0.11848834,0.14731532,0.17402076,0.14031681,0.20355114,0.13705221,0.21094933,0.22645671,0.13035797,0.04595343,4
0.07982774,0.64927557,0.10345082,0.37517543,0.11202568,0.22450766,0.1245612,0.11374248,0.18223672,0.10994913,0.18065843,0.03456045,0.13790433,0.07746458,0.1750929,0.07885781,0.0441115,0.09699088,0.01310651,0.16276117,0.09419318,0.02118701,0.05377333,0.02362032,0.20060528,0.07649098,0.06287788,0.05200111,0.03807395,0.18164631,0.11954555,0.05241831,0.00890994,0.07693039,0.171638,0.11438299,0.01665534,0.0196067,0.05610551,0.15361944,0.12385417,0.01346438,0.02972117,0.03902692,0.1132384,0.06205665,0.0547016,0.04254262,0.113371,0.03258992,0.04932304,0.04591715,0.09778898,0.03302188,0.06277503,0.0365415,0.09568849,0.02393055,0.06093639,0.06970347,0.14704224,0.07552348,0.01156175,0.01428758,0.14347717,0.11083135,0.02016052,0.11541722,0.21228608,0.18135414,0.04093357,0.17881089,0.17922727,0.35874142,0.16015622,0.46391741,3
0.09120226,0.2015208,0.11949958,0.23879232,0.53901759,0.03552467,0.41841101,0.11544459,0.35551807,0.12812318,0.09849024,0.21680441,0.06488258,0.36286452,0.15248411,0.00460403,0.14128742,0.10057585,0.08121994,0.10877406,0.11197433,0.0903714,0.06969926,0.13287266,0.07195191,0.01394899,0.09123742,0.13859884,0.05055949,0.08177415,0.10092586,0.06118586,0.04323706,0.06363841,0.05246658,0.03789844,0.05319341,0.10304985,0.04591194,0.05392657,0.0906738,0.04821994,0.06925085,0.03052958,0.04593038,0.04363599,0.02007304,0.07242725,0.06913779,0.07918582,0.03791249,0.02964211,0.02618319,0.05007152,0.03573058,0.11359774,0.07606062,0.11724715,0.03252444,0.02610581,0.01122182,0.08627385,0.03333689,0.20696147,0.05493232,0.18528225,0.01172944,0.05777464,0.03442664,0.17642018,0.03723394,0.3287872,0.03366904,0.44370907,0.10520658,0.38431832,1
0.1499748,0.76410954,0.05912236,0.74729673,0.07946586,0.1590605,0.17844319,0.08122025,0.20513011,0.08032496,0.14049797,0.15042614,0.07700476,0.1402785,0.08137124,0.13642334,0.13524641,0.07015428,0.09639067,0.08215161,0.11556068,0.13155554,0.06360203,0.10517027,0.08221998,0.11675409,0.12250816,0.08881429,0.07536309,0.08123389,0.10709068,0.12479122,0.09588379,0.07413179,0.07902203,0.10574791,0.13348369,0.09079297,0.05875895,0.0756302,0.09601806,0.11524537,0.10558681,0.07965806,0.07207401,0.08782502,0.08968575,0.04363046,0.0814585,0.08127361,0.08207373,0.09564469,0.08447809,0.10576202,0.08904597,0.08061782,0.09623934,0.1198935,0.08332436,0.10018157,0.09747599,0.12751415,0.072139,0.11152558,0.12423643,0.14298794,0.08274502,0.15451497,0.13344933,0.13704338,0.0853964,0.12652227,0.15351116,0.12078196,0.07715071,0.09082873,2
0.14867682,0.49712407,0.03336223,0.2245487,0.19939834,0.12409411,0.67334785,0.19183026,0.54506775,0.26053906,0.16648316,0.05965492,0.0455234,0.3925409,0.15786325,0.17942386,0.25183531,0.16209569,0.17250346,0.07036792,0.07421516,0.15708001,0.18428298,0.12283618,0.08418558,0.19286352,0.0641583,0.04114745,0.12099023,0.13355743,0.16570023,0.05860455,0.15689787,0.07985716,0.14987031,0.07189785,0.07539512,0.14755295,0.05141545,0.11638833,0.08503529,0.10579237,0.04902148,0.07875003,0.10636562,0.03514927,0.06508873,0.08743571,0.08178093,0.06009414,0.10284179,0.11712848,0.075456,0.11632663,0.15068116,0.1115078,0.12436956,0.1481594,0.12446534,0.11988627,0.14296183,0.16736306,0.11069942,0.10125057,0.18064031,0.20110622,0.13147777,0.02588275,0.23798745,0.11166353,0.04655059,0.09571294,0.22170723,0.07682989,0.0528658,0.06856598,6
0.12171774,0.52590506,0.36948221,0.25041175,0.19566073,0.21097774,0.09278837,0.27247918,0.14696903,0.18232047,0.08535815,0.21786011,0.08727638,0.20240086,0.12580052,0.1321966,0.04595587,0.11875319,0.04245909,0.08303106,0.14438234,0.07779667,0.10970258,0.04965472,0.13840007,0.07396436,0.14979536,0.05561079,0.1083941,0.12806985,0.09805846,0.08527432,0.09034583,0.02992548,0.06303278,0.11663546,0.05897008,0.08640472,0.04750807,0.08099202,0.05763633,0.09904118,0.04843572,0.06946681,0.09586842,0.06519959,0.07474661,0.08738481,0.12049078,0.09992259,0.06531242,0.01345401,0.08141632,0.12411541,0.0580804,0.03260308,0.11629403,0.06268764,0.04933354,0.10925115,0.15354527,0.06701893,0.06428676,0.10330326,0.04594058,0.13068808,0.21716047,0.07685236,0.09514669,0.13325142,0.13015532,0.08393629,0.3354286,0.38987616,0.09096458,0.349421,3
0.07663999,0.13751859,0.04258794,0.13760613,0.11084588,0.07390806,0.35477851,0.02079137,0.42773992,0.08375288,0.09402845,0.06586029,0.05177089,0.10045982,0.06614672,0.0848981,0.11399008,0.0414938,0.08596331,0.04900852,0.07431859,0.08596652,0.01804597,0.04792554,0.04931053,0.06659696,0.01791494,0.0322985,0.07482739,0.09334662,0.0608853,0.0417393,0.04245042,0.02092966,0.10007229,0.03745994,0.02467142,0.07864156,0.03370482,0.07856934,0.0166267,0.01824303,0.07027666,0.02347915,0.01581682,0.0316608,0.092099,0.02488271,0.022515,0.0291434,0.07890148,0.03897287,0.04698958,0.0419662,0.08603727,0.00156102,0.05867096,0.01964053,0.0450316,0.09476781,0.07064734,0.06621281,0.05996862,0.06701185,0.07883759,0.11280289,0.05600845,0.05651801,0.09388025,0.0946707,0.04583789,0.15104838,0.08136173,0.38762245,0.02271112,0.43321324,9
0.04202745,0.6245952,0.3807045,0.25381645,0.11903168,0.24443632,0.09365529,0.37335541,0.12155691,0.12374761,0.17870607,0.07751517,0.11916979,0.04085084,0.1300147,0.14388781,0.11449863,0.02523101,0.13896651,0.13679204,0.13368933,0.12589274,0.0322332,0.11803885,0.14382022,0.13254086,0.11002738,0.09698049,0.09199569,0.15122232,0.11155632,0.08956488,0.0882779,0.08175288,0.15873539,0.09950055,0.06338546,0.08697101,0.05740211,0.16527333,0.09356557,0.04140506,0.07979961,0.06784299,0.15230296,0.08132021,0.07263341,0.03845341,0.14504906,0.09093616,0.07386571,0.04842304,0.13521268,0.08234153,0.0477062,0.02879458,0.13091168,0.07512835,0.04992049,0.03550168,0.12153634,0.07800813,0.04684413,0.06200436,0.12597365,0.12780583,0.05246616,0.15291834,0.17000057,0.11287389,0.19083579,0.06704829,0.22824487,0.07894947,0.23729153,0.17897352,4
0.26378142,0.56694325,0.25161245,0.32426074,0.11584069,0.18357082,0.2518732,0.52065669,0.2138029,0.15019311,0.06166343,0.09187017,0.11502919,0.08879543,0.16329496,0.05770828,0.11600138,0.06915351,0.12112128,0.15426694,0.09354579,0.10096741,0.04643334,0.09149673,0.13649752,0.13066314,0.10782955,0.03105019,0.07800655,0.12404818,0.14714339,0.11360067,0.03264495,0.09588252,0.12567349,0.15297125,0.10232519,0.04875529,0.09759272,0.1415995,0.14267063,0.07617804,0.05996527,0.0989748,0.12474469,0.06075405,0.05280874,0.06447971,0.12396188,0.07222893,0.06802009,0.06847109,0.12027217,0.07312693,0.05169462,0.07520735,0.13348709,0.06205397,0.04784792,0.04232524,0.14910461,0.06168883,0.02165456,0.07736689,0.18952273,0.10280448,0.12075748,0.11682955,0.21348722,0.0909504,0.20974706,0.04604691,0.20009525,0.1121379,0.18188713,0.20168066,4
0.05643008,0.25638055,0.04515467,0.10226511,0.53280333,0.05007487,0.47687183,0.04164191,0.37365162,0.13130364,0.03285474,0.19687629,0.09165406,0.38681106,0.14775414,0.09009494,0.16485131,0.07957271,0.07311908,0.09156509,0.07013958,0.08375507,0.08522368,0.1471825,0.06211808,0.10862978,0.08633717,0.08206484,0.00581819,0.0334136,0.06963502,0.05223187,0.08658982,0.0874712,0.04042764,0.08890681,0.03042347,0.09978404,0.0358325,0.0095555,0.07448038,0.05562748,0.07070936,0.05897245,0.06329999,0.04506024,0.06839916,0.04801404,0.05905064,0.02702341,0.068804,0.03682755,0.09819312,0.02327881,0.05207275,0.07159348,0.04259904,0.07543562,0.13170643,0.01591457,0.11649122,0.07782619,0.06558537,0.11249104,0.05774838,0.13538133,0.12125898,0.12300404,0.09390732,0.23768132,0.05356762,0.4095199,0.03959007,0.46861737,0.04272107,0.32064611,1
0.06470827,0.21574933,0.07154485,0.20448618,0.55453978,0.00418524,0.45001648,0.08824021,0.38320434,0.11917118,0.05458956,0.19251895,0.04400894,0.35421421,0.17652225,0.01564784,0.17047201,0.07187724,0.04426374,0.10748855,0.06031973,0.10223138,0.04320534,0.15777719,0.1003299,0.02735366,0.10119941,0.05885109,0.04404675,0.09010136,0.06017458,0.06164464,0.0560974,0.0653587,0.07343749,0.04215064,0.07248209,0.06393309,0.01537797,0.06968062,0.06133097,0.04718428,0.05411796,0.04401218,0.04632072,0.07992306,0.04250899,0.09569178,0.05405229,0.09382126,0.05129761,0.08878967,0.0473886,0.08980096,0.03616819,0.11735929,0.04486814,0.10309299,0.04434335,0.12345527,0.04316753,0.14788987,0.01455669,0.19189097,0.02812367,0.15258677,0.04830601,0.11749071,0.04376979,0.26510264,0.01504831,0.38461899,0.0135195,0.43937692,0.06357719,0.31858867,1
0.2476173,0.37713551,0.34666225,0.18327217,0.16270283,0.39095828,0.25039367,0.32377744,0.29805124,0.29024542,0.04370339,0.06957081,0.22000174,0.21975696,0.15105663,0.11018946,0.07812473,0.15294645,0.04796663,0.10835216,0.14329995,0.05243184,0.02375113,0.14890726,0.17246586,0.040697,0.09418128,0.10056265,0.11882338,0.08616889,0.09430959,0.07770554,0.0541826,0.0698272,0.06929038,0.09753913,0.03322626,0.06043495,0.14479387,0.13866463,0.00846279,0.03425654,0.13836854,0.05867188,0.08205861,0.14019385,0.06836425,0.04673555,0.10619576,0.08065308,0.08360753,0.04699655,0.14850627,0.10433414,0.05481386,0.10023524,0.0877129,0.15202261,0.05792004,0.06463755,0.18628145,0.07770058,0.06949176,0.12307757,0.23335028,0.16577509,0.04190253,0.12965504,0.05130094,0.21141656,0.03446909,0.23176344,0.15442905,0.21372007,0.19612217,0.1107821,4
0.32381458,0.28282987,0.38281046,0.25241656,0.39721773,0.13664298,0.31308789,0.33344309,0.25356811,0.05767489,0.17037532,0.22817654,0.32322383,0.13136794,0.14982957,0.07031275,0.07229527,0.25226377,0.21429249,0.06068141,0.06279178,0.14778025,0.07901032,0.20583627,0.08905463,0.15854839,0.10721981,0.11310627,0.05958815,0.12781095,0.15691118,0.1101752,0.05109067,0.07003587,0.13139406,0.05195294,0.08817532,0.12037148,0.06454019,0.04199172,0.09914479,0.04906119,0.01727422,0.15100627,0.1435216,0.07685223,0.05366857,0.06989469,0.11941039,0.02611212,0.05297249,0.16761541,0.05663893,0.02151503,0.19388995,0.17164411,0.036428,0.1857624,0.18234326,0.15222557,0.18095226,0.14132596,0.20000363,0.15439632,0.09391208,0.20186559,0.23136551,0.11234798,0.27526656,0.23825102,0.1499421,0.14827575,0.24406488,0.16682194,0.07219912,0.15686556,10
0.31330676,0.48432479,0.51649517,0.24744081,0.30099691,0.08111688,0.20256554,0.26913388,0.15102465,0.07888601,0.29021691,0.1262005,0.25270509,0.19886742,0.26933203,0.0374064,0.23899934,0.06246108,0.14629712,0.00561937,0.22506662,0.08568729,0.13955377,0.08234405,0.23957149,0.0987695,0.12232315,0.13213596,0.05765552,0.07134375,0.14065805,0.14300362,0.01543481,0.11237438,0.15735487,0.15236717,0.02135,0.13165997,0.02755116,0.12557861,0.02957398,0.15089364,0.03550891,0.07957686,0.17776505,0.07457107,0.09110504,0.12721231,0.02376977,0.1598577,0.15859755,0.10918835,0.21562819,0.13877826,0.03183332,0.04556133,0.0676059,0.0936339,0.11791216,0.1566831,0.20620629,0.17218625,0.13805233,0.06148579,0.17714125,0.01857616,0.12051763,0.0924054,0.12079688,0.30517034,0.21793515,0.17356803,0.41123541,0.39130195,0.05559954,0.31650178,8
0.20971872,0.339528,0.04687947,0.15696776,0.2180687,0.11108591,0.64992232,0.24918789,0.38613177,0.22253512,0.09215848,0.23255204,0.18831853,0.3732039,0.0909931,0.0972149,0.29341199,0.2304301,0.18181955,0.10741957,0.05993553,0.09553028,0.09197594,0.25000259,0.05634659,0.1349389,0.04237848,0.10180491,0.05672385,0.05954587,0.09474916,0.06345656,0.10559103,0.11392589,0.12457905,0.04054166,0.06819042,0.02554556,0.0920135,0.08830732,0.05107164,0.1045886,0.09578332,0.10645743,0.10398829,0.12344137,0.03746637,0.05031074,0.06421354,0.02963723,0.02382464,0.04411498,0.10110007,0.02284887,0.06166698,0.09449128,0.07926979,0.0279408,0.13463973,0.18725519,0.03315418,0.13627832,0.15162941,0.16023607,0.09517291,0.22826838,0.19441462,0.14294334,0.21166205,0.15137732,0.17488743,0.09114314,0.25031892,0.15560244,0.03905372,0.11078757,6
0.0328359,0.10568474,0.11334015,0.22960349,0.56327099,0.02633885,0.4173182,0.11598164,0.34228551,0.10297127,0.0231292,0.2750466,0.09313559,0.42960209,0.17078322,0.01949543,0.11952825,0.0732304,0.17382494,0.09740394,0.00635944,0.11759969,0.02485824,0.12611414,0.08378653,0.00985621,0.10722438,0.02431286,0.07910872,0.08877997,0.02447185,0.07581577,0.01588343,0.11203282,0.04262191,0.01540333,0.08020103,0.05294634,0.05293575,0.07799538,0.03279085,0.03669935,0.02578759,0.07669715,0.0224369,0.01387192,0.03165513,0.07796785,0.02873492,0.08556591,0.03267848,0.01672444,0.0146009,0.04602435,0.03265265,0.09875422,0.02460036,0.10780429,0.02018921,0.05373927,0.01637131,0.09634205,0.03233455,0.19886931,0.02553548,0.14685232,0.03083273,0.0385279,0.01071291,0.23281042,0.03432733,0.35025518,0.04123369,0.46662486,0.03087838,0.36029269,1
0.07095704,0.4931707,0.28987765,0.1860887,0.34897126,0.31713149,0.5726447,0.02748593,0.53265471,0.2033001,0.27066098,0.28798978,0.17592624,0.3211549,0.26343573,0.2735993,0.16487473,0.20284875,0.1309632,0.08302751,0.11703338,0.20760839,0.31528464,0.09764163,0.17295789,0.17285092,0.15920275,0.26455751,0.12537075,0.06312276,0.07445988,0.03019899,0.24798586,0.23794031,0.16414116,0.04677161,0.02911627,0.23750088,0.25943724,0.10568422,0.04453756,0.0795788,0.08985838,0.24573663,0.08967852,0.03365519,0.11122743,0.04078176,0.19686457,0.15924023,0.10155251,0.06939615,0.09856455,0.0821267,0.10013307,0.09776461,0.22192147,0.13210919,0.05470148,0.03676619,0.12742146,0.15362635,0.08465656,0.0689961,0.14168289,0.09934914,0.02336897,0.05960694,0.20674825,0.09828981,0.12179993,0.02812534,0.27337326,0.04222064,0.09003742,0.09888613,6
0.0555929,0.58242662,0.28190915,0.36022793,0.3720988,0.16334946,0.54102303,0.19540852,0.50440894,0.31412894,0.20684625,0.18518601,0.09169508,0.16862254,0.14946594,0.14033884,0.2844842,0.00330591,0.15008658,0.11592638,0.20900167,0.19823365,0.04868947,0.03383833,0.05058715,0.21450916,0.18320536,0.06327744,0.03832484,0.03352712,0.15980663,0.13279196,0.10511641,0.08856538,0.02343694,0.16953491,0.0945792,0.09041336,0.11533785,0.02307668,0.09450434,0.05244451,0.13380356,0.10221529,0.13872541,0.10297978,0.10966704,0.05405058,0.12055248,0.11466948,0.12637831,0.02350077,0.0845092,0.09575542,0.15919487,0.10935874,0.08589548,0.05337893,0.13610138,0.11074508,0.10003206,0.09508704,0.20611451,0.11856481,0.18256694,0.11086222,0.15221095,0.12566231,0.12956232,0.17067822,0.17422798,0.09721,0.29794749,0.10656681,0.21679252,0.05305856,5
0.13703137,0.41867554,0.3212077,0.30291214,0.18329685,0.25460901,0.03661115,0.26031153,0.27788319,0.17937373,0.07206891,0.22975676,0.07722185,0.11212722,0.10763894,0.16536466,0.04326822,0.1790876,0.09182648,0.04718735,0.15867838,0.09087852,0.08098466,0.09019254,0.12967031,0.03030665,0.15903596,0.04937605,0.11528549,0.08362794,0.12804995,0.05772805,0.16907115,0.04986967,0.03425155,0.14025297,0.09670444,0.10065437,0.11193413,0.11280356,0.06293434,0.11282703,0.02482838,0.07169447,0.10211439,0.02833365,0.04473743,0.08101845,0.09707199,0.07798763,0.05419211,0.11599706,0.02095943,0.08570803,0.16040697,0.0563532,0.13115525,0.08206691,0.12253163,0.04953484,0.19327386,0.09105747,0.06428193,0.0832206,0.06798718,0.06728715,0.17492154,0.18969845,0.07369387,0.12307078,0.20374462,0.24676911,0.33336365,0.46734725,0.11808885,0.40599916,3
0.28647584,0.55050269,0.32313362,0.29663247,0.29128173,0.22278036,0.55671691,0.35461569,0.34650313,0.30351901,0.07030688,0.04850179,0.26254062,0.26288169,0.0904996,0.05937025,0.2428721,0.1312252,0.08964099,0.04361323,0.1316703,0.145009,0.08425769,0.10153418,0.0911594,0.1658523,0.07925096,0.07450921,0.10011418,0.1558741,0.12483444,0.08821434,0.08955043,0.06042876,0.14607194,0.13363807,0.07066744,0.01554751,0.05708214,0.14845813,0.07151934,0.04228826,0.11060612,0.08826282,0.15630057,0.07134193,0.07476219,0.12648789,0.10331808,0.04583214,0.11502591,0.11611452,0.05097188,0.13777589,0.17213063,0.17068262,0.07338457,0.15124276,0.11774994,0.06651748,0.21029029,0.23167511,0.22487716,0.17539535,0.15205124,0.12859082,0.04697291,0.00948358,0.26125893,0.23040372,0.18330005,0.11231432,0.22478539,0.16842916,0.14682635,0.10423761,4
0.03076111,0.32777034,0.14238466,0.21051886,0.50309476,0.09481406,0.49184867,0.07005197,0.35614112,0.14757909,0.08874925,0.11736933,0.06510792,0.28717748,0.06705234,0.07863944,0.20214232,0.06887749,0.11073898,0.14880272,0.08472284,0.03765906,0.03345287,0.16269194,0.02323923,0.00981864,0.11899177,0.11447713,0.02802239,0.09911893,0.11305816,0.01392229,0.04208085,0.09073975,0.0111691,0.04426798,0.06887579,0.10506341,0.02025445,0.04761905,0.12042205,0.0132393,0.05779969,0.07526414,0.0674607,0.02326397,0.06517415,0.05396566,0.09026424,0.07730794,0.05043082,0.04346652,0.02623699,0.04013094,0.07709371,0.0795756,0.09250092,0.12541592,0.02935404,0.05944673,0.04607408,0.01169719,0.12490961,0.073766,0.11056175,0.13787761,0.09090928,0.01848002,0.07028146,0.14869114,0.17593078,0.19901363,0.15783025,0.38762146,0.0940198,0.28840629,1
0.29395078,0.14866533,0.21412578,0.20966071,0.25653176,0.16792973,0.40742894,0.38993212,0.16871712,0.14440958,0.04395419,0.26720656,0.30033901,0.11950288,0.05256218,0.18560415,0.04040114,0.17123496,0.1340492,0.18787886,0.07894704,0.14829743,0.09632403,0.06552377,0.08423937,0.18566679,0.03011758,0.03632487,0.15710386,0.18917707,0.06323136,0.08689845,0.09558791,0.04895441,0.07380025,0.14575467,0.03244714,0.07620656,0.07297622,0.17119161,0.06211847,0.12737607,0.04951914,0.06130351,0.07142495,0.07240476,0.07481489,0.03962755,0.15227071,0.06846972,0.01440644,0.06083299,0.06450363,0.08232142,0.08080484,0.05656459,0.15831804,0.0611958,0.01262069,0.04689744,0.04229631,0.10809402,0.0607877,0.03330938,0.14670075,0.03728421,0.12006633,0.16421908,0.07748893,0.24347503,0.23167279,0.1895508,0.32888807,0.29607392,0.070517,0.13458046,10
0.19133287,0.13129169,0.09535767,0.31006742,0.40395979,0.18043713,0.28348067,0.16499253,0.30539688,0.20500469,0.11803273,0.11280829,0.11027419,0.11099491,0.01409421,0.04223851,0.1782901,0.07140768,0.07719245,0.07247353,0.14769933,0.08792089,0.01977158,0.05193793,0.05395689,0.12943184,0.13328931,0.10241599,0.03066395,0.04256451,0.09044207,0.0821742,0.05948619,0.07140407,0.05810071,0.13784139,0.08264057,0.05666427,0.08517443,0.05018891,0.02957783,0.02619401,0.12350429,0.08244578,0.05415134,0.0599822,0.04864672,0.05252653,0.08042799,0.06978749,0.063841,0.05853124,0.0431917,0.03308639,0.08007753,0.09249357,0.07016945,0.01679544,0.07050513,0.15937444,0.07572873,0.0826215,0.18093959,0.09165432,0.12941329,0.04175572,0.0936019,0.21355866,0.09002368,0.25542047,0.23002165,0.12936131,0.22839589,0.22760637,0.11461471,0.27854206,9
0.30882293,0.12911694,0.1085975,0.17744373,0.28358812,0.16331326,0.49936994,0.45382435,0.1568421,0.15577067,0.04541075,0.29931357,0.20224862,0.23987937,0.08796343,0.18629169,0.07005939,0.1138571,0.14559627,0.15783038,0.09757105,0.11387963,0.10309609,0.08272766,0.07239224,0.12498781,0.04888029,0.16006941,0.11117257,0.13505648,0.04679659,0.13457135,0.07271672,0.02768204,0.05932039,0.14875042,0.06571401,0.05335205,0.0686259,0.15394882,0.05585963,0.08316126,0.07402445,0.09955726,0.05750857,0.15678858,0.01220823,0.11040314,0.15174537,0.05345644,0.10431326,0.03403314,0.05368179,0.13808211,0.02509567,0.16216839,0.15919151,0.05707655,0.21395728,0.12264619,0.09034847,0.19452786,0.0934781,0.08912547,0.18000017,0.08406463,0.15691526,0.21289476,0.10558222,0.30128842,0.24159935,0.13506176,0.3008948,0.25200938,0.10107768,0.07522114,10
0.18016487,0.36812161,0.49574308,0.16226607,0.40999785,0.07024359,0.32354196,0.41384596,0.07303866,0.01858061,0.29720607,0.03705657,0.34429765,0.17364626,0.18136084,0.05805076,0.1723545,0.06513865,0.21001636,0.10349817,0.12053689,0.00920241,0.07717401,0.09090797,0.1094798,0.06185848,0.1290536,0.06070842,0.11109814,0.02562789,0.1272683,0.08818966,0.13420529,0.07638316,0.1600312,0.02343201,0.11409965,0.04298309,0.05883395,0.02301539,0.12232478,0.05880169,0.05669362,0.05245509,0.16326725,0.09232392,0.09731501,0.0861379,0.04828149,0.12755615,0.08551021,0.01618417,0.08997211,0.0938613,0.01699324,0.20840357,0.07577654,0.0644329,0.20335449,0.14091636,0.176844,0.1801944,0.03605628,0.02583045,0.16558574,0.11623532,0.14451393,0.22559408,0.18864508,0.19562429,0.32585039,0.18691491,0.37846129,0.3049813,0.12038465,0.32931835,3
0.31841426,0.29128688,0.31307988,0.13204616,0.42692988,0.0765448,0.35845417,0.40077472,0.29755273,0.08587467,0.22593588,0.25173118,0.22265742,0.06330398,0.18648639,0.05461869,0.20310927,0.30741981,0.09449564,0.04842641,0.1702341,0.12951793,0.18668701,0.18685166,0.13861629,0.04275734,0.21378909,0.0223139,0.0487314,0.02845474,0.17359309,0.10591457,0.09259079,0.11894013,0.14416637,0.15036574,0.07236138,0.08809424,0.1166916,0.17472185,0.0526026,0.09822478,0.10750369,0.03117086,0.11457841,0.0715389,0.03693545,0.10631399,0.05026329,0.04856584,0.09191896,0.10450316,0.09200008,0.07831035,0.14465179,0.08059216,0.06721219,0.1489636,0.11397928,0.17440211,0.1732511,0.12311167,0.23971822,0.15490572,0.09893115,0.28044943,0.18894013,0.11847002,0.32259424,0.23443937,0.12077701,0.09593909,0.2613139,0.15250662,0.066233,0.17733859,7
0.23363462,0.45933499,0.38175139,0.2103519,0.05807503,0.30074295,0.54504681,0.13227791,0.36815599,0.13834805,0.12226819,0.0962455,0.2153439,0.16036991,0.08315837,0.25148662,0.1947427,0.06683061,0.02253062,0.04546072,0.11474589,0.0926777,0.21096725,0.13947359,0.11965858,0.15358944,0.02967593,0.11463084,0.04562889,0.06924778,0.06344869,0.10745606,0.15273744,0.01835647,0.10237885,0.0154317,0.08020865,0.08329361,0.09203261,0.0896136,0.05334323,0.0739565,0.05100064,0.08776398,0.05636659,0.03365316,0.03514577,0.0294091,0.06782348,0.04415843,0.01292527,0.04989948,0.04596088,0.07353253,0.02426878,0.03964289,0.05758001,0.01229045,0.07539414,0.04855856,0.14666303,0.07871073,0.03522982,0.10792335,0.08152431,0.09269132,0.09187003,0.04006778,0.17135407,0.08738644,0.03738382,0.08433749,0.09969583,0.18611673,0.17756593,0.10502079,6
0.3070488,0.49306202,0.37865215,0.21667308,0.29459432,0.14500566,0.3693006,0.36885037,0.41055949,0.09609073,0.28149403,0.10496686,0.29193735,0.09125804,0.20340292,0.05593874,0.21659287,0.07352124,0.16072461,0.10605921,0.18570504,0.05895103,0.15430685,0.21570525,0.14936045,0.05520274,0.15861215,0.15643105,0.05731526,0.07600588,0.13776633,0.10469396,0.09271924,0.18558049,0.09890075,0.04973746,0.12141332,0.14592432,0.02369758,0.02618178,0.10513229,0.10462769,0.06991682,0.12778018,0.05789166,0.0548418,0.03209653,0.06440093,0.07552775,0.04074879,0.04260833,0.05242834,0.08976953,0.09667891,0.05382582,0.0858082,0.12674105,0.03065325,0.04357765,0.1083596,0.10903698,0.13819791,0.16069219,0.06381835,0.17491046,0.11484853,0.07500221,0.09049593,0.08850049,0.26442552,0.28381969,0.233584,0.41709903,0.40970574,0.19654857,0.27434162,2
0.12260767,0.53936245,0.20943296,0.38461527,0.39161982,0.33538899,0.35386095,0.37130053,0.23542788,0.16653248,0.27743764,0.14448116,0.15965582,0.07907484,0.18771607,0.169734,0.26367547,0.23113748,0.14879604,0.0920301,0.2324043,0.27926103,0.09733503,0.08182834,0.10188079,0.20160862,0.14735393,0.1826147,0.14704611,0.08166027,0.04833098,0.16337333,0.2326236,0.18659763,0.08285939,0.03689433,0.16587692,0.22651626,0.17953102,0.05038622,0.04642071,0.12263143,0.1675651,0.16243136,0.082059,0.13343603,0.1329348,0.06877653,0.0962121,0.10302507,0.02546945,0.01845374,0.03811637,0.03731441,0.03865466,0.12614258,0.05910493,0.07409297,0.1347288,0.16594449,0.06796943,0.14620487,0.13317592,0.14479498,0.02710866,0.09715702,0.11389857,0.13140657,0.17099289,0.25455424,0.25137579,0.31293196,0.4707323,0.26617549,0.41780222,0.09003479,4
0.31567903,0.49187904,0.26574858,0.23597961,0.1883987,0.32045285,0.36368001,0.33085498,0.1725993,0.32155228,0.17684113,0.0453785,0.21259303,0.30658425,0.19254291,0.12113163,0.19618764,0.12350447,0.06051799,0.10432998,0.14037235,0.15134802,0.06467874,0.14107081,0.09132655,0.16467558,0.13620049,0.15070237,0.07581964,0.08064474,0.1104507,0.11368271,0.07550744,0.06621644,0.13478474,0.1391886,0.16019737,0.09181803,0.06546566,0.08237764,0.07069613,0.10309887,0.12562135,0.06134329,0.06511563,0.05896544,0.06390415,0.04899453,0.09688477,0.06264642,0.02907327,0.0160654,0.0695936,0.01264518,0.03509821,0.09218228,0.11424248,0.11354099,0.06823657,0.10021959,0.09608332,0.07343838,0.03813224,0.10469063,0.12889159,0.13476929,0.16287455,0.20458358,0.24839484,0.13854639,0.08182754,0.05709404,0.09022991,0.14011323,0.2673646,0.29601604,4
0.22357704,0.11234351,0.35888982,0.14081532,0.32119934,0.24723906,0.41656031,0.3423776,0.17531708,0.14678442,0.05635582,0.10789788,0.05165814,0.13212399,0.19339755,0.2496671,0.10911455,0.15204179,0.0483055,0.20481212,0.09726837,0.09146851,0.12088531,0.07979451,0.25269303,0.20119589,0.12143179,0.06505084,0.03621445,0.15493299,0.11775017,0.11749791,0.12147603,0.10345548,0.22828818,0.17308954,0.05869026,0.06173339,0.03617366,0.08909758,0.1212795,0.14882302,0.14265369,0.07356361,0.13729672,0.06141435,0.06794596,0.08170189,0.08828521,0.07043599,0.03992225,0.05923305,0.19031507,0.00701301,0.09505913,0.12510445,0.05187954,0.08156411,0.135348,0.09791899,0.20532732,0.04837796,0.18716471,0.10041195,0.115122,0.16138117,0.2013655,0.13927294,0.28944334,0.21633155,0.15035491,0.13112268,0.2226758,0.25051704,0.12533491,0.12613712,10
0.30879079,0.31652111,0.35004856,0.23998906,0.49541003,0.07149892,0.37938436,0.33809846,0.23882129,0.20722809,0.22695713,0.25024307,0.19290427,0.14255656,0.17820605,0.05272831,0.21086131,0.30276717,0.11152426,0.12793083,0.16120651,0.14404478,0.19401607,0.14471028,0.07569296,0.07018233,0.23015792,0.01729601,0.01557172,0.09162186,0.17746955,0.17628384,0.09999362,0.08173171,0.09641113,0.2606909,0.10666933,0.06247081,0.12750367,0.1961696,0.12084949,0.12682438,0.12149629,0.05745472,0.02042747,0.00960903,0.08180331,0.05853843,0.05938411,0.1069683,0.06321934,0.05587246,0.08727659,0.17602279,0.05995791,0.06297188,0.17552619,0.07775346,0.11094517,0.09249677,0.12304158,0.19032866,0.12111192,0.16876919,0.23536105,0.28897006,0.055425,0.25247089,0.39593742,0.07627851,0.19743475,0.12789676,0.18563121,0.08665654,0.11417619,0.1078083,10
0.23979516,0.26741032,0.25363197,0.13558959,0.42741369,0.13914785,0.27974038,0.23928392,0.26994344,0.24525026,0.1090956,0.10164918,0.10959608,0.18707522,0.07835854,0.07335819,0.14049704,0.10812128,0.04840795,0.18409527,0.0603829,0.02105411,0.06471899,0.04477034,0.09186123,0.05994521,0.11682187,0.08058978,0.05703404,0.1077719,0.04445283,0.08053456,0.06805881,0.031821,0.10482383,0.03963351,0.09020923,0.08605058,0.04647603,0.04498365,0.05713586,0.13107219,0.07983317,0.03677295,0.0767941,0.02423807,0.0793828,0.04198223,0.11330023,0.07425811,0.05297787,0.0639475,0.08790982,0.07064632,0.07307884,0.00171597,0.12569551,0.06764949,0.06994402,0.09376193,0.1178462,0.12027255,0.06860844,0.06884604,0.13297746,0.06699932,0.07878998,0.10939437,0.1521155,0.17827027,0.10258088,0.17698523,0.17367435,0.27444194,0.18559744,0.1766366,9
0.10396498,0.14682578,0.42887092,0.16236586,0.31228815,0.33605179,0.42551389,0.21821669,0.24743957,0.08314774,0.2444079,0.28321466,0.07775198,0.16267581,0.10392086,0.04985264,0.14284309,0.20883537,0.09755253,0.21969167,0.20350975,0.07242768,0.15758962,0.05797187,0.1275848,0.1674082,0.07623554,0.05205734,0.07437973,0.08222387,0.16180382,0.21845846,0.08486546,0.05010012,0.12934789,0.01570033,0.11278688,0.064371,0.06047021,0.20154483,0.1504815,0.1012221,0.10280859,0.03751254,0.04549625,0.09588968,0.09387206,0.01526215,0.08518997,0.0637321,0.10993041,0.07153817,0.20233584,0.08856625,0.0412117,0.0438001,0.04954899,0.0663896,0.03904581,0.11520917,0.11118945,0.13191641,0.09752196,0.07798752,0.17990527,0.03747855,0.12669442,0.14063255,0.23623449,0.22907675,0.08438667,0.1240555,0.15726682,0.20963016,0.21352534,0.12505933,10
0.14898274,0.24212731,0.39951588,0.11560567,0.27918709,0.18780415,0.43926467,0.16829309,0.3322635,0.11975963,0.33816905,0.11981251,0.05151338,0.16205528,0.09553572,0.08690602,0.13133132,0.24288003,0.03089428,0.09735565,0.10457587,0.21514657,0.11251519,0.01715804,0.10527872,0.05357446,0.13856882,0.13448443,0.15050376,0.10630728,0.05222709,0.03544019,0.07956178,0.16471817,0.12491391,0.09492279,0.0483624,0.12510287,0.10275599,0.05476008,0.05401323,0.07270567,0.0497423,0.0478367,0.05976779,0.06318083,0.0813798,0.03720293,0.03855783,0.12912857,0.15024927,0.15133395,0.11958524,0.07722859,0.07422062,0.09017557,0.09276296,0.03134053,0.14952693,0.13775146,0.17723697,0.16935732,0.08604949,0.07141394,0.07719471,0.05346306,0.01666789,0.20542016,0.1873818,0.25522035,0.216592,0.09574909,0.1607514,0.18840647,0.28804517,0.11771194,10
0.32014619,0.24384671,0.32959654,0.27101015,0.38993075,0.11229048,0.34070723,0.36324339,0.32466656,0.07167186,0.20096431,0.21687348,0.31330088,0.04140779,0.23031289,0.03391111,0.08327061,0.2927894,0.12817454,0.0305094,0.10350703,0.16137555,0.12535871,0.18965372,0.11876683,0.07608495,0.16363215,0.11556265,0.09571807,0.04661294,0.12433188,0.11030638,0.1134956,0.09428831,0.07865655,0.04050095,0.1478934,0.03239515,0.03011658,0.02333176,0.14115043,0.05080291,0.06293848,0.08700382,0.05280343,0.10508761,0.13414137,0.01422727,0.09095862,0.13227457,0.0404794,0.13843396,0.12975519,0.06481792,0.17531708,0.11096336,0.0577846,0.21653878,0.12279225,0.03632654,0.2475837,0.14643329,0.12819438,0.08913732,0.11173543,0.19146227,0.14368976,0.15107707,0.26968095,0.21527837,0.15363548,0.1736992,0.25336895,0.2130445,0.0438028,0.17211685,10
0.07455345,0.19485499,0.07969638,0.31878756,0.57366012,0.02781412,0.3774642,0.07047393,0.3710168,0.10353946,0.0582443,0.23161241,0.06180823,0.31803709,0.2092487,0.01684231,0.14506706,0.08161883,0.07058746,0.08314061,0.08511293,0.16349227,0.03070944,0.17612372,0.13990415,0.02185886,0.0709835,0.10696679,0.08807133,0.05717534,0.10687339,0.10815325,0.03866313,0.08957726,0.10561501,0.01110199,0.04060199,0.12527893,0.08136381,0.04008196,0.1118031,0.0768712,0.02704255,0.04154957,0.04630914,0.09704597,0.06818733,0.05970958,0.08568574,0.06465032,0.06626756,0.05543484,0.05526032,0.10112623,0.04558319,0.10085656,0.0600798,0.10289517,0.07988211,0.05009342,0.06430136,0.12916081,0.0377451,0.17535997,0.02751981,0.16523438,0.08109896,0.01911953,0.0586484,0.19287703,0.08050202,0.28464615,0.00989086,0.41444056,0.1042389,0.36466484,1
0.03988392,0.16588314,0.0440562,0.31901219,0.56695623,0.04083758,0.39549871,0.07769385,0.37631346,0.1084514,0.04572874,0.2433645,0.09259721,0.34967694,0.19166702,0.0385622,0.13233273,0.07083598,0.08781483,0.10068167,0.06000314,0.14023981,0.06276249,0.17463836,0.11767273,0.03670815,0.08572277,0.09319038,0.09462926,0.08841787,0.07331621,0.09163329,0.05143843,0.0756436,0.08600838,0.03778751,0.06861074,0.1036421,0.05679904,0.07265357,0.08155909,0.0685434,0.03078528,0.05893382,0.03920119,0.06327122,0.04293627,0.1089112,0.05533619,0.10553028,0.03284774,0.04193823,0.03263649,0.0810682,0.03021374,0.15332993,0.04063701,0.13161773,0.01640871,0.02186012,0.02084449,0.11126405,0.02810517,0.1877461,0.02836192,0.17451518,0.01528621,0.03530469,0.01173913,0.196167,0.04237132,0.30336799,0.02230607,0.42360484,0.06865609,0.37986851,1
0.11453411,0.14553763,0.16067433,0.16780868,0.22644625,0.15032589,0.62519099,0.19026589,0.15327606,0.13275859,0.28673641,0.33487405,0.26821682,0.37147619,0.07709446,0.08370208,0.08176883,0.04533202,0.26494328,0.1744612,0.18896506,0.14428678,0.06071143,0.03544891,0.080873,0.10984022,0.10742811,0.16309496,0.09687065,0.14874279,0.09054393,0.09697047,0.06469419,0.09014581,0.09682934,0.14981694,0.12224155,0.11225697,0.11651089,0.09934127,0.07942535,0.03135974,0.02851082,0.00996074,0.07893051,0.09920167,0.09993954,0.05659123,0.09283473,0.11252127,0.12624409,0.07388121,0.14699206,0.09587236,0.09839404,0.03866027,0.12431579,0.08096806,0.09654581,0.06943362,0.19611853,0.07959472,0.06567689,0.08734119,0.05522383,0.07256105,0.11429779,0.16073457,0.23489898,0.20618269,0.16556509,0.14435102,0.21635344,0.24189812,0.16084824,0.10248463,6
0.27904306,0.6907225,0.29576258,0.57488822,0.13945379,0.07780275,0.21442159,0.14524272,0.19647142,0.18041073,0.13009256,0.13460302,0.16123387,0.1231069,0.12794311,0.16428908,0.10682304,0.11137545,0.08618502,0.1248136,0.13235157,0.12727753,0.05870496,0.08657743,0.17264269,0.13000155,0.10520958,0.07022006,0.06719595,0.1406085,0.15859148,0.08068813,0.07011953,0.06068298,0.14382105,0.12131931,0.08908219,0.02636383,0.05903007,0.17603038,0.11879235,0.07185903,0.03095153,0.05074366,0.12275079,0.07272515,0.08531368,0.06973205,0.15197073,0.11854015,0.06056922,0.01238964,0.10781616,0.1161154,0.10345977,0.05438653,0.13461745,0.08071694,0.05906994,0.0667793,0.16254403,0.15371351,0.04367886,0.0599694,0.10579353,0.14483853,0.09573518,0.12917104,0.19607017,0.08477144,0.01176808,0.07985178,0.32637386,0.30989335,0.30077107,0.34791276,8
0.12399683,0.19732856,0.2595971,0.08229981,0.15396957,0.19758768,0.48062243,0.27454258,0.36640833,0.14216469,0.10630533,0.10175025,0.20401475,0.29496056,0.09065622,0.04024115,0.11287343,0.04249248,0.10740919,0.05271945,0.11102954,0.06594914,0.0443277,0.08817435,0.06305089,0.13415535,0.02764554,0.01736598,0.07353249,0.1393033,0.08063311,0.05984223,0.07358976,0.00459451,0.12399447,0.08890069,0.06628849,0.04940413,0.03419336,0.08340493,0.08639728,0.04678207,0.07192417,0.04603646,0.13060255,0.04145826,0.02434974,0.00531281,0.07806917,0.05871696,0.04493353,0.12412205,0.04052907,0.06926989,0.05433793,0.09128479,0.06750783,0.07516228,0.12532057,0.11853347,0.10844344,0.10190114,0.10845069,0.14194352,0.09558786,0.19474368,0.14053764,0.05135611,0.13234174,0.12885387,0.15359824,0.10607337,0.31861369,0.2691537,0.12318578,0.13852538,7
0.36153528,0.32878863,0.27949319,0.15361118,0.45928354,0.1209949,0.31632108,0.35894702,0.33304682,0.09823863,0.26159741,0.26200957,0.23344326,0.02406482,0.17153169,0.02176307,0.21191343,0.31267722,0.22793773,0.03963833,0.12997311,0.03961086,0.17570344,0.29166896,0.16090573,0.02427041,0.07150098,0.05505621,0.10832245,0.09087567,0.10019318,0.06287878,0.0245477,0.04290753,0.05630292,0.09654442,0.12622638,0.08427001,0.03478451,0.09882343,0.04461403,0.04985043,0.1236502,0.10811751,0.05265435,0.15270978,0.07774634,0.12768123,0.12986355,0.09176809,0.14819476,0.13714131,0.1162763,0.07255064,0.15921706,0.16764771,0.06782806,0.15783748,0.13366224,0.24056117,0.15786629,0.14372478,0.25326743,0.20976832,0.07493398,0.34567503,0.23514036,0.10578727,0.35636524,0.18916253,0.07210686,0.0705523,0.23002902,0.08520408,0.08621292,0.14077715,10
0.04533469,0.48242181,0.44900401,0.17296464,0.48402244,0.27764514,0.45615815,0.13971704,0.47783386,0.32549746,0.1128637,0.12817955,0.14865663,0.18005766,0.21163099,0.12737733,0.13741619,0.19569446,0.07913408,0.09187811,0.06119637,0.1350607,0.20538828,0.05319903,0.05704335,0.07845313,0.1489051,0.21472596,0.09838887,0.09978096,0.01394147,0.11718747,0.15562018,0.08698681,0.09304009,0.00833367,0.0687937,0.09640367,0.04705007,0.13227689,0.01817739,0.08195843,0.05724329,0.04360607,0.10360805,0.03658494,0.09530613,0.05707834,0.08431171,0.05475447,0.07995564,0.10406013,0.07142946,0.05980529,0.13811004,0.15857269,0.07211417,0.05275651,0.18313981,0.14612954,0.17137836,0.06541845,0.21183265,0.1625715,0.1781441,0.05990084,0.19608104,0.20526647,0.13489858,0.06470275,0.17453003,0.05473267,0.3419301,0.01783254,0.17727493,0.10294014,5
0.10405008,0.50287994,0.22900837,0.21761543,0.15537752,0.26716106,0.02997873,0.24507519,0.28105018,0.23247767,0.03144178,0.22545201,0.08211689,0.15972601,0.17361676,0.14732286,0.11458941,0.13642489,0.12362238,0.14152869,0.1023403,0.0661953,0.08273934,0.04839617,0.02510642,0.11421484,0.07764053,0.08988436,0.04491517,0.11708673,0.06137468,0.11532147,0.01251008,0.09101843,0.11432155,0.07124558,0.04333634,0.05496953,0.02652173,0.0748768,0.08077416,0.05137436,0.08117193,0.04164649,0.06373864,0.13096366,0.05936067,0.01337066,0.10242267,0.06347438,0.05662793,0.10301908,0.06540812,0.06112318,0.09635386,0.1302751,0.12463675,0.13560364,0.11799584,0.08388141,0.12013847,0.18670361,0.01775448,0.07367942,0.10100382,0.07843703,0.1055783,0.24301414,0.08144723,0.10863325,0.24965269,0.17443143,0.29308786,0.5561592,0.11833391,0.38929196,3
0.27666369,0.54222977,0.41692049,0.28590746,0.28902072,0.15378059,0.23999697,0.37477104,0.14754752,0.10897763,0.18444262,0.24409505,0.16784396,0.21492733,0.14975153,0.14405468,0.0953369,0.12494922,0.06928203,0.1017781,0.06796162,0.10505964,0.04199271,0.11164797,0.09350295,0.10229264,0.02722331,0.10612459,0.11482089,0.08466042,0.00778275,0.10309864,0.11538566,0.0953527,0.03104207,0.08907592,0.09354196,0.07496128,0.09516653,0.0855251,0.08468498,0.05782699,0.09908168,0.06513722,0.05129802,0.03014526,0.16445466,0.12872708,0.0609401,0.15032102,0.08219125,0.09226291,0.12908079,0.0334609,0.1287009,0.18221603,0.06195064,0.15897863,0.18431778,0.18070542,0.14882539,0.17701105,0.13513037,0.05143607,0.14062692,0.05469125,0.18797077,0.32555224,0.10334003,0.32660975,0.38471597,0.22185681,0.40916478,0.43641064,0.15862464,0.17239784,8
0.30637589,0.30202635,0.38002613,0.2195232,0.55443017,0.06375098,0.24847253,0.25861017,0.3100394,0.2896493,0.42080292,0.1126633,0.08684373,0.10217891,0.12649469,0.30945264,0.26096899,0.18964289,0.08895586,0.164483,0.18009536,0.25915766,0.22731122,0.07868463,0.06271115,0.14690148,0.18006118,0.26696236,0.17318721,0.12417256,0.11758669,0.07605902,0.19365998,0.26224322,0.16736913,0.05916595,0.12976899,0.08141545,0.1880449,0.18005328,0.06692338,0.12164571,0.09432137,0.093555,0.17845243,0.07799634,0.052998,0.04614232,0.16539723,0.06576911,0.10754932,0.09720342,0.18652959,0.1387305,0.12006359,0.05392476,0.23065462,0.10542789,0.02818529,0.04873613,0.1346818,0.09009611,0.08508887,0.1179333,0.11000289,0.24149039,0.10983773,0.17136481,0.27879392,0.19024323,0.16431263,0.19262648,0.12254457,0.20031249,0.11931076,0.11935045,10
0.05799069,0.20065545,0.08293029,0.25530222,0.60600173,0.02565184,0.43370478,0.03144684,0.28268065,0.04968148,0.04070682,0.33768715,0.04256343,0.41755423,0.206688,0.03705934,0.06786145,0.05255653,0.23904766,0.04356511,0.03199666,0.1849507,0.01875784,0.11448338,0.12542599,0.05374181,0.02689842,0.02851746,0.17084816,0.03472626,0.04064931,0.12445904,0.04595222,0.02950052,0.08634979,0.05399957,0.00938784,0.03169011,0.12065485,0.02547591,0.04066866,0.08376882,0.05270678,0.00656094,0.07864814,0.05097326,0.046266,0.04273236,0.03718006,0.04687416,0.12270684,0.03265799,0.08262327,0.07793916,0.04869796,0.0830154,0.03807105,0.07979293,0.11000578,0.03857826,0.07467986,0.11704614,0.06419357,0.12908498,0.04591811,0.11959943,0.1048328,0.0776034,0.09227672,0.23605822,0.06924908,0.30554082,0.01847724,0.42271763,0.07176554,0.36903169,1
0.05787328,0.07177357,0.04295931,0.31993711,0.58053401,0.05194588,0.42236949,0.08293634,0.41802046,0.07773263,0.05009434,0.19845884,0.09070078,0.3471251,0.17873431,0.04868334,0.14003624,0.05917822,0.03644198,0.07361484,0.04663175,0.09135038,0.05883595,0.15450273,0.09094995,0.04198917,0.09425563,0.06379504,0.04540825,0.06705848,0.04053242,0.04689784,0.05654026,0.0676552,0.0503068,0.03956425,0.06712199,0.0481877,0.03202538,0.0584962,0.03338006,0.01288106,0.03750938,0.04867336,0.04026254,0.04174639,0.02176751,0.04625973,0.02784434,0.05163137,0.05271161,0.07799165,0.04233253,0.0854839,0.02555293,0.07963325,0.02148457,0.06480372,0.03888023,0.12324331,0.03128069,0.14809831,0.00331819,0.149011,0.01346301,0.09522635,0.04493944,0.16424048,0.03098485,0.30026693,0.06688001,0.41317159,0.01843413,0.40069744,0.07540692,0.3632832,1
0.23112544,0.48423475,0.46589749,0.21003399,0.33599604,0.15743722,0.25098082,0.38213547,0.19922947,0.07597314,0.18685641,0.2119341,0.13067364,0.17612608,0.16761459,0.18657362,0.05914639,0.11897318,0.05507918,0.17761821,0.00662978,0.11747518,0.09401278,0.12142362,0.0345751,0.12356852,0.10777616,0.10466636,0.09134825,0.12058681,0.13159118,0.09129996,0.11511801,0.12256145,0.14414228,0.05172608,0.11384825,0.12848501,0.03054505,0.02294852,0.12881964,0.12119833,0.027847,0.06176825,0.14228684,0.14066967,0.0936419,0.00652,0.12268635,0.08623879,0.03837654,0.13877202,0.06122311,0.1026256,0.17860307,0.12400884,0.1476809,0.21538426,0.08742957,0.01668871,0.19352125,0.05725772,0.02502949,0.14863709,0.04459873,0.0917204,0.24260038,0.28693927,0.19065152,0.35727977,0.37740128,0.10577065,0.43584969,0.40546523,0.10520265,0.10353934,2
0.19590396,0.58443828,0.16921611,0.38293604,0.3795268,0.21544972,0.31068446,0.25386681,0.27419602,0.26067365,0.08577075,0.12713939,0.13700824,0.16651924,0.09582096,0.09137432,0.11224047,0.03231927,0.1358384,0.08624916,0.08385149,0.04725857,0.0315402,0.12742585,0.15483357,0.10442728,0.05435263,0.07552406,0.16625247,0.16167034,0.08339664,0.05584071,0.1209325,0.13292383,0.16788105,0.09793506,0.08680495,0.13736344,0.10759077,0.11523264,0.0534425,0.09191235,0.10572761,0.06993251,0.17768218,0.1259007,0.03110026,0.08506313,0.1970479,0.08860988,0.0619108,0.10335047,0.13650401,0.02636114,0.07565321,0.06262217,0.04490874,0.0766741,0.09967457,0.03963797,0.09383927,0.15884288,0.08653458,0.06415307,0.21253539,0.23581651,0.0291973,0.07125376,0.33396294,0.22541431,0.11784255,0.05179989,0.3957748,0.11850664,0.02309523,0.16228848,2
0.03069712,0.32372549,0.33453441,0.15539809,0.23693045,0.26747123,0.62369402,0.06154689,0.31067128,0.13487226,0.31648535,0.43825624,0.13357033,0.34751715,0.06138623,0.06264382,0.1676833,0.2368026,0.44011261,0.20977912,0.14849575,0.15216067,0.21749039,0.28265367,0.10922035,0.09117025,0.05282383,0.0492437,0.10171605,0.15340609,0.17463396,0.17706316,0.03293439,0.12565468,0.11986747,0.0292649,0.10014586,0.11938656,0.15510081,0.15931126,0.09120031,0.10872956,0.14849102,0.08436729,0.13052321,0.08436908,0.04257991,0.05236488,0.12200791,0.11455753,0.1019187,0.10225476,0.13256805,0.14646536,0.07285893,0.04152865,0.08646399,0.13275535,0.1235465,0.10856091,0.17438979,0.11472768,0.12912774,0.06045026,0.14463933,0.10658069,0.14969285,0.11956436,0.23776608,0.13684946,0.10290201,0.05825123,0.23935672,0.17718178,0.06013599,0.12479902,6
0.27026189,0.39507775,0.32685774,0.19857329,0.09840318,0.29339599,0.57716653,0.09188088,0.47022726,0.04878912,0.08135741,0.07043985,0.22791067,0.20708131,0.15931436,0.14922847,0.06350831,0.11699363,0.07417142,0.13751864,0.07870265,0.0617632,0.15267708,0.0532812,0.12070422,0.07074394,0.0668582,0.10800633,0.09523468,0.14070933,0.08764745,0.03964854,0.02503278,0.08953692,0.17236327,0.1290784,0.01934578,0.05371608,0.07101392,0.15139692,0.17282433,0.09814935,0.04667999,0.07368658,0.12576242,0.09406043,0.08194533,0.03735274,0.16067944,0.08215182,0.05024115,0.0449103,0.14653223,0.09190306,0.02986878,0.0657829,0.10414801,0.10867373,0.01566951,0.06987516,0.05235832,0.05642302,0.0980601,0.01006321,0.14219265,0.01253482,0.10522341,0.11910677,0.1529825,0.12245866,0.04271398,0.10525701,0.07150806,0.17297244,0.19409227,0.09732425,6
0.27107993,0.63643975,0.30974667,0.46561953,0.19024391,0.04249003,0.27819204,0.2122832,0.21955788,0.1643645,0.20654617,0.10617338,0.19233483,0.14109257,0.07708744,0.10700091,0.20479215,0.10953041,0.14345227,0.17051716,0.15461214,0.05833311,0.12323819,0.09837696,0.06214735,0.10630892,0.13607261,0.06671703,0.0351284,0.14113185,0.11296897,0.03414573,0.05524674,0.07465248,0.05229551,0.07592059,0.09312727,0.05850562,0.03514529,0.11933877,0.08265196,0.02024647,0.04054227,0.08936608,0.08397204,0.07401553,0.121845,0.11927723,0.12077637,0.14812795,0.08354419,0.06045809,0.07709302,0.05180637,0.1660721,0.10667892,0.13341786,0.17732125,0.0941394,0.08183459,0.07976665,0.07096925,0.19511624,0.16392838,0.20514356,0.22907439,0.09512048,0.02036355,0.1271611,0.17636873,0.1811447,0.27794338,0.38799549,0.41414716,0.282757,0.32192049,8
0.2797383,0.18818686,0.22792437,0.19968778,0.22637653,0.20012416,0.52650965,0.36453556,0.2363911,0.17388386,0.07301319,0.16147907,0.13096911,0.27885606,0.07396428,0.18927144,0.10669843,0.12369576,0.07705981,0.19851236,0.07429772,0.05209973,0.11851744,0.13132503,0.08545344,0.11508746,0.11266093,0.04332041,0.00905411,0.14242303,0.11051655,0.06199723,0.04323186,0.0885431,0.10711591,0.11030549,0.09907258,0.05691358,0.04694106,0.12437689,0.11157673,0.04240733,0.0503836,0.07902572,0.0926162,0.0997727,0.07094411,0.06467809,0.12855002,0.05296545,0.10126892,0.11692434,0.07462999,0.14556892,0.10132979,0.07919239,0.18543819,0.06149631,0.10529355,0.15357585,0.06324137,0.1403476,0.10793911,0.10919222,0.17653225,0.0419205,0.18003949,0.21179027,0.0904218,0.26145109,0.20539587,0.15671967,0.28281508,0.26942521,0.05339521,0.05080258,10
0.17661773,0.47870632,0.15446564,0.16290246,0.18646609,0.19569763,0.69271964,0.20969255,0.47777109,0.19945046,0.24735409,0.17078668,0.10168109,0.58579989,0.15110224,0.17011898,0.23421131,0.24032857,0.06609836,0.11464816,0.06811494,0.10625506,0.10447417,0.18664695,0.14053157,0.17085572,0.1154605,0.11215613,0.05981995,0.09100142,0.14607952,0.1376224,0.20638953,0.10346733,0.05023262,0.07720542,0.08535105,0.08668198,0.06131734,0.11457704,0.13657037,0.15513051,0.08493462,0.09560334,0.07342839,0.06146915,0.05359925,0.0430714,0.05141026,0.03990982,0.05535602,0.04928851,0.12096573,0.09745299,0.07675038,0.06641542,0.12311967,0.07653943,0.02391735,0.04989145,0.0353794,0.06543195,0.04567453,0.08507207,0.09170515,0.13945179,0.15326042,0.11798339,0.20933293,0.15088186,0.16590535,0.14711684,0.22945087,0.14626136,0.13893787,0.14674551,6
0.12518808,0.1143928,0.08712428,0.34419509,0.15907546,0.08451653,0.35221219,0.11701468,0.32330861,0.07881774,0.07973509,0.11600211,0.09155107,0.09895134,0.05229911,0.08848839,0.02862096,0.05653068,0.17666892,0.1302839,0.07980821,0.02630268,0.04315429,0.05423305,0.09627414,0.09611175,0.08380655,0.06651583,0.02290481,0.07509682,0.08748181,0.12508367,0.08989906,0.01777741,0.09712456,0.03580044,0.07714209,0.08385245,0.08236465,0.05400622,0.01995307,0.04218223,0.04843951,0.09489622,0.02781848,0.06123066,0.05682429,0.00721499,0.06127857,0.04081002,0.00510702,0.10132925,0.04616256,0.10511873,0.08704618,0.07949232,0.07696601,0.1235332,0.07968525,0.05178332,0.09682849,0.02799878,0.02727347,0.07962067,0.07065544,0.10535461,0.06884131,0.12489434,0.05864991,0.07318739,0.10182036,0.2486674,0.10879463,0.37414587,0.11992226,0.2985477,9
0.31213678,0.24541275,0.25254023,0.10961659,0.30038562,0.17749827,0.46474019,0.43370346,0.22963143,0.08076266,0.02970847,0.24556898,0.27179647,0.1693369,0.04364521,0.16727466,0.0478582,0.1126783,0.1489529,0.16491965,0.05383163,0.13617449,0.08570381,0.05173596,0.05674731,0.12645958,0.05770762,0.07532273,0.1157357,0.12518118,0.03229401,0.12307965,0.09206854,0.04449041,0.03539284,0.13495897,0.07570198,0.08845352,0.12186123,0.12706387,0.05421247,0.09914433,0.09942995,0.03398708,0.01414046,0.09627461,0.03804436,0.14867019,0.11695574,0.04892718,0.16659954,0.06926987,0.07396532,0.14748354,0.03417694,0.04837308,0.15347481,0.01562656,0.07209012,0.08776226,0.04003285,0.06807041,0.12255198,0.23796143,0.06239443,0.16238884,0.23224257,0.22098001,0.17202727,0.29173465,0.21043486,0.0580358,0.29993558,0.19227084,0.10357357,0.10609204,10
0.18923476,0.51234634,0.32995805,0.38677267,0.08212874,0.25882734,0.6059721,0.1320222,0.46473925,0.10208025,0.17674268,0.1172374,0.27255264,0.32794538,0.13228218,0.11045507,0.14753786,0.20586957,0.19936986,0.16913874,0.15503032,0.10237834,0.08798257,0.15249041,0.12870488,0.15055028,0.15606352,0.05757908,0.11586858,0.08513842,0.07849968,0.14459601,0.11587149,0.08555774,0.10749828,0.0672773,0.08516006,0.07965967,0.11859892,0.14478714,0.12633755,0.08978603,0.10735947,0.048697,0.11491771,0.08864479,0.04716489,0.0373404,0.07924992,0.07515322,0.01494258,0.03479677,0.06281442,0.05261623,0.04448774,0.0471595,0.09795437,0.05710824,0.0716012,0.03188579,0.14186163,0.08810641,0.08182815,0.07511269,0.16355614,0.0804765,0.08749616,0.05099124,0.13992256,0.07951511,0.06011531,0.08737739,0.17028186,0.02307753,0.10224635,0.05369011,6
0.03046227,0.5136873,0.35392341,0.21880678,0.51977668,0.21996926,0.53506936,0.13955165,0.457159,0.3191841,0.04287071,0.18142159,0.14863973,0.28935176,0.1753678,0.08107005,0.07334029,0.1089283,0.22481653,0.14001559,0.08515455,0.18047387,0.09414981,0.20352626,0.08936454,0.02865296,0.140396,0.0946841,0.16480572,0.03080646,0.03568297,0.12951842,0.14267517,0.07336449,0.03249644,0.0350529,0.14038432,0.12982734,0.03657249,0.05337605,0.05517161,0.13552958,0.08784475,0.04478976,0.02130902,0.05808979,0.02412021,0.08350464,0.08289439,0.09347492,0.05336905,0.10670149,0.1185849,0.05198767,0.04108486,0.11476119,0.12151322,0.11324139,0.02837003,0.1382953,0.15477087,0.14832635,0.06663902,0.17648849,0.20875716,0.09330135,0.05830738,0.19098129,0.2310381,0.14997155,0.06875259,0.12463924,0.40320948,0.07425311,0.20382397,0.08002313,5
0.07726058,0.24200953,0.13081914,0.07268214,0.19707633,0.15686511,0.63858252,0.2445471,0.31830078,0.13700785,0.32406852,0.30569669,0.20348131,0.4445745,0.07237906,0.09786146,0.06302196,0.14548729,0.22347926,0.21142119,0.19601133,0.13007221,0.14600368,0.04832019,0.05585609,0.12315129,0.08621487,0.14334932,0.06389097,0.11338244,0.11807809,0.09259711,0.06236405,0.04416365,0.11995199,0.12950337,0.13955321,0.07604866,0.08788649,0.0836223,0.07563845,0.06969663,0.03522645,0.0534939,0.0877879,0.06634992,0.05376272,0.06728033,0.11624198,0.06643384,0.11826429,0.13312803,0.12231373,0.11950723,0.10056439,0.02089323,0.13578449,0.12311889,0.0499533,0.07440834,0.16587468,0.06379848,0.12374352,0.13617792,0.02429172,0.0894158,0.16939587,0.14456817,0.2864876,0.21001718,0.11583481,0.10746862,0.17057916,0.21533674,0.10543719,0.02348685,6
0.27049909,0.55101662,0.38822833,0.27602334,0.2252625,0.11916412,0.20707699,0.36469802,0.12953294,0.12498539,0.15752702,0.25661629,0.14736375,0.23161122,0.10454595,0.15669885,0.11330538,0.1726639,0.06482419,0.09253006,0.11167891,0.12835668,0.0227864,0.12461024,0.14308509,0.09533828,0.03870737,0.08445372,0.07419753,0.03739417,0.07155953,0.05970145,0.05311399,0.10072578,0.10959656,0.06222705,0.03880215,0.05710446,0.08944695,0.05289211,0.03100406,0.0773764,0.09764707,0.04152231,0.10416936,0.0949154,0.04708072,0.13977001,0.0456779,0.10600383,0.14766842,0.12896524,0.15033178,0.13057269,0.03110579,0.0791953,0.05497448,0.04929196,0.15574496,0.21415893,0.11484886,0.15735265,0.20609305,0.10223075,0.16097657,0.15367974,0.08973782,0.17978723,0.02979758,0.26261072,0.36568024,0.25503331,0.41939827,0.43622801,0.20570309,0.19829396,8
0.1069278,0.5759866,0.14219049,0.36490193,0.35989356,0.40986716,0.32721302,0.31291195,0.28609695,0.27792829,0.34792772,0.03210129,0.18022003,0.06219301,0.23317952,0.27541461,0.17582644,0.14689606,0.11567732,0.11928504,0.31566291,0.22562588,0.07797239,0.09043569,0.08814687,0.23613194,0.20101057,0.14062891,0.08415244,0.06844036,0.17064605,0.26106363,0.16026749,0.04705971,0.04772133,0.11088042,0.21881621,0.20065917,0.07175231,0.0677011,0.08312533,0.17485319,0.22388576,0.11008158,0.07671544,0.07764896,0.07727785,0.13675311,0.04911048,0.06638507,0.03595945,0.1140985,0.10373569,0.06139874,0.03682765,0.15531153,0.08295767,0.05628638,0.03534022,0.06621534,0.0605591,0.10569468,0.0723273,0.11453553,0.04557128,0.10611053,0.04695282,0.07023323,0.07686942,0.11039182,0.15731177,0.27463571,0.3302551,0.18167451,0.29110647,0.20224796,4
0.20445379,0.55524738,0.30597906,0.22055593,0.301952,0.40332741,0.34238124,0.25890568,0.07354294,0.28251335,0.16322482,0.16755499,0.29279907,0.10837886,0.18510194,0.24736417,0.00664883,0.14526641,0.17054461,0.18395445,0.15709583,0.11882225,0.11987296,0.15094445,0.10592776,0.18281205,0.10756509,0.05372169,0.11919055,0.20211957,0.11219738,0.09804459,0.1253914,0.12107106,0.10611965,0.17824091,0.09871564,0.03500017,0.09729471,0.1249858,0.13292221,0.08860516,0.0953018,0.09846583,0.06178739,0.09546658,0.0088359,0.0637031,0.13355836,0.00115433,0.06902506,0.05998915,0.06593702,0.10936451,0.03076565,0.05108061,0.13799346,0.03099433,0.04324879,0.04514956,0.07675319,0.05210402,0.0547258,0.07005742,0.17301394,0.05573306,0.05940858,0.15106773,0.17984059,0.23010551,0.02403961,0.17714684,0.14844395,0.24237624,0.23889911,0.15350022,4
0.14637997,0.07047176,0.02768796,0.35240006,0.11190345,0.09362146,0.32987614,0.15824338,0.28075722,0.09327991,0.0754276,0.1180176,0.08382649,0.03467695,0.07251305,0.058737,0.03140661,0.08369708,0.11838488,0.08281941,0.07074679,0.06337216,0.07555796,0.09064845,0.10960675,0.08230506,0.07772681,0.0374368,0.00777352,0.11294643,0.07630507,0.09818547,0.02734793,0.03207227,0.08661999,0.06862098,0.10764417,0.03447603,0.04675181,0.04814765,0.06847111,0.08763375,0.04253611,0.07130144,0.01709766,0.04203786,0.01476545,0.06589194,0.0014893,0.05530514,0.02887364,0.08992274,0.01883395,0.07518643,0.05212883,0.08460208,0.05941463,0.08879063,0.07161773,0.050033,0.08913543,0.11852944,0.0700549,0.03033197,0.0928724,0.06412123,0.05552472,0.14368969,0.09525589,0.06111203,0.07694819,0.13923662,0.09293059,0.35587177,0.1673234,0.31188094,9
0.15275738,0.10760897,0.09137672,0.20242354,0.115934,0.09830374,0.37711153,0.12280108,0.401806,0.05762664,0.11987942,0.11738702,0.02973386,0.11317352,0.06589082,0.09886075,0.05701618,0.04307619,0.12602837,0.09551911,0.07655544,0.05143599,0.07216085,0.06228845,0.06106809,0.0522761,0.06663994,0.07325904,0.09696803,0.09870304,0.03523549,0.06324039,0.05231699,0.06394727,0.1172458,0.03972171,0.03304252,0.05564578,0.03561013,0.05815694,0.05454703,0.08138658,0.02140375,0.01087304,0.07990163,0.08426468,0.01407629,0.05836628,0.04524338,0.05465832,0.00905141,0.05219503,0.02549878,0.06402792,0.04175052,0.07354609,0.04005384,0.09846634,0.06005429,0.10041961,0.07091924,0.04008205,0.07548497,0.08472173,0.09103274,0.08267879,0.04556159,0.1666552,0.09545656,0.06459475,0.04381416,0.25127673,0.11097812,0.41451345,0.11882264,0.23018136,9
0.29840765,0.54571217,0.29512196,0.27258689,0.17918376,0.19811451,0.32161584,0.40481385,0.3139241,0.1220677,0.15244125,0.21582983,0.23604454,0.20851929,0.05579226,0.15145846,0.09679694,0.0956006,0.11043543,0.08950494,0.10817685,0.1159616,0.04867188,0.07749773,0.10775738,0.08483961,0.07634585,0.0893511,0.0868237,0.07940213,0.09554193,0.05203009,0.09132591,0.11610959,0.0788237,0.07206479,0.08864625,0.07603195,0.0868262,0.09009904,0.05368625,0.06611254,0.10370839,0.05781536,0.06421149,0.0561907,0.08600078,0.06059636,0.08964497,0.0443775,0.05653264,0.08378673,0.0650097,0.08312318,0.06497381,0.07086166,0.04153168,0.06931077,0.14187261,0.05761717,0.08960173,0.0883094,0.09722266,0.15106963,0.06172381,0.21047797,0.13989289,0.10192976,0.10833429,0.06867083,0.20772038,0.29870062,0.3859571,0.39824804,0.38709926,0.38426062,8
0.10482084,0.06309197,0.14616055,0.21953769,0.12637345,0.11752049,0.41367375,0.10776857,0.33265797,0.04924107,0.09430403,0.10836273,0.04269118,0.15665684,0.04736402,0.09416402,0.01783111,0.04518644,0.16400772,0.09798424,0.08174974,0.0203062,0.08014294,0.04958296,0.10479068,0.08420821,0.04841387,0.05294586,0.01276945,0.0896967,0.09208203,0.09324745,0.04733988,0.0395149,0.08099154,0.07661257,0.10027189,0.07088756,0.02044295,0.06817796,0.04647544,0.08489496,0.07261397,0.07376298,0.01787458,0.05716334,0.02711194,0.06431441,0.02138187,0.06320636,0.06053455,0.0443709,0.0415117,0.04807824,0.08731089,0.05519014,0.07774959,0.05220243,0.08193253,0.011382,0.10645234,0.04564307,0.02739804,0.01407799,0.081586,0.04377396,0.08062065,0.07339111,0.07224851,0.008203,0.09781855,0.26914389,0.08510006,0.39743947,0.07712509,0.29620793,9
0.13255952,0.3445025,0.2860204,0.15391349,0.56665613,0.0680305,0.3803304,0.18422782,0.34845728,0.26763307,0.32452577,0.13824716,0.13107639,0.24936473,0.25348057,0.17496692,0.03939641,0.15460429,0.10895477,0.25912635,0.24241472,0.08167035,0.05064655,0.05546927,0.1294023,0.24961321,0.05493167,0.08392228,0.01942068,0.14779555,0.17043247,0.11510908,0.06797165,0.04326208,0.13406681,0.18929617,0.11566675,0.08283862,0.04485956,0.09948612,0.13391486,0.099803,0.06918784,0.00527831,0.19021423,0.05535328,0.12162458,0.07303901,0.14267539,0.10326071,0.13472687,0.03795107,0.20092253,0.09990116,0.09741314,0.08502887,0.1056286,0.15247412,0.16268633,0.10493799,0.06474262,0.19272554,0.13046641,0.0824125,0.10287154,0.10417711,0.10613141,0.15786719,0.18362513,0.17555781,0.25666576,0.17320432,0.10248224,0.30495382,0.12857905,0.11895703,7
0.08987673,0.53584041,0.29784347,0.23346937,0.36614229,0.13723463,0.29579218,0.26340313,0.02374845,0.10245021,0.298181,0.0596184,0.27710203,0.13276172,0.14324386,0.1157222,0.18247201,0.04936765,0.1672109,0.17039642,0.11195648,0.09149992,0.11995229,0.00452104,0.07805567,0.07668917,0.15741624,0.07010321,0.13162099,0.10427417,0.11013313,0.09247447,0.12181273,0.06931157,0.07311847,0.13428601,0.09990698,0.08129518,0.09186691,0.13143827,0.08993299,0.08406564,0.08959134,0.03432258,0.07782529,0.08253543,0.05561383,0.06247169,0.11683182,0.09218851,0.03208532,0.03753676,0.07821266,0.06096549,0.09160734,0.06716815,0.1386537,0.08571228,0.06862108,0.05261104,0.07774772,0.16122946,0.09718325,0.12699235,0.16996149,0.10443384,0.05370219,0.11650468,0.11501054,0.17696085,0.28007588,0.14871906,0.41125095,0.43761695,0.13353266,0.37445863,3
0.26424077,0.26711699,0.38836616,0.22949815,0.41872706,0.09943783,0.37973804,0.34431141,0.27979038,0.12538815,0.20961841,0.19300882,0.30516409,0.1103255,0.24640506,0.05342833,0.05227524,0.25084559,0.16392014,0.06102561,0.08429859,0.15798648,0.13562577,0.18450306,0.11875877,0.05044927,0.08326718,0.19349251,0.05547235,0.07903792,0.02107298,0.11541413,0.10300427,0.10062459,0.05770692,0.05161251,0.09860817,0.12362472,0.03191569,0.03432204,0.08792004,0.11993105,0.13166773,0.0633538,0.09885532,0.13522172,0.09897761,0.07619704,0.11397469,0.15756304,0.05399748,0.0494876,0.14811246,0.08737567,0.09416824,0.1222306,0.07447655,0.18093178,0.0474214,0.09616242,0.22744428,0.09623288,0.11145252,0.01445596,0.11922598,0.18325583,0.08320811,0.22629524,0.28644708,0.16028723,0.21536814,0.22360944,0.22696661,0.17392409,0.11577896,0.1499025,10
0.25011915,0.29233765,0.35915514,0.23636573,0.64409774,0.07207894,0.30640907,0.25259322,0.25288904,0.31061805,0.34772785,0.16811135,0.17104196,0.08846291,0.17371244,0.31221176,0.13024209,0.31829517,0.02630697,0.3095405,0.20076974,0.12180942,0.2673804,0.08992927,0.23162746,0.16940425,0.08835312,0.21513313,0.19244769,0.10914193,0.29357417,0.02765185,0.0827788,0.19506812,0.06053008,0.21470134,0.10454257,0.14889451,0.16385581,0.12834553,0.11665285,0.18531614,0.15246831,0.09583865,0.19359694,0.14134672,0.1111909,0.01832228,0.16636914,0.12919106,0.15787005,0.07763372,0.06667288,0.21356146,0.14332829,0.05869745,0.07148058,0.2222266,0.06163278,0.10688858,0.09522456,0.073775,0.14361547,0.1694876,0.1767907,0.1451599,0.2683649,0.14561135,0.27345223,0.19691121,0.21240933,0.18224618,0.06067479,0.3312556,0.2251826,0.06556564,7
0.12273228,0.42659036,0.32675013,0.24538514,0.28013681,0.20781109,0.12005886,0.34755439,0.18616908,0.17109434,0.17810646,0.23998337,0.13640318,0.27390675,0.11699407,0.1483155,0.08247248,0.21295481,0.10865764,0.04258861,0.08281325,0.06534426,0.0499197,0.12490069,0.04296203,0.0580795,0.04635137,0.09382669,0.05063577,0.02329251,0.04630382,0.03637023,0.04893402,0.11316981,0.0376461,0.06243516,0.04502537,0.02413446,0.0414804,0.05368114,0.01362796,0.05178802,0.04493092,0.02822795,0.04491909,0.05685102,0.10624076,0.05895646,0.08389282,0.05034724,0.0167399,0.09014067,0.05024599,0.06438364,0.1250753,0.13553075,0.06024655,0.09905702,0.17120121,0.12153375,0.18564753,0.11949488,0.11189413,0.04308378,0.13907854,0.15238816,0.15294224,0.17363112,0.01759023,0.09171429,0.21210221,0.25994732,0.33991638,0.46588025,0.10460235,0.43195382,3
0.33398339,0.44138715,0.44109633,0.21859343,0.39071272,0.21434964,0.37702084,0.42546415,0.36856858,0.10607133,0.28202457,0.12302413,0.2340371,0.11952179,0.24619655,0.14885925,0.12241767,0.10016726,0.1443672,0.18727591,0.04074342,0.15198724,0.10122571,0.17779109,0.02980844,0.15597071,0.07623717,0.17232314,0.04158538,0.13690502,0.13424526,0.1296576,0.06894381,0.12513026,0.15585337,0.05592657,0.08321157,0.06053184,0.16051952,0.04031621,0.1009473,0.04006218,0.12764204,0.02753769,0.18302368,0.12103177,0.06056654,0.09646869,0.14922519,0.0400061,0.15322751,0.19615859,0.05873128,0.19128387,0.22460414,0.08439431,0.22191714,0.22436548,0.04915854,0.05296728,0.26761925,0.03811756,0.14960813,0.17895766,0.07020622,0.23302354,0.28470288,0.19626898,0.31900113,0.34123749,0.28850423,0.08935111,0.42931304,0.2860991,0.05196338,0.26181202,8
0.11192966,0.58036821,0.23831666,0.28462946,0.46195229,0.28011511,0.45718915,0.17128368,0.48227489,0.20311728,0.18795006,0.02609165,0.04638854,0.14934616,0.20707497,0.23266904,0.1013177,0.16795168,0.10530005,0.09905814,0.15367567,0.03289277,0.10132536,0.07962762,0.04786138,0.17585425,0.11640035,0.18292548,0.0863666,0.05274592,0.09735924,0.09460985,0.13733459,0.11119053,0.01627957,0.07031966,0.07383097,0.15792955,0.16170933,0.01490128,0.09034277,0.04756556,0.15220656,0.14915397,0.01856586,0.07458798,0.13240887,0.02418635,0.02692679,0.09213328,0.08959824,0.03767779,0.07394439,0.03284488,0.10430551,0.14039829,0.06683579,0.02919553,0.14318098,0.12591193,0.08694779,0.08510381,0.08342455,0.11416998,0.08602522,0.02871999,0.06352869,0.2579702,0.1303649,0.12113911,0.13534126,0.16182689,0.40535255,0.1621776,0.23662857,0.12519839,5
0.14636921,0.57803331,0.17304655,0.25780912,0.17497413,0.21041429,0.12918533,0.26579817,0.20027056,0.20881221,0.07920097,0.23442482,0.11237343,0.21988799,0.10084703,0.17864421,0.05633602,0.19787033,0.06460536,0.07264595,0.12394691,0.13323987,0.07435993,0.15040269,0.11388171,0.07529721,0.13395613,0.07076549,0.08617736,0.11785074,0.1068683,0.07103191,0.10794955,0.03412522,0.08032715,0.07969675,0.05844663,0.04968941,0.10584248,0.04283339,0.05489996,0.07835468,0.0951026,0.08088308,0.08018246,0.05069451,0.06945077,0.0613082,0.10351249,0.11283533,0.00280476,0.06711696,0.06495734,0.0735612,0.06779047,0.09002461,0.09707174,0.05890318,0.12808864,0.04511934,0.12429846,0.12835028,0.06378417,0.07111847,0.09583592,0.05326085,0.20518838,0.21396321,0.11564813,0.11131056,0.17698001,0.12110854,0.32614866,0.50720459,0.13327616,0.4441034,3
0.33560596,0.318426,0.25794822,0.22538107,0.4177689,0.12306691,0.3334548,0.34204365,0.39815094,0.07955002,0.23655381,0.24346962,0.24344842,0.01814457,0.16123251,0.05323835,0.19854961,0.36214402,0.15762552,0.02841218,0.15197643,0.11441895,0.18258935,0.28366947,0.08690951,0.10437029,0.13879139,0.0621751,0.11583594,0.05797533,0.10810817,0.08418088,0.0760995,0.02623333,0.11330908,0.07418722,0.08915967,0.12881341,0.07636774,0.07890623,0.08811451,0.07891686,0.11631595,0.13124073,0.11754484,0.06813416,0.05330076,0.10454334,0.05069667,0.05643638,0.07304167,0.13909836,0.07124597,0.06369831,0.10445446,0.08416793,0.05163984,0.10417425,0.08054229,0.18065469,0.11576264,0.0767895,0.23511449,0.23105395,0.096102,0.26055293,0.23662818,0.12165935,0.31633273,0.2448463,0.13289275,0.04298838,0.25074017,0.14157604,0.03877594,0.11459086,10
0.11649986,0.47296043,0.07624774,0.20728644,0.3484069,0.20465171,0.66820345,0.13585886,0.49625379,0.28356181,0.23174852,0.29742969,0.21870448,0.42991218,0.18103037,0.046674,0.24023802,0.20126845,0.15137978,0.0510102,0.22462194,0.32949059,0.15277362,0.12617355,0.11342718,0.1031208,0.11359728,0.13742503,0.29404019,0.1020052,0.18752836,0.2892843,0.1260576,0.15838242,0.06716503,0.13214892,0.06497432,0.06849968,0.27255811,0.13996403,0.16022413,0.08154273,0.22040763,0.17617719,0.1196505,0.00737167,0.08808291,0.08855148,0.04674344,0.09079054,0.11822141,0.11731632,0.00835028,0.1510417,0.14338635,0.08821259,0.09871766,0.11414501,0.14148347,0.0477447,0.17440993,0.19068986,0.13076561,0.10369861,0.16576761,0.13044263,0.08584065,0.0417101,0.22423849,0.1465068,0.1109311,0.05447363,0.24611402,0.05851603,0.05147033,0.08794678,6
0.35125753,0.19200032,0.18108733,0.14863088,0.30880995,0.14115483,0.38489482,0.46213957,0.29920668,0.08897919,0.1043042,0.24248524,0.33912902,0.05725923,0.11383688,0.14240249,0.0446141,0.22295398,0.10065365,0.14132453,0.11485635,0.15514933,0.02422316,0.07482416,0.15031448,0.11464736,0.07705961,0.09149987,0.08735024,0.10537372,0.08532491,0.09000206,0.02648715,0.09587202,0.11993845,0.10328222,0.03734125,0.09028101,0.0717567,0.0921018,0.07133552,0.11357686,0.08420159,0.05273642,0.13031223,0.1011003,0.12872121,0.16934524,0.10054465,0.15478761,0.1915295,0.04245483,0.16490893,0.16029046,0.0142865,0.10580804,0.14649493,0.06114681,0.11168606,0.08083634,0.11423671,0.11049173,0.06106959,0.1779399,0.12072836,0.11519287,0.20783382,0.25887382,0.17275379,0.27357774,0.2221291,0.15087785,0.30293196,0.23704754,0.08266231,0.03735278,7
0.18358395,0.08674841,0.05819727,0.31171947,0.25424785,0.1033978,0.37476981,0.14660423,0.30410715,0.1321195,0.11558252,0.08936596,0.03825619,0.18619621,0.09402162,0.08151952,0.16449468,0.12553365,0.10754072,0.13119928,0.01139481,0.09423907,0.11978072,0.14124333,0.07921594,0.01432972,0.05300731,0.04703246,0.14368713,0.01791083,0.06058895,0.05726937,0.02601486,0.03479923,0.04565977,0.08066388,0.04002792,0.02877183,0.03311425,0.04407508,0.05043329,0.09089515,0.06977824,0.00518359,0.05411579,0.06730297,0.04028031,0.03393407,0.02733325,0.03713756,0.08107736,0.01756994,0.046223,0.03949104,0.07771714,0.07000572,0.06540151,0.07126894,0.02756316,0.10985105,0.06946088,0.09286512,0.0196157,0.07316735,0.07061876,0.13613967,0.08851171,0.04891116,0.04518439,0.11714018,0.1922318,0.24335487,0.12107252,0.35126908,0.23708089,0.2168814,9
0.18554808,0.42388603,0.39966248,0.23296033,0.18525352,0.21330658,0.0536789,0.26108981,0.28316668,0.16592624,0.07981922,0.22583872,0.0716694,0.16829228,0.04740597,0.17254253,0.04330066,0.18166917,0.08904651,0.07529428,0.11600081,0.10967617,0.06819008,0.14999727,0.15343722,0.03642109,0.11469637,0.06146033,0.10432058,0.0836846,0.10438692,0.02901542,0.12131203,0.03375046,0.03912445,0.07344058,0.09756457,0.04460547,0.0848983,0.10720889,0.05330414,0.09380524,0.04706044,0.06110844,0.05923965,0.02958518,0.09503629,0.07308762,0.08492844,0.09295183,0.0541197,0.13893043,0.07550139,0.13354691,0.07646969,0.07875837,0.08895963,0.1181333,0.10004345,0.0400442,0.15757326,0.02549092,0.04936126,0.14580029,0.07721111,0.08775309,0.23634229,0.15972287,0.09968312,0.1229808,0.24300626,0.23183581,0.36141781,0.47286849,0.1032664,0.3976298,3
0.23395674,0.11251866,0.16055354,0.25512572,0.35000475,0.15086211,0.2678498,0.22075829,0.23125857,0.24598632,0.08191932,0.11969948,0.12538071,0.14021689,0.05823158,0.05412017,0.1764463,0.10352189,0.0917693,0.09624239,0.07038949,0.05840863,0.09718719,0.06480027,0.10089652,0.04867793,0.12392701,0.0898823,0.06457004,0.02519694,0.05023237,0.15089861,0.06774146,0.08720784,0.05278051,0.08150185,0.05095088,0.07238274,0.07598629,0.03472708,0.05506146,0.12066627,0.07118888,0.03300275,0.04731018,0.04177688,0.07752342,0.12049216,0.02024772,0.0364609,0.09967714,0.0912796,0.05386344,0.07846488,0.10143056,0.17167819,0.05275819,0.09924089,0.11108763,0.02517034,0.08877114,0.01027445,0.10819031,0.11740128,0.08978497,0.148816,0.0995955,0.09140126,0.11491247,0.1234048,0.11724792,0.1370393,0.17031377,0.26035032,0.17558278,0.27193065,9
0.15139489,0.52998908,0.3211308,0.28797112,0.41473423,0.2475369,0.49055031,0.36554422,0.43182304,0.28900973,0.24214937,0.02957449,0.19536574,0.0892292,0.22959409,0.0762969,0.0658387,0.09566392,0.21648397,0.15823958,0.11255874,0.05526669,0.1658266,0.09456561,0.17884593,0.00590321,0.10898107,0.11341021,0.10747704,0.06933845,0.02600357,0.10112925,0.17860676,0.107292,0.06894891,0.07273992,0.14719855,0.13089959,0.10937228,0.00854553,0.09626914,0.15821929,0.13862841,0.07827264,0.09010114,0.12536583,0.08341523,0.05515883,0.12883894,0.14891192,0.06719884,0.07499743,0.1876758,0.16448546,0.06016804,0.0506494,0.21194618,0.15256976,0.06688019,0.10729328,0.20121035,0.23108572,0.03062267,0.12784578,0.32124599,0.13918485,0.0659121,0.20312273,0.22241964,0.15729346,0.00502699,0.17677194,0.38141308,0.19194107,0.28025536,0.17267812,5
0.2004351,0.27946352,0.1014181,0.17972757,0.19970708,0.10813432,0.34576121,0.18973468,0.33060496,0.18139839,0.06575808,0.02978347,0.13500464,0.16423403,0.13502682,0.04499623,0.09185104,0.10377892,0.05856215,0.05893278,0.03618424,0.1101032,0.06416321,0.04648153,0.01571697,0.03022772,0.07108125,0.08698574,0.05496159,0.02121263,0.04289942,0.03477432,0.06149073,0.07253422,0.00960372,0.03813213,0.01258338,0.02346603,0.03210338,0.03610513,0.04742238,0.02364305,0.0136106,0.00348482,0.03604814,0.09222188,0.08645083,0.06892747,0.03124067,0.10823554,0.0736069,0.06183618,0.04547712,0.07974919,0.10410829,0.03986777,0.07724027,0.09450857,0.11906245,0.07081496,0.09478092,0.14933067,0.09362534,0.03249534,0.08758213,0.15262582,0.05919084,0.09912382,0.08466382,0.02892754,0.09682923,0.123908,0.12404073,0.33068052,0.09313742,0.36313625,9
0.05668583,0.43242548,0.11520617,0.3911804,0.29666699,0.04260075,0.49106225,0.28886593,0.52439828,0.23305003,0.16982263,0.12272631,0.06555402,0.19318036,0.08695621,0.1712005,0.16329956,0.11494543,0.15106316,0.0707285,0.11072216,0.11775925,0.12789005,0.13768976,0.08232649,0.15347463,0.1020824,0.11597203,0.07906235,0.13297684,0.16822848,0.06478364,0.08793799,0.07746935,0.1406098,0.10397516,0.08770597,0.09761961,0.10197861,0.15776086,0.06965196,0.06651404,0.08894338,0.07722981,0.09686816,0.0382993,0.11259814,0.15624495,0.03033065,0.07526951,0.13473194,0.11614472,0.05107831,0.10427412,0.16643467,0.14217587,0.1214045,0.16197226,0.1655804,0.10064796,0.1534253,0.19251396,0.1635694,0.01501444,0.20715508,0.21203574,0.11532184,0.09214784,0.31295052,0.12484064,0.01994686,0.09989172,0.25784813,0.08066905,0.10593145,0.0877165,6
0.2348204,0.44222461,0.45669242,0.20449052,0.43518839,0.13302866,0.44056286,0.36642981,0.39218365,0.13110104,0.29618906,0.05019538,0.27409405,0.06510173,0.19397802,0.15487418,0.13070846,0.19284397,0.10658671,0.14219715,0.02675634,0.14920332,0.06010459,0.22499319,0.0681561,0.08706503,0.09932717,0.15189727,0.08050351,0.07851793,0.07112099,0.13563254,0.07737732,0.06098084,0.05571032,0.15221804,0.06640978,0.06077018,0.0955877,0.13160394,0.08258697,0.03930483,0.12649837,0.07340025,0.07642934,0.02416489,0.04500357,0.12665717,0.06241116,0.03801153,0.14110571,0.17953648,0.06023484,0.11525915,0.20781986,0.09922955,0.1181185,0.17296662,0.08175379,0.10048444,0.15282474,0.008863,0.13023654,0.23641963,0.0894947,0.19219847,0.25831287,0.27979112,0.29848969,0.34970205,0.24587217,0.07851022,0.42410012,0.24130325,0.01358899,0.16996817,8
0.1453773,0.41825873,0.13308386,0.16946503,0.03910033,0.09261237,0.71087403,0.14752342,0.44642123,0.11034746,0.22638674,0.0338921,0.06179359,0.48599957,0.13674367,0.23447791,0.1742494,0.29537964,0.04039672,0.09017679,0.15743824,0.13207648,0.25726412,0.11666484,0.10057684,0.02766657,0.07432007,0.09167665,0.05903055,0.148612,0.08061446,0.15152969,0.05054702,0.10885893,0.10861588,0.0711783,0.1400125,0.09074938,0.13949207,0.04092244,0.0776209,0.02816238,0.0739951,0.12253561,0.06507284,0.0344581,0.03114785,0.03218267,0.06211203,0.09489078,0.07084771,0.09788092,0.09453194,0.12590758,0.10098764,0.07249012,0.07535629,0.08767784,0.07450253,0.02582901,0.1209742,0.0786329,0.08098569,0.07673845,0.16555548,0.09029087,0.10042571,0.08288199,0.15996922,0.10687107,0.12796139,0.1324104,0.15257211,0.15759739,0.1404698,0.03892136,6
0.30781487,0.30380512,0.34800655,0.18114254,0.40311481,0.08645169,0.36807332,0.34072255,0.31262418,0.09612063,0.16756441,0.23469459,0.28936494,0.07511211,0.1628899,0.05607936,0.10420658,0.29614955,0.15696032,0.05671967,0.07154569,0.20042458,0.12542024,0.16826389,0.04996857,0.15755017,0.12030568,0.10634155,0.04947277,0.14387502,0.13352007,0.08462241,0.05332781,0.10222101,0.09521548,0.07497872,0.06263141,0.08505005,0.08326765,0.08277636,0.08220103,0.04960026,0.08383357,0.12794397,0.08233294,0.04179227,0.0802052,0.05250721,0.0939457,0.01926431,0.02665336,0.07353672,0.03643158,0.02479576,0.11689979,0.09144977,0.02972309,0.1315065,0.10039035,0.10031535,0.13825395,0.10438974,0.14655861,0.09675936,0.12859777,0.21932407,0.15206735,0.16137656,0.27424484,0.22178819,0.14469515,0.17967164,0.28220172,0.12385373,0.10581659,0.20294248,10
0.30886459,0.32748708,0.3098835,0.26423576,0.5483976,0.06832237,0.35303948,0.28382812,0.33353649,0.21835729,0.26826747,0.30220632,0.16494387,0.07664922,0.09072316,0.06327671,0.2722453,0.36148873,0.08080325,0.1161854,0.08573847,0.09050468,0.28065998,0.19063157,0.11333069,0.06162706,0.17271136,0.16466195,0.10453345,0.13638002,0.21475319,0.11638853,0.09520737,0.0272084,0.10326897,0.20932626,0.02691014,0.12164846,0.08637391,0.16127998,0.13351189,0.07563242,0.17002421,0.01708978,0.01851498,0.09895307,0.10295477,0.07546298,0.04777782,0.0109723,0.14205919,0.01399941,0.00878224,0.10968135,0.0698691,0.10300331,0.13986219,0.10254602,0.11057256,0.08037315,0.09904949,0.18253041,0.11488855,0.15918897,0.15124062,0.2859822,0.08305742,0.21238737,0.38821799,0.14645506,0.17842223,0.20924522,0.16587687,0.12019551,0.09051711,0.08507437,10
0.17388862,0.30481733,0.14982007,0.21461741,0.10774364,0.15245658,0.26021734,0.09065222,0.25961577,0.1194989,0.14101841,0.00409906,0.06347477,0.06767373,0.09948647,0.11496456,0.11586987,0.06482395,0.10715443,0.08278557,0.09429563,0.15751064,0.05025017,0.00978613,0.09876227,0.06056263,0.11982599,0.07824094,0.06934524,0.10888577,0.04780322,0.06871055,0.09875665,0.0975259,0.09086939,0.055652,0.02332703,0.07897246,0.04969606,0.05920379,0.08185681,0.02265326,0.06493018,0.04953319,0.04311426,0.03966602,0.02715269,0.00543764,0.04874042,0.04198543,0.04416521,0.02604834,0.06182608,0.03405272,0.03473195,0.07401349,0.07908828,0.04097564,0.02260022,0.07056827,0.07403264,0.03759255,0.02032901,0.07900251,0.06173525,0.01915407,0.02594816,0.06428191,0.05323198,0.08316009,0.01614854,0.06178326,0.08190162,0.29235057,0.09241707,0.34392545,9
0.10614893,0.5275322,0.28039876,0.32289097,0.36126527,0.21846722,0.5532244,0.16872165,0.53828024,0.27757235,0.21730571,0.23895767,0.06419154,0.15512918,0.0583558,0.13319759,0.3472926,0.09528218,0.07954617,0.08894702,0.14511074,0.19219558,0.08456507,0.12460104,0.1485665,0.07376073,0.13637916,0.12918714,0.09981894,0.16768996,0.05383923,0.0493023,0.12340029,0.09717711,0.15640925,0.07067822,0.04367144,0.06668385,0.09670257,0.07991632,0.13310755,0.08710638,0.08237115,0.05612401,0.04554583,0.14033982,0.14603012,0.03240282,0.11480783,0.09865812,0.11581059,0.06873967,0.12335014,0.03516096,0.04541887,0.11682457,0.16742606,0.05621592,0.04308898,0.14234968,0.07485282,0.1532464,0.14608612,0.16162122,0.00415354,0.20529407,0.09515151,0.12696454,0.12239445,0.22430425,0.19338374,0.10706596,0.24597022,0.03257373,0.09679368,0.04543272,5
0.2247629,0.34208913,0.50783687,0.1969011,0.51404949,0.18245271,0.30780515,0.44010042,0.19710114,0.31654651,0.22010182,0.16923165,0.25211377,0.1071654,0.10280971,0.26065918,0.04092129,0.14637236,0.17818725,0.16489856,0.17066934,0.07489582,0.02638873,0.30029541,0.14070739,0.07999354,0.11787487,0.10550712,0.21583224,0.1475097,0.06555125,0.03934338,0.1250005,0.10514761,0.11125571,0.01198285,0.07692134,0.12899046,0.02526653,0.04414497,0.08189625,0.12874125,0.09334513,0.06870849,0.08163182,0.12006958,0.02770294,0.08608664,0.13468412,0.08840025,0.05539922,0.13921526,0.09647046,0.0455496,0.14094107,0.16724656,0.05289554,0.11613594,0.21908362,0.09269042,0.06954983,0.23325644,0.12039907,0.02591327,0.2622745,0.17685992,0.06150302,0.14039255,0.3241328,0.14945059,0.20790975,0.18695226,0.36715125,0.20846226,0.1460007,0.2178066,5
0.17260421,0.30892725,0.38762715,0.09712692,0.3910145,0.26044772,0.41674582,0.18482509,0.37961623,0.07930917,0.28852993,0.21596157,0.01287229,0.15095833,0.15695535,0.12416025,0.13664547,0.24949676,0.00987733,0.07566802,0.09876932,0.24905258,0.16356878,0.02581336,0.01095541,0.10439613,0.07291691,0.10806385,0.1819359,0.13318662,0.07476513,0.10028689,0.20846803,0.11897358,0.0735009,0.01845936,0.07988827,0.05039282,0.09787915,0.13642515,0.14711477,0.05705754,0.08029032,0.1345685,0.05826449,0.03702637,0.08805309,0.0743982,0.13871236,0.11181817,0.06636034,0.11458178,0.13144995,0.05902066,0.04124392,0.12517717,0.11253005,0.15152046,0.13110456,0.04722278,0.11080677,0.15634737,0.07541278,0.10912603,0.05160738,0.17415912,0.15757064,0.12731252,0.11140004,0.20688619,0.34082382,0.22261678,0.29456934,0.10498154,0.23597256,0.28589517,10
0.27311107,0.14409276,0.25467531,0.15481243,0.31646021,0.1715093,0.4489221,0.43470402,0.18623348,0.09383597,0.04268998,0.25797287,0.22215059,0.22851223,0.11185963,0.18365207,0.05596171,0.13530556,0.15242873,0.15549809,0.1379452,0.16536623,0.07990727,0.063803,0.15414541,0.13805926,0.06017303,0.12856355,0.10148215,0.11637642,0.12421787,0.13958446,0.03729556,0.08815778,0.15650648,0.13360996,0.08742999,0.13852889,0.03373014,0.10401932,0.11574,0.13542291,0.05685694,0.0640271,0.15539808,0.07689107,0.10460504,0.10183155,0.11074801,0.15548879,0.13079976,0.03833465,0.17436916,0.11537748,0.08180415,0.06199179,0.14296539,0.08697495,0.07699029,0.05384683,0.11597439,0.10322723,0.09948684,0.17631439,0.08467753,0.13476493,0.22462334,0.23041471,0.17180384,0.32167473,0.20967686,0.06565754,0.30883922,0.23840937,0.03160238,0.04091846,10
0.16304481,0.39396645,0.50062376,0.38881453,0.14995981,0.05151933,0.1939307,0.28092963,0.06848598,0.09975917,0.08032897,0.14639747,0.16183255,0.10006636,0.09653478,0.059298,0.11721882,0.12853269,0.01280728,0.09260607,0.06482274,0.11611849,0.05162851,0.01639062,0.06005574,0.10064057,0.08178052,0.0677236,0.01068921,0.06946437,0.0905647,0.09969151,0.05369463,0.03728263,0.05646807,0.11745741,0.09074865,0.06940047,0.01882203,0.068043,0.10174512,0.10177939,0.058428,0.04559183,0.02514609,0.05396491,0.08916952,0.12092799,0.04483962,0.10277463,0.10850061,0.10597756,0.0673447,0.11052546,0.11093021,0.11886512,0.11435261,0.14324817,0.091979,0.05581989,0.12138313,0.13717338,0.09993681,0.03517855,0.17117828,0.12300793,0.06563508,0.03895765,0.13856328,0.06094401,0.05605336,0.07917237,0.23781567,0.15990373,0.12683903,0.20208165,2
0.04784071,0.23622025,0.13410919,0.11798525,0.59560721,0.01546714,0.45575913,0.07701942,0.27267285,0.06829191,0.03152913,0.32380285,0.0350999,0.40801697,0.20997468,0.02409322,0.10137923,0.05922224,0.20352317,0.05860566,0.04504248,0.18506751,0.02153283,0.1416627,0.13367102,0.02119239,0.05830531,0.04697201,0.16300978,0.05069588,0.0563257,0.11888758,0.05314467,0.07973523,0.09590982,0.01319712,0.04897562,0.06430785,0.13037128,0.0496631,0.06964558,0.09131216,0.02814947,0.06338757,0.01093684,0.07426006,0.05236343,0.06971405,0.06408259,0.0538363,0.01977584,0.07101853,0.01094004,0.10578839,0.04259498,0.10839798,0.0533894,0.08123725,0.02234365,0.0925789,0.01118799,0.15847197,0.01408573,0.18062415,0.04535469,0.14583078,0.01234496,0.10296974,0.02023815,0.25958812,0.02780477,0.3922634,0.03279697,0.47008364,0.10559697,0.34250363,1
0.22963242,0.45925372,0.38921472,0.10489768,0.27609796,0.15998364,0.22991034,0.36318837,0.14342135,0.24828715,0.19902863,0.22298623,0.15769794,0.23260031,0.09034662,0.19337727,0.09862979,0.14777697,0.1313355,0.07396936,0.02268695,0.0772014,0.09070768,0.12532628,0.08906723,0.08720284,0.03198079,0.07201705,0.07875258,0.07317294,0.11666892,0.06896967,0.022248,0.05914045,0.09769815,0.06073545,0.06634114,0.09427557,0.07312433,0.02615362,0.08876713,0.0465005,0.09016126,0.03695213,0.04968192,0.12812188,0.10999433,0.09631772,0.06891786,0.11251245,0.12081826,0.07832328,0.15464589,0.0342293,0.03660855,0.14805147,0.01164193,0.13983849,0.19149347,0.0884514,0.1806617,0.12478853,0.1714338,0.09620767,0.2102593,0.12440447,0.1393106,0.14240404,0.061604,0.04075647,0.24425788,0.27608682,0.37388593,0.46822327,0.07718876,0.39156469,3
0.08354617,0.1810054,0.07609116,0.23351318,0.55316162,0.03871816,0.43728859,0.10760724,0.34312644,0.11486967,0.05258946,0.23536127,0.05560628,0.35732874,0.17154249,0.05852456,0.15020681,0.07753531,0.08115057,0.09143235,0.04039195,0.11950842,0.05784122,0.15681965,0.08888834,0.08616282,0.08704233,0.07577493,0.05903445,0.05798642,0.03736991,0.07047413,0.06836302,0.09352762,0.05065589,0.08821502,0.05075477,0.06472719,0.06273075,0.02192063,0.04832745,0.06133678,0.07676129,0.05017534,0.10153796,0.03042307,0.05918404,0.02186265,0.04439635,0.03050293,0.10772869,0.08193838,0.10456551,0.06120445,0.07025499,0.05408514,0.04222628,0.06646836,0.11335481,0.07909975,0.0976572,0.11745551,0.09485144,0.15767074,0.04686605,0.14745994,0.09223313,0.03689976,0.0830606,0.21895361,0.06094863,0.33085821,0.04709923,0.43311632,0.08681403,0.35364401,1
0.11065948,0.27598326,0.33896883,0.18042903,0.23038593,0.31658032,0.62244453,0.03050693,0.28224516,0.11616714,0.23082959,0.4475047,0.29684513,0.39421578,0.06582869,0.09522047,0.16842655,0.12507242,0.40956274,0.19442306,0.21855415,0.1269348,0.12438612,0.27758354,0.08500845,0.07885442,0.0787564,0.06155687,0.09948547,0.17899249,0.12530148,0.18562326,0.1652267,0.02800952,0.06952389,0.06840522,0.10170354,0.07629249,0.09551802,0.14188373,0.17419856,0.16485438,0.09726518,0.07718662,0.10876978,0.08929432,0.08050277,0.04978102,0.01617749,0.07375044,0.08529914,0.08937431,0.17063636,0.1191933,0.08445001,0.06278956,0.0980167,0.04332895,0.05432641,0.07039002,0.1521014,0.10583507,0.09225347,0.00399076,0.08934762,0.01668989,0.11809633,0.13246449,0.24868435,0.21822498,0.09003085,0.14558992,0.23999276,0.20150721,0.16861953,0.05531554,6
0.10928941,0.46190324,0.37075992,0.26539453,0.20430291,0.21471251,0.08381948,0.30154709,0.20102072,0.15355634,0.10771345,0.24897023,0.04427792,0.24439392,0.12432235,0.16040656,0.11086351,0.1893653,0.0338119,0.06670157,0.18538614,0.05140879,0.10809521,0.08284193,0.09868551,0.07945371,0.10608894,0.01472392,0.11735999,0.06603319,0.01932771,0.01602328,0.12422342,0.04815995,0.04416906,0.10274998,0.07193447,0.10675447,0.11881023,0.07651621,0.07669653,0.12983445,0.0711286,0.10979841,0.03193023,0.069354,0.06126695,0.09516604,0.03332672,0.10710433,0.1030535,0.02597859,0.12072131,0.07346952,0.12179462,0.0371645,0.14811431,0.05754786,0.05382825,0.08296442,0.15747246,0.06450657,0.08774786,0.0622217,0.03903881,0.03040365,0.20279496,0.16286072,0.0962933,0.15115052,0.14954078,0.1244506,0.33486446,0.42382274,0.089314,0.39808632,3
0.10495874,0.36840016,0.4856261,0.2003873,0.46412105,0.167067,0.39183704,0.31565724,0.11019056,0.20714373,0.24320187,0.29184362,0.16789763,0.07587707,0.06535661,0.22109773,0.08550187,0.13491378,0.05958754,0.11620701,0.11581468,0.03935935,0.14734625,0.1049052,0.14399544,0.0884127,0.01859408,0.15893069,0.03888114,0.11718638,0.01959334,0.15101606,0.12278065,0.05192836,0.03834317,0.15334832,0.13778133,0.00865965,0.0880006,0.07497059,0.15895353,0.02494015,0.08252545,0.0953689,0.06787857,0.09334888,0.06503374,0.03943396,0.11098313,0.07604073,0.05103154,0.08097801,0.15258565,0.05147508,0.06657102,0.04624754,0.12918263,0.05000602,0.10915031,0.0702972,0.02344484,0.15775656,0.18846522,0.1099852,0.11934263,0.16245702,0.16289759,0.03525905,0.18375022,0.18115256,0.11911676,0.07873848,0.36258282,0.18870744,0.09682998,0.27507845,5
0.29370049,0.50913057,0.47745205,0.25331611,0.34925218,0.06125963,0.26987672,0.29028233,0.1779995,0.04794141,0.28736494,0.14325369,0.1945563,0.18954719,0.28789964,0.12994012,0.15761503,0.09243084,0.08936835,0.13057566,0.1375438,0.1361919,0.07459306,0.00418841,0.13847422,0.16859453,0.07155353,0.04467434,0.12384309,0.17982493,0.07257055,0.05919416,0.123813,0.07961837,0.06735741,0.08152386,0.16264898,0.05928653,0.08127885,0.08215626,0.17462035,0.06156714,0.09213512,0.09688975,0.05987964,0.11572175,0.06900737,0.06561208,0.15652827,0.10348416,0.06231566,0.08614042,0.12712622,0.06919962,0.13044781,0.08281891,0.10681012,0.19166268,0.11302638,0.06600449,0.26301526,0.11526551,0.05356126,0.16593485,0.10790373,0.12600221,0.25419804,0.12201998,0.23029127,0.36036689,0.2355752,0.073561,0.43217883,0.33606728,0.02031264,0.20506839,5
0.13428931,0.46549069,0.07257307,0.20116598,0.29997635,0.1430952,0.69446006,0.15341085,0.4752248,0.3081836,0.22931958,0.18550732,0.15549073,0.46678928,0.12892991,0.09600917,0.2539752,0.28393578,0.11607738,0.05710009,0.18408956,0.1950964,0.13419378,0.14215683,0.0621387,0.1921773,0.06885362,0.1853151,0.22010262,0.12127976,0.14198586,0.18911227,0.0870096,0.06106431,0.10250295,0.16373863,0.07522066,0.08460824,0.18342049,0.13004341,0.19907309,0.03467777,0.10339985,0.08910435,0.10116113,0.08033835,0.09154598,0.09149892,0.09944951,0.11719028,0.21258382,0.13639703,0.08395667,0.15212075,0.08520974,0.11491079,0.13159149,0.20262105,0.18152764,0.09934744,0.25129013,0.14791826,0.11819615,0.07395828,0.1897728,0.185417,0.07414775,0.08026021,0.25621237,0.15024036,0.0948903,0.01487349,0.241605,0.08272181,0.07661377,0.09189001,6
0.14419712,0.27464747,0.4634559,0.09643886,0.29519378,0.22048549,0.06535707,0.35658206,0.15214443,0.10731279,0.17844186,0.24781366,0.13752847,0.24601311,0.09146192,0.12823632,0.12234099,0.15638751,0.1335001,0.11630327,0.09191742,0.15575726,0.11029837,0.12068078,0.07794099,0.08085618,0.07078563,0.1617321,0.11098664,0.03897929,0.11457599,0.04527229,0.03364857,0.13481872,0.06597396,0.02232496,0.10761827,0.0059476,0.0421876,0.08326225,0.0181664,0.02383113,0.11978552,0.02961285,0.03559854,0.0706947,0.0547554,0.05708656,0.08250234,0.03027847,0.03697863,0.09307583,0.06322296,0.06076245,0.13239141,0.08787008,0.09793384,0.10624904,0.14370256,0.09484739,0.12300665,0.108583,0.0891215,0.02686811,0.15685666,0.08391438,0.12766968,0.22255968,0.06068285,0.07164172,0.16366971,0.25275724,0.24284658,0.43898468,0.27396174,0.22220775,3
0.29814537,0.54658134,0.44962959,0.29063635,0.27074504,0.09286114,0.25524363,0.3164497,0.20478467,0.09154604,0.25753493,0.14907458,0.22789737,0.13909478,0.2175087,0.05033265,0.20782689,0.10254748,0.0719526,0.04263614,0.20689543,0.1276571,0.1096129,0.10764321,0.20050224,0.07321991,0.08762082,0.12268054,0.10097544,0.01307632,0.12298955,0.12262409,0.09032831,0.10747049,0.15032258,0.10366903,0.01993515,0.09355057,0.14449316,0.05555556,0.03636921,0.11796709,0.13259115,0.01142117,0.13586013,0.08636347,0.02595642,0.10226833,0.05016918,0.072668,0.11713448,0.08836873,0.1488833,0.1433402,0.07756199,0.10233528,0.11344942,0.03665084,0.13694446,0.13355595,0.13961932,0.19910576,0.16296401,0.05202068,0.21300587,0.10703172,0.1209027,0.0687115,0.05984356,0.28667166,0.22481421,0.16727337,0.4146934,0.37602738,0.1655015,0.23846864,8
0.12962451,0.46841216,0.13471591,0.14726042,0.08223792,0.09291926,0.56351965,0.17816428,0.47618668,0.05060896,0.17663486,0.09200893,0.26960781,0.1747941,0.1593543,0.16268782,0.01987861,0.07265428,0.10375703,0.11762474,0.15662183,0.05570807,0.10245318,0.0266708,0.12360337,0.1132488,0.0817904,0.08422011,0.10088812,0.14752038,0.12981218,0.04196139,0.09737521,0.12807096,0.17067235,0.07454171,0.06537594,0.0816449,0.06268931,0.10269929,0.05165772,0.07560874,0.09992091,0.00712488,0.1074074,0.11858374,0.05892198,0.03992923,0.12436827,0.09977813,0.0276603,0.03960892,0.1086549,0.11063923,0.06204997,0.03654649,0.13412669,0.11226924,0.07251708,0.06387305,0.15128246,0.1045612,0.06002296,0.07567878,0.16672889,0.03575619,0.01128862,0.07497259,0.10094737,0.09720847,0.16656731,0.18512826,0.24005359,0.21120815,0.15426629,0.12560509,6
0.21095572,0.4645866,0.16249346,0.22681806,0.13379791,0.15466393,0.66704808,0.2441075,0.49080537,0.22535566,0.05444835,0.12814551,0.18410269,0.36394487,0.20281204,0.06621267,0.13596514,0.11132125,0.1839205,0.08415237,0.10318581,0.26944452,0.03902611,0.06097067,0.07815158,0.12788288,0.20114784,0.06829585,0.18018684,0.0632328,0.14133867,0.03596422,0.05344548,0.23366496,0.04377986,0.12372518,0.06715456,0.09181256,0.10761593,0.12264543,0.06965491,0.10537604,0.11806643,0.08046823,0.03973776,0.05829794,0.06035655,0.03139171,0.00636471,0.0748431,0.06805781,0.03009417,0.04799577,0.03078459,0.0447545,0.02726853,0.09447249,0.09524807,0.04864306,0.07430104,0.12365191,0.1349763,0.04027052,0.10949081,0.16356376,0.1311943,0.04479898,0.12301227,0.18761478,0.08165655,0.11120578,0.09293772,0.16278534,0.05969969,0.05392466,0.02695286,6
0.0542642,0.15538929,0.09473789,0.31892794,0.55542349,0.02341572,0.40999523,0.08694755,0.43874158,0.10707864,0.08548686,0.16697474,0.05952518,0.33565554,0.15842466,0.02650654,0.15277943,0.08497963,0.05020072,0.09547603,0.07514636,0.06246596,0.06549911,0.15455535,0.0666374,0.03779644,0.10473249,0.07244333,0.01840994,0.07771694,0.07626015,0.0227369,0.08033429,0.09842152,0.02363752,0.04996453,0.06527592,0.07302372,0.01658004,0.05593191,0.07157505,0.00720226,0.07998261,0.04735651,0.04814221,0.02859514,0.07100431,0.07625258,0.07199542,0.07769568,0.05438175,0.0391881,0.03783939,0.05597375,0.0687397,0.11536414,0.07278767,0.10423208,0.06794617,0.06170481,0.03719826,0.10796995,0.04227947,0.17608707,0.05746175,0.13589232,0.06561103,0.07866883,0.05063077,0.244618,0.06087085,0.36841027,0.03775115,0.41559283,0.0377865,0.35635707,1
0.1798553,0.21983976,0.38751197,0.28641458,0.46575827,0.09262139,0.41443825,0.39346422,0.09185675,0.13758086,0.20771324,0.13280738,0.39402556,0.20883393,0.20220093,0.06666965,0.05800445,0.14888971,0.1937949,0.06756143,0.07357057,0.17177876,0.17358516,0.12049803,0.18802413,0.05987902,0.05423621,0.18149672,0.08777897,0.08877122,0.10426664,0.09291681,0.04662154,0.08681585,0.07578604,0.07234075,0.06797707,0.17146106,0.03582998,0.1459194,0.06756361,0.09907056,0.05792931,0.07033742,0.08320033,0.02532961,0.07567266,0.05915991,0.07933638,0.0708547,0.08421298,0.03595265,0.09934014,0.06442272,0.16053101,0.02522521,0.09161536,0.06226154,0.07430727,0.10115003,0.07519626,0.13356187,0.11598943,0.23598618,0.03015129,0.13577515,0.32452477,0.14217757,0.27657737,0.20269052,0.24341174,0.21736102,0.13666758,0.37852688,0.17261364,0.19797457,3
0.33575265,0.3193882,0.4077525,0.28908134,0.44165761,0.10684155,0.18850572,0.27233387,0.31500174,0.14003959,0.36148828,0.13556661,0.153972,0.09634519,0.22442128,0.17119991,0.25618779,0.23932902,0.10589574,0.12338877,0.09190378,0.13430602,0.27473289,0.26049897,0.14496285,0.10105854,0.06934709,0.07448797,0.30563276,0.17551699,0.06379711,0.01719077,0.1034204,0.15077196,0.06951933,0.15384356,0.03401389,0.11375538,0.06705663,0.10074762,0.09709859,0.08110574,0.11655462,0.18505852,0.07727835,0.08524658,0.09789384,0.03288255,0.12192822,0.10447614,0.04083176,0.01320625,0.08951457,0.06727061,0.076098,0.05967277,0.07994075,0.14220346,0.095251,0.03324554,0.20727545,0.10272547,0.03687774,0.02445609,0.13307285,0.11939801,0.09444656,0.12406557,0.21746148,0.15199353,0.21846293,0.17572728,0.20361414,0.22915549,0.13246663,0.17606171,7
0.29924714,0.63406439,0.38598372,0.4422264,0.19139685,0.04491656,0.23430989,0.2195899,0.13800028,0.17266141,0.19542289,0.12501078,0.18487074,0.11386916,0.08809348,0.13957513,0.21879798,0.09614132,0.11909753,0.18493709,0.17209442,0.10331184,0.15620728,0.06092307,0.06500711,0.15366311,0.17286266,0.03424972,0.08037456,0.18585993,0.13957265,0.07772572,0.12237974,0.02832072,0.05140413,0.14573843,0.1463187,0.03178102,0.07614998,0.16874125,0.11471846,0.04429602,0.10312154,0.06913797,0.06182423,0.04456432,0.12554155,0.11833573,0.14075059,0.13442929,0.07072765,0.06062178,0.06232924,0.04500048,0.13868266,0.10734956,0.15769394,0.17149359,0.06580045,0.02139395,0.07467225,0.07187119,0.15810626,0.11376734,0.20096158,0.22496604,0.06809865,0.06521331,0.10554487,0.13535925,0.16752957,0.16958768,0.37106185,0.37497597,0.25690342,0.29491103,8
0.20387401,0.50619877,0.28935052,0.19517574,0.15528774,0.09612928,0.2763504,0.36953063,0.35708201,0.20953915,0.18157796,0.02725075,0.07292357,0.06298288,0.20064957,0.14158035,0.08998774,0.1938315,0.19932849,0.17100621,0.09229797,0.07613493,0.19453182,0.11396182,0.13563219,0.02307164,0.03913685,0.12753692,0.0655358,0.1440327,0.01063548,0.04705957,0.10335151,0.08564785,0.12261145,0.02144196,0.07553342,0.09474339,0.08639844,0.12702695,0.03733414,0.11196758,0.09510521,0.06587292,0.15434819,0.13305197,0.04693776,0.04936481,0.12605458,0.09070874,0.03344243,0.04976207,0.1820478,0.14199617,0.03017527,0.10143316,0.17089149,0.09525915,0.07334167,0.06995312,0.19814951,0.09373526,0.01340591,0.06860355,0.16423885,0.06257935,0.05006663,0.05242352,0.17625173,0.17998343,0.10948901,0.1292241,0.21988539,0.21044913,0.26229814,0.26824914,2
0.16238772,0.44789402,0.40820325,0.19819813,0.17709965,0.24110714,0.07010483,0.30283916,0.24329094,0.20839389,0.01632274,0.24698674,0.0464395,0.17143558,0.11111753,0.15610321,0.09059958,0.12529821,0.11631611,0.1028015,0.13703117,0.06949967,0.08652353,0.0528484,0.06486653,0.10757246,0.04506792,0.06647539,0.06421213,0.10174439,0.00557068,0.06495091,0.03281465,0.0686067,0.03952839,0.06207094,0.04154199,0.08132953,0.01938624,0.03956074,0.09553496,0.07049377,0.08428995,0.05572543,0.06148407,0.0878832,0.05156466,0.11300541,0.04199248,0.09772781,0.10860368,0.06467988,0.0927657,0.09992901,0.1250861,0.05662954,0.16977531,0.0452374,0.10546345,0.08363673,0.12284382,0.11983165,0.05451634,0.06770387,0.05794398,0.05792435,0.19757421,0.17410039,0.10910454,0.05810568,0.22612118,0.21853068,0.34755459,0.4811818,0.1063681,0.36069334,3
0.1456088,0.15336108,0.13453217,0.31523178,0.09006414,0.12744884,0.31289356,0.14489568,0.27004434,0.06229406,0.06550759,0.13733539,0.13416762,0.0511566,0.03013274,0.03457806,0.04230704,0.11327374,0.11429347,0.05666939,0.049392,0.02546718,0.05906574,0.07676662,0.08592607,0.06676865,0.01889249,0.0272536,0.00831008,0.08642,0.07566866,0.06846298,0.01938561,0.04590916,0.07430044,0.07406912,0.09155617,0.02148009,0.01775469,0.08138599,0.05954114,0.07151899,0.02285451,0.03587296,0.07081549,0.06155778,0.01159862,0.06807225,0.04633144,0.083399,0.04377956,0.04546779,0.03227321,0.07491234,0.0551553,0.04311015,0.04859153,0.04991072,0.06921393,0.02409489,0.07274276,0.08006265,0.05827117,0.05661651,0.09385854,0.07038121,0.03736496,0.13936009,0.09151534,0.07370138,0.04700649,0.22561717,0.08087585,0.3671556,0.07989647,0.36300059,9
0.04011647,0.32993249,0.03241278,0.12136049,0.38268995,0.03324924,0.44938228,0.04561725,0.36650905,0.21289816,0.01214415,0.03915898,0.03979641,0.24106453,0.03262604,0.01993675,0.17490073,0.01835289,0.16782633,0.08706709,0.03321817,0.10244877,0.03511313,0.07287417,0.08024471,0.03111985,0.03159468,0.03901233,0.10095399,0.01998095,0.02322891,0.07272596,0.02769079,0.06560079,0.03472553,0.04269802,0.04899145,0.02295622,0.03595857,0.04880319,0.02453904,0.01141753,0.04984252,0.0762265,0.04004822,0.02761577,0.03353993,0.0372802,0.02538306,0.0377713,0.05915307,0.04823463,0.0435966,0.05735605,0.05123602,0.06276067,0.03461018,0.01699896,0.06988091,0.07590552,0.04157295,0.08412721,0.04891264,0.07939547,0.04011238,0.15463155,0.05730983,0.1761597,0.03455802,0.02289619,0.0249193,0.20387179,0.00813569,0.43985206,0.06698107,0.38182932,1
0.3206561,0.24730805,0.39099288,0.25387502,0.28786971,0.19579109,0.37544701,0.36581436,0.15535543,0.07895279,0.04365291,0.19191347,0.30969919,0.16391433,0.05011007,0.15756508,0.09762775,0.05903466,0.15646403,0.13318812,0.03487802,0.10410324,0.14559531,0.05277954,0.03857535,0.1238456,0.07454017,0.04066351,0.10603677,0.15134723,0.01699259,0.0721394,0.07782956,0.04964281,0.02951835,0.09017208,0.07488206,0.01866247,0.08532627,0.1010126,0.04466604,0.04975496,0.09286377,0.06523057,0.05676032,0.16570545,0.02989382,0.06321929,0.16989816,0.03889015,0.08571822,0.05996552,0.04240924,0.10674972,0.08175478,0.11805441,0.12320587,0.06142599,0.13168936,0.05696158,0.06542822,0.1066228,0.08896037,0.17834177,0.08630327,0.13361777,0.22859659,0.19224363,0.17986822,0.2874347,0.18672579,0.05967902,0.2906165,0.21193729,0.03763363,0.14769745,10
0.03993913,0.09226497,0.10906692,0.24746295,0.57160805,0.04424561,0.42785334,0.07749446,0.38075729,0.09649084,0.0246046,0.26351761,0.02298545,0.39778239,0.19072944,0.07672419,0.09586693,0.05767877,0.12510343,0.07343807,0.00475003,0.10387538,0.103284,0.1359591,0.10516308,0.09794634,0.06069511,0.02813224,0.08597766,0.041633,0.00794072,0.04111133,0.08867473,0.05635572,0.05816137,0.09637144,0.04709085,0.02333852,0.00692222,0.00996212,0.01126486,0.02341467,0.0756817,0.03647209,0.1087441,0.06741514,0.03700157,0.02582667,0.03090374,0.02818938,0.10741097,0.08257683,0.10504927,0.09360565,0.02943545,0.09105612,0.03476547,0.06660915,0.11860863,0.07990802,0.09884494,0.15083027,0.07587992,0.13834024,0.03295513,0.1300427,0.08033675,0.09866058,0.0660395,0.27728149,0.03062703,0.33896857,0.02739609,0.45167351,0.03304641,0.3069531,1
0.16642531,0.13683031,0.22866534,0.12862526,0.19987265,0.21485864,0.52540319,0.33385063,0.23505773,0.132505,0.11611041,0.16156605,0.06675805,0.41363214,0.12495523,0.15718762,0.09040896,0.14687981,0.09096103,0.11181957,0.10415525,0.04972254,0.12369629,0.10529428,0.12859396,0.02322283,0.14014611,0.08268578,0.09233601,0.05387602,0.1304394,0.09271918,0.07584659,0.09644446,0.1128491,0.12052115,0.06592429,0.06566366,0.07020162,0.13569844,0.05216756,0.09604161,0.05376221,0.08660557,0.06834599,0.10078181,0.01803787,0.10561922,0.08771927,0.08433511,0.09529852,0.03644313,0.12422732,0.05977231,0.06572656,0.062807,0.05529553,0.13320203,0.03972622,0.06787002,0.1547371,0.02209413,0.11178686,0.10247263,0.09388003,0.10715908,0.10871104,0.18220418,0.02702575,0.22961169,0.2643826,0.1874952,0.33126689,0.25878604,0.13058751,0.09152764,7
0.30303756,0.53406832,0.39084418,0.3129049,0.25537206,0.19791186,0.26473818,0.39997002,0.2031554,0.12979729,0.17037282,0.25711856,0.19940643,0.20409306,0.094314,0.16063181,0.11187109,0.1353689,0.0818395,0.12093694,0.04459298,0.09260563,0.07849252,0.14674009,0.06377568,0.0513372,0.02740454,0.09176984,0.1242729,0.03537501,0.02444551,0.03913045,0.03682596,0.111075,0.0371721,0.02537579,0.0570327,0.06886955,0.03152921,0.00780987,0.05535022,0.05054489,0.06039758,0.02883135,0.03422266,0.04736734,0.05655779,0.0945225,0.02541861,0.07120306,0.0763045,0.07325055,0.07586896,0.07354758,0.08034802,0.08601241,0.09219266,0.07830855,0.10110606,0.21108913,0.08799389,0.12079297,0.17244895,0.0536218,0.14351625,0.08938507,0.13438763,0.28011816,0.03495566,0.31104635,0.38309636,0.28759157,0.39704157,0.45274841,0.17542487,0.22155549,8
0.19580109,0.07993003,0.14315443,0.23669698,0.1482698,0.10326679,0.36791806,0.22482723,0.27866645,0.04846929,0.09591436,0.06700904,0.08639213,0.18171404,0.06741239,0.09491505,0.01561538,0.04653849,0.13396433,0.122784,0.04405122,0.02680228,0.08982556,0.05836573,0.09377121,0.01372736,0.07466471,0.06302905,0.0050328,0.08098616,0.0382111,0.09090717,0.02133894,0.02474145,0.09167576,0.1057982,0.05240699,0.01289655,0.04695424,0.06099842,0.10186284,0.04587708,0.05046996,0.03471358,0.11214063,0.05132592,0.03049435,0.03209088,0.05310416,0.03923628,0.07741438,0.07559878,0.07113531,0.09097098,0.03644505,0.06814874,0.05742261,0.10855163,0.04624185,0.05653986,0.05579163,0.02309907,0.02142578,0.07297277,0.03295237,0.08404254,0.0934318,0.09275435,0.09819874,0.05300661,0.04377112,0.32205192,0.10117375,0.41746777,0.1470094,0.22018178,9
0.27813666,0.58710531,0.26120378,0.33762357,0.09843032,0.20408267,0.49577056,0.41723657,0.35188743,0.18965027,0.12206769,0.1516639,0.18540347,0.13180396,0.16214361,0.13870253,0.11377832,0.19936863,0.1237066,0.13906432,0.10594664,0.16553068,0.06477674,0.07298297,0.15693733,0.16459095,0.14065465,0.06265373,0.02590942,0.12593092,0.16156581,0.08105726,0.08027479,0.12674248,0.11311376,0.07317029,0.03249306,0.13405604,0.09879549,0.14463213,0.08242573,0.09820897,0.09002897,0.02471325,0.14177744,0.13549228,0.08763796,0.05011488,0.11915128,0.0632806,0.02615675,0.04783843,0.1320564,0.03576758,0.02803625,0.00851891,0.08852163,0.06485243,0.07534575,0.06460493,0.04641111,0.09098945,0.03390752,0.05767754,0.14687311,0.18233329,0.18529831,0.15273353,0.20361652,0.15106926,0.12549777,0.02402005,0.12786193,0.06421613,0.08886402,0.14971622,4
0.26243973,0.35899115,0.2895642,0.16544759,0.36329401,0.15806509,0.42203801,0.30663724,0.29602235,0.05166321,0.06112698,0.22252987,0.29133221,0.14446274,0.08376614,0.12626678,0.09801665,0.14440262,0.15641211,0.09666135,0.07597129,0.14659794,0.1266805,0.05923416,0.09507093,0.14378397,0.08087687,0.1326317,0.14460598,0.12209024,0.06542821,0.12621956,0.11364705,0.05679795,0.02094206,0.08999245,0.11334261,0.09012312,0.082845,0.04555912,0.06069578,0.1132812,0.08423066,0.07432445,0.0247751,0.0996676,0.07064898,0.07024295,0.09171249,0.0897866,0.10467331,0.08226622,0.08051696,0.10029911,0.0746414,0.13988256,0.08336706,0.09859398,0.1261719,0.242606,0.09595821,0.09083507,0.21883264,0.22563346,0.08660714,0.23906024,0.2539458,0.0898905,0.29579336,0.25627069,0.09644443,0.1097703,0.29510037,0.08259889,0.08602777,0.14847192,10
0.20992916,0.02058373,0.06624162,0.23923444,0.11448321,0.07610338,0.35256365,0.23863465,0.26393984,0.07062295,0.06802396,0.09163599,0.06957562,0.14588061,0.04207627,0.08038432,0.06429262,0.00623239,0.07219163,0.04957635,0.07493116,0.05631018,0.04931496,0.07129252,0.0388288,0.0697894,0.03859711,0.05979421,0.08404918,0.04927973,0.05912923,0.03221911,0.04352836,0.08981361,0.08750099,0.06252543,0.0398743,0.01959668,0.04693923,0.09439008,0.0607843,0.0463634,0.05243879,0.00723197,0.05368377,0.05732145,0.05551162,0.0193506,0.06231746,0.03716467,0.04186011,0.00868246,0.07033991,0.04359033,0.0236326,0.06537274,0.06509273,0.03960022,0.05789044,0.09962038,0.07236726,0.04512088,0.03550254,0.05302956,0.08184545,0.05086173,0.00964101,0.10708347,0.06834564,0.06417871,0.06273649,0.15235624,0.07775182,0.37122981,0.21556142,0.27147744,9
0.12233446,0.173754,0.4252847,0.04383481,0.26888135,0.26439253,0.51045972,0.11309681,0.2482106,0.10631883,0.2519514,0.19869112,0.11512362,0.31059092,0.0466166,0.01011926,0.07453571,0.27403064,0.14235653,0.19127018,0.1100153,0.093067,0.05526579,0.09969979,0.0762267,0.13974415,0.11370899,0.02630829,0.1021379,0.08357732,0.12229491,0.07978308,0.12480504,0.08702653,0.08566713,0.02597707,0.09920914,0.11379139,0.08821455,0.11543047,0.04026514,0.05619477,0.0151289,0.12104565,0.1296258,0.06909155,0.12236491,0.08117371,0.16965895,0.07879168,0.09203054,0.15074756,0.14996955,0.16673211,0.14157753,0.03156715,0.05108887,0.12433012,0.06929639,0.08125192,0.19172843,0.12104582,0.15006882,0.13843906,0.12348467,0.03526225,0.14366485,0.19243741,0.24422257,0.27268481,0.1493586,0.13136483,0.15202297,0.19422168,0.24514792,0.06572491,10
0.19109263,0.55369776,0.0079055,0.38283061,0.24941847,0.35116321,0.42892793,0.40130035,0.19240388,0.14342674,0.20871496,0.16558242,0.30490278,0.21312955,0.08000468,0.10868104,0.1500776,0.22079112,0.30479678,0.11263383,0.03464363,0.08522886,0.14862391,0.17298718,0.08956102,0.06722824,0.1039879,0.0678817,0.090413,0.03720392,0.05775961,0.07633593,0.06971186,0.09415515,0.05561376,0.06098414,0.05439973,0.05894295,0.07752502,0.0466653,0.08214404,0.04993445,0.062023,0.08415917,0.04932845,0.06375442,0.05303534,0.07830708,0.08838224,0.04995158,0.03749663,0.0688058,0.08387112,0.04548584,0.0866247,0.05005166,0.04814273,0.06221838,0.11288804,0.09680171,0.07373859,0.09042569,0.05859164,0.06719986,0.06346784,0.18648335,0.13522707,0.20869174,0.11477475,0.05013813,0.10225018,0.21415662,0.40202248,0.31038961,0.51043155,0.25301476,4
0.20212988,0.42927392,0.11606999,0.15271335,0.25892067,0.20427762,0.68741141,0.24800468,0.40112865,0.31568671,0.14173025,0.19747881,0.2325224,0.50004019,0.13334126,0.07239608,0.33962601,0.15631257,0.07171084,0.08933156,0.09067662,0.10866252,0.09095123,0.25666585,0.06776131,0.23256694,0.21978484,0.1800921,0.02667712,0.05082386,0.13884357,0.14132078,0.12513821,0.1665304,0.10647016,0.20423838,0.13187925,0.03820347,0.10886667,0.15648911,0.18033437,0.08655173,0.20067305,0.16243792,0.04070832,0.02904113,0.05209939,0.11902096,0.04905666,0.1046297,0.0834462,0.05850528,0.04990923,0.07956921,0.10447366,0.09022511,0.15229911,0.14965822,0.10081853,0.08324775,0.18525984,0.12225551,0.05635181,0.05672707,0.15538923,0.16524857,0.11737614,0.06559142,0.24191552,0.1189795,0.06575197,0.07396727,0.19457562,0.06654279,0.04808111,0.06694094,6
0.05925372,0.50118177,0.33594276,0.28543214,0.44931738,0.20915762,0.52033479,0.23612641,0.50219365,0.30965997,0.24846501,0.21346127,0.17083196,0.18761195,0.20900392,0.16677961,0.19981136,0.05515663,0.10631805,0.10260126,0.26022611,0.1743775,0.10542692,0.07767707,0.1190651,0.18073205,0.1014916,0.01933316,0.10013394,0.10768631,0.16748434,0.07462438,0.02085049,0.15923519,0.10054196,0.115937,0.04462202,0.04623843,0.15575048,0.10523241,0.07645823,0.08014325,0.06806407,0.14377245,0.09609571,0.14427966,0.05629937,0.07044558,0.08428971,0.10622368,0.14897441,0.10176435,0.05927424,0.1014066,0.15283828,0.10454871,0.06735782,0.08246677,0.19978396,0.17566338,0.07971774,0.04896963,0.20904306,0.10427112,0.23590107,0.12389795,0.21448851,0.1589089,0.13219658,0.11235269,0.16986874,0.06921771,0.35054319,0.08599387,0.22804432,0.04833341,5
0.2726263,0.29348941,0.29118383,0.23635543,0.36480979,0.15501602,0.44477143,0.33596725,0.30333765,0.05005936,0.10951181,0.21905869,0.31091638,0.17288431,0.16306145,0.08233099,0.04943949,0.15666381,0.15111561,0.0325787,0.07442399,0.13951239,0.05791779,0.0301922,0.06898539,0.14436354,0.1085014,0.06989067,0.07588276,0.10675503,0.11183405,0.12681758,0.08163833,0.02616002,0.09776815,0.13938812,0.0335987,0.05005172,0.11552598,0.14023495,0.03408071,0.05375628,0.09003509,0.06583989,0.07410309,0.01926286,0.0234347,0.10915117,0.05487222,0.01474582,0.10535265,0.1790205,0.04989031,0.06732358,0.18940464,0.07620014,0.01828345,0.20787804,0.07019904,0.20230972,0.1875964,0.09039362,0.24620505,0.17704384,0.07995534,0.27965,0.2242021,0.12097035,0.30929336,0.26667446,0.08156042,0.08994971,0.28391776,0.12654299,0.05672593,0.11817199,10
0.17507199,0.74411296,0.12450895,0.68182034,0.08004715,0.13680385,0.23501546,0.1634864,0.26871256,0.0970961,0.12400171,0.21135143,0.07974524,0.21379133,0.1147297,0.1076792,0.151087,0.09485934,0.09316802,0.12753607,0.13077892,0.13118557,0.07465475,0.05527071,0.13318882,0.13332887,0.11235347,0.08719145,0.03952862,0.131471,0.1412511,0.10449295,0.07583883,0.05253951,0.12369589,0.15134296,0.10050585,0.07294618,0.06224305,0.11221907,0.14577088,0.10981676,0.06996922,0.08005984,0.08115567,0.07429378,0.07319603,0.06939196,0.09591213,0.07376626,0.06303852,0.07039911,0.11024237,0.09034697,0.05368023,0.07609763,0.12345899,0.088418,0.06513066,0.05740427,0.14240036,0.09815678,0.1010506,0.07584206,0.14232161,0.10076506,0.07044405,0.07478607,0.16052311,0.0786632,0.1284759,0.0365167,0.15448203,0.09583379,0.11086581,0.13276748,2
0.05899561,0.15561178,0.1001093,0.27380091,0.55030735,0.06381186,0.44150527,0.10276037,0.38180375,0.11679833,0.03336916,0.15495494,0.07633856,0.27817176,0.16314945,0.06233861,0.17719058,0.05972904,0.04743616,0.09864977,0.04828815,0.07625225,0.07751541,0.1501879,0.07642458,0.06995866,0.09805747,0.07154531,0.01956641,0.07263478,0.0662273,0.02774285,0.06660184,0.09852354,0.04117432,0.06419564,0.07307366,0.07371393,0.0185313,0.04489859,0.06913596,0.036439,0.05304141,0.08186228,0.0709461,0.03557919,0.0411635,0.08380706,0.05367262,0.06681489,0.06889102,0.02368392,0.06884024,0.05626462,0.05543913,0.08961584,0.05258333,0.08451785,0.06385605,0.09776487,0.057684,0.1277931,0.01866585,0.17883237,0.03628322,0.13437475,0.02896572,0.1287483,0.03486296,0.26327201,0.07789977,0.39326458,0.02304885,0.39040514,0.13459983,0.34026573,1
0.34385299,0.46383208,0.44449779,0.21836352,0.3530924,0.17703385,0.33490947,0.3999491,0.40469233,0.04614377,0.25279336,0.15539995,0.17503291,0.080546,0.25128278,0.13391907,0.09653687,0.05015342,0.05887784,0.15900158,0.07031378,0.09639224,0.11947343,0.06174484,0.04535889,0.09968235,0.14303108,0.03945364,0.14724832,0.12811374,0.16318462,0.03235854,0.14424971,0.09375804,0.15160592,0.05286823,0.14846375,0.12979112,0.0563569,0.03401978,0.15413151,0.12518552,0.01165362,0.09067475,0.15627538,0.11405227,0.08360378,0.02817008,0.13059028,0.08651813,0.06997836,0.14660224,0.04653424,0.098427,0.20648394,0.15702551,0.13369667,0.25731211,0.14055968,0.03243098,0.24699745,0.13226763,0.04694389,0.24568063,0.06747603,0.16088098,0.30143429,0.18605956,0.24736246,0.37491677,0.29556964,0.06056859,0.44108586,0.28757518,0.10904757,0.23009025,8
0.23443747,0.26936079,0.26917186,0.11193208,0.31554074,0.1693481,0.4436278,0.33915907,0.29142446,0.08631406,0.09046908,0.24809365,0.28000787,0.19565566,0.10962999,0.10905668,0.05076962,0.18430375,0.17393339,0.08499885,0.05280019,0.16607857,0.01683836,0.00158288,0.03535043,0.14731781,0.07400776,0.07337856,0.10965998,0.13287696,0.09526737,0.0878276,0.06139545,0.08082554,0.10030738,0.1156994,0.05840678,0.0463936,0.10287491,0.12495055,0.04589715,0.02387203,0.10793832,0.04547371,0.09594207,0.06633069,0.03626371,0.11967681,0.09997368,0.02366396,0.14408052,0.13824707,0.02629383,0.12972303,0.12857227,0.1608413,0.10097247,0.13487636,0.19559068,0.12050668,0.12553456,0.19752376,0.10980825,0.09310741,0.17208865,0.12810988,0.19012844,0.13970151,0.17577194,0.29190195,0.18672681,0.10451429,0.31374883,0.22135684,0.09163066,0.15010423,10
0.10817624,0.1614085,0.30080463,0.11511057,0.0426094,0.14452876,0.43578053,0.22434781,0.41339056,0.08186265,0.17614099,0.13489007,0.06074052,0.11491253,0.12585442,0.11399948,0.03430024,0.10448157,0.17430645,0.14211531,0.02975768,0.04394253,0.15702939,0.09162275,0.10859734,0.08296826,0.06330859,0.08725887,0.02932745,0.07472564,0.11378545,0.02947562,0.02136456,0.08312395,0.12816391,0.08676051,0.01769194,0.0386281,0.06842338,0.16277936,0.0420286,0.06227995,0.04742371,0.03017467,0.08942173,0.09151259,0.07117751,0.04763057,0.12386947,0.01183612,0.05197944,0.06838238,0.13173648,0.04688838,0.01449026,0.04319347,0.08359778,0.07961657,0.02224364,0.06445495,0.0327651,0.09449774,0.05948456,0.01976818,0.08971963,0.09420893,0.13889599,0.12052394,0.18682669,0.09578593,0.08939519,0.14267871,0.26254352,0.29397514,0.25185881,0.14597565,7
0.21393327,0.40606118,0.46470448,0.11357039,0.24357593,0.22422443,0.11643169,0.37970063,0.22695224,0.23797812,0.09332064,0.23100884,0.02524496,0.22785572,0.01403405,0.20836669,0.02024514,0.21516596,0.03199432,0.152522,0.05913199,0.16199319,0.05398037,0.15096574,0.11717195,0.08266033,0.05656583,0.07582012,0.04303322,0.02207547,0.0583616,0.04798667,0.04978176,0.03869263,0.06451545,0.02823973,0.05596994,0.06109859,0.09747293,0.035139,0.07154746,0.07513858,0.06105375,0.08249639,0.06946059,0.08458643,0.05645144,0.12346506,0.06537048,0.04236533,0.18490983,0.0721793,0.11437062,0.12708356,0.09570862,0.19751009,0.04803891,0.19207144,0.11335377,0.09397714,0.14147648,0.05635891,0.08935228,0.19225293,0.19375068,0.14209187,0.11876068,0.08608495,0.1369847,0.11364286,0.3641304,0.22812615,0.39122123,0.48705672,0.08115256,0.27681665,3
0.27960997,0.44232053,0.48455336,0.18181136,0.22069752,0.16983812,0.114055,0.3099301,0.22477669,0.21227079,0.11615593,0.2079649,0.00142364,0.1649262,0.0626586,0.22235139,0.02934398,0.17967305,0.02377967,0.21079129,0.04017174,0.182157,0.04744173,0.14979346,0.08504425,0.12841897,0.02861855,0.12306716,0.06818778,0.0787317,0.0450252,0.08924316,0.0231333,0.07173519,0.10324162,0.07682871,0.0520647,0.05466841,0.05760905,0.05693397,0.08517548,0.03753636,0.05807247,0.04043707,0.14392889,0.05946222,0.07865662,0.13239681,0.0410234,0.1094029,0.13583433,0.03440877,0.11570133,0.06766876,0.15645452,0.19230064,0.12645863,0.20519032,0.07483402,0.11333734,0.11871497,0.14742058,0.12662069,0.15904771,0.22299663,0.10142875,0.10461147,0.11600285,0.09476247,0.12270247,0.3528536,0.25662669,0.38228833,0.46712878,0.09213696,0.3157589,3
0.30255471,0.44905432,0.52531711,0.30440693,0.23478291,0.11996559,0.15490889,0.27422546,0.16592878,0.09331369,0.15107199,0.219741,0.13461563,0.21400904,0.13524754,0.15392039,0.09877117,0.17957012,0.04205027,0.06470714,0.12409938,0.1673018,0.06639918,0.05353925,0.16942603,0.14253283,0.06011516,0.0523607,0.0845423,0.09672503,0.0543227,0.08225411,0.10380709,0.04327087,0.07756861,0.12688265,0.11114078,0.02681676,0.09310947,0.148029,0.07617817,0.03157613,0.10905858,0.09697383,0.11530671,0.01149998,0.06451915,0.11402651,0.0428764,0.12788731,0.13507751,0.0777619,0.17129196,0.11249897,0.04165943,0.10816583,0.03565618,0.08273234,0.15527844,0.16837503,0.12865534,0.16432224,0.18431691,0.03684673,0.14301554,0.13182855,0.12773109,0.21648217,0.0695787,0.30275667,0.35396623,0.19434248,0.41643132,0.4526651,0.08207227,0.09110462,2
0.17528305,0.56829913,0.08119038,0.33466722,0.26110628,0.35901398,0.3795316,0.39262504,0.24667886,0.2701955,0.258168,0.04752452,0.26777867,0.21279415,0.20945736,0.13789778,0.10341374,0.1745497,0.21931737,0.21105826,0.14358577,0.07634852,0.12605482,0.13314142,0.13186575,0.16515568,0.07534584,0.05890812,0.17056615,0.11227681,0.09278064,0.05776844,0.07407215,0.15227742,0.11583376,0.09285018,0.06537502,0.03099,0.15045869,0.08829361,0.0611082,0.06371361,0.00902721,0.11711696,0.09664934,0.08743583,0.04547971,0.0890883,0.1354905,0.07943257,0.030751,0.13812742,0.13694174,0.08613979,0.02461875,0.11003516,0.1445936,0.06140755,0.05948664,0.13149251,0.14531724,0.11898793,0.04882566,0.08586102,0.09401955,0.08551914,0.05845132,0.19745952,0.20391868,0.07416273,0.08997387,0.16895755,0.27441082,0.17649434,0.30726678,0.24935249,4
0.10521238,0.15933528,0.05787383,0.22478541,0.03140509,0.08815342,0.3693908,0.14684678,0.26600485,0.01694446,0.07392345,0.15239323,0.0536903,0.09740056,0.01051018,0.07521236,0.03997891,0.02060267,0.17597958,0.0380112,0.08275723,0.0469933,0.0154131,0.1329767,0.06732815,0.08223274,0.04574777,0.01396084,0.04979815,0.09083972,0.08237389,0.02180647,0.0167716,0.01144928,0.10311815,0.08934913,0.03294242,0.02025333,0.04402489,0.1021808,0.09428723,0.0559,0.02546705,0.01490371,0.08154971,0.03685864,0.01233533,0.02447292,0.08379521,0.00710631,0.01324335,0.04497835,0.08871645,0.00900711,0.01004368,0.0369373,0.08616062,0.00776095,0.03558492,0.05423005,0.07479426,0.03313957,0.02338945,0.07206541,0.06497748,0.07064447,0.03137685,0.08369798,0.05957085,0.1528668,0.06053075,0.09689937,0.04458973,0.3237303,0.09517548,0.3730168,9
0.2158147,0.64241223,0.09462574,0.39117476,0.03873625,0.05445378,0.04216808,0.11868324,0.15154005,0.14317981,0.20273927,0.15521867,0.08110122,0.01204065,0.16203617,0.18860347,0.1358476,0.11273191,0.12030628,0.14098524,0.15757863,0.07335088,0.07019079,0.06635076,0.13322353,0.14126967,0.06381088,0.07506748,0.04926887,0.08944405,0.09151355,0.09114208,0.01558552,0.0240399,0.12570303,0.12427688,0.11748177,0.06428125,0.06608235,0.13229429,0.11133345,0.11531847,0.04869193,0.06686966,0.07462314,0.02949879,0.07444098,0.07031785,0.10318789,0.06023383,0.054702,0.03439274,0.10835679,0.0707189,0.05750551,0.05093487,0.16307028,0.08560426,0.02284735,0.07152488,0.1441943,0.0433178,0.05252316,0.0865326,0.1467516,0.09665667,0.07119355,0.00570854,0.08456207,0.16516062,0.15225426,0.08879671,0.14153588,0.46147094,0.10387996,0.51011553,3
0.01794436,0.30864409,0.15195464,0.15488419,0.20771575,0.10530259,0.62572964,0.2554813,0.38835447,0.14099742,0.28159743,0.30833156,0.10865417,0.35823012,0.13338298,0.18780521,0.08868504,0.17112512,0.29045795,0.18545476,0.18735783,0.05067866,0.03195183,0.09289874,0.16270285,0.18218922,0.1568696,0.15525318,0.12024869,0.08503847,0.12566527,0.0703711,0.03624341,0.14225244,0.13726464,0.18183,0.15873375,0.12449076,0.06226332,0.10953981,0.14147919,0.07181314,0.08983709,0.14189416,0.0818281,0.05141869,0.06837627,0.05998573,0.10580975,0.03930606,0.0826955,0.11337988,0.09038956,0.08366372,0.10807836,0.08201544,0.16392949,0.10836238,0.06019445,0.02108093,0.11314622,0.03915897,0.03579514,0.07671128,0.10454495,0.10055059,0.11634877,0.13800888,0.23504434,0.16731885,0.12607805,0.1607848,0.1807979,0.18181277,0.14094617,0.14141055,6
0.33048961,0.49623072,0.43085218,0.22699955,0.29878427,0.17835467,0.32011816,0.38998807,0.33281968,0.05847745,0.25928325,0.17577837,0.19785556,0.1637177,0.23849925,0.09614868,0.13461495,0.09733717,0.13374611,0.05413456,0.15718922,0.10022093,0.09370935,0.05464825,0.16623663,0.09735215,0.10338446,0.09824074,0.16727449,0.07649276,0.07155483,0.09884456,0.18524823,0.05366694,0.05403003,0.10065738,0.16623764,0.05306171,0.12712145,0.09062974,0.14371524,0.05318688,0.15882468,0.09254481,0.07101208,0.01941773,0.12482916,0.13129872,0.02948762,0.15530898,0.14586421,0.10310513,0.16912681,0.10582671,0.08385268,0.15178918,0.04948533,0.13341979,0.18803329,0.17027478,0.19696385,0.19897373,0.13266635,0.08009579,0.13846174,0.08618098,0.22169025,0.21042117,0.13858022,0.33303253,0.29322397,0.22504516,0.43279753,0.3514656,0.18226821,0.25875323,8
0.11211096,0.49655659,0.13689346,0.19162934,0.16204937,0.1555143,0.67985302,0.13850099,0.53464371,0.2172043,0.33418247,0.15119624,0.05542509,0.43494515,0.10950368,0.17639818,0.20523212,0.32486559,0.08476446,0.1713105,0.10048284,0.13105798,0.08275206,0.09947493,0.16922482,0.19991454,0.24965989,0.1747929,0.15273807,0.03462138,0.09302188,0.05860086,0.13395742,0.16842565,0.13795655,0.16638961,0.17505852,0.1519407,0.03660688,0.07580231,0.07804479,0.1616603,0.15869069,0.16798633,0.0764316,0.04071459,0.10119339,0.0392241,0.1149804,0.05539139,0.1328126,0.08286918,0.0606134,0.039637,0.04962831,0.09069897,0.1060992,0.13152334,0.05916014,0.13642587,0.09012344,0.12032073,0.04985521,0.06989709,0.08607662,0.08794586,0.14200604,0.12856636,0.25391562,0.12019046,0.13819637,0.12939103,0.20708675,0.07672881,0.10240255,0.07014676,6
0.10002981,0.54281884,0.02632286,0.33966156,0.18947293,0.15036025,0.59246408,0.11401085,0.5484974,0.35790936,0.16513395,0.18623022,0.01594793,0.16418139,0.21668865,0.03493655,0.16955717,0.16491601,0.26936182,0.09032082,0.13820897,0.22841904,0.09095007,0.1015103,0.15132572,0.1590358,0.08115989,0.08225914,0.1891418,0.09012377,0.0631688,0.12232538,0.13687888,0.12609906,0.08931971,0.13320922,0.06540009,0.09590882,0.1598429,0.03940582,0.12925938,0.12674333,0.04834129,0.09699085,0.02122692,0.13922625,0.12268611,0.16314009,0.14611604,0.12562905,0.08226282,0.10770644,0.17049818,0.13249015,0.18071117,0.07398164,0.03872642,0.19390759,0.0367885,0.08991801,0.21571226,0.18932635,0.15734332,0.04953905,0.09977368,0.09109136,0.10643899,0.0556457,0.12936344,0.19506643,0.08590408,0.0442233,0.18399559,0.1061765,0.12017119,0.12065814,6
0.10160496,0.49663516,0.35792149,0.26361884,0.53302634,0.19328732,0.5022479,0.31613134,0.42221797,0.37050552,0.12012217,0.12851947,0.25851021,0.22993203,0.2671033,0.10199246,0.07414674,0.28045839,0.07715331,0.27163875,0.0834168,0.0094994,0.24766922,0.03171143,0.14125604,0.09213023,0.11097324,0.24871967,0.0987637,0.08374803,0.08916909,0.11990344,0.24496458,0.01226289,0.0630481,0.09210517,0.14182029,0.17147497,0.02077771,0.08415963,0.08250312,0.15147636,0.15356412,0.02455405,0.11039235,0.05864742,0.15169255,0.14434899,0.13777094,0.01760049,0.18130083,0.20081258,0.16598474,0.07969228,0.17891476,0.13124802,0.22386283,0.0431475,0.11135266,0.19681316,0.23766303,0.0166698,0.18894456,0.14756828,0.24675076,0.0944605,0.1300461,0.08810959,0.2214429,0.05442795,0.0647379,0.16373814,0.33563367,0.07838468,0.23243515,0.0833718,5
0.30044296,0.61789553,0.3022613,0.43228877,0.29017222,0.2777465,0.48414741,0.30033392,0.38350549,0.29822518,0.07919248,0.12047826,0.29528494,0.20101929,0.15530553,0.21130982,0.19071347,0.08702051,0.03960467,0.16613627,0.18360961,0.13316815,0.1500657,0.12796828,0.14874199,0.10063514,0.21076272,0.09815275,0.0697053,0.13161647,0.20378887,0.1067957,0.08520002,0.09229991,0.16865565,0.14349263,0.2029794,0.10058375,0.09184776,0.09043795,0.19147839,0.17340855,0.08021943,0.05305919,0.12251023,0.04823808,0.07814328,0.03352602,0.07378177,0.08516701,0.02605284,0.08740237,0.13907261,0.06659725,0.06244309,0.03404353,0.17810465,0.11746685,0.07447004,0.12565623,0.11061789,0.13664965,0.06769174,0.08477339,0.19239771,0.03835494,0.05399012,0.08676651,0.20445929,0.23075161,0.12646601,0.20713699,0.1386239,0.20549277,0.12605335,0.10655393,4
0.26617618,0.58755986,0.29966607,0.39020208,0.31896137,0.31235185,0.46779927,0.27503467,0.32763127,0.23979895,0.03096788,0.11471698,0.27114905,0.25175929,0.11889776,0.18031815,0.17901263,0.07699035,0.03351132,0.1420256,0.08143578,0.06654137,0.12178167,0.18151594,0.04104016,0.11293041,0.16913253,0.09870141,0.03085198,0.13222325,0.08946544,0.01855885,0.10641821,0.16626924,0.03119893,0.10040366,0.12542128,0.13017688,0.0247218,0.10976686,0.10089105,0.03833308,0.0918617,0.14512124,0.04490355,0.09405158,0.16893572,0.11426355,0.09718224,0.15780492,0.15871843,0.18755317,0.09613389,0.12134272,0.20784931,0.13232605,0.14926139,0.20356274,0.13950234,0.14659248,0.16382042,0.19992381,0.23541035,0.12125182,0.16228716,0.16417392,0.13810921,0.1395017,0.26416074,0.18914713,0.0982804,0.02582841,0.22179578,0.35654303,0.33877859,0.27959022,4
0.17563085,0.62170832,0.21775886,0.48889213,0.20058535,0.05941967,0.36918295,0.12170846,0.2724273,0.05887845,0.15676758,0.17354062,0.19330748,0.13812464,0.14129032,0.12956023,0.10957308,0.0818871,0.09519076,0.1364012,0.11788166,0.04380201,0.07847466,0.11309115,0.09538769,0.06964955,0.07058882,0.09726254,0.07366343,0.04850921,0.08866471,0.09591468,0.07986645,0.06206406,0.08593362,0.07166164,0.05612884,0.05885474,0.05805872,0.08831724,0.05278214,0.05484694,0.05891642,0.08021108,0.1126891,0.02851332,0.0416064,0.11473779,0.04910988,0.08598974,0.1258734,0.12913337,0.08437136,0.10873427,0.14537874,0.04110877,0.09334205,0.10254395,0.04657686,0.09333177,0.12658293,0.05508588,0.10158693,0.14866623,0.05417714,0.13428606,0.17016482,0.17842882,0.1885555,0.3090422,0.18889163,0.11712785,0.28129942,0.17351459,0.02646666,0.22707964,2
0.10302881,0.48051994,0.44130938,0.35103553,0.34072837,0.20720014,0.28395768,0.41024434,0.3466617,0.31297177,0.16111052,0.14357358,0.20330316,0.12248793,0.14433644,0.01842851,0.12030949,0.17179821,0.10494647,0.11169746,0.05065003,0.10421334,0.13033819,0.10399058,0.09793874,0.03097561,0.12321513,0.13719473,0.0345618,0.08354478,0.05776629,0.14675086,0.1312758,0.02252209,0.03878808,0.12257766,0.16702581,0.10324226,0.02325495,0.03687652,0.11066317,0.13713118,0.10858211,0.0464677,0.05808651,0.07559096,0.03101679,0.11683674,0.10839747,0.06245105,0.05084112,0.11359848,0.14116673,0.10165499,0.03682554,0.14256485,0.11784731,0.10606389,0.05036539,0.13251275,0.18472761,0.04401882,0.12667085,0.17087607,0.20213607,0.05814659,0.09107264,0.19674452,0.16956366,0.04842506,0.20289982,0.21241655,0.34952018,0.15719956,0.16816215,0.17233367,5
0.0639868,0.16255007,0.05651908,0.28641445,0.60149026,0.03203169,0.40124466,0.06788076,0.3069207,0.05617083,0.07270714,0.33002787,0.05938695,0.38397525,0.20471969,0.05785246,0.05970176,0.07428419,0.19669072,0.05025766,0.06389638,0.18171958,0.06886381,0.12372776,0.12276841,0.05235787,0.03235818,0.06864269,0.19539345,0.04590066,0.06180634,0.09677774,0.07230066,0.07936978,0.0818153,0.04716344,0.05731725,0.07917178,0.07824485,0.04630418,0.05373455,0.05534924,0.05326778,0.08484449,0.02528624,0.08226868,0.04222303,0.09346346,0.05603396,0.07903041,0.04898612,0.07853991,0.0329364,0.09984277,0.02306111,0.1175987,0.04550609,0.09546404,0.05478489,0.06283647,0.02888536,0.12723877,0.02965431,0.15538571,0.02967333,0.1504341,0.04494158,0.07787191,0.03677842,0.2110978,0.01393137,0.40494536,0.03364831,0.43133458,0.07069334,0.44855557,1
0.2981758,0.34121675,0.41561572,0.25191035,0.46033993,0.11851572,0.29858862,0.28345217,0.21647115,0.19640565,0.31303498,0.13915852,0.25191445,0.13136741,0.26726451,0.13333687,0.1676629,0.25133804,0.14852129,0.18097139,0.15328473,0.01273324,0.1650287,0.24611028,0.1208009,0.15950386,0.09364287,0.11543416,0.16196578,0.22575594,0.07778577,0.07991316,0.16875005,0.08524373,0.15221306,0.16334629,0.04352417,0.11715795,0.19078343,0.14014801,0.12149278,0.11628642,0.10807186,0.15382765,0.11120834,0.12494455,0.04174531,0.06660264,0.1657039,0.07834607,0.11392789,0.06256765,0.09523237,0.13755317,0.0927991,0.07000444,0.17914862,0.12565074,0.03501295,0.0469157,0.19133103,0.07492643,0.12582558,0.10850537,0.15918718,0.16964513,0.14493975,0.23549557,0.29500569,0.14241104,0.22892621,0.13837232,0.16842591,0.17212553,0.13467705,0.0786562,10
0.08042104,0.07512856,0.06650446,0.32223579,0.66258574,0.05140004,0.37531475,0.07483827,0.35096432,0.04645106,0.06412194,0.35609422,0.05373095,0.42889673,0.22325638,0.06756645,0.0140706,0.05230742,0.26974104,0.07491381,0.04967038,0.19432803,0.07125955,0.07293213,0.11162353,0.07577747,0.08855873,0.0495969,0.21128296,0.09096713,0.04236507,0.07973034,0.08374162,0.10358056,0.05594924,0.10122049,0.08574233,0.02480205,0.05496311,0.07662745,0.01386004,0.04423032,0.10605563,0.06881106,0.09450149,0.0606941,0.05545716,0.13934571,0.04581784,0.10730697,0.09256488,0.09209703,0.09189328,0.09432808,0.09565067,0.06927487,0.08198224,0.07365923,0.06131977,0.16216412,0.07249153,0.19060665,0.07021695,0.1066759,0.08719705,0.05934005,0.08755465,0.20449387,0.07069508,0.2926981,0.06313238,0.45796491,0.04734454,0.40316424,0.07951698,0.44816023,1
0.07983542,0.2259165,0.2863742,0.3874874,0.41922405,0.39016917,0.20410014,0.48481397,0.02861769,0.19597829,0.07884237,0.06475528,0.24774021,0.18548614,0.20611724,0.18724315,0.1716507,0.11351569,0.08363286,0.06041729,0.09553982,0.14449661,0.05233115,0.13056489,0.18342701,0.15154362,0.08484735,0.08941146,0.10414163,0.178147,0.1574368,0.06632556,0.06079198,0.05982954,0.12110331,0.01492526,0.02783489,0.1225114,0.11649681,0.19832618,0.11425592,0.09944636,0.06123563,0.08171927,0.17817024,0.05315649,0.07027106,0.03293005,0.17929393,0.11019522,0.15010986,0.014134,0.04310662,0.08147803,0.09612752,0.08032627,0.19508493,0.20609688,0.04238367,0.17938012,0.09337358,0.21574516,0.10111197,0.11258549,0.29921963,0.04967179,0.11178474,0.04295095,0.25510491,0.18553117,0.11493728,0.09506222,0.13406562,0.19357577,0.18764055,0.11173691,7
0.2460927,0.18382944,0.26049644,0.20430325,0.28144704,0.19557086,0.42259872,0.33786404,0.15657481,0.13713827,0.01772871,0.29654458,0.24316478,0.14767842,0.09703659,0.20242906,0.06668634,0.07360838,0.18305677,0.15302995,0.07634976,0.1580016,0.1087211,0.12693823,0.09041673,0.19593002,0.04767648,0.0920156,0.13467265,0.18920117,0.104962,0.11314231,0.06855056,0.04553948,0.12455374,0.17231906,0.01943087,0.09033968,0.04634639,0.17224388,0.11701416,0.15143371,0.01345041,0.07747962,0.082925,0.09938042,0.02364969,0.0285927,0.12689463,0.01050538,0.0525857,0.02675639,0.05510528,0.07692038,0.02083889,0.0228935,0.11957337,0.02686032,0.07656835,0.05614567,0.06676329,0.09806445,0.07332162,0.11818504,0.13064136,0.04093157,0.19698679,0.19287527,0.14250902,0.24746245,0.2288833,0.14331557,0.31672073,0.26198698,0.04814933,0.16011325,10
0.08615654,0.43388424,0.28922818,0.04858301,0.33656367,0.33878503,0.62215292,0.04203422,0.51025938,0.15782876,0.23199317,0.43562516,0.31044688,0.45119796,0.17456545,0.14978454,0.26928351,0.14519626,0.22339351,0.08886966,0.07782887,0.21104505,0.31883923,0.28214704,0.06263837,0.10675762,0.11173911,0.1881611,0.19338872,0.07071071,0.10360951,0.07826823,0.09734145,0.24752973,0.0706617,0.05732533,0.10922777,0.02549901,0.12802186,0.10406439,0.06933316,0.07360332,0.0609943,0.11354776,0.11377433,0.09994648,0.0710822,0.05836863,0.05643233,0.07303412,0.12260913,0.10734433,0.09188314,0.06432338,0.1420995,0.1544182,0.1076288,0.08262438,0.14188933,0.1399336,0.0606,0.15809082,0.161321,0.19474821,0.1272572,0.15652085,0.12791125,0.09512307,0.19694005,0.12324394,0.17477513,0.1572764,0.32491696,0.06924631,0.04412,0.08195551,6
0.11627992,0.38373868,0.35834585,0.04862691,0.23510026,0.13624137,0.20326793,0.29239962,0.28270523,0.08591736,0.03362606,0.08447757,0.10974649,0.09586818,0.2209819,0.126172,0.01438983,0.07894592,0.02440239,0.163945,0.1159029,0.00260839,0.07864596,0.02678777,0.16611673,0.13595729,0.05961114,0.05229615,0.10544137,0.12914517,0.11337951,0.04525443,0.06328397,0.03027899,0.15264603,0.09093075,0.01642519,0.04364603,0.02815226,0.18238885,0.10961019,0.01126585,0.04498589,0.01872616,0.12818136,0.03155717,0.07149232,0.03259955,0.14656019,0.01207707,0.07740563,0.00415589,0.10495368,0.01795656,0.08191009,0.03440177,0.11149213,0.01273474,0.04541004,0.07539427,0.09538173,0.08333891,0.08547788,0.09705425,0.20202358,0.06194287,0.12482534,0.00976643,0.15495387,0.02486606,0.16490154,0.12639171,0.16886462,0.05729767,0.16850244,0.2906071,2
0.29523209,0.25653952,0.37377748,0.19925616,0.38751911,0.12921163,0.34268013,0.40616265,0.2268531,0.04725705,0.16891734,0.16077393,0.30461423,0.14336425,0.20972616,0.06888599,0.08852419,0.21179236,0.1394373,0.0091921,0.10946688,0.18359105,0.13915983,0.09699018,0.0944924,0.10014597,0.12714953,0.16686823,0.08664052,0.02771764,0.11755748,0.15567615,0.0530792,0.08705298,0.07780002,0.12803665,0.07466309,0.10334902,0.07468567,0.10565661,0.08950318,0.11467304,0.01041335,0.11099614,0.05612873,0.06063322,0.04420821,0.10344035,0.02688904,0.03439479,0.0931492,0.20166671,0.05823767,0.08633431,0.20959909,0.10038115,0.05393056,0.21731749,0.10066264,0.16658557,0.22255099,0.08655858,0.20552326,0.19009888,0.07313897,0.22899497,0.23914313,0.15742692,0.28294421,0.26134477,0.16529542,0.05402987,0.25969066,0.16923723,0.03401269,0.098675,7
0.30465888,0.54209396,0.3872483,0.24894651,0.25708092,0.15281309,0.26340252,0.40754899,0.26509585,0.13884677,0.17032484,0.2068138,0.09828835,0.14592296,0.15145143,0.16318686,0.08425984,0.09977818,0.06070822,0.14144184,0.0914319,0.08845809,0.00316081,0.08401055,0.12081276,0.08809389,0.00619861,0.06400848,0.04204128,0.10970507,0.03716467,0.06808296,0.03351327,0.06646882,0.04929733,0.07634309,0.04315383,0.05176623,0.08829803,0.10077392,0.06133544,0.04301766,0.08058132,0.02048905,0.08621994,0.07582583,0.18562776,0.16035253,0.08204048,0.20910988,0.12672519,0.08146181,0.15989895,0.07539337,0.11371533,0.18710642,0.11297569,0.1658553,0.17054075,0.17963576,0.15336991,0.16629474,0.15831333,0.07253386,0.17987159,0.0539461,0.1927337,0.26635646,0.08516243,0.31035589,0.40230197,0.21823794,0.43522147,0.34527916,0.25456424,0.0746567,8
0.17697824,0.61454002,0.22698824,0.33370261,0.21878099,0.16797122,0.2533685,0.22046388,0.0854666,0.19115787,0.15280826,0.18712968,0.1668107,0.17711329,0.0754195,0.15156621,0.132528,0.13905422,0.17507673,0.06456825,0.12428214,0.11716255,0.09942742,0.09380892,0.14609434,0.05006388,0.11167692,0.10598942,0.02589988,0.08813675,0.1104764,0.05547098,0.06044426,0.07949756,0.06160373,0.08410593,0.07388836,0.04334129,0.04978294,0.09412347,0.03907392,0.08476013,0.08695766,0.03976149,0.09560329,0.05828507,0.07559249,0.06108449,0.10053336,0.11715252,0.03728713,0.01723098,0.08441872,0.08467733,0.07333776,0.04405515,0.08664261,0.04622365,0.08232194,0.09194928,0.13614957,0.09897906,0.07798241,0.10788936,0.05345314,0.09307409,0.22154479,0.12996534,0.12660297,0.11402144,0.14755322,0.01868911,0.33158719,0.47684131,0.17642036,0.37339845,3
0.16219857,0.36934108,0.50752339,0.15785806,0.51827104,0.17745237,0.35674896,0.38070105,0.25177488,0.3250005,0.10985117,0.09994934,0.27974918,0.0927239,0.07527795,0.1329855,0.13456946,0.19781653,0.14129045,0.09986605,0.15584706,0.16033785,0.07501775,0.22480878,0.09960982,0.17225373,0.03987614,0.06514537,0.20453018,0.10774828,0.04283447,0.02103971,0.09199897,0.19995963,0.06098627,0.02513197,0.0162369,0.09759502,0.15174381,0.07266669,0.02624798,0.02242683,0.09789389,0.0479541,0.07826583,0.06813502,0.1088494,0.05326024,0.00492325,0.1149754,0.12457728,0.07145358,0.04018731,0.12873187,0.14963389,0.00753767,0.06678799,0.16452027,0.04380698,0.14970583,0.11362018,0.07495166,0.13734289,0.1759356,0.22569843,0.11045051,0.12511619,0.22521326,0.31633783,0.13502827,0.21499989,0.23675638,0.39013902,0.10166156,0.26777999,0.20327227,5
0.11532114,0.18530801,0.63317818,0.15969498,0.11156679,0.2010575,0.15049887,0.29267573,0.23603014,0.16296685,0.12074881,0.12617549,0.1139894,0.04701467,0.15576074,0.12887243,0.0416452,0.09247461,0.10936246,0.12038354,0.12851397,0.08251482,0.10273606,0.05184664,0.10240596,0.12561415,0.10099553,0.06700624,0.03944209,0.09791972,0.13392336,0.0935924,0.07054879,0.05251528,0.08593875,0.13568864,0.07748895,0.10139299,0.03799772,0.07607553,0.10134173,0.09906694,0.10234133,0.07302168,0.09698782,0.08322861,0.05013537,0.04680731,0.09346658,0.07981331,0.0439904,0.03652794,0.08900879,0.09292196,0.0426118,0.03519934,0.06977606,0.10141911,0.05514192,0.02066157,0.02845664,0.08492871,0.09279338,0.03385521,0.05436165,0.08275669,0.09166828,0.03605855,0.09563885,0.11370628,0.1267051,0.01909543,0.17007269,0.16890261,0.12664263,0.08705467,2
0.06507682,0.23211058,0.32472456,0.16555885,0.32116526,0.36915724,0.5341187,0.12224691,0.33681235,0.04476604,0.13930231,0.48960426,0.33408886,0.17613708,0.09204106,0.03174745,0.38271227,0.18544154,0.20524656,0.1343837,0.22809942,0.03050569,0.06989545,0.36294521,0.11950531,0.23840512,0.12787784,0.07862375,0.22702013,0.14116505,0.05372181,0.11757713,0.22902012,0.13688954,0.1390997,0.08047788,0.08577713,0.26806133,0.14416262,0.0314836,0.13096367,0.10169753,0.08962051,0.09063083,0.05669063,0.12835207,0.12974003,0.09126256,0.13444862,0.12477117,0.00580591,0.04904443,0.13994947,0.09287911,0.07866656,0.09173354,0.08251961,0.08074951,0.07222931,0.10024047,0.07312887,0.15427147,0.21501644,0.12330167,0.1652463,0.09881858,0.14497193,0.17104017,0.26065083,0.149422,0.1354942,0.05019888,0.27614561,0.19840568,0.12292817,0.1032722,6
0.29216221,0.5836294,0.37638662,0.34017405,0.18749662,0.12306426,0.19830818,0.31517794,0.16791178,0.12360248,0.1170053,0.23106414,0.17023915,0.22271772,0.08251468,0.13599644,0.10138299,0.1542333,0.09200605,0.06166956,0.12220541,0.10093001,0.06794349,0.0814049,0.1202911,0.06321672,0.08884227,0.06222109,0.06111843,0.05974246,0.07238411,0.05779552,0.06448053,0.07162688,0.06530237,0.06138558,0.02240992,0.0671499,0.10241237,0.04573885,0.03395276,0.07000686,0.05599033,0.07998176,0.07515901,0.05441816,0.03960842,0.02754924,0.06416981,0.03445914,0.07384917,0.13170611,0.08185473,0.09810458,0.08441393,0.06529255,0.06968963,0.0358587,0.08977469,0.12630429,0.07823896,0.09391667,0.18444754,0.16619661,0.09236477,0.1851246,0.09891746,0.12737735,0.0723256,0.14919716,0.31984436,0.34069276,0.36904961,0.48053177,0.25600367,0.32219253,8
0.24257841,0.47871638,0.44789993,0.17743563,0.37548417,0.08486569,0.27039947,0.35436486,0.21046717,0.05638754,0.27620573,0.15583447,0.18978586,0.15018296,0.28648544,0.13474453,0.17240406,0.05275849,0.18090621,0.11721417,0.10793987,0.04677927,0.1978923,0.13666727,0.09505233,0.08210048,0.15729096,0.17646615,0.08422061,0.08844629,0.13899123,0.16295226,0.06261155,0.18406953,0.13297379,0.10976819,0.06381283,0.16025833,0.08732012,0.06485762,0.08015867,0.15537287,0.10031727,0.05121615,0.10479839,0.09664064,0.01099973,0.01164161,0.08319936,0.04010045,0.03484761,0.0582246,0.07628723,0.06358055,0.10061878,0.12606164,0.10307831,0.16823797,0.15937232,0.09746473,0.24655987,0.16171595,0.07110309,0.09642656,0.12439921,0.12741755,0.21062773,0.18533827,0.21170207,0.39365388,0.25374891,0.12729177,0.45974068,0.35024963,0.10408365,0.17078442,8
0.1116348,0.40621438,0.14647215,0.23446206,0.06085426,0.17958993,0.16297844,0.01884468,0.15689438,0.07398372,0.13754222,0.16217765,0.07847972,0.07130614,0.08161517,0.11201356,0.14253036,0.0398952,0.11859312,0.0802584,0.08645562,0.10168058,0.07120833,0.04679023,0.07280911,0.07535764,0.05985866,0.08690055,0.05155426,0.06525856,0.06084346,0.06208171,0.07838886,0.08532907,0.06065718,0.04924846,0.07472546,0.07122892,0.0877181,0.05542089,0.03491655,0.08587409,0.07757873,0.07351118,0.0348695,0.04306236,0.07431525,0.04314563,0.03917582,0.0481436,0.07394119,0.06844538,0.03456851,0.05717632,0.05435203,0.09330789,0.03770483,0.05789833,0.04103397,0.09021816,0.03566283,0.0727353,0.03784747,0.11499014,0.04004379,0.08470716,0.04783911,0.09388381,0.03596402,0.04522278,0.0637911,0.07297348,0.10318097,0.14742333,0.05693571,0.42035674,9
0.10851945,0.15807952,0.27770151,0.12745858,0.29481459,0.30120298,0.55116568,0.07193078,0.25871249,0.06060498,0.2074498,0.48806758,0.32014686,0.20651197,0.07929138,0.08324851,0.32505395,0.09304297,0.26837765,0.19841177,0.22588176,0.07250269,0.07129567,0.33144998,0.15739169,0.17994598,0.10198177,0.08317578,0.19103891,0.14222564,0.05024883,0.16375127,0.20175285,0.16238215,0.1452927,0.13740614,0.10815665,0.17974977,0.06182211,0.06073342,0.12981455,0.1022959,0.03095109,0.07076269,0.0491702,0.063952,0.06421506,0.09530569,0.12396844,0.17045238,0.06839267,0.00441486,0.14058466,0.08571985,0.08969674,0.04371825,0.14722758,0.03599005,0.06097041,0.04399767,0.08734967,0.09212085,0.12141016,0.11636706,0.12301868,0.0808065,0.19300432,0.14714885,0.27303216,0.2032135,0.10472308,0.06720092,0.22951494,0.20237284,0.17094263,0.04529723,6
0.28111057,0.53521187,0.4333877,0.27264151,0.28131848,0.1098947,0.25692697,0.3462701,0.20484301,0.09437612,0.21577855,0.16516687,0.16948155,0.17061051,0.19610233,0.09203094,0.14180375,0.10925006,0.06831517,0.05855214,0.14376891,0.09217256,0.0459082,0.08168087,0.15144315,0.08961251,0.0633739,0.13144039,0.06343833,0.0590436,0.06879745,0.12936953,0.08388848,0.14630842,0.1082306,0.12035817,0.02485272,0.13037956,0.09622061,0.10969652,0.02079405,0.13878662,0.09499393,0.08259774,0.13374228,0.01524495,0.10471751,0.10470249,0.0265136,0.14837611,0.1127788,0.05658851,0.16095329,0.09897174,0.02591409,0.12326336,0.08112746,0.10217241,0.18791262,0.20800348,0.14594251,0.2318734,0.17182028,0.08706935,0.17732422,0.09881954,0.20452012,0.26270693,0.10955985,0.33490041,0.35868159,0.17952657,0.43345248,0.3862843,0.16653618,0.17091378,8
0.15871655,0.5040861,0.27604687,0.12806647,0.27735056,0.35425659,0.13673134,0.04133606,0.31780602,0.20120538,0.15267943,0.12276206,0.061612,0.06290352,0.12479224,0.11684368,0.105944,0.05231031,0.10515173,0.17593237,0.13428763,0.06227402,0.07186447,0.06361971,0.12512406,0.12649458,0.06217465,0.019406,0.13929364,0.09570989,0.13484474,0.0596328,0.03143231,0.06892699,0.09010524,0.12266791,0.08269036,0.00722558,0.05593277,0.06546373,0.10819003,0.0728134,0.02510097,0.0658669,0.00343926,0.06464427,0.10444934,0.08558892,0.04462962,0.08132468,0.1285276,0.07513713,0.01656946,0.04773592,0.08910378,0.10368197,0.05737601,0.03885554,0.10400003,0.10077715,0.05286283,0.06914039,0.09214615,0.09274833,0.10957492,0.05688777,0.09421742,0.08043764,0.18722282,0.08702103,0.12645458,0.1285047,0.05360806,0.25845607,0.26271841,0.1686612,2
0.30199561,0.27673572,0.37511262,0.2206129,0.45384758,0.07879455,0.24475026,0.32999027,0.34774265,0.09119409,0.32186095,0.14817496,0.23870077,0.03532948,0.23293829,0.11998131,0.19447164,0.30713781,0.1618258,0.09989325,0.06069991,0.03747338,0.21281423,0.30584366,0.08442083,0.05643714,0.05410214,0.08148554,0.20862749,0.15785715,0.00963972,0.06888663,0.04566087,0.1122411,0.0616271,0.05522084,0.07702241,0.07660369,0.11625693,0.05744232,0.0189754,0.06673193,0.16019164,0.00356954,0.07812128,0.21406467,0.09442138,0.09631981,0.18811335,0.10399443,0.1275757,0.13529205,0.07061118,0.14298679,0.18025532,0.08405049,0.13903814,0.23623082,0.10075133,0.05572467,0.26570412,0.08705344,0.12726115,0.05637905,0.08625716,0.20629645,0.14506519,0.12312201,0.27291826,0.21796463,0.16712901,0.12515875,0.24687836,0.20936894,0.08020957,0.14234155,7
0.07690799,0.21922402,0.11249075,0.25266763,0.56132646,0.04731154,0.40799744,0.12087784,0.35099714,0.10506047,0.09757172,0.21036163,0.13397015,0.31548063,0.17476782,0.03645023,0.12485851,0.14658494,0.04877293,0.08818007,0.1045797,0.09958999,0.07921223,0.12327395,0.09038619,0.0410689,0.0744085,0.13475596,0.06218768,0.06424409,0.09947415,0.06367539,0.07478981,0.03209495,0.05228511,0.04715429,0.03744627,0.11846165,0.06208487,0.04008196,0.10095838,0.04489059,0.05744092,0.02817792,0.04424423,0.04015389,0.06647369,0.09286645,0.08096502,0.08283728,0.05026166,0.02790775,0.03879958,0.0590737,0.04330476,0.14053255,0.07079321,0.1154568,0.03974604,0.03160171,0.03113245,0.10397213,0.03665724,0.17134663,0.04766915,0.15648113,0.02793584,0.06755434,0.02650793,0.2131953,0.03215939,0.35668103,0.00523446,0.43206017,0.09557007,0.36725791,1
0.11792776,0.24166264,0.27797493,0.10376107,0.12340417,0.16357054,0.43065184,0.29516535,0.34322588,0.12887024,0.06781295,0.09305926,0.22272465,0.20421982,0.09872512,0.01052859,0.07659921,0.03161348,0.13747842,0.07246947,0.06743119,0.10970192,0.01497834,0.03578482,0.0718382,0.12085999,0.09292696,0.0659082,0.06497035,0.09039648,0.14774978,0.0863718,0.05190804,0.04581679,0.10938183,0.11493165,0.06846042,0.06937926,0.08085536,0.10864387,0.06465245,0.03152188,0.07731844,0.06467303,0.06027096,0.07864061,0.04918312,0.12692108,0.08843938,0.09275911,0.09597852,0.10054918,0.10728654,0.10117331,0.14675964,0.06102808,0.12575715,0.1081873,0.10749881,0.12216705,0.11846773,0.15061892,0.05593887,0.07040025,0.07391495,0.13929385,0.15866945,0.10697102,0.15862981,0.08538122,0.09439569,0.05080153,0.28463432,0.29596723,0.1344659,0.14896069,7
0.12393747,0.4579941,0.21316206,0.3061822,0.10121362,0.23450205,0.15893392,0.18348062,0.17292839,0.09691186,0.12682582,0.09762285,0.207847,0.07785582,0.12611608,0.04921866,0.14748125,0.03037895,0.04418577,0.15414745,0.09898399,0.10922594,0.02339532,0.12172157,0.16461026,0.06991306,0.07183968,0.02404206,0.052795,0.0833478,0.09955276,0.01376473,0.08119463,0.02346254,0.05296802,0.10552235,0.10462234,0.07567217,0.04801596,0.0938665,0.13905902,0.11112233,0.08032257,0.06563642,0.09601054,0.04752284,0.04585652,0.08985045,0.05824317,0.10581443,0.0649282,0.06499015,0.09843501,0.1387078,0.06221634,0.04459652,0.08802779,0.14617471,0.03242011,0.1462272,0.09310173,0.05517129,0.0897014,0.17697485,0.04558268,0.11766197,0.09092692,0.12249773,0.15869184,0.19607193,0.15040889,0.14149369,0.23437546,0.53248168,0.09544188,0.38560587,3
0.01571548,0.14493251,0.01754393,0.30430771,0.5205302,0.04565944,0.41744234,0.05527353,0.39965246,0.14541699,0.03481579,0.1881998,0.06700832,0.37310953,0.12550784,0.03113876,0.17219797,0.00519764,0.02999629,0.126045,0.04073709,0.06014489,0.03780149,0.1993356,0.02737885,0.031752,0.12215274,0.03288443,0.03198899,0.09785709,0.03684005,0.01168778,0.03321973,0.12384591,0.02338891,0.04676205,0.08629288,0.02236391,0.04746798,0.06592091,0.02275037,0.03730471,0.05384658,0.07843578,0.05636907,0.04984652,0.01122688,0.0744225,0.02860236,0.08237113,0.06252824,0.06695946,0.03825019,0.03055584,0.03154209,0.0944536,0.05049203,0.12388798,0.05514936,0.04101848,0.02478241,0.03996603,0.03791851,0.1764938,0.04816346,0.18387802,0.02640682,0.05177994,0.01307348,0.14598696,0.05101484,0.33047269,0.06058007,0.42823368,0.02583587,0.4144852,1
0.19758888,0.58361667,0.08808809,0.36923734,0.21218148,0.31710728,0.3271934,0.43405616,0.19397369,0.24129476,0.28412647,0.12359252,0.13597299,0.11584094,0.16496,0.15082746,0.0611953,0.10756644,0.24263562,0.17882813,0.10593518,0.07208045,0.17609644,0.16154619,0.18702812,0.1081969,0.10673899,0.04183025,0.08075633,0.11155186,0.0441929,0.09179258,0.11072952,0.10917316,0.13868495,0.1074142,0.08202358,0.0391333,0.07320416,0.09025241,0.06288088,0.07706342,0.0630408,0.07499817,0.10292937,0.14879016,0.10645431,0.07452089,0.15294612,0.14739553,0.10148646,0.06642906,0.13639777,0.15794153,0.10624306,0.05450046,0.14638853,0.12472877,0.04877573,0.04626163,0.2161481,0.1399447,0.15384634,0.06685112,0.16355195,0.04498644,0.05108317,0.11169568,0.26935851,0.18085451,0.067803,0.11591418,0.24008831,0.13959293,0.22396835,0.21236477,4
0.17900631,0.5684876,0.1783652,0.26673158,0.3899121,0.14572854,0.37503057,0.31654805,0.29800627,0.07009316,0.22017526,0.19686554,0.15226533,0.0467178,0.15629379,0.14874613,0.12536277,0.03706584,0.04137536,0.1123575,0.11965317,0.07240094,0.06478851,0.08606085,0.11967736,0.09130079,0.08953052,0.08999028,0.06388797,0.10128729,0.08927861,0.07589803,0.04992577,0.14248647,0.08843922,0.08944354,0.0553868,0.11262457,0.05052682,0.11735337,0.06757128,0.07794424,0.07303034,0.04576275,0.0985608,0.06777268,0.0611049,0.0626033,0.08702502,0.07237984,0.0456983,0.05869866,0.09947328,0.0821575,0.10968035,0.06578956,0.1080068,0.09033918,0.04584042,0.06049902,0.08135625,0.03374871,0.15128286,0.18237941,0.05208347,0.1451755,0.17033927,0.22115802,0.14308591,0.25201362,0.10688427,0.09723381,0.48247456,0.27191037,0.22419808,0.06415855,5
0.17052657,0.66341977,0.21891876,0.51569138,0.15651969,0.128262,0.30089743,0.07685004,0.23739459,0.15951556,0.17127986,0.14397317,0.19372092,0.04311985,0.12046037,0.14046355,0.17373085,0.10016951,0.11675827,0.09681136,0.17751452,0.13222025,0.08277811,0.11576033,0.1312024,0.10899205,0.12757581,0.11838035,0.02454494,0.10917152,0.11328146,0.10829938,0.06600636,0.08348964,0.13337556,0.12683516,0.05199215,0.08026941,0.07547865,0.07709687,0.0740545,0.11225267,0.07783803,0.08418258,0.09932636,0.05856778,0.06451481,0.04609315,0.05094683,0.0145063,0.06641774,0.15012276,0.08270836,0.08991783,0.14187433,0.02906683,0.09625899,0.06988147,0.07312317,0.13634473,0.03632669,0.14113551,0.18654932,0.12583826,0.17849992,0.13958182,0.07742379,0.03947988,0.09466114,0.19889645,0.11105129,0.28609098,0.31592034,0.29163643,0.18678462,0.19056074,2
0.29239316,0.20710256,0.50472737,0.41880801,0.34474671,0.10667586,0.31188636,0.32561768,0.05207925,0.19000791,0.12344264,0.03636667,0.23406049,0.23176757,0.19274829,0.15877815,0.04453971,0.16250272,0.11276273,0.16868165,0.13308628,0.06369296,0.12271273,0.11865943,0.10651121,0.11227128,0.04387602,0.09139472,0.09305611,0.09819061,0.08779058,0.05208236,0.09556083,0.15061365,0.08294624,0.08050643,0.01837966,0.11039708,0.09306423,0.06979967,0.1064794,0.03235121,0.04501755,0.10155168,0.0452728,0.115159,0.09979962,0.04112692,0.06102118,0.11557133,0.13362808,0.03397685,0.05199073,0.11156208,0.12322996,0.07076301,0.0555603,0.11418003,0.14078228,0.08458152,0.06185842,0.05686363,0.09844859,0.08213621,0.14285705,0.06867906,0.11136556,0.11030118,0.12490169,0.06797288,0.11478284,0.11035646,0.12953252,0.12022263,0.3381901,0.23781576,2
0.28731815,0.24884127,0.28754269,0.10681102,0.38343281,0.10149848,0.40430826,0.39039978,0.30981399,0.05765422,0.17086893,0.26354486,0.25333866,0.096516,0.19826681,0.06723809,0.12869568,0.28500457,0.0872064,0.00783665,0.10818201,0.16574371,0.15092539,0.11179767,0.09589947,0.11036524,0.14730893,0.07163618,0.04923182,0.06772772,0.15100358,0.07864335,0.05677513,0.10038127,0.12993747,0.05098569,0.1234326,0.05157856,0.05125155,0.03485066,0.14580503,0.04226169,0.01264923,0.09788156,0.09918953,0.07984332,0.13327344,0.05814226,0.0496301,0.1191537,0.06606656,0.16298483,0.09994918,0.07030066,0.22143464,0.0748122,0.03908947,0.23027873,0.12488685,0.119809,0.22894501,0.13886751,0.16180269,0.10673477,0.1081413,0.21204805,0.18905809,0.14444258,0.26945361,0.24142225,0.1618475,0.12506575,0.2870262,0.17088059,0.05657691,0.18637479,7
0.27048364,0.5680405,0.25824988,0.34207579,0.30808429,0.21888997,0.52827793,0.25896543,0.38850115,0.33309381,0.02139252,0.1304696,0.2802972,0.19388367,0.14374784,0.0731256,0.25013904,0.09260784,0.1098123,0.15159096,0.15185734,0.15248238,0.1404526,0.14535127,0.0754077,0.08797284,0.22093041,0.04960159,0.14262981,0.03611318,0.1670552,0.12228644,0.07139096,0.13249403,0.09428875,0.17543717,0.1284744,0.05086882,0.1423854,0.07909708,0.14877378,0.11282759,0.10462253,0.08563617,0.13747719,0.10386053,0.07351187,0.08948595,0.10194944,0.11713757,0.10016234,0.09471657,0.15254571,0.13347728,0.04168858,0.11134094,0.22589894,0.1295692,0.10452191,0.03513826,0.1610189,0.17396941,0.0710652,0.14797421,0.23180389,0.04366123,0.05289617,0.05183891,0.22869113,0.16537158,0.06075044,0.08460968,0.16104162,0.21566748,0.18019269,0.24035603,4
0.19118701,0.50537998,0.22061884,0.29848401,0.05666237,0.20648531,0.14295709,0.06940202,0.10651507,0.14371323,0.16147791,0.03413996,0.15814516,0.11461076,0.2179907,0.05014469,0.12594524,0.11465371,0.05570046,0.16634229,0.15056626,0.08406395,0.00445245,0.10270024,0.14113145,0.14985073,0.02314756,0.08852859,0.10263338,0.1278017,0.11158318,0.04485619,0.06427562,0.02155654,0.15747341,0.08491663,0.06307993,0.03520062,0.04112172,0.18012341,0.11754999,0.06286533,0.02359854,0.06342185,0.07705802,0.05127499,0.06899369,0.0380491,0.1150532,0.02546262,0.06220161,0.05014348,0.15263757,0.06040016,0.01423199,0.03795073,0.14611916,0.08694837,0.0633926,0.0586149,0.10437703,0.07374146,0.09820475,0.12764122,0.08202371,0.0437206,0.12960463,0.10198193,0.23218473,0.1639887,0.13571501,0.08680469,0.25796782,0.51363264,0.01983985,0.53272596,3
0.01720735,0.12553934,0.02893465,0.34845664,0.56154256,0.01598198,0.4108951,0.02985464,0.3736722,0.11488665,0.01917561,0.24216912,0.00855114,0.35891134,0.18534119,0.01380447,0.15994172,0.03202621,0.0656603,0.10827034,0.02795294,0.14950389,0.01914572,0.20729595,0.10724071,0.02277363,0.1099055,0.03440054,0.09162087,0.09865235,0.0435813,0.09556154,0.01661438,0.1375551,0.0702205,0.02533244,0.09711167,0.05538575,0.07696063,0.08783185,0.05090507,0.06567692,0.0218124,0.1100982,0.03315599,0.03081444,0.01929663,0.1142458,0.03421989,0.10599298,0.0311597,0.01843269,0.02658568,0.05428435,0.03277995,0.12080097,0.03093644,0.12806273,0.03958938,0.01984679,0.02627418,0.09215675,0.02115766,0.18414993,0.02550362,0.16970982,0.05281405,0.02623099,0.02317547,0.17727565,0.05996322,0.35278754,0.02014383,0.40186922,0.03830884,0.44809422,1
0.28734091,0.52318608,0.38478875,0.22994041,0.24402548,0.18201339,0.28084064,0.38864459,0.28420523,0.13109499,0.21720347,0.20817328,0.2220055,0.18232097,0.14990416,0.14810871,0.12168825,0.09083448,0.12286246,0.10660335,0.0956631,0.09085503,0.08660409,0.11810793,0.11135088,0.07652281,0.04643618,0.12002765,0.11375614,0.06179073,0.04613514,0.10201641,0.06655682,0.12413988,0.06138277,0.09092373,0.04152279,0.12113883,0.11448992,0.03962409,0.00390523,0.08128032,0.08919588,0.09230274,0.10048272,0.08389599,0.02247282,0.09543803,0.02728357,0.08900811,0.11347507,0.14040085,0.11661211,0.08913491,0.08917962,0.05171672,0.10138404,0.02205404,0.07289886,0.2031103,0.05853115,0.15372098,0.21907964,0.1144597,0.13873303,0.17456576,0.07354282,0.20115065,0.03361302,0.24171653,0.34951196,0.33155013,0.42652828,0.42343359,0.26269794,0.2392621,8
0.11903807,0.36331195,0.42692342,0.08069815,0.35185141,0.20542422,0.35282948,0.17327271,0.34503332,0.0605602,0.28146789,0.1937152,0.12630176,0.0360767,0.19238194,0.21612217,0.08427386,0.0931541,0.07951666,0.03207964,0.14073105,0.1702841,0.1122493,0.03466946,0.09893628,0.14076722,0.14054099,0.10058955,0.03712588,0.02002841,0.04216687,0.13559482,0.1172954,0.02690911,0.10069017,0.06155892,0.10999085,0.0772126,0.07189865,0.07088704,0.01418727,0.08233944,0.09228387,0.0504993,0.0973372,0.06686085,0.03110489,0.05409868,0.15244979,0.14960795,0.06021911,0.18352836,0.06299903,0.08017954,0.05529389,0.10325583,0.13769565,0.21442649,0.11695141,0.05507222,0.0951101,0.10097496,0.04549834,0.09870404,0.11288681,0.17567679,0.22709204,0.12128844,0.07159127,0.22205416,0.31161187,0.14688374,0.3086765,0.10009522,0.15884303,0.23936296,10
0.11603696,0.5449639,0.37771164,0.34186966,0.37303019,0.2274066,0.3695195,0.41126948,0.28747995,0.24266056,0.13478976,0.17626074,0.16854565,0.12097373,0.03525581,0.06033565,0.09066611,0.13332847,0.19592734,0.03023812,0.08123651,0.1765839,0.10903557,0.09753336,0.08935898,0.16114428,0.10133098,0.07934703,0.05159073,0.14344422,0.13504781,0.06875515,0.04697391,0.11848813,0.14653843,0.07229463,0.04998731,0.0806837,0.10456618,0.09609717,0.06778629,0.04834702,0.13367639,0.07279538,0.13151695,0.13714052,0.06633922,0.09625923,0.16535217,0.04972988,0.10862953,0.08372709,0.04951051,0.07007843,0.11827727,0.19495165,0.08031506,0.12195274,0.21394951,0.17013008,0.06989038,0.20668606,0.25208151,0.19512159,0.25300707,0.29045124,0.23978441,0.01593105,0.23526969,0.23023709,0.16262978,0.05417812,0.37301197,0.36703136,0.2039285,0.10859846,5
0.16869755,0.5395774,0.25466733,0.35394908,0.25397587,0.17888002,0.61550746,0.0480974,0.53398928,0.22305982,0.1226949,0.23862441,0.17366256,0.23303125,0.01830153,0.10642571,0.29300754,0.2154524,0.16584911,0.13610865,0.09165544,0.15714307,0.14579022,0.22665332,0.160897,0.08641359,0.04059473,0.0417293,0.18883339,0.15421008,0.07455663,0.07486915,0.04017404,0.10613842,0.07931184,0.06755718,0.13554045,0.06954737,0.05040171,0.04890726,0.08760778,0.13484907,0.10153957,0.05456345,0.03734654,0.15421423,0.09331557,0.06778031,0.11506949,0.1412821,0.09286572,0.03309206,0.15233275,0.1035243,0.05413996,0.06570505,0.06410638,0.01870629,0.10744614,0.13703462,0.02391699,0.09316435,0.09716569,0.15673733,0.06429212,0.19052671,0.15793092,0.11189162,0.21220897,0.20116687,0.18536947,0.06223479,0.26283294,0.03790413,0.07572258,0.10064115,5
0.13065897,0.64661373,0.1544733,0.35656939,0.12122944,0.24052963,0.08351362,0.26626726,0.08787518,0.15307138,0.02425144,0.2113836,0.01766269,0.18501332,0.10658858,0.07711816,0.09728917,0.07806251,0.09181481,0.12497096,0.09067189,0.06664992,0.08685467,0.05307127,0.06049015,0.10944265,0.04308631,0.0716197,0.0536544,0.06947109,0.08042705,0.04819466,0.04760065,0.06295646,0.07706033,0.05857713,0.0568432,0.0458426,0.05002482,0.08417276,0.03143857,0.05073429,0.0277068,0.06240667,0.07599969,0.09077921,0.09513645,0.07301816,0.11544683,0.0657888,0.10606956,0.09111047,0.10422191,0.10662934,0.04459949,0.07875169,0.09401202,0.09747781,0.09513103,0.08433712,0.02284351,0.09898065,0.187761,0.10426486,0.09631473,0.0746305,0.13710994,0.14123586,0.17779682,0.1431914,0.0899232,0.02363666,0.2762699,0.48877599,0.21171035,0.42950801,3
0.1848052,0.53571839,0.2898771,0.17375154,0.34383171,0.44866841,0.41922206,0.20090075,0.01072848,0.09827523,0.03968089,0.22071145,0.18900903,0.16287513,0.09748018,0.13822259,0.18807216,0.10456835,0.02536833,0.06117281,0.08811411,0.10016392,0.18253719,0.16261288,0.077907,0.06884828,0.10602398,0.09443948,0.10859458,0.02645096,0.06318846,0.07660544,0.09739457,0.17140553,0.07078061,0.05738958,0.04215719,0.08669849,0.08919546,0.0527024,0.03102779,0.06489679,0.06589369,0.07923398,0.0830747,0.05226552,0.03258288,0.02868669,0.07009191,0.07679657,0.04853031,0.0482927,0.0640544,0.11477021,0.09598948,0.04861948,0.05772013,0.05279758,0.11846895,0.08380005,0.07044649,0.12834916,0.10947307,0.0817296,0.10431285,0.06372623,0.14957895,0.10460975,0.11971052,0.19369767,0.10766271,0.10795181,0.14004157,0.22446483,0.34967753,0.20510172,2
0.27953506,0.27823119,0.40265187,0.21280618,0.51654739,0.07621029,0.3240633,0.39393093,0.18228869,0.1492524,0.25513049,0.18086792,0.24170127,0.13278698,0.20884305,0.06077856,0.12893521,0.2508109,0.15218515,0.19138678,0.07096594,0.12994463,0.12200111,0.08734049,0.04951611,0.01502449,0.13142804,0.12624334,0.06348277,0.05635248,0.10645448,0.1354676,0.14952552,0.04818465,0.06154257,0.13989041,0.13483216,0.03891448,0.0372507,0.09880134,0.12073578,0.10146942,0.10281174,0.09976816,0.10107465,0.03680622,0.19970251,0.03227045,0.04893079,0.17006854,0.15936169,0.09863168,0.10999727,0.23697456,0.03535151,0.09587224,0.26954803,0.08044878,0.18150153,0.05238624,0.14619699,0.19551733,0.13057765,0.18376218,0.17941067,0.30277319,0.10593943,0.20435667,0.42213929,0.12128181,0.22015423,0.15381845,0.17765599,0.13010806,0.1444191,0.07192241,7
0.31989796,0.54797804,0.44387538,0.26755813,0.20810347,0.15438059,0.22250247,0.37609786,0.22996455,0.12487656,0.1621489,0.24038656,0.201621,0.16797635,0.06423251,0.15301896,0.12776691,0.14747792,0.10419017,0.11136964,0.09672879,0.12414835,0.08242432,0.12064218,0.0845522,0.08058808,0.07727083,0.11356182,0.08471556,0.07000955,0.08708805,0.06650535,0.07430884,0.13687977,0.06638806,0.02821124,0.07747387,0.08961392,0.06960715,0.07009961,0.06604608,0.04545792,0.0816936,0.09712714,0.02534149,0.05976529,0.07047075,0.10527238,0.08474915,0.04610317,0.03968503,0.05580635,0.0513088,0.03405619,0.1090152,0.14837496,0.07445358,0.09821315,0.08490595,0.06378511,0.04469494,0.03865485,0.20356133,0.22559314,0.12422967,0.23974287,0.09905339,0.10996265,0.09235878,0.15138074,0.26535343,0.29464517,0.36125907,0.45109726,0.24397531,0.26975283,2
0.09393496,0.52852561,0.0886908,0.27360964,0.26250481,0.22098976,0.64915691,0.05776454,0.55068722,0.36912991,0.18278043,0.13069351,0.05911202,0.39900296,0.14041384,0.09049831,0.33148104,0.09475503,0.09725961,0.18702309,0.20726834,0.07458573,0.00946718,0.21225111,0.18727347,0.15264033,0.24626441,0.13490352,0.08402005,0.06617925,0.13484916,0.13171109,0.08157405,0.15220993,0.13041844,0.23510011,0.16624498,0.08106208,0.08291585,0.10759703,0.13417548,0.11600208,0.17573781,0.14121869,0.01540561,0.05546449,0.06052308,0.11101785,0.11485397,0.1205533,0.14773594,0.07769784,0.14766434,0.04104456,0.07781673,0.12852351,0.09273258,0.1918965,0.11965034,0.12003034,0.210864,0.06120732,0.13319506,0.12651539,0.19273347,0.16744807,0.06422194,0.13286979,0.16033505,0.1405596,0.13619895,0.08081405,0.2660726,0.05351443,0.02435375,0.10456239,6
0.29188496,0.55366726,0.3839098,0.29718593,0.26512187,0.18797664,0.26144898,0.38084837,0.22763671,0.16551846,0.19740295,0.25528157,0.12829465,0.15884166,0.1473034,0.20091883,0.11420787,0.10097772,0.06253261,0.17069739,0.10788715,0.13232909,0.09208528,0.10408709,0.10818482,0.13115863,0.11127662,0.14930791,0.09683588,0.10164481,0.11280858,0.16677123,0.12379848,0.07821161,0.09766865,0.12847718,0.13238658,0.11823321,0.08447293,0.08874641,0.12714498,0.12266954,0.12157261,0.09994297,0.08241148,0.06229954,0.05727315,0.0792889,0.06098843,0.10608151,0.08254402,0.06292037,0.12093712,0.08026983,0.03680977,0.0468448,0.10998011,0.10227772,0.07054683,0.14207444,0.12064603,0.10116238,0.18260384,0.07542815,0.13647237,0.14222735,0.08581138,0.1917612,0.02071025,0.27200883,0.31342326,0.36601062,0.36871511,0.43492932,0.23529848,0.17652754,8
0.34031427,0.32699631,0.40003014,0.28828099,0.46215289,0.10422235,0.30867076,0.31672635,0.23784857,0.14506502,0.26874428,0.18195576,0.23762953,0.14955184,0.24219144,0.03961885,0.17146012,0.22775793,0.19031966,0.12406946,0.15399025,0.04701638,0.10201834,0.22243,0.07334893,0.0634529,0.1248916,0.09696073,0.09895027,0.15571356,0.07845269,0.08964083,0.10269106,0.07644532,0.05059124,0.16970475,0.06605879,0.04506721,0.12355425,0.15457514,0.02508353,0.10133195,0.10505123,0.04067336,0.07684879,0.13876185,0.12272922,0.18189239,0.1885378,0.12919934,0.24350717,0.09820173,0.07740443,0.2459629,0.10058317,0.05686997,0.18990706,0.16803591,0.11353362,0.1914674,0.21486507,0.15621044,0.23943974,0.16879313,0.17841331,0.30247272,0.14859616,0.18320847,0.36551584,0.19036649,0.14055174,0.10813393,0.20618238,0.10816501,0.08428845,0.0581415,10
0.0333602,0.56685837,0.31136453,0.29795306,0.45965857,0.17866728,0.53737772,0.27393821,0.49880895,0.27440177,0.23598033,0.17985183,0.15213715,0.20246847,0.15245355,0.19367455,0.18746845,0.08976762,0.15308291,0.12723792,0.30672155,0.12015661,0.07079672,0.06444809,0.18111806,0.19757427,0.0524636,0.05366664,0.1494062,0.14539281,0.17545131,0.0808024,0.05083287,0.18117225,0.15336643,0.0653397,0.1307893,0.10665004,0.17287459,0.06761761,0.08051087,0.14946968,0.08161621,0.13419958,0.07290421,0.1809065,0.13453176,0.01030166,0.02993675,0.16336329,0.15735973,0.06941313,0.04614553,0.19179215,0.11649547,0.04130256,0.07575814,0.08760116,0.11939937,0.16470672,0.06909682,0.03832016,0.14903108,0.10340641,0.21949625,0.07870042,0.19609018,0.19434474,0.14450707,0.13778622,0.14294451,0.12617847,0.34323347,0.14903136,0.2771881,0.09476312,5
0.15875313,0.33992836,0.44800638,0.37133684,0.39866078,0.12600601,0.2788314,0.34178837,0.45024006,0.16359448,0.09133272,0.07788849,0.31509578,0.09788903,0.07354796,0.12382928,0.03234394,0.14588966,0.03141864,0.02674289,0.03049932,0.15744682,0.18292904,0.05561743,0.06121027,0.03830545,0.15137218,0.09512583,0.08037221,0.03592815,0.11123876,0.15311025,0.00873828,0.06625471,0.06072528,0.14919076,0.0855282,0.06580704,0.04711531,0.09466451,0.13529103,0.02115434,0.03484246,0.06879677,0.01647166,0.04160771,0.05187748,0.06549887,0.03951119,0.02865298,0.09632624,0.07862557,0.02322591,0.09967514,0.10896117,0.03301534,0.03577515,0.15476225,0.12025072,0.03135456,0.1412008,0.14828073,0.05934201,0.08283603,0.22210939,0.21320803,0.07256433,0.0874274,0.13053895,0.08735916,0.12657465,0.08214343,0.36255427,0.17067145,0.12543788,0.17614826,5
0.31845872,0.50805577,0.24852928,0.24763025,0.2971755,0.35808989,0.39698277,0.36771533,0.15566522,0.32182141,0.12431528,0.05154215,0.34922294,0.31786523,0.15460646,0.10600782,0.15616618,0.13465759,0.12636607,0.10224463,0.04973823,0.09526542,0.11726614,0.23315713,0.09658362,0.02516965,0.02069332,0.13562552,0.15721634,0.03114697,0.01230882,0.06019254,0.09754049,0.15060374,0.03289055,0.01286716,0.06018503,0.08611062,0.17640169,0.01807472,0.0229707,0.07614816,0.11441114,0.11017938,0.04834044,0.04654774,0.08040957,0.0424158,0.04712776,0.07949032,0.12120497,0.06574917,0.05321508,0.1168839,0.08821441,0.04286129,0.12327842,0.1346628,0.11697801,0.03498884,0.19827676,0.15352904,0.11097399,0.03993686,0.1453566,0.10179105,0.06432663,0.12717708,0.23513271,0.18384428,0.09771138,0.02701216,0.20886155,0.19518852,0.25057871,0.29904505,4
0.32071646,0.32562282,0.37451089,0.27110231,0.55754435,0.06817988,0.31514346,0.31494146,0.27790709,0.21236599,0.29577074,0.25783971,0.1914558,0.08608647,0.09768657,0.09806863,0.2290847,0.38129978,0.09317199,0.16369275,0.05254129,0.03296703,0.29697258,0.19994449,0.09411802,0.0250278,0.16444469,0.20494209,0.21322871,0.1056398,0.14637643,0.13926312,0.10459731,0.08957248,0.02977408,0.17130038,0.01957414,0.10680347,0.0079379,0.12243016,0.11175278,0.08310072,0.06509894,0.01722953,0.04999655,0.05884338,0.1485006,0.14783143,0.04627021,0.08921699,0.15489363,0.05764391,0.06233588,0.14064265,0.0529502,0.09999163,0.17549295,0.06240654,0.12493963,0.08512154,0.07499674,0.19348551,0.14076906,0.1505725,0.14173498,0.3024937,0.0997416,0.18406825,0.38659403,0.16907583,0.18242495,0.2015959,0.15302508,0.11975226,0.11121965,0.04887452,7
0.05575147,0.16693017,0.06345618,0.27324338,0.60417528,0.03744453,0.42465222,0.05977439,0.3930324,0.05967982,0.06145925,0.24549867,0.02835115,0.35532625,0.22155361,0.02516739,0.13469042,0.06717962,0.07257814,0.0442364,0.08030183,0.16168027,0.03958189,0.15450756,0.14457634,0.02735795,0.047845,0.10421888,0.08128579,0.02855591,0.10291958,0.10435092,0.02409946,0.07323267,0.0993503,0.04846807,0.0132395,0.10843516,0.07861676,0.02877816,0.10405478,0.06923963,0.02710595,0.01339896,0.07470816,0.08468013,0.09477632,0.01785579,0.09491058,0.02524288,0.07455095,0.09911391,0.05954731,0.12034942,0.10847599,0.0415678,0.09203719,0.03710746,0.02121008,0.16100734,0.04079107,0.19462588,0.06573829,0.15010236,0.07075071,0.09864427,0.01090026,0.15276924,0.03430586,0.31214436,0.01580098,0.36521492,0.03922972,0.41360553,0.05319007,0.32135817,1
0.13598715,0.42774978,0.38246292,0.41035429,0.38770612,0.24904054,0.47873118,0.18950344,0.38363597,0.2353095,0.23469417,0.11945697,0.06639491,0.01673239,0.07712526,0.14946967,0.11979376,0.08253634,0.0826845,0.14597625,0.16605883,0.12883318,0.1132819,0.09704561,0.13923167,0.14426225,0.15036011,0.09223185,0.03545055,0.0765531,0.08103539,0.14567749,0.08716523,0.0208515,0.04024517,0.11755285,0.11247608,0.05664914,0.02401422,0.05008857,0.13367425,0.08585493,0.0853391,0.03289945,0.0791008,0.06103497,0.10742534,0.10055064,0.01736725,0.10730171,0.15572099,0.07543564,0.02665742,0.13701829,0.15528305,0.07981847,0.05743451,0.08278248,0.09900701,0.10193287,0.07672809,0.0485855,0.12275484,0.07481115,0.07440193,0.07812311,0.19756916,0.1926454,0.06848664,0.15134264,0.26327902,0.1835287,0.30949,0.05621045,0.28640714,0.15734624,5
0.22192793,0.3871069,0.41923688,0.2876234,0.51686892,0.13827666,0.458925,0.33440397,0.38623839,0.29799226,0.26696074,0.15684843,0.22955932,0.09140901,0.11589355,0.25520805,0.05983436,0.21481372,0.02668801,0.14093584,0.17927123,0.06995213,0.14927769,0.19270121,0.10757368,0.10716443,0.12852529,0.04654991,0.15826812,0.09055134,0.03025702,0.13530743,0.05446863,0.08837209,0.04520302,0.10745109,0.15587582,0.02623113,0.05298364,0.01459035,0.13250839,0.13530717,0.08028959,0.08573337,0.09865277,0.07084986,0.09704363,0.13445372,0.03732208,0.17985407,0.11831387,0.09514311,0.11795816,0.20316235,0.11732981,0.06787967,0.12149833,0.18120699,0.14974321,0.18075189,0.07905212,0.11897072,0.28686156,0.17427731,0.17893556,0.25170182,0.26446313,0.1574446,0.32302327,0.21610143,0.25990677,0.10205619,0.35000143,0.1908164,0.07272392,0.08247928,8
0.13872467,0.27250139,0.36444929,0.12434041,0.16411251,0.13283404,0.25913067,0.4021417,0.25112599,0.15305311,0.20679204,0.11054654,0.05393943,0.03241145,0.1413852,0.16489283,0.03007945,0.04726776,0.10124876,0.17044008,0.19227321,0.10158097,0.02118329,0.06315811,0.11546507,0.17585665,0.06567745,0.03416478,0.07332379,0.12849993,0.15306202,0.09990847,0.06848513,0.06385296,0.10741694,0.15501296,0.09336316,0.05925033,0.04628873,0.11274804,0.16056379,0.08510223,0.0714273,0.03156495,0.0482692,0.06683954,0.03509169,0.0172935,0.06537682,0.07175993,0.0081623,0.05931449,0.06462692,0.08751169,0.02698445,0.00658484,0.04593199,0.08495392,0.05764169,0.01329599,0.1280962,0.0995247,0.04070792,0.01981529,0.04958541,0.09279525,0.10085145,0.09719274,0.18099114,0.04909935,0.10402315,0.13271386,0.02273203,0.3453315,0.40998588,0.13924207,4
0.32609619,0.43399933,0.3876982,0.18285263,0.31828304,0.31713219,0.48586587,0.36716657,0.01580773,0.32440324,0.09200122,0.0996918,0.47188111,0.21207261,0.08476664,0.1274869,0.25045359,0.03560352,0.23483801,0.1460411,0.11255721,0.08369697,0.27579475,0.16364334,0.06776047,0.03346311,0.23041525,0.02457716,0.12342543,0.03278458,0.12809209,0.09470119,0.12851867,0.18067551,0.01837282,0.15946525,0.16821908,0.02152501,0.04261891,0.11707829,0.11147907,0.11772442,0.02236413,0.14852052,0.07298046,0.06251474,0.11839039,0.04812188,0.04557896,0.17669426,0.0817266,0.06010572,0.1241021,0.10604429,0.1576214,0.07557991,0.14083816,0.16713648,0.02311419,0.05543352,0.18685969,0.19057774,0.16828945,0.09144176,0.16206092,0.05833658,0.09676574,0.10551731,0.21108657,0.19876093,0.12285255,0.03024654,0.19789557,0.16200216,0.27392132,0.20160239,4
0.29518789,0.32683364,0.38810305,0.2655746,0.53634114,0.06235556,0.30043372,0.23796721,0.28276107,0.29768339,0.38089094,0.10605122,0.18714958,0.1184926,0.21675263,0.23468959,0.16764674,0.22993238,0.080466,0.25410108,0.21193292,0.13130438,0.14144483,0.16366968,0.18775248,0.31193409,0.11509403,0.02414922,0.13421922,0.14495451,0.23021627,0.16857493,0.07733843,0.09555671,0.15078019,0.19300465,0.20349829,0.07826582,0.11198983,0.10543409,0.24343425,0.18089245,0.09618828,0.13894887,0.03982691,0.07383108,0.07851904,0.08732758,0.04947581,0.0486785,0.06407628,0.11143483,0.00662942,0.10296543,0.07214882,0.1097195,0.11353625,0.08212818,0.05734682,0.04829686,0.03791001,0.0514963,0.09982428,0.15467352,0.09709795,0.12871531,0.1689058,0.24818647,0.30038115,0.1168506,0.24757408,0.23605387,0.12129555,0.21502414,0.14700879,0.09139892,10
0.09538281,0.32980087,0.50352162,0.20972235,0.46691284,0.29293883,0.44534174,0.35877906,0.36752214,0.24312898,0.27620588,0.21503339,0.11944482,0.0487664,0.09650655,0.16688191,0.16054559,0.07284266,0.16857587,0.06409529,0.23632438,0.12452047,0.06807656,0.04322641,0.11374379,0.12891749,0.15935018,0.17561914,0.03997868,0.04773329,0.08858769,0.1848009,0.1075874,0.01623172,0.12316726,0.03422833,0.13973095,0.08042163,0.05915635,0.10977169,0.03133291,0.08422562,0.09815886,0.12839235,0.14185456,0.07984626,0.03782521,0.06014371,0.09755595,0.13876769,0.08567457,0.06407906,0.09204574,0.17339147,0.03802947,0.06014468,0.07916103,0.12067959,0.06962234,0.04775824,0.08072125,0.07416173,0.1242682,0.02170465,0.06655723,0.17229082,0.22246256,0.1602805,0.07928642,0.13051155,0.22073311,0.10524186,0.33327513,0.02930177,0.28731977,0.18924145,5
0.20796893,0.61230358,0.1135925,0.38904684,0.23904938,0.38830263,0.26249221,0.47255915,0.18830512,0.20322236,0.32859882,0.12709715,0.15604415,0.1059358,0.11542234,0.23412491,0.22922776,0.12298074,0.22767518,0.12989854,0.17599672,0.19819021,0.15404539,0.11587188,0.12412653,0.13725061,0.24944677,0.11518032,0.09618714,0.12534511,0.08049739,0.17699838,0.1573651,0.1187051,0.14840956,0.10400868,0.11771373,0.15946303,0.13741551,0.11572298,0.13919928,0.06675182,0.16901007,0.09855981,0.10029824,0.06125882,0.08166738,0.03370615,0.12677135,0.0768047,0.05891058,0.01530397,0.09711273,0.09775754,0.02595853,0.05830516,0.08982926,0.06528688,0.01394432,0.08374518,0.12846306,0.09595594,0.08419216,0.07532216,0.05842099,0.10797162,0.10923769,0.14297363,0.14956084,0.09604094,0.08723652,0.12834337,0.30651896,0.2263756,0.33132392,0.21920415,4
0.16174501,0.63028836,0.17476971,0.5055892,0.16606056,0.09575895,0.33716345,0.1659038,0.38536157,0.141853,0.04706519,0.19857999,0.00774143,0.10124693,0.10315561,0.0913717,0.18972645,0.05254886,0.11757048,0.05462803,0.11975293,0.12855144,0.04108073,0.04743514,0.0080581,0.14152874,0.10489557,0.0161722,0.02974572,0.04504925,0.14225586,0.09809305,0.01920669,0.06505758,0.08348179,0.13724325,0.06422089,0.03413965,0.0455212,0.11470057,0.13241023,0.04042734,0.06269703,0.04747902,0.0200705,0.12867452,0.1331325,0.11393073,0.05018168,0.16694427,0.11380821,0.08555439,0.10471643,0.18844139,0.11159469,0.05338143,0.15507295,0.17811478,0.07985608,0.02632059,0.19144606,0.14374979,0.03260292,0.04337979,0.21597078,0.07668891,0.02689807,0.0612023,0.20410239,0.02494904,0.02688829,0.06300144,0.14164763,0.09490159,0.0942078,0.10311946,2
0.14535767,0.30056652,0.05912777,0.18455842,0.22240762,0.07418066,0.60251409,0.26098222,0.37085185,0.08620373,0.20731196,0.11814686,0.18533741,0.36292196,0.11641208,0.12408883,0.23395519,0.26959278,0.09477076,0.13084062,0.07651485,0.09566549,0.08271731,0.17838613,0.10598504,0.05985728,0.08275832,0.0628887,0.10448195,0.03147982,0.10372744,0.04163096,0.11738643,0.05559857,0.06389106,0.05831132,0.06513381,0.15646788,0.04634281,0.06319886,0.07869334,0.06479277,0.058426,0.05192062,0.06140022,0.08830495,0.06663998,0.05053019,0.09481001,0.06784337,0.05493973,0.06121074,0.07739811,0.07694776,0.03429445,0.01271686,0.06698564,0.05770438,0.06113764,0.09949774,0.03925771,0.11758299,0.08950558,0.08078136,0.08845467,0.08896306,0.14565242,0.1807636,0.13743539,0.15821706,0.22724278,0.20213394,0.29968846,0.21668894,0.13595449,0.13386596,6
0.15656807,0.72136212,0.11319507,0.67358375,0.1034109,0.26853164,0.2869045,0.24965447,0.24812492,0.15954374,0.18559133,0.19652428,0.05204668,0.13401331,0.17497107,0.12560511,0.12966898,0.08042183,0.0777282,0.15709447,0.11390097,0.12353797,0.11677596,0.05979529,0.13584444,0.13991426,0.13755614,0.1112177,0.07872615,0.13364158,0.15898068,0.10665564,0.06029012,0.08461295,0.13612356,0.14288674,0.0995709,0.06685536,0.07819674,0.12515895,0.12587541,0.11265857,0.06584971,0.04837985,0.10411084,0.05982626,0.07011181,0.01678949,0.08380677,0.0836918,0.06047842,0.04976715,0.10664003,0.09216179,0.02722463,0.05099537,0.13874584,0.07329223,0.0372958,0.01972149,0.16362119,0.06472688,0.0928973,0.00888695,0.14612756,0.12402168,0.0770647,0.08991729,0.1123985,0.19773984,0.06577239,0.18340059,0.15780603,0.26035586,0.15489233,0.24798876,2
0.21108872,0.42300611,0.13721536,0.15621956,0.22877258,0.21387145,0.66668969,0.22417531,0.42247859,0.28848008,0.20548398,0.27652518,0.26865294,0.47257251,0.12118458,0.07772094,0.25624594,0.21950225,0.20636279,0.08288812,0.1111521,0.1123616,0.14496468,0.18910331,0.10285794,0.21589156,0.14259065,0.1622118,0.15868362,0.07788907,0.10913448,0.07443661,0.08872166,0.08556713,0.19289272,0.14231833,0.12767965,0.02051323,0.14462232,0.14674109,0.08923612,0.06807301,0.08744564,0.15687306,0.08942158,0.05249964,0.02067584,0.04429452,0.08861833,0.07686454,0.07783462,0.09248511,0.06691666,0.07052411,0.13121686,0.07862543,0.13329408,0.13495608,0.10495213,0.13428181,0.15061214,0.14447634,0.10790031,0.10969012,0.14814473,0.19801225,0.14707261,0.07487658,0.25622598,0.12120553,0.0989984,0.14897644,0.22179309,0.09448352,0.09757593,0.04383493,6
0.18277048,0.42877105,0.18771621,0.19343874,0.17154213,0.47097059,0.23115951,0.38121874,0.24448311,0.13295196,0.37144067,0.11525122,0.11073997,0.18163053,0.03733732,0.24099259,0.34367307,0.05496391,0.16296574,0.14143762,0.09057225,0.27863666,0.13467807,0.03659249,0.18865315,0.01880134,0.20032154,0.19009785,0.04950981,0.21192298,0.15099866,0.10111664,0.22361129,0.07271602,0.1375784,0.22269133,0.05172788,0.15211655,0.15843705,0.00480153,0.21225316,0.12746529,0.03439043,0.15413004,0.13181454,0.09605219,0.05054899,0.04923583,0.08929108,0.10873209,0.01940687,0.06496593,0.01126424,0.10643466,0.05681465,0.02285684,0.09147148,0.08784634,0.07699078,0.03880601,0.15607782,0.04511596,0.14356022,0.10981178,0.22673414,0.1360943,0.05315497,0.07482385,0.05489611,0.10194167,0.12736878,0.23753679,0.15946189,0.33138241,0.32182004,0.21959292,4
0.09170238,0.52361671,0.32773748,0.31172616,0.46643842,0.24689103,0.5339336,0.10952181,0.51300018,0.29914598,0.11192369,0.1154606,0.16190229,0.20605943,0.19845818,0.17008415,0.06613743,0.05595403,0.17957767,0.06741218,0.18466894,0.1007554,0.07761796,0.16741198,0.09803938,0.143079,0.17946292,0.08515372,0.12515037,0.05239602,0.04049389,0.09360562,0.09041986,0.1432675,0.05865905,0.04958918,0.10279942,0.15909265,0.03303529,0.07318366,0.06216926,0.07158375,0.13772401,0.01908827,0.11179404,0.04025287,0.0600832,0.17362762,0.13980714,0.03379042,0.13466357,0.12291169,0.17407375,0.0452087,0.11360279,0.14347479,0.13438663,0.05096156,0.15939127,0.14355827,0.17708737,0.12399513,0.18174147,0.1555927,0.21263916,0.08562616,0.20054715,0.24723005,0.10940824,0.07314709,0.16007561,0.11435619,0.31365898,0.07225162,0.2034625,0.08525237,5
0.07641674,0.49416763,0.11320825,0.20398912,0.23013791,0.20584885,0.65713011,0.13014268,0.51784569,0.3234948,0.26786287,0.10858348,0.11217656,0.39649621,0.18131122,0.06556567,0.22330547,0.21190365,0.12947375,0.1549526,0.22913614,0.16512781,0.08868114,0.12195822,0.10834156,0.14190595,0.10643901,0.13401854,0.15820489,0.21125231,0.14358048,0.17682333,0.02886906,0.11421915,0.04149996,0.09694664,0.13350267,0.10290858,0.13443927,0.14576568,0.21099762,0.07210578,0.05181238,0.11756093,0.16279349,0.11484455,0.13439993,0.1003872,0.10630085,0.01502591,0.03917977,0.12339389,0.1637145,0.1908481,0.07273385,0.14892332,0.09823293,0.08668389,0.13120269,0.05302293,0.30037589,0.12349008,0.11893021,0.13906972,0.13681582,0.14584734,0.11501567,0.08188376,0.25927405,0.09551087,0.14737679,0.07257811,0.27647367,0.03874355,0.02736613,0.08952734,6
0.10177443,0.16264728,0.14961329,0.31493843,0.52303427,0.07084808,0.41480082,0.08137107,0.40951334,0.12607884,0.09577784,0.15560408,0.11090075,0.30194875,0.11794054,0.10807072,0.14597408,0.0914984,0.01821891,0.0880571,0.0628001,0.05868598,0.11390692,0.1104535,0.04627342,0.10319947,0.05781607,0.08242999,0.03417438,0.04780337,0.0395099,0.05068399,0.08074356,0.01705851,0.06845232,0.07324492,0.01866443,0.04345876,0.05994422,0.04347966,0.02917239,0.08538263,0.03791819,0.03613132,0.06722624,0.06855602,0.06241767,0.11991035,0.04161495,0.072903,0.10742181,0.03593515,0.12471046,0.04471405,0.05245983,0.09780564,0.03847812,0.07051021,0.17093114,0.06384527,0.16321502,0.06086998,0.06180756,0.06706026,0.04610675,0.12284507,0.22778249,0.06810902,0.17819729,0.18020154,0.1456924,0.28590614,0.05527818,0.3961254,0.11456094,0.32967616,1
0.16870661,0.16482978,0.29340564,0.17576916,0.19828871,0.23404044,0.49506789,0.27293118,0.34136749,0.19137023,0.13577634,0.07178797,0.03894365,0.28375825,0.12945733,0.12796473,0.08300224,0.16484385,0.0326235,0.17157011,0.11136196,0.0857884,0.05433865,0.05492551,0.13742927,0.03387108,0.07168888,0.0652711,0.09732033,0.08578934,0.11951344,0.08713425,0.04587288,0.0296481,0.17462661,0.08040468,0.02129916,0.05448372,0.05104106,0.08765024,0.08143041,0.07693825,0.07038831,0.04293806,0.18235889,0.02747245,0.08728382,0.08469617,0.08355137,0.12918557,0.03002557,0.1386355,0.1585089,0.11294261,0.13627952,0.08466096,0.17282719,0.11511066,0.05261044,0.07628322,0.12011863,0.05196762,0.07141246,0.07044267,0.14261075,0.0403729,0.17090461,0.22969806,0.09039478,0.26319224,0.2550003,0.15518177,0.30441676,0.24828335,0.07406245,0.0502874,10
0.25602106,0.54680396,0.4044855,0.15267591,0.24510676,0.01084804,0.25518345,0.32754214,0.16380714,0.14140351,0.17291633,0.12532823,0.08834623,0.18799827,0.08046349,0.11052437,0.09873121,0.1276269,0.01128854,0.12524429,0.07275425,0.12931216,0.06894431,0.07431086,0.0697525,0.14772654,0.10032299,0.04563426,0.05198501,0.12324021,0.09317257,0.05673289,0.07357807,0.06027508,0.10573684,0.08077439,0.09540289,0.04063235,0.03425166,0.06044473,0.10598736,0.07664503,0.0537526,0.04205912,0.09053827,0.10735716,0.09372368,0.06794684,0.08639559,0.07288726,0.06104766,0.05611254,0.09049587,0.03535836,0.08739393,0.13656419,0.05897705,0.13145211,0.1496474,0.10907243,0.11597866,0.11763681,0.08662317,0.04018676,0.11689506,0.10191285,0.11190207,0.16256229,0.03407675,0.20343988,0.21952292,0.20424997,0.4361759,0.3379611,0.24181666,0.17037499,2
0.19855631,0.04190594,0.07192879,0.21872469,0.13012756,0.09078939,0.3853152,0.20575514,0.31848613,0.04053323,0.08122817,0.09001508,0.04138201,0.14487264,0.06050094,0.06929854,0.06088426,0.04122866,0.14356681,0.08836425,0.0570688,0.02436667,0.07326753,0.08195948,0.06876112,0.02656084,0.03834255,0.06646278,0.09313544,0.07999817,0.01290028,0.04114317,0.04366701,0.02506488,0.08930322,0.01500164,0.02361239,0.04455408,0.03172985,0.06294978,0.02365539,0.05420701,0.0216774,0.02144842,0.07394792,0.10337434,0.06857435,0.04659081,0.07893775,0.08338729,0.04952225,0.06058091,0.06157742,0.09576513,0.04910399,0.04504535,0.05728074,0.10213783,0.06753253,0.04388928,0.07948208,0.02804327,0.08541078,0.05232528,0.1021237,0.03146347,0.01030724,0.08400929,0.08658514,0.0299687,0.06743224,0.24277132,0.08407009,0.39312701,0.18743324,0.27753762,9
0.25533993,0.22416165,0.35190638,0.26339916,0.2184697,0.18976331,0.44429553,0.30382796,0.21297629,0.19305685,0.12589489,0.14460686,0.12849654,0.08112973,0.04835664,0.20796909,0.14341886,0.10115644,0.13641552,0.20638386,0.11115515,0.0179652,0.08752272,0.14678375,0.07513134,0.12852223,0.10505614,0.11833759,0.04644685,0.15397703,0.11419315,0.09021191,0.04445437,0.03299141,0.07704508,0.11006739,0.09946066,0.08637648,0.12980307,0.10740213,0.1216988,0.09954481,0.05435753,0.07053536,0.05817704,0.11615356,0.09320459,0.0681779,0.12842288,0.06144843,0.09923041,0.12939518,0.03807438,0.14049726,0.10381019,0.07539963,0.17267389,0.05371105,0.10156663,0.15066862,0.01420424,0.14591318,0.10584705,0.09634928,0.15903448,0.06174131,0.16965249,0.20445111,0.09167746,0.26297478,0.23668143,0.13993292,0.2672125,0.2695857,0.06783442,0.09595782,7
0.12652878,0.25221307,0.48713648,0.29242077,0.44602531,0.18745035,0.3261911,0.39764178,0.41475389,0.2056028,0.13092323,0.02884883,0.26899555,0.07946027,0.16335707,0.11540248,0.10806435,0.08047384,0.12467761,0.094166,0.16278614,0.10118267,0.1531134,0.10934491,0.1179448,0.14140696,0.07366685,0.05451467,0.12376177,0.18534236,0.12120765,0.08100821,0.04242725,0.14748351,0.13945006,0.04312663,0.02544931,0.11159412,0.1946952,0.14674412,0.05188011,0.00704812,0.13210104,0.10220977,0.12047282,0.06339843,0.05294763,0.0920875,0.09812109,0.04292222,0.03908613,0.10828052,0.08956391,0.05134172,0.07876296,0.10020351,0.123024,0.09680613,0.07457729,0.05808367,0.14236311,0.01222321,0.08609247,0.09199608,0.2333903,0.09939762,0.06453493,0.13496092,0.09884539,0.10788979,0.11095148,0.05616268,0.28850262,0.08079693,0.26400317,0.1615329,5
0.10588009,0.46223103,0.33314464,0.25695947,0.18078227,0.24013863,0.07124176,0.29443077,0.21522759,0.147149,0.08250831,0.23414432,0.01328602,0.22280419,0.14739221,0.13311107,0.1029068,0.1738149,0.02618832,0.10709125,0.18186131,0.05519215,0.12204729,0.05663563,0.10267317,0.09489387,0.10316003,0.03008211,0.12806007,0.05173363,0.02398924,0.0614742,0.09744566,0.01792151,0.05572785,0.09469507,0.05882632,0.11713091,0.04937843,0.06913785,0.11704015,0.10468101,0.08273621,0.08532766,0.03853726,0.03817957,0.12210591,0.07807456,0.0450683,0.1016025,0.12505804,0.05691664,0.15768048,0.08766985,0.13477835,0.02777968,0.15155704,0.12311344,0.02557099,0.00404599,0.13803413,0.06117776,0.07559585,0.10823066,0.0140955,0.01685891,0.17343908,0.15493639,0.08967127,0.17357735,0.13713637,0.12537584,0.31757054,0.43413345,0.09995377,0.40959887,3
0.10981171,0.50403104,0.28913737,0.06967372,0.03388342,0.07107528,0.15156622,0.14156524,0.25052016,0.06492471,0.09792254,0.11530375,0.02986975,0.03304718,0.09849115,0.07882553,0.07797043,0.05099755,0.04044334,0.0923951,0.07101949,0.08457587,0.04356004,0.03156739,0.0965119,0.06159453,0.07410209,0.06131157,0.02440851,0.10111717,0.07168715,0.0675444,0.05566785,0.04216846,0.11702219,0.07078736,0.04351613,0.04240399,0.01038677,0.10344223,0.05899245,0.04227783,0.05187562,0.04295054,0.06695294,0.06109062,0.0361505,0.02849971,0.0723694,0.06389528,0.05333008,0.04467225,0.07734238,0.06115282,0.06893976,0.05105594,0.07700296,0.03021661,0.05883431,0.06809566,0.09422174,0.03411595,0.05987842,0.09043277,0.11683228,0.06467857,0.03596594,0.02144078,0.10838713,0.13849624,0.07331901,0.069261,0.07072576,0.23514408,0.1587385,0.20250772,9
0.25319552,0.44760139,0.43181425,0.17610235,0.3936353,0.13422164,0.36783418,0.39056114,0.29827502,0.10325779,0.30064648,0.14560272,0.19462754,0.10769132,0.28227973,0.21363539,0.08479803,0.09606779,0.12562725,0.23555247,0.07173564,0.1559125,0.060822,0.08998232,0.05392355,0.17642252,0.13884067,0.06635864,0.08766847,0.16706456,0.16043243,0.0182698,0.0960806,0.097866,0.13595989,0.02181635,0.1256255,0.09882609,0.02056731,0.03560323,0.11191848,0.10233775,0.02023874,0.09779621,0.09945834,0.11067439,0.04960969,0.09445246,0.14258894,0.05985455,0.10399169,0.08377237,0.04313158,0.14270598,0.11766259,0.04580053,0.18943666,0.16752835,0.07686524,0.10121325,0.23813839,0.04058347,0.07384573,0.11464108,0.08485348,0.12635671,0.21255428,0.1259787,0.26212481,0.33036669,0.18186284,0.1738612,0.45672067,0.25189121,0.09315318,0.30882847,8
0.25969491,0.12386582,0.25483496,0.23474234,0.24790649,0.18849795,0.4522055,0.39083542,0.11900325,0.17049268,0.04315594,0.23254843,0.21448818,0.19030638,0.05054492,0.20432831,0.05131117,0.08013931,0.14783707,0.2200318,0.06657587,0.06562486,0.08845007,0.13164753,0.0891049,0.13222717,0.06453465,0.09140381,0.02756992,0.15600706,0.04704621,0.10516582,0.07441013,0.06660604,0.05469854,0.13300577,0.07485032,0.04299612,0.05939504,0.15664062,0.09655255,0.0619487,0.01862526,0.11796707,0.02631724,0.10855648,0.03349008,0.11322293,0.14283918,0.02237242,0.1560795,0.13388936,0.0759767,0.18170981,0.12041985,0.04583624,0.21449826,0.05626788,0.0732732,0.10295588,0.01447846,0.11665366,0.08656135,0.09255358,0.15986377,0.02411219,0.2094112,0.21390462,0.11715412,0.25771124,0.24564126,0.15468495,0.31982727,0.28414953,0.06766133,0.06610607,7
0.07730567,0.13989901,0.27142222,0.302056,0.15956754,0.15373905,0.64759649,0.1596267,0.09730732,0.20237051,0.30016843,0.33964596,0.13910551,0.41005619,0.08525902,0.07540957,0.21188281,0.14681222,0.24998011,0.18510305,0.19063895,0.17837379,0.11095742,0.23930715,0.08156432,0.14484083,0.11790829,0.1310712,0.30108927,0.15925528,0.18308975,0.08257305,0.01283003,0.04371602,0.09945739,0.10128571,0.13437034,0.17372567,0.106159,0.13032008,0.12603874,0.07955503,0.00904534,0.11074732,0.15666067,0.12887878,0.10239617,0.08704209,0.1314096,0.0488224,0.03942223,0.08047102,0.14241552,0.0937074,0.07564847,0.10148688,0.11268831,0.10725747,0.04372264,0.0710519,0.20070969,0.0885387,0.07105938,0.07366246,0.10978032,0.08832803,0.06517894,0.1226028,0.19964389,0.2126589,0.07027425,0.12519253,0.17336775,0.27015854,0.14373352,0.14458313,6
0.0808082,0.51104394,0.40170997,0.19092129,0.38885373,0.26211942,0.5745919,0.26720778,0.44289646,0.24525275,0.25496442,0.30025544,0.09014677,0.24675273,0.06279744,0.16037635,0.32857465,0.16105848,0.00486002,0.02927476,0.17426626,0.22319827,0.186386,0.15078792,0.08839207,0.03690885,0.18559801,0.23537093,0.15619444,0.12087678,0.06964168,0.09038004,0.13960341,0.21776394,0.12642644,0.08097833,0.04058733,0.14497962,0.17508865,0.06009521,0.16073822,0.09827341,0.08655772,0.12245531,0.06730398,0.01412985,0.1105044,0.10472332,0.13520068,0.04813355,0.08227408,0.095882,0.12588218,0.09931559,0.00372863,0.10118064,0.13841066,0.06491171,0.04055545,0.0321735,0.1050111,0.10151016,0.17440779,0.09307512,0.06186526,0.16147684,0.13497352,0.17667665,0.08066466,0.19432978,0.23113475,0.12170731,0.31002851,0.09242983,0.22554719,0.11751176,5
0.29305941,0.25709707,0.3077959,0.19488618,0.33495268,0.16840614,0.44232365,0.40065481,0.26656029,0.03521775,0.07250963,0.23844788,0.31891148,0.17366024,0.0692494,0.1310984,0.04446679,0.17686187,0.16423625,0.1049708,0.07377173,0.16026617,0.04019449,0.08515078,0.04972415,0.12454282,0.06080836,0.07824482,0.15064142,0.10835422,0.05356142,0.1025595,0.09200725,0.09887275,0.05477554,0.10852478,0.07156349,0.07293295,0.14086313,0.09683707,0.05965466,0.06354635,0.128943,0.06579696,0.04614051,0.07729344,0.0312439,0.07489889,0.09826308,0.04366379,0.06223496,0.06736162,0.04424885,0.08718838,0.07301897,0.13124444,0.0918208,0.0667937,0.12762922,0.11422329,0.06503756,0.11695358,0.14522774,0.24350483,0.07727533,0.18756111,0.2753753,0.20030589,0.21775197,0.29506192,0.14486249,0.09319282,0.25777934,0.19191942,0.04232867,0.09135779,10
0.16793087,0.47728814,0.05634089,0.16596133,0.14414256,0.13692038,0.69900718,0.18047556,0.52387291,0.22842903,0.2511726,0.14429491,0.09071597,0.4852528,0.19109691,0.19627302,0.27837565,0.24186076,0.12775392,0.07774338,0.02416419,0.08786654,0.1530106,0.2400527,0.12244145,0.19297444,0.09221156,0.10231978,0.1497482,0.07469206,0.174775,0.13226195,0.21555121,0.12417783,0.05710012,0.03037987,0.03838916,0.12429053,0.07960613,0.13315996,0.06136044,0.14405691,0.06766226,0.12874255,0.05502154,0.11751048,0.09199118,0.0850609,0.04872418,0.04143123,0.10343687,0.07352696,0.1414556,0.08964112,0.14523763,0.11980051,0.14514547,0.11105155,0.07633152,0.12830838,0.02576514,0.12935203,0.11053004,0.13020439,0.15276387,0.17068987,0.15272621,0.08788329,0.2143455,0.07590912,0.10538946,0.0890144,0.15508182,0.06087592,0.07008932,0.02043668,6
0.28903736,0.53824725,0.2720766,0.32738215,0.16571552,0.38785637,0.359315,0.42204785,0.04937579,0.23324791,0.1276396,0.02298943,0.41139625,0.34574593,0.21429622,0.11479083,0.07461826,0.16701942,0.20620004,0.13536019,0.06545163,0.07609012,0.09983394,0.18764771,0.0795347,0.04551421,0.09893493,0.10680679,0.12229429,0.08937361,0.0206021,0.09170083,0.15938961,0.1273343,0.07799444,0.02389463,0.04878765,0.13068844,0.10496106,0.03571143,0.04147524,0.09967411,0.10865608,0.0947088,0.06412626,0.09093221,0.07503585,0.0776551,0.09754734,0.09888257,0.07767889,0.06587337,0.14247733,0.12675095,0.11689568,0.09606904,0.14089186,0.09986675,0.08221061,0.03961534,0.11993394,0.13480228,0.05478742,0.07569798,0.13250497,0.11379761,0.05538358,0.05478548,0.21352354,0.13680329,0.190879,0.09657348,0.19661667,0.14742258,0.23831657,0.23037067,4
0.32540581,0.46536403,0.44550834,0.23032821,0.40321142,0.15806316,0.35897641,0.41500414,0.3799579,0.09384863,0.26363314,0.13390723,0.26156397,0.08011069,0.24450535,0.11358797,0.14750778,0.07619631,0.14435282,0.17188419,0.06423503,0.10258871,0.11423765,0.19471018,0.00410994,0.0887379,0.07517903,0.20150139,0.03043236,0.07658096,0.08541322,0.18299719,0.04221436,0.1559485,0.12249219,0.13932803,0.05879793,0.12539458,0.13585514,0.11920361,0.04075978,0.09924236,0.14675915,0.02624015,0.14230245,0.05218111,0.03873411,0.09309948,0.06540535,0.04700671,0.14333393,0.17364005,0.03988372,0.18586438,0.18775936,0.04256143,0.19732115,0.21717144,0.03127519,0.10025642,0.23404119,0.07793269,0.16378036,0.23007031,0.09693334,0.25804736,0.29023147,0.17981973,0.33441489,0.35883453,0.21889265,0.082146,0.4197067,0.27585616,0.02784672,0.18290412,8
0.30893711,0.44769116,0.48076437,0.19206736,0.37391049,0.13971867,0.34342933,0.33117094,0.35767201,0.03840176,0.29958052,0.11884773,0.28552987,0.04043141,0.25628416,0.17803548,0.15618405,0.14702066,0.07583675,0.15970813,0.10503866,0.18421549,0.0192637,0.17829172,0.11771902,0.15744884,0.10344768,0.14462192,0.11333381,0.12924408,0.10009172,0.10600319,0.15065245,0.06707691,0.05429677,0.11803156,0.12813251,0.07957374,0.09838106,0.14416094,0.10823423,0.09083232,0.07590026,0.10148705,0.03029585,0.09397157,0.1276689,0.12118129,0.12642787,0.16765021,0.09546092,0.03662311,0.16552066,0.04570892,0.11659764,0.08220568,0.08006561,0.16965825,0.13939003,0.16879181,0.20831222,0.13025298,0.10636974,0.04128267,0.0686817,0.0287614,0.164285,0.146848,0.20315789,0.28107572,0.23616672,0.19976489,0.41192083,0.32147096,0.09471891,0.2644451,8
0.18092295,0.7230055,0.09666168,0.66436498,0.04682574,0.16154424,0.32232661,0.2490174,0.2853944,0.07893541,0.13311152,0.2598119,0.10474283,0.18981018,0.10357258,0.11558547,0.16035888,0.12773622,0.06611513,0.11695697,0.12259383,0.10300553,0.08567627,0.08799689,0.11869779,0.11075096,0.06227096,0.08946236,0.14134315,0.11103051,0.10703782,0.06818332,0.07288117,0.10578472,0.09832523,0.09217628,0.07135602,0.07665837,0.08947264,0.08600225,0.07812839,0.07240599,0.06701595,0.06833553,0.07280746,0.07163018,0.09059705,0.0718282,0.06378397,0.07607459,0.08536503,0.07760458,0.06965503,0.07539242,0.0783601,0.05765637,0.08490053,0.09383007,0.04882712,0.07218934,0.12251407,0.12570416,0.07961072,0.08492759,0.14252389,0.14343598,0.07379108,0.0929489,0.17855147,0.17700936,0.16272609,0.15878417,0.1578174,0.18237943,0.13558461,0.19019344,2
0.16770901,0.50174686,0.25868712,0.31235258,0.05162291,0.21583961,0.12937752,0.13545323,0.15604232,0.14179229,0.11379413,0.13937215,0.1649368,0.08057418,0.1534229,0.07128002,0.16085762,0.02991203,0.13579683,0.09926345,0.15207652,0.03905499,0.10095609,0.08414396,0.09270272,0.13707896,0.08253477,0.07228506,0.01369109,0.09678687,0.10796193,0.10173297,0.01810008,0.04738677,0.14336485,0.05389708,0.10955712,0.03488837,0.05080899,0.10030029,0.13270363,0.05788982,0.11264907,0.03635629,0.04446149,0.09878131,0.10475613,0.03564894,0.09738043,0.099074,0.10742314,0.03605252,0.17319354,0.05485005,0.0806926,0.05631842,0.13717249,0.08534837,0.0820982,0.04629608,0.06596391,0.0570776,0.15361707,0.15174584,0.04894605,0.07143803,0.15556594,0.13813794,0.21320553,0.14563408,0.15984174,0.11476529,0.26742212,0.54023123,0.03977211,0.46742061,3
0.27052077,0.59454963,0.22892868,0.32321743,0.24760081,0.27971123,0.38958953,0.42361496,0.21606822,0.33174578,0.20455453,0.02425546,0.20729778,0.1638692,0.21899056,0.13350287,0.06723063,0.25035531,0.07584084,0.17047039,0.17659936,0.1352523,0.05434657,0.04981817,0.24939905,0.13881259,0.0359841,0.13955899,0.13811801,0.19323264,0.10931664,0.09928259,0.1169176,0.02901119,0.19629353,0.13349875,0.05401108,0.04045048,0.07775919,0.18037793,0.08978572,0.0497476,0.14552857,0.07661291,0.16096469,0.04866772,0.04895689,0.068257,0.19774288,0.08469185,0.0247433,0.03180977,0.12109111,0.03985861,0.07036788,0.00963973,0.19669586,0.07831633,0.01809621,0.03157964,0.18266463,0.06561696,0.0493006,0.08830495,0.13471059,0.07875171,0.08179912,0.12942111,0.22049792,0.14541726,0.16613445,0.15923344,0.21876569,0.25130242,0.23536078,0.23966307,4
0.19067158,0.54099942,0.16336475,0.35109731,0.27723026,0.16752246,0.66401933,0.14295942,0.544349,0.30595745,0.18415306,0.0733663,0.04774787,0.3449788,0.15404394,0.0664567,0.29431101,0.12187843,0.14056744,0.08713973,0.16434487,0.16067167,0.08910726,0.16310498,0.25247229,0.11358936,0.12903684,0.09060521,0.14293087,0.09982019,0.03518204,0.2122116,0.0890815,0.08233842,0.15848389,0.10784859,0.11836168,0.02444622,0.11952209,0.16201243,0.11269549,0.17355495,0.04323222,0.13003218,0.0613864,0.09135642,0.05638639,0.08759775,0.14793963,0.17161397,0.04470177,0.09823383,0.12795514,0.05437984,0.14410369,0.18266145,0.02059798,0.09863019,0.15445713,0.14096619,0.1139812,0.22589812,0.19710403,0.18745366,0.18009664,0.11858874,0.16881705,0.12499016,0.14518241,0.27309674,0.12605845,0.0731213,0.25460925,0.19777212,0.10522929,0.12419617,6
0.05379266,0.22749667,0.39836029,0.21064965,0.03560321,0.16325365,0.37003629,0.18138374,0.41218146,0.07061573,0.18586697,0.15754458,0.07809022,0.04612142,0.10661055,0.15778404,0.05738243,0.03113046,0.08736026,0.12596652,0.09694682,0.02587712,0.09249013,0.07363868,0.11273788,0.03712396,0.05078942,0.12446607,0.01267338,0.07626994,0.06072656,0.09621347,0.11457996,0.04766035,0.07849602,0.07200377,0.09406924,0.06150724,0.05721498,0.11533796,0.05015542,0.06290624,0.04553056,0.09760313,0.09642807,0.089088,0.04436446,0.03434492,0.10857995,0.06385667,0.03992634,0.03986313,0.10880981,0.0396434,0.06882503,0.09200489,0.08616893,0.08337255,0.06636189,0.12049792,0.05562195,0.11966735,0.1009719,0.05101314,0.0828267,0.12153823,0.14235359,0.11541231,0.17258114,0.10207137,0.05731157,0.07508216,0.25723091,0.24587825,0.15172342,0.114863,7
0.30633834,0.56197324,0.37188514,0.32075759,0.26475419,0.11443041,0.3079505,0.36073987,0.22546149,0.09006831,0.23590851,0.1679721,0.23168882,0.17409293,0.20526822,0.06814999,0.1777878,0.05289337,0.09631974,0.08796925,0.17691654,0.05229279,0.09531873,0.01361,0.1812241,0.02184865,0.09564708,0.03687269,0.08858517,0.05480972,0.12972735,0.05192003,0.07052427,0.06503907,0.13355883,0.04619674,0.05692842,0.07273652,0.094494,0.02480609,0.06531592,0.0718398,0.07381526,0.04493558,0.14150657,0.16368604,0.03860208,0.11189504,0.13411355,0.07410417,0.1862085,0.17145775,0.14533291,0.19074933,0.12456727,0.05741888,0.16636343,0.03829752,0.13524857,0.22222294,0.11026369,0.22953849,0.2269391,0.0308275,0.18210781,0.16284995,0.13490911,0.15143308,0.07065389,0.25266965,0.31590539,0.20689602,0.4316732,0.38528601,0.23415897,0.28342933,8
0.16741964,0.28445425,0.16199878,0.31323965,0.23135732,0.33176959,0.32555823,0.31715048,0.08481994,0.16947742,0.1987947,0.19190737,0.22267584,0.18656703,0.11665157,0.21220101,0.1767627,0.19754865,0.16406487,0.12912851,0.11255759,0.11035751,0.13392573,0.14473759,0.10468279,0.10538504,0.13667556,0.04825107,0.09235907,0.10180975,0.13608278,0.12678624,0.04866779,0.07878317,0.10500108,0.09920476,0.12541046,0.09547752,0.06997698,0.05935007,0.08346478,0.08412932,0.10382822,0.07245176,0.07382565,0.10512468,0.05620793,0.02303684,0.09849085,0.10082877,0.09165499,0.03057475,0.07664599,0.08054166,0.09275872,0.04373004,0.07409097,0.10142827,0.09398214,0.04014531,0.07624226,0.05087094,0.073109,0.02915195,0.09103034,0.11380523,0.1609974,0.22707936,0.22798469,0.14626119,0.05926766,0.08367856,0.11842778,0.3001078,0.45313274,0.16306805,4
0.26646581,0.29310665,0.34427248,0.28228756,0.49099333,0.10157335,0.33574917,0.27903072,0.35173903,0.17577573,0.32409859,0.22219095,0.22702564,0.04827582,0.20292143,0.11837255,0.213743,0.33607993,0.0610052,0.09288803,0.05001534,0.02440964,0.26975666,0.26862964,0.10565931,0.10926137,0.03596629,0.09039675,0.2301928,0.19523097,0.06935684,0.05592266,0.12008229,0.12856597,0.06759456,0.08235445,0.1915796,0.06284925,0.13734329,0.07601796,0.04333087,0.17292777,0.16584904,0.07166564,0.04327536,0.13210276,0.02999584,0.06658038,0.14082766,0.06281951,0.0806483,0.03242993,0.10686635,0.11882833,0.0631338,0.13781863,0.18966702,0.09517213,0.07407648,0.09365396,0.21286313,0.03622398,0.058473,0.05843622,0.11447595,0.20881007,0.06665097,0.22462391,0.29690801,0.15357329,0.19968656,0.25132314,0.17590884,0.19553849,0.12414795,0.12144319,10
0.17634078,0.47481482,0.37337452,0.21219979,0.19937842,0.1900765,0.13933394,0.28450424,0.1960052,0.2029158,0.14114387,0.21524882,0.06024976,0.2241052,0.0532342,0.20538478,0.06264887,0.19959152,0.05965856,0.11786945,0.11178278,0.14425011,0.04012168,0.15536739,0.17521026,0.04206073,0.09649466,0.08838641,0.03186869,0.08318685,0.12220777,0.03662872,0.08597938,0.06872891,0.07581175,0.02628612,0.13812826,0.04854665,0.09544342,0.10288757,0.09960993,0.04171479,0.1037298,0.01988889,0.03412184,0.01783961,0.13520888,0.12522709,0.10332587,0.12238458,0.07153933,0.11485396,0.06647737,0.17160987,0.07288366,0.0557923,0.1202384,0.09341647,0.07013092,0.14685461,0.17493456,0.05772494,0.12255884,0.09739854,0.07909245,0.06275812,0.20576505,0.14014666,0.13547636,0.11222465,0.19682143,0.08738634,0.36388091,0.47151592,0.07434498,0.42191642,3
0.21686553,0.63233295,0.27078667,0.40386726,0.09288368,0.1773664,0.12504335,0.19856744,0.06672465,0.20507211,0.02241746,0.21470951,0.01506164,0.14402187,0.14576364,0.17273786,0.06926824,0.16799442,0.05735282,0.06685335,0.1469951,0.10776287,0.1247941,0.12973781,0.11312411,0.07283966,0.13541931,0.0761889,0.11241347,0.10324944,0.07505113,0.09263274,0.11425768,0.0676138,0.08647521,0.07380625,0.07326902,0.10109859,0.0881144,0.02571027,0.07834368,0.06363858,0.08729925,0.11036341,0.08572771,0.09695577,0.05161404,0.06113318,0.05425455,0.099076,0.1048031,0.09739442,0.10313579,0.05131873,0.05728504,0.13754948,0.11281115,0.0842718,0.0653635,0.0936938,0.12119101,0.12418258,0.13601972,0.09930153,0.01715415,0.11970005,0.21134696,0.0807913,0.21646245,0.15814269,0.12437419,0.03154834,0.26503057,0.48899188,0.21916939,0.45833206,3
0.1286432,0.21425333,0.1510672,0.25112715,0.58662018,0.02860476,0.38230409,0.18790751,0.31777725,0.06713407,0.14424198,0.26604684,0.08774593,0.32599585,0.19766172,0.05552573,0.05423396,0.20458377,0.13405787,0.03769422,0.15185936,0.12883515,0.04097332,0.05040194,0.10768068,0.076595,0.04713327,0.17432096,0.04995164,0.06851754,0.12149579,0.06702157,0.08351939,0.05395508,0.0652454,0.08199779,0.09758009,0.11292042,0.06691297,0.10089879,0.06774604,0.05411705,0.11652325,0.07208996,0.05279917,0.07622037,0.04277557,0.07385995,0.08950504,0.07062668,0.05622269,0.08940552,0.05677447,0.10606542,0.06665459,0.10269449,0.10411541,0.07937843,0.06339006,0.10539425,0.06533994,0.13379827,0.0701208,0.19087346,0.07676593,0.15138892,0.02703824,0.04330482,0.05358232,0.207275,0.02993817,0.32871659,0.03081406,0.4325403,0.12534016,0.37758649,1
0.22449964,0.13431037,0.30432693,0.12428334,0.07930422,0.09270476,0.50348402,0.16043756,0.34213983,0.06414872,0.18100906,0.07192907,0.11158831,0.3099464,0.12219883,0.1404008,0.03902463,0.13793295,0.16012367,0.13953554,0.16786708,0.02812721,0.09157742,0.02855597,0.08245529,0.1575817,0.05445685,0.07921788,0.08394835,0.08185285,0.10175394,0.03875667,0.11468499,0.07111059,0.10188364,0.08901994,0.09612778,0.07803114,0.05810782,0.14351399,0.08588161,0.10143458,0.03369107,0.04569845,0.14874928,0.09857354,0.05148182,0.05839862,0.11918482,0.10032436,0.0504212,0.0303342,0.06420812,0.04413246,0.02889222,0.07525208,0.07637445,0.07295324,0.07431666,0.06347776,0.15155426,0.07979922,0.05909306,0.09587286,0.19631074,0.13340022,0.01639636,0.0623505,0.10259648,0.11614449,0.01086117,0.1213889,0.05276771,0.26612983,0.31480008,0.09720704,7
0.28099975,0.15349472,0.19804609,0.16718065,0.29698306,0.16770942,0.24947794,0.18244587,0.17925434,0.26433594,0.09315687,0.10532257,0.04991999,0.16193203,0.12322152,0.1303445,0.13477763,0.03360752,0.06409732,0.08874191,0.11350924,0.04502405,0.04023429,0.09870241,0.15378549,0.0533684,0.08045531,0.08043848,0.07649756,0.088672,0.1417345,0.08122017,0.03172852,0.05367279,0.09616951,0.09285676,0.02787143,0.08706665,0.09000581,0.10041869,0.06857673,0.06603547,0.08011749,0.022707,0.03884523,0.04269194,0.05628504,0.01105625,0.06040601,0.02452123,0.06660712,0.04303005,0.10038179,0.05876171,0.04023274,0.05143095,0.05316234,0.04633383,0.06571627,0.00905864,0.07717663,0.03085967,0.04892409,0.0797959,0.11438867,0.09982626,0.04828065,0.07970046,0.09829615,0.12927056,0.11441804,0.18859717,0.16894325,0.22856919,0.20579915,0.19872846,9
0.12667733,0.29671331,0.5036794,0.08808315,0.53480122,0.23131116,0.27581416,0.44809872,0.33367309,0.29042453,0.12980411,0.07100593,0.31315662,0.16211796,0.1183444,0.11964949,0.04057767,0.26534868,0.02365034,0.11430072,0.10245183,0.1345034,0.1961079,0.11057174,0.08264354,0.03202241,0.18064967,0.11784235,0.06072107,0.13500949,0.03464959,0.15145151,0.05830284,0.05210294,0.10851999,0.10319689,0.15873662,0.04660594,0.06069212,0.07190916,0.11623614,0.13389595,0.07856917,0.0599998,0.11633562,0.1027496,0.03760084,0.14154174,0.13455897,0.12345583,0.05505307,0.09761403,0.14022016,0.12225301,0.0128255,0.11485872,0.15922848,0.12546723,0.09066723,0.17007229,0.23869836,0.10994835,0.10145284,0.11418768,0.25447301,0.06387331,0.06526965,0.11100893,0.21666622,0.08302496,0.21003196,0.18013358,0.34094594,0.08688631,0.26476479,0.24421408,5
0.17324995,0.43733864,0.26464007,0.25621485,0.16098336,0.21434486,0.08827924,0.2060611,0.31701725,0.2619081,0.0543312,0.24305442,0.12902764,0.10866623,0.22513088,0.14301745,0.15013573,0.12113743,0.14391574,0.10921038,0.10873071,0.03749901,0.14612853,0.06978468,0.02641196,0.08334478,0.14204784,0.09095301,0.11400917,0.14912401,0.07858524,0.12973503,0.03381925,0.0568766,0.14800437,0.05284769,0.03918253,0.11312357,0.0530541,0.02868877,0.09265836,0.11947174,0.12672459,0.11897347,0.06975525,0.10655533,0.02148993,0.02529894,0.04949825,0.10978546,0.04612205,0.05574276,0.05413196,0.04125748,0.09892152,0.12074369,0.08787542,0.16263042,0.07013849,0.13514847,0.14385094,0.19490575,0.04076439,0.09933816,0.1105123,0.11111283,0.06780667,0.21203772,0.0723859,0.13894158,0.23842843,0.20780421,0.26900221,0.56360128,0.10924065,0.35492734,3
0.29569851,0.4668008,0.44333901,0.30873325,0.44344867,0.18967278,0.38321295,0.34551744,0.38568877,0.1564011,0.22561853,0.11894146,0.22787316,0.06057605,0.17287027,0.11868578,0.12667029,0.09331042,0.13440884,0.13937555,0.08585296,0.13463044,0.0966793,0.21899189,0.08627595,0.12093388,0.0563317,0.22377835,0.04396843,0.09792172,0.04255969,0.21242522,0.11327909,0.07992194,0.04389753,0.19098129,0.14574997,0.0302675,0.12293012,0.16966447,0.15564924,0.04327322,0.11870457,0.10529338,0.04427528,0.07502249,0.08797294,0.08163276,0.07794135,0.10547413,0.13796091,0.07091162,0.09912824,0.16046882,0.12485441,0.08226854,0.16020209,0.16240162,0.10762703,0.20137753,0.17061552,0.13345312,0.27150832,0.21636814,0.15211662,0.33159882,0.30540557,0.10727452,0.37416928,0.38224909,0.21079827,0.1625166,0.41959102,0.29430178,0.12011105,0.15641269,8
0.2908912,0.53634998,0.42455086,0.26045811,0.24535743,0.16097271,0.23925963,0.34803306,0.22344364,0.1059843,0.20222692,0.20817456,0.17415682,0.16811389,0.13263672,0.1526145,0.13032528,0.16111022,0.1225912,0.1028639,0.08784673,0.11846933,0.10561831,0.1160783,0.13507471,0.11707941,0.04295002,0.09381895,0.13733103,0.08543756,0.04432123,0.0870104,0.10854821,0.10259538,0.1021718,0.09856839,0.08966007,0.0746798,0.06567019,0.08478479,0.05832695,0.06189739,0.09231293,0.06339408,0.13960535,0.09889651,0.01446394,0.07370619,0.04166057,0.1107564,0.12006892,0.13804454,0.15504261,0.11579272,0.08195402,0.03943739,0.07699483,0.02998449,0.05470399,0.17522954,0.06795816,0.1321046,0.23156347,0.12772131,0.16221516,0.16882552,0.04245434,0.18530324,0.04492634,0.25843191,0.32236104,0.31407923,0.40138325,0.45747142,0.21827788,0.24249809,8
0.20400663,0.43850015,0.40032249,0.18312655,0.28701179,0.16340875,0.14367253,0.30007943,0.17364911,0.1847769,0.26255451,0.15860139,0.15850295,0.22912965,0.17614555,0.15803178,0.19333052,0.14271214,0.14500142,0.18659375,0.12246385,0.07690393,0.14097152,0.08257019,0.0642413,0.12396541,0.11389022,0.03428176,0.07410226,0.18437581,0.09311057,0.12306901,0.08079114,0.02497303,0.08412624,0.17707131,0.08665927,0.09696834,0.07249,0.14772735,0.08266728,0.13964713,0.08617847,0.05552798,0.11949411,0.06910772,0.10519445,0.05270212,0.1481053,0.09368776,0.06355132,0.04255592,0.06813051,0.01972573,0.12732151,0.12003223,0.13781712,0.18012542,0.03842307,0.07132888,0.14920695,0.12611703,0.1180092,0.13769618,0.21068114,0.05655951,0.12596621,0.07491802,0.08401934,0.10670928,0.29088677,0.23889071,0.39242246,0.47556043,0.02245442,0.44524,3
0.16703784,0.43776512,0.3857455,0.26950119,0.4898718,0.1869894,0.50417171,0.30115002,0.40831821,0.26675959,0.18108189,0.09428855,0.25864681,0.16233871,0.08284479,0.02441558,0.03692527,0.27421393,0.05290645,0.09366968,0.0548371,0.13255683,0.17577236,0.05469239,0.08042136,0.08946619,0.19580903,0.11993527,0.06196049,0.11317079,0.14984397,0.17266374,0.09933269,0.11776908,0.15979506,0.14915674,0.12893698,0.06956267,0.08722639,0.14390811,0.11683654,0.03499796,0.10538473,0.07119198,0.16131653,0.0621893,0.02851367,0.04606563,0.1073789,0.01265111,0.05249134,0.08165457,0.05694492,0.07124446,0.13308722,0.14643728,0.12304709,0.16010544,0.20097625,0.0813485,0.17097186,0.25583192,0.13057618,0.03017021,0.28727581,0.20605396,0.15341461,0.10051712,0.34697109,0.26161724,0.08950417,0.15917702,0.43030875,0.16919208,0.20880845,0.13545281,5
0.36791513,0.51629288,0.39507242,0.30100162,0.14750732,0.38408812,0.33924536,0.35991118,0.07423931,0.24933443,0.12447094,0.11800984,0.29969366,0.33587395,0.23395945,0.16696054,0.13252897,0.14821818,0.11290524,0.15705282,0.18110255,0.01453065,0.09323328,0.22213279,0.15918343,0.08671993,0.07658902,0.12349717,0.05008001,0.13141798,0.04520809,0.10115534,0.03923825,0.10608072,0.11029722,0.05743048,0.05910463,0.07808633,0.07754698,0.11193812,0.03491341,0.05410969,0.07218017,0.03507983,0.15176497,0.16099909,0.07760425,0.05605098,0.15904775,0.14309807,0.1005486,0.01336499,0.15281854,0.11824857,0.05658757,0.02130076,0.16011664,0.10226297,0.0174078,0.06874333,0.19588088,0.13482573,0.06637351,0.05255899,0.16851237,0.15284303,0.06703616,0.02999248,0.14283357,0.091032,0.09057837,0.13000463,0.08837479,0.07147351,0.18284082,0.1637787,4
0.27784506,0.64649807,0.3863792,0.46439697,0.17605309,0.10666909,0.21031958,0.06385661,0.13045181,0.21923366,0.17767206,0.07808571,0.1423595,0.05483572,0.07745207,0.1459228,0.21105518,0.05735191,0.18151032,0.18664782,0.14697315,0.0832808,0.14536427,0.02828145,0.08186908,0.14257084,0.15654118,0.02173952,0.10174314,0.14913717,0.14618496,0.0895076,0.12278111,0.01806187,0.11369935,0.11327733,0.14062052,0.04202311,0.09231926,0.12154298,0.15731919,0.07416572,0.10323311,0.02537221,0.0429962,0.1162176,0.10374731,0.0206059,0.13693765,0.05885388,0.0783793,0.10961346,0.02708664,0.12377536,0.11624443,0.0101499,0.14909847,0.08547791,0.09246572,0.12544993,0.02981551,0.13206432,0.15591269,0.03897588,0.21859568,0.1427891,0.06259369,0.12303131,0.08355186,0.16288262,0.13472922,0.16389428,0.38103209,0.35435252,0.20276841,0.28681451,8
0.05950799,0.48610172,0.1840573,0.38248089,0.40082053,0.15784974,0.51310602,0.18096943,0.53709621,0.40895111,0.16484936,0.06678787,0.10129218,0.20172495,0.28622232,0.14573888,0.10951173,0.03765175,0.2353721,0.27755749,0.19241305,0.05910695,0.08460895,0.17023299,0.22746367,0.10184585,0.03931124,0.05383366,0.2136376,0.19423609,0.1305818,0.04847113,0.03754814,0.1841838,0.13176197,0.08782326,0.07281112,0.03847192,0.15539775,0.13876275,0.06012551,0.08386042,0.02133508,0.14299379,0.00476429,0.04962762,0.19747919,0.17836518,0.02434884,0.07024445,0.1976516,0.12035181,0.01725779,0.07515226,0.20376414,0.18106207,0.03134679,0.07731389,0.13170854,0.16537281,0.04806346,0.09730704,0.17559132,0.1365658,0.08449058,0.10199139,0.12082275,0.1404435,0.05327103,0.02332938,0.10657695,0.14689212,0.19361922,0.13754821,0.16903762,0.04897688,5
0.07863194,0.11687908,0.12625489,0.27044833,0.02789754,0.0863684,0.31344059,0.04480684,0.33743028,0.02835646,0.10800466,0.14146658,0.06537549,0.04411187,0.03291794,0.09764997,0.08259958,0.10712644,0.01237849,0.03865819,0.08096503,0.06378289,0.05855346,0.03345741,0.03789935,0.06531938,0.05331566,0.04499503,0.07170904,0.0403546,0.06718001,0.03936417,0.01578469,0.08418322,0.06450526,0.07448708,0.03379361,0.01588598,0.06524332,0.09157991,0.07529777,0.03860138,0.0235736,0.04736423,0.09876723,0.04374264,0.00406632,0.02577676,0.08546887,0.04486266,0.00187021,0.0446411,0.08637623,0.04233202,0.02648857,0.08678499,0.08718372,0.02365373,0.04258105,0.10997621,0.08454829,0.04048838,0.0237751,0.06081576,0.04846601,0.04386372,0.03391158,0.12349175,0.03738702,0.11285155,0.10117888,0.10541339,0.08518628,0.37017737,0.07221017,0.299072,9
0.27988353,0.20234637,0.31087277,0.19467232,0.27430741,0.18492572,0.45536248,0.36882992,0.20840448,0.10625284,0.04240888,0.20369163,0.27616797,0.16518697,0.04154693,0.17520741,0.08641994,0.09074033,0.06871537,0.150329,0.07821106,0.12343092,0.09073379,0.13858768,0.0736637,0.1471207,0.02827691,0.05312935,0.09677645,0.1647353,0.06465085,0.04542465,0.07315356,0.04504878,0.08454708,0.07920387,0.09116059,0.07349551,0.0112779,0.10419482,0.08328068,0.08473273,0.06493413,0.05546357,0.08804204,0.1433016,0.02705716,0.08757354,0.16652819,0.04387917,0.09526484,0.06954445,0.0622135,0.11484881,0.07421538,0.10060382,0.13832391,0.06706853,0.12468385,0.02174864,0.06128238,0.13029972,0.04012158,0.17215797,0.12567017,0.09753721,0.23012696,0.26047269,0.15047216,0.31515109,0.19616517,0.10621385,0.28932615,0.25010393,0.03286868,0.02675165,10
0.33364056,0.55809758,0.44386337,0.27405093,0.17933645,0.14685472,0.20008854,0.36136995,0.2470194,0.1516948,0.13061608,0.21891333,0.15053637,0.13983171,0.07756454,0.18168143,0.12795934,0.16365345,0.06200995,0.1339036,0.11866129,0.14547952,0.07190831,0.07756978,0.12939428,0.1193272,0.09613632,0.07669961,0.03053116,0.11312198,0.11908659,0.07960673,0.07318587,0.06789397,0.10145095,0.08863155,0.08692657,0.05797176,0.09476095,0.11378864,0.07816299,0.08081042,0.11363391,0.05914878,0.09064353,0.07089365,0.07326512,0.09825879,0.11351844,0.08594772,0.06771041,0.06541548,0.10733717,0.0715171,0.08994815,0.1368752,0.08672621,0.1147275,0.10872287,0.02057574,0.09959229,0.04623118,0.15581168,0.18652432,0.12085415,0.22116191,0.11717523,0.11394854,0.11242603,0.11929199,0.26564606,0.24185109,0.35774508,0.41709708,0.29296712,0.2570434,8
0.27201332,0.27101079,0.37928929,0.18453968,0.4673569,0.08023468,0.35149438,0.41449097,0.20482913,0.10905299,0.20790946,0.23114468,0.27030906,0.09195291,0.18774066,0.09144682,0.14858589,0.30735137,0.14759532,0.10736067,0.11721155,0.19792567,0.11537478,0.12572172,0.07089739,0.0602506,0.178424,0.10851665,0.06695014,0.02671403,0.16536102,0.06986057,0.11519344,0.11261015,0.17337049,0.08857253,0.10027395,0.02722563,0.05891208,0.12225355,0.08679517,0.04669102,0.05177964,0.11404234,0.15445916,0.06318017,0.01487941,0.16100673,0.0233857,0.03044611,0.20067385,0.1536516,0.05234098,0.18172493,0.17135844,0.03620613,0.14816764,0.18357539,0.07174364,0.11855737,0.17396074,0.09477644,0.22898619,0.07024768,0.11444415,0.30007708,0.15816923,0.17572019,0.34839202,0.21081028,0.1660143,0.15008767,0.20950355,0.15084069,0.10408102,0.13696905,7
0.33462677,0.28022547,0.379659,0.3319301,0.41217607,0.11545599,0.26081732,0.25764436,0.30845196,0.09721582,0.28036636,0.17458485,0.26923681,0.11407102,0.25955189,0.05777173,0.17406859,0.28384273,0.17121703,0.09645425,0.12397509,0.0709949,0.18556992,0.31970855,0.14482593,0.03848834,0.12660948,0.11325124,0.23817686,0.11355395,0.04034059,0.04904062,0.17145833,0.046252,0.05808591,0.06525717,0.12397933,0.08657087,0.14293629,0.1316282,0.0698276,0.04599073,0.18699142,0.0975847,0.0594365,0.11485714,0.0729623,0.03315304,0.13348086,0.12172767,0.00772781,0.07070604,0.13969649,0.03751935,0.08232124,0.08259656,0.08149574,0.18465735,0.08191399,0.06971115,0.22029224,0.09887541,0.06597957,0.0515327,0.12114368,0.15166796,0.12597579,0.13051802,0.2548851,0.16480217,0.1940937,0.20692066,0.24635295,0.20468724,0.12006129,0.16193848,10
0.11768223,0.33709721,0.17547219,0.42296103,0.4555636,0.19716596,0.51710996,0.03986598,0.51167334,0.20239865,0.18807927,0.34355551,0.17906223,0.1584873,0.06315914,0.08559705,0.22632651,0.24839486,0.03007666,0.10231678,0.01562575,0.14771425,0.18759342,0.1169864,0.11299651,0.15119836,0.03673661,0.10051842,0.17424734,0.16052341,0.13000923,0.01635556,0.04368726,0.08429799,0.11004942,0.09101263,0.10524719,0.07667795,0.07472233,0.03443096,0.0550919,0.06638202,0.08474198,0.06825638,0.08938034,0.14883149,0.03065902,0.05985024,0.06559361,0.12651176,0.04928663,0.10773408,0.00823961,0.02846809,0.05803162,0.17737738,0.07384137,0.0882968,0.06295433,0.15970998,0.11206207,0.1586057,0.17590808,0.20106504,0.07524227,0.25103405,0.17283788,0.14273984,0.13228912,0.27952339,0.22714151,0.0278173,0.33679957,0.08087788,0.06951142,0.08822237,5
0.143564,0.23743117,0.39557703,0.05363466,0.20770836,0.15547854,0.48447384,0.16017406,0.29477575,0.11977276,0.22371663,0.14937467,0.16910261,0.23321968,0.1026167,0.10618945,0.10105893,0.17711529,0.16531325,0.11679082,0.0881827,0.0525951,0.08189483,0.10885201,0.11840244,0.17528667,0.06384272,0.00468259,0.05890265,0.0381126,0.10915123,0.10850213,0.10006475,0.05260919,0.08182416,0.07036462,0.05043518,0.12999537,0.11366088,0.11058282,0.093936,0.06227487,0.06544268,0.03744817,0.10236902,0.03970666,0.10415622,0.08461591,0.13735087,0.09573425,0.05679149,0.10341545,0.08168885,0.08223372,0.03853556,0.07115546,0.10236084,0.12793975,0.15567386,0.07855794,0.1480251,0.05266744,0.04821309,0.07884914,0.123281,0.04391014,0.07062538,0.23959899,0.22999484,0.26247933,0.19881331,0.12267758,0.16991918,0.2221679,0.23214425,0.14364223,10
0.24697448,0.22066579,0.25372925,0.16494571,0.15915094,0.10951592,0.34039913,0.1920109,0.29796528,0.02508519,0.09703317,0.11169722,0.07846178,0.02709919,0.08298701,0.08585682,0.12074818,0.0446477,0.05490496,0.07518156,0.0853792,0.04569205,0.06079754,0.04432793,0.09611746,0.03586587,0.01209116,0.05923906,0.08432282,0.10425821,0.0215134,0.0172029,0.03580862,0.03570011,0.07628323,0.04578735,0.04465707,0.05629026,0.05404541,0.05861075,0.06214789,0.04092286,0.05549841,0.02427651,0.10765324,0.05668023,0.08294363,0.02903773,0.08871469,0.04980501,0.12674107,0.0320403,0.10479444,0.07573261,0.06061964,0.0789418,0.04517763,0.09650658,0.06618552,0.09225937,0.01100381,0.10964963,0.04975934,0.06511596,0.0815868,0.06287971,0.07482063,0.14510974,0.09781385,0.1785606,0.11620381,0.2918185,0.06242066,0.35815874,0.20261542,0.08864748,9
0.24633103,0.65370512,0.2503722,0.4544235,0.05216777,0.13738166,0.19849673,0.18539573,0.22941131,0.1082837,0.10443549,0.12776286,0.09640709,0.06609174,0.15271871,0.08544606,0.11392935,0.06482184,0.06411791,0.14823278,0.11554562,0.10053774,0.07672577,0.07682276,0.1143497,0.13221972,0.08415139,0.08373615,0.07186303,0.08960031,0.12182649,0.07453688,0.08392095,0.08003795,0.10732456,0.09930727,0.08106572,0.07851657,0.0959079,0.12857989,0.07756785,0.08959484,0.04247929,0.08778923,0.08750577,0.04870876,0.12190672,0.11824386,0.13249688,0.07724177,0.07684709,0.0918386,0.14688914,0.13248326,0.00255567,0.06522295,0.10713431,0.13078223,0.08701331,0.10489757,0.05496209,0.05599269,0.19647223,0.11160309,0.07961207,0.09339373,0.20353607,0.16634387,0.18748293,0.22967067,0.02668754,0.06913456,0.24942233,0.43252813,0.19788066,0.50200878,3
0.11610534,0.31206335,0.44203275,0.12467101,0.49302827,0.18297478,0.18662548,0.28992058,0.2219454,0.25443927,0.26081843,0.12068376,0.16666214,0.11799302,0.19279192,0.19382737,0.02956941,0.14408035,0.09069452,0.08388293,0.24118697,0.07141682,0.13505026,0.14159015,0.04126689,0.2339853,0.06848746,0.10779986,0.16228715,0.07687057,0.20843718,0.08092268,0.09576395,0.16312772,0.09880301,0.12189305,0.10008205,0.04876787,0.22008113,0.03655063,0.10638455,0.09782232,0.04964426,0.18044532,0.08175189,0.02640589,0.13154414,0.03699416,0.06729587,0.03004185,0.15033034,0.03545531,0.09543609,0.06945178,0.15012182,0.049821,0.05983062,0.14707495,0.1339854,0.05659238,0.05349921,0.09910035,0.07668178,0.06113737,0.15352226,0.16827467,0.12326889,0.08652325,0.11963848,0.20902292,0.04711736,0.17183188,0.15998203,0.15112004,0.22946056,0.14960018,5
0.34192221,0.43023383,0.46542399,0.28068626,0.44924981,0.20364762,0.36509615,0.36994556,0.36493122,0.203014,0.24462789,0.14057679,0.20729617,0.1163637,0.19969395,0.17279692,0.0443787,0.07783155,0.16200461,0.21973798,0.08475662,0.08408606,0.05867639,0.19343995,0.15383907,0.0240165,0.03626574,0.16246405,0.0205834,0.0407604,0.07733104,0.09542624,0.07382673,0.12856486,0.1097325,0.05510641,0.04747303,0.09478832,0.15979331,0.07241511,0.05015918,0.06094082,0.14653668,0.10306484,0.09281722,0.05009143,0.17647291,0.13416206,0.05365807,0.19928883,0.15498011,0.07137789,0.18446376,0.21769358,0.08522121,0.15458053,0.25016353,0.09872019,0.14879767,0.18385504,0.17047685,0.16979126,0.28071978,0.14864921,0.21473035,0.32576872,0.22559453,0.21360298,0.37356033,0.34205462,0.20142628,0.12586747,0.39247365,0.26054783,0.11075474,0.15208753,8
0.07381621,0.44686803,0.35365746,0.1164999,0.1350247,0.25573671,0.45348887,0.22285672,0.31776714,0.04603273,0.17215026,0.26482641,0.18632513,0.09688326,0.089586,0.0655485,0.1159732,0.18436446,0.159742,0.15604406,0.06247343,0.02176097,0.10899177,0.14248271,0.14292553,0.09309028,0.06289704,0.05450983,0.09023261,0.09240095,0.12681266,0.05085531,0.06176666,0.06416661,0.09084158,0.12964391,0.02702216,0.02851224,0.07993913,0.12526208,0.12204921,0.05818875,0.00472567,0.08073137,0.12670798,0.03064542,0.04637645,0.03262759,0.13875385,0.02495407,0.04007371,0.05959912,0.09834121,0.0797905,0.03122024,0.05916034,0.05740829,0.08278193,0.04402846,0.07472151,0.11768605,0.01838462,0.132378,0.08878562,0.2094144,0.02102375,0.10146059,0.0640253,0.16649326,0.10135496,0.08330488,0.16219407,0.14390732,0.24253068,0.103976,0.13786315,4
0.28928323,0.43387756,0.45502827,0.21895182,0.45659067,0.17022765,0.38365522,0.40330966,0.40296532,0.15714617,0.25804719,0.07846482,0.19844211,0.05096404,0.21435627,0.15807744,0.11222416,0.10282509,0.16336882,0.21717925,0.03648216,0.11157048,0.07658738,0.18788886,0.1212007,0.08742672,0.06646764,0.20093182,0.02706428,0.05182836,0.08282983,0.15494867,0.09197156,0.08928062,0.07721616,0.14854242,0.10547552,0.0418367,0.11526929,0.16351828,0.11836774,0.01369532,0.11417826,0.11207934,0.06671985,0.07125973,0.10044254,0.15941257,0.04578807,0.14829831,0.20102892,0.08950353,0.16413513,0.20272097,0.13641353,0.04728966,0.2228815,0.17082803,0.10346482,0.15802541,0.19725201,0.15872966,0.21991298,0.18079781,0.19415085,0.2879289,0.28760509,0.13843164,0.37232342,0.37627453,0.12944767,0.08906413,0.41279967,0.21291635,0.06252084,0.20275439,8
0.12095466,0.08960595,0.65570877,0.22976634,0.16659731,0.15719781,0.11363262,0.32028249,0.22268753,0.20582536,0.1382316,0.06122731,0.14135071,0.11182276,0.18345167,0.16799429,0.02801097,0.03626552,0.14149983,0.12720979,0.13156944,0.08948119,0.05916536,0.13226823,0.09306521,0.10026445,0.07771733,0.04297117,0.09368888,0.08385776,0.11249866,0.03800559,0.04810415,0.1132841,0.07130842,0.12852676,0.06648398,0.04679273,0.09220842,0.0621646,0.11139783,0.08289817,0.04119384,0.07357277,0.03015312,0.07257858,0.05486639,0.04928591,0.02751325,0.07621411,0.05694671,0.01857433,0.00528745,0.10455981,0.04294792,0.0183571,0.0188856,0.10521841,0.09112074,0.02699054,0.02365944,0.05824137,0.08512138,0.03178535,0.03063048,0.03640909,0.0748854,0.02811584,0.10082204,0.07590289,0.15558138,0.12680825,0.13326406,0.17333026,0.33672381,0.22892551,2
0.14195431,0.0090002,0.06831621,0.37594392,0.26425155,0.12701595,0.36189367,0.14069376,0.30614262,0.14235173,0.13014366,0.07923976,0.08114127,0.25902803,0.08222529,0.08052053,0.17041924,0.1342857,0.03359765,0.13229784,0.01134415,0.07358823,0.08299358,0.13982919,0.06639196,0.02188636,0.06374572,0.00925,0.11784157,0.01982253,0.06499584,0.06177301,0.06568044,0.02709905,0.02278949,0.12216047,0.04853153,0.04376002,0.04270009,0.06278841,0.05866928,0.08102686,0.09997846,0.03608254,0.09142748,0.03844972,0.07692649,0.0932433,0.03990808,0.05052092,0.12576631,0.04441695,0.10279201,0.03331133,0.03093926,0.05594221,0.05896495,0.07089691,0.04337292,0.05577278,0.06762813,0.07408707,0.02931035,0.13943808,0.06289224,0.15981148,0.14949861,0.02193697,0.08065566,0.10533629,0.14429262,0.19522333,0.14837899,0.36021008,0.15984817,0.28756713,9
0.29832056,0.15485604,0.15778887,0.17814143,0.44161885,0.09661761,0.35143085,0.41708583,0.33337667,0.07109133,0.20902858,0.26108178,0.32083042,0.04148078,0.21169772,0.09979058,0.12813195,0.33244483,0.16242391,0.03022823,0.19102594,0.1290713,0.05661868,0.14035926,0.13267017,0.06113685,0.07863707,0.12888794,0.14810276,0.07626816,0.04577053,0.047475,0.03888764,0.21116757,0.04525246,0.11858402,0.03102732,0.08774899,0.087463,0.06727374,0.08650257,0.11608096,0.05235051,0.08653807,0.08890771,0.07045135,0.06965559,0.01415612,0.02768915,0.12561538,0.0217804,0.07451214,0.11574133,0.06785159,0.12559493,0.04192267,0.05231336,0.15892844,0.06198107,0.16617245,0.15896051,0.07934531,0.20622719,0.18985577,0.02827558,0.23419914,0.24606914,0.11945991,0.28327866,0.28111167,0.17154734,0.15885694,0.26304638,0.22896906,0.13094699,0.03404362,10
0.11977092,0.47642787,0.28494801,0.18814184,0.26065792,0.24830223,0.10353309,0.31908569,0.17696153,0.18360327,0.1319316,0.23103241,0.06758238,0.23907313,0.15147816,0.13661714,0.07525627,0.18425727,0.04834736,0.049881,0.14183378,0.03926533,0.12280405,0.06518244,0.05052564,0.02283621,0.13014623,0.03577071,0.12350454,0.0813829,0.07948718,0.06358858,0.1133615,0.0125491,0.06425796,0.11555569,0.04375537,0.0710772,0.06119767,0.06294239,0.03167985,0.08962641,0.01093593,0.12151162,0.07171238,0.08798788,0.10537579,0.11400736,0.12702315,0.07810182,0.05154684,0.02833162,0.01512857,0.03817254,0.0869611,0.05864383,0.06927019,0.0813482,0.14258559,0.14960222,0.17834487,0.14731765,0.1587209,0.12410538,0.11101395,0.16803922,0.0433125,0.07154381,0.05001966,0.00813938,0.27183726,0.37991215,0.32104378,0.53267259,0.12168415,0.29911524,3
0.29134039,0.50163828,0.38735285,0.20486265,0.25688783,0.15962063,0.29471878,0.40728334,0.30409929,0.10838406,0.22915044,0.18339591,0.15896649,0.17558917,0.20342982,0.13429071,0.12193542,0.11109427,0.07013663,0.08975119,0.12587611,0.11529628,0.06430444,0.08015408,0.1648789,0.12637339,0.03765202,0.07757186,0.10614907,0.13519358,0.03643032,0.10739731,0.1128465,0.0720959,0.07717547,0.14614799,0.0963001,0.05857742,0.06759226,0.14187579,0.07037801,0.07526716,0.09765064,0.03293952,0.14718499,0.07069547,0.08778777,0.07784557,0.08475788,0.14446035,0.12339938,0.10182451,0.17091272,0.10437185,0.06459467,0.10620374,0.11236155,0.06575711,0.15376723,0.20145011,0.12598935,0.23089866,0.17673724,0.08863163,0.1786657,0.1123599,0.16847015,0.19592217,0.07197138,0.31959304,0.29803049,0.26324851,0.46043117,0.35307693,0.23961602,0.21584586,8
0.15164202,0.32939849,0.2924889,0.09757577,0.31796216,0.30382674,0.66871724,0.11990414,0.20552607,0.19602242,0.18278596,0.43278572,0.3680766,0.5076785,0.16900686,0.05925172,0.03944877,0.04873266,0.36172141,0.20168229,0.18700513,0.2075542,0.05483172,0.07192722,0.14069423,0.13342575,0.05734058,0.06541393,0.13956956,0.14228068,0.13662025,0.13042922,0.14114878,0.05907998,0.18713015,0.04700435,0.05878545,0.06192671,0.04748904,0.08330752,0.11472788,0.14373286,0.05023208,0.07839647,0.11999139,0.14806538,0.12851722,0.09839844,0.1661596,0.16502708,0.09094567,0.04722015,0.19497737,0.11470382,0.10934611,0.0903954,0.13327183,0.12892093,0.11086559,0.09245255,0.13896352,0.17212382,0.14904435,0.15432349,0.13036359,0.20088022,0.10321713,0.07254231,0.24072952,0.17803784,0.20444263,0.11125994,0.29104423,0.12801892,0.03028559,0.07559427,6
0.06139238,0.17731112,0.10392303,0.31295219,0.55374661,0.02457657,0.4164445,0.08992767,0.40951428,0.10604336,0.09536827,0.180505,0.0891826,0.32908878,0.16279238,0.04406195,0.1456791,0.12492828,0.00230379,0.07689128,0.10480315,0.08050623,0.06841512,0.14389149,0.08144455,0.06190119,0.0782568,0.11325178,0.03455624,0.04355499,0.10561223,0.06940881,0.08213718,0.07929905,0.0721381,0.05682213,0.02931325,0.09289687,0.07047962,0.0334218,0.08896183,0.08085121,0.07248683,0.01467411,0.04068272,0.07113335,0.0709291,0.0400359,0.09000166,0.0504322,0.07515051,0.07589244,0.06333558,0.07385417,0.0850643,0.05921605,0.10166387,0.06661793,0.10415486,0.06001015,0.07362242,0.09978131,0.09866457,0.14009108,0.09566582,0.12749789,0.10597546,0.03815227,0.08192097,0.21286411,0.08332892,0.32834584,0.04813097,0.39868342,0.054745,0.37292372,1
0.17485534,0.50234368,0.09724518,0.24225868,0.23272485,0.13810003,0.65294763,0.21572053,0.48464589,0.3212217,0.15716174,0.11072943,0.08900074,0.3528733,0.11083682,0.16851229,0.33333851,0.1488736,0.09414939,0.06176312,0.12422052,0.13498741,0.09435928,0.18923303,0.08987115,0.31235162,0.11043546,0.0868394,0.08587236,0.17191072,0.1044035,0.10602039,0.24885941,0.10881487,0.13234969,0.18529244,0.07823331,0.08199387,0.11231131,0.11162816,0.14508112,0.13938558,0.22062035,0.106915,0.19765159,0.08541908,0.07569469,0.05166169,0.06600912,0.08685529,0.12954692,0.07080779,0.13956093,0.03349167,0.01053929,0.13863546,0.05661736,0.15534405,0.17346301,0.07600212,0.20704842,0.08860161,0.08830274,0.09223132,0.12123264,0.21326518,0.09104897,0.1162433,0.24296412,0.1699596,0.10571721,0.02711621,0.21718191,0.02219098,0.04130881,0.04974375,6
0.24744374,0.67684329,0.26433409,0.54818412,0.14245569,0.1005679,0.20473174,0.20908684,0.16665515,0.16580729,0.15600743,0.18488211,0.14689817,0.15437327,0.11742618,0.1837633,0.14225189,0.13403266,0.10287495,0.11709867,0.16399717,0.1387532,0.09259963,0.07337486,0.15073859,0.13356419,0.12885349,0.05295293,0.06687746,0.13516266,0.15175627,0.07344656,0.07202119,0.06206241,0.12125178,0.1221,0.09370732,0.05350165,0.11025097,0.13653822,0.0906239,0.07955253,0.08890649,0.08322613,0.11396094,0.08329344,0.09683098,0.04960282,0.1152373,0.10410146,0.07473345,0.04648351,0.09658028,0.12589315,0.09539813,0.06605448,0.11417793,0.08827881,0.07766893,0.09067255,0.14113382,0.14882585,0.04558992,0.0242096,0.09409253,0.1613025,0.11679815,0.15409277,0.19498381,0.08033352,0.04757892,0.12323141,0.31169261,0.3605926,0.29985873,0.36083193,8
0.13063383,0.47143508,0.26944599,0.15363212,0.27125975,0.2094439,0.14716353,0.32545862,0.1659505,0.16527194,0.19224407,0.19349067,0.17571185,0.18564077,0.10729093,0.13955843,0.1325809,0.15610865,0.13331225,0.06416994,0.08081442,0.13254666,0.07174604,0.13020699,0.10171682,0.10459165,0.07787219,0.10923589,0.04816598,0.08720609,0.0844217,0.05334608,0.04362808,0.10715655,0.0347704,0.02470056,0.08879228,0.07836932,0.07964927,0.06372436,0.10273452,0.06560055,0.11328314,0.0256171,0.00703474,0.02303511,0.1045796,0.07753418,0.11339017,0.06418171,0.08382841,0.06285618,0.08237931,0.10216877,0.02930726,0.05890139,0.02880296,0.05527457,0.14104874,0.11617087,0.16056778,0.10144254,0.11020629,0.03224787,0.13190971,0.1379834,0.10637324,0.1546796,0.05133952,0.06011818,0.25819608,0.30407654,0.35048864,0.50234429,0.05342555,0.39829071,3
0.12733731,0.38703477,0.11687787,0.04173926,0.43239407,0.3182967,0.63082199,0.07668423,0.37445929,0.21577365,0.12947874,0.44365839,0.34762388,0.49391237,0.30515817,0.25911472,0.277826,0.10866489,0.24301501,0.14485078,0.06152069,0.18251608,0.25613954,0.20315231,0.10652671,0.10494613,0.32045461,0.32457953,0.061651,0.08877836,0.08191305,0.1961936,0.14235405,0.11113105,0.06552257,0.04917161,0.14762985,0.21496656,0.19958258,0.0783199,0.11510848,0.19095191,0.21812918,0.13039947,0.11712945,0.08711524,0.10056845,0.13412087,0.06275386,0.12324177,0.0169043,0.03430667,0.12947957,0.16909351,0.09454803,0.03902855,0.13595525,0.16864445,0.08210649,0.03398131,0.1257073,0.12556475,0.07633855,0.04199662,0.17565903,0.17526243,0.03551786,0.05091509,0.17103926,0.09503051,0.13461875,0.00778369,0.26389275,0.03324787,0.01082077,0.09299433,6
0.15054053,0.54620924,0.06510376,0.26377847,0.21458713,0.14720256,0.66665184,0.19283234,0.61003356,0.26821798,0.19985139,0.0635703,0.05235957,0.37768261,0.15059167,0.17078988,0.25829822,0.16699864,0.20029682,0.07556501,0.05944834,0.15570925,0.18643311,0.16674293,0.0845298,0.22678482,0.10742684,0.03383106,0.15473633,0.06469219,0.15172567,0.06128978,0.22215805,0.14786698,0.12123408,0.08702932,0.03177896,0.18594895,0.06579421,0.10845529,0.06845239,0.13326543,0.13952299,0.06779922,0.08344713,0.08272183,0.10039754,0.14526668,0.05027948,0.07259417,0.13188289,0.12456545,0.04377731,0.09712236,0.15473454,0.14649546,0.12736701,0.1369316,0.1750343,0.12112011,0.146496,0.17075769,0.10164866,0.10822608,0.1239501,0.17574177,0.14200756,0.05032935,0.23000564,0.13930974,0.09047641,0.05988689,0.21943964,0.08733728,0.04964257,0.04318308,6
0.14463908,0.31066498,0.54675426,0.4278732,0.15705216,0.10441813,0.16923413,0.23242782,0.15660506,0.15546812,0.12533122,0.14324083,0.15562273,0.06067208,0.14780738,0.1385956,0.04280794,0.13149188,0.03326139,0.18435108,0.09865537,0.03772156,0.09596406,0.07114417,0.15433683,0.12174277,0.01496377,0.09187413,0.10995815,0.14921685,0.10768647,0.05727494,0.10184159,0.06581576,0.13564385,0.12670968,0.04964231,0.0814212,0.07321327,0.11681863,0.11951058,0.04102422,0.0841682,0.05872189,0.10893992,0.07204642,0.02435475,0.04685821,0.1024732,0.06745761,0.04496447,0.04666375,0.11485018,0.05873282,0.02886039,0.0477684,0.10192252,0.07278526,0.01711627,0.08094671,0.09013235,0.04474338,0.03879464,0.06803494,0.10771843,0.04427389,0.10354318,0.10951677,0.08904446,0.02546342,0.05607597,0.07272509,0.25582652,0.1451052,0.14611945,0.23408219,2
0.31742013,0.30306809,0.39247551,0.30446425,0.46351632,0.11399892,0.36010986,0.36684368,0.18973975,0.10908516,0.20654868,0.20139114,0.29585989,0.17266971,0.17744923,0.08739005,0.11017607,0.25657365,0.15095617,0.08896851,0.15024542,0.17060339,0.09670289,0.10795417,0.12105755,0.07142575,0.15992475,0.0775176,0.05499548,0.05561873,0.15497216,0.06413091,0.01639214,0.09015521,0.11881224,0.13796227,0.08009367,0.03545904,0.0869207,0.15991711,0.05694891,0.01624301,0.04068985,0.15800588,0.049549,0.10895442,0.09700056,0.18600775,0.10735425,0.08186879,0.17947812,0.04733722,0.08949606,0.18365643,0.04246643,0.17464926,0.14469807,0.08592199,0.2066708,0.16591396,0.11707434,0.16181791,0.26431897,0.10944334,0.14002465,0.35440414,0.11904834,0.16026521,0.39823654,0.17965605,0.10276905,0.15558035,0.17892216,0.11128432,0.06190203,0.03424626,10
0.12273378,0.41920833,0.36388718,0.04684291,0.35081974,0.19679218,0.3316973,0.23568872,0.37037031,0.09779003,0.28425748,0.12073807,0.16173079,0.06112419,0.21422494,0.16390515,0.07480011,0.05429542,0.07506287,0.09263049,0.191632,0.16255333,0.03836336,0.09119763,0.15305501,0.14580012,0.09776448,0.09343379,0.04229266,0.0260597,0.12415769,0.17849648,0.0791224,0.07075575,0.07499353,0.14384739,0.09995363,0.0564221,0.03551835,0.03758573,0.08002202,0.14862706,0.11864882,0.05322573,0.06692971,0.07093463,0.07161652,0.05324101,0.05753647,0.14181094,0.13276353,0.05255325,0.06372707,0.09525009,0.07725936,0.05385983,0.03158344,0.12941921,0.1681504,0.15068206,0.04556845,0.07160392,0.10732039,0.0550282,0.1079366,0.09580472,0.20416912,0.18206562,0.03326288,0.12781407,0.28255259,0.26192505,0.371899,0.06353514,0.10041878,0.31203522,7
0.20175379,0.60776228,0.27005577,0.34502454,0.13374531,0.07533578,0.37834229,0.07079323,0.32597809,0.02243468,0.20814975,0.15454769,0.11804114,0.14595074,0.10880443,0.14915908,0.13596379,0.0791681,0.02390099,0.13038779,0.1206928,0.08108153,0.07976905,0.05629547,0.1394344,0.06257877,0.10868411,0.09916512,0.0624978,0.07100235,0.11926087,0.1122363,0.0779891,0.09771923,0.13561772,0.12979187,0.07437128,0.07754049,0.08934649,0.14274689,0.0998101,0.07086045,0.10019448,0.04468814,0.09182498,0.02373606,0.02438905,0.04745845,0.02670538,0.05673024,0.06202674,0.08734106,0.1062741,0.09111264,0.04991314,0.02737671,0.11948045,0.0809086,0.02858945,0.03520701,0.10648155,0.04969304,0.03362464,0.12707739,0.03894515,0.14410272,0.16158619,0.19586997,0.15405996,0.25745949,0.15927993,0.14487113,0.22010204,0.1348348,0.09588692,0.07134358,2
0.26182164,0.17753252,0.33487649,0.22411181,0.22265017,0.19838369,0.41742069,0.2912217,0.22921859,0.19097601,0.06545757,0.17591762,0.23196554,0.12840356,0.0613768,0.18819844,0.13198396,0.05025525,0.02230764,0.19853084,0.11632635,0.07737467,0.06027944,0.1357803,0.12068693,0.15156645,0.08168156,0.07430063,0.079136,0.18377905,0.11122843,0.03741212,0.0948081,0.06702214,0.13339269,0.10484597,0.08176717,0.07804329,0.03192325,0.14284155,0.10781005,0.06672841,0.05439656,0.03121727,0.12143528,0.0735031,0.14785404,0.06686124,0.15055987,0.11740259,0.0240098,0.08618905,0.10719005,0.06132134,0.10978384,0.05625272,0.15384423,0.06679153,0.03563803,0.09369792,0.04584884,0.11257572,0.08759414,0.01938979,0.17404433,0.04062034,0.10070395,0.19667146,0.05581916,0.22890186,0.22854345,0.21054685,0.30042254,0.29841107,0.06215225,0.09513122,10
0.33497839,0.45684812,0.50883331,0.29374154,0.39700427,0.11268321,0.32732605,0.32527649,0.34119622,0.09102,0.30358056,0.07194,0.28863628,0.09305435,0.25754964,0.16261098,0.18698697,0.08645264,0.11927244,0.20216867,0.07482078,0.16509906,0.02163491,0.17715324,0.00363148,0.14704142,0.08402467,0.14142863,0.01579697,0.09893607,0.13869744,0.06277854,0.09242444,0.13373783,0.11822337,0.0487777,0.10659455,0.04283993,0.11631373,0.09187815,0.07039963,0.09230455,0.0373418,0.03562716,0.08378354,0.16629923,0.09972089,0.08232146,0.1167222,0.07960177,0.09777308,0.23367032,0.05107754,0.11200489,0.25617534,0.14283974,0.15937371,0.21851032,0.13225211,0.05560615,0.21080169,0.04492732,0.0528562,0.1816201,0.05066898,0.16304331,0.22368444,0.23424392,0.29451533,0.29185363,0.25290297,0.15026478,0.38751891,0.27393393,0.07857807,0.17761534,8
0.12660725,0.67909283,0.17143887,0.54724222,0.14308919,0.21380992,0.16386203,0.1071273,0.08942869,0.04255156,0.11546037,0.074916,0.11928158,0.11409514,0.11286127,0.14625298,0.10073978,0.10780253,0.06368591,0.10716984,0.10633063,0.05771385,0.04162057,0.03973958,0.13245239,0.11960359,0.08040678,0.05698386,0.05651345,0.140446,0.13665351,0.07590949,0.04836508,0.00315502,0.11199821,0.11142145,0.08317097,0.03839927,0.05646173,0.10762408,0.11598773,0.10160384,0.0506515,0.05119195,0.10516018,0.10237358,0.08421492,0.05594407,0.09741634,0.10511862,0.11546481,0.03531394,0.12015569,0.07420651,0.09101025,0.03477559,0.12967718,0.09373841,0.09248195,0.10377283,0.12767599,0.10080444,0.07214188,0.16389176,0.16423058,0.17204283,0.04341369,0.17010156,0.11039192,0.17830706,0.08195805,0.04089393,0.065349,0.05171056,0.13133935,0.09462987,2
0.27716038,0.25403715,0.41532756,0.23769572,0.38266988,0.13819892,0.33774177,0.41875567,0.21520271,0.10724418,0.08426257,0.15000716,0.20926114,0.19686562,0.05743521,0.13311273,0.14811843,0.14860918,0.06285108,0.10559609,0.13850834,0.13610323,0.09289265,0.10608192,0.12663542,0.12608969,0.0645294,0.06432337,0.05951942,0.12839669,0.07458661,0.03652757,0.0661336,0.10475652,0.10362977,0.04711708,0.04513704,0.08136865,0.03960147,0.05351401,0.03245307,0.09425605,0.08935426,0.03916551,0.12046826,0.1359473,0.07170479,0.02958785,0.13905778,0.07879643,0.03397009,0.06034254,0.11095733,0.02737475,0.06504785,0.08379216,0.07540648,0.02918005,0.10934521,0.13026783,0.04172825,0.13245274,0.19912232,0.09654346,0.12848142,0.24541292,0.17678371,0.06664799,0.28673662,0.22362058,0.08417798,0.20933308,0.24066305,0.10170063,0.12772547,0.18952884,7
0.31149098,0.58707513,0.39799134,0.3583489,0.19101361,0.13216418,0.20247927,0.26757812,0.15236373,0.15422537,0.17001068,0.21841521,0.16891891,0.24473782,0.09435948,0.18244852,0.1295728,0.17212751,0.07219609,0.15801297,0.1303915,0.13875796,0.0459328,0.05085145,0.13251521,0.1369989,0.09165277,0.08396843,0.03214187,0.12374865,0.13341948,0.09841112,0.06661451,0.05823223,0.12848269,0.09692305,0.10819847,0.0655353,0.06170785,0.104559,0.1184388,0.08411388,0.10962732,0.0710323,0.09834426,0.09493774,0.074837,0.0936096,0.11737745,0.09978741,0.0555087,0.02312417,0.10958774,0.05692448,0.11306058,0.12594466,0.10048892,0.12886058,0.10220788,0.08984901,0.08155546,0.05075449,0.18589169,0.1494711,0.14641059,0.19550541,0.08412485,0.06253675,0.07497765,0.15060611,0.25176329,0.29462961,0.38083127,0.42296629,0.26635505,0.34450104,8
0.15802936,0.27948802,0.08068149,0.14935662,0.33484628,0.10903978,0.35882446,0.11898292,0.2077218,0.12760841,0.15927024,0.05858048,0.03590102,0.14994099,0.11157557,0.13323215,0.09966126,0.09759426,0.13640269,0.07603567,0.06795895,0.09134208,0.16351929,0.05391327,0.06281461,0.02946618,0.09891413,0.03585652,0.03711213,0.016785,0.09601078,0.07962351,0.0437789,0.1035476,0.05409844,0.04997915,0.03356341,0.07119913,0.09314746,0.06043633,0.03449333,0.02730816,0.07285405,0.0327784,0.01677496,0.06853546,0.09896581,0.05053106,0.00674664,0.07151831,0.03628909,0.05658288,0.05519832,0.07882099,0.00980415,0.09546981,0.1141933,0.03576935,0.10363685,0.14148586,0.0157262,0.03229419,0.10819764,0.02662302,0.09219448,0.09111393,0.02668425,0.04921313,0.11310118,0.18826795,0.10594153,0.33827642,0.2376219,0.23964578,0.08532882,0.29863879,9
0.1224876,0.33893331,0.06185794,0.24739296,0.14293914,0.12004689,0.28129897,0.02440451,0.30235101,0.17212186,0.08466622,0.09264869,0.10386368,0.03766124,0.16279925,0.08208799,0.02769517,0.07656931,0.05067494,0.11498013,0.08796758,0.09202874,0.07802967,0.03483016,0.05355516,0.08253412,0.1071012,0.08247466,0.03690267,0.01749739,0.0574089,0.07214458,0.09074655,0.09920005,0.02637261,0.0302763,0.0323268,0.09804957,0.0781256,0.02755885,0.02588706,0.04003992,0.09600146,0.08270563,0.06989864,0.07760532,0.03841387,0.03330614,0.07569426,0.06917899,0.03241203,0.05672698,0.08509083,0.09380351,0.03977072,0.04739358,0.07854349,0.12729426,0.01994318,0.04222244,0.06747968,0.12121557,0.02566119,0.10846591,0.05690005,0.06337143,0.01398622,0.13033999,0.06104451,0.06344895,0.02964467,0.09662594,0.08787096,0.28187557,0.01644248,0.38359259,9
0.1703502,0.49435043,0.45460907,0.20050278,0.49230241,0.13290577,0.449378,0.28948007,0.38824786,0.27803479,0.20695068,0.13063652,0.25160994,0.06445968,0.02811334,0.14191452,0.06334212,0.14980797,0.04249381,0.08007269,0.12083736,0.14096193,0.05314288,0.165013,0.12573178,0.20751456,0.03379135,0.1342885,0.0574327,0.22206712,0.12886819,0.12074919,0.11028832,0.02480734,0.16970148,0.08462305,0.12811539,0.06865066,0.07601933,0.07484719,0.10158253,0.12641667,0.0552867,0.0078797,0.15958109,0.12754653,0.08585128,0.06830406,0.17388511,0.05238936,0.07237787,0.1010973,0.07303116,0.04148281,0.09541468,0.15307305,0.01564478,0.10297782,0.19877444,0.12737448,0.06919523,0.24104087,0.20453466,0.09210961,0.29237287,0.29745875,0.16279034,0.09292201,0.39671826,0.31299149,0.03003862,0.16528956,0.44085579,0.15240226,0.22769146,0.21353154,5
0.05659861,0.1023774,0.2319285,0.37451048,0.06597307,0.04936899,0.27620901,0.01551726,0.309418,0.05669474,0.08565929,0.15171043,0.0627205,0.08323589,0.05711631,0.14657391,0.07469954,0.06628252,0.1223832,0.0955466,0.15646535,0.09183114,0.03676691,0.09224009,0.10613328,0.10399266,0.08615529,0.10168757,0.06814876,0.06510142,0.05976507,0.03502985,0.06889306,0.0875589,0.0273823,0.02303583,0.03255999,0.01228702,0.07299737,0.08677148,0.07571783,0.02921517,0.04181662,0.01499939,0.07302906,0.03636199,0.02029733,0.04026558,0.04549984,0.00281872,0.0371567,0.0475766,0.09256983,0.05411023,0.06666775,0.06285058,0.14849431,0.07114054,0.01663733,0.02791358,0.13182639,0.04319816,0.06439291,0.06871586,0.06994989,0.02299242,0.04808094,0.08012792,0.05465411,0.09446466,0.09749347,0.13243297,0.0987652,0.32019742,0.08774049,0.33615301,9
0.20569917,0.51368178,0.31170825,0.19458079,0.3862622,0.08426484,0.3806209,0.3793872,0.26746253,0.06050429,0.27237603,0.16223909,0.11221023,0.15772123,0.18540452,0.07566048,0.04326423,0.09857491,0.19104982,0.09441509,0.0526042,0.08313969,0.1336572,0.08771081,0.03115106,0.07373165,0.11604681,0.06698516,0.08939828,0.1135933,0.1125831,0.06006031,0.05942587,0.09638006,0.09227756,0.04073155,0.06181363,0.11094642,0.09352189,0.02909466,0.07438317,0.09531522,0.07392196,0.02627693,0.05053127,0.11937194,0.07651453,0.05500459,0.13467215,0.0501449,0.06629349,0.11502488,0.01570619,0.12218058,0.12936479,0.13704734,0.12832322,0.12338918,0.11590719,0.03610254,0.113911,0.11264653,0.05114782,0.15555807,0.11606912,0.0124085,0.2190016,0.18150574,0.1705593,0.3127255,0.2803754,0.12861103,0.43978672,0.40512818,0.1304681,0.16530841,2
0.10872939,0.52391906,0.39350714,0.4398618,0.17284451,0.24719863,0.02730478,0.19129279,0.31283704,0.09115203,0.20459276,0.19204209,0.07922225,0.06363648,0.12429643,0.19566655,0.14155754,0.05030673,0.03961065,0.07798694,0.14037468,0.15996067,0.06943818,0.04734284,0.05949503,0.10603385,0.12469409,0.07541919,0.05907363,0.05938845,0.07392324,0.13025724,0.10674761,0.03776632,0.05797853,0.05594561,0.10986941,0.13580803,0.10372424,0.09082141,0.03878619,0.09426742,0.11438794,0.10367056,0.12241309,0.07919719,0.05205158,0.08921709,0.14076286,0.08260985,0.05186811,0.07314557,0.12448461,0.09826676,0.03140191,0.09380619,0.10863354,0.09989906,0.04922372,0.05189685,0.06608899,0.11735477,0.06864637,0.07382284,0.05039869,0.12709937,0.07788012,0.0777584,0.04230078,0.14329066,0.06101285,0.09720708,0.09886404,0.12176883,0.07224582,0.08608387,2
0.17642732,0.27785352,0.32383934,0.11173073,0.32002554,0.2229476,0.46896171,0.12932198,0.43168616,0.11728928,0.2966484,0.20607098,0.02644562,0.2323334,0.12132354,0.11048642,0.12705944,0.17906574,0.0670745,0.09042861,0.16029516,0.20121452,0.10379227,0.06405438,0.01646383,0.03561234,0.15360578,0.1730405,0.12142417,0.07385436,0.08211377,0.14206569,0.10705681,0.14647668,0.09344441,0.02614015,0.05325274,0.15568366,0.19552086,0.07084022,0.02176078,0.03845027,0.09006289,0.1403965,0.10164883,0.04278201,0.08281145,0.08265259,0.0550695,0.05395586,0.04638707,0.11139169,0.1259429,0.12323565,0.09534511,0.08599287,0.0514092,0.08939019,0.03581014,0.08213873,0.13752354,0.14049348,0.14074381,0.05923073,0.03230682,0.07184188,0.03532442,0.1157575,0.16244769,0.21209409,0.27560541,0.12944719,0.25110185,0.14946936,0.19207691,0.27759815,10
0.02728039,0.44768573,0.27297709,0.21664548,0.12615102,0.08617626,0.53746332,0.0796383,0.45254832,0.11014381,0.1296449,0.09773311,0.32485194,0.17377216,0.20231456,0.22126891,0.01979655,0.15931219,0.058557,0.21357753,0.15676525,0.13039055,0.05242732,0.10030489,0.14223957,0.17388024,0.12088265,0.0288332,0.06491274,0.16911679,0.20413851,0.03669649,0.104011,0.07240302,0.19365793,0.15426126,0.07932289,0.06414021,0.05539856,0.13617524,0.13078049,0.11295109,0.03851961,0.05858253,0.12416435,0.09669585,0.08495914,0.04296363,0.13638675,0.07175218,0.04000762,0.01285971,0.10184896,0.03939955,0.05614659,0.04634158,0.16275403,0.07568834,0.0901441,0.07759779,0.16967816,0.0725872,0.08903062,0.04432036,0.10329401,0.03776181,0.04907768,0.03723974,0.13327167,0.10464706,0.0761876,0.07151322,0.17382373,0.16903441,0.07665535,0.13669159,6
0.04983689,0.4735347,0.37670802,0.23445929,0.53905936,0.2576992,0.53637883,0.16492859,0.45177529,0.3697909,0.04336286,0.18824308,0.18132187,0.23061312,0.20368136,0.13964293,0.12570337,0.1104113,0.18809795,0.12585404,0.09343942,0.22017024,0.05161706,0.11856347,0.04767756,0.02424866,0.20872399,0.05575456,0.09315093,0.06370397,0.03439353,0.20250102,0.11082006,0.06989309,0.04474594,0.04735609,0.17257149,0.068828,0.07106994,0.08249579,0.09983796,0.11263665,0.07947594,0.09689323,0.10744275,0.07932917,0.05926496,0.0991703,0.09935661,0.06979938,0.13561493,0.11678076,0.11543028,0.0570959,0.11417089,0.14834284,0.18436113,0.11842988,0.11849968,0.219425,0.17146375,0.13434281,0.19860131,0.2127215,0.19523887,0.07138013,0.106693,0.2100929,0.18601257,0.08194055,0.09166942,0.13185372,0.33281029,0.02910715,0.20933136,0.10670265,5
0.04522309,0.56509658,0.33293794,0.34802553,0.45045045,0.13784802,0.50762136,0.24938182,0.43750118,0.35441026,0.19098581,0.11060169,0.20596474,0.13088114,0.30387638,0.08401266,0.16167599,0.07464199,0.11917714,0.24297845,0.1831902,0.14390327,0.18038879,0.07484682,0.26993443,0.13300515,0.09912997,0.11498344,0.0450021,0.18356882,0.15998917,0.13976661,0.13355082,0.06182063,0.20752748,0.16949738,0.08071201,0.13184761,0.08156343,0.1823741,0.15997186,0.09562288,0.12512002,0.06100665,0.08660303,0.09403998,0.08969672,0.1220522,0.09752563,0.05309598,0.10688522,0.1480838,0.13595934,0.05721194,0.11617707,0.13078251,0.16566599,0.05990453,0.09358659,0.16978552,0.14351809,0.01178634,0.10043682,0.12091864,0.24885227,0.05986807,0.13669847,0.10986936,0.11206948,0.07379632,0.0348268,0.11252172,0.29839974,0.13775029,0.21062066,0.07112086,5
0.16276833,0.24255534,0.16262102,0.28757009,0.30555302,0.1615464,0.27227041,0.14965791,0.24756642,0.26497812,0.07837738,0.06273057,0.08212575,0.11910308,0.10862433,0.02065363,0.14945338,0.05048332,0.12938064,0.0848372,0.03826223,0.10580649,0.03684398,0.04233498,0.1174312,0.05430702,0.04382081,0.03692204,0.11788959,0.04062191,0.05253732,0.12899764,0.01885226,0.09422594,0.02264958,0.05934705,0.04326168,0.03191982,0.03220936,0.03788341,0.07757337,0.07484098,0.04089431,0.08759729,0.09305819,0.10410154,0.09022063,0.07148822,0.10434735,0.08901653,0.0300414,0.06429948,0.09997779,0.09201555,0.09321581,0.07414437,0.1345178,0.11330172,0.05525799,0.04358194,0.15155272,0.04181403,0.0701414,0.04934859,0.12220973,0.10955502,0.07671338,0.04759119,0.15020172,0.0609482,0.03253529,0.10266742,0.16649931,0.23357145,0.13520424,0.33530325,9
0.26989806,0.49544293,0.38410827,0.2890903,0.4349584,0.19072104,0.36821082,0.42364183,0.28278991,0.04185518,0.23973299,0.18695132,0.05691837,0.1759238,0.22112607,0.11027201,0.07506922,0.0953271,0.18942118,0.08879684,0.06027004,0.07681029,0.17457942,0.09226132,0.04355998,0.08943653,0.14242005,0.042975,0.0857399,0.09613323,0.10117736,0.01062536,0.06580226,0.0884115,0.08077441,0.01181917,0.06088804,0.05191268,0.09606454,0.00436014,0.0533032,0.03654441,0.09368654,0.07819696,0.07421722,0.09177488,0.07046396,0.07574763,0.10068979,0.0792208,0.07213499,0.16830299,0.0534563,0.06037228,0.20077903,0.16370287,0.07722765,0.2129695,0.16073311,0.09440404,0.21937457,0.15015572,0.14844431,0.26137565,0.08708731,0.21331577,0.31698545,0.30017639,0.30038512,0.38315481,0.35654528,0.06181373,0.41122434,0.41030016,0.05769983,0.19552539,2
0.26382688,0.5186636,0.30528219,0.19598749,0.27784823,0.23610304,0.35374776,0.47112625,0.31322551,0.12675695,0.22291191,0.19364172,0.22814152,0.07115379,0.14793313,0.1493472,0.149458,0.07453363,0.14091972,0.14399383,0.08965627,0.08335127,0.15444113,0.11971733,0.06831625,0.10142063,0.13191294,0.1128374,0.13925663,0.11105474,0.07742538,0.10748715,0.12843161,0.08022776,0.02799131,0.10003418,0.12475069,0.10285684,0.05718857,0.09199194,0.09058691,0.07654971,0.06669701,0.12277034,0.06613101,0.0509702,0.12537756,0.13988088,0.07701698,0.16596571,0.09942373,0.04860434,0.12258385,0.05005127,0.03803004,0.10492754,0.09040498,0.10499075,0.12433933,0.18553254,0.10421544,0.13412408,0.20967628,0.04898504,0.14062665,0.10568471,0.05951213,0.21786664,0.04885986,0.27547429,0.33812604,0.33549941,0.43285014,0.36452075,0.34097702,0.12666607,8
0.2621199,0.23801943,0.33422001,0.1737268,0.35234553,0.14806949,0.37052167,0.34839951,0.29248545,0.1014715,0.1390474,0.24321244,0.29768772,0.09671735,0.17404384,0.07966859,0.05986894,0.2396385,0.14062032,0.07981133,0.07954551,0.16774346,0.07903612,0.09992788,0.04405778,0.15140336,0.13187927,0.07886944,0.0917188,0.10727037,0.11085055,0.15308837,0.03672048,0.08161262,0.0643548,0.17197959,0.05242844,0.04947872,0.09673188,0.14360068,0.10817778,0.09581487,0.04319092,0.03634491,0.01051086,0.06519347,0.07906212,0.13666966,0.03557833,0.10406021,0.16836574,0.09149691,0.09228155,0.15086451,0.10596512,0.09660653,0.13435519,0.16809157,0.16586725,0.07882004,0.18759082,0.21579477,0.05126867,0.01809461,0.18975959,0.11405875,0.10448039,0.11659003,0.19876362,0.22711863,0.15570488,0.12187767,0.2820118,0.24154815,0.06292999,0.18421975,10
0.33105042,0.56910388,0.38758137,0.33955864,0.04669864,0.17949708,0.35041965,0.52852974,0.24650011,0.08489963,0.1252366,0.1827088,0.09923712,0.02835823,0.11534092,0.12229465,0.15466861,0.087695,0.0684295,0.13499269,0.12663224,0.07510858,0.05428458,0.06154672,0.14324046,0.13126512,0.05623515,0.04179605,0.0679557,0.14167535,0.1321126,0.06233016,0.04293068,0.06137285,0.13385003,0.11999494,0.08337063,0.06355488,0.06369531,0.12449279,0.11581617,0.08317108,0.03625667,0.04853401,0.09254521,0.08975904,0.06884164,0.04716883,0.09063538,0.09009711,0.05793736,0.04522194,0.10515798,0.08604731,0.03272584,0.04929041,0.11797021,0.09964556,0.0350246,0.02386666,0.14179049,0.10606234,0.08004376,0.04054064,0.17331584,0.13843102,0.15787846,0.1285705,0.149406,0.1097083,0.11185813,0.07404927,0.11948296,0.10001911,0.04538496,0.16870597,4
0.09483458,0.21126083,0.1375153,0.06206977,0.2834348,0.17708938,0.62481025,0.26859098,0.23140404,0.11119101,0.28369767,0.266942,0.27666039,0.4390481,0.01267954,0.09414951,0.0394661,0.11235507,0.12709308,0.20350607,0.18705348,0.15111357,0.07692621,0.03057116,0.06365022,0.05024242,0.02187601,0.12257746,0.08334942,0.21211382,0.13045152,0.09207745,0.06257491,0.02684858,0.07613582,0.03263714,0.10745425,0.06298175,0.06330781,0.11001817,0.10064598,0.10241982,0.04397267,0.02401318,0.19800726,0.18504237,0.10720538,0.0730433,0.06729422,0.08587498,0.04522509,0.03760434,0.16632375,0.15665599,0.09533811,0.18855776,0.07000331,0.03901902,0.07165028,0.12898194,0.13819609,0.19328268,0.25934541,0.12806231,0.1134677,0.15713611,0.18474874,0.16303732,0.31568125,0.26975467,0.07499589,0.05446808,0.24100577,0.20266996,0.03291007,0.03062932,6
0.13797034,0.23342013,0.36625782,0.03909738,0.27865273,0.24718486,0.51126404,0.15312341,0.27115221,0.10027412,0.24934912,0.18837174,0.12243103,0.31266903,0.03191096,0.01708707,0.05335835,0.27837617,0.12856097,0.18672056,0.15789694,0.05472329,0.06470835,0.07607401,0.06135667,0.13748903,0.13366901,0.08478265,0.08034897,0.10215514,0.15334372,0.0996764,0.07562364,0.11208905,0.06462721,0.0720659,0.12530897,0.14614337,0.05682795,0.1448742,0.05391113,0.04008045,0.02601417,0.09204064,0.15892284,0.10004064,0.08277618,0.1070721,0.11313295,0.07438627,0.01344395,0.07740364,0.14045595,0.15371663,0.15842914,0.04603651,0.04525974,0.02428214,0.06073151,0.03382707,0.18727834,0.08550142,0.12724177,0.20450991,0.13734604,0.12432475,0.13808826,0.14337186,0.19315823,0.30391715,0.25811477,0.09247063,0.22866105,0.15879374,0.25600091,0.13561052,10
0.18485696,0.15621695,0.1393504,0.32937095,0.2878096,0.11364696,0.32072069,0.21702204,0.25335319,0.17141402,0.06820579,0.05883852,0.09359241,0.16309098,0.06698643,0.08888901,0.15383356,0.06423342,0.12135261,0.12953169,0.05887066,0.09199158,0.08635256,0.10037224,0.02947928,0.05012667,0.05246874,0.06851702,0.14833873,0.06014071,0.0402119,0.05608721,0.0768352,0.03190205,0.01269147,0.09566424,0.04638721,0.03934108,0.05809133,0.09628639,0.05994603,0.05054868,0.06696129,0.01058617,0.03988871,0.03171099,0.02653198,0.09137212,0.02405286,0.09593473,0.07134583,0.06285242,0.09582625,0.03704946,0.0297062,0.03939413,0.08660068,0.05610884,0.06542408,0.02409025,0.05709474,0.04101537,0.08090145,0.10512397,0.02343426,0.18346741,0.14971127,0.09138354,0.10102494,0.17292448,0.12849044,0.10637852,0.14130274,0.28744419,0.06667819,0.35048015,9
0.02164508,0.53290899,0.40921427,0.19522659,0.4936144,0.1544885,0.5052627,0.25453438,0.47000038,0.26908798,0.16786638,0.09997917,0.26682195,0.25337625,0.26193407,0.13209555,0.06210296,0.18050207,0.14903047,0.22525173,0.04293475,0.09756889,0.16128074,0.179368,0.08619528,0.08058068,0.05721489,0.23564479,0.16573472,0.08372604,0.01678285,0.12171208,0.20274846,0.08469724,0.05126688,0.01074638,0.1000486,0.16172131,0.07487954,0.07712273,0.03662041,0.1007677,0.12888197,0.05717079,0.07103606,0.03480815,0.09193513,0.10515426,0.08919928,0.01293224,0.12736284,0.11430233,0.08403441,0.04940674,0.11262022,0.14235979,0.15778511,0.06165712,0.14783868,0.20575846,0.2436633,0.02931377,0.2401102,0.17114481,0.18628864,0.08252224,0.15065447,0.12303071,0.21216856,0.10780971,0.08950848,0.17339646,0.42018521,0.11304867,0.31258378,0.18511739,5
0.28110287,0.32860355,0.07381853,0.13074537,0.13861203,0.31448253,0.67783584,0.16867556,0.42174696,0.19297391,0.07518792,0.24044827,0.25292957,0.46973583,0.11720776,0.12294563,0.1082518,0.03662983,0.211812,0.13703673,0.17218415,0.02971537,0.06549356,0.03911973,0.21481992,0.08326317,0.13847206,0.1361704,0.05704897,0.06744521,0.20800922,0.09634362,0.08166344,0.13344965,0.16087385,0.05857029,0.14422899,0.09382399,0.11072059,0.13534891,0.11539777,0.06103441,0.04781524,0.07816969,0.16550156,0.08053522,0.02722487,0.08663567,0.08900797,0.13164416,0.07857003,0.03018857,0.15421484,0.06025471,0.07437244,0.08506644,0.08407561,0.09561409,0.06349273,0.05293974,0.17805341,0.07371861,0.09251088,0.13672839,0.14424878,0.13585888,0.00598678,0.10302903,0.07542354,0.16131155,0.15347528,0.10568461,0.21547922,0.19449928,0.1949042,0.02141735,6
0.23764186,0.30502348,0.37742816,0.18849589,0.50736144,0.05715751,0.32502072,0.30099113,0.31381345,0.18028906,0.3233068,0.19197482,0.20470154,0.10053675,0.24172828,0.11268103,0.16916314,0.32656163,0.07679906,0.17138043,0.09460783,0.01674661,0.22313771,0.21778094,0.096429,0.17075719,0.05050457,0.13975703,0.17994609,0.17978414,0.05599029,0.02152568,0.20438655,0.17441001,0.07568226,0.01508546,0.1049822,0.12531404,0.15126215,0.1130222,0.05939131,0.09080912,0.07377694,0.15281402,0.13932605,0.09705987,0.10416025,0.14867683,0.19771577,0.00787796,0.08694533,0.04651622,0.11564775,0.1385792,0.01989266,0.17143609,0.19688465,0.11221414,0.13649998,0.11589436,0.19810604,0.0126317,0.05270652,0.08420759,0.08775281,0.16321901,0.07149148,0.22848939,0.30580707,0.12484689,0.24557589,0.226277,0.19424984,0.21635081,0.15878863,0.13949636,7
0.1560832,0.47721846,0.13102415,0.21883794,0.18001188,0.14427364,0.66258324,0.21005894,0.41159049,0.16788364,0.32070127,0.1901324,0.08113798,0.45835605,0.13141608,0.18861398,0.139334,0.34727474,0.18055516,0.18037313,0.12415344,0.0627609,0.09655718,0.08659512,0.13957771,0.14591495,0.25287131,0.16761129,0.14997456,0.06179184,0.12058341,0.06766519,0.07293717,0.21741056,0.17673452,0.15120551,0.12938486,0.09568523,0.06470367,0.12160131,0.08036477,0.17664561,0.15629339,0.14922693,0.08588647,0.10026811,0.04410832,0.01580005,0.13291315,0.07498965,0.05203378,0.1029913,0.04376137,0.06261334,0.08727191,0.05438141,0.17529482,0.16169975,0.0757162,0.04141874,0.07827149,0.0751597,0.03578297,0.08097387,0.10285385,0.10134995,0.11182858,0.13895081,0.23195559,0.18301006,0.19076325,0.14331682,0.25782712,0.12230535,0.17772703,0.12117911,6
0.15434356,0.06328969,0.25751153,0.1449275,0.22472906,0.14395789,0.4827397,0.41725356,0.15899819,0.12303985,0.06952378,0.15644896,0.12218531,0.35376345,0.06797037,0.11949624,0.2077325,0.05222672,0.05248392,0.02664683,0.16827047,0.02636799,0.13562443,0.25895196,0.10586091,0.04727008,0.08099549,0.16017184,0.06055808,0.09926643,0.06115897,0.10821214,0.05027174,0.13300446,0.02676521,0.07346487,0.07152117,0.14584081,0.08373954,0.01461482,0.08828351,0.0654771,0.06204138,0.02222078,0.05654803,0.04431482,0.10652276,0.04953569,0.10005169,0.08852365,0.01837364,0.0499031,0.04712289,0.05463528,0.04371124,0.07061504,0.07589639,0.03065861,0.07947348,0.10574211,0.05249617,0.02572612,0.12251656,0.18201125,0.08895439,0.1732296,0.16090566,0.11467723,0.0778603,0.16667524,0.23937091,0.13985393,0.30724833,0.28083958,0.18894763,0.14949812,7
0.17722163,0.45050518,0.46392536,0.16692392,0.23761837,0.01148927,0.21976087,0.29705833,0.10728591,0.14974442,0.10381771,0.1427795,0.14248671,0.0630508,0.11310247,0.09585909,0.07499936,0.12152804,0.02897389,0.08268107,0.06048259,0.11761749,0.04333259,0.02079825,0.03729009,0.07145365,0.09896213,0.08964712,0.01395838,0.04209163,0.07193527,0.09410138,0.04726974,0.03464078,0.05239363,0.08155348,0.07353578,0.0478685,0.06256494,0.05382877,0.10055672,0.09228346,0.0409224,0.06897583,0.01692923,0.09433949,0.12145581,0.10414147,0.05400898,0.09866427,0.1014583,0.09444878,0.08658134,0.12500203,0.12161297,0.06057623,0.13641927,0.12868476,0.13844718,0.07785953,0.09098992,0.15580771,0.12215006,0.02073322,0.15234785,0.15389398,0.04780773,0.04275553,0.17339918,0.25038976,0.11242544,0.09216606,0.30596953,0.07287453,0.13375113,0.31546671,2
0.17472628,0.62095147,0.12995347,0.39797664,0.12825571,0.2002145,0.1890217,0.23522149,0.21932685,0.23720043,0.20476999,0.20939894,0.15822064,0.10591557,0.23817314,0.09631514,0.10903126,0.01026544,0.08893828,0.1012056,0.0895302,0.06490152,0.14805404,0.08487217,0.06495476,0.19502736,0.09174434,0.12952584,0.03529702,0.11197228,0.13722942,0.04974753,0.03368476,0.04549256,0.0593158,0.01427872,0.08804531,0.04833806,0.11335694,0.11367868,0.09715091,0.07444781,0.05621832,0.05816073,0.02240414,0.0517817,0.14413012,0.11704288,0.14139956,0.11171839,0.17442047,0.0674236,0.19817341,0.07204475,0.03609318,0.1090961,0.07360331,0.13230562,0.10797653,0.11188,0.11127909,0.22197113,0.15617993,0.02767779,0.18846221,0.12299138,0.10275927,0.22379261,0.11162433,0.20633396,0.14745762,0.15213704,0.20464777,0.54598126,0.23959681,0.47187289,3
0.21126088,0.15747448,0.2182598,0.28065901,0.22135698,0.11468299,0.29573124,0.24488349,0.21211914,0.18831987,0.05274269,0.05642383,0.13907608,0.09314997,0.09328264,0.03518439,0.14393691,0.12672671,0.07094225,0.07581394,0.05915385,0.14014475,0.09006365,0.04697527,0.06773799,0.09461356,0.04135118,0.10563082,0.09534981,0.05274573,0.09265627,0.02777412,0.0451803,0.05573695,0.10026576,0.01759561,0.02468618,0.03970533,0.04570381,0.0521603,0.05923708,0.05547919,0.01715295,0.0261732,0.05857764,0.05795417,0.04875142,0.02982264,0.02886854,0.03407564,0.0334592,0.09050683,0.07053461,0.05389684,0.06409929,0.06246609,0.08980835,0.01298799,0.11332827,0.15407259,0.07832983,0.14630846,0.07294289,0.11052506,0.04136967,0.19700602,0.11037488,0.07866038,0.05694168,0.04928686,0.08094074,0.13106675,0.08077479,0.32289228,0.18548304,0.30926549,9
0.23222462,0.38103826,0.09594049,0.08537363,0.20377356,0.16307623,0.64114306,0.31668431,0.29070831,0.16987146,0.24458395,0.20093576,0.27411501,0.37391131,0.07295859,0.12936247,0.10837322,0.13050554,0.10790606,0.22054074,0.10443828,0.10788914,0.06591581,0.14582423,0.09136726,0.02394781,0.10880942,0.0529602,0.12494579,0.10844818,0.14697378,0.05930245,0.09355354,0.02541593,0.08866674,0.12607123,0.08816961,0.10923612,0.10795875,0.10899938,0.06005423,0.08585259,0.04744601,0.04995424,0.1102961,0.095873,0.09344009,0.05526025,0.1257774,0.11201336,0.14088729,0.13689021,0.16847293,0.16447454,0.08269433,0.02222644,0.107332,0.16502766,0.09848732,0.06122715,0.10730036,0.09754169,0.11859974,0.09911774,0.0667585,0.05818312,0.19344562,0.19664233,0.31002901,0.24185084,0.18938402,0.10232895,0.15330496,0.13726757,0.17163808,0.15716664,6
0.24038513,0.33211851,0.27868145,0.20536392,0.40103297,0.14744846,0.3936342,0.34619741,0.32312629,0.04822052,0.17452629,0.17529171,0.30042615,0.15418646,0.19611651,0.05188963,0.07326383,0.19065347,0.1655023,0.07314117,0.03680859,0.13897641,0.1007498,0.10734942,0.01721976,0.11256169,0.04827577,0.12924815,0.08877911,0.07276327,0.01345462,0.14101872,0.01957337,0.0467044,0.04892012,0.11043706,0.05391144,0.04990458,0.04585799,0.06865161,0.10381203,0.04422061,0.03123476,0.0242821,0.08896361,0.0265274,0.16314434,0.1633776,0.03584142,0.11154443,0.15643101,0.12846659,0.05738389,0.15019798,0.14322201,0.09988314,0.11442032,0.17393463,0.10728695,0.2118199,0.19263057,0.10810799,0.2656299,0.15314652,0.08830587,0.30392027,0.1941935,0.16328416,0.34638452,0.24502786,0.1140705,0.08579318,0.29709436,0.11092088,0.06179067,0.10572023,7
0.09013955,0.57234953,0.37244708,0.27838222,0.34387414,0.23896486,0.38056856,0.44014142,0.25433922,0.2944617,0.17520962,0.15940374,0.19713595,0.10861955,0.13541277,0.03862958,0.05069274,0.13197956,0.17750805,0.13495,0.02806643,0.16060166,0.14814923,0.13256089,0.07673363,0.06266284,0.13030806,0.1338558,0.05344508,0.03278122,0.12477773,0.13208927,0.08568054,0.06940326,0.04177737,0.09760419,0.15563344,0.10547825,0.06394064,0.07422954,0.1602701,0.13607297,0.0572286,0.03383781,0.05212521,0.11851115,0.12099951,0.07221939,0.06999135,0.15968773,0.13724386,0.09148252,0.15397286,0.13972862,0.14225026,0.11936515,0.14556421,0.19857621,0.19174512,0.05657094,0.19492949,0.20150721,0.12859222,0.04775646,0.2837225,0.22538389,0.1558268,0.08328024,0.1949729,0.18135512,0.04592506,0.13867394,0.35964836,0.27248997,0.28630241,0.11930711,5
0.13766382,0.29631022,0.14702721,0.24000781,0.31533924,0.09815207,0.31718473,0.09529282,0.34948169,0.27794986,0.08224584,0.02327237,0.03755536,0.08003147,0.11869695,0.07390287,0.14765873,0.04683861,0.14912102,0.11159558,0.06832745,0.10559758,0.04492,0.06343201,0.15087186,0.04568943,0.0485181,0.0493068,0.06767482,0.06142611,0.04622872,0.13446544,0.0402603,0.09861913,0.0639367,0.05716997,0.08944055,0.0558135,0.01682551,0.07210866,0.04431913,0.07490756,0.03220723,0.0647393,0.01731527,0.09135717,0.07314237,0.07113532,0.03872466,0.04722255,0.10017965,0.04479919,0.06595106,0.11946757,0.05409986,0.05037549,0.0540575,0.08488639,0.08148278,0.12439818,0.0877409,0.05598872,0.04257588,0.05023329,0.09303238,0.14676829,0.04665742,0.13045846,0.09681969,0.06949707,0.03814347,0.22381727,0.10302183,0.30657308,0.1075368,0.36443904,9
0.02151868,0.20957437,0.05861408,0.26473836,0.54387434,0.01987987,0.42763066,0.02485454,0.34511455,0.14001782,0.02390635,0.23956046,0.04873337,0.33992751,0.17355788,0.02600272,0.15951966,0.03152062,0.07031418,0.13728001,0.01869284,0.11594324,0.02931819,0.19571981,0.09593136,0.03203024,0.14755279,0.02178416,0.05623467,0.13280741,0.01747178,0.08018243,0.02967067,0.15057274,0.06181851,0.04076855,0.13687118,0.02291131,0.05001609,0.1267308,0.0164767,0.05525408,0.0338091,0.14028149,0.05193166,0.03655259,0.04044477,0.11417645,0.02024295,0.12319304,0.0488625,0.03317194,0.05146572,0.0563882,0.03243579,0.13069056,0.00924971,0.15111258,0.05875311,0.03066964,0.04976623,0.0722777,0.04208268,0.16644912,0.0100269,0.170159,0.04722234,0.06530721,0.04347355,0.1835197,0.04336349,0.3255531,0.00397911,0.4345144,0.03661061,0.39322643,1
0.09012149,0.56612644,0.24998961,0.55962376,0.19427153,0.04266832,0.24070058,0.03254767,0.229533,0.12088734,0.08435741,0.14159165,0.08380024,0.19444398,0.12206225,0.07595497,0.12669478,0.04202947,0.15084884,0.14997645,0.05465009,0.13028837,0.02490222,0.08999645,0.12585702,0.0954935,0.06614607,0.06363201,0.03739222,0.11792051,0.11458392,0.06243948,0.05297172,0.03896255,0.12247485,0.10793254,0.07331403,0.05188942,0.03814351,0.10071192,0.13354295,0.06836231,0.06871776,0.03484438,0.13472524,0.11265309,0.08576398,0.08029094,0.13835863,0.11586037,0.0944371,0.09488108,0.16204581,0.12813422,0.10893782,0.06155249,0.18752372,0.11388133,0.08270288,0.02359149,0.17609909,0.09709616,0.07476689,0.04984033,0.17477055,0.07760981,0.06327882,0.09296617,0.21581065,0.0687649,0.11335442,0.14140725,0.18542337,0.18352327,0.07092133,0.15526831,2
0.31123464,0.48109129,0.44382647,0.20659763,0.25568821,0.1664854,0.26102221,0.39840736,0.30272473,0.09033237,0.19701684,0.22642521,0.16248523,0.18783494,0.14623427,0.14732241,0.09127649,0.13220142,0.08083469,0.10004226,0.08519014,0.12453462,0.0455068,0.09427177,0.13190354,0.12599161,0.01526001,0.07820723,0.08745304,0.09269182,0.02539922,0.09648362,0.09219087,0.10233827,0.07665079,0.09340467,0.06936736,0.06992273,0.10590549,0.07854535,0.05982232,0.05480964,0.11310816,0.07307137,0.10895957,0.03463647,0.13300663,0.12100369,0.07138879,0.13589774,0.1151486,0.067941,0.1526912,0.07423523,0.02377055,0.09449626,0.0666733,0.06743522,0.14115188,0.19740874,0.09792752,0.17522398,0.16847202,0.07197014,0.14309171,0.09322828,0.16098271,0.31324004,0.05583924,0.35793286,0.34165491,0.28393149,0.43264806,0.38769358,0.17566643,0.12656675,8
0.32041119,0.2149675,0.23459514,0.21040362,0.42807446,0.0864108,0.3405925,0.41759499,0.35160617,0.0486196,0.17575487,0.23531638,0.30014737,0.08199831,0.1766136,0.1028874,0.11308664,0.25639778,0.21941424,0.08600392,0.16237691,0.12065991,0.03708008,0.14063818,0.16207784,0.05512025,0.0670677,0.07699121,0.16185318,0.0303491,0.04857502,0.05666369,0.07810822,0.14771042,0.05706192,0.05023071,0.06157681,0.11764899,0.0205044,0.06463895,0.04175987,0.11377372,0.02739542,0.10889865,0.06900253,0.08027237,0.13949038,0.08388594,0.05348132,0.16078576,0.10062462,0.07172024,0.16448243,0.11141277,0.11714971,0.06392077,0.10339808,0.14691622,0.01893724,0.21308449,0.16990836,0.0132902,0.2676753,0.19040784,0.03588267,0.3051035,0.24472336,0.08191827,0.32748536,0.26059532,0.13313711,0.08574515,0.26241586,0.17540458,0.11799682,0.09167253,7
0.14043851,0.48694712,0.31825835,0.17036314,0.26033467,0.19262272,0.21900774,0.34618906,0.10587475,0.1657675,0.19845021,0.16704767,0.20646336,0.21025629,0.08215352,0.14550779,0.14195163,0.10794791,0.18074782,0.11392157,0.09497026,0.13066899,0.09847654,0.0941001,0.12969252,0.10514425,0.06967506,0.13808673,0.05865181,0.04686791,0.09382996,0.10019765,0.04199722,0.10929732,0.08257693,0.0456953,0.08880931,0.0918032,0.05571442,0.07913288,0.10386708,0.03631674,0.10764556,0.08622378,0.02530803,0.05860656,0.07669613,0.06585321,0.08431122,0.04837542,0.07711112,0.09251599,0.07091441,0.10596559,0.0537897,0.04481385,0.05444771,0.10823001,0.04868326,0.08282729,0.1595312,0.00886629,0.0170665,0.15169191,0.08891501,0.09720948,0.20233345,0.0786702,0.05479739,0.10409078,0.25166237,0.15191029,0.38758209,0.43708075,0.10837669,0.39384546,3
0.27712127,0.56829719,0.42745316,0.26612504,0.17000865,0.3805913,0.43317618,0.31274096,0.21884345,0.10579847,0.12459923,0.0799306,0.2771954,0.25267511,0.08835683,0.1092602,0.21552887,0.11572778,0.10233192,0.02592031,0.03350574,0.09063779,0.12546058,0.12754522,0.0944252,0.09215343,0.05639075,0.05784346,0.03894842,0.04981201,0.01827011,0.07300708,0.08790605,0.02854026,0.05872159,0.03215334,0.03312993,0.02344811,0.06507386,0.04283813,0.03691334,0.02735912,0.03050607,0.05989526,0.07132715,0.06980909,0.06356315,0.09925458,0.08849224,0.06635917,0.10482512,0.07497666,0.0733728,0.12024835,0.08858632,0.07208399,0.07561045,0.09683886,0.10965212,0.12085401,0.13887655,0.14117127,0.11094938,0.06541905,0.09418201,0.11961022,0.18044393,0.09821856,0.10287542,0.18766378,0.07507058,0.16235505,0.05655751,0.15532386,0.32423089,0.12720441,2
0.28723035,0.58400702,0.30570668,0.34370119,0.26759761,0.26211175,0.47433747,0.34462382,0.24115571,0.27992282,0.05313934,0.11781846,0.32649638,0.170958,0.06642125,0.08117926,0.21910414,0.17125192,0.03348168,0.0470538,0.19805401,0.08223715,0.09835306,0.16703218,0.10300014,0.08074983,0.13764269,0.13143009,0.06758298,0.0455931,0.12330526,0.12665557,0.02606336,0.07178276,0.12231432,0.10163437,0.00799351,0.11658975,0.11524955,0.11709649,0.03890611,0.11050168,0.09485716,0.05575283,0.07439249,0.05365293,0.12035321,0.08660531,0.08689449,0.07631742,0.07670194,0.16621536,0.0988697,0.06506998,0.16802068,0.1312322,0.09194132,0.13221582,0.18939772,0.178076,0.05826926,0.2019918,0.18862326,0.15405617,0.20714931,0.11155537,0.12591402,0.02569279,0.21138011,0.26396961,0.17890518,0.11925907,0.17842268,0.2265308,0.18885422,0.20662455,4
0.09487167,0.15582627,0.20798185,0.35614411,0.18023137,0.11320725,0.33447425,0.02448189,0.3176698,0.12205061,0.11002272,0.0823184,0.10695852,0.11832201,0.06246138,0.10228222,0.13383817,0.08493532,0.17422147,0.13234,0.09592408,0.0925104,0.11193306,0.08351882,0.11556471,0.0613323,0.0352249,0.06473322,0.11848186,0.05000516,0.01120974,0.07180165,0.05276053,0.05548094,0.03434203,0.05375277,0.0902765,0.00549272,0.0130279,0.05351808,0.09293289,0.08128105,0.05625089,0.05577975,0.08156661,0.07162095,0.09177513,0.06509019,0.07338742,0.06555945,0.02305582,0.04392099,0.01157136,0.07342403,0.06273361,0.0344044,0.0652555,0.0728705,0.05158115,0.10987083,0.10398729,0.08616354,0.0791847,0.08922744,0.09154874,0.14579964,0.10555633,0.08819227,0.08788554,0.04783248,0.13942138,0.20603475,0.1353224,0.35648374,0.04068837,0.30517763,9
0.14594426,0.08040236,0.07916688,0.3919182,0.28689854,0.16131471,0.30845405,0.13266681,0.25660746,0.22775941,0.10439548,0.06065761,0.16555322,0.20329725,0.1062415,0.06690009,0.17209666,0.12270307,0.04372289,0.01773694,0.05759805,0.06205379,0.10224364,0.18541711,0.06175861,0.00472838,0.05390272,0.09239549,0.05089936,0.09383838,0.04448552,0.03721609,0.03845215,0.07949433,0.05664733,0.02316324,0.11084395,0.02683202,0.09739917,0.03461367,0.0543025,0.07654808,0.04338366,0.03397353,0.08244658,0.01003865,0.06754435,0.03254135,0.08233503,0.07325207,0.04923094,0.06807394,0.08314318,0.10926593,0.06557019,0.03623669,0.13000354,0.07721192,0.04415027,0.01752099,0.0940739,0.08056917,0.00872211,0.06389946,0.06816953,0.1917237,0.05668274,0.09535709,0.12362439,0.09775844,0.08744284,0.18962699,0.12497918,0.29390882,0.07331612,0.42297374,9
0.07832968,0.16621332,0.06264311,0.33598178,0.62051099,0.04389866,0.3997881,0.06247262,0.32785574,0.01499998,0.11216153,0.31470924,0.05975325,0.36111903,0.20621603,0.10468876,0.05785847,0.13845862,0.17704038,0.0907672,0.13374833,0.15811199,0.08790473,0.08232329,0.04896921,0.11380049,0.11831135,0.14980051,0.1132806,0.13762514,0.07163394,0.02349444,0.1213122,0.1173466,0.06042188,0.06777222,0.14454516,0.04391774,0.01249629,0.10089002,0.03024865,0.09210849,0.07467246,0.15068262,0.02092945,0.02117843,0.02949684,0.11547883,0.02598754,0.10546888,0.10245548,0.0747972,0.07588483,0.02311917,0.08045489,0.03421779,0.09577411,0.07036741,0.11491813,0.05308221,0.11375235,0.10238123,0.0904982,0.11283954,0.11246453,0.08303993,0.12524821,0.06101368,0.11811026,0.21336608,0.06340728,0.33609585,0.05134903,0.38114954,0.05244153,0.42727808,1
0.11622726,0.2994714,0.21901339,0.04252593,0.32065881,0.28257112,0.60982678,0.04612392,0.35406771,0.13537072,0.20687083,0.48041647,0.34474967,0.34041474,0.07316005,0.01805465,0.24739516,0.08424276,0.30503379,0.20107519,0.19653496,0.17612708,0.20023117,0.32853973,0.11145372,0.12520371,0.04199263,0.09761405,0.0572411,0.15568597,0.15222275,0.17350758,0.152715,0.10480271,0.06447549,0.01500815,0.05874848,0.04775193,0.07688931,0.11795414,0.15399589,0.14657512,0.15142979,0.18761156,0.12523592,0.14935857,0.11085962,0.04071873,0.12285046,0.07610902,0.06280202,0.01587951,0.19152572,0.07910529,0.08397859,0.11223791,0.03142112,0.05107785,0.07411738,0.16104166,0.08939347,0.16782361,0.18604484,0.11912795,0.09275533,0.15658605,0.20185207,0.12325988,0.29236023,0.13869254,0.11284814,0.13241603,0.27048069,0.15204822,0.07937836,0.09002261,6
0.20558915,0.39574028,0.0653633,0.13429428,0.30764253,0.23772678,0.61595026,0.21668913,0.29522994,0.26852107,0.2130221,0.38069859,0.33429976,0.37791683,0.07586897,0.06939477,0.17710451,0.09714427,0.20258809,0.11626521,0.28066859,0.2408116,0.21566009,0.18693583,0.04860133,0.10649828,0.06060561,0.15086872,0.12212843,0.20236741,0.17221782,0.19898984,0.10845987,0.21769226,0.07573882,0.06134548,0.07207947,0.04745572,0.17254279,0.10996366,0.12463089,0.07368993,0.1815977,0.11153714,0.1441938,0.12334351,0.08080268,0.05399076,0.05519048,0.07458153,0.05701714,0.04347624,0.09325367,0.02342619,0.082673,0.13536068,0.04939998,0.07385679,0.08648851,0.09814611,0.15225701,0.17864932,0.15071508,0.11477875,0.116417,0.13501821,0.16492057,0.06210915,0.29257488,0.21074276,0.09460509,0.08451893,0.21472481,0.09198232,0.0582134,0.05656675,6
0.17882867,0.37479262,0.38514974,0.30434936,0.53015875,0.11448411,0.45299545,0.34202555,0.36434079,0.32741944,0.21448585,0.15006316,0.27915384,0.08773253,0.04562642,0.19289125,0.07605147,0.22140875,0.10819361,0.02176933,0.19636205,0.06751155,0.12270301,0.18224522,0.11782369,0.21613908,0.06041358,0.0754782,0.15585436,0.1574052,0.08131967,0.11968382,0.06445576,0.11399872,0.08818039,0.03278635,0.09246902,0.05711691,0.0768973,0.06167102,0.08772931,0.11008992,0.06227766,0.03892054,0.158992,0.11900927,0.09812654,0.15827892,0.23905314,0.06673175,0.06150327,0.14943085,0.18843044,0.06755331,0.0927385,0.15980615,0.07486755,0.13703598,0.14133314,0.15773654,0.01280233,0.25112202,0.19178724,0.09452799,0.19550561,0.31839601,0.13841647,0.09874065,0.29847798,0.23624325,0.10954499,0.1591382,0.30176738,0.17198854,0.09726311,0.09378281,5
0.039626,0.42336125,0.06936137,0.05085676,0.39603377,0.00625091,0.48740312,0.04119459,0.36458479,0.22128375,0.0246104,0.03670736,0.06194333,0.23262623,0.02526623,0.01507766,0.17803596,0.01399687,0.15630424,0.10963096,0.0141481,0.10435556,0.0344793,0.06414475,0.10244484,0.0188338,0.04356417,0.00565675,0.13030898,0.02600081,0.00509263,0.10098129,0.00025893,0.04364726,0.07503343,0.02114734,0.05542589,0.03170105,0.05747819,0.06685525,0.01712035,0.04656666,0.0094473,0.07234493,0.0230985,0.04932956,0.01160858,0.07595004,0.00724418,0.05967674,0.03685759,0.08269961,0.02403521,0.1012739,0.0225219,0.06343665,0.01865111,0.05842521,0.01949046,0.1572072,0.00564416,0.10831553,0.04255565,0.10232192,0.02133316,0.18667223,0.0276926,0.19070657,0.01529687,0.05388774,0.06169702,0.22719695,0.01241477,0.45361605,0.07435783,0.35950258,1
0.27445045,0.54294688,0.38461577,0.23731787,0.19790578,0.10276091,0.23518516,0.36907351,0.20425231,0.14860872,0.16851165,0.21107687,0.13258921,0.21720208,0.0940223,0.12823862,0.12425305,0.15317257,0.02076064,0.10788047,0.15948506,0.12550693,0.04890626,0.09122417,0.1527968,0.09174135,0.11146692,0.12585115,0.04969849,0.06206125,0.15387434,0.11427877,0.06145367,0.0838422,0.17239711,0.06368104,0.08271649,0.12569525,0.0920732,0.04639505,0.12024727,0.11665424,0.07081427,0.04871403,0.10209928,0.13129665,0.07859432,0.03708621,0.105541,0.03381668,0.02478002,0.13101049,0.09223851,0.11939878,0.08825044,0.06588435,0.09661914,0.09372341,0.0578483,0.14819617,0.02817316,0.13638247,0.21818992,0.1655991,0.18290786,0.21737693,0.04045283,0.09906126,0.05207979,0.19955873,0.29542064,0.27844401,0.43495813,0.37524535,0.29546062,0.21124365,8
0.1850764,0.18269064,0.12602918,0.39705914,0.19672324,0.21128961,0.33003906,0.11022917,0.28303809,0.12390102,0.07889397,0.10019273,0.14520915,0.15095373,0.0971394,0.05520774,0.07354646,0.11610358,0.18405982,0.14757326,0.03604005,0.06426308,0.06896864,0.05309609,0.11121809,0.06689383,0.08723785,0.01047681,0.05286739,0.06077945,0.06418903,0.11468527,0.04025838,0.04752106,0.023447,0.04970543,0.07493996,0.05030922,0.08808161,0.02779999,0.05487832,0.01785199,0.06855602,0.08947182,0.06661066,0.07535083,0.08016517,0.07494263,0.04651723,0.00941318,0.09795829,0.01037664,0.03001573,0.05601904,0.04484429,0.02256724,0.04767545,0.08650367,0.02776856,0.13552528,0.05211642,0.12355716,0.05188936,0.07447551,0.10720558,0.1401756,0.08212574,0.1079115,0.06654335,0.11145565,0.21095979,0.07301174,0.14884264,0.23549535,0.20521221,0.42846754,9
0.33355788,0.34507536,0.39011609,0.25305823,0.50352677,0.05290398,0.22934703,0.28503337,0.32087822,0.20010727,0.35568348,0.14571143,0.09396138,0.05514729,0.15200593,0.18535235,0.27183243,0.23570622,0.08665396,0.13018322,0.06207536,0.15403961,0.29026097,0.19258531,0.05936642,0.05891572,0.08995743,0.19876168,0.27154612,0.11416346,0.07770333,0.07750125,0.05455235,0.27776706,0.0772751,0.15943039,0.03203659,0.12384968,0.12359637,0.08881769,0.07697117,0.16745899,0.05100956,0.050747,0.04338275,0.04227136,0.16600816,0.1655468,0.01848585,0.09740919,0.20785192,0.13661693,0.11792386,0.18779065,0.16793015,0.09610339,0.21585654,0.12102875,0.11089523,0.12040186,0.17082321,0.13647009,0.19248065,0.13201618,0.12657081,0.30162991,0.14362776,0.10997652,0.32303113,0.2057016,0.14848247,0.14050067,0.2026061,0.17438436,0.0777443,0.1260112,7
0.28910312,0.4513467,0.38854092,0.21173985,0.36164768,0.32648616,0.5216343,0.30218872,0.11588524,0.33941715,0.08205475,0.14024879,0.46048722,0.27427541,0.09382297,0.12837324,0.22054717,0.06302119,0.19699604,0.20972429,0.07813518,0.06376232,0.23308876,0.14831482,0.07506233,0.02932582,0.17914826,0.03678923,0.08249549,0.05790881,0.14402647,0.08372044,0.08128486,0.16523893,0.05714451,0.0783785,0.13577333,0.02272951,0.02685238,0.06315267,0.14391115,0.04292997,0.03807195,0.11582076,0.09171114,0.15360547,0.20814833,0.09225139,0.12622238,0.2058805,0.11623972,0.07028161,0.15924369,0.21148935,0.18906047,0.06766318,0.20251972,0.16143879,0.092868,0.04476534,0.19592874,0.22936397,0.11265617,0.02106148,0.24209782,0.08188974,0.13662536,0.07838331,0.17977314,0.17138592,0.10298569,0.02816052,0.29093242,0.18698553,0.28353088,0.19527311,4
0.05248701,0.16079222,0.1318473,0.31342379,0.57488557,0.05060329,0.40570629,0.08525368,0.37580373,0.09551699,0.07880358,0.21144608,0.11906662,0.3021967,0.19299127,0.06535661,0.15421204,0.10984211,0.0531321,0.08662696,0.07727581,0.12992376,0.07445417,0.1678727,0.11399026,0.0677921,0.09922879,0.10225414,0.0532158,0.07287876,0.07140822,0.07593086,0.08298547,0.09435164,0.07582606,0.07603047,0.07965924,0.1051873,0.0277101,0.05573062,0.06621349,0.04574555,0.08099134,0.07874858,0.07274277,0.04507423,0.02047126,0.01840388,0.03056368,0.04269102,0.09361948,0.02408366,0.07966278,0.08123084,0.02408414,0.04644894,0.02343143,0.07264975,0.09271836,0.07574414,0.07455635,0.1241327,0.01709864,0.09624011,0.03101679,0.09900873,0.1198271,0.12164568,0.08359989,0.25948382,0.07720464,0.36577091,0.0066698,0.41109172,0.09037842,0.36569372,1
0.05231827,0.17701897,0.03689555,0.28149455,0.62962508,0.02025965,0.44109451,0.03865467,0.35703062,0.02955596,0.03788057,0.2934451,0.02936786,0.33756591,0.2612363,0.03871595,0.09997096,0.03298701,0.09016738,0.02295469,0.05053758,0.20700204,0.03977863,0.17902318,0.17284606,0.0451851,0.02524496,0.06158288,0.16416386,0.07197066,0.06260847,0.17387,0.02427343,0.05824887,0.09221361,0.05415724,0.0673355,0.0655334,0.15169725,0.0870343,0.08359075,0.08552512,0.02970548,0.04274321,0.04331325,0.01370824,0.14372282,0.06264644,0.10305695,0.08691975,0.07469025,0.04306029,0.07063107,0.10522716,0.11209232,0.07919331,0.07714285,0.05322865,0.1030821,0.13586227,0.08391961,0.18431031,0.08354139,0.05524887,0.04817577,0.02065552,0.12762712,0.19434965,0.08382951,0.3280225,0.05706029,0.37801831,0.02207154,0.38052903,0.10806617,0.34873492,1
0.36296474,0.24565045,0.30802772,0.29219124,0.43050033,0.11460538,0.27813149,0.4213526,0.34035337,0.03837902,0.23520251,0.16993268,0.24764703,0.18329863,0.23821186,0.06026716,0.10759907,0.18895057,0.23093401,0.06628264,0.19194887,0.10119411,0.08278149,0.16021377,0.18093545,0.02565261,0.12978618,0.12041223,0.04365929,0.11035697,0.1225124,0.03822916,0.03478574,0.08812535,0.0864898,0.12531962,0.0470799,0.03834579,0.06728801,0.18414226,0.01659355,0.07608586,0.04666368,0.0835269,0.03703062,0.17162605,0.0259236,0.13429579,0.16521881,0.07154089,0.14607701,0.0576754,0.13780122,0.15064593,0.09474686,0.11192426,0.11543999,0.16116876,0.09479226,0.1790474,0.22118347,0.06829956,0.26527111,0.20004513,0.03803949,0.32374453,0.20600621,0.11714477,0.33604556,0.23112471,0.09814375,0.13517282,0.22565829,0.15590489,0.05486077,0.04181825,7
0.16837899,0.37681192,0.18269774,0.20737756,0.20621543,0.0831995,0.34034614,0.09997409,0.36267936,0.09422526,0.14546673,0.16540617,0.07933383,0.07737526,0.09490895,0.06855694,0.08379792,0.05359982,0.03659772,0.11863363,0.11212604,0.03578902,0.02553493,0.06032923,0.09588929,0.06336726,0.05448159,0.08724236,0.04676035,0.09093167,0.08772999,0.07023026,0.04988786,0.06325882,0.05834259,0.05386888,0.05411515,0.08647189,0.02942379,0.07313319,0.03259349,0.07925457,0.0520118,0.01964432,0.14606627,0.060868,0.05706319,0.05484335,0.03711307,0.04869001,0.07674015,0.0853633,0.08793679,0.07054148,0.09093312,0.02569252,0.08605223,0.06895876,0.09106848,0.14470415,0.07346687,0.07284318,0.0527856,0.35173187,0.09424455,0.2932589,0.04338969,0.21297555,0.07999325,0.30191703,0.05897707,0.10188095,0.09730566,0.30856477,0.07873041,0.19075881,9
0.14438797,0.50589731,0.43736767,0.2043911,0.45843267,0.16571975,0.39526699,0.40730294,0.30751897,0.23144223,0.17281911,0.08929765,0.2642261,0.04352597,0.13228552,0.04229203,0.12348378,0.14735131,0.13271985,0.04243113,0.02369508,0.16671042,0.18214604,0.05946582,0.04556645,0.15007408,0.22467932,0.03175595,0.05297828,0.08221182,0.21252165,0.10146464,0.0173818,0.03364319,0.12897036,0.14685564,0.07384514,0.01137177,0.14685833,0.13661142,0.14206876,0.01313042,0.10174055,0.14720312,0.03207467,0.08609102,0.06911365,0.02064042,0.00862155,0.0814737,0.08956043,0.01252136,0.08152828,0.0919621,0.08410147,0.03995878,0.06966799,0.14755176,0.15710907,0.07488526,0.17470369,0.25842886,0.05964112,0.13177164,0.29575725,0.18547735,0.03345078,0.14031697,0.31943602,0.22954201,0.02541559,0.24099821,0.41872687,0.17279479,0.3190575,0.19747721,5
0.11821659,0.5145733,0.22542258,0.19661225,0.32272562,0.232997,0.24698004,0.35375439,0.14643318,0.23940061,0.18243321,0.19693653,0.18714626,0.26374343,0.07690268,0.1485252,0.09485693,0.15774592,0.12083609,0.05474102,0.03609246,0.07350958,0.04593414,0.05677807,0.08755227,0.07384848,0.04333056,0.09168193,0.04457749,0.05217016,0.09914785,0.08069317,0.06601432,0.07874543,0.07919845,0.04248932,0.07000178,0.03998075,0.08882017,0.06916494,0.05955091,0.02514087,0.04609836,0.01563588,0.03524984,0.1014318,0.03715481,0.1099123,0.06217788,0.03907685,0.127457,0.05230834,0.10590815,0.04564298,0.03690097,0.09529273,0.03765231,0.10855894,0.1184947,0.15588262,0.13923094,0.10033544,0.24875074,0.11379444,0.18679244,0.17759967,0.06129607,0.11989314,0.09517026,0.11332187,0.3441343,0.2675649,0.39961787,0.4951524,0.10829982,0.30624816,3
0.30415399,0.45498356,0.47538161,0.24948488,0.38591001,0.13500644,0.30111249,0.3982887,0.33230943,0.06310849,0.23470372,0.15028354,0.23894621,0.11770186,0.22707377,0.08339146,0.16838777,0.02863994,0.16320394,0.11215267,0.10949203,0.03351352,0.15137372,0.10911581,0.04651703,0.01602407,0.1350022,0.17986901,0.09057812,0.03917718,0.11746397,0.17014615,0.02787251,0.1211516,0.11850605,0.13869482,0.0261618,0.12396461,0.03701062,0.10252265,0.02406865,0.13367087,0.07067517,0.03133441,0.13334634,0.09643623,0.0309503,0.0641752,0.079589,0.02795138,0.10145764,0.1588925,0.02184232,0.12465558,0.18825999,0.1119772,0.13494669,0.21891825,0.098695,0.02966348,0.23678272,0.09096095,0.1324018,0.20443658,0.09109891,0.20053504,0.31090676,0.2354614,0.29457239,0.38362666,0.25464194,0.07209328,0.43500145,0.30585573,0.00960812,0.17707529,8
0.21264312,0.50870247,0.05704992,0.11429844,0.08983968,0.11915499,0.67402077,0.18215922,0.5390819,0.08982484,0.19927708,0.02486283,0.13743103,0.43531799,0.15170946,0.08123401,0.02520217,0.12256215,0.11466466,0.15230439,0.13308803,0.13662807,0.08002099,0.07173414,0.16192577,0.06467938,0.14527647,0.08549309,0.0444703,0.12314977,0.12757833,0.14952829,0.03878167,0.08964936,0.09557731,0.11627495,0.09501336,0.07750554,0.11318701,0.07007324,0.12374389,0.03993238,0.08573836,0.08735567,0.10987488,0.07534562,0.09914,0.05476769,0.14514983,0.06864403,0.05683373,0.02140893,0.10132903,0.09325441,0.09145961,0.08921107,0.12978878,0.12737484,0.01408213,0.00948281,0.05532837,0.11070633,0.08323226,0.08129213,0.14054622,0.13173774,0.09078982,0.06664038,0.09968243,0.06365771,0.09229999,0.09818712,0.20410329,0.15674321,0.21260285,0.18604236,6
0.16766515,0.45746699,0.32310867,0.15771015,0.15860539,0.2810342,0.60569051,0.0551904,0.38892699,0.03791527,0.08679398,0.11973831,0.12306021,0.26085511,0.16653594,0.07574962,0.02222099,0.15094235,0.11377795,0.12525749,0.09163755,0.04441089,0.02950522,0.01510305,0.09812937,0.12217279,0.08843985,0.13186199,0.07715346,0.12117455,0.03532825,0.03816409,0.06254885,0.03793881,0.11570377,0.10007282,0.03348769,0.04785502,0.05193853,0.09924748,0.11925236,0.01632238,0.03708519,0.02126299,0.08969811,0.09929233,0.10900701,0.02626327,0.13142803,0.08619496,0.10865619,0.02990189,0.17732299,0.0992893,0.03781604,0.06594126,0.08332446,0.14620225,0.1056547,0.09954155,0.10547698,0.15905833,0.07856486,0.0169337,0.10315474,0.04584901,0.10336985,0.0982621,0.17928211,0.15122801,0.06254283,0.12302361,0.0784122,0.17274706,0.05564691,0.25333952,5
0.26828121,0.53362695,0.34283593,0.23101586,0.23424016,0.13084343,0.27633243,0.39446322,0.24623211,0.10891201,0.18311415,0.22906814,0.18633978,0.19117152,0.11025588,0.12515413,0.08578341,0.09019051,0.06733377,0.07976312,0.10750465,0.11206381,0.00784008,0.07325189,0.13914358,0.10214421,0.024425,0.06365289,0.05554301,0.03986898,0.06336227,0.06627265,0.04469137,0.05749512,0.11251433,0.06897675,0.03305977,0.02962534,0.07625514,0.05451846,0.02867632,0.04670536,0.07011463,0.00261661,0.12810755,0.10237773,0.05860428,0.10528882,0.01796036,0.09057047,0.15743588,0.12889608,0.15545106,0.10786044,0.03668013,0.08508291,0.03984438,0.0321811,0.14595193,0.2226188,0.09854832,0.1413037,0.2426081,0.12663217,0.1492149,0.18822213,0.08992407,0.178621,0.03869731,0.25058753,0.3604624,0.31634512,0.44110231,0.4116977,0.27932028,0.18245563,8
0.33095049,0.54198942,0.38441496,0.29587801,0.29124927,0.1594139,0.32989986,0.38021764,0.27965137,0.05018286,0.24187205,0.19567931,0.22720689,0.18130568,0.21500753,0.09176324,0.14422813,0.09633029,0.10974689,0.05011745,0.14393405,0.08249507,0.07528449,0.0929431,0.16350697,0.08680589,0.04849813,0.07918818,0.13245906,0.0639862,0.04865467,0.11643687,0.1400172,0.03249298,0.07520407,0.11085408,0.12320917,0.05171565,0.1423737,0.10877771,0.08054536,0.0666317,0.12667079,0.05262711,0.10412518,0.0473078,0.09335957,0.12343281,0.04003575,0.14404419,0.14679912,0.0839495,0.17308269,0.12158812,0.05619288,0.12307676,0.08226771,0.10453267,0.20557189,0.18893743,0.17194074,0.20912456,0.17810686,0.06317446,0.15380618,0.06884904,0.16991539,0.23289858,0.10575444,0.31382833,0.31850864,0.22924118,0.42444351,0.3870953,0.20250882,0.27281611,8
0.17784477,0.49456806,0.43939116,0.36080194,0.26457263,0.01830513,0.2506317,0.31273911,0.18424614,0.06273366,0.1362243,0.1647654,0.11545068,0.13979625,0.11182379,0.15783465,0.10191107,0.07394152,0.07784292,0.12226108,0.11803301,0.07618792,0.03073709,0.08234761,0.11593909,0.06879689,0.03965365,0.05220563,0.0666998,0.11895081,0.08364884,0.00834445,0.05319538,0.07830002,0.11637307,0.04186265,0.03056991,0.0625749,0.04805657,0.05970244,0.01448082,0.07346056,0.04186764,0.05877674,0.13344605,0.10552092,0.06277817,0.12528445,0.1146558,0.07222291,0.11945453,0.08558578,0.1148546,0.14171279,0.08800677,0.03768907,0.14257544,0.08892149,0.0366258,0.09955205,0.05662811,0.02977607,0.16214649,0.17975426,0.0428594,0.15225601,0.2075396,0.20897158,0.19957839,0.34395381,0.20864776,0.09770907,0.33086091,0.10393284,0.06631043,0.18043176,2
0.28891581,0.15555093,0.26942833,0.19262218,0.31845614,0.16260363,0.44327053,0.44900329,0.17817352,0.10702346,0.04008337,0.18441725,0.21731551,0.16415304,0.10587995,0.1868451,0.07283846,0.05447067,0.01110548,0.16397799,0.11583846,0.09912655,0.06511172,0.15067404,0.14716846,0.11485515,0.05977607,0.03724989,0.08648952,0.10291257,0.07904033,0.05743154,0.1411978,0.06914893,0.10433586,0.0577356,0.12936003,0.02674095,0.10387517,0.04306091,0.12829437,0.05031897,0.11354996,0.06956256,0.11518081,0.08356444,0.10415128,0.1257276,0.09211206,0.13852114,0.13138836,0.0334545,0.1466892,0.15028204,0.06348552,0.06223132,0.1535548,0.09085015,0.10329524,0.0760178,0.11292508,0.12118922,0.11346147,0.21394326,0.11482868,0.16333263,0.23905702,0.17645846,0.20296048,0.29393701,0.19557169,0.13612134,0.28486966,0.23282019,0.05991961,0.03365958,10
0.16778152,0.54091014,0.24775258,0.30105507,0.01876021,0.21507171,0.12795312,0.16645054,0.21236692,0.11930198,0.13987328,0.08355923,0.17927547,0.05695529,0.18220807,0.03243556,0.14626396,0.0414173,0.07248455,0.1495973,0.12419576,0.10525845,0.07291443,0.10980715,0.11160372,0.14455371,0.05952424,0.09684999,0.04986065,0.10700096,0.11543439,0.07786526,0.09753467,0.06430175,0.09072042,0.10615844,0.08203382,0.05685125,0.07595459,0.11802511,0.07221439,0.09341126,0.03600644,0.10047314,0.10548494,0.0658049,0.12005549,0.06573907,0.1300487,0.09524034,0.07273552,0.0645161,0.1246319,0.1128316,0.03052222,0.00507503,0.12297141,0.09141228,0.05435263,0.11610951,0.06134491,0.06075501,0.11830435,0.14273042,0.08905433,0.02991062,0.17558437,0.13936223,0.19911858,0.21429752,0.13391819,0.12736116,0.22599444,0.54260951,0.15581117,0.47771871,3
0.31993087,0.1905826,0.16752121,0.13085585,0.37915904,0.09704215,0.37885718,0.45514822,0.28038789,0.03950078,0.17160189,0.30566761,0.25536109,0.06797802,0.15501507,0.12723443,0.21518838,0.27891252,0.06021788,0.07077523,0.24310129,0.11058872,0.12552907,0.12956096,0.21388153,0.02480714,0.18710832,0.13431752,0.0500875,0.05283045,0.15657614,0.06439188,0.12564197,0.17494242,0.10890367,0.06083007,0.14214339,0.06123622,0.13932533,0.04275618,0.11081514,0.02867149,0.17776816,0.01619181,0.09284644,0.04723661,0.14503568,0.14352258,0.06374267,0.1620057,0.1282185,0.03803312,0.17912458,0.09857868,0.04703906,0.04882974,0.07512704,0.07857558,0.04800065,0.11193356,0.11269683,0.03770589,0.14991955,0.22909683,0.00501496,0.19498142,0.25458158,0.22535226,0.24666365,0.29515243,0.21429109,0.04338534,0.29684423,0.25324248,0.06559732,0.11425259,7
0.35242351,0.59317651,0.38382169,0.36737685,0.17769432,0.32353509,0.37188249,0.44565236,0.0986749,0.21495211,0.08860754,0.04948845,0.27400903,0.27273863,0.1575637,0.10642556,0.13932601,0.27209528,0.08012394,0.08941574,0.13196577,0.05885871,0.07982861,0.26050626,0.11083864,0.06674979,0.01379532,0.16019334,0.14531869,0.06456416,0.0151997,0.11501811,0.1150604,0.10914263,0.01185877,0.05260289,0.13080217,0.09101557,0.13628567,0.04166965,0.08891172,0.06819753,0.14896036,0.02095085,0.05624857,0.12272623,0.0973783,0.08972637,0.09978776,0.10876619,0.13460149,0.09040201,0.09139543,0.10280542,0.10714684,0.0793649,0.0815665,0.11876432,0.07804528,0.09737107,0.15596818,0.07638298,0.07757224,0.04647205,0.17950809,0.14922118,0.10075023,0.07342001,0.15175387,0.22850555,0.1595741,0.2019906,0.08860212,0.1924595,0.19187145,0.17158134,4
0.07805426,0.15870695,0.10889574,0.28417094,0.56417135,0.04791916,0.40793037,0.10360679,0.36828754,0.09511224,0.11626869,0.22850421,0.10226681,0.30533671,0.17089837,0.04198319,0.10698278,0.14220171,0.05727297,0.07111917,0.13108746,0.10032302,0.07294944,0.12000481,0.07905311,0.04339516,0.03911257,0.13525521,0.04621634,0.05136342,0.13013373,0.04177507,0.05658342,0.01919396,0.03563998,0.03101749,0.03308342,0.13358852,0.04294378,0.05814808,0.11652874,0.03804018,0.03415184,0.04880403,0.02860362,0.03528751,0.09640433,0.0587564,0.11821306,0.0596681,0.04993615,0.03984357,0.04345536,0.05856414,0.09223017,0.07861159,0.11210217,0.08656945,0.07682164,0.04816528,0.05989656,0.10821026,0.07300643,0.1333561,0.09320456,0.13381316,0.0782989,0.0914399,0.06848441,0.23881635,0.05111204,0.36405454,0.04928795,0.43751573,0.07453438,0.35035671,1
0.27947446,0.18063021,0.34194226,0.31143874,0.3615739,0.1099304,0.36723808,0.31314651,0.34161087,0.13835314,0.13696003,0.21247127,0.36150823,0.09232374,0.11856816,0.08136708,0.06755845,0.27030615,0.22509397,0.05365452,0.06770619,0.18200293,0.08434291,0.177312,0.0471887,0.13359062,0.11383669,0.13193156,0.10290344,0.08512392,0.09183945,0.12134086,0.03851487,0.00577109,0.07639261,0.11765752,0.04426361,0.02676326,0.14851766,0.13609754,0.09143657,0.0488308,0.06178865,0.05921851,0.0561306,0.02176675,0.07078703,0.09310039,0.04333213,0.05393379,0.10874904,0.10854444,0.0381548,0.09372808,0.09929319,0.08539788,0.06825916,0.09226605,0.14068675,0.13269599,0.08459718,0.20310813,0.16370247,0.05522301,0.21237609,0.14629145,0.11000856,0.05935357,0.16612605,0.20415147,0.13866224,0.16106397,0.2698672,0.24898841,0.14686793,0.12563427,10
0.19879837,0.1294165,0.3876308,0.04536813,0.13288917,0.11903001,0.51818284,0.12643288,0.27114283,0.09289575,0.17325829,0.06770962,0.12471726,0.32328755,0.15870039,0.16926341,0.06358307,0.15838668,0.12776677,0.09631969,0.16383378,0.10396098,0.07963011,0.05760159,0.04487054,0.08840088,0.05855774,0.12669432,0.12210276,0.08854103,0.09309885,0.09628986,0.07666336,0.08495711,0.14102464,0.11660665,0.08000926,0.07289273,0.05598004,0.09110904,0.1063027,0.08996918,0.07498937,0.06915077,0.06733368,0.0715237,0.0996971,0.0585343,0.14123668,0.07079482,0.09462845,0.08287856,0.12652135,0.085476,0.0298112,0.06343534,0.06100666,0.05477789,0.03460626,0.09747124,0.09508415,0.10415778,0.11278863,0.08649749,0.19464329,0.10862294,0.05443649,0.0682647,0.16557315,0.11169829,0.09066057,0.22418058,0.02353916,0.32150204,0.27852934,0.12051012,7
0.20777447,0.41111007,0.358376,0.49488542,0.16459205,0.23183679,0.22700126,0.24203313,0.38939095,0.06705287,0.07344591,0.14627065,0.1569543,0.28636676,0.11812796,0.10492744,0.09484113,0.04049014,0.07458155,0.08705239,0.07400293,0.04192925,0.06905409,0.06621375,0.10328103,0.10381833,0.06597842,0.07669478,0.05441002,0.07960758,0.08398633,0.04247924,0.04468571,0.05133908,0.07838884,0.08762827,0.0564695,0.04500447,0.08864819,0.07656067,0.06951075,0.05220051,0.03992583,0.06473918,0.07751878,0.0801828,0.0611213,0.01310769,0.0681387,0.08467648,0.07443596,0.06426208,0.05509404,0.07610553,0.07069856,0.06586513,0.0891723,0.1041102,0.08851588,0.09065298,0.08375232,0.09607271,0.04802473,0.07996732,0.15710226,0.14399651,0.06036645,0.06658066,0.1453561,0.12846813,0.15675701,0.09673242,0.30258982,0.19505529,0.16374834,0.07882077,2
0.27755528,0.51286754,0.43363278,0.25544465,0.26121173,0.18432149,0.22366362,0.37055377,0.21701092,0.12245344,0.16076214,0.24977247,0.19790013,0.19985646,0.1135487,0.17944894,0.10020125,0.14648349,0.07901224,0.13409896,0.06317222,0.11324294,0.08194945,0.11952104,0.09039666,0.08664832,0.07346379,0.11255074,0.10314998,0.08161063,0.08019831,0.067468,0.09113834,0.11866,0.07361967,0.04194121,0.11008634,0.08190717,0.05683939,0.04652715,0.11497371,0.0915937,0.074217,0.03560649,0.03760823,0.09597604,0.1016502,0.08142863,0.09068308,0.11039543,0.0635084,0.04213487,0.09993196,0.03027411,0.09890621,0.16224155,0.07320665,0.14096715,0.14495799,0.15827352,0.14993974,0.0883591,0.10275915,0.00987652,0.09168241,0.04736753,0.12967827,0.29180921,0.06070652,0.29495537,0.39634094,0.28540995,0.40233922,0.47398471,0.15789467,0.16946661,8
0.28557973,0.51715785,0.32571387,0.24219583,0.35470612,0.26880815,0.54502092,0.2961607,0.29711203,0.32974931,0.06787497,0.08138709,0.37708052,0.29715768,0.13741375,0.08717153,0.22320536,0.04073511,0.09877,0.16894333,0.07495373,0.13435438,0.17715739,0.11954688,0.11609557,0.06922744,0.16248817,0.06183545,0.02733564,0.02033246,0.13621465,0.1568549,0.04990642,0.07629455,0.04446489,0.15382405,0.11591817,0.04267698,0.06330652,0.10648138,0.14193536,0.11806729,0.03392718,0.06391351,0.08622724,0.1481374,0.12407769,0.04383419,0.13257456,0.20839502,0.11720126,0.02218567,0.16650147,0.17827134,0.13806276,0.03565675,0.19275448,0.16415121,0.04482122,0.04866763,0.2300905,0.20684807,0.09586563,0.0352698,0.20745307,0.07404209,0.09518166,0.08893966,0.2173412,0.17310812,0.06812751,0.01604806,0.23856839,0.18301559,0.25242449,0.18485835,4
0.08843069,0.08602162,0.11931249,0.38003349,0.58077278,0.03370665,0.39100961,0.05227246,0.35807703,0.08207685,0.06199626,0.27876435,0.04096223,0.33985045,0.19635742,0.08393099,0.12491091,0.07420007,0.11704246,0.05803622,0.05722368,0.18045462,0.07022627,0.15575485,0.10787986,0.10780783,0.06295791,0.0776596,0.12648056,0.04194003,0.05233726,0.1115878,0.08279798,0.07799817,0.04932823,0.12085948,0.04360059,0.06145446,0.07846454,0.05170117,0.06208736,0.04957439,0.10522546,0.06016175,0.12463185,0.00232565,0.03389859,0.0821401,0.02912873,0.05187964,0.13347445,0.0269836,0.13947674,0.04297814,0.03856404,0.04527138,0.02365118,0.04556796,0.13847372,0.06788813,0.14399058,0.09641054,0.06351909,0.08037061,0.02755587,0.09240442,0.15495971,0.03959672,0.12849021,0.19111448,0.14226222,0.28129299,0.04125442,0.37416403,0.13201154,0.42353185,1
0.08554602,0.38614762,0.34671691,0.19085911,0.31343947,0.24758638,0.10106295,0.33486481,0.23362763,0.18198674,0.18572101,0.23491517,0.08365817,0.24089627,0.11888394,0.13369492,0.1083439,0.17901384,0.09819108,0.0561708,0.07229093,0.10458112,0.07900557,0.12738948,0.05372448,0.083288,0.06698607,0.12388011,0.06557352,0.05453988,0.07550051,0.05316148,0.06239406,0.10693455,0.05026643,0.02321797,0.09833027,0.06178031,0.10000338,0.05434065,0.05970003,0.05008794,0.07579691,0.04376805,0.03805672,0.0504796,0.13172644,0.06528138,0.09073477,0.0863088,0.07624873,0.03312971,0.08325408,0.06195357,0.03666519,0.09463273,0.01588521,0.04332393,0.18142703,0.12035202,0.15636876,0.10974177,0.16600804,0.07852177,0.15081168,0.15606382,0.07463223,0.05574231,0.06806713,0.02392347,0.26707844,0.41057227,0.33643342,0.49385786,0.11793984,0.37769676,3
0.18571384,0.47165233,0.22541851,0.09654617,0.29118476,0.23830474,0.08346002,0.22899602,0.10939231,0.21426424,0.19737321,0.22538066,0.07857001,0.13108344,0.03550625,0.19104505,0.16865611,0.25840591,0.08552778,0.06846146,0.02021845,0.15139663,0.11132943,0.16389896,0.15338115,0.01401792,0.01875393,0.10825104,0.06130554,0.0459403,0.11029956,0.05666273,0.014643,0.11952504,0.11397333,0.0679802,0.09987011,0.06645939,0.03618799,0.02295273,0.11368906,0.05886387,0.08510298,0.03905158,0.0440438,0.12058362,0.03503981,0.06276791,0.03828492,0.07231623,0.1319573,0.0666825,0.09157814,0.10090838,0.10749557,0.07804191,0.06980236,0.06407328,0.17482527,0.10437043,0.16536658,0.06065082,0.06310768,0.21087116,0.16793998,0.19479869,0.05613813,0.1912718,0.09374581,0.12090111,0.21452817,0.34154853,0.24825903,0.62085703,0.14198317,0.38858348,3
0.05351124,0.10940589,0.16716921,0.272424,0.11995955,0.08745637,0.34501216,0.03760997,0.3571442,0.04879489,0.0771783,0.15164683,0.05621976,0.08259773,0.05173159,0.0958321,0.02160793,0.04756024,0.18443196,0.12019822,0.10916203,0.02085162,0.03060045,0.07875233,0.11493675,0.10842882,0.05111804,0.06387323,0.02067346,0.07006082,0.10892315,0.08144388,0.05018179,0.01916216,0.05477177,0.08017368,0.05104238,0.04199636,0.04527287,0.06372864,0.04109111,0.02411137,0.06358179,0.04368111,0.03068221,0.01746387,0.02033186,0.01879313,0.04987671,0.04010217,0.05471113,0.08449967,0.09458934,0.10381923,0.09071675,0.06387417,0.12528812,0.09136771,0.08012006,0.06064492,0.12171968,0.02037657,0.03837896,0.05727047,0.09863539,0.08610448,0.04488532,0.13947483,0.08536819,0.05276239,0.04177097,0.28426669,0.09141079,0.38349967,0.00354224,0.31578187,9
0.09303908,0.52097178,0.2446962,0.21024362,0.08213143,0.26807756,0.09180201,0.19214548,0.21457769,0.13603548,0.0839117,0.13764356,0.18068629,0.01426799,0.12957993,0.07478188,0.08603958,0.01460432,0.08966917,0.15748804,0.06756791,0.09127805,0.01926984,0.05031727,0.08917918,0.11606539,0.02516051,0.07045487,0.04773472,0.07602649,0.11150441,0.06559087,0.04936594,0.02208439,0.12037114,0.11016137,0.0912738,0.06361977,0.01152233,0.128695,0.09632785,0.09398013,0.02858218,0.06303018,0.11258996,0.05321881,0.03782494,0.07694846,0.10478996,0.03261536,0.04712616,0.06156381,0.09777515,0.08805491,0.04260138,0.05705399,0.10194355,0.10407922,0.02913218,0.06666169,0.06166399,0.08384213,0.08846299,0.10941008,0.08098058,0.0347269,0.1533781,0.20989803,0.13306491,0.15272789,0.15352803,0.115499,0.28684855,0.5001313,0.06307574,0.41887266,3
0.14188648,0.54844741,0.03171596,0.24515233,0.07339849,0.13971672,0.58582054,0.06938996,0.66880732,0.06748074,0.15065583,0.22487196,0.14174631,0.14847642,0.08234682,0.14119654,0.14444832,0.07258161,0.19997029,0.11035523,0.13199877,0.04504739,0.04689015,0.20978423,0.13113701,0.10694869,0.02650914,0.07761189,0.167927,0.13533441,0.09041959,0.07144331,0.07481334,0.10537969,0.12577213,0.08532831,0.09716147,0.0727884,0.04705816,0.11515196,0.10510949,0.08666681,0.05475515,0.02831892,0.12048201,0.08891266,0.07946101,0.04296183,0.12131629,0.08537124,0.05474612,0.03067652,0.11293278,0.08590768,0.07993853,0.04673219,0.10458611,0.07398134,0.06495639,0.04512386,0.11775159,0.07368811,0.07693182,0.09034612,0.13841666,0.08689513,0.08923146,0.13161886,0.16284954,0.14632417,0.10029224,0.13822247,0.16928233,0.10900484,0.09610483,0.08506331,6
0.11070444,0.06486774,0.07529143,0.33397541,0.03661527,0.08769069,0.33784638,0.13400281,0.28915375,0.05169588,0.08093611,0.17514285,0.05718656,0.0458091,0.05265232,0.08520774,0.05680141,0.04287582,0.11748289,0.04389469,0.0812352,0.01902295,0.03573612,0.15860507,0.05205331,0.08433074,0.0451523,0.03774236,0.06342765,0.0711613,0.08521767,0.01869439,0.05006756,0.02973864,0.07473444,0.06982886,0.03229334,0.05726251,0.06623968,0.06539471,0.04464035,0.06465316,0.05818478,0.05078364,0.0603971,0.04517203,0.02673309,0.06907098,0.05707407,0.03560827,0.01647191,0.04603904,0.05858352,0.04234532,0.03160571,0.01179618,0.07249432,0.02960975,0.04298994,0.05533274,0.08486583,0.03089646,0.03959956,0.07517431,0.0840881,0.06852673,0.04117923,0.10247101,0.07299811,0.15350809,0.05752088,0.10650924,0.04686031,0.30822018,0.06469552,0.38174022,9
0.15069685,0.44695337,0.25366971,0.23942559,0.50702072,0.20795224,0.36980558,0.18928306,0.37065059,0.29741916,0.14438227,0.03339134,0.1196396,0.08811253,0.21678622,0.12343825,0.03186446,0.11755115,0.15362754,0.18563529,0.12523114,0.08251088,0.07471883,0.07313861,0.22011585,0.07190642,0.06497293,0.04864255,0.03191602,0.18536286,0.11928445,0.05301218,0.05098632,0.07764705,0.21098705,0.11606688,0.04882302,0.02601428,0.0905722,0.19055782,0.08058706,0.02446055,0.01472782,0.06734872,0.15536355,0.03479123,0.07173731,0.04645354,0.18242227,0.04155639,0.06821318,0.03983416,0.16742697,0.04181546,0.0357722,0.07038152,0.18032384,0.06325242,0.11269773,0.05253588,0.13509846,0.03895951,0.07217919,0.01223632,0.21741551,0.03663407,0.08677084,0.14288565,0.19430264,0.058379,0.17845761,0.11546403,0.42010806,0.14988248,0.04758132,0.10409438,2
0.11693368,0.04581132,0.10994375,0.17193968,0.18391154,0.08899814,0.42607399,0.12972655,0.35350807,0.0120355,0.07762212,0.02616225,0.04701727,0.29461551,0.09467181,0.09720005,0.03427728,0.01745249,0.07023362,0.07123676,0.09451403,0.04604815,0.06440251,0.07850158,0.08285457,0.08835422,0.07500618,0.07500701,0.05058705,0.10274445,0.08358471,0.05924288,0.06116891,0.04457989,0.05843109,0.05773212,0.08509894,0.08701409,0.02966665,0.06013152,0.03428077,0.06099799,0.05476922,0.07509219,0.01874363,0.05143272,0.03178054,0.05963076,0.05072811,0.08293244,0.05667078,0.04072213,0.0747974,0.06389743,0.08734381,0.08702746,0.09876419,0.08867354,0.09856116,0.0386795,0.09897617,0.09006923,0.09716626,0.05938684,0.10582633,0.01511019,0.04792642,0.06502017,0.09152436,0.02814023,0.02956583,0.29019728,0.08031578,0.41974695,0.11172639,0.30917046,9
0.14583179,0.26085214,0.46447183,0.30801759,0.48885202,0.15917966,0.25455507,0.38050026,0.45042834,0.18708765,0.15043515,0.04681256,0.35402374,0.11384657,0.09053556,0.06200547,0.09839495,0.17810064,0.05720578,0.02755582,0.02368524,0.11409415,0.13783298,0.105517,0.03690527,0.05477168,0.17920999,0.11549203,0.00751468,0.01862842,0.10491412,0.12764566,0.01644346,0.03885528,0.04371497,0.14216622,0.11907646,0.02432366,0.01591693,0.09225399,0.13495457,0.09777259,0.01171453,0.04467575,0.0314165,0.02412752,0.08479687,0.11343776,0.02177529,0.05935553,0.14231435,0.08314255,0.01661195,0.14800409,0.18008426,0.02437738,0.01634069,0.19081459,0.09343256,0.04076943,0.20318473,0.23121482,0.06704877,0.1141468,0.26965428,0.19759192,0.03548858,0.11325391,0.18045751,0.08035738,0.0815392,0.04538037,0.36212512,0.11424571,0.16225463,0.13090521,5
0.18991317,0.4581861,0.28546365,0.27434188,0.35790385,0.11240654,0.25542882,0.27947526,0.49474106,0.06286689,0.18432662,0.0524446,0.30670726,0.18686116,0.16521186,0.09646269,0.12013978,0.06135756,0.0572766,0.11021052,0.06390906,0.07279419,0.12801099,0.08098262,0.09258952,0.09094193,0.10676855,0.08568745,0.09463344,0.06456225,0.05834014,0.05941883,0.11161838,0.05270634,0.0831284,0.06700339,0.10352648,0.10448878,0.07615529,0.03911696,0.06886083,0.09917948,0.08256524,0.02781481,0.0765464,0.07591885,0.04569201,0.0638463,0.07542983,0.0472208,0.08193911,0.13853564,0.08926475,0.0805077,0.10274415,0.07147682,0.10914203,0.10029877,0.12025527,0.10127328,0.09667099,0.10210943,0.06256536,0.06095635,0.13978947,0.13982187,0.08565531,0.12781389,0.0351791,0.14357888,0.1086358,0.17159771,0.43016423,0.19836267,0.21645239,0.16070762,5
0.13594242,0.43096284,0.39537177,0.24581515,0.30815042,0.14299474,0.19398808,0.28369507,0.10975428,0.19536333,0.23740466,0.26556859,0.10487523,0.21186048,0.13403842,0.1539034,0.06574266,0.12688469,0.10652933,0.03416707,0.04802487,0.104679,0.10751033,0.16005451,0.05824506,0.13756053,0.06609816,0.14019463,0.01800865,0.05356643,0.10142941,0.08563527,0.03457571,0.16646605,0.07829691,0.02017169,0.08876058,0.09302977,0.04108364,0.05652231,0.08883658,0.01577356,0.10871011,0.06069552,0.01583564,0.04900398,0.09683743,0.06879704,0.08614328,0.02217101,0.09233912,0.08693397,0.10242755,0.08284195,0.0502914,0.03434156,0.01237992,0.03427293,0.13600537,0.15617075,0.18101137,0.11041555,0.0918481,0.07620104,0.16354223,0.16508655,0.08751185,0.12963453,0.04169162,0.07317002,0.16185375,0.25902516,0.32323165,0.46553067,0.17494895,0.39676025,3
0.11699121,0.27833637,0.53470792,0.25471924,0.10868587,0.12382616,0.15381793,0.24844737,0.25664253,0.15095512,0.07807976,0.1568852,0.15691516,0.02720258,0.12956417,0.04780792,0.07073584,0.06960024,0.06575172,0.11563035,0.07213397,0.07733604,0.05788082,0.07032496,0.12409556,0.10409169,0.08774484,0.02168085,0.08310329,0.10762952,0.11003314,0.07403709,0.02907824,0.06636135,0.07962786,0.10699342,0.06727515,0.01373894,0.06486887,0.07577742,0.1184212,0.06621788,0.02355975,0.06407842,0.11565966,0.09017181,0.06254316,0.07492594,0.13794328,0.11101417,0.07849693,0.06491635,0.16150334,0.09999016,0.07306779,0.04618073,0.15538279,0.11344907,0.05441974,0.06295985,0.15956799,0.10463862,0.08096377,0.04588402,0.16178839,0.07511499,0.09160893,0.02637859,0.10311169,0.10934244,0.05958057,0.0417518,0.09401338,0.22010083,0.10149147,0.05488714,2
0.11873985,0.46496584,0.45563815,0.40866713,0.13169715,0.11466404,0.2070509,0.12849823,0.20862637,0.04729156,0.06435253,0.16166582,0.028298,0.10722601,0.02356248,0.12910678,0.12677926,0.03588695,0.1297543,0.04927019,0.11378447,0.12571798,0.07324854,0.09001921,0.06315919,0.13391937,0.04269945,0.0860716,0.05192396,0.11063867,0.08495829,0.0595071,0.09547148,0.01729995,0.11077468,0.0694161,0.08351354,0.08004771,0.02380653,0.11449913,0.03551794,0.09006611,0.06401659,0.04182031,0.10438009,0.03293511,0.07074497,0.07716712,0.07250935,0.03962464,0.09927484,0.11695621,0.02951224,0.10749729,0.12863997,0.1029,0.0638794,0.13610455,0.12338885,0.1190232,0.09392318,0.17026444,0.10070774,0.04535126,0.15113523,0.11738214,0.02723958,0.03604324,0.14070128,0.1338474,0.08731592,0.109849,0.25041173,0.13508715,0.13161087,0.11303351,2
0.11166773,0.33425349,0.49203147,0.24602824,0.33785956,0.27781804,0.44132582,0.31456139,0.38048568,0.1992312,0.19253015,0.10013447,0.0478216,0.08824941,0.08437059,0.15789978,0.24400243,0.0740696,0.10955632,0.0305395,0.13072451,0.21090784,0.12606589,0.0862833,0.06561072,0.09772899,0.11555773,0.09644347,0.09641701,0.08172262,0.04527595,0.0989852,0.15210497,0.07054445,0.08682566,0.04499223,0.05754068,0.12631507,0.09785123,0.10520362,0.07223954,0.01339961,0.06570915,0.06012689,0.08709133,0.03603832,0.10540681,0.09580874,0.10442911,0.02919721,0.07580077,0.06523746,0.13182079,0.008779,0.05840504,0.09892045,0.13070334,0.10694869,0.04215097,0.1333386,0.0366904,0.14690929,0.06995483,0.10927852,0.06437615,0.16248468,0.0660595,0.11086901,0.10512455,0.22907736,0.2097084,0.07272556,0.18170804,0.14718172,0.21029768,0.05852879,5
0.01048812,0.20540466,0.01915685,0.26811147,0.53974444,0.00267619,0.43044136,0.04396488,0.41346984,0.13219676,0.01852467,0.15097699,0.01869257,0.30268625,0.15205458,0.01069499,0.18069891,0.01900592,0.07992325,0.12375021,0.02196155,0.04837008,0.02669712,0.15173615,0.06127472,0.01647299,0.12353681,0.01848147,0.06749602,0.11085348,0.01759909,0.0207954,0.04971866,0.11312254,0.01982441,0.02827671,0.11300338,0.01423395,0.06858062,0.09511597,0.01689241,0.03169207,0.03761927,0.08963234,0.0229464,0.02608428,0.00868974,0.12197297,0.02050397,0.11733431,0.02018469,0.03303887,0.02366753,0.04099881,0.00983234,0.14820807,0.01074689,0.11735243,0.00173879,0.07605008,0.01197835,0.11384507,0.00927063,0.2128942,0.01605009,0.15468652,0.00752779,0.07596303,0.01521313,0.25098687,0.02653196,0.36819611,0.01642311,0.43571259,0.03467137,0.32098921,1
0.27699526,0.58044058,0.30155339,0.40876422,0.34202598,0.32939487,0.51142998,0.21980265,0.4136097,0.19156497,0.02619477,0.16490731,0.25813231,0.31717654,0.14599179,0.19855454,0.14339877,0.0904131,0.07856406,0.11030583,0.03691469,0.10456463,0.17391917,0.19434918,0.07502555,0.13027718,0.14948946,0.03763594,0.05498956,0.10253704,0.03659028,0.08188085,0.16420154,0.13131995,0.04427376,0.12876389,0.11534207,0.02928818,0.0604002,0.11077172,0.05345695,0.08005477,0.117197,0.12782935,0.06992274,0.05705928,0.11499405,0.12028662,0.04726127,0.11595895,0.1450721,0.16646545,0.1141963,0.06900788,0.16957657,0.18385529,0.08368156,0.18933295,0.14855597,0.16511508,0.16407584,0.15914457,0.25026551,0.1322904,0.09918685,0.19327393,0.17345409,0.21511526,0.27973121,0.17847554,0.13123142,0.0330237,0.24867789,0.36170657,0.34259867,0.24183142,4
0.31192554,0.50214715,0.43675417,0.20536846,0.28805045,0.14418269,0.29773717,0.40021252,0.29794494,0.07840541,0.24258966,0.15600492,0.29413983,0.12493209,0.20037347,0.06952035,0.21246948,0.04423734,0.15323717,0.07742048,0.1701849,0.01484982,0.12342298,0.08469992,0.14938775,0.02765041,0.10902137,0.05692957,0.1216778,0.04460964,0.09326018,0.05456286,0.11716558,0.10121006,0.08724726,0.04345134,0.0849623,0.07738512,0.09173051,0.03962409,0.06437775,0.08047015,0.1004207,0.05611112,0.07801495,0.08478552,0.00969744,0.05427267,0.06970581,0.06331329,0.11490347,0.10628522,0.11345016,0.12036477,0.06513058,0.04620291,0.11040159,0.05272916,0.13376886,0.21029934,0.13718502,0.19440468,0.20332075,0.04157681,0.17584119,0.10759863,0.10510112,0.17107064,0.09999105,0.29359064,0.2983785,0.18790068,0.42284679,0.3888993,0.14937464,0.26523657,8
0.16023777,0.52268755,0.36413327,0.35136788,0.47711091,0.17342013,0.42920015,0.29901563,0.36103206,0.20294497,0.23724573,0.07231666,0.26477263,0.02997345,0.20104481,0.11858773,0.17904191,0.18663128,0.18063454,0.17413053,0.08733087,0.1872035,0.1930628,0.11801926,0.05492763,0.12147947,0.15999008,0.21328556,0.04648012,0.07890178,0.12116557,0.20698788,0.13744023,0.12148232,0.05634038,0.16313983,0.19173383,0.00586362,0.05960955,0.08954539,0.21499733,0.08820158,0.0364978,0.10604733,0.01314767,0.03336849,0.05313755,0.08035713,0.05812101,0.11013375,0.11778892,0.0943919,0.1145723,0.15063666,0.05281315,0.0759012,0.18599058,0.11199679,0.0781376,0.09298936,0.19723238,0.18289362,0.08320868,0.04952434,0.22089264,0.2059517,0.0581711,0.12153215,0.33094292,0.25267746,0.0467173,0.23715263,0.40169978,0.24349174,0.31404706,0.14074383,5
0.12478357,0.53328646,0.18680521,0.25767114,0.14137416,0.25302485,0.08473873,0.28228854,0.24478516,0.231347,0.04509727,0.22967315,0.08237719,0.14557395,0.18955903,0.12964536,0.15236776,0.14559641,0.16292469,0.11588425,0.1095986,0.03987183,0.12991408,0.06735973,0.04581855,0.05305469,0.04536389,0.07303591,0.09880215,0.06843988,0.05840544,0.09036044,0.03693202,0.05483839,0.11673379,0.03908461,0.07247228,0.04545781,0.03498406,0.07507583,0.04966189,0.01047282,0.06613565,0.04498634,0.08868312,0.11326868,0.0711643,0.04466792,0.05700893,0.04820561,0.08720461,0.13253733,0.07500299,0.07521092,0.13790683,0.17854734,0.09640748,0.19859624,0.11731664,0.08088619,0.1487026,0.16988417,0.03242091,0.12236664,0.0784549,0.06527434,0.13691792,0.22289349,0.12624946,0.14315803,0.22845981,0.13486098,0.27047984,0.5698725,0.17617021,0.41373472,3
0.06899832,0.17562904,0.13681541,0.3455193,0.54208263,0.03167306,0.38917924,0.07719885,0.37681919,0.13046625,0.08812733,0.1378749,0.08822687,0.2032584,0.17631318,0.04241105,0.16474936,0.07132368,0.09261178,0.08664034,0.11600756,0.07325725,0.11353535,0.1300164,0.09980744,0.07536126,0.08743535,0.10278571,0.01777946,0.0295634,0.13351876,0.0696609,0.1295365,0.05817171,0.06849173,0.07611093,0.00451491,0.109739,0.04301311,0.03847869,0.12935802,0.06982045,0.1052655,0.0122989,0.05039298,0.0558258,0.10854917,0.05057207,0.12947286,0.03360594,0.06933649,0.03991795,0.05841453,0.07321228,0.10225286,0.11028924,0.12363787,0.08863581,0.063687,0.04482051,0.04839211,0.10496371,0.07204826,0.18107634,0.08923602,0.14244408,0.02791263,0.05124443,0.02514054,0.2138581,0.01644833,0.33782274,0.02984181,0.39220558,0.12744142,0.37025779,1
0.17080708,0.63322596,0.20463962,0.45340113,0.04971056,0.17676211,0.07904156,0.04088518,0.15647235,0.06207672,0.16939061,0.076596,0.13694137,0.11655306,0.15723992,0.08286419,0.14112087,0.07963965,0.02842639,0.18138676,0.09918368,0.13723256,0.02324841,0.06851445,0.14747074,0.1548529,0.08501538,0.10787799,0.05961038,0.11654239,0.16719027,0.08243205,0.09272805,0.03501679,0.10135861,0.13696512,0.1301304,0.06508547,0.03512607,0.09485855,0.1348661,0.13617839,0.05187713,0.05611343,0.10237686,0.07651497,0.04211475,0.05277245,0.09891037,0.07297399,0.03659462,0.07155451,0.1019201,0.05452877,0.05220714,0.0946378,0.06531003,0.03258705,0.07344387,0.13601138,0.03016425,0.0184314,0.11776786,0.10519478,0.12829812,0.10278198,0.12326842,0.04829797,0.20714394,0.24487021,0.02124534,0.11802218,0.18301671,0.42059615,0.12454307,0.45743593,3
0.14902384,0.25917532,0.29481684,0.16460686,0.21564623,0.23561784,0.48091665,0.13532647,0.43124967,0.16521053,0.19389401,0.05754603,0.03607586,0.18923484,0.15329712,0.13086696,0.0684403,0.1783212,0.05833552,0.2159063,0.0765691,0.14105202,0.02063213,0.0473897,0.13167011,0.09704023,0.07800507,0.02643827,0.09931221,0.07560464,0.15038324,0.03927603,0.10604702,0.05721012,0.17249238,0.08492352,0.10488838,0.06938453,0.04388411,0.13555145,0.02917525,0.12181973,0.02870774,0.07684857,0.13747266,0.05759554,0.08521992,0.08778037,0.07703775,0.11498976,0.0847022,0.13728524,0.14254711,0.13480247,0.10120762,0.00893617,0.19869831,0.08585588,0.05029562,0.04284911,0.11050218,0.07782562,0.03123402,0.15862128,0.12791623,0.07988296,0.22637074,0.20841177,0.17188544,0.27879186,0.18087496,0.09978451,0.29732017,0.2159428,0.03346523,0.08539268,10
0.23342835,0.5206189,0.37607221,0.21156778,0.21359325,0.18092992,0.25405776,0.37130698,0.23513314,0.14374502,0.18002501,0.2270391,0.16005798,0.15125139,0.13322014,0.17084496,0.11292201,0.13566302,0.06860299,0.07837468,0.13955421,0.14961546,0.0622634,0.11393577,0.15032581,0.09674112,0.07880809,0.136191,0.10801314,0.05376489,0.07492599,0.10517585,0.14079147,0.12971443,0.0616498,0.09372239,0.1171681,0.09685679,0.15164397,0.05942418,0.05956583,0.10136278,0.16416623,0.08154088,0.092292,0.07572152,0.01672256,0.01807503,0.02870726,0.02795074,0.08546348,0.13255501,0.11777528,0.08259098,0.10276161,0.02395162,0.05973713,0.0352041,0.06335306,0.12892871,0.08525325,0.11081035,0.15177681,0.11019415,0.08716711,0.17037443,0.01347142,0.17171331,0.03148374,0.20740643,0.31924173,0.3822195,0.41950205,0.44567997,0.30730651,0.19293122,8
0.10861021,0.38921873,0.40523601,0.10782623,0.46885873,0.17689567,0.36547641,0.36760698,0.40466574,0.2470066,0.09780831,0.13851651,0.301883,0.1560556,0.10669188,0.15305566,0.1048337,0.15250449,0.05902759,0.04402175,0.14391343,0.05897657,0.09491672,0.06729626,0.07540358,0.08503444,0.06547126,0.09438143,0.14795948,0.09218108,0.11243902,0.05813021,0.0487293,0.10969511,0.1198166,0.05640768,0.02065166,0.07193177,0.10768864,0.05116919,0.03507974,0.01061496,0.08967132,0.09890795,0.07975484,0.04078865,0.11761776,0.16296393,0.05302868,0.05327694,0.15330117,0.07356546,0.00467506,0.09459029,0.11137931,0.03110573,0.07376343,0.1540378,0.1294356,0.06415186,0.20103132,0.16908378,0.06995281,0.04327769,0.1867421,0.05931525,0.08433089,0.11504624,0.20642961,0.16449967,0.11057,0.06459103,0.41287332,0.13487827,0.07405212,0.18114655,5
0.32792382,0.20992844,0.29563997,0.21647253,0.38245488,0.1275472,0.30946753,0.44459851,0.33453579,0.02321187,0.18144395,0.21067939,0.31257673,0.1442247,0.19743966,0.11988156,0.07137271,0.23759293,0.16448618,0.07076022,0.15203984,0.20732254,0.07169725,0.13425143,0.13201985,0.11562684,0.16285085,0.15332724,0.09815467,0.08140349,0.1694667,0.07478513,0.05074347,0.12291903,0.1339477,0.01788349,0.12023828,0.08100968,0.05554056,0.01603093,0.1211672,0.02325485,0.05539883,0.14646893,0.1048286,0.09741006,0.03885578,0.05130821,0.08819338,0.05454995,0.06541556,0.11777482,0.08690194,0.06439577,0.13418885,0.15179133,0.05522908,0.16207961,0.12993547,0.11673847,0.17883972,0.10465485,0.14070329,0.19999553,0.05734039,0.17884388,0.24651071,0.18685248,0.25150306,0.26195754,0.1798475,0.09864852,0.25477329,0.24248969,0.03934576,0.1407902,7
0.22911679,0.4015682,0.53044373,0.10951954,0.37607839,0.10904499,0.1650805,0.42322101,0.1703859,0.01494996,0.14439018,0.25528799,0.15119961,0.14380237,0.10519403,0.18156453,0.07472181,0.10120405,0.09549976,0.15505774,0.0562484,0.06645079,0.06288574,0.12287076,0.08551178,0.04502852,0.03796961,0.11930366,0.0732243,0.00629757,0.06020828,0.1115825,0.08109742,0.0741531,0.07908821,0.10981019,0.07176188,0.05747428,0.06913844,0.08411926,0.0618051,0.05803461,0.05624918,0.09294246,0.07094269,0.00519238,0.10412361,0.15469547,0.01013732,0.08563981,0.14674759,0.09665984,0.08317349,0.18566995,0.12157783,0.0552328,0.18773255,0.1043896,0.06315,0.09741898,0.05854951,0.04596366,0.13273499,0.2188437,0.04123012,0.08069215,0.25092005,0.20351085,0.17050178,0.30685417,0.20484587,0.11881793,0.44353649,0.33017596,0.08209384,0.24372555,2
0.02066816,0.11958193,0.01398058,0.36298556,0.55044342,0.0191279,0.39963306,0.03296296,0.38181806,0.13993244,0.02058519,0.24016123,0.01715389,0.32893418,0.19278476,0.01732767,0.15472186,0.03692687,0.06562111,0.13694896,0.0276655,0.13549654,0.01903713,0.17350556,0.12633461,0.01849599,0.13728222,0.03694612,0.05347139,0.13210164,0.03199656,0.11589048,0.02301235,0.1433979,0.10079825,0.02483648,0.11280685,0.05170306,0.06718629,0.125573,0.04573238,0.09117244,0.02604264,0.11188315,0.02599213,0.05436247,0.00319747,0.14081074,0.01412205,0.14081092,0.02746798,0.01278625,0.02194732,0.07465152,0.02453746,0.14711433,0.00332059,0.16221962,0.01048309,0.01186235,0.01264739,0.0871319,0.02591758,0.19059843,0.01304299,0.17114827,0.03103253,0.05078471,0.01140847,0.18968353,0.02030087,0.30055587,0.01508483,0.41551852,0.04443068,0.413029,1
0.35817012,0.45635437,0.48669356,0.27342452,0.3394877,0.19515045,0.3063499,0.36342467,0.33068732,0.03221674,0.25311605,0.1751343,0.2299522,0.18762007,0.23621053,0.10937115,0.14489246,0.05949377,0.16194888,0.07927437,0.11559423,0.04553186,0.16707961,0.09721607,0.09392859,0.04431146,0.15493128,0.11991473,0.17452247,0.05490137,0.13530498,0.10369849,0.14539314,0.16158846,0.10365827,0.08473781,0.13536529,0.17011617,0.04430115,0.05119518,0.12081116,0.1630213,0.03675661,0.10802233,0.05952483,0.05088151,0.13783163,0.11229129,0.05690186,0.11518988,0.08086174,0.09348715,0.09458951,0.03222256,0.15006431,0.17420167,0.04341894,0.19652963,0.18308005,0.14086775,0.23080192,0.14437485,0.13157777,0.14733853,0.08389687,0.14585067,0.26581035,0.24327402,0.22761798,0.34987675,0.32071489,0.1181615,0.41702347,0.37206663,0.03912619,0.23787731,8
0.2314304,0.47114607,0.41084763,0.12218714,0.36688891,0.14363585,0.28434911,0.44249215,0.23439121,0.01401647,0.20360005,0.24052498,0.10762825,0.159266,0.18123848,0.17040126,0.06121909,0.1062847,0.17834217,0.14018955,0.02500596,0.10639021,0.16491777,0.11700747,0.0273341,0.11589451,0.14274798,0.09058644,0.04989115,0.10999794,0.10566996,0.07013251,0.03276457,0.10189979,0.0918563,0.06880947,0.03913718,0.11401223,0.08386141,0.05653235,0.04883379,0.11357017,0.08402581,0.02205499,0.10732862,0.0988362,0.05890613,0.03152982,0.10046084,0.05520794,0.06963806,0.11437908,0.05200402,0.0969192,0.12532019,0.09577638,0.10984454,0.1261312,0.12057745,0.07133781,0.1572798,0.13868658,0.06164038,0.10736988,0.10482798,0.07279467,0.20704853,0.23914736,0.18056824,0.35626651,0.30821074,0.13903447,0.4542555,0.40534283,0.11085359,0.17291771,2
0.11139542,0.20773252,0.31454728,0.11223536,0.12521719,0.18840853,0.45965646,0.19178666,0.3867643,0.15487286,0.21852705,0.07925551,0.05175385,0.1424781,0.19126673,0.10657686,0.04046172,0.14244599,0.12387006,0.13287127,0.11749702,0.09749498,0.0986463,0.07780435,0.15751971,0.10216432,0.0956825,0.02856636,0.0484784,0.1189537,0.12225993,0.06333402,0.04713197,0.09604678,0.12506669,0.1294142,0.05581857,0.09803119,0.0322959,0.15225309,0.12026306,0.06684167,0.04192902,0.00972211,0.08405531,0.04612507,0.03073,0.06147158,0.09597093,0.0416754,0.11325609,0.08005687,0.12706725,0.11484547,0.04287851,0.07211584,0.12225394,0.08023862,0.08213998,0.04867048,0.14960101,0.02730652,0.09711153,0.0925853,0.08648949,0.11302341,0.03706177,0.16554496,0.05744654,0.19859881,0.2614982,0.21478775,0.32321868,0.2885652,0.13250929,0.05433071,7
0.19134583,0.2390744,0.39762211,0.15527637,0.59942059,0.01564585,0.35023895,0.24691159,0.2507916,0.28906347,0.31965844,0.19573564,0.16514893,0.15788816,0.1504576,0.23932841,0.13462742,0.27009058,0.07806993,0.25283612,0.12475704,0.11526602,0.22919852,0.09202806,0.14795738,0.14280642,0.15756751,0.13105078,0.08288285,0.10875245,0.15003046,0.15169656,0.19511381,0.08970106,0.03631368,0.03022604,0.0608303,0.22066364,0.03422196,0.07190916,0.13655641,0.02754314,0.18607065,0.09610512,0.21993372,0.06857257,0.17415146,0.07293313,0.26634529,0.06558322,0.08472595,0.10980114,0.20884073,0.20449234,0.00530671,0.12528732,0.10479686,0.21891889,0.08512219,0.09207801,0.21718703,0.19849991,0.08775447,0.0206801,0.16158817,0.14000628,0.15072217,0.15736326,0.17633489,0.23642347,0.24809698,0.17206332,0.07376909,0.32949752,0.22995,0.11730691,10
0.07339946,0.46158779,0.27977886,0.24038391,0.48949524,0.42283487,0.38623291,0.13569338,0.41329888,0.03898154,0.18289908,0.13272113,0.27159483,0.19831998,0.0983987,0.16715267,0.07477808,0.06282126,0.16945911,0.046741,0.03611301,0.16811191,0.14200671,0.09186422,0.1093148,0.062058,0.05900075,0.05983215,0.09546061,0.07121592,0.05521922,0.0736243,0.09876232,0.0795248,0.0802742,0.09636841,0.02318718,0.02814036,0.07749006,0.02129589,0.03072305,0.06457634,0.09469974,0.04255782,0.08339276,0.08225509,0.02833439,0.03806148,0.01741107,0.0540699,0.05255489,0.06308483,0.06157113,0.05200283,0.07572555,0.13367115,0.05137797,0.04244517,0.17532662,0.10521841,0.12594043,0.14755403,0.17260887,0.1833086,0.09341262,0.12266083,0.23580093,0.12089269,0.3088194,0.17635971,0.25953999,0.02599896,0.06094929,0.45821858,0.2029132,0.06550606,6
0.10604941,0.76346034,0.05378248,0.71390346,0.12354642,0.16769867,0.15153555,0.14282364,0.20593676,0.12426135,0.1421348,0.09380524,0.06305469,0.0970406,0.12526626,0.13464571,0.09245307,0.04837217,0.09245895,0.12633588,0.13235679,0.09758653,0.05209262,0.0992156,0.12724327,0.13049498,0.10150888,0.06920741,0.10346696,0.12781105,0.11617025,0.08035086,0.05884385,0.06062203,0.12794514,0.11604919,0.07692955,0.04727558,0.05039018,0.12764626,0.11336019,0.07156787,0.02810408,0.03227519,0.12671851,0.10386288,0.06365581,0.08775943,0.12808832,0.09928469,0.06901418,0.07113285,0.12776028,0.1012706,0.06862898,0.07491875,0.13677484,0.07759469,0.04862445,0.02813849,0.13660241,0.09471339,0.03635395,0.08875172,0.13858088,0.10561468,0.04247639,0.10867167,0.14579338,0.0979806,0.06300526,0.08808652,0.16810211,0.03981438,0.12766367,0.01831917,2
0.12443173,0.44848249,0.39814877,0.22896437,0.24372322,0.28487932,0.5553837,0.16718425,0.39700507,0.15788669,0.22559372,0.22959187,0.1298872,0.10746949,0.09009821,0.04040843,0.24530701,0.15873843,0.08098654,0.17994366,0.08796057,0.10351187,0.11570771,0.13965719,0.12626496,0.08487516,0.04434373,0.05754335,0.18244129,0.06663823,0.09830972,0.09337409,0.01923163,0.08085288,0.0049649,0.07948563,0.12906621,0.07618614,0.02923891,0.09235649,0.0424156,0.12117824,0.11683035,0.03978374,0.10323217,0.02675707,0.11207816,0.08961296,0.12360917,0.09807221,0.06841188,0.12354346,0.07478084,0.12402698,0.01718736,0.06822362,0.02583089,0.11220049,0.05777768,0.02870778,0.0428856,0.0272758,0.10752098,0.12843562,0.17596905,0.1194855,0.15203573,0.17046092,0.16303859,0.20071468,0.10578549,0.13718553,0.1385415,0.13903188,0.07510936,0.18601749,5
0.31236224,0.2450652,0.35211686,0.24488004,0.43384343,0.12335723,0.24025918,0.3876927,0.3439307,0.04760916,0.29377911,0.19064226,0.22743508,0.13513403,0.26224707,0.05090662,0.19819986,0.27097627,0.13285599,0.07543421,0.19130184,0.1247777,0.17250655,0.21281773,0.09284897,0.07313105,0.22729074,0.0918593,0.13066409,0.09255467,0.11596855,0.08463291,0.2173047,0.08019272,0.02219608,0.11574008,0.13425556,0.11546653,0.20303984,0.07699372,0.04096245,0.17104137,0.1302586,0.14253502,0.03708395,0.07876036,0.12354881,0.15285364,0.09710919,0.11141849,0.12637881,0.06479698,0.07807141,0.10281142,0.10632015,0.1379696,0.09033471,0.15574276,0.14763247,0.1195441,0.2083716,0.15901209,0.12284243,0.06061912,0.11307214,0.17775506,0.13747716,0.10986541,0.28477075,0.20748737,0.14339336,0.15342531,0.24262473,0.22100485,0.06259359,0.16427445,10
0.33456283,0.34368618,0.27611823,0.33461662,0.16191644,0.38359215,0.3102097,0.28871924,0.22462953,0.19574919,0.10669209,0.13938897,0.28314262,0.34388457,0.16447582,0.06542786,0.14328409,0.09329119,0.13765088,0.14979031,0.1472364,0.10990527,0.02326964,0.17449037,0.14993396,0.16624386,0.07331572,0.07753625,0.07165515,0.12814734,0.1343757,0.07220248,0.07714287,0.03032637,0.10135285,0.10889949,0.10189009,0.06820864,0.05189726,0.09121873,0.09688954,0.09345602,0.04928502,0.08193854,0.0889554,0.08795809,0.06863053,0.04522134,0.11457267,0.09193268,0.07502839,0.05876117,0.12542504,0.1277246,0.06623777,0.04859617,0.09965949,0.09345088,0.06342985,0.00479514,0.09158754,0.07414268,0.09272439,0.08400248,0.14966495,0.10822799,0.0636879,0.03243344,0.16485616,0.03479908,0.11286469,0.19250164,0.07749085,0.21129902,0.29795448,0.21653699,4
0.29449985,0.11732194,0.09934412,0.26468587,0.21412096,0.12351773,0.35645287,0.23831136,0.15780638,0.13803152,0.0850232,0.0291917,0.09816392,0.17746556,0.11420718,0.0235346,0.0962048,0.08317954,0.12932445,0.09229914,0.08239216,0.10456313,0.04218929,0.03570836,0.02162279,0.0812303,0.06867276,0.06101726,0.08458134,0.00723465,0.09130031,0.01547126,0.11232913,0.06212765,0.07186568,0.07732376,0.0376381,0.04918649,0.00262462,0.07944325,0.00672569,0.04264672,0.05890928,0.04235373,0.04538733,0.01501614,0.02482299,0.04437916,0.02315799,0.05099209,0.05801571,0.03178003,0.0690817,0.08175374,0.06497758,0.0522573,0.1206556,0.06682717,0.09503719,0.00421696,0.07587364,0.08882828,0.06787099,0.11180564,0.0335074,0.07837571,0.11781193,0.18940575,0.05134091,0.15169946,0.21140022,0.11513232,0.16931646,0.23913541,0.1777995,0.30308711,9
0.25499734,0.34526009,0.3838532,0.23034354,0.46750824,0.11548245,0.33175761,0.23981873,0.26407054,0.15578855,0.2932366,0.19441084,0.24852539,0.04122838,0.26320668,0.09248927,0.17098359,0.27371357,0.05818374,0.16179897,0.10507643,0.08289483,0.25121586,0.18871924,0.04221507,0.14358937,0.11994186,0.17238277,0.15824174,0.16976599,0.06447054,0.05913329,0.19123808,0.14975067,0.08164262,0.02024804,0.06913955,0.16963612,0.18170327,0.04119396,0.07131224,0.11551522,0.11922103,0.17913699,0.13339841,0.1342878,0.02996827,0.08709352,0.19394466,0.05229181,0.15154206,0.03608843,0.06855069,0.17529168,0.09429535,0.05790166,0.18435059,0.13501505,0.02444381,0.05504938,0.20516592,0.06826585,0.13570623,0.09592976,0.10095153,0.23362854,0.12167818,0.20082042,0.32434432,0.16129593,0.18307737,0.17961483,0.20104217,0.17770774,0.10162906,0.10437506,7
0.25849937,0.48574957,0.39812679,0.17924085,0.28397043,0.1819196,0.3018653,0.40507336,0.27397817,0.07101112,0.21872905,0.21430153,0.18832051,0.1631643,0.15699745,0.14320931,0.10044809,0.09534582,0.1487186,0.11489067,0.05018115,0.0961718,0.10979647,0.10357054,0.10471567,0.12566799,0.06760499,0.06788173,0.13013542,0.1393246,0.03725681,0.06516311,0.09060399,0.06990917,0.01523972,0.07453762,0.11338754,0.08002238,0.02726627,0.09205461,0.1143238,0.07831972,0.02545323,0.07820354,0.05746248,0.07103094,0.17849932,0.14582141,0.12225299,0.18318755,0.1135507,0.02433896,0.16440204,0.03481327,0.05686704,0.12084304,0.04854861,0.10498211,0.16385814,0.16491034,0.13932448,0.14844844,0.17487695,0.04428825,0.12752414,0.08355723,0.18426743,0.25278207,0.08070617,0.35017164,0.3318804,0.30041454,0.44887735,0.4112588,0.1969991,0.16561669,8
0.07669357,0.1715136,0.28122906,0.267579,0.23280103,0.29649335,0.55112408,0.1230147,0.19953359,0.09701571,0.26524343,0.50697382,0.24366073,0.18763725,0.08229579,0.12071767,0.32690495,0.06313181,0.3813452,0.16161677,0.19654136,0.04250594,0.18405302,0.45166225,0.1581857,0.12637214,0.096387,0.06928737,0.26385339,0.09711187,0.09718079,0.17625921,0.1299516,0.0885857,0.14009087,0.1282412,0.17501347,0.11950948,0.08313185,0.11999803,0.1091259,0.06525497,0.0426619,0.13126797,0.05207061,0.03224168,0.08568915,0.05920967,0.11463977,0.10381985,0.09457375,0.04672759,0.11600196,0.076126,0.0619847,0.10189694,0.13256925,0.08959015,0.05236147,0.01788141,0.14120589,0.04451313,0.07280893,0.13087811,0.11101706,0.12444805,0.11177019,0.07224843,0.24796009,0.15904746,0.07505327,0.12705558,0.19190078,0.25733631,0.17950826,0.07076991,6
0.26395322,0.27715445,0.41081411,0.26835763,0.51699812,0.06982141,0.30502077,0.27542102,0.2012319,0.23256447,0.32461168,0.13208879,0.25382129,0.07816262,0.25837732,0.17268355,0.13101326,0.22194817,0.08469609,0.27787483,0.10904442,0.04265789,0.15049091,0.15998282,0.16846546,0.24095555,0.01057899,0.05337584,0.09015652,0.16580377,0.20168003,0.08502513,0.06762745,0.05165507,0.19668511,0.13173815,0.0772961,0.07895401,0.10595739,0.15033598,0.18567561,0.07963689,0.06554725,0.06510541,0.06504121,0.14549555,0.07399979,0.05892595,0.06474453,0.09272709,0.10949155,0.13457698,0.14552218,0.06470009,0.1399278,0.11756892,0.18184592,0.11717231,0.11009985,0.059272,0.03971267,0.08846356,0.09052744,0.16721263,0.13036265,0.13378672,0.18107201,0.21182106,0.32002399,0.14863144,0.25023695,0.19623827,0.12804341,0.26166773,0.15992883,0.04319058,10
0.12242535,0.45189604,0.33838194,0.11729197,0.39461455,0.22346561,0.34143403,0.23277834,0.43980075,0.12354198,0.27142533,0.09510817,0.19764165,0.0743069,0.25665243,0.18575396,0.0059605,0.04685596,0.07964224,0.12411175,0.12892005,0.15402461,0.00913561,0.18579096,0.1457574,0.20409625,0.12032193,0.0655884,0.08954088,0.09968179,0.12699387,0.1341651,0.05862509,0.10144372,0.04338853,0.18571128,0.14251254,0.03889436,0.0964594,0.09131248,0.11422961,0.08309093,0.06880567,0.04882264,0.03643772,0.11016562,0.15922188,0.0823652,0.07791157,0.12888053,0.1057201,0.02339389,0.04248394,0.07762584,0.12082885,0.11796743,0.01524047,0.13695185,0.13606127,0.1305797,0.09077717,0.00739929,0.07596134,0.08045781,0.09018861,0.12488576,0.2410615,0.22939293,0.05427865,0.10855599,0.22722044,0.25452195,0.38105119,0.09682375,0.0711856,0.24716203,10
0.24456148,0.1275515,0.15025801,0.13335611,0.31785419,0.14029538,0.47967177,0.41324191,0.14319353,0.06903069,0.07009978,0.31904555,0.18830961,0.30339567,0.07951867,0.20830262,0.12677805,0.15796439,0.17713751,0.15765187,0.13189281,0.16018864,0.09813809,0.11919081,0.09385605,0.13144323,0.06846253,0.15757143,0.16999177,0.09918772,0.04044116,0.14145684,0.14710736,0.07075395,0.00588648,0.08253054,0.10739844,0.09207548,0.06113593,0.08455082,0.05837287,0.08843641,0.09091917,0.07581506,0.02527402,0.12583257,0.0825756,0.13656735,0.10379928,0.06545852,0.16918788,0.08948877,0.05927768,0.15706423,0.07309509,0.07548056,0.15108387,0.0425475,0.07748267,0.0264264,0.04295053,0.07724298,0.03727221,0.18627572,0.07187402,0.08186678,0.27602819,0.26373991,0.16821193,0.30820752,0.2740424,0.07354578,0.32290706,0.25460112,0.00869622,0.05145635,7
0.07442812,0.56138606,0.37257833,0.31697528,0.26051884,0.27772104,0.45847091,0.32885918,0.46216128,0.3015798,0.23950473,0.10492272,0.02894969,0.10712338,0.14707239,0.21908082,0.21057175,0.02797066,0.11858244,0.04856858,0.17449666,0.18619143,0.0588989,0.13414435,0.06084874,0.11243995,0.10945275,0.0789821,0.085857,0.06975915,0.04469502,0.11661191,0.06768206,0.06011221,0.13663422,0.0119132,0.12124287,0.06472724,0.0308629,0.13000527,0.03694649,0.07480714,0.1118642,0.0474316,0.1003253,0.01735277,0.06898287,0.12091488,0.12696707,0.06760595,0.07224458,0.12650191,0.18188454,0.11330541,0.04799368,0.10425989,0.14402988,0.13325393,0.07594966,0.07206998,0.07111776,0.14514207,0.08132365,0.05667913,0.0519912,0.17785532,0.11434563,0.06827678,0.07010517,0.13028494,0.19493786,0.06784255,0.19683773,0.02673025,0.08763625,0.08240555,5
0.30883427,0.48272072,0.44908365,0.18680216,0.2352473,0.16635834,0.23711664,0.41135198,0.30932064,0.12538793,0.17461025,0.21081869,0.16361699,0.1512725,0.13171124,0.15697854,0.10405306,0.09992451,0.01862514,0.12601558,0.1193257,0.11710276,0.01935831,0.10790169,0.14004644,0.11943158,0.03833593,0.1020972,0.06131855,0.09942089,0.0679167,0.09374621,0.0564403,0.06415257,0.08611971,0.10366593,0.06957422,0.0545043,0.12288725,0.08996115,0.06300953,0.05426568,0.12312155,0.04378284,0.1231136,0.04016845,0.1078245,0.12982326,0.03884507,0.1488112,0.1558103,0.07558064,0.18281193,0.07284714,0.02691936,0.07844602,0.05782735,0.06774898,0.14781128,0.20344681,0.11911457,0.14951445,0.2293087,0.04862685,0.16681617,0.12814639,0.1401591,0.20168432,0.06072001,0.26993063,0.37915132,0.22750709,0.44072233,0.36976517,0.22692999,0.16908614,8
0.26120751,0.59165262,0.34674654,0.40309729,0.26281221,0.12001667,0.28855635,0.25818441,0.18201032,0.12333074,0.28626731,0.18423705,0.17603058,0.19623901,0.20534911,0.09789541,0.17254345,0.14121646,0.07833708,0.1180103,0.19600822,0.12885222,0.09793382,0.06368414,0.18597528,0.08131126,0.08429739,0.1152925,0.1403147,0.06690337,0.11407763,0.14138577,0.14211489,0.0702962,0.14090323,0.12105599,0.09393541,0.08780933,0.13663869,0.05410303,0.06754915,0.13919303,0.13201695,0.03720604,0.10376469,0.12121548,0.0972692,0.06318076,0.12158038,0.02883154,0.07681538,0.14480733,0.10828909,0.15871776,0.15585828,0.102711,0.17953439,0.09013645,0.04115303,0.12241703,0.07247332,0.15997168,0.19897567,0.11427659,0.21062175,0.18414522,0.02723626,0.06018359,0.03688722,0.22451053,0.24266758,0.25994403,0.40740774,0.43062081,0.25009136,0.33021603,8
0.17797471,0.38718139,0.19470331,0.41462629,0.18048388,0.14312552,0.2583111,0.1551804,0.05276989,0.09066051,0.07285855,0.11654939,0.1421436,0.14507623,0.11855411,0.11421149,0.07040707,0.04901595,0.08552035,0.07874109,0.10595646,0.03267184,0.05636071,0.06518621,0.10853449,0.14117735,0.0588558,0.02493761,0.03796402,0.10063013,0.124811,0.05882963,0.0466177,0.03652731,0.13033182,0.13210169,0.07688986,0.02112091,0.01103705,0.13211234,0.12313753,0.09870012,0.05116882,0.04703996,0.11062664,0.05587515,0.02286734,0.09001763,0.11701984,0.0682308,0.01502834,0.06079774,0.11013525,0.10281643,0.04936597,0.05972519,0.12092155,0.09867635,0.07724664,0.04247764,0.07936744,0.12635898,0.13182563,0.064172,0.06951868,0.17382782,0.09314883,0.12246093,0.02897223,0.17699617,0.10249811,0.1828575,0.1512116,0.43041257,0.09701743,0.4108432,3
0.1477335,0.04628193,0.05892392,0.23838314,0.12146899,0.08760842,0.387681,0.17914648,0.34493637,0.06482185,0.06424676,0.07148824,0.04888107,0.19569993,0.05305838,0.07197489,0.06564542,0.01264527,0.10612792,0.05912868,0.0770022,0.0389231,0.02794386,0.06325866,0.03824514,0.0902144,0.04727659,0.03161011,0.12448734,0.07627094,0.07743129,0.04833252,0.04975379,0.03157447,0.10116353,0.07387568,0.04126237,0.04765372,0.03503792,0.08135851,0.08320364,0.08299477,0.04318694,0.00932558,0.06637367,0.07084229,0.06240175,0.02905565,0.09027083,0.03520102,0.04520018,0.03670481,0.07996862,0.03852181,0.02042811,0.06826786,0.07009047,0.04605502,0.05311633,0.10938733,0.0771583,0.06579151,0.04894402,0.06735524,0.08164747,0.07004327,0.01993648,0.1113564,0.06968532,0.06027425,0.03176698,0.19306647,0.07552987,0.38386768,0.16352152,0.35024201,9
0.17929939,0.12258983,0.15527093,0.16440864,0.19822792,0.08523987,0.39816608,0.21972157,0.31609813,0.02109536,0.10875797,0.06531968,0.00692473,0.22244291,0.10852187,0.06745063,0.04674236,0.07796497,0.13419183,0.08973634,0.01713694,0.02956822,0.08627677,0.0813627,0.09552106,0.02964492,0.06878085,0.03880057,0.07078989,0.09144197,0.05226014,0.06065987,0.05123716,0.02638775,0.06069253,0.0393809,0.06135744,0.01326438,0.05732361,0.03808699,0.05436991,0.04692435,0.03509628,0.05536323,0.07274065,0.04619377,0.05486272,0.04455007,0.06694039,0.07721614,0.05601759,0.08919223,0.04477087,0.10225268,0.07659922,0.12316292,0.06205807,0.12144099,0.06725507,0.08007623,0.06927976,0.12073878,0.09222038,0.06358618,0.06037741,0.0360593,0.13189436,0.04053703,0.09804792,0.06510716,0.06647529,0.32687345,0.09154139,0.40105361,0.12196107,0.28068304,9
0.26335043,0.17121318,0.24073227,0.21717301,0.23098238,0.18881188,0.52237181,0.38539662,0.17686234,0.18372355,0.09753793,0.14222431,0.09134666,0.26681538,0.05839149,0.19270146,0.09437401,0.13687401,0.14119897,0.1992378,0.06304588,0.01570013,0.09530776,0.11056084,0.04395058,0.09121668,0.12258517,0.05179107,0.07223003,0.11876829,0.12455735,0.05159706,0.02506027,0.08405093,0.11392683,0.09962495,0.09081159,0.08225195,0.06835197,0.12726031,0.11449999,0.05248548,0.02243833,0.08264848,0.09974583,0.10896205,0.08245032,0.09264901,0.12297155,0.04148775,0.118094,0.12364185,0.02527522,0.15545949,0.10626098,0.09761455,0.1868484,0.06094244,0.12517131,0.17888659,0.05522277,0.17745559,0.10699609,0.1175642,0.19071706,0.04487001,0.20866585,0.18027585,0.09522781,0.28010916,0.21748567,0.11993102,0.2904279,0.25368832,0.06172332,0.09367784,10
0.1756749,0.60591373,0.16554218,0.34805507,0.03245007,0.20654121,0.10889641,0.17655408,0.20927026,0.14758761,0.10389301,0.1649655,0.09818232,0.01430415,0.19305286,0.1087419,0.17888821,0.11004686,0.14642536,0.12931589,0.19299777,0.0740919,0.17219635,0.04263044,0.08677484,0.16847463,0.14424408,0.09496535,0.11577087,0.12120291,0.10932822,0.15340356,0.06896016,0.09383844,0.1243598,0.11595436,0.10252634,0.09930301,0.05125082,0.12403577,0.11052278,0.08573928,0.09868301,0.06491015,0.05543892,0.01274433,0.06973477,0.07960942,0.06762582,0.0431089,0.04490292,0.0395552,0.0938483,0.0426307,0.02932788,0.04698801,0.1291793,0.06507914,0.07758385,0.09931854,0.0676188,0.07850709,0.14456672,0.13095669,0.07302746,0.03319331,0.17551783,0.11433239,0.20782027,0.21992232,0.06043795,0.07445398,0.22554692,0.50834427,0.17969579,0.559259,3
0.03173366,0.13212146,0.08142179,0.34967126,0.5916966,0.05537024,0.40531337,0.03761273,0.40775006,0.07216119,0.02015679,0.24071016,0.03531572,0.38730858,0.20937987,0.05197074,0.1398106,0.00944565,0.08471996,0.05350984,0.03516526,0.15552356,0.05671782,0.19976888,0.13531261,0.06566193,0.08251585,0.02801183,0.11417169,0.03128696,0.03865534,0.12229413,0.06256588,0.10388965,0.10284234,0.07410218,0.04334096,0.0328569,0.08379333,0.02754264,0.04130158,0.08525377,0.07581629,0.06868911,0.07380356,0.08988154,0.06293158,0.05577971,0.05450766,0.04148252,0.07112914,0.11380716,0.07111727,0.12330585,0.07770607,0.06608874,0.06268408,0.05600026,0.06186128,0.12805778,0.06231728,0.1593382,0.08117343,0.18122153,0.05590276,0.12885503,0.07228565,0.07932538,0.0454592,0.23799482,0.03065893,0.33005887,0.03678592,0.39266601,0.03410232,0.39710446,1
0.03917236,0.10944437,0.04679033,0.36749693,0.49224851,0.01500479,0.40841076,0.04367191,0.4062448,0.17488641,0.0425809,0.14222438,0.03143708,0.30679025,0.09685458,0.01907264,0.20061811,0.02920829,0.06130099,0.14713344,0.03539212,0.02578182,0.01222007,0.17382839,0.01485853,0.03124985,0.13932023,0.03758898,0.0671196,0.10630579,0.03366805,0.05424707,0.02045603,0.11570963,0.06404263,0.03865607,0.10286981,0.02160573,0.09114443,0.05955547,0.02637084,0.07846703,0.04680681,0.06691838,0.05771288,0.07269605,0.04184285,0.03137109,0.02654278,0.05966177,0.05786707,0.07806774,0.04856497,0.05667975,0.03669065,0.07669812,0.04587237,0.10151537,0.06548004,0.05791624,0.0418654,0.01677928,0.05726827,0.12585555,0.05081591,0.1789061,0.05843338,0.05869634,0.03923733,0.11589469,0.0705667,0.28616182,0.0527015,0.40138004,0.11052656,0.42816399,1
0.11768953,0.36303074,0.42990616,0.23015926,0.34877974,0.20157624,0.17254369,0.40447861,0.15471202,0.16375228,0.23243843,0.21947893,0.17525758,0.30621686,0.08536401,0.11576663,0.12886832,0.12434932,0.15048292,0.12004614,0.03114113,0.07443162,0.04913204,0.08479008,0.0273743,0.09728223,0.02015134,0.13093845,0.03376629,0.06393242,0.05610211,0.09721265,0.01515065,0.12484119,0.1133118,0.03047795,0.0609928,0.04103592,0.01499797,0.03029113,0.05095928,0.01569432,0.03863798,0.04717006,0.08219722,0.11357304,0.05029304,0.08494684,0.04799079,0.09812955,0.07230728,0.11315546,0.09373216,0.06439417,0.04373917,0.16363376,0.035239,0.13429962,0.18507085,0.02028555,0.14835057,0.10566301,0.1169557,0.1029339,0.18382394,0.14405376,0.11514226,0.10455102,0.03205233,0.03545672,0.23992038,0.25614026,0.3450207,0.41588581,0.14034551,0.42221685,3
0.25396696,0.45051598,0.44747497,0.16662489,0.36272136,0.19167473,0.28971284,0.41012757,0.3172136,0.07660109,0.2135431,0.18000145,0.11661168,0.1507237,0.19525072,0.14879132,0.0274781,0.11191207,0.11808664,0.15430608,0.03499148,0.11797664,0.14275452,0.10455023,0.01142184,0.13015069,0.13350382,0.04729084,0.08592051,0.14565437,0.13548522,0.03479589,0.08357355,0.10178695,0.12653342,0.03051519,0.07688502,0.09144888,0.02434475,0.03702663,0.08396065,0.09377696,0.02765634,0.08550835,0.11073225,0.13633358,0.10196167,0.06027924,0.14783522,0.08846531,0.05903682,0.12484993,0.04442692,0.09078565,0.16544317,0.12139705,0.13547317,0.20252275,0.13594444,0.09580693,0.20459122,0.13054054,0.07047755,0.1314184,0.10177814,0.08638906,0.25913322,0.26343366,0.20358198,0.37182093,0.35375173,0.09978182,0.43945126,0.40182999,0.07692754,0.14628825,2
0.17897543,0.59445334,0.18532155,0.31094155,0.09853681,0.23708657,0.17061759,0.30747702,0.20949311,0.17374065,0.04479242,0.23233206,0.01435931,0.19179417,0.14699266,0.10297003,0.09352092,0.15491446,0.04879004,0.0735122,0.13999474,0.05303162,0.1298145,0.04832636,0.07286939,0.10116428,0.10239892,0.04827785,0.11102565,0.06643573,0.09179174,0.07583613,0.02886811,0.04823446,0.11417382,0.04131162,0.08801384,0.03208825,0.03818076,0.10050484,0.07100453,0.02376926,0.07047065,0.00952949,0.05780925,0.08963862,0.08761732,0.05882088,0.10273044,0.06505771,0.10846095,0.05358971,0.12703976,0.08356967,0.05602576,0.07222019,0.08730258,0.09510385,0.08812225,0.07743443,0.06055204,0.06567031,0.1460637,0.17199201,0.03407014,0.08814959,0.2111357,0.12329304,0.19297861,0.15866071,0.13801337,0.05417918,0.28702503,0.47490156,0.26204643,0.43229922,3
0.22580944,0.47689438,0.10622606,0.1424011,0.16986986,0.18338501,0.67607783,0.24245408,0.4929522,0.23084871,0.089991,0.10224648,0.24519409,0.41923173,0.10526509,0.11653264,0.37779637,0.20061406,0.08713445,0.11175924,0.10597061,0.19738621,0.06969928,0.31493941,0.10186703,0.14186298,0.08697465,0.07204985,0.16371859,0.11037623,0.09901034,0.06313579,0.12816293,0.16754348,0.08492274,0.03048463,0.05981149,0.12148768,0.18325644,0.03922445,0.05337183,0.10753332,0.09444194,0.07122243,0.07900388,0.11514761,0.0787486,0.02848598,0.11796919,0.08193838,0.0596477,0.00806864,0.1148959,0.06536517,0.02569542,0.05956602,0.04957586,0.02824505,0.07310927,0.1363483,0.00347996,0.13209493,0.12430103,0.13295626,0.10105097,0.15721863,0.14278417,0.09225566,0.1791557,0.1142127,0.11839928,0.15715262,0.17241088,0.11297423,0.06539929,0.01959895,6
0.19575911,0.48770092,0.18729779,0.30995262,0.1277295,0.05583809,0.2018973,0.16962743,0.17916376,0.0420521,0.1014215,0.00274976,0.08244156,0.13059046,0.12859007,0.13348669,0.08346847,0.08636682,0.06182417,0.1269473,0.12175603,0.09828005,0.07190329,0.07329138,0.12188934,0.16785582,0.08596168,0.06494473,0.06891588,0.09931464,0.15319912,0.08603185,0.09684713,0.09373709,0.11944698,0.09529275,0.07165819,0.05533042,0.08823233,0.14162257,0.09081858,0.07252526,0.0565229,0.0521219,0.09737326,0.08835277,0.10800873,0.08523563,0.13997535,0.01374287,0.04692577,0.11263094,0.16513315,0.09043108,0.0365717,0.06514062,0.11637113,0.08694269,0.07702161,0.03771912,0.05482894,0.04457914,0.10445416,0.18461511,0.12485666,0.09296535,0.0983067,0.12521816,0.11074611,0.25081616,0.04742754,0.11354632,0.11676365,0.53258335,0.1278854,0.43683017,3
0.28657892,0.58536603,0.29297223,0.378857,0.20211724,0.33274646,0.40870591,0.38461944,0.19184726,0.25026258,0.14042843,0.02183619,0.31830468,0.31227146,0.21386095,0.1139229,0.11829687,0.24084133,0.11572013,0.09877593,0.09032747,0.09622373,0.12777452,0.23309493,0.09239614,0.04074715,0.07060724,0.15374522,0.13842242,0.1021777,0.03509415,0.08089958,0.13083182,0.13677767,0.08007858,0.04168797,0.09126718,0.1381227,0.09833719,0.01262691,0.05328359,0.1270965,0.08469341,0.07857313,0.07905883,0.10985253,0.09873633,0.11937213,0.09180496,0.10319281,0.0928698,0.07345855,0.1317633,0.13239143,0.09050654,0.06710099,0.16352066,0.12739089,0.13589539,0.08121124,0.13584143,0.10661014,0.07330662,0.07940668,0.12065232,0.1187332,0.0292602,0.034684,0.22508311,0.16333254,0.18435305,0.07523874,0.20357597,0.20055803,0.26233062,0.19368576,4
0.38516286,0.55645974,0.45185842,0.3261493,0.27664468,0.13387339,0.26889942,0.32113096,0.27117242,0.07559818,0.22326003,0.15570838,0.19443399,0.18234907,0.22276512,0.08908508,0.14636622,0.09998255,0.11471616,0.06631743,0.14048406,0.05299656,0.06288158,0.06218273,0.17103959,0.05095725,0.0603003,0.04738085,0.05151512,0.04533422,0.06159002,0.06056872,0.06167476,0.08889339,0.08215934,0.05483405,0.03271674,0.0950914,0.10444231,0.06459751,0.02205938,0.10369593,0.09712003,0.04530992,0.11141747,0.04232182,0.14534932,0.21684172,0.03181701,0.1853965,0.19519357,0.07494544,0.19527418,0.1488831,0.03466827,0.15354177,0.09355074,0.12751703,0.22762251,0.19970739,0.19874764,0.21574472,0.16599509,0.07372731,0.17099668,0.03169817,0.17306651,0.23525817,0.10660614,0.31842919,0.31898131,0.21198908,0.40850299,0.38405063,0.16843857,0.26193462,8
0.15573301,0.74445782,0.06296909,0.69186789,0.06890064,0.14967208,0.28738103,0.07054459,0.39036705,0.10037799,0.13623897,0.19325405,0.07433484,0.17490601,0.12863881,0.12566176,0.15787134,0.07806475,0.09972088,0.14754329,0.11887774,0.11619854,0.08190976,0.03629072,0.15528075,0.11499028,0.0953619,0.05847131,0.02791297,0.15249068,0.11919439,0.06869615,0.05509936,0.04850406,0.14150156,0.12018867,0.07563806,0.05483333,0.04176454,0.12566289,0.11960059,0.0961522,0.06003228,0.05145146,0.10690469,0.05765604,0.05804765,0.07206851,0.11151092,0.07909944,0.05594835,0.08184721,0.11957974,0.10189194,0.05471174,0.09635219,0.12744762,0.11242734,0.05867025,0.09768518,0.14234197,0.13058793,0.08773868,0.08960185,0.15501073,0.13533574,0.08992645,0.11367369,0.16385635,0.13949342,0.09465129,0.10702362,0.16625436,0.09267199,0.08720091,0.03551632,2
0.17236723,0.286939,0.3609207,0.20965688,0.32603985,0.17030653,0.41128702,0.24814341,0.31927174,0.19437143,0.10944066,0.12792932,0.30323796,0.21590148,0.15252335,0.12339941,0.07012152,0.0952071,0.13712441,0.1702785,0.02400475,0.08753905,0.16576681,0.01831894,0.06543266,0.03975305,0.15139533,0.11018539,0.1023356,0.08696619,0.05122286,0.10443842,0.15348893,0.02892696,0.03326539,0.02197784,0.13419568,0.09376647,0.02775106,0.04151154,0.06718905,0.09248929,0.11368571,0.03662435,0.10251829,0.11540938,0.05823426,0.05042456,0.12350215,0.10482726,0.05163305,0.01674235,0.09627355,0.1261093,0.05010215,0.05999805,0.16998357,0.0952532,0.04934469,0.0349234,0.124911,0.16209197,0.03732572,0.1202583,0.21418404,0.04445474,0.06562098,0.10149143,0.1494852,0.14384919,0.16954899,0.26204501,0.27307519,0.20532047,0.19275259,0.20104305,10
0.20077429,0.1335601,0.22145294,0.09353433,0.2268857,0.16287238,0.46662322,0.34661768,0.28158238,0.16596194,0.06525013,0.15529631,0.23571264,0.29309644,0.04986236,0.07330699,0.08909926,0.14198235,0.08684615,0.05962103,0.12696786,0.06818459,0.02246535,0.06930513,0.10622621,0.08851724,0.12194864,0.04996762,0.0526354,0.1082839,0.12077002,0.07253633,0.04717349,0.12689072,0.0982277,0.1222979,0.01758823,0.08212797,0.08615143,0.14526783,0.04211405,0.04052431,0.09455924,0.0661709,0.0876043,0.07830627,0.05375089,0.09351287,0.10757685,0.04903984,0.11155391,0.08273555,0.08048143,0.09205928,0.06396478,0.10267768,0.04753942,0.13975351,0.09521763,0.08230023,0.13530302,0.10339405,0.15254685,0.12474524,0.15199221,0.19166891,0.0802625,0.07613141,0.08301898,0.17697,0.20408183,0.18343488,0.32655687,0.30361583,0.11607255,0.18780461,7
0.23328817,0.53013632,0.27974587,0.41909177,0.42741319,0.34301186,0.49571403,0.24811558,0.40787408,0.18717215,0.29970131,0.34494856,0.25276923,0.14064442,0.21168474,0.2190279,0.23774926,0.21836356,0.17358322,0.06057069,0.24334477,0.22142123,0.14111331,0.14055232,0.13107388,0.06200921,0.25612289,0.19406692,0.07802225,0.09062599,0.13162272,0.08165743,0.22227689,0.15205405,0.11398876,0.08475176,0.11930861,0.09696882,0.16937934,0.01194785,0.07605139,0.07027417,0.09712383,0.08569246,0.16747965,0.0894691,0.06065859,0.01782571,0.03250048,0.17304145,0.06393431,0.07327568,0.16302745,0.06318799,0.15836627,0.01626953,0.07359311,0.21037629,0.11755148,0.12265735,0.10644606,0.08265638,0.20991077,0.10879192,0.04378224,0.07566809,0.15931773,0.0867269,0.22486391,0.15319983,0.19062345,0.18976429,0.1651494,0.22134771,0.15866034,0.16684546,5
0.17036866,0.76553939,0.1226515,0.72968365,0.11105232,0.14279657,0.02950589,0.05955423,0.04758476,0.1108732,0.12889399,0.06222608,0.02486446,0.03929391,0.11056583,0.12701382,0.06845185,0.03606077,0.03837878,0.11011774,0.13395959,0.06248828,0.05397198,0.03210265,0.10951301,0.12995118,0.08342587,0.07916407,0.0602419,0.10873367,0.12022178,0.08117118,0.07448713,0.0681985,0.10776123,0.1179603,0.0896157,0.05462034,0.063876,0.10657836,0.11364049,0.09054843,0.06299648,0.08060947,0.10214023,0.08131895,0.06209549,0.04140297,0.10491937,0.09147601,0.0599737,0.05929151,0.11263395,0.09739364,0.07375983,0.05149345,0.12452425,0.11142575,0.07084273,0.09213058,0.12440493,0.13318025,0.04751348,0.10224447,0.12526202,0.14069699,0.07712728,0.13579601,0.128343,0.14360163,0.08477442,0.13718983,0.14011843,0.20291449,0.06559144,0.27937161,2
0.12320689,0.16237807,0.09903455,0.2930845,0.31397342,0.09313395,0.38262009,0.0498845,0.22998367,0.11697529,0.18031462,0.06100215,0.08181189,0.21152185,0.1201008,0.1158338,0.10175935,0.14291478,0.07704935,0.05796438,0.05943624,0.08376078,0.16933071,0.01531841,0.01648893,0.01754801,0.0717537,0.01295729,0.0900654,0.03023402,0.08043425,0.01644409,0.03198541,0.0995724,0.03752755,0.0725349,0.03807904,0.07497829,0.05589447,0.05398073,0.05504026,0.01880475,0.05241075,0.04335947,0.01699068,0.05424421,0.0390672,0.03918329,0.05069343,0.07275066,0.04510811,0.03597227,0.08799388,0.05684038,0.044662,0.10733276,0.06848239,0.0143426,0.10925028,0.06141488,0.01553573,0.02031198,0.06472603,0.02980114,0.05853059,0.10208976,0.10929078,0.10879094,0.11681069,0.20279624,0.10366724,0.25494217,0.21149637,0.21160237,0.10664045,0.45170477,9
0.27832781,0.16318732,0.25791154,0.2258604,0.32736555,0.16698659,0.40136931,0.46747519,0.19610844,0.1188418,0.04867298,0.14974521,0.23841039,0.13524437,0.13095383,0.15073372,0.10329682,0.04886385,0.05640335,0.11540071,0.1367817,0.08185613,0.08397496,0.17126317,0.16248444,0.08930203,0.10483689,0.04750468,0.14350739,0.09455177,0.1096753,0.04649114,0.17455495,0.00689268,0.09701533,0.08241329,0.16898468,0.05506946,0.07579979,0.09769919,0.13814601,0.11280988,0.09766162,0.01984777,0.07126813,0.07664934,0.12282893,0.10550518,0.09237593,0.16184046,0.1020058,0.04979634,0.16404175,0.09957041,0.09133005,0.04820924,0.10081279,0.12946744,0.07798458,0.13226311,0.14723291,0.08792596,0.16744449,0.16632212,0.11083821,0.19797177,0.2416786,0.14670365,0.22612807,0.29776532,0.17204605,0.1441845,0.28821347,0.20588038,0.08723596,0.03057946,7
0.27439203,0.21909546,0.38256876,0.21093149,0.43268688,0.07981727,0.36457009,0.42832947,0.23794384,0.10259834,0.18593409,0.20143196,0.30419183,0.09016884,0.23506454,0.06184918,0.06902114,0.26494504,0.10429533,0.05033386,0.08201767,0.22199935,0.09937326,0.101129,0.06048134,0.09531346,0.141412,0.12654515,0.10341395,0.06468382,0.12892561,0.11889687,0.0684997,0.06408222,0.07979195,0.08886818,0.15378764,0.03853074,0.07936838,0.05534394,0.1585009,0.08725613,0.03947607,0.14405243,0.0336625,0.14349666,0.07137198,0.11345709,0.12350883,0.08161565,0.13957599,0.0893677,0.08304401,0.15817482,0.1444975,0.08420825,0.11592412,0.21017086,0.03159025,0.08726635,0.24233613,0.07691382,0.15176557,0.02146547,0.11813337,0.23535939,0.1061596,0.18316689,0.31278757,0.18160226,0.18954942,0.18025671,0.21859711,0.18263057,0.1079737,0.14706912,7
0.15324522,0.16534861,0.10839208,0.3665713,0.34913849,0.14986722,0.28996906,0.13211547,0.25524436,0.24927004,0.07541255,0.07338853,0.1167512,0.09044819,0.02209154,0.03641794,0.230179,0.11395449,0.05256374,0.12557383,0.06132978,0.09090078,0.10699966,0.10531884,0.03222555,0.04401743,0.1376351,0.08797385,0.08571702,0.12510921,0.01937968,0.10982635,0.04660865,0.07973418,0.0639677,0.04194664,0.05332519,0.02030553,0.13811203,0.08468929,0.03385718,0.07324227,0.02502222,0.06390775,0.04609416,0.07206433,0.01296094,0.04533425,0.07804863,0.05754706,0.03980962,0.03398416,0.00957214,0.06778332,0.05663677,0.06110846,0.0427097,0.13404749,0.06065856,0.05529062,0.05381501,0.0332706,0.09463213,0.06433938,0.08685207,0.16804007,0.07672192,0.0881679,0.08393566,0.16267537,0.10267891,0.21983782,0.17424935,0.23747562,0.07665568,0.40472455,9
0.24150846,0.06442284,0.04807617,0.26489442,0.20968657,0.12025728,0.35469452,0.22564792,0.25904192,0.13215145,0.08065417,0.03350484,0.14078455,0.21434046,0.10570653,0.06327997,0.170006,0.06301996,0.05948994,0.13301343,0.1003247,0.11368303,0.02888335,0.09897266,0.06761951,0.08437857,0.04542831,0.11394727,0.12599358,0.03858296,0.10137825,0.02447689,0.11429263,0.03241877,0.0718189,0.08656383,0.08852478,0.03597235,0.05095996,0.08466521,0.08106407,0.09127647,0.03224022,0.05388838,0.01747401,0.032682,0.00927611,0.03088342,0.0185446,0.02819107,0.07324947,0.06781036,0.08071707,0.02091282,0.09333107,0.09276323,0.13502026,0.06981908,0.02920541,0.05617816,0.07904948,0.06457745,0.05385139,0.05088943,0.01467371,0.12923428,0.06874558,0.0238227,0.01548247,0.04107248,0.13810654,0.22143283,0.11128361,0.35612677,0.22227435,0.21607838,9
0.06666608,0.14884535,0.36556546,0.22338242,0.24567993,0.21552062,0.54544869,0.18871386,0.12139337,0.16101798,0.25167594,0.19443141,0.12987434,0.30051425,0.06958186,0.04764376,0.0602394,0.23349503,0.13119285,0.20183813,0.2012938,0.03075235,0.04819923,0.09256166,0.03743169,0.15411774,0.15080323,0.08093415,0.07438733,0.11749353,0.13081869,0.0993442,0.09676617,0.13309996,0.14301338,0.11425342,0.09226328,0.1287586,0.04583162,0.15809573,0.11066407,0.02089782,0.02969583,0.06543112,0.13107791,0.09328599,0.12748971,0.04698671,0.09894772,0.03503994,0.07728202,0.07053331,0.19249632,0.15441892,0.07556028,0.10446115,0.05719837,0.04621326,0.02427599,0.18005864,0.17901072,0.16649945,0.18686147,0.08829508,0.13889033,0.0381696,0.16076648,0.17413203,0.25213376,0.2844995,0.08441867,0.08639435,0.13645704,0.24508002,0.19146213,0.09504282,10
0.0563134,0.12075238,0.10159631,0.29500417,0.63454417,0.05414865,0.40442144,0.03132446,0.33615631,0.01127799,0.03857735,0.33338932,0.06493673,0.40688419,0.23333625,0.04417387,0.05613099,0.03611433,0.20522654,0.03218238,0.03870908,0.21779719,0.03447739,0.12895063,0.13836497,0.04398779,0.04749644,0.0147582,0.21663761,0.06609911,0.03965014,0.11305038,0.03640392,0.03468261,0.07045797,0.05573478,0.06740991,0.02189122,0.11549767,0.07929813,0.0286558,0.04822013,0.03629187,0.06773563,0.06794375,0.0483495,0.08557056,0.09197807,0.0615096,0.09063783,0.04268932,0.08491688,0.05523781,0.11549117,0.10694107,0.06827943,0.07677516,0.04762895,0.0598376,0.14492202,0.04282948,0.18743834,0.06833406,0.12006843,0.06765502,0.09596309,0.08972091,0.17627177,0.05634853,0.2728531,0.04992041,0.44136052,0.04734165,0.40939939,0.07226747,0.43177667,1
0.19918589,0.40669248,0.230769,0.41073001,0.267714,0.18866195,0.60574788,0.16700147,0.37843435,0.12775644,0.10703064,0.25317513,0.23551401,0.23885972,0.17275047,0.10756734,0.18242074,0.18773278,0.1652716,0.18502919,0.11833322,0.06849108,0.03701564,0.14118119,0.05523691,0.08917032,0.13645868,0.14801735,0.01993745,0.04995485,0.01195882,0.03546326,0.13457451,0.09930023,0.10560023,0.11631981,0.03939907,0.09031382,0.04015616,0.04114488,0.121518,0.08633714,0.1072732,0.05082967,0.04145925,0.09417748,0.10314016,0.11890222,0.0788128,0.10158841,0.18223074,0.11627774,0.17099813,0.12856398,0.125338,0.01775534,0.1286123,0.10283434,0.04189871,0.06830995,0.04428217,0.03127122,0.11866937,0.14539004,0.07463797,0.19773944,0.18329335,0.22010054,0.1965287,0.23862465,0.18503835,0.07289902,0.24791088,0.11214644,0.06630046,0.15232094,5
0.19868664,0.06151749,0.05071392,0.34064315,0.23905751,0.13784841,0.33955189,0.20248924,0.25242657,0.11018354,0.0676287,0.09570194,0.18217589,0.21555622,0.10206353,0.09273133,0.13195605,0.07277192,0.02502372,0.15476777,0.04779148,0.09197652,0.04979766,0.11074842,0.07955711,0.01790471,0.10278708,0.0410674,0.10594521,0.02508105,0.04301373,0.07781689,0.05618234,0.06983227,0.0186456,0.08824933,0.04341298,0.06006497,0.05163819,0.07342279,0.06687456,0.06643512,0.05961346,0.04598211,0.08594428,0.02680927,0.04778168,0.0269568,0.03258383,0.02323329,0.08782465,0.04711514,0.0500443,0.08198835,0.07011535,0.08612595,0.05340452,0.10769089,0.07256774,0.06407927,0.08020447,0.06255265,0.03842553,0.07125676,0.06875888,0.1194978,0.11926238,0.06398026,0.08034434,0.06017898,0.12113689,0.22581455,0.12856535,0.35525585,0.22262317,0.2525071,9
0.2856187,0.58676777,0.27200067,0.39089265,0.30757974,0.27509648,0.50050865,0.32910206,0.35391303,0.31535462,0.11935066,0.05773172,0.31404805,0.22876499,0.16266019,0.07546789,0.2090156,0.23159819,0.01473221,0.11774845,0.06716991,0.19263445,0.19041665,0.12582235,0.14100557,0.08747682,0.14556232,0.22265254,0.02976598,0.03787068,0.08809586,0.24170185,0.0848838,0.03429723,0.0208211,0.17378336,0.17458333,0.14228402,0.10775552,0.06880147,0.15813948,0.17504002,0.09701869,0.06509284,0.04037266,0.08149349,0.06661046,0.0593728,0.07890476,0.12755653,0.10579328,0.09086572,0.13019751,0.08672796,0.09861222,0.05604252,0.1340702,0.16954604,0.08905479,0.07438474,0.21140421,0.14085371,0.14531287,0.0849277,0.15201172,0.1047456,0.01730071,0.00365267,0.2223678,0.17261566,0.13396983,0.05230942,0.20926426,0.21102248,0.15311951,0.20579169,4
0.26945146,0.05092391,0.0301174,0.21218377,0.2399689,0.0937596,0.34546661,0.27103929,0.16519566,0.14802747,0.091214,0.0288116,0.07544924,0.17107017,0.12044825,0.04208964,0.16008528,0.09950318,0.09173581,0.12018479,0.07971229,0.1184708,0.0399713,0.10278829,0.03651629,0.08790515,0.05963392,0.10301628,0.12080142,0.03391739,0.09402602,0.0104854,0.07895622,0.04718258,0.07207173,0.04616136,0.06580719,0.03282226,0.03651568,0.07648404,0.05546647,0.07333173,0.02705985,0.03397585,0.04726898,0.03182207,0.03857133,0.0553126,0.02653529,0.07179714,0.02020608,0.05542807,0.07323934,0.04034928,0.09327034,0.0444156,0.12838407,0.0694752,0.0661243,0.0621555,0.06998584,0.0955692,0.06132698,0.08370437,0.01430486,0.13895104,0.08158498,0.03886932,0.02537016,0.05779791,0.19085369,0.20756302,0.11807761,0.33806831,0.25575492,0.14646842,9
0.17927855,0.45313362,0.47944726,0.21917282,0.44570331,0.12799451,0.4043371,0.35091246,0.2767019,0.13079791,0.25331896,0.06539787,0.23451186,0.08524138,0.11492413,0.10055434,0.14191667,0.11052963,0.1681238,0.13906838,0.10501134,0.12996144,0.0701682,0.18768445,0.13642856,0.0928726,0.08904188,0.13120347,0.13063102,0.08523995,0.07028394,0.05544071,0.14117494,0.09212132,0.05293825,0.05836618,0.13074247,0.11752826,0.03640944,0.07550529,0.12007817,0.12032507,0.01807896,0.11734961,0.04678721,0.10869887,0.09191576,0.09995339,0.1052476,0.13480272,0.11149119,0.04772336,0.15017863,0.16011994,0.01949156,0.1088716,0.1676811,0.03519438,0.13104196,0.14239958,0.06253737,0.16443858,0.20393454,0.17619268,0.15016813,0.27953167,0.27763713,0.13399601,0.33449519,0.40766584,0.165276,0.08989602,0.45451883,0.27439786,0.1640614,0.14992119,5
0.11543181,0.48151341,0.22714705,0.19113636,0.08371392,0.09090795,0.10401595,0.07021411,0.25328069,0.04405317,0.11051375,0.1856072,0.05590747,0.09668351,0.01041354,0.09169208,0.13286569,0.07444689,0.14668064,0.05084604,0.0595006,0.08478993,0.07000358,0.09016962,0.07319306,0.05064694,0.06160997,0.04662416,0.01351885,0.07910654,0.05886298,0.05983151,0.02422745,0.0212042,0.08781674,0.06204877,0.03615604,0.02937759,0.02973545,0.10128492,0.0593466,0.01761787,0.02988361,0.03267457,0.05617149,0.02027147,0.02641705,0.02639568,0.06435571,0.05553483,0.03088685,0.03020564,0.08261463,0.08701062,0.01610916,0.0690807,0.09040131,0.1092783,0.02388879,0.07242067,0.08127217,0.10330087,0.01183187,0.06147661,0.05463876,0.11754041,0.07799718,0.07280198,0.05767901,0.11344913,0.11196424,0.0662588,0.10226369,0.05765991,0.17012823,0.21981765,9
0.17413592,0.59052234,0.25410604,0.38299334,0.19188988,0.02596356,0.33201609,0.14860638,0.22057233,0.0802006,0.07897742,0.14545921,0.16563969,0.10037612,0.08899191,0.07705041,0.13738717,0.04059406,0.1108453,0.06553676,0.16082329,0.09548087,0.07807315,0.06825736,0.12877777,0.14451142,0.07016832,0.03281965,0.09055079,0.11729374,0.10096143,0.02762043,0.03964451,0.06236215,0.1336784,0.04998462,0.04444894,0.06093273,0.02138496,0.1065693,0.02676232,0.04493412,0.04191862,0.02994892,0.14972093,0.09908128,0.03856029,0.0348325,0.10880809,0.07103747,0.05467177,0.05011725,0.07623907,0.03575042,0.09524925,0.11468583,0.0315522,0.07147969,0.1343407,0.09929764,0.06300429,0.1188297,0.09322376,0.083175,0.10837945,0.20298326,0.12236695,0.18723598,0.21979685,0.28588465,0.14426306,0.09742822,0.28860151,0.04214666,0.03553294,0.24845992,2
0.21610652,0.48267582,0.39655932,0.13562686,0.31440699,0.36675675,0.40286768,0.29297828,0.04073692,0.33031481,0.1231091,0.09915871,0.25436876,0.18621343,0.1550098,0.20822922,0.06483738,0.16652147,0.08979793,0.18316908,0.09881974,0.02077222,0.14160246,0.14598313,0.17250465,0.14216042,0.06866857,0.14776892,0.0673879,0.18326871,0.10408971,0.06750969,0.13320802,0.14111704,0.1352993,0.07747828,0.03734884,0.13143815,0.07696741,0.13140844,0.07616638,0.08497604,0.10556703,0.110097,0.1516617,0.09503203,0.05137479,0.06261731,0.13740523,0.08598729,0.12023724,0.03147214,0.12427339,0.09078414,0.0542308,0.13626522,0.17958509,0.08607547,0.06281198,0.0250911,0.12961068,0.12712583,0.10151286,0.11634944,0.17750191,0.05929461,0.02340984,0.17866351,0.15844794,0.24089872,0.03885235,0.17113963,0.19378333,0.16941733,0.28222587,0.09912304,4
0.01695217,0.17817347,0.04829141,0.35753957,0.51944149,0.00455257,0.39278268,0.03841798,0.41713854,0.15848963,0.01098215,0.14286488,0.03065189,0.29983797,0.13962451,0.0309035,0.19540195,0.01417068,0.10370535,0.14447916,0.02077307,0.05172217,0.02967209,0.22729494,0.048492,0.04697336,0.16044359,0.01492076,0.04164722,0.12350221,0.03220074,0.01169667,0.04750829,0.14961316,0.00943186,0.06556273,0.12794827,0.03067334,0.03738674,0.09913415,0.03517063,0.01525033,0.06328484,0.10952214,0.07161244,0.02013981,0.05241255,0.08873794,0.03595315,0.10552275,0.06902728,0.04782643,0.06289275,0.01454216,0.04993821,0.1240482,0.02812691,0.14910076,0.05740285,0.0590282,0.04911819,0.04583151,0.02855858,0.1489837,0.0249498,0.18958386,0.06094564,0.03988996,0.04408117,0.138038,0.05658731,0.30288523,0.02199743,0.40171988,0.0210393,0.41054301,1
0.12334159,0.70312323,0.06372502,0.54064182,0.1377757,0.15521796,0.0683981,0.10416997,0.04552405,0.09490894,0.18371559,0.07845595,0.109429,0.13507919,0.08948863,0.15629883,0.11934695,0.10599936,0.09682303,0.15855482,0.10990754,0.06909474,0.07516705,0.06326561,0.15853684,0.16324727,0.05122863,0.04394901,0.07211353,0.14011325,0.1765444,0.06375438,0.04685574,0.01586809,0.13941646,0.18214536,0.12890985,0.08904701,0.07756446,0.12864682,0.14894989,0.09134454,0.08152442,0.06379635,0.08965619,0.08571162,0.04058442,0.03850887,0.06934683,0.07740759,0.06412977,0.02309813,0.09859875,0.06564664,0.06936323,0.04011423,0.06353065,0.0904426,0.06799415,0.03377701,0.12135537,0.07808491,0.08114349,0.05991992,0.1269506,0.08715901,0.08151679,0.08414869,0.12224646,0.17892618,0.07204293,0.21124966,0.0616335,0.26998399,0.10863078,0.3723841,2
0.06237032,0.57072437,0.3249564,0.32252648,0.4498829,0.1634699,0.50055143,0.18222969,0.50001837,0.32168396,0.1103521,0.1163754,0.20985766,0.16369301,0.26842016,0.06342166,0.09834386,0.14224825,0.13277814,0.12879961,0.06759838,0.08696055,0.19049903,0.10115257,0.09509716,0.07614875,0.12691259,0.1986477,0.09897602,0.00551618,0.12461648,0.10884957,0.14371704,0.07964569,0.07814458,0.06103903,0.12731028,0.17121074,0.12145675,0.06463128,0.07591139,0.15476143,0.08798424,0.15679819,0.07896135,0.0920501,0.04626163,0.10981737,0.09326578,0.10305601,0.06123439,0.11567279,0.17483811,0.11706777,0.05694174,0.16142259,0.18447671,0.11139843,0.1365046,0.14800093,0.26738988,0.13869261,0.09200279,0.09794407,0.30739366,0.05202401,0.09450209,0.15871429,0.20523181,0.08796608,0.10031257,0.04662934,0.38976914,0.11273906,0.22192202,0.0891695,5
0.13986436,0.52393971,0.0603746,0.27444955,0.29272112,0.15588159,0.67641215,0.20200884,0.55052203,0.24077495,0.25255613,0.12042336,0.07836958,0.44399147,0.07629936,0.12523172,0.18550158,0.22838414,0.16427077,0.13369651,0.20370229,0.08756859,0.19322694,0.10266971,0.08106221,0.15429606,0.10564342,0.11599863,0.12428771,0.22376508,0.05165543,0.0639841,0.13868777,0.12765522,0.07285424,0.04835073,0.1900376,0.03400448,0.10906434,0.10123285,0.03695196,0.08549712,0.06488284,0.14342526,0.17988125,0.18592649,0.12027716,0.13520837,0.13230197,0.0686134,0.08645813,0.14193761,0.15002387,0.12193101,0.18345735,0.14816208,0.03964825,0.15118939,0.17059599,0.10314609,0.18183845,0.19730888,0.19000051,0.12926288,0.20066505,0.21184619,0.11862118,0.05841114,0.23379019,0.19303897,0.12998345,0.07109562,0.31991646,0.13604225,0.0898609,0.06799082,6
0.24423483,0.26568822,0.42121185,0.18573344,0.43306864,0.08785648,0.336826,0.37182178,0.25399801,0.12727994,0.24707066,0.11951349,0.30181488,0.10076552,0.28744264,0.08053032,0.03602167,0.20304768,0.1435278,0.13384339,0.11892062,0.08870065,0.15660821,0.15233425,0.12633299,0.06596237,0.04442626,0.20794545,0.12002624,0.14926971,0.07520004,0.08096338,0.08484479,0.15370149,0.12023406,0.02846721,0.05347418,0.18019364,0.09824497,0.07005889,0.05651325,0.09595366,0.15345297,0.11021544,0.09563396,0.06214624,0.10287937,0.14611874,0.14128825,0.05588247,0.14901973,0.04868803,0.08277718,0.12866416,0.02758998,0.17370058,0.14188362,0.09517913,0.15715703,0.14211325,0.21876491,0.04887791,0.11625913,0.04499677,0.08188759,0.16785812,0.07693218,0.23190646,0.28858922,0.11675107,0.2533446,0.18583019,0.22976622,0.1795071,0.14650368,0.15306472,7
0.03694084,0.11477298,0.08598653,0.31634364,0.59883276,0.06540721,0.39824554,0.04291241,0.41407347,0.05772021,0.04997343,0.24499886,0.10197463,0.40708795,0.19784093,0.04591621,0.11960595,0.0574763,0.11613326,0.05476014,0.04141805,0.13511488,0.0661379,0.15590693,0.1141736,0.05287484,0.08063366,0.01625858,0.08153386,0.0508658,0.04025354,0.09273456,0.06947173,0.10214362,0.07347494,0.05686329,0.05447936,0.01971175,0.07008623,0.0471802,0.04319287,0.06009476,0.06868745,0.05530702,0.05197365,0.06127207,0.0584178,0.0812652,0.05402781,0.06156452,0.07237589,0.09334331,0.05987456,0.10119919,0.05098368,0.09212036,0.05978577,0.07407803,0.09338445,0.13934372,0.06651055,0.1577495,0.05243162,0.1603614,0.05647314,0.10829651,0.08103637,0.11850952,0.07078272,0.26887708,0.04891527,0.36110225,0.0621483,0.41275004,0.07985549,0.36755851,1
0.20608192,0.55550474,0.22809296,0.2500294,0.20505306,0.21815953,0.23498333,0.33420759,0.16533609,0.27011598,0.11764122,0.2368111,0.13850023,0.23462854,0.12884489,0.210643,0.06352324,0.18855097,0.01023349,0.09168359,0.08335894,0.15651791,0.01365055,0.14850639,0.13132817,0.10521747,0.07957944,0.16302696,0.05351607,0.07142026,0.14754178,0.10005914,0.08331732,0.10869236,0.10271321,0.0684746,0.12653842,0.08247337,0.08509507,0.09885185,0.11061495,0.0781554,0.08902012,0.05567454,0.072194,0.08916748,0.06247647,0.04221468,0.10998848,0.07298217,0.04997941,0.08393949,0.09950234,0.08734949,0.07220444,0.13193893,0.03120605,0.12596983,0.18247083,0.03333225,0.23311933,0.07410948,0.0921666,0.17455788,0.1719972,0.14210488,0.21500472,0.04007593,0.06353295,0.03143492,0.36600329,0.21257813,0.35519294,0.53524275,0.29669389,0.42092053,3
0.30996059,0.52110985,0.40934225,0.2512154,0.28308505,0.18856268,0.30618644,0.42688493,0.2949499,0.07686459,0.21607549,0.20399638,0.20955272,0.15341236,0.17762026,0.12584968,0.12388519,0.09015179,0.09278822,0.09334595,0.10512402,0.10154948,0.10962473,0.0919718,0.11714416,0.10556542,0.08286211,0.10529575,0.11813644,0.0957055,0.03537068,0.11492236,0.12983028,0.07422777,0.04777323,0.12630527,0.10199649,0.05668415,0.07451338,0.12422798,0.08377559,0.089294,0.08835604,0.05643781,0.09591646,0.05064502,0.10748853,0.11533983,0.07250304,0.1471993,0.13366046,0.0864759,0.1340486,0.10816724,0.03210359,0.13729395,0.09245218,0.06417892,0.18351603,0.23571416,0.12832033,0.20942095,0.18867295,0.08194001,0.15759826,0.09135756,0.18033872,0.24722582,0.09214311,0.31150785,0.35610496,0.22192081,0.421534,0.38422449,0.20465353,0.20195222,8
0.12058351,0.16472413,0.26844582,0.12583648,0.17888904,0.17873723,0.50722166,0.32817562,0.30485876,0.14210468,0.10345606,0.05039622,0.09394407,0.32173244,0.08129251,0.06021578,0.11819371,0.09952771,0.17463786,0.05543418,0.16504805,0.05048407,0.06577762,0.06355287,0.12886043,0.12737498,0.03775376,0.09982627,0.04604217,0.13891551,0.02705958,0.08025904,0.10338726,0.02699323,0.0558878,0.06142848,0.09131766,0.01039023,0.04962674,0.09113708,0.09414221,0.04674151,0.05285504,0.06119825,0.12144756,0.12750972,0.04142034,0.09157733,0.15271136,0.02654912,0.10366744,0.0201413,0.06268098,0.08710134,0.079883,0.13041955,0.07476829,0.13288281,0.10791531,0.06398745,0.13897735,0.09271,0.1685408,0.15759812,0.15773018,0.17948465,0.1146016,0.07042036,0.10127694,0.16507059,0.20741178,0.10644265,0.3143473,0.22911798,0.14403324,0.14143034,10
0.37817701,0.30106365,0.29568444,0.24985934,0.48563612,0.10341491,0.24838536,0.33874144,0.36688175,0.1109638,0.31853922,0.2202734,0.18796356,0.09859334,0.18086434,0.08395717,0.23609237,0.3158803,0.23336155,0.07190121,0.16508593,0.04831969,0.19931278,0.2656691,0.1409594,0.06260188,0.13544754,0.038469,0.16974611,0.13979156,0.09062829,0.13210967,0.09219136,0.05205778,0.07385013,0.15855962,0.07116811,0.11026205,0.07303087,0.20148312,0.01966057,0.09822728,0.06620118,0.09240227,0.01654185,0.15366913,0.12859236,0.02689369,0.18335552,0.09167215,0.10744144,0.03455879,0.1426824,0.12522438,0.03220206,0.09214871,0.1419359,0.09569974,0.08802095,0.18505132,0.16118834,0.08975711,0.24251834,0.23830842,0.06148173,0.32298284,0.23551529,0.11204376,0.34588659,0.24836554,0.09537116,0.0432384,0.20648064,0.12600215,0.07788269,0.07425269,7
0.25794787,0.40450754,0.35279596,0.29102791,0.20786155,0.24762056,0.33354417,0.43161611,0.15734503,0.22532506,0.08774361,0.04906057,0.13057495,0.26466537,0.1650812,0.08378575,0.01471506,0.22115849,0.13146407,0.15686931,0.09056475,0.05677478,0.13995054,0.07824693,0.11943548,0.04222394,0.08109669,0.06796959,0.14772339,0.06010367,0.03830637,0.07089372,0.0718569,0.10128318,0.05483747,0.029524,0.05262722,0.11567851,0.07447434,0.0762233,0.00379473,0.04436548,0.08986794,0.07670838,0.07811655,0.13289262,0.14433422,0.08193721,0.12676814,0.13161741,0.1590909,0.05996697,0.14500279,0.11709478,0.09973893,0.06004846,0.12181384,0.12791314,0.07165651,0.06327221,0.12828046,0.15150535,0.11483969,0.07383178,0.20298492,0.189112,0.16125782,0.07249472,0.241884,0.12543537,0.05585658,0.15049973,0.11437958,0.1577596,0.27140356,0.21227784,4
0.1293002,0.41146801,0.45942936,0.23078154,0.29161227,0.2052505,0.13322237,0.33071819,0.15781259,0.1923144,0.19452851,0.22900337,0.09156332,0.23080009,0.08407868,0.16056268,0.09966656,0.16365578,0.07458064,0.14866248,0.07243236,0.12853613,0.06047432,0.11267732,0.12218002,0.11800255,0.05286175,0.12448208,0.04944963,0.03548218,0.05891462,0.113354,0.03781064,0.15497092,0.12293117,0.04035205,0.08390174,0.11101297,0.04514886,0.031348,0.1379271,0.01373712,0.11168985,0.0669921,0.1104674,0.08732252,0.044091,0.03723779,0.0510181,0.0526923,0.13160704,0.12920032,0.10577391,0.14441617,0.06953746,0.11003345,0.06405294,0.15068048,0.12961759,0.05569498,0.19234501,0.04452065,0.0428415,0.10702195,0.12818021,0.1386857,0.16181084,0.07134455,0.01996431,0.08323891,0.21811995,0.21038312,0.35383482,0.40614153,0.14377907,0.40213656,3
0.2051717,0.36604051,0.20218846,0.22552147,0.34194811,0.33478185,0.43049748,0.26930322,0.08302043,0.39085854,0.10435206,0.13664977,0.28813064,0.30048287,0.09673869,0.19906907,0.09271497,0.11251531,0.20563303,0.20694848,0.01444102,0.05032617,0.20190969,0.14837851,0.11025356,0.14215933,0.085179,0.14620388,0.12236623,0.13000951,0.05145853,0.05444576,0.12191908,0.12267522,0.12358824,0.03417852,0.08482919,0.11800613,0.05460942,0.09500516,0.05476102,0.06687638,0.11678778,0.12032039,0.10418699,0.05912857,0.07566137,0.10572758,0.09952931,0.02677085,0.06818882,0.08442897,0.05849423,0.04576154,0.08576103,0.10449773,0.13538435,0.04298176,0.08521811,0.17523503,0.09435655,0.12410186,0.10100186,0.12292607,0.2109608,0.10747895,0.18148372,0.23451779,0.14465874,0.12141627,0.17799889,0.13958958,0.20144421,0.20358679,0.37238094,0.28725436,4
0.10594738,0.61682738,0.22334781,0.33543182,0.26272477,0.1359634,0.29614115,0.17864339,0.12268139,0.13599465,0.22117664,0.07620703,0.22866136,0.12272861,0.0802904,0.16840078,0.1156152,0.09171352,0.10265651,0.18234549,0.07061994,0.15598829,0.05495601,0.09805166,0.13578032,0.12688245,0.07486981,0.09785564,0.07760708,0.08939391,0.1020798,0.07816773,0.03307843,0.05555663,0.11624814,0.08488805,0.05024719,0.08705146,0.03479744,0.07813229,0.09438169,0.067123,0.0682597,0.0920447,0.07739999,0.12250712,0.08382438,0.0629714,0.11027958,0.07932397,0.0279577,0.06452843,0.15338022,0.09465865,0.02933509,0.07579726,0.09607487,0.05178603,0.10915564,0.11238182,0.11432854,0.05090635,0.06464493,0.05181389,0.09183716,0.16687677,0.14460497,0.05634987,0.08126149,0.13308082,0.08807825,0.0746958,0.38218135,0.3650312,0.16665368,0.30583082,3
0.32653086,0.32345315,0.41021188,0.21477113,0.40334424,0.14655358,0.26233505,0.34432065,0.2212081,0.07650411,0.22474766,0.20401987,0.29960882,0.11024146,0.18814738,0.02160998,0.1152051,0.26549421,0.2007571,0.06722996,0.08220185,0.12521749,0.13381185,0.24219856,0.08413985,0.12492408,0.12902516,0.14653746,0.10302608,0.09604702,0.1640185,0.08902804,0.13155639,0.11104399,0.14514575,0.05940256,0.14267384,0.05041839,0.07612897,0.01944743,0.15858412,0.02015609,0.06224362,0.10542113,0.13303107,0.08784949,0.03283648,0.07239288,0.09628116,0.01880572,0.05693852,0.16383056,0.04431416,0.08207318,0.16036454,0.15141779,0.05231384,0.18115028,0.13898977,0.12833583,0.18186501,0.13418103,0.17787249,0.13479354,0.09605788,0.2373895,0.18984331,0.10516177,0.27723638,0.23211919,0.13874466,0.13082236,0.24716834,0.17259571,0.05547545,0.20322821,7
0.18685447,0.50539315,0.36396801,0.19631957,0.40474221,0.09489937,0.31450906,0.35276935,0.16037336,0.03989297,0.21568051,0.23935161,0.0836046,0.20277895,0.12336679,0.14763985,0.09562276,0.08043778,0.16716281,0.13135789,0.10330209,0.03775747,0.10956734,0.14304136,0.11831536,0.034152,0.0476965,0.14857577,0.16374713,0.03126882,0.03406103,0.1354298,0.14798812,0.00489593,0.0352536,0.12371986,0.1027663,0.00281681,0.04896123,0.09151535,0.09854437,0.04894221,0.03799584,0.06494303,0.02746784,0.07769618,0.09262909,0.0439912,0.04223665,0.08480115,0.09974374,0.02483941,0.10121024,0.13354419,0.03952201,0.07435159,0.14951051,0.00634291,0.08205534,0.1280264,0.05466426,0.10745882,0.10540369,0.22344805,0.0523398,0.09456236,0.24003483,0.129711,0.2016297,0.35166766,0.18269436,0.03697801,0.4549262,0.36459954,0.06319886,0.17222165,2
0.1758462,0.41158883,0.40518633,0.21687299,0.43753662,0.13240775,0.2690181,0.43466698,0.41095922,0.07606838,0.12655047,0.19773503,0.27376704,0.01787956,0.09643056,0.13775179,0.22366877,0.08101623,0.08811155,0.10151709,0.16378068,0.0939786,0.08726739,0.04051791,0.13877874,0.05832379,0.05876169,0.02239306,0.09395689,0.10551022,0.08626173,0.01763565,0.09628404,0.01588076,0.11696208,0.02125952,0.08744808,0.04104774,0.0290589,0.02444244,0.07763622,0.05259105,0.03601075,0.00439102,0.12423958,0.13738992,0.07206522,0.06711009,0.13927821,0.10654699,0.04357323,0.05660898,0.13453878,0.07398253,0.08323887,0.15255333,0.09246291,0.11034303,0.1932506,0.1544882,0.11638735,0.13685233,0.14843255,0.20388053,0.06480051,0.13110086,0.22682699,0.11714654,0.26197574,0.3599606,0.14408003,0.14154882,0.48991008,0.26652549,0.13456544,0.22808973,5
0.28602735,0.33630689,0.34595915,0.23967122,0.49169744,0.06294092,0.33598167,0.34023667,0.24280405,0.19672622,0.27089942,0.22804163,0.18304843,0.0901233,0.21732321,0.04443532,0.20904698,0.34258921,0.08468264,0.146459,0.09664465,0.11619571,0.24907352,0.18163427,0.02060652,0.02060582,0.20745975,0.09212818,0.12393769,0.0976938,0.13670497,0.1695579,0.17055699,0.04321542,0.03277398,0.17199135,0.15836492,0.13031396,0.07308475,0.09461607,0.06151021,0.18349044,0.03347011,0.0239447,0.07559834,0.08819987,0.05652833,0.07423567,0.10747391,0.01369694,0.07519257,0.09125204,0.06022282,0.14251838,0.06490125,0.11722936,0.19074708,0.08424317,0.05802052,0.04612999,0.16117803,0.07002554,0.05026651,0.11572231,0.17399691,0.21152534,0.07708918,0.26592787,0.35502829,0.11504349,0.22211587,0.1827589,0.18624309,0.17853266,0.12951892,0.10753979,7
0.08445094,0.01837619,0.35519578,0.24432612,0.21596938,0.25830808,0.53984978,0.13743407,0.07735817,0.21896337,0.16315448,0.2515902,0.08892784,0.38287164,0.12007851,0.13510301,0.11934695,0.16273893,0.19763185,0.16660532,0.20645733,0.10569187,0.14629343,0.12767074,0.08686742,0.10313697,0.0562223,0.19299174,0.141204,0.15398085,0.09802033,0.01900286,0.03755182,0.08806413,0.16181658,0.13687593,0.07151145,0.07514651,0.0620882,0.10467376,0.08318664,0.03611535,0.07982885,0.1036505,0.11828151,0.10119328,0.06749057,0.04230548,0.12582316,0.0964927,0.12750518,0.0758574,0.19700821,0.0923088,0.03295453,0.02433632,0.13904982,0.0911765,0.05029362,0.13874947,0.18830379,0.15739186,0.07831601,0.08225078,0.11068496,0.06095876,0.20591229,0.11657124,0.26223254,0.22986625,0.04993474,0.18796972,0.12172193,0.28103875,0.1374135,0.08643148,10
0.2842444,0.52001505,0.37895724,0.24378196,0.29289089,0.18260792,0.30875094,0.41174055,0.26929205,0.09076417,0.24848246,0.18721466,0.17968036,0.15112839,0.23436155,0.11848078,0.10998756,0.04158672,0.13599481,0.07859739,0.117752,0.07118187,0.10964064,0.05745766,0.14159462,0.08540212,0.10679565,0.06311426,0.14186378,0.10927952,0.08955986,0.06416149,0.17036282,0.03923753,0.06048564,0.08561243,0.16818099,0.02220424,0.11267951,0.10490137,0.14068749,0.01428595,0.11402521,0.08481822,0.06043779,0.08289048,0.10993066,0.14752149,0.08709807,0.15040835,0.16879168,0.12326791,0.16096331,0.13312457,0.04352304,0.12742025,0.11437938,0.12469898,0.19003444,0.24116459,0.17204482,0.25188473,0.18020268,0.07170468,0.16146775,0.11866511,0.21063677,0.19552228,0.11202539,0.30314144,0.33520972,0.22846907,0.4474941,0.37381722,0.236282,0.22417144,8
0.31806085,0.19927658,0.37768877,0.29708067,0.36839607,0.16411437,0.28317981,0.40739643,0.17999375,0.04867245,0.16424588,0.14066248,0.31059956,0.21948537,0.2388303,0.06261994,0.0575248,0.10322101,0.15730705,0.02871614,0.15156893,0.10966744,0.11396747,0.0465233,0.17322963,0.03241547,0.11809558,0.10941582,0.10771127,0.05219162,0.12910012,0.12173619,0.11797298,0.07951797,0.10309943,0.06777726,0.09008932,0.15228732,0.10980379,0.0500058,0.06298097,0.14196854,0.02861535,0.11352182,0.08354718,0.10171337,0.09507012,0.12611995,0.08009213,0.14367897,0.09281671,0.12691761,0.16256075,0.06167117,0.15039729,0.06555285,0.04355809,0.20527029,0.04844511,0.13828444,0.22387246,0.04476951,0.15838359,0.09645517,0.03723421,0.19326121,0.18928481,0.0972016,0.25441008,0.23612314,0.1586171,0.11427516,0.24879679,0.21719165,0.08315207,0.04840506,7
0.26848711,0.35616155,0.39067487,0.11507678,0.25390993,0.19169156,0.41442819,0.3386436,0.18524602,0.1305574,0.10007265,0.13547939,0.17654641,0.05466152,0.03433033,0.14114927,0.16912701,0.1078466,0.11435804,0.12245313,0.13928484,0.03972194,0.02713672,0.1507846,0.13019441,0.04593258,0.09673012,0.12614522,0.08720579,0.04109738,0.11323117,0.08276015,0.06483387,0.06633868,0.10804991,0.0510911,0.1078025,0.06769462,0.06405495,0.04823238,0.13196679,0.07708108,0.05209404,0.0177087,0.11357546,0.04764189,0.09718475,0.03160111,0.02703842,0.12801894,0.03299103,0.06294346,0.12782949,0.0793229,0.07800611,0.15113266,0.09721089,0.06438759,0.13444329,0.16829972,0.05416745,0.12246687,0.16446299,0.1889402,0.11127841,0.18354189,0.23349657,0.08320672,0.19485695,0.27880084,0.09886927,0.14552801,0.28453004,0.13113009,0.10403437,0.12261983,7
0.32015844,0.53285204,0.43862493,0.29951019,0.28461229,0.14685145,0.2586867,0.34642038,0.25199987,0.10467732,0.21234887,0.17084027,0.14877659,0.16609222,0.18367476,0.12247167,0.11753057,0.12377531,0.05394083,0.10270641,0.07736571,0.07608248,0.04192147,0.10616581,0.09615654,0.0881242,0.01701713,0.08307203,0.07342559,0.08124133,0.02742993,0.08231589,0.07181678,0.10803694,0.01173834,0.08244593,0.03752813,0.07537797,0.0851604,0.09692323,0.04565569,0.08197957,0.08545675,0.0576762,0.02394111,0.08063895,0.18652602,0.14875236,0.10611088,0.16673732,0.10596607,0.05828757,0.12698753,0.10546708,0.12502101,0.19243868,0.0857842,0.13696291,0.218523,0.17712058,0.18390488,0.19299969,0.10736842,0.13268417,0.14823191,0.0112207,0.282692,0.30402473,0.14002384,0.34903433,0.42150001,0.15061227,0.42807709,0.38897102,0.15752068,0.13536129,8
0.29861825,0.46960767,0.48016001,0.27589254,0.36635489,0.10903038,0.30429649,0.31787694,0.27117382,0.04635821,0.29065889,0.12902376,0.25573276,0.14360222,0.25887733,0.0704922,0.17089636,0.03132215,0.15124689,0.07497814,0.12043167,0.08347184,0.11602664,0.11862986,0.12408557,0.08680498,0.05453702,0.12520489,0.11123292,0.09305443,0.02107584,0.06829812,0.04947795,0.17007514,0.02158476,0.0289037,0.05599202,0.09685135,0.0076906,0.0443732,0.08641088,0.05877788,0.03427499,0.08989325,0.00801114,0.05705156,0.11723702,0.12368009,0.08240669,0.12920642,0.09308047,0.05440195,0.12784298,0.04155218,0.10678147,0.17873638,0.04701216,0.18838376,0.15979277,0.13547498,0.23885852,0.15672101,0.044588,0.10714627,0.12789271,0.09370956,0.25264803,0.22227473,0.2210347,0.36593579,0.29157366,0.14995376,0.41371025,0.38975945,0.06341767,0.15512388,8
0.05485818,0.35120491,0.50408682,0.18319394,0.20761417,0.2255513,0.28332837,0.36671598,0.01615223,0.20731625,0.08799851,0.11637034,0.05915031,0.25602639,0.21775349,0.16026792,0.08305651,0.13096458,0.01308086,0.18086435,0.13663703,0.03752529,0.11978831,0.16241333,0.18223031,0.10896904,0.04312687,0.01549926,0.09138554,0.21364097,0.15436508,0.00930456,0.0627318,0.01146134,0.19632526,0.17571406,0.07109571,0.04591024,0.0744372,0.18402186,0.14992226,0.08611075,0.00970132,0.07105472,0.07456431,0.04875927,0.03902632,0.01942294,0.07675178,0.06770246,0.03991551,0.03458753,0.10574323,0.05986935,0.07902636,0.03988327,0.09165951,0.064629,0.07470641,0.05228805,0.0743211,0.09477281,0.09471428,0.04843275,0.11638524,0.11289725,0.10264644,0.11050265,0.16233423,0.13510059,0.07590266,0.15627766,0.20038017,0.11251292,0.05997049,0.0838803,4
0.12017099,0.64220959,0.29981024,0.43523063,0.20913634,0.27358333,0.48638452,0.23978928,0.48151821,0.26206697,0.196757,0.15175175,0.07387989,0.14283238,0.188744,0.20927442,0.20781641,0.12606954,0.08441708,0.08156863,0.22947157,0.24343175,0.09245056,0.07083516,0.05464294,0.16887958,0.21826378,0.17084189,0.09612791,0.05993594,0.1002313,0.19670522,0.21475542,0.1054006,0.06541541,0.08743517,0.1839061,0.19507052,0.13756731,0.06195923,0.08020333,0.13773246,0.18338362,0.18955539,0.07091531,0.05098106,0.04663576,0.0699773,0.07835837,0.07467211,0.07270115,0.08039624,0.0488468,0.08801795,0.05154977,0.09316215,0.06123644,0.05989272,0.08959896,0.05162047,0.07995238,0.06245286,0.0683609,0.06507873,0.09385914,0.14728438,0.08286778,0.13697662,0.12111603,0.17843108,0.15053642,0.12201495,0.16055068,0.08026529,0.07899809,0.06130034,5
0.31569331,0.27670118,0.29388343,0.1793006,0.43123724,0.09576742,0.3732285,0.38247826,0.35932857,0.09079288,0.20403946,0.26390133,0.24919216,0.08067162,0.141924,0.07786499,0.17814352,0.35105436,0.14670769,0.05216685,0.12647344,0.13855041,0.15254807,0.23253909,0.09053322,0.12795745,0.12364207,0.05551521,0.04987997,0.08249521,0.16624463,0.04942124,0.02783863,0.0799851,0.17450582,0.05684971,0.10261583,0.07335151,0.0400895,0.10137238,0.09954716,0.03821965,0.08624281,0.11599083,0.15671766,0.05413731,0.02664811,0.0917308,0.05966348,0.02953212,0.08230734,0.19420904,0.07201863,0.06520593,0.19113652,0.1364575,0.05330042,0.17537467,0.12839077,0.15224356,0.14768932,0.12363041,0.21012955,0.19876063,0.12105744,0.26429108,0.23293584,0.11184791,0.32040847,0.24800283,0.12456211,0.12418023,0.24812621,0.14420368,0.02779788,0.15939518,10
0.05236974,0.14538778,0.04743285,0.31864632,0.60737376,0.03953162,0.40583644,0.03960489,0.38418208,0.04667254,0.05781511,0.2528693,0.07142455,0.37705772,0.2091015,0.05238979,0.12037254,0.10973089,0.09809492,0.03345868,0.07168067,0.16902375,0.0519903,0.17367648,0.12540497,0.07747254,0.04522599,0.09564547,0.13148466,0.02376624,0.06322081,0.10630945,0.08544875,0.05272446,0.08088516,0.08509273,0.03967939,0.08055082,0.08144201,0.03652514,0.06230307,0.05656694,0.09184318,0.05884855,0.09040934,0.06557202,0.04995986,0.01917069,0.06131519,0.01141371,0.10584197,0.08558695,0.08345332,0.11062161,0.04215282,0.06077025,0.04954611,0.04730208,0.09809017,0.12785596,0.07632421,0.16765633,0.06108628,0.16382256,0.03639127,0.11887052,0.03922934,0.12065062,0.04663858,0.2583545,0.00805251,0.4012796,0.03249616,0.40083869,0.0332073,0.4080129,1
0.06956525,0.17470075,0.31439089,0.15253337,0.20914385,0.30244344,0.61301039,0.09268786,0.27180489,0.10182254,0.25093097,0.47194544,0.27447246,0.27557767,0.06226217,0.04606983,0.15941467,0.12798612,0.40723087,0.17847698,0.21379429,0.07783275,0.10517801,0.29963854,0.01890373,0.08938824,0.15266246,0.19169041,0.10350983,0.09070743,0.05649642,0.20152388,0.16006248,0.0637343,0.14067474,0.1517477,0.06464939,0.04814374,0.19906949,0.07032326,0.09059241,0.06576768,0.04744853,0.15360727,0.04550078,0.07681409,0.11812131,0.06522532,0.11203871,0.08830023,0.14075478,0.07924745,0.12496703,0.07638157,0.08124286,0.11790825,0.15553959,0.12225826,0.11757743,0.12950712,0.13650944,0.11307889,0.07616466,0.0962124,0.15385852,0.13720967,0.16249133,0.11315675,0.24446015,0.18002337,0.05000275,0.08135103,0.17580623,0.19737476,0.16380314,0.07452584,6
0.30177862,0.22395688,0.29321656,0.13200825,0.38429323,0.12287219,0.3953501,0.46044768,0.26894847,0.02300498,0.15002694,0.24317712,0.28821601,0.10374658,0.15744839,0.13632823,0.08605646,0.2679795,0.14753373,0.06834144,0.15956091,0.20259806,0.01863579,0.12865669,0.12941467,0.11140171,0.12400204,0.1918227,0.09110114,0.0718528,0.11754323,0.10569776,0.0628268,0.15826911,0.10990746,0.0391126,0.09751799,0.09158938,0.01707766,0.01342675,0.09171665,0.05741591,0.06867413,0.11682037,0.1149158,0.04637933,0.0662884,0.05540122,0.05759665,0.09248426,0.05972191,0.14914368,0.1070191,0.06081073,0.14736057,0.15098128,0.06412245,0.12873614,0.12246027,0.14872902,0.13575513,0.10277422,0.19679337,0.21383218,0.07288288,0.23818497,0.23682814,0.14576326,0.26819494,0.27367478,0.16070613,0.03860901,0.26020713,0.1895731,0.05481493,0.13669543,7
0.2570759,0.62468501,0.34418784,0.30899952,0.12917691,0.07260046,0.30713978,0.24791374,0.23071313,0.22161649,0.17120519,0.10359546,0.22150284,0.15336852,0.07114925,0.13380149,0.1371959,0.09685848,0.07741688,0.11951719,0.0920277,0.12370231,0.02498499,0.04665088,0.09306814,0.10981365,0.06327748,0.09844466,0.0241804,0.10775912,0.10435902,0.10416128,0.03464396,0.03351684,0.12356261,0.13571412,0.07219851,0.04304219,0.03262144,0.09246156,0.10745089,0.09705416,0.04715239,0.01921976,0.14002683,0.11465052,0.04350418,0.04160876,0.05325536,0.10198627,0.08267696,0.04193916,0.12588897,0.07700252,0.05214888,0.09741011,0.13844149,0.14181531,0.09745258,0.04337344,0.10981749,0.08551418,0.09264155,0.17626604,0.17561478,0.1040189,0.13503066,0.03860414,0.16372152,0.04164713,0.11033323,0.17659198,0.30356681,0.25782574,0.19889506,0.1475323,2
0.10830272,0.62031314,0.18905496,0.3882373,0.1231622,0.19292434,0.11431291,0.13909019,0.23331897,0.03944879,0.14660901,0.09441938,0.14412341,0.04455247,0.07157318,0.08283631,0.15651636,0.05689972,0.09474589,0.09028332,0.12300126,0.14678177,0.08381065,0.11437395,0.13599142,0.12512367,0.15874824,0.09868314,0.11360773,0.16094943,0.10673068,0.13852296,0.04386679,0.10893752,0.13274628,0.08775727,0.08661218,0.03071179,0.04807678,0.10408498,0.05171917,0.04483677,0.03180575,0.02319533,0.08357406,0.04850077,0.07600899,0.0801886,0.09113639,0.05100585,0.05118913,0.092726,0.09085961,0.01895956,0.04810552,0.07932159,0.09652652,0.05234586,0.05817462,0.10971575,0.07282401,0.11565178,0.05911141,0.06164648,0.10156658,0.15314116,0.07012642,0.04975271,0.16950403,0.23805354,0.029575,0.13114012,0.15214319,0.39223781,0.18586953,0.37383567,3
0.20463309,0.26870452,0.36794171,0.16581809,0.51828362,0.03336592,0.3873203,0.31881399,0.28742953,0.20368406,0.27363692,0.19878419,0.24320883,0.14444386,0.24892541,0.07462862,0.07290945,0.2766214,0.0932902,0.20577784,0.10495693,0.10196738,0.13729928,0.12277197,0.13632666,0.1540304,0.05710784,0.13415546,0.00160702,0.16291402,0.04269289,0.04592503,0.16839123,0.08375343,0.09914448,0.08103973,0.08154553,0.09335534,0.07542477,0.1081627,0.07694226,0.02784924,0.09626535,0.01291538,0.04145838,0.12720094,0.19602191,0.02834767,0.02648322,0.18936473,0.12862559,0.12457849,0.01994876,0.08234805,0.19844445,0.09657968,0.13121258,0.12949648,0.2307733,0.02275287,0.07422807,0.20423664,0.10162848,0.19071791,0.0653465,0.03868319,0.19974948,0.22052017,0.30336278,0.12169693,0.33081755,0.17705657,0.15832852,0.2691543,0.15918634,0.12950394,7
0.01587909,0.22456377,0.04212652,0.25350281,0.44783826,0.0170111,0.43254504,0.01584974,0.39772329,0.19851289,0.01533972,0.07628167,0.00999279,0.25508958,0.04330592,0.01740778,0.16571302,0.01528971,0.15883413,0.13337656,0.01884269,0.06432572,0.02131133,0.09448063,0.05672183,0.03406337,0.07890405,0.0166155,0.10268458,0.05816518,0.03590858,0.08590046,0.03005063,0.01352196,0.07546275,0.0306079,0.0066706,0.03536143,0.08405617,0.01108138,0.05110282,0.06934967,0.03371335,0.05365532,0.02634744,0.07569841,0.06677183,0.01419649,0.0443914,0.02845271,0.04719002,0.10234285,0.03591879,0.0769642,0.04386065,0.05956366,0.02641382,0.10153832,0.0534609,0.12193436,0.04204309,0.03813503,0.03526921,0.11932595,0.02575276,0.17992663,0.02517532,0.10017087,0.03031792,0.11931807,0.02060078,0.28375436,0.02470918,0.4433257,0.0294398,0.34859104,1
0.15652306,0.26076515,0.60971083,0.20470486,0.2015635,0.0813204,0.13723158,0.30717613,0.10907437,0.19858904,0.14851974,0.1028761,0.12196385,0.16147125,0.1516743,0.16422648,0.01959721,0.08007602,0.08039882,0.13855702,0.09322854,0.04086568,0.05128897,0.0939609,0.12729449,0.06623347,0.0071823,0.04793828,0.07571671,0.10223265,0.08780477,0.03613433,0.07238612,0.09985531,0.10981603,0.0821854,0.02291419,0.07484093,0.10017642,0.09979428,0.07935363,0.00779835,0.05223152,0.076566,0.0633989,0.02652858,0.06337541,0.11508262,0.10565808,0.01842795,0.07894407,0.08273446,0.1110004,0.03471727,0.05923421,0.09767373,0.08629822,0.02917272,0.04350725,0.11139394,0.09690973,0.04161192,0.09407807,0.14240009,0.10252206,0.08845435,0.07856672,0.14477561,0.13461104,0.07403001,0.11431511,0.12333224,0.23182851,0.04486823,0.29252321,0.33804978,2
0.02020483,0.11909139,0.05195605,0.39814943,0.57375605,0.03027023,0.37641257,0.0460901,0.4070261,0.10911852,0.03681537,0.2366078,0.05563856,0.3355662,0.21164859,0.02058894,0.14091822,0.05917397,0.07885848,0.10332468,0.02557344,0.15731191,0.03279207,0.17257761,0.14965989,0.02285002,0.1004192,0.04073709,0.08404231,0.09427681,0.02259214,0.12859144,0.02725819,0.115766,0.12821894,0.0207064,0.07858415,0.0377259,0.09021627,0.08287676,0.01735459,0.11012719,0.01632412,0.07834044,0.03002497,0.10427326,0.02744872,0.13385924,0.03053606,0.11169678,0.03948035,0.0484199,0.03372364,0.11237619,0.03015501,0.14709167,0.0244009,0.13537633,0.0485115,0.04450541,0.03398166,0.12670974,0.02329576,0.19819172,0.01751399,0.1690425,0.0393678,0.03449475,0.0309917,0.19536415,0.01250904,0.30972733,0.01106447,0.39782986,0.02447232,0.42608276,1
0.35710496,0.27433082,0.29683263,0.23088088,0.45506783,0.06700865,0.32786011,0.38381748,0.35815371,0.11361075,0.28925962,0.23354703,0.21137467,0.04768941,0.21458387,0.02228509,0.20705962,0.3437011,0.16601805,0.07911972,0.11993386,0.04310208,0.22008906,0.25825386,0.06268452,0.08064459,0.12820319,0.04675666,0.15478406,0.11071234,0.062437,0.10781022,0.1762013,0.09220122,0.04089806,0.09006945,0.08626048,0.12924286,0.16097368,0.09874108,0.05803591,0.10341249,0.0765093,0.11090067,0.01219492,0.16023912,0.03182117,0.17938576,0.1512195,0.05739472,0.18683276,0.15275224,0.06078543,0.16344678,0.16417474,0.00760118,0.1213581,0.18441426,0.04307532,0.19038293,0.18559872,0.05199767,0.2348845,0.21549135,0.07898246,0.29995712,0.21986588,0.12797154,0.32547103,0.24494606,0.13875679,0.08427412,0.22207273,0.17741824,0.00766482,0.07310001,7
0.27255117,0.19477277,0.29561074,0.11674796,0.34822636,0.13618527,0.40247924,0.41967967,0.23473314,0.05515212,0.12241335,0.23652611,0.2789577,0.1328396,0.16962196,0.14127258,0.10758144,0.24493962,0.04241669,0.08329145,0.14028795,0.21534297,0.06999558,0.01119127,0.1246142,0.14504423,0.14928768,0.11728803,0.11992552,0.12017428,0.15151983,0.09075813,0.05205668,0.13177912,0.15537974,0.06718514,0.07228702,0.0940041,0.09505208,0.06009979,0.10181679,0.05808183,0.0947679,0.09235387,0.14837639,0.08558321,0.07539419,0.03814544,0.10121932,0.0991918,0.0512408,0.13447085,0.11756735,0.04763087,0.15192623,0.16363192,0.06918977,0.17877608,0.15273583,0.05199284,0.17588622,0.13939402,0.07512993,0.16305342,0.10303749,0.13533981,0.22519108,0.20612655,0.20463923,0.28964879,0.21229116,0.06801133,0.29091998,0.22914867,0.0396116,0.09010339,7
0.03228292,0.57974944,0.3432288,0.31118408,0.41636365,0.17974949,0.48968884,0.29210798,0.42773333,0.27584257,0.24971309,0.0885648,0.18036158,0.07058623,0.15912751,0.1563831,0.15342213,0.06459938,0.17572053,0.16726479,0.26893873,0.06562579,0.10111791,0.09519574,0.20818178,0.1493323,0.02427674,0.06834264,0.15615963,0.19924205,0.13052289,0.04916744,0.05963628,0.15023554,0.13629953,0.07767385,0.08504301,0.12810517,0.16064177,0.09893386,0.08995511,0.07469208,0.10994886,0.08784686,0.07297255,0.06095165,0.16112126,0.12605737,0.10140363,0.0480733,0.15898545,0.12004567,0.08821464,0.11332192,0.0957534,0.08708951,0.07741766,0.04121456,0.06048145,0.21070959,0.08766421,0.07485849,0.11185866,0.181144,0.25653449,0.07928263,0.18826793,0.1977078,0.16343518,0.12865647,0.10411297,0.16359529,0.3674373,0.18102226,0.33464905,0.08372666,5
0.28551108,0.29016354,0.39092583,0.22775557,0.41178376,0.12345771,0.32447942,0.33997002,0.27435819,0.11465296,0.22963508,0.21734038,0.29206132,0.05452549,0.22094736,0.00674086,0.11554769,0.293917,0.1533524,0.04857787,0.06982518,0.11974941,0.14468747,0.22979247,0.09118612,0.0849632,0.11975321,0.1529905,0.08996508,0.08291708,0.06167529,0.11770062,0.09909011,0.07868143,0.00873459,0.0542016,0.14623937,0.07260091,0.04945829,0.05354303,0.11033839,0.06015355,0.13306553,0.04353411,0.04663319,0.08250377,0.143992,0.04782452,0.07606907,0.15446269,0.04302192,0.04257451,0.11005975,0.06807474,0.10399736,0.07263862,0.06244952,0.18086417,0.09944129,0.08371164,0.21169478,0.14080545,0.05966207,0.01835086,0.15331195,0.16064945,0.08128054,0.20760057,0.26282623,0.17696547,0.17258626,0.25025783,0.22797876,0.20005757,0.12210291,0.18204285,10
0.28154947,0.62220443,0.35858933,0.41161521,0.15502266,0.30110933,0.49847785,0.17744997,0.4872272,0.17282662,0.13302231,0.08011626,0.17582064,0.2539042,0.13921461,0.08124244,0.16163431,0.16705643,0.08390456,0.12918364,0.12034856,0.08724382,0.08230724,0.11712905,0.161114,0.08643121,0.0530496,0.08750125,0.11052825,0.13392375,0.09500168,0.05860744,0.0751821,0.09059747,0.10060455,0.09370721,0.05761358,0.05678964,0.1018718,0.09972833,0.0887374,0.04571214,0.06117431,0.09380633,0.0923063,0.13835337,0.12293451,0.10866058,0.14387955,0.11565106,0.09674898,0.08198375,0.13498738,0.12389475,0.10089313,0.04184578,0.14589062,0.1405202,0.0691871,0.05326096,0.17290577,0.14807115,0.11079676,0.07306853,0.20334203,0.15094548,0.16505491,0.11397331,0.13205399,0.23564264,0.0916465,0.15673377,0.11247325,0.08922481,0.12873072,0.09216517,2
0.21109464,0.69963959,0.16877975,0.61546514,0.08121963,0.14495086,0.28317135,0.20822576,0.26487433,0.09228281,0.12072085,0.22756029,0.18047519,0.16403187,0.0996068,0.09044832,0.15945926,0.13777448,0.05250468,0.09820177,0.09893186,0.10190064,0.09399228,0.06665135,0.08808192,0.09812024,0.05975669,0.08001114,0.08666296,0.0734702,0.08815515,0.04505985,0.04806562,0.11650343,0.0613326,0.0688183,0.04977022,0.04509491,0.10948591,0.05676308,0.0436575,0.06269942,0.07457852,0.04856341,0.06588902,0.03717066,0.05136545,0.08701748,0.06150537,0.05885285,0.06761339,0.07330151,0.05040197,0.07221824,0.10176592,0.07626568,0.04175152,0.07538418,0.13322168,0.09985926,0.07122058,0.08587017,0.09418971,0.06439688,0.1068982,0.11714993,0.07505234,0.08309222,0.16650282,0.21319444,0.1129295,0.11742855,0.20513278,0.35633182,0.25039359,0.39255026,2
0.12966823,0.49381552,0.07747691,0.20892897,0.22854611,0.08774133,0.66963925,0.09919465,0.53051851,0.24505131,0.2270999,0.11871954,0.1071991,0.38400817,0.1658244,0.20264162,0.27958707,0.18340436,0.0632174,0.11734273,0.16528371,0.14304604,0.16610814,0.14944853,0.1257047,0.21087823,0.08135324,0.14987828,0.06524281,0.15520581,0.11358158,0.17356687,0.25609035,0.05166354,0.07363684,0.05054094,0.19561339,0.0984097,0.08853414,0.00813008,0.14662703,0.14305788,0.15461321,0.12842005,0.04746603,0.04412036,0.0862557,0.0924995,0.05801517,0.10838188,0.07159667,0.04222244,0.06863653,0.06677614,0.06650899,0.05358988,0.10810865,0.03652585,0.0861196,0.09660311,0.06517438,0.04122788,0.11248635,0.20090073,0.09783024,0.19494427,0.16851828,0.12659076,0.19874998,0.13851572,0.14458817,0.16696525,0.23792515,0.09447087,0.09462456,0.00750099,6
