loc,v(g),ev(g),iv(G),N,V,L,D,I,E,B,T,lOCode,lOComment,locCodeAndComment,lOBlank,uniq_Op,uniq_Opnd,total_Op,total_Opnd,branchCount,target
20.63051711693798,1.1299923975573698,1.0,1.0,135.70827045287115,767.1208434328448,0.28666454884751646,16.07291522611187,0.0,0.0,0.032006280586615816,0.0,0.0,0,0,0,10.725072917374249,0.0,37.652418879174085,34.24431245880907,39.63375761869887,False
9.959474578992277,1.0,1.0,1.0,70.01814042251394,234.3410237624322,0.08139559384826986,25.705345444257308,17.913048387819178,0.0,0.06644501105662068,0.0,0.0,4,0,0,10.412957979224402,1.4709910892619371,35.772088838170774,55.66850493382421,25.600043511839175,False
602.0,3.6556586459786633,1.0,1.0,326.5699633997677,1974.9935913112422,0.0831251604539916,48.25016403296554,88.6649543839699,11934.778974691551,0.9813405706546856,597.5230305296557,1.3291362023717426,2,0,12,33.06243814473618,33.24308271960512,420.91638666751277,106.15916199231879,29.07514462412389,False
29.459266942131855,1.0,1.0,1.0,114.5999294522621,362.4507191082882,0.2756975270557761,45.36725584652215,7.872524219740912,0.0,0.07088341219266106,138.18578908827624,0.0,0,17,0,1.0,0.0,83.73056356171128,29.77388500204509,100.32940968183634,False
11.808492565100977,8.594617002303625,2.310217265848496,4.459909720202172,816.7542661149904,483.4661511001482,0.04687571772083701,47.86306729363185,47.96310778317286,15170.581195160998,0.270960034850799,8695.688696699344,12.236712720977238,1,0,26,9.079849517690121,21.143395001584423,69.03745796360828,128.67624428698585,27.186710760385136,True
105.04274540621753,1.0,1.0,5.356020379388216,251.76794551616433,635.7697049667363,0.6317735702807192,56.992026052359485,19.130023809897185,0.0,0.10643524353632565,0.0,0.0,5,0,10,17.319141617354283,3.2042817372815655,181.27304909600417,142.75416430445802,8.247034016153162,True
85.07212224558066,1.0,1.2173498350089482,1.215236416565586,2785.0,817.343976509866,0.1698696622318417,48.25016403296554,74.92995958390077,0.0,0.19869943826157052,0.0,0.0,0,3,3,6.068905251643811,29.110146442457214,90.86772473442542,64.81283506437475,29.07514462412389,False
46.06406974407635,1.0,1.0,1.4564668766115874,508.13782190882483,807.5829026207987,0.10239451918111059,31.977472128225266,41.56300796365529,10800.33690068304,0.9588681890259461,21995.825555224168,38.85396738729277,0,4,5,30.58544090625894,10.962269036236533,168.21350955361913,44.574865484130314,65.58643376483704,False
19.439599156260766,1.0,1.0,1.0,121.20759734883583,951.5143150860712,0.32888499490483536,8.022440273175548,24.979359312145046,0.0,0.05329854528064418,0.0,0.0,0,0,0,2.9504372887977155,0.0,72.4078556013221,34.25442202954548,10.945487207288329,False
28.367648491007024,1.0,1.0,1.0,128.44743675718877,914.6474230833011,0.32888499490483536,17.99506113548575,34.60822792588188,0.0,0.05019766049941763,0.0,0.0,0,4,0,6.15005278402386,0.0,90.86772473442542,63.5085574637168,24.306212360144006,False
17.659195436934173,1.0,1.0,1.0,156.0003041637896,951.5143150860712,0.15344423530884854,22.37198664148895,31.56067385232177,0.0,0.0588132119927709,0.0,0.0,0,8,0,1.0,0.0,77.84390945570405,64.81283506437475,11.021217428820826,False
602.0,3.0549193211850243,1.0,1.2334286500961777,613.6317156916841,2188.1661877975903,0.027069323207114238,17.1720323846375,88.85624990210363,27626.417881914273,3.7016219649619053,573.8551875414432,23.87116109744346,8,0,9,16.228592602033462,16.28655074753847,169.1154001203774,142.0598604723507,18.04020012324589,False
7.427819132442422,1.0,1.0,1.0,151.2335494614213,951.5143150860712,0.32888499490483536,12.019918490434371,25.888950685048016,0.0,0.0,0.0,0.0,0,0,0,1.0,0.0,55.28031769697271,38.22831586431573,10.55660577977334,False
101.20792236360438,1.0,1.0,1.7338733359465226,103.71356934272825,8620.225483823837,0.2913980521654346,13.161852046391505,62.449180150040974,0.0,0.06502736013454165,0.0,0.5776181724768001,0,0,0,5.196092537162928,0.0,28.84113361935773,40.85481153249829,42.623891796696775,False
104.4955898439119,18.313219143677106,1.0,8.024541547976643,308.48153630885,2511.0892195893894,0.09686479945425364,34.186439309158445,74.34689299785322,30287.940851837386,0.6923956748715505,2973.110948524341,71.8034854715219,65,1,12,18.399145713403808,31.76215259886602,165.51158041640628,150.23486690366835,25.53947404742334,False
51.252831104019464,1.0,1.0,5.243601326970635,709.9189878497948,802.814654211099,0.06722911574983617,37.40106196937615,66.20410590869629,16271.225136489058,0.6346702550664939,0.0,9.677861202513832,0,0,0,13.424435130648984,0.0,186.60626019908744,140.03324787837153,28.602231724319683,False
64.91702515818797,9.106476509956357,1.0,4.979062211501223,689.0550528679112,2605.7294385899877,0.09529803729237157,36.23342112050893,35.842077222438675,4428.930268813538,1.2407975250129,1330.5287647594469,47.91412013042928,0,3,21,18.59680684149552,0.0,214.55944692613184,130.6949595357273,26.572788334465297,False
36.54135416065575,1.0,1.0,1.0,296.54834871925596,2270.1038588519395,0.14906480400883373,17.720219864655608,15.925065433569308,0.0,0.5570211624500532,0.0,0.0,0,2,0,16.189439196414426,24.451188054757573,214.55944692613184,362.7767283328081,11.021217428820826,False
8.427326074051756,1.0,1.0,1.414382933717517,129.0466595874416,563.8821261865361,0.32888499490483536,16.62938189170624,1.9572722505888454,0.0,0.04467371646154901,0.0,0.0,0,0,0,7.6667872092752285,0.0,73.37953917088663,23.44937969738298,11.021217428820826,False
9.87483415448424,4.801238190394376,1.0,3.171678836339471,150.82450311830806,596.1654285337665,0.67,12.169937139888093,19.7962653931115,0.0,0.08244873549319641,0.0,0.0,0,3,0,2.3419122779849353,0.0,44.450974903176814,29.080357726353014,8.28606131761623,False
2.66266042481635,1.0,1.0,1.714774851881969,38.41736624015545,303.69962826432,0.14889831338608872,9.193834753979974,9.440548736369085,0.0,0.0,0.0,0.2459365590531455,0,1,0,4.983935290313834,0.0,42.95677382645154,19.808942710957123,33.73119167277426,True
19.840332536349944,1.0,1.0,1.9012124086735334,119.02405032851115,8182.725868610769,0.43414633317745954,10.129754074656274,17.146228757607847,0.0,0.13469710614124136,0.0,18.959639009072095,0,3,0,37.92104745545046,0.0,214.55944692613184,43.31347462462226,3.193852946661365,False
20.254630214700178,1.0,1.0,1.0,135.98225472364908,376.70234486627226,0.29721882903790253,16.582873990672255,23.462388865654326,0.0,0.0,0.0,0.0,0,0,0,1.3573405161610612,0.0,87.05632613430745,45.74854375392859,6.2875602231760315,False
10.049489456384089,1.0815025603474955,1.0,1.0,118.66150192126796,951.5143150860712,0.1698696622318417,24.84754899019226,24.830076558984153,0.0,0.0,0.0,0.0,0,1,0,3.0270258296993013,0.0,75.47907403351124,64.81283506437475,76.85333681075831,False
16.187586391887486,7.774330601684497,1.0,1.0996244442656513,134.56054275641137,530.3621206910875,0.1389888972695775,15.323028582839033,13.35330586630457,0.0,0.0,0.0,0.0,0,0,0,2.0688873235290686,0.0,73.18990431595553,35.634135674306215,14.137954879107527,False
6.832464389201833,1.0,1.0,1.0,135.28206172092257,521.552317127464,0.32888499490483536,17.589509834350153,22.99956032962006,0.0,0.05862988201318894,0.0,0.0,0,0,0,1.0,0.0,74.23464189898962,39.00864723853473,6.904109865402538,False
77.74134550712616,9.909411441020733,1.0,6.680529828943276,276.3621779380686,2605.7294385899877,0.08289659228581348,53.4932819297116,44.22515185783173,44334.012986329944,0.7627690429912496,10280.854839141874,57.31698899628407,5,9,23,39.6359134529812,20.703779226900615,214.55944692613184,124.01182373377036,20.111360461539956,False
26.457443029946806,1.0,1.0,1.760954975454676,122.51002647952598,726.5163826821894,0.14643077304705923,19.91931601551783,19.521904965846893,2844.2546904015157,0.15403091839453376,0.0,0.0,3,0,1,12.149495917466696,0.0,211.79600045751255,40.60920019654901,71.74216037061848,False
30.967012571395752,1.0,1.0,1.5359775162663296,124.22453642175009,951.5143150860712,0.32888499490483536,11.980299893550502,23.54566358227509,0.0,0.0,0.0,0.0,0,0,0,9.520855192223493,0.0,90.86772473442542,51.148430667912024,10.058264999370738,False
0.0,1.0,1.0,1.0,71.24447143642536,553.460454776497,0.14563525336823605,19.0118393571382,24.011288216487934,0.0,0.07624466273112522,0.0,0.0,0,0,0,1.0,0.0,68.02700646665039,42.87540911222928,8.901956989941365,False
46.37641432134013,9.284997609464046,1.0,2.478167532257414,296.3149719974887,2062.5317518081447,0.014015779181260873,45.519944989290714,59.61893311336211,24783.691854586392,1.4328462339529013,0.0,24.39464215918435,15,5,32,32.85318878493898,35.35401677060641,214.55944692613184,150.23486690366835,23.021576638530156,False
0.0,1.0,1.0,1.4659357443995364,121.08583048232526,455.0822722144421,0.32888499490483536,20.70801201197159,21.568742207801787,0.0,0.0,0.0,0.0,0,0,0,3.4105957074020914,0.0,66.96106569978497,40.314295022616,9.59311344493956,False
91.28137574987497,8.979657425293661,1.0,5.63026210855949,291.03030263733814,933.2632197289006,0.0,29.845818711796333,50.84362135950912,22621.663835869247,0.9555544397987895,4094.2796596166186,24.561978965994072,4,1,0,18.664410057915408,50.07400926488898,125.48830474573086,89.51128611289639,16.033293628537166,False
74.14073354065837,6.577767766027922,1.0,1.6191819006551866,765.1027279143057,2605.7294385899877,0.1530460993287323,72.84161151314058,44.26816154626691,69380.31075428154,0.6889374306211757,0.0,34.509715036925705,0,4,13,21.261702326045743,16.734436569036408,214.55944692613184,107.12982558283178,15.769181058099985,False
137.87546059800187,4.048471767218878,1.0,42.081982423148034,299.09364578190934,2605.7294385899877,0.0839524299905777,23.070239991823954,65.75504651323666,0.0,0.7756432720061865,0.0,30.216090198409077,4,2,6,22.917881634476583,26.85537557970843,214.55944692613184,147.98198797410984,22.162951137852257,False
25.20202727493771,1.0,1.0,8.530857981846761,135.03513361741219,789.7886894081419,0.32888499490483536,23.253689853870604,35.312275129542854,0.0,0.07587421026412387,0.0,0.0,0,3,0,3.99588881892612,0.0,90.86772473442542,62.984164438335455,29.07514462412389,False
70.59744178354603,8.137842184386825,1.0,7.700912840372561,365.38161959591014,2199.3283248331672,0.057551648589979174,48.25016403296554,56.78601847632331,4409.202198775312,1.1631384940086211,8507.297030822629,34.3250174379274,7,0,1,37.86867096268908,38.67299430929731,196.04107706757458,150.23486690366835,28.84873265196973,False
56.92633295699862,1.1908185659334016,1.0,5.210179658703988,156.0003041637896,2065.7460464349247,0.1373694145100765,90.34214797527987,38.643490811843684,0.0,0.876225223635311,0.0,0.664939987852966,4,1,4,16.541930491015723,0.0,214.55944692613184,150.23486690366835,236.0,False
0.3341780440974329,1.0,1.0,1.0,69.36437478662447,526.8938600154306,0.32888499490483536,21.96436071425549,24.24397775289943,0.0,0.0,0.0,0.0,0,0,0,1.0,0.0,57.02500277331182,64.81283506437475,9.756398069384122,False
1.9346923125670106,1.0,1.0,1.0,124.51481508225697,457.9389168289447,0.25288479553719495,20.989669604761136,28.878416076890765,0.0,0.04987943744052514,0.0,0.0,0,0,0,1.0,0.0,20.14201433265542,42.174071791024275,8.08257883628048,False
13.495066845647951,1.0,1.0,1.2583439380927466,687.996815336314,707.4219343543795,0.22670530634587333,24.84754899019226,13.567282180330492,18289.121560081654,0.05071096221095427,575.6700118051699,0.0,0,0,0,6.078962136395248,0.0,267.4934316352132,43.6990442399444,7.909086704886954,False
23.390364316368206,1.0,1.0,74.86380393615556,103.80905630133469,548.7316748984683,0.1620705889120768,16.52579225812448,14.848706117768948,0.0,0.04586559259079746,0.0,0.0,0,2,0,8.916269562165093,0.0,82.76265288765555,52.943981577681996,9.498305552609775,True
15.366841713656951,1.0,1.0,1.2263564859258245,107.67309898995822,632.2487521146091,0.32888499490483536,5.976092627680096,34.89035113678896,0.0,0.0,0.0,0.0,0,1,0,8.302740744226845,0.0,50.39735769353747,29.64147613546875,8.68442328088749,False
7.914888969745737,1.1462838959276698,1.0,1.3547564724929777,133.19031795567963,47.41898263634641,0.32888499490483536,18.44558985818531,27.86616663001209,0.0,0.0,0.0,0.0,0,0,0,8.062523692167597,0.0,73.29695105861511,33.670184753820834,11.021217428820826,False
12.110635288697528,1.0,1.0,1.8470527475898384,46.26003984902705,277.47729805186924,0.1698696622318417,9.842262467996342,11.988271886818026,0.0,0.0,0.0,0.0,0,0,0,9.433493078312166,0.0,29.55413447549894,39.10758341767725,6.318746222740264,False
15.478163763632748,1.0,1.0,1.0,351.50736490261295,722.4764242608859,0.10020362495689536,13.279354446712322,56.70192393904851,0.0,0.12424895240598151,0.0,0.0,0,1,0,7.245069588121426,0.6780236350453697,86.08334077159813,60.816957232309264,27.86690102415958,False
58.607601676007256,1.1573496362269529,1.0,6.325464683639739,344.53087168728223,3565.64105808794,0.07817171336266959,39.58998394055051,58.28080735526568,253779.69945503678,1.770788646648794,7866.205169961785,39.512881974544584,2,13,1,16.000629876623524,12.305246188155426,197.77263344711275,94.84606704889353,24.343490651428354,False
15.684567485909467,1.0,1.0,1.7432790458591265,10.444482534255311,104.34725701448345,0.32888499490483536,8.780695719861779,7.118186456146232,0.0,0.0,0.0,0.0,0,2,1,1.0,0.0,90.36973919687429,1144.0,6.328464012693314,False
77.74134550712616,5.7272871938882055,1.0,8.010012153568614,767.4224174988127,2605.7294385899877,0.1195946383347679,56.805972889694516,49.23637674585634,4397.4333579338645,0.7639359621892718,7316.3088311671945,52.143680583672676,2,0,28,18.391687104994794,9.872723053354134,202.3273746505127,150.23486690366835,29.07514462412389,False
25.838393569337157,1.0,1.0,2.7013444878884023,108.63383991957184,862.2122081189705,0.32888499490483536,9.6570213253819,24.730354388095954,0.0,0.0,0.0,0.0,0,0,0,7.687563649519416,0.0,81.74453336764412,18.9918777616898,10.537784120449073,True
7.844405667222575,1.0,1.0,1.350062080172154,112.0458385532508,742.067613857955,0.32888499490483536,11.543272876133464,12.500945515852933,0.0,0.0,0.0,0.0,0,0,0,1.0,0.0,90.23783453250931,42.22814935635117,7.326755911011478,False
23.35539613886189,1.0,1.0,1.8280157267942625,58.45246692290428,765.8906396610671,0.2406190187419247,42.682073910681765,13.062341413592232,0.0,0.053552087523431,0.0,0.0,0,2,0,8.337784247616563,0.0,54.5734539076351,39.621580920999065,7.757548190996523,False
13.131998133925862,2.275187607787785,1.0,4.619907368450977,97.6102018700652,479.2570707161337,0.11273346710211375,40.29858483894247,15.699093529480418,19201.623232530485,0.31473970681467545,662.3548089945498,11.958693427164317,0,0,4,9.70864211322059,10.261776572002576,85.91237759589546,104.03288312675497,23.458058077881997,False
18.023265102234404,1.0,1.0,2.015222822011017,95.08529832311925,471.69281179322854,0.32270231296383145,31.856659060312154,88.19930761565779,0.0,0.0,0.0,0.0,0,1,0,8.106909634470613,0.0,90.86772473442542,35.98862595519593,6.115720252951945,False
107.49721673907565,7.168994841433878,1.0,6.626185086614821,813.3458057773098,7183.751491926361,0.1174339929877895,69.29158704262451,53.69143041954379,3796.536281279556,0.8325623067731526,5351.9755750808745,13.07950497554539,1,2,7,14.48405660220933,23.82388614955218,182.53962977637934,127.98696872712728,25.440111085247615,False
0.1894723790407422,1.0,1.0,1.0,110.03272986152439,773.7341051407172,0.5578279790339224,19.70624021665143,22.4848440528475,0.0,0.0,0.0,0.0,0,3,0,1.0,0.0,24.608247382770294,64.81283506437475,9.975702059752413,False
64.51705584666865,5.694357291887185,1.0,7.100510691566198,276.02065416873893,2605.7294385899877,0.060859421886307774,42.295309275320136,56.80986766507598,12459.928917094901,0.8321824323824265,1891.0206289812236,65.75109630302114,9,4,22,29.156638778992473,10.86438929965171,214.55944692613184,133.9582727314792,23.083120401769698,False
18.437798205817426,1.0,1.0,1.6735763512111606,110.31152694035566,372.5729244398477,0.3275197585267436,18.266801736477955,19.74598308734216,0.0,0.04738579477112829,0.0,0.0,0,0,0,3.132457430188394,0.0,78.87964668649307,24.56944730674917,7.082605120018279,False
0.0,4.220949014760877,5.031905458442566,10.656887161768193,275.47865990986764,589.4309506020759,0.04119145162975313,41.0530619721812,57.33020649876876,14992.79056068177,0.19149868597542896,1964.8757425343497,2.726319488315969,6,1,1,12.97687613394024,33.70734601532725,49.88395338691542,67.97224713771917,23.188752572303663,False
32.18075303123937,1.0,1.0,1.0,107.83084900641592,565.6154581580545,0.1698696622318417,22.315205423844127,23.292910751719102,0.0,0.16996847653770722,0.0,0.0,0,0,0,1.9819183460841359,0.0,79.71492745277068,52.9360643004229,9.055110657402164,False
13.938526338439855,2.650064057142174,1.0,1.1596611665728018,70.93951794549781,465.28303229308244,0.14484560148440503,15.267760672384064,13.575426719074834,17861.435856525983,0.09656500544642879,347.54000887472944,12.052018349049176,3,1,14,9.64838228674955,27.915435818617233,17.679806069496053,142.73195117234735,25.94253268010106,False
24.510173551934137,1.0,1.0,45.19474356971547,100.30903691274489,473.719267891129,0.22000508076952982,7.956355972749413,28.896728140118313,0.0,0.0028410249051505077,0.0,0.0,0,2,0,24.743229660817224,1.5512283175546138,90.86772473442542,189.68670715177444,8.231583090064735,False
12.430755739833087,1.0,1.0,2.48597056505767,342.30372066202085,555.1212591043463,0.08907514756356653,20.275988567688664,17.17774930573155,0.0,0.02651409244335911,0.0,0.0,0,0,12,9.844499258753517,0.0,22.215722584689946,94.55210833761723,19.18790030660137,False
14.887768803831818,1.0,1.0,1.758432028860897,63.71341832787776,306.45657829141635,0.43289248238208144,12.233268509149708,0.0,0.0,0.1300508714426676,0.0,0.0,0,3,3,3.1543580553717545,0.0,76.18608042689075,192.0958134299826,1.7849375296362417,False
15.414025844909244,2.422348885474315,1.0,6.069158265971133,689.3951786782022,951.5143150860712,0.37913461406346827,30.25879553092173,21.001349401708815,10886.548875846365,1.1678161580911417,0.0,0.0,0,3,10,21.055872316597746,0.0,214.55944692613184,134.64168591745715,29.07514462412389,False
19.5580037801591,1.0,1.0,1.0,155.11001935676316,951.5143150860712,0.32888499490483536,13.511756037007157,17.411603775574687,0.0,0.0,0.0,0.0,0,0,0,1.9061236354242288,0.0,90.86772473442542,55.47413250058786,10.642542494347977,False
118.87578812257996,1.0,1.0,1.1428160510164762,156.0003041637896,937.7003290012032,0.16532785994537064,45.789892820166465,55.540490997958415,0.0,0.04639063355535697,0.0,0.0,13,3,2,19.89464015649802,0.0,73.43498769678219,150.23486690366835,10.649861380755832,False
0.0,24.47845453031833,17.883890464623967,1.0,816.7542661149904,898.4830079299393,0.06784249377030944,270.66,69.48577452384191,10423.987066335536,0.5325022508019193,0.0,28.764134894942764,10,0,8,8.473649461016489,48.39942485230853,138.43778272506484,150.23486690366835,24.402562644045744,False
72.53319017142434,1.0,1.0,1.0,87.90764787513282,945.5506761735548,0.32888499490483536,57.79706736408794,24.56011482749808,0.0,0.12261505788687399,0.0,0.0,0,0,0,3.6553748004168423,0.0,90.86772473442542,34.34588326238187,9.13805431903284,False
14.527871793162618,1.0,1.0,2.2019461123080926,137.98963320989262,398.9139413622095,0.6317735702807192,24.84754899019226,26.338024687938866,0.0,0.0,0.0,0.0,0,0,0,7.176345636307359,0.0,87.57114302320511,55.83488094533061,11.021217428820826,False
9.277344730597497,1.0,1.0,1.542999694747027,82.76166224611069,406.66985641804456,0.32888499490483536,8.004636911710802,14.639326083581045,0.0,0.0,0.0,0.0,0,2,0,1.0,0.0,71.64171742336455,42.148455318327436,7.654828783720353,False
25.21563754849675,1.0,1.0,1.0304276987800782,53.099638165364325,2809.51441110723,0.21842140558930623,7.4689814397794505,5.645683772515113,0.0,0.12497363603224437,0.0,0.0,0,0,1,10.09741407128768,0.0,84.02406305196676,30.132469450576878,7.3124552622146926,False
12.732615476384417,1.393213647064337,1.0,6.370754054570366,729.3021698590571,437.72632837227263,0.09644442818505533,75.45229694995518,64.06795124296718,4515.704799205526,0.5500671363195343,93.93492657588627,22.479986536328582,11,0,72,11.027549113309119,25.7258192229645,73.2381728393652,298.5426376473682,19.627370039046177,False
16.15146328318865,1.0,1.0,2.3416122006792754,125.9062599912238,951.5143150860712,0.5578279790339224,7.7994003928997895,21.7135217984164,0.0,0.11626652034352104,0.0,0.0,0,0,0,7.59810866407257,0.0,90.86772473442542,53.92920601090074,8.493292212479702,False
30.74678296726599,1.0,1.0,1.9327605315406484,148.93220155424288,914.1694827784161,0.32888499490483536,10.425241524269687,10.548153385301703,0.0,0.0741504457437212,0.0,0.0,0,0,0,14.655682646831625,0.0,90.86772473442542,38.466042688261695,8.824099591892459,False
36.54135416065575,4.615925367374031,1.0,6.407236207924067,365.38161959591014,2605.7294385899877,0.13652434456243048,31.372282360580435,23.665133090113514,38563.30599586623,0.6283814098011065,0.0,28.55479401396819,4,4,19,26.429644809132448,6.569313294426301,214.55944692613184,133.2834608488538,19.64014565706899,False
20.918351811401457,1.0,1.0,1.8153872290472672,58.7333651946943,407.04852943016834,0.32888499490483536,10.186936694350036,5.923911017842002,0.0,0.026634246929121592,0.0,0.0,0,0,0,8.487475381023831,0.0,73.86331727146239,18.786835769709246,7.309018625035303,False
138.06123020471446,6.096445444413204,1.0,2.311164677864097,346.1896605467193,951.5143150860712,0.1545837553646611,28.825915556563928,188.93115635041846,0.0,0.4984722180357429,0.0,2.7944973995484883,0,1,9,22.83899101158675,0.0,214.55944692613184,115.38808245574549,29.07514462412389,False
77.74134550712616,7.545168270480617,1.0,7.007416647465135,344.37674175694883,7183.751491926361,0.11241508666698519,43.87884090519228,155.05050209765204,11681.942468145447,1.4182921958906611,0.0,36.02126306782819,5,0,1,19.41269934943888,9.166331620728656,507.822628458573,133.93031553777615,8.377863483166756,False
5.951242575349951,1.0,1.0,1.0,64.68179835531797,430.14474953154524,0.24260494427668627,18.6704630135275,29.709204942602874,0.0,0.0,0.0,6.368629415391132,0,0,0,1.8986945942059936,0.0,1.0,33.24268156842588,5.980634151615185,False
9.448822089108738,1.0,1.0,7.089866521823147,92.28709502501587,376.0862309667508,0.1940517485022668,6.429400979073502,16.627074600217256,9674.259358367784,0.0,0.0,0.0,0,0,0,1.0,0.0,55.69024320144421,8.512576804801586,2.6739606737073762,False
0.0,1.0,1.0,1.0,114.38183585565187,199.85566408515294,0.32888499490483536,22.313131871013773,41.76523431853512,0.0,0.0,0.0,0.0,0,0,0,1.0,0.0,25.5754437633661,42.75799928614886,9.419332350101241,False
18.4644274154821,1.0,1.0,1.0,80.58482986927976,438.9436458371287,0.67,270.66,22.040375357786942,0.0,0.18874368505456443,0.0,0.0,0,2,0,16.318082751454874,0.0,80.22846497969235,37.73661958553825,6.626536142915019,False
17.464205478721322,1.0,1.0,1.0,89.77830591676462,951.5143150860712,0.32888499490483536,15.100561156621705,17.661015991046654,0.0,0.08473751491508887,0.0,0.0,0,0,0,1.974966083471391,0.0,90.86772473442542,51.67414621816283,11.021217428820826,False
114.07195641042394,1.4292250560489483,1.0,2.7912587630752723,263.9308758349233,951.5143150860712,0.1698696622318417,59.824187890235585,66.83112656035236,19963.429650359867,8.65,150.66563587622812,18.276620835960784,0,2,1,18.948148810514013,6.971444972412789,90.86772473442542,149.753761814908,9.952891184029767,False
26.60918507983842,4.7663853204723345,1.0,1.0,133.0141070801787,732.9564776129296,0.16420710393728027,25.086663842087766,21.63077328477389,6736.671779458091,0.2287118493847383,585.5346038426376,11.977983801033801,0,4,0,7.588837444368849,0.0,111.61911706810923,119.9826869276907,8.28911165629574,False
17.7198558792393,1.0,1.0,1.0,106.9984731479021,947.9232859121851,0.32888499490483536,72.99662127321629,24.934171889329885,0.0,0.06009025940769277,0.0,0.0,0,0,0,12.41994154670113,0.0,55.50748593573435,36.00913402665149,8.648248099319868,False
22.14182900250602,1.0,1.0,1.3064611474904468,130.23245222032318,951.5143150860712,0.32888499490483536,10.23674784446457,19.399250662812154,0.0,0.0,0.0,0.0,0,0,0,2.0617039146130978,0.0,90.86772473442542,45.82027583479899,9.626611912492255,False
221.91487587925997,3.33276786446574,1.0,5.2624067115751245,304.6882632355104,2145.4708899531142,0.11245812432817932,43.52322753772073,12.257569451376018,594214.8389615634,0.11610233659389332,0.0,10.751172565058376,0,0,10,15.721540460499446,7.786371814419677,80.16707597685095,126.1188117807422,21.80192077384583,False
8.272866511724011,1.0,1.0,1.0,105.97436828352184,821.244411985023,0.29117047186753886,18.68560789136865,11.250702458130462,0.0,0.0,0.0,0.0,0,0,0,1.0,0.0,83.18209211892301,47.786852443735796,6.993234809984725,False
0.0,1.0,1.0,1.0,156.0003041637896,649.6639774664566,0.32888499490483536,17.995793103927934,50.21395140096646,0.0,0.0,0.0,0.0,0,1,0,1.0,0.0,80.12630344406847,57.91822101121117,11.021217428820826,False
22.693022093998138,1.0,1.0,1.0,156.0003041637896,599.8074631947353,0.26268072423403244,14.121862466243014,19.446238009344118,0.0,0.0,0.0,0.0,0,2,0,1.0,0.0,31.273652484941792,26.948496784659042,6.61354723607157,False
23.629470743709092,1.884202885786362,1.0,5.736286950071058,70.76809870734027,2064.1532148167553,0.1350873652728143,17.66872985583772,32.52139564638256,4474.187759685599,0.17485494484749126,1103.5843766809353,1.5553269810423815,0,0,0,14.09515884731228,4.6657096735139945,135.9942079186858,55.97250991288384,10.424149499260903,False
14.221470212410653,1.0,1.0,1.2500344409689692,130.76385115292123,503.3084100348673,0.4115397294109783,24.84754899019226,26.722410804702687,0.0,0.01199942830244137,0.0,0.0,7,0,0,1.0,0.0,59.30767382095765,54.55334243218053,9.187269863215219,False
7.445514469763053,1.2982929491739534,1.0,1.4748984550979307,55.32468506979404,714.5374246943192,0.1434533936855167,10.947093166114302,10.117356165855636,0.0,0.0004691494322507789,0.0,0.0,0,0,0,1.0,0.0,30.833831061684283,27.41506955890611,6.809634534510972,False
20.058892761556272,1.0,1.0,2.2073667734117715,55.53920787333243,304.51026242862133,0.10294411090266406,14.30786294562116,7.376151791498598,0.0,0.05432372439376957,0.0,2.0270268551463984,0,0,0,7.7007417298700656,0.0,74.49825158206092,250.11592367796166,20.25020857388286,False
50.648733842650785,1.0,1.0075711298155299,4.601804328812703,346.1977297271434,805.2338165768283,0.08487771104791222,48.25016403296554,44.293949336152835,36974.51402775214,0.6561839409975697,1162.2887943013993,44.990268849986165,18,0,11,26.41251569706858,36.03469552298109,195.2355868695515,150.23486690366835,15.725198504659552,False
11.736498618493407,1.0,1.0,1.0,117.69443800629398,599.1641823514767,0.32888499490483536,23.162857077919057,19.541065202821347,0.0,0.0,0.0,0.0,0,1,0,1.0,0.0,87.82428149519905,64.81283506437475,10.140685992033724,False
0.0,1.0,1.0,1.117263362826431,1.0,302.64733648915177,0.32888499490483536,16.536831887737836,12.162418246586823,14903.390643765892,0.0,0.0,0.0,0,0,0,1.0,0.0,38.83039141856412,39.4857034053,4.780828525536451,False
23.122179305728558,1.0,1.0,1.3064154243076045,156.0003041637896,951.5143150860712,0.32888499490483536,48.25016403296554,31.651517121779797,0.0,0.0,0.0,0.0,0,0,0,1.0,0.0,90.86772473442542,64.81283506437475,10.335416936619541,False
34.47177612180367,1.0,1.0,1.1396529595906872,139.06527463910203,951.5143150860712,0.5578279790339224,5.6336071962556975,0.0,0.0,0.0,0.0,0.0,0,3,0,14.003952062929756,0.0,90.86772473442542,47.89464715657604,9.403136709450706,False
13.303272963322698,1.0,1.0,1.0,150.85477723348222,189.23559724146577,0.32888499490483536,16.930077103597647,25.63238752586712,0.0,0.0,0.0,0.0,0,0,0,1.0,0.0,44.50006736320442,22.53338452629236,6.592648081665264,False
18.976269615285723,1.0,1.0,1.0,156.0003041637896,271.8583172488257,0.28655379563843647,20.320214701995255,21.90682349424956,0.0,0.0,0.0,0.0,0,0,0,1.0,0.0,23.53897063626197,39.921615346790674,7.820421567049377,False
9.912180760983798,8.038780237401898,5.99898542114176,1.0,706.8594603291273,1709.7424429696405,0.07609996439336417,47.29139242902265,40.42355842041579,19658.8956319586,0.5036283411475582,0.0,45.55067667463993,7,4,39,5.879076291523796,17.047049288944724,150.84291497671202,33.50031030659555,9.801432075628606,False
9.90046617578914,1.0,1.0,1.0,108.71748539443419,388.1547071827217,0.32888499490483536,7.814356912292841,31.756494615942017,0.0,0.0,0.0,0.0,0,0,0,1.0,0.0,53.095682853738374,42.66252133082041,10.24986499968455,False
56.53820581606462,4.619597685885414,1.0,1.0,631.0505937795297,1962.8680921973225,0.034221423768044046,27.492337776578353,56.69963686026708,0.0,0.4038890566931025,0.0,9.27209641553741,9,2,32,4.5579518071438425,21.07060470781908,38.88352364737896,121.27548530091622,21.873971224855477,False
16.58824367493172,2.3057700841924467,1.0,2.3931157025175693,105.69482317294037,951.5143150860712,0.2865715632704715,12.122036674259189,30.935901706761538,0.0,0.04852575706358571,0.0,0.0,0,0,0,3.1033501972579725,0.0,63.331348723460735,39.52826845121139,8.907285577254031,False
20.58988129493853,1.0,1.0,1.826613632357963,108.53899513916602,637.470742458779,0.3103700425235353,15.324887482167277,18.185801058631103,0.0,0.001972828863582965,0.0,0.0,0,0,0,9.934041156416344,0.0,81.05332342770697,44.53451953963278,6.9862880273812165,False
24.468271031207408,3.6390452541997305,1.0,24.62677105018618,375.88538404863186,3475.886038997014,0.08143725949146521,19.96481139981334,26.584850179909793,28427.52743716176,0.6578218475615196,4001.865398549765,34.43211555821499,0,4,9,23.250813809234366,17.29230946524063,212.46048162034884,97.65676179707786,9.034690560540211,False
14.834939223057832,1.0,1.0,1.0,156.0003041637896,293.9223171787475,0.2597711027018055,22.162471944222506,17.544456356624785,0.0,0.0037757565685693495,0.0,0.0,0,0,0,6.548470214028044,0.0,37.552311860353996,25.89591219822115,6.285810473474797,False
77.74134550712616,1.0,1.0,7.664641062903182,365.38161959591014,2605.7294385899877,0.1394802230048381,37.6380740427984,20.068368564364974,4074.299084544149,0.45906201437501204,622.249356439911,0.0,0,3,8,20.86665224845805,0.0,457.6080682185151,132.81286780690056,29.07514462412389,False
0.0,1.0,1.0,1.0,156.0003041637896,693.6827473215559,0.32888499490483536,18.947943449166043,34.774186154600784,0.0,0.0,0.0,0.0,0,0,0,1.0,0.0,60.461666472100326,40.8517256411362,11.021217428820826,False
14.483311424605748,1.0,1.0,1.4686679384924213,1421.432145332241,559.109829722306,0.25291781535612184,10.389181614133875,46.30281554913502,0.0,0.0,0.0,0.0,0,0,1,14.493803855217937,0.0,194.66786690552135,114.5918466717344,11.021217428820826,False
8.726050176378788,3.698722616822683,1.0,1.097944559141415,87.68956486387756,803.277976541291,0.13159814796958558,29.1912409370874,25.352766358533124,0.0,0.15363294516888804,1402.2289623182974,66.26598638628522,0,0,4,3.1045701489298,0.0,80.39820045917529,113.6227270565825,80.50369567288516,True
77.74134550712616,1.0,1.0,4.281178863867553,634.6031956725274,1923.0947751147266,0.12577187174661614,20.929361055439742,88.31440077613603,14127.880442385474,1.6704384553346272,184.6504676017983,1.9907499932865171,1,6,2,26.386046284552855,0.0,90.86772473442542,92.36153265902794,22.66944575718078,False
0.0,7.380425124534704,1.0,2.1413239843821787,771.0198930176807,714.5664807301704,0.18496668460286234,73.0509233485735,39.06822944669583,7087.3006498710665,0.0,0.0,24.55738869549439,13,0,1,1.3035818126819176,16.230559754353393,17.965810189448757,128.85211550340387,21.270414717706192,False
10.850746157011304,1.0,1.0,1.1478769362728867,92.3299515987811,601.8666185775643,0.32888499490483536,5.051452543588881,43.18744747400308,0.0,0.048943505664094666,0.0,0.0,0,0,0,2.1820660181786424,0.0,67.7898559449551,47.646107798224335,11.021217428820826,False
18.400638274881246,1.9261379743357787,1.0,1.0,205.61824960840505,764.5897748485427,0.1698696622318417,14.904751012197277,21.825602516899814,0.0,0.0,0.0,0.0,0,0,0,10.09667358540224,0.0,55.379570110141636,63.0075528736396,11.021217428820826,False
11.795088190695276,1.0,1.0,2.1810401174274947,117.37037089276754,2238.395330776593,0.1698696622318417,14.039203695651697,15.65275078159682,2888.0200189843567,0.11505441750580629,2740.204065978784,0.0,0,0,10,15.408738923455825,0.0,79.02369714082754,88.73953505692951,18.451657933196103,False
12.71301176785858,1.0,1.0,1.0,91.49674302567742,772.8545528480364,0.15931496341110213,69.46081589119851,55.42406128629704,11553.34527928719,0.09141331592908686,0.0,0.0,0,0,0,9.739570693375406,2.657732249883254,123.6048011450165,37.633218395631474,3.6964800181617328,True
6.943046078344541,1.0,1.0,2.135730875978556,67.91101613651995,681.8314829649267,0.26630719855017937,14.609904034970773,0.0,0.0,0.0,0.0,0.0,2,0,0,21.442289965293178,0.0,194.25994431456087,103.7323876615553,7.132422417900605,False
16.90179917058586,2.2809955745189345,1.0,4.14190554231734,38.024377880510464,259.4448793192923,0.10464693569543304,0.0,5.847400073032926,0.0,0.03180220862241579,217.87631778858452,6.56875706546866,0,0,0,3.332979321089609,0.0,60.21452551866898,17.16886733358563,4.450990948000692,True
47.45666210522497,6.963873212436105,1.0,5.062657229561766,807.1416531394216,4308.021785041174,0.09361373653373234,38.171047742659695,78.30797494407886,23656.892186088186,0.20098152945553308,575.4371163698972,34.79523628512926,7,1,11,13.683564592485,21.98260023818618,171.87011114471977,146.65393253899896,15.417854887724456,False
33.44797123520859,2.776946372543569,1.0,8.175963545594138,746.4289251390545,2367.9090043833003,0.14235558584270103,48.25016403296554,66.41796198021865,18254.61559692118,0.16213726625074557,31653.794621203248,19.016764346824854,5,6,23,21.659450745636057,87.15644670780014,397.2926984960627,112.49954709534333,29.07514462412389,False
0.378487926548031,1.0,1.0,1.0,85.44527201991201,530.6503646628413,0.2725709514475749,12.649606148766173,18.55379027788423,0.0,0.0,0.0,0.0,0,0,0,1.0,0.0,48.25196137103481,50.62861286370071,6.593189507909192,False
9.523315051941406,1.0,1.0,1.0,92.45042705198702,665.246513597257,0.6317735702807192,17.622242346886434,24.266496145057182,0.0,0.0,0.0,0.0,0,0,0,1.0,0.0,51.18212199656898,60.2386325959222,19.979250418081378,False
14.621368903038116,1.0,1.0,2.008129470062894,156.0003041637896,951.5143150860712,0.32888499490483536,21.99584823647955,40.5464780604954,0.0,0.07990509596501377,0.0,0.0,0,0,0,1.0,0.0,90.86772473442542,64.81283506437475,11.021217428820826,False
8.923452450550203,1.0,1.0,1.0080543411271452,156.0003041637896,501.3181390466301,0.2502231478142187,21.551082960311557,25.61476694848934,0.0,0.0,0.0,0.0,0,0,0,1.0,0.0,38.66733490124403,45.20800341476938,6.627521406871081,False
28.45909970012213,1.0,1.0,2.0417355312195204,135.93857954910058,840.5874108609972,0.67,8.220975041333908,16.45294387822079,0.0,0.0,0.0,0.0,0,2,0,24.577523309874834,0.0,90.86772473442542,27.259748842564175,7.131279237956731,False
0.0,1.0,1.0,1.402008366065874,74.9940829095228,686.5920400710188,0.24873074034606435,21.87218206084573,22.10005709322671,0.0,0.0,0.0,0.0,0,2,0,1.0,0.0,32.768594084084704,49.532367829277675,6.210186965635508,True
26.804518481220697,1.0,1.0,2.4758100542121984,101.9279610997163,951.5143150860712,0.32888499490483536,17.32355736504226,11.713175033326493,0.0,0.06355196113318293,0.0,0.0,0,3,0,21.491445076599597,0.0,90.86772473442542,46.15823157616077,10.614668674900507,False
2.8297750842535914,1.0,1.0,1.0,100.13178867245824,699.8332264398404,0.32888499490483536,16.987236111406176,37.17307124499399,0.0,0.0,0.0,0.0,0,0,0,1.0,0.0,59.062728969771705,54.69938313448908,10.293177071385148,False
0.0,1.046568539056375,1.0,1.400125560577212,103.67258284833858,537.6329888574177,0.32888499490483536,18.79676728070221,34.89120131571853,0.0,0.0,0.0,0.0,0,0,0,1.0,0.0,50.62787916448458,43.2926865591628,6.818005856201969,False
16.477986983585126,1.0,1.0,1.0,119.03097315065236,920.2716101342545,0.32888499490483536,24.347189530246098,30.498930372370594,0.0,0.0,0.0,0.0,0,0,0,1.0,0.0,65.48117392006498,56.52380619191611,11.021217428820826,False
106.81675872763073,5.777480391183076,1.0,1.6509470144295455,32.51278952828389,1355.007357468311,0.13173393118166338,30.639483820180498,38.146203355150114,901.3218419913792,0.2163805808016323,0.0,0.3167944537936904,4,5,0,17.132896265679452,0.0,90.86772473442542,37.65212394821367,36.86690223464184,False
67.88311369232775,17.00757795624037,1.0,2.021293338665653,290.4047694697862,1669.8716002133574,0.38201245752382096,72.99698326318612,45.462218654035254,35389.567217354874,0.8702006844688284,1941.363477989903,64.56846063283473,2,0,6,18.57710229542525,0.0,186.14229146756446,73.07649510124358,17.21801605877623,False
43.83941540656122,25.2115504195752,1.0,4.273113628576234,79.97136973661111,1110.85051761166,0.09268429643489237,40.760537937398965,27.95028149232416,22216.977986470167,1.1764007354099482,7681.3779495519775,19.078158892346543,7,4,24,29.406177616907936,34.92839566728604,188.52397972106903,133.4999013488976,16.688052919545125,True
36.54135416065575,1.0,1.0,1.5465902849376247,107.88049432115957,945.0063477743719,0.32888499490483536,9.561308938693706,44.328682125543004,0.0,0.04372717395280834,0.0,0.0,0,0,0,20.446367666114664,0.0,90.86772473442542,54.38105080267694,7.728807481214675,False
50.75792803538457,1.0,1.0,1.8321100205339076,104.35506302377203,603.8950087459624,0.1698696622318417,19.04796554154279,19.106232189427146,10528.54313294568,0.1542988948742182,0.0,0.0,6,0,2,9.131832197462714,0.0,198.00021652514778,41.44953071141132,2.873302819001114,False
86.98858064415421,7.321235941876439,1.0,6.523359209939075,2785.0,1682.1070986030495,0.14549056457718967,48.25016403296554,33.51231281458623,25703.492835675293,0.8702006844688284,1505.6314446169085,58.54273851947812,3,0,24,21.96815774629556,20.7153671132573,214.55944692613184,147.0911201063773,17.77672600118465,False
9.578113049245122,1.0,1.0,1.0,70.6140747358271,425.14510982705156,0.32888499490483536,10.369620240486874,1.0886452636578916,1853.0922648972191,0.0,0.0,0.0,0,0,0,3.669891087875758,0.0,70.06645613481678,48.932906624256105,9.900857485830535,False
21.046148871607368,1.0,1.0,2.827326451345084,112.66122874897312,685.8550692545742,0.32888499490483536,10.24424730119443,25.137967207497084,0.0,0.0,0.0,0.0,0,0,0,23.13330154956725,0.0,52.89833923174179,32.80518349068973,6.639019110253374,False
85.74157945125413,1.0,1.814700556846188,1.2809427667615716,884.9864289048479,480.06711215696043,0.16554612288819873,12.161584972121116,10.828971922353869,30751.183445903785,0.28101834355950583,1120.6775707988913,9.796305444141726,0,0,0,25.81329866631886,3.2349863245084975,63.50015116506946,175.50962785327835,7.625175557797052,False
18.209532436670685,1.0,1.0,1.0,365.38161959591014,911.0404715615955,0.32888499490483536,5.2017079826871155,33.686726825571036,0.0,0.0,0.0,0.0,0,2,0,12.124670155289634,0.0,387.6543878282977,36.49673464845709,9.962600355774812,False
19.704057789730875,1.0,1.0,17.487506606846594,613.530031849137,487.1544235395304,0.67,32.05366206647125,0.0,0.0,0.0,506.4760911051099,0.0,1,5,0,16.295065362395036,0.0,41.49875139515866,25.65952874976197,2.6644243572334987,False
49.08635289511991,1.0,1.0,7.689959835997983,816.7542661149904,2218.7025130643233,0.13889178848652017,47.8733061012848,85.35786332556823,0.0,0.14850107353030512,0.0,2.49147328516273,0,0,0,23.32200337891563,11.294672895420995,214.55944692613184,150.23486690366835,29.07514462412389,False
17.202625057440663,1.0,1.0,1.0,109.82238474474198,801.6456660194972,0.32888499490483536,15.029265069164413,20.07861662530916,0.0,0.0,0.0,0.0,0,1,0,2.8621166026152345,0.0,79.4366947438019,47.45599484823873,7.769851443350354,False
18.047799265130493,1.0,1.0,1.7241238392648806,92.2486984141388,626.7766819572302,0.1698696622318417,22.476244481123743,40.577711818451846,0.0,0.10204099865805583,0.0,0.0,0,0,0,1.1512964825316292,0.0,60.35339333468033,60.48844682058953,8.848453633800986,False
26.033298711051998,1.922434274058756,1.0,123.0,447.6915294784036,596.5927681570221,0.28861191148818643,29.96140380383521,0.0,28073.15473465609,0.171872296632018,748.5969975318261,15.748482770385015,0,17,1,23.872409110679875,0.5730896744537048,179.78277055440495,169.07858237453522,5.73373263140892,False
24.26131877606506,1.0,1.0,3.5707081143640735,103.3262229772748,930.3422702381274,0.5578279790339224,24.037850221824847,23.663640353541343,0.0,0.0,0.0,0.0,0,0,0,9.462664138152999,0.0,90.86772473442542,64.81283506437475,8.621238128486308,False
15.49656022424767,2.7495920907771927,1.0,1.0,60.58780470830767,137.8540444874308,0.21736630671135146,36.620834270066894,16.216839987374094,0.0,0.11878789937674435,0.0,0.0,0,0,0,3.4240115814745593,0.0,43.81738514497344,189.36792257276608,6.576725435427048,False
22.008269969178347,1.0,1.0,1.0,156.0003041637896,846.5701655865736,0.32888499490483536,20.042602254452916,53.53508780935005,0.0,0.04817041622369019,0.0,0.0,0,0,0,5.18766300594814,0.0,90.86772473442542,64.81283506437475,236.0,False
22.483518209817554,1.0,1.0,1.0,133.3206801304145,937.969029865252,0.32888499490483536,20.30513958654229,10.785129412444899,0.0,0.04613529396906448,0.0,0.0,0,1,0,6.0897049119882976,0.0,90.86772473442542,64.81283506437475,11.021217428820826,False
7.520931397366673,1.3477459245689982,1.0,1.0,228.68402331107202,352.8565712456188,0.14270891450916512,9.095596432205738,208.74122826566204,10682.476943833446,0.05557429867214021,0.0,11.612720639595768,10,0,12,6.65142691409655,4.289845806722511,44.38542593671287,52.23534654041801,7.178658596881145,False
69.60374433864335,5.228569945019532,1.0,1.2058986988348348,118.62902605226296,12146.168359969755,0.27535459212475827,56.448859077011335,69.05533848417397,0.0,0.12895315049060907,0.0,6.363339511976621,0,2,0,12.06750661779401,0.0,135.07877363716966,117.89706607996882,26.73331265590539,True
13.896494611272233,1.0,1.0,2.687911226420598,141.4975139887631,689.2594831146105,0.32888499490483536,10.514540064314927,30.97760999929693,588.1362187272862,0.04568232760948694,0.0,0.0,0,2,0,1.1873032283207685,0.0,90.86772473442542,48.81511850840448,8.967229776492825,False
8.058304155748608,1.0,1.0,1.0,122.87328057709954,951.5143150860712,0.32888499490483536,7.916664796150146,25.342563179607673,0.0,0.0,0.0,0.0,0,4,0,2.1792386791274154,0.0,68.2779855060097,44.230955402196315,8.543690985925497,False
11.480673531660019,1.0,1.0,1.0,43.652615962239295,372.98310480973277,0.07656596690347231,6.248872688256256,15.84559740213371,4284.014341879792,0.05408068737885235,4769.705200198386,0.0,0,0,1,9.59415499007881,0.0,53.522602685604284,14.855908262150507,8.987209317409912,True
24.104374962290954,1.0,1.0,7.1379293091279665,136.16049093039828,951.5143150860712,0.12225017021567734,10.247456907684683,20.71542102102956,0.0,0.1355484516164413,0.0,0.0,0,0,0,13.759350034988053,0.0,90.86772473442542,31.38116675213172,29.07514462412389,False
77.74134550712616,5.599316195531731,1.0,8.137039048640649,657.8183916507278,2240.4521593398385,0.09219492663129586,47.6479516119491,44.692807973848765,516024.8549193389,1.757504368158183,871.8466356392217,53.77967093915558,5,0,13,25.072563474434414,17.02488677440745,214.55944692613184,128.92383641251428,16.870373159152898,True
9.012783049045694,1.0,1.0,2.274338282413587,92.43038544660365,640.1865372648167,0.26005074657893074,11.46898720202558,22.819722207636453,0.0,0.0,0.0,0.0,0,0,0,6.525982051739659,0.0,68.03912781021268,30.28163625615234,6.080082948954368,False
70.81234848366783,13.43728654933988,5.419016607038818,3.960666260507932,780.5626229663587,2167.1921153631192,0.07944739993584943,43.46887529578028,76.99903074863312,100274.81601970264,1.4648895482113278,9497.258707005007,51.4853013432308,7,0,8,9.673214009179656,22.260757477485793,52.775610118873374,147.42368411729518,29.07514462412389,True
19.91796420503242,1.0,1.0,1.0,116.32887781864622,469.1002802476405,0.32888499490483536,16.3440365517505,25.133672978486292,0.0,0.0,0.0,0.0,0,0,0,1.0,0.0,66.34000879966482,27.038642939275007,8.639097083281344,False
18.801125924929465,1.7744318833815276,1.0,7.023389867386767,463.53875725422125,935.1642678163136,0.074396025507651,39.666743739715315,30.866668871381137,845.4843718428447,0.1764579793177279,1434.2199499156072,19.481430693085457,0,0,24,14.832049516532052,24.632086574550506,110.21726706809525,67.98114422179225,9.375817497035875,False
25.75344169353161,11.245693018138066,3.7952755238589604,6.551813079545671,995.3948425386726,3950.7525188385084,0.015110352214016784,77.63912809116444,63.013947080042286,22725.826191093398,1.2801080437709604,1237.1805823192194,45.40894397540461,3,1,10,13.672791809410342,34.417301596892216,73.50497966705832,143.35633835773942,236.0,False
59.99738298725704,1.0,1.0,5.367418337022055,156.0003041637896,685.7679911037877,0.11685392670457645,76.39178828045962,53.43137997341041,2825.3209978015707,0.5469234345499884,617.5222445194049,4.488904524641359,0,0,1,11.628882071250516,31.54741500431083,212.16792395534338,150.23486690366835,21.79728980628559,False
7.366638297324741,1.5056101996067324,1.0,1.0,105.28716703977801,568.3836527810685,0.296228074954062,18.6709212987545,26.91838736567532,0.0,0.0,0.0,2.118144387095618,0,0,0,1.0,0.0,44.26323668200312,60.91105606823554,10.082268736471626,False
4.776772673866099,1.0,1.0,1.4090611783664462,124.33584495756415,951.5143150860712,0.32888499490483536,24.84754899019226,41.15343565581528,0.0,0.0,0.0,0.0,0,0,0,5.259254956729048,0.0,36.46584935325751,38.145104029285605,77.23187862046133,False
8.554006647926398,1.0,1.0,1.0,50.8472792809223,652.958284243267,0.13495647547218909,44.058175337883384,20.774564172244524,0.0,5.560073355437886,0.0,0.0,0,0,6,3.011749520112115,0.0,98.97136435500315,204.0061858273778,25.447138451052286,False
22.42371465194558,1.0,1.0,1.4748191412821272,132.38978990177682,951.5143150860712,0.32888499490483536,6.02475980878684,27.52567203225815,0.0,0.04728554294447887,0.0,0.0,0,7,0,11.708914062441654,0.0,90.86772473442542,18.200852254784778,9.269122561103448,False
18.15402677648288,1.0,1.0,2.0084145797869204,52.39161023574455,676.1639817304984,0.32888499490483536,1.9325003985636524,16.167838882679753,0.0,0.0,0.0,0.0,0,0,0,1.6390197760662906,0.0,90.86772473442542,51.32554176867416,11.021217428820826,False
28.490270952156827,1.0,1.0,1.7522986766180169,111.038387980668,951.5143150860712,0.4147382566997998,10.967519056741036,11.80998864304664,9338.268225232829,0.06133863128086621,0.0,0.17452473700608095,0,0,0,18.68089230165888,0.0,199.75503385716974,30.22360303085552,8.842979043905686,False
98.39061013164019,3.060585318909419,1.0,1.0,668.2887190147748,1601.2641571831819,0.3860470458630493,36.44475108294416,93.16237842284609,0.0,1.4082575853940125,369.80761367152616,3.385607956438329,0,17,2,16.718690189907885,11.311612365028278,82.57167755473051,100.71170930645599,67.12612478160635,False
9.047840006437779,1.2227672227008157,1.0,1.9414475620117964,133.37940767971043,925.2296673230446,0.2856832798324349,15.240245849850247,23.837640717777937,213499.49819712248,0.0,0.0,1.5833610591605076,0,0,0,8.713913972788855,0.0,72.46318189518175,44.44494230900345,8.480064277102535,False
115.68443729580689,1.0,1.0,3.092080015632605,318.7087074422344,951.5143150860712,0.13985173538765158,31.405779029647217,23.24512017181739,0.0,1.2891190241733146,0.0,0.0,0,2,4,29.856384292836474,32.364599251647476,214.55944692613184,138.78083540472505,19.13428117298652,False
11.474802763544314,2.3572648880888667,1.0,1.8666421476829989,108.51701288537404,2111.8079536928244,0.67,12.085826238355022,6.132992096514318,0.0,0.0,0.0,0.0,0,0,0,1.0,0.0,84.67619948442075,29.625129251496624,7.148993204075958,False
23.034062098395005,1.0,1.0,1.4570614235375507,148.8264609151357,851.2785927459913,0.6317735702807192,38.956781844850624,34.41928391294807,0.0,0.11324614298649173,728.4403161768084,0.0,0,0,9,17.809208327824994,0.0,76.95087405245314,39.11539346319017,11.021217428820826,False
9.550935504884212,1.0,1.0,1.0,124.6860226133154,540.0255465092057,0.32888499490483536,19.207111794539852,29.76633717302446,0.0,0.0,0.0,0.0,0,0,0,1.0,0.0,64.95179919568898,64.81283506437475,11.021217428820826,False
24.77211701953338,1.0,1.0,1.0,34.68169567953506,951.5143150860712,0.32888499490483536,0.0,17.81392025882261,0.0,0.17406732405440417,0.0,0.0,0,0,0,7.883718365279171,0.0,85.43139789516324,36.446302962500084,6.383290010285387,False
18.40818615052651,1.0,1.0,1.0,156.0003041637896,647.8098785347825,0.32888499490483536,14.878944831540231,28.4415778409002,0.0,0.0,0.0,0.0,0,0,0,3.9872970685680884,0.0,90.86772473442542,63.31430119820547,11.021217428820826,False
33.01316857395648,1.0,1.0,1.0,156.0003041637896,951.5143150860712,0.1698696622318417,13.717725731686304,30.419229193034518,0.0,0.0,0.0,0.0,0,3,0,3.006720783357819,0.0,90.86772473442542,47.638223286221006,21.32478662985998,False
15.039296251896609,1.0,1.0,1.9628218504458164,63.167760922153974,281.0075501848203,0.1401793288653344,1.2781286607570683,4.574198315072367,1493.8126589547032,0.08682067560232201,0.0,0.0,0,0,0,17.757709392854927,0.0,71.04896946276403,22.79777407712525,8.35592811598649,False
96.14218790473353,1.0,1.0,4.869469302907857,698.3359148118835,746.1692376432711,0.09696689478836656,40.79779509108462,55.85308388286714,0.0,0.07332826706607698,0.0,7.5827590247314145,0,0,0,18.732559918741845,5.111355779258034,214.55944692613184,41.20553380897387,20.067990308668463,False
74.1593878905606,1.0,1.0,8.032231916327005,133.87603019282633,915.5903049401903,0.26298962089760203,11.687810885044644,27.686860385744737,0.0,0.12658691573726488,354.3726135876945,0.0,0,3,0,27.758790098719253,0.0,186.03598085897235,1144.0,29.07514462412389,False
0.0,1.0,1.0,1.0,22.018573155280816,321.8582900752647,0.32888499490483536,7.920906349351778,27.529478233800873,0.0,0.0,0.0,0.0,0,0,0,1.0,0.0,29.206890068348553,15.958758846604272,10.059169911211011,False
15.011242600671917,1.0,1.0,1.0,99.47230694489252,669.9318668458517,0.5578279790339224,8.235690478012407,17.116256877469908,0.0,0.0,0.0,0.0,0,0,0,1.0,0.0,60.71733922163905,40.8971204136827,5.611865086811207,False
64.43813651528767,1.6641859619768713,1.0,6.111006066879475,273.51467290006644,493.96277898657456,0.08676407817536931,14.088428036754847,30.689068987185145,16458.607028520753,0.11885050119016814,239.57145594622327,37.30289217953079,4,4,19,14.168738127909931,9.76347927519534,55.89379009926387,142.58219739355079,63.158369679993484,False
0.3501639722782812,1.4229193593460385,1.0,3.2770265083378725,590.9990193350752,463.66725132728754,0.1108686970021242,36.03259566070136,21.95237100498514,10868.015462928353,0.3938675996304797,566.0558521219257,20.033504446883263,0,1,23,13.820952749559396,40.23509709842625,128.60165988215167,125.38034788706206,44.07734266503313,False
14.011260845209243,1.0,1.0,1.0,21.335457858549994,631.7021298178589,0.2854826086623381,15.897884613958897,19.16948980709435,0.0,0.03780815063909736,0.0,0.0,0,0,0,4.8528318118756815,0.0,70.39471026728619,14.10000394461048,5.165783852352842,False
25.26525123644435,1.0,1.0,1.5935804511466076,125.50457399825663,808.9417445698747,0.5578279790339224,21.393322295670597,18.598766703622815,0.0,0.0,0.0,0.0,0,0,0,10.629314856907367,0.0,90.86772473442542,32.71905703722543,7.520345703467068,False
13.276419425910957,1.0,1.0,2.028767197319558,109.42136210068537,771.7603187300953,0.3154120253092431,5.36640544356554,37.64719870027314,0.0,0.08090158540633173,0.0,0.0,0,0,0,3.7433696317231258,0.0,42.87718447346131,43.72568537154912,7.9157789968776795,False
28.59151489974301,1.0,1.0,1.0217302086955917,649.1034306412007,670.6633952778722,0.11346420399116008,53.95406493872963,49.67789506184471,2846.953873662131,0.13194331212945823,0.0,0.0,0,0,0,6.628296105492052,0.0,362.35171033949416,49.37268784458786,29.07514462412389,True
74.64539760633512,1.0,1.0,2.0340263821895155,29.386976992251924,7183.751491926361,0.6317735702807192,32.10324223081365,15.063973434690054,0.0,0.32987666591118486,0.0,0.0,0,17,0,26.32150625938566,0.0,457.6080682185151,26.47851046649214,6.221585813102477,True
20.298349552374916,1.0,1.0,1.2295906057905248,115.3082378937882,450.3315653743739,0.5578279790339224,9.886839292462,23.389673288797244,0.0,0.0,0.0,0.0,0,0,0,18.119226038202,0.0,48.78367072729692,32.84755939171551,8.053511141547943,False
3.100773307523472,1.7469271477376402,1.0,1.0209982020001838,67.5605667899915,159.9527283734607,0.20707171710375155,11.465103046904957,31.5721141241314,0.0,0.08010002483903246,0.0,0.0,0,0,0,9.7460343632202,3.039207133393673,37.25606927949235,297.9461559418395,6.904431273865693,False
8.260754795076057,1.0,1.0,1.0,102.83654445701,235.95436465091294,0.2728208394492273,9.688853098159962,23.702826482978015,0.0,0.0,0.0,0.0,0,0,0,1.0578379419210355,0.0,46.9225616739424,36.99727754629383,7.89928323980729,False
72.14725361536655,7.330620826720697,1.0,5.18919159478566,365.38161959591014,2344.9570502342235,0.2556663625059432,45.40885496819728,60.029350110963364,95600.87982845279,0.39709766432153654,0.0,16.342438620380122,4,0,4,24.55849930323774,14.563937860266272,214.55944692613184,114.86016119454209,55.24125525514889,False
4.30120419149609,1.0,1.0,1.0,145.0683917434284,811.1142454795538,0.32888499490483536,24.84754899019226,42.73616754568573,0.0,0.0,0.0,0.0,0,0,0,1.0,0.0,84.85120723905314,63.425393287240524,9.718292916177331,False
5.12208441758793,1.0,1.0,1.0,83.58543221104526,695.0019633146179,0.5578279790339224,7.330494747869932,21.896813772301407,0.0,0.0,0.0,0.0,0,3,0,1.0,0.0,63.25131933514119,25.643400797271614,5.412359908468655,False
161.29350683730655,1.0,1.0,1.8560031386039062,333.41829399410824,2605.7294385899877,0.311191415120766,10.065734740920407,23.250310493547037,0.0,0.3942038998709523,0.0,0.0,0,3,0,18.013636753564718,0.0,542.2274775964734,824.8613911339918,8.896821044925225,False
29.3345375440502,1.0,1.0,1.9896512743069135,177.71027375903373,247.69739133838743,0.2378627534701765,9.804378539726375,16.5704843717604,0.0,1.1264189021070663,0.0,0.0,0,0,1,12.660916453185408,0.0,409.1448083324637,52.22382508502366,10.31159012625941,False
17.370753551466258,1.0,1.0,1.0656547185033352,88.43320016334351,429.393250697175,0.3127545863554575,8.971978553609896,15.670110965883156,0.0,0.0938810742143911,0.0,0.0,0,0,0,15.205128705931536,0.0,61.87691787682338,28.379032319786475,6.497306874346143,False
50.67649845645876,10.687195290430477,3.2796860700043924,3.5241811618423493,258.23753968464524,1987.9109799482583,0.06917957367106921,37.44298273205292,57.33833912362821,25427.231853958656,0.8702006844688284,11312.991718795482,67.19316133226113,1,0,33,17.106510952399354,18.752792764114844,173.30921055601644,131.1659370926172,19.56021435891877,False
24.926609874318288,4.8037593427831125,1.0,5.722472621168826,365.38161959591014,2031.360483353413,0.1294422599069476,24.84754899019226,62.65600504528958,15093.248396996274,0.4444409229686408,803.1737782286774,6.270732500175743,0,0,8,15.835131777046389,15.242601684108791,203.81491759668995,109.20963729720275,25.45127063081882,False
6.615653801521025,5.095401936438009,1.0,6.935672893305785,285.89479865857214,296.2328005249325,0.07293212170816842,63.00941032910967,20.248035928323283,296531.232412098,0.0,0.0,2.3506501020359893,0,12,0,1.0,6.921278682505038,279.21189921102433,39.97819498619493,17.83883228621376,False
77.74134550712616,4.057499624169817,1.0,8.427979216059807,782.7019592765084,2079.009853843775,0.11848934350078393,37.13935589242186,45.63733244557079,53821.99528989362,1.4398096622846894,1930.7635373974517,55.13846668028867,2,6,11,15.942961464849636,19.75525671116041,214.55944692613184,150.23486690366835,25.358133648725875,False
14.340118188317296,1.0,1.0,2.2610844229352747,112.89536268679333,1198.5535717597563,0.4042132685446208,18.45292242181728,20.703613954790967,0.0,0.0,0.0,0.0,0,0,0,9.468497857914452,0.0,70.42605871009906,36.14191969366924,5.413311460022825,False
25.778627267310103,1.0,1.0,1.5003288410520044,76.71920996276779,785.2819902994873,0.5263463872716823,11.06768872340048,0.0,0.0,0.0,0.0,0.0,0,2,0,12.97512477046042,0.0,84.32788707485649,118.3115199411684,8.425681356792477,False
10.317390589375615,1.0,1.0,1.3284984147989856,90.24193740693434,3077.1745942021903,0.3217165652293489,8.157025067510908,20.195117964695203,0.0,0.0,0.0,0.0,0,3,0,3.6175722555901215,0.0,90.86772473442542,40.99786166055247,9.227763780898968,False
58.98937390955784,9.398475783037519,1.0,2.6432385803046117,616.5427660296409,951.5143150860712,0.1218608968270206,63.416019149635595,79.00087813346833,0.0,0.11436053364016255,0.0,41.904339590281836,2,1,9,3.7207690439488434,0.0,358.9585306831055,355.0730502984918,24.542362886865966,False
54.91570240297048,11.008132095708797,1.0,6.103717522352996,365.38161959591014,1974.4458054441425,0.047209527819236895,48.25016403296554,87.36505551407744,259408.51448647445,0.8096664653634729,11559.887087303665,75.73230279823755,13,0,30,25.576985107659358,63.45565632479435,129.9964149560022,150.23486690366835,27.497744852785004,False
19.63390899713444,1.0,1.0,6.022342076122482,103.69561658072286,692.8095369809727,0.0992898932103391,27.856915564378866,58.25909431230033,0.0,0.03178923157622393,16.56878017966767,0.0,0,0,0,6.551729107066197,3.6736093451772467,60.2417180722605,201.9325840284352,9.060443807295538,False
17.02845794582784,1.0,1.0,1.0,156.0003041637896,786.0092008066754,0.32888499490483536,6.051414273252523,22.98938346084352,0.0,0.0,0.0,0.0,0,0,0,5.515313794702232,0.0,75.51041840192292,46.269585787242036,11.021217428820826,False
5.197772440914158,1.0,1.0,1.291996444979102,128.32419499788767,582.9213635483902,0.32888499490483536,18.72139277670489,35.74084372461042,0.0,0.0007537853408840639,0.0,0.0,0,0,0,6.38278378109301,0.0,71.83311649401412,50.18996949134224,11.021217428820826,False
67.35779910888526,5.014553396625238,1.0,15.43441638620956,338.764154639141,951.5143150860712,0.07927037020879002,35.34633853582132,49.73723812057898,8992.67733439772,1.099188721653862,3495.0048450998074,75.5313889602771,2,3,15,17.763481751938723,0.0,197.30235438504576,283.5153153985716,28.081060551265658,False
36.54135416065575,1.0,1.0,2.7849460944482027,614.6158066347728,748.8036215748649,0.15276268268123477,9.41452780068551,22.943953936038056,0.0,0.24978856191262555,0.0,0.0,0,3,0,34.85134994418417,0.0,90.86772473442542,93.69518722317815,22.274615315438123,False
21.6271371269048,11.563557967835862,1.0,4.540855719296906,805.1160416890325,768.746542132239,0.67,21.2292722834179,45.514352241964765,0.0,0.05485098660360495,0.0,0.0,11,3,2,9.873357051546078,8.65905419793254,457.6080682185151,64.81283506437475,68.44917084663572,False
30.188381266120643,1.0,1.0,1.0,101.57112172724607,951.5143150860712,0.32888499490483536,10.651149041175156,7.495712330552349,0.0,0.060938510399970225,0.0,0.0,0,0,18,13.297394583918368,0.0,56.40331434100608,48.35171949597816,6.277171480382308,False
136.24549943523533,4.402723944840854,1.0,2.0354751354808847,203.49020357037284,692.6769407059114,0.09889738501162257,29.5386284336809,61.84844200036855,17997.42585564886,0.18740787826026467,5936.124825696332,22.39670369475823,0,0,10,30.398213928344802,5.8099415011279945,159.6451967307416,144.7285301919655,29.07514462412389,False
25.120497218057018,1.0,1.0,1.4939758137628627,156.0003041637896,893.119059479918,0.28779405733954183,14.94826127707434,33.299033884208555,0.0,0.0,0.0,0.0,0,0,0,14.543751343602157,0.0,81.31050778008995,51.482847761650106,78.94565098024921,False
67.61904794442675,1.0,1.0,1.4923639831986275,156.0003041637896,951.5143150860712,0.1698696622318417,26.443295870834984,42.294893728119625,0.0,0.33371407538628395,0.0,0.0,0,0,0,18.882644685743116,0.0,84.68612472573764,46.93963824650112,80.50369567288516,False
14.739675234920067,1.0,1.0,1.0791507715395132,68.03464602550278,641.314640105662,0.32888499490483536,4.544251003263062,10.800844825510227,0.0,0.0,0.0,0.0,0,2,0,16.74178083971705,0.0,73.06903313003315,38.86296993269931,11.021217428820826,False
118.71101825742406,2.7064615718969094,1.9119199473127901,1.0,1526.3674045653092,2197.719809107734,0.09499661962543834,73.89904707190695,68.32418887407542,0.0,2.31942622661293,460.6919824229939,8.940800799132298,1,0,0,20.764619941240152,0.0,208.9650284172348,133.03016607103385,17.65692991993538,False
22.348512539958413,1.0,1.0,3.5269528818266815,45.40889439195044,562.6186833892258,0.24109121074190426,10.076667848733344,7.249740296022054,0.0,0.05626445973823762,0.0,0.0,0,0,0,12.263005871033698,0.0,42.903771978475014,22.140462089708336,139.9905152063468,False
602.0,9.674750163182628,1.0,4.68761776765677,767.1534034209722,2074.246937834064,0.09167976903727737,46.783887242227536,44.942087575169666,29124.347907710508,1.0425845970801293,1098.194167452923,53.02017456737296,3,4,8,11.902025919719037,11.019174518309331,174.7706143005389,70.0346299731338,4.98946266744411,False
68.58627481436515,6.446736025625268,1.0,6.157445894034965,210.53261655308597,927.3582243518775,0.1031163188641194,34.11952238003721,58.04337377438007,160183.25130853482,2.395090095488128,1895.3771688469324,39.104028914564694,0,2,31,15.42491525218099,10.818750044625984,214.55944692613184,100.77530216136665,28.14016357956799,False
12.1299916818273,1.6963765365013224,1.0,1.0,100.16012213922383,614.3685852107576,0.1698696622318417,23.993162582488726,45.05600250395713,0.0,0.07218562948169177,0.0,0.0,5,1,0,1.0,0.0,70.17648941355407,64.81283506437475,29.07514462412389,False
13.851549794102894,1.0,1.0,2.054978287387401,156.0003041637896,424.22345776725496,0.11324962467490166,21.10967808471905,102.9896303214725,0.0,0.0,0.0,0.9745511391764481,4,0,4,1.0,9.037509888801065,51.98076574727947,91.26280784776091,69.57309127767596,False
55.7787709339042,1.0,1.0,2.4373563376239114,42.377881648565705,5276.528001707774,0.6317735702807192,23.794062131535537,5.712019396203468,10720.062665048654,0.2231163610901024,0.0,0.0,0,4,18,15.771513537102486,0.0,958.4193467623655,513.7083832208542,22.98474060575623,False
36.54135416065575,1.0,1.0,1.1476124113378616,239.94088767902673,544.7699338863682,0.2234320373392065,57.648026277548546,38.86748269980181,5656.423652724534,0.17278927340529282,1866.8348780610054,26.98096937809193,0,17,2,21.493806626180188,0.3977543898979974,214.55944692613184,77.80402195008446,5.98647273406024,False
23.599090583870783,1.0,1.0,2.490301995181717,117.98932482465835,777.6840168379119,0.6317735702807192,13.234535868739915,31.583456377739196,0.0,0.17599020277230332,0.0,0.0,0,0,0,16.478974895659043,0.0,90.86772473442542,359.6887039255473,10.589799568325475,False
46.405086150939226,9.37249093865746,1.8670482595998839,3.4232407583700186,299.96925200731863,615.7022842433615,0.11173873552797256,48.25016403296554,61.97272782956017,17301.17103129157,0.7549838762405041,3750.229365461275,20.904098186093563,4,2,1,20.75840314171283,18.94115081453125,64.91191895676873,203.67277002699393,21.468672889948884,False
9.73704242120101,1.0,1.0,1.2262033267785684,121.92908102883052,3465.0476214132564,0.1500322379011334,9.949292728899998,19.688450014063605,0.0,0.043487516848005545,23157.38066950362,0.0,0,8,2,9.399450373393016,0.0,66.06832365342026,147.1046905258345,5.3969340765741185,False
65.42685698295926,1.0,1.0,2.0630348775140632,151.40216710896715,676.0059726686633,0.10802323197684044,24.67229386091359,36.075655353165764,330895.06038518134,0.2062002312487168,0.0,0.0,0,0,3,19.519261272293257,0.0,78.00328373294198,44.35683057890515,22.165782035685872,False
54.8526340509126,2.72420599723453,1.0,4.7499034912820175,628.5436213952014,2605.7294385899877,0.060790126021638274,35.99202768485662,25.354278385579555,43840.32440873413,0.7904508208194438,2044.941458268126,16.88830708565675,0,6,34,36.316370033677686,0.0,214.55944692613184,109.7167296800675,17.348615883637194,False
21.833748530700007,1.0,1.0,1.5801550933453836,70.96939687408697,514.5636208510921,0.1698696622318417,15.048399818975977,17.10522215597036,0.0,0.020582033679212373,0.0,0.0,0,0,0,1.0,0.0,34.54969412112567,28.990577946869802,7.815536563972138,False
13.547113261001066,1.0,1.0,1.3361599453893138,643.5626213449204,270.8399166857534,0.18213649592006803,36.20615525908441,18.016607971309103,0.0,0.03865037751621825,0.0,0.0,52,0,0,1.6015772692468317,0.0,51.88902245551737,26.406830512165016,50.4466089555961,False
5.8869128286589865,1.0,1.0,2.6236514227243273,45.475829119788905,233.8429218970668,0.20183840710636858,0.0,0.0,0.0,0.04543611980932859,0.0,0.0,0,0,0,15.837663710222962,0.0,60.255061736182014,5.389703894255151,1.0158941465528981,False
77.74134550712616,1.382811724819715,1.0,2.1034141711511936,262.50111435177666,951.5143150860712,0.1698696622318417,17.861136668986244,20.780782653322866,0.0,0.0,206.5201431795349,0.0,0,0,0,14.323213204276769,0.0,115.81524772501876,49.37669414177125,8.264004281617105,False
11.901322439806851,1.0,1.0,2.3041650178950044,47.9345936047439,344.12280363959053,0.67,9.845312694261281,22.55957106638323,0.0,0.0,0.0,0.0,0,0,0,5.711627771517236,0.0,60.27746279396538,35.12091709047397,10.520021486802301,False
32.83908865687432,1.0,1.2052461997096877,4.699891524110941,365.38161959591014,796.3853091140561,0.14528569327340302,80.38383612841025,65.71799335102224,0.0,0.42757029899046084,0.0,0.0,2,0,4,11.234647433813779,0.0,214.55944692613184,150.23486690366835,21.282518634833483,False
10.770165034244437,5.541305600936678,4.1613158114953475,1.582284426111229,90.86446918880029,2407.694216124425,0.32888499490483536,74.29983648100809,76.48040012129728,2224.939725563656,0.14071917903328512,0.0,6.897539549735971,6,5,6,1.0,28.246308811504946,149.3871838165615,150.23486690366835,29.07514462412389,False
22.24196003080992,1.0,1.0,1.4807837710297032,62.90617915893283,951.5143150860712,0.1698696622318417,8.385320604627315,20.48464851429179,0.0,0.04934478426782528,0.0,0.0,0,4,0,6.636236100300794,0.0,73.00966095578447,25.31705140310323,5.607980302815681,False
26.85655142105544,1.0,1.0,1.0,96.32987496052317,936.5901725354425,0.1698696622318417,23.532975525461868,99.66207874106959,0.0,0.0,0.0,0.0,0,0,0,18.05077066592069,0.0,90.86772473442542,150.23486690366835,7.734663807029148,False
32.30548983631502,1.0,1.0,3.5379743587113075,89.02880633065305,813.4658952913934,0.30595840574975375,29.14384194371816,23.198219209291075,0.0,0.22208059385276124,0.0,24.000833008216834,0,0,1,18.576613591268263,0.0,90.86772473442542,87.27868295172917,12.605822178330035,False
19.824241974732303,1.0,1.0,1.1916868773374638,156.0003041637896,884.4245580028341,0.67,14.73958641163489,43.537017525476124,0.0,1.0770759736828066,0.0,0.0,0,1,0,19.596795004830852,0.0,90.86772473442542,64.81283506437475,29.07514462412389,False
17.194990779942287,1.0,1.0,1.0,101.02944088653408,554.6140828500753,0.32888499490483536,10.586622051906806,36.2768650313791,0.0,0.0,0.0,0.0,0,0,0,1.0,0.0,49.862303253892286,46.553773743876995,8.520605848407001,False
1.810080230762976,1.0,1.0,1.0,103.31126234227031,515.07995020644,0.1698696622318417,19.014561163544915,47.53776765873741,0.0,0.0,0.0,0.0,0,0,0,1.0,0.0,19.498251813262414,44.64916516958962,11.021217428820826,False
28.038388141566095,12.428840114663654,1.0,2.757070586578248,95.69772461945388,1514.1620464469365,0.0613926120819933,28.681505996386857,40.02706990239308,0.0,0.8270870934303586,876.4920087747031,5.388113941407763,0,3,8,12.369934519249094,4.727917204557745,125.00034501018504,111.79337062511455,20.267253815419807,False
102.11750163420858,1.0,1.0,1.4203796154370583,124.02155871201705,951.5143150860712,0.32888499490483536,66.59867743850383,119.98349769165259,0.0,0.05747859542044149,0.0,0.0,0,0,0,4.862287026878974,0.0,75.05993223353119,41.619641962076074,8.257582702748344,False
134.42111948940996,2.395066900940358,1.0,5.078543147033086,268.79750728229084,660.9527421568997,0.08134206007027042,18.462591488819687,18.21344915599895,3509758.0647509256,2.302857632637398,1519.1102732995691,34.20988174156771,0,17,3,17.556207458823064,0.0,180.40035219940864,88.36112503433186,14.84873358143539,True
11.184585379445762,1.0,1.0,1.1881436529542853,111.08186556192396,348.65507295936186,0.67,15.097905356166887,8.544575702897511,0.0,0.009117107273932244,0.0,0.0,0,0,0,1.72861622222951,0.0,33.08392319735562,55.23857414084229,5.643151716627706,False
98.1161063717434,1.0,1.0,1.1373522455472578,96.16186420666148,951.5143150860712,0.1698696622318417,69.4384911264899,23.43089252209402,0.0,0.0950702109962001,0.0,0.0,0,2,0,13.60201762172717,0.0,90.86772473442542,56.08421858445939,26.30204742845841,False
23.0584932132094,1.0,1.0131204861691394,2.159811253250318,78.71848712401837,6355.656059017695,0.14490319758201442,7.265508064710977,19.306384607199476,0.0,0.1440827510314877,10059.88367051666,3.405563333826466,0,6,5,18.65658092066179,1.4135411294222644,90.86772473442542,33.61086325824013,22.640019494186703,False
20.812091800269457,7.002576331081345,1.0,1.4188788647607447,64.26487650811745,471.03387847245267,0.05109046208234278,15.56266828922491,34.94645770433379,11184.683055780864,0.7705334775381378,9130.681866914008,36.583551242847435,7,7,0,26.015913902295864,13.395172142853863,74.44307604104557,128.09620646282775,21.384430956843715,False
37.54048866023844,1.9954971536543122,1.0,5.0592193783051105,331.6220286192554,1866.555673680055,0.07391736138496664,90.34214797527987,213.0679753843486,271240.67999864835,0.7787760377543196,474.1877040740932,36.224319522924375,7,5,25,18.59397498754771,38.334693969372225,78.63074559174444,48.43330200419838,17.617271856666388,False
32.77718688152356,1.0,1.0,1.758462635739089,156.0003041637896,891.6176810329895,0.6317735702807192,37.318871920630144,72.44707986840524,0.0,0.0,0.0,0.0,0,0,0,17.11097073592328,0.0,88.06108161839137,47.42571379458337,28.964036872032338,False
77.74134550712616,2.210930493609146,1.0,7.795750572358816,658.0816517476026,2605.7294385899877,0.1698696622318417,37.76515264972302,42.52738917624279,6285.759615535932,1.3612541137075405,5333.2758231228045,5.589932314831927,1,2,8,20.392438225777248,23.59907325053197,214.55944692613184,150.23486690366835,24.40044224171383,True
10.787769015477258,1.7520396524780826,1.0,2.4098397560790614,58.61670046927252,372.1162813996308,0.22555017712478093,15.334257107534242,6.999666973572992,0.0,0.0,0.0,0.0,4,0,1,13.229671546699148,0.0,57.44101135877106,12.658640888696091,55.352735550514474,True
13.376313443626959,4.310487089021323,1.0,1.5613684168524096,137.68785179700023,165.21452458717917,0.5986565125802226,23.136966645762435,13.17390366737648,0.0,0.0,0.0,0.0,2,2,0,8.851736693789892,0.0,70.13289332074177,35.409348147731784,9.506417453812713,False
89.90755052596967,21.42669114520509,1.0,6.7807926941680865,777.6854047012517,499.3620966083662,0.10880811941174619,38.36916936537166,43.26431492848006,15918.632828553233,0.08999238212329858,1475.0262798299268,14.300830144938287,10,2,0,12.547973271704958,0.0,198.56699623939346,117.17440279237857,22.733638637813566,False
3.2558035976882875,1.0,1.0,1.0,85.45849665670372,544.6779755809534,0.23189962694353866,18.387017357065407,24.39636046066458,0.0,0.0,0.0,0.0,0,0,0,1.0,0.0,9.762286040045089,54.77892228221279,8.604506638079378,False
602.0,3.1104446548932967,1.0,5.915655058216327,124.59551077153824,621.8725988288448,0.5578279790339224,46.08544461644844,25.73507861650029,0.0,0.05780924115621079,0.0,7.664824466527534,0,0,3,7.083766536435421,0.5357181906394706,286.65510995844863,132.45047135251156,9.8848914950756,False
12.033294136337672,1.0,1.0,1.633658141245369,35.0791012195919,464.23438376699164,0.32888499490483536,19.21536629496337,14.658210579877188,0.0,0.0,0.0,0.0,16,0,0,17.81110042650833,0.0,44.66296396027751,48.920053708013455,8.567708917721921,False
16.90858211239394,1.0,1.0,1.6800762998327095,154.47949916035708,394.46733337413906,0.2615119870682392,12.7744754572793,27.107811151912834,0.0,0.0,0.0,0.0,0,0,0,2.109712838076735,0.0,68.80237723772126,29.886637693816024,8.394361775004203,False
72.00011757707425,23.40611737767609,1.0,5.077231013045274,303.94811623041085,2255.9143733271635,0.1392349219487427,48.25016403296554,39.86922573086817,28936.95365182763,0.5331063517017964,0.0,25.003649666863016,4,6,5,15.979941420419749,38.81934123702736,195.98320999386308,148.46697370592335,20.404576745531287,False
27.954519219367683,2.8478918617917173,1.0,11.598834919820781,114.60172896260462,634.7584559666676,0.10878580889452319,12.950357170568125,28.397565604736478,0.0,0.38126660005637864,0.0,1.8619771992798073,0,5,6,18.567483600432112,4.5698671443428385,409.40110169264733,30.14647361876109,20.391762332902292,False
16.02869814007958,1.0,1.0,1.0632230935189437,219.71505058095,951.5143150860712,0.67,8.741980814221781,18.062114469165493,10190.794401091496,0.13071421554077794,0.0,0.0,0,0,0,2.536610318927343,0.0,66.6178014733043,124.03813638666735,3.8966285203840076,False
35.27863626004235,1.0,1.0,2.256768021401577,365.38161959591014,951.5143150860712,0.1277284195649717,39.36508095901496,43.37018081464524,0.0,0.13005468467459158,185.8320722106896,0.0,0,0,0,28.726985400497576,1.6139491035877178,90.86772473442542,150.23486690366835,29.07514462412389,False
9.552164353258405,3.9888389726631077,1.0,2.6031167588736928,156.0003041637896,502.14065874881635,0.2474850182884289,16.55079509804989,29.955115070900433,258856.74974226212,0.0,1552.4496739198685,0.0,0,0,0,8.291433896428632,10.238956944489713,37.24800400232208,58.20038943662654,19.817662016014708,False
9.43125566097492,1.0,1.0,1.0,125.32741749771293,596.3828090620472,0.2590816375937848,16.26071020876763,39.42614239480061,0.0,0.0,0.0,0.0,0,1,0,12.711364698723429,0.0,47.40003871306638,35.64438673137438,9.661050271670646,False
12.012286001359987,1.0,1.0,2.706267205025411,80.91748170567551,383.3026527996475,0.32888499490483536,11.356056384665886,19.537784946314243,0.0,0.08508001247335112,0.0,0.0,0,0,0,12.912317867389978,0.0,90.86772473442542,32.84765619815302,11.021217428820826,False
77.74134550712616,6.91816146231831,1.0,6.346911454347364,162.05995883282313,2605.7294385899877,0.05514259275708051,38.678044853434024,30.80379226817186,43822.03518187691,0.7409627569502825,2466.3018041081737,70.44142750685273,6,0,37,27.389798262653763,19.623345670424886,214.55944692613184,95.4407430609099,9.615817134815149,False
24.825324707499423,1.0,1.0,1.4486998094707106,115.68461783150724,811.2868275376983,0.15627995649873624,30.938018685245765,27.646748138426986,0.0,0.04370681913180706,0.0,0.0,0,1,0,15.368152459716942,0.0,87.7765254387642,1144.0,9.369668659102725,False
306.14416992367444,1.0,1.0,1.953491243823993,24.177523339139405,2392.833589252217,0.5793756516384952,44.89191358821309,9.691365965381525,0.0,5.455189456363708,0.0,7.0538448031420025,0,0,0,11.859556766973984,0.0,75.19142538337522,54.521306948011386,17.157884973410198,False
15.364785508088392,1.0,1.0,1.1960650956163137,36.799018513972705,678.9315016777575,0.1698696622318417,12.901356605740922,0.0,0.0,0.05396758096652246,0.0,0.0,0,0,0,15.046762976728461,0.0,90.86772473442542,32.46412696466778,4.229827452517488,True
53.3229981035278,6.08061153492736,1.0,2.2816341970025693,208.02948954238263,940.1716361542346,0.10364781642663409,46.17447153523001,68.88135936923352,0.0,0.35560580129229236,1193.8167831025048,34.55811673011801,10,0,25,9.46270000320402,39.44567241875406,129.64489094427822,110.32542274042905,23.13782523014885,False
39.087417627016706,1.0,1.0,1.0890424072288452,150.88653329835023,706.2914926375835,0.16226292219237587,15.593266072682734,45.909514052395025,0.0,0.02705230073890509,0.0,0.0,0,7,0,1.0,4.275293634884991,50.769022533564694,411.32242370913826,10.837418427609602,False
91.9270947529676,5.9519010683644575,1.0,7.778416874496157,325.2074021656488,2206.2976473686813,0.09938852446767704,72.88649990004637,67.50791127961294,32082.30811899374,0.17447900991759524,718.1971670981916,13.0155841595087,10,1,1,13.17138894619808,30.366395731457686,206.88390106564793,121.79870956427786,20.823864415425383,False
42.44160105855672,1.0,1.0,1.4134392441438046,327.1887293291271,1959.859690951797,0.11161125606973596,38.341535351433166,97.11013794730827,8907.58390139579,0.7035122988759483,1679.1215865315662,19.960007818930823,3,12,6,6.920001430647386,24.82614564102675,61.248726700206575,88.2913799404345,63.77407762687638,False
24.609621292188656,1.0,1.0,1.812616599618555,126.56550178407718,501.30675951556134,0.2972147920552095,46.865953994612724,10.553539499166678,0.0,0.11647808312300255,0.0,33.93895938612335,0,1,0,10.5783340534534,0.0,38.781940676725114,44.24183346711362,17.624515918056993,False
7.909672755118175,1.3916129835250146,1.0,1.0,147.6968906308771,481.90034111861144,0.48153767285169485,10.870423228231765,31.367865858694678,0.0,0.014308246032013354,0.0,0.0,0,0,0,4.182264435317034,0.0,71.90870885942968,56.15442857026606,11.021217428820826,False
51.08705097513112,6.577972781851849,1.0,1.123665440133001,365.38161959591014,2011.1573532115317,0.10511648825733437,37.6721437794577,47.357894887682725,20903.018975261493,0.2623422790726719,0.0,34.97348317628549,6,4,3,15.29572390912645,0.0,198.2698237193585,117.46432705462705,19.619792898251106,False
120.8880667706051,1.3454071254312014,1.0,1.0,2785.0,2605.7294385899877,0.4714977390242825,270.66,23.87082658560666,0.0,0.7855515093068897,0.0,5.653864227258577,2,8,2,15.329407439857365,6.977075722393007,90.86772473442542,96.06325499653389,23.554494818334646,False
59.44304336095912,1.0,1.0,13.076115396482294,83.50110927346572,1585.5687342049732,0.0747983975485598,31.936658427943136,15.333358359817765,28929.18915328693,1.5755534621629095,796.5029231518872,76.39940528358278,26,0,34,23.714256192448055,24.612852770560746,428.1536921267339,35.1964394340455,16.450181020726212,False
13.129480193683563,1.0,1.0,1.0,150.54904395473957,951.5143150860712,0.32888499490483536,22.467731762836213,30.383415405626145,0.0,0.0,0.0,0.0,0,0,0,9.090909443734372,0.0,90.86772473442542,54.4581504281752,11.021217428820826,False
1.2689398759788215,1.0,1.0,1.0,98.18706843065094,702.4212826362532,0.29684954942043507,23.045010158727354,16.54099846535103,0.0,0.0,0.0,0.0,0,0,0,1.509083167796252,0.0,34.319869372783316,55.95358350968432,8.701060984913216,True
0.06386707226469213,1.0,1.0,1.022185091824197,110.01565921243201,341.6134258808137,0.32888499490483536,9.602040513985997,17.477473296919065,0.0,0.0,0.0,0.0,0,0,0,7.86675114971037,0.0,37.83255834211461,25.59022576580835,7.024767312206004,False
15.117989315820527,1.0,1.0,1.0,111.71614708779109,934.0158797244329,0.32888499490483536,16.366042828786497,25.012553434138137,0.0,0.0,0.0,0.0,0,0,0,11.326052125216599,0.0,68.45191761872597,34.278516407178586,9.780061640745616,False
24.72753366332752,1.0,1.0,1.0,156.0003041637896,951.5143150860712,0.32888499490483536,19.12558854097468,35.82897343753352,0.0,0.15300737919653834,0.0,0.0,0,3,0,9.089109307982637,0.0,75.72533899068515,43.414629905178636,11.021217428820826,False
6.624707962683502,1.0,1.0,1.4333179090603443,97.14805232958932,199.0935447299384,0.29692231327262253,9.06782107398374,32.55056276793617,0.0,0.0,0.0,0.0,0,0,0,3.7903909810543945,0.0,72.28836156300443,32.83662771092511,7.660643032401636,False
19.16044982972894,1.0,1.0,1.75429103468075,56.89423210434732,397.62890894073723,0.67,21.20810422830763,34.541790156909514,0.0,0.0,0.0,0.0,0,0,0,4.9105523629528705,0.0,85.3968306754044,50.61366892840768,7.382894410987006,False
20.43825396950225,1.2753381240290231,1.0,2.2538526518438626,81.73016880397114,541.4665189868645,0.1312249519093323,38.59770698469852,14.703954127016429,0.0,0.179360730527553,0.0,0.0,0,0,0,10.062180094627521,0.0,78.64189722782176,49.89929699272345,20.464690650428864,False
18.58968949287835,1.0,1.0,1.0,128.30193046796353,951.5143150860712,0.32888499490483536,20.063875489779218,30.991460487101087,0.0,0.0,0.0,0.0,0,0,0,1.0,0.0,74.52224980511366,40.81909442504388,11.021217428820826,False
18.565357462757895,1.0,1.0,3.211436690962668,151.80860239785792,734.1172347603197,0.1698696622318417,20.03176761893407,38.081636281184515,0.0,0.0,0.0,0.0,0,0,0,5.866885607028918,0.0,90.86772473442542,142.95034382514658,8.694989203898679,False
17.330302423336303,3.249923058000966,1.0,3.9800880747869325,219.0162366649373,12692.713320654751,0.1536783811063324,27.687157314359506,104.36879425662437,0.0,0.12563574422119358,1028.9401232400337,28.19627848631669,0,8,12,14.823361958864906,0.0,172.15306066016035,133.79049999118888,60.133440193921714,False
67.48203051327813,5.009998230472937,1.0,6.505244027344022,807.6702769391156,5775.576827521312,0.12406597692923889,32.31335920017805,66.34896606940234,22985.895164209138,0.5714004833894664,6410.70472140872,20.049124627978234,0,0,0,10.61109856477939,18.75324511406483,201.18945086894047,108.24675273963928,24.939839120749912,False
26.65277463218435,1.0,1.0,1.574837584906589,98.85703671652641,767.2091809783741,0.32888499490483536,19.983318176973526,8.020857228114577,0.0,0.058582349436693944,0.0,0.0,0,0,0,15.955829336946882,0.0,90.86772473442542,59.005393048444134,10.48603228834687,False
23.112554614898396,1.0,1.0,4.333499549944779,306.88306600378826,6680.699793813187,0.14100199515615436,28.251428319330245,48.424429152642716,293421.3415783478,1.4731250711705632,1229.279395393677,45.58806814076504,0,0,1,20.512208774973637,0.0,90.86772473442542,98.65138362595255,20.54260684589251,False
9.405067873621734,1.0,1.0,1.0073471808504435,82.67058232361757,144.4232442461998,0.23391583598373006,10.15150196253911,8.702115715734852,0.0,0.0,0.0,0.0,0,0,0,3.278907106954815,0.0,35.22245720964155,13.878857270917822,2.3956472586649866,False
272.68579437934403,1.392724578746087,1.0,9.238423150560166,219.0750744388625,2235.826189796903,0.24444969812183287,16.919227442333653,7.660509301522179,5932.758624363073,0.7181726509508322,221.26690505461016,17.310495343387554,0,0,26,26.936456221278224,0.0,214.55944692613184,91.74563142250744,24.334578976180786,False
0.9777902039950259,1.0,1.0,1.0,113.15295377119605,843.8232907174195,0.2888628883865306,22.46724449938643,25.924540578247992,0.0,0.0,0.0,0.0,0,0,0,1.0,0.0,78.26470138816906,49.17272744591206,11.021217428820826,False
1.008250424266036,1.0,1.0,1.0,84.39096008093897,657.9879919972446,0.27933459078245215,11.193338297393764,16.501521279892014,0.0,0.0,0.0,0.0,0,0,0,5.137253909824595,0.0,73.05700142329718,47.63668331919958,6.496230358775936,True
31.50068273293469,1.0,1.0,1.6261541955311762,76.65967792649522,644.9067037823725,0.67,13.291832254789796,18.26412276074771,0.0,0.8487576629941048,0.0,0.0,0,0,0,14.646217578984768,0.0,68.00893649733987,31.88800355773688,9.259855452733591,False
77.34981879244641,1.0,1.0,21.409504282982322,983.964508410909,1704.6844762709438,0.10954968976664864,25.373625702471617,13.85240087907409,114698.75372477551,0.09018645188972965,4075.4934844476525,18.48163138065248,2,0,5,21.28102853542357,115.13672392409953,335.49100790679483,112.56057848921432,15.12020438024707,True
1.0182809660025587,1.0,1.0,1.0,69.13435855188213,239.53432914241608,0.42414311726354925,15.450976559206126,13.490625755874486,0.0,0.0,0.0,0.0,0,0,0,1.0,0.0,43.475353424854994,15.94438569696014,7.444882139429239,False
19.95462633446627,1.0,1.0,3.7304838762635057,156.0003041637896,951.5143150860712,0.32888499490483536,22.326236467317397,40.55665338161613,0.0,0.0,0.0,0.0,0,2,0,1.0,0.0,90.86772473442542,64.81283506437475,11.021217428820826,False
63.65712666343218,8.428947938473842,1.0,8.260101149268788,638.3424653676193,2331.771347574295,0.0864009017870288,41.14283214226458,25.847169136803885,41910.53742509055,0.7624211298212864,26156.026297713117,54.02086016227159,2,0,28,10.087592483788642,58.14042988316992,180.013777322416,108.12162566363276,59.21922371186551,False
12.40047228665606,1.0,1.0,1.0,70.65356163826465,545.0323377767031,0.26408204804707924,15.609888839885894,7.681488292025893,0.0,0.05172711504238611,0.0,0.0,0,0,0,3.2833543234113147,0.0,84.72846997738233,45.5003469414327,29.07514462412389,False
77.74134550712616,3.215233123001724,1.0,5.794402874918446,304.45325550918943,2388.515500290502,0.09184118600120285,39.58576581575589,59.519237431542535,34092.37667930834,0.6002419366201488,1908.8870788743188,88.75410305637777,4,5,13,21.044739389808164,24.57645957850559,214.55944692613184,1144.0,18.05335980786986,False
1.261357122521293,1.0,1.0,1.6682594873465668,110.28172563770286,951.5143150860712,0.1698696622318417,22.575550070409477,34.082786394287794,0.0,3.0077630696609403e-05,0.0,0.0,0,0,0,3.6222289562194376,10.458486601728508,72.97548487854058,59.316942972310855,11.021217428820826,False
101.55938376974468,1.0,1.0,7.370712230429747,151.0581713005102,5147.557041129446,0.5236740019793967,15.649144672351198,29.32897789290837,0.0,0.04213434892120609,115.27184042980087,0.0,0,0,2,19.54181035406338,0.0,457.6080682185151,149.41821633432733,79.73639627462941,True
8.628171144998667,1.0,1.0,1.0624716863422474,132.37471635631945,951.5143150860712,0.1698696622318417,24.84754899019226,21.219768519704097,0.0,0.0,0.0,0.0,0,0,0,2.048335274442519,0.0,44.631523843437684,42.6728691943261,11.021217428820826,False
19.170302019016376,1.0,1.0,1.0,148.34910374803968,494.76847677326805,0.3095854690481781,15.183764073840862,26.722474774476517,0.0,0.0,0.0,0.0,0,3,0,6.0318219341260395,0.0,26.199022463177357,21.583574866577,5.615786117975684,False
139.8796517714969,1.5031979275354495,1.0,2.8333288932431744,123.96460244545042,2605.7294385899877,0.1698696622318417,29.474668880650743,28.68940499887149,0.0,0.8272202903313578,0.0,0.0,0,3,0,14.48627219887698,0.0,214.55944692613184,135.3571025773948,11.021217428820826,False
7.40732286899361,1.0,3.528987309104549,1.3048548893741432,67.36411671581465,712.9787887649779,0.40680271288988545,5.447727056997171,34.905187997234705,19601.09242553298,0.03932047389852598,0.0,0.0,0,2,0,8.158377658032467,0.0,71.85522826931248,50.91745944397495,11.021217428820826,False
2.2307985972802573,1.0,1.0,1.0,107.9755719793744,774.3005629046662,0.67,12.039816333445923,26.82797228099372,0.0,0.15311449634785718,0.0,0.0,0,2,0,2.2994427463533187,0.0,86.90565477802721,41.17154134543708,29.07514462412389,False
20.748534914191193,1.0,1.0,5.86762744598748,89.05951091692876,558.3045817194493,0.455986880706142,32.53116737453867,29.151026363367396,0.0,0.02175517146620993,0.0,0.0,0,0,0,12.434365439814401,0.0,76.72958517461937,43.484405006681385,236.0,False
2.897017920946274,1.0,1.0,1.2366684671651065,112.89612483235015,355.5600307299348,0.32888499490483536,20.103286946033553,15.457204468941704,0.0,0.0,0.0,0.0,0,0,0,9.149358270181999,0.0,75.77724278753897,44.45763735628647,11.021217428820826,False
8.178199409782517,1.0,1.0,1.0,99.01077135500411,599.6877757157876,0.3102657681195067,21.326426605006496,16.906057101583524,479.6588794415038,0.40381577580028205,0.0,0.0,0,0,0,8.234514430318788,0.0,80.8147305679878,55.33412358400152,17.934705950668178,False
15.643415630823995,3.8671030510592974,1.0,1.0,83.40952478238637,303.4946505253366,0.20245848273983275,12.07432349381087,42.06731877494182,0.0,0.0441181187733853,323.7760992025942,0.0,0,0,1,1.0,0.0,46.66143941280214,4.87213572271876,7.955759370755155,False
21.062527967853754,1.0,1.0,1.0,120.6388744546629,393.74230431855904,0.5578279790339224,14.758518313886963,22.2359644889197,0.0,0.0,0.0,0.0,0,0,0,1.5896140702121802,0.0,59.22746108458422,52.25028749705143,11.021217428820826,False
9.549911068233607,1.0,1.0,1.0,121.54040796555594,898.5464661023119,0.32888499490483536,13.693985590987037,10.781362418182908,0.0,0.0,0.0,0.0,0,0,0,1.0,0.0,69.50599372930455,52.573040159733594,9.983359084086018,False
77.74134550712616,1.0,1.0,6.949400361925473,156.0003041637896,628.2144609696481,0.08177074584018718,32.71493371078084,22.120207821890244,13889.275114917276,0.05348691403926796,1430.8552242510245,1.0767910515150287,18,3,0,14.270709379680973,0.0,457.6080682185151,100.45180087172534,19.603822821513923,False
34.06890981986899,1.0,1.0,1.8104092448706972,2785.0,654.4810274224391,0.14130226510906635,72.94496952190225,24.812886174889815,14590.291567460055,0.0,293.23884972964026,15.40638619798563,0,2,7,16.861832973208635,15.64413628566772,47.6104000468887,85.1230626386903,23.543323080172925,False
14.454743325650142,1.0,1.0,1.0,102.83739128540648,234.6545174743191,0.32888499490483536,13.77262658465267,30.971240879718934,0.0,0.0,0.0,0.0,0,2,0,7.5226431524445,0.0,62.26473568039773,40.06654798772212,157.3643029461682,False
23.853622516363615,1.0,1.0,1.1724719956478302,156.0003041637896,919.8996838796813,0.1494002427069273,68.283434191938,44.136967335250276,0.0,0.17412994847592236,0.0,0.0,5,0,0,13.83804710230088,4.580893834238111,190.41941169261878,54.58858891141561,7.262922872149864,False
36.473462190815255,9.49029947722686,1.0,4.125764033493857,86.76019186945024,1538.21015127377,0.05689937941179372,33.47179536791154,58.67287800351152,29652.981365183667,1.2599883184490588,811.868312185342,42.56174694767206,0,2,20,6.926781307978396,32.2262000891008,157.70428338745222,360.09172268953995,26.086828254395034,False
23.545800457439384,1.0,1.0,2.0993960203381374,119.94367068257233,526.5657427065528,0.32888499490483536,13.082428640710692,24.138470444562046,0.0,0.0,0.0,0.0,0,0,0,9.37268846672766,0.0,82.65217549918776,20.31240916320688,10.304266170317437,False
77.74134550712616,7.875267440594755,1.0,8.152059320112091,365.38161959591014,2605.7294385899877,0.12360735035923386,48.25016403296554,81.32811574543105,42585.46151520048,0.8702006844688284,12744.500745024852,75.73230279823755,6,4,45,16.206374594647638,45.320863102011586,214.55944692613184,150.23486690366835,29.07514462412389,False
16.117589000703383,1.2685394266027172,1.0,2.3509190204338086,132.1572155395868,2605.7294385899877,0.13556101597724987,34.69209331397289,58.80190137768728,0.0,0.0,0.0,0.0,0,6,43,8.172379204751802,16.45123278986656,89.62623431756836,329.0283246998053,14.569274973211819,False
14.928330114141431,1.0,1.0,1.0,156.0003041637896,875.7050935228133,0.32888499490483536,18.89930833192618,41.77702126524807,0.0,0.0,0.0,0.0,0,1,0,1.0,0.0,68.7949251579312,53.99428674484881,11.021217428820826,False
53.734196732505254,1.0,1.0,2.4894461352228765,365.38161959591014,951.5143150860712,0.4948298847072752,48.25016403296554,7.682538634441315,75930.0214180374,0.7199514950511892,0.0,0.0,5,0,0,22.32593893306747,0.0,538.1735469255901,149.88820006799634,22.617250385612635,False
11.919428384099152,4.427909643508244,2.967045590234182,4.417205238215266,79.84440546081711,447.6397665360246,0.28011388795824094,37.63771804626366,19.998335075041183,0.0,0.0,0.0,0.0,7,0,0,20.45429741870322,0.0,138.28282718806418,51.138925765077644,6.23685879854332,True
99.44931660795851,1.8378217662721763,1.0,3.815076602471789,716.8132584115299,942.7745203766311,0.3480399180312003,30.61703310726686,22.280441537714214,0.0,0.1254483909428104,0.0,0.0,0,0,0,17.65408139515746,0.0,79.44174292688548,143.5149892206091,9.666185709733373,False
11.873596164410923,1.0,1.0,2.0551191788321215,44.21414787194544,580.9713257243463,0.32888499490483536,9.814785478142273,13.14808180387435,0.0,0.10886981502304255,248.25980797797004,0.0,0,2,0,3.8715731400959736,0.0,63.23089028753737,31.944860212485413,5.950608821887537,False
14.37623495559572,1.0415674655337488,1.0,6.502061425968831,275.79530370622325,464.58125706186013,0.18902907329184004,39.153009605313585,16.576167331682743,61442.416488937786,0.005616974849456335,162.85798022546643,0.0,0,1,7,21.289035841348053,34.22711501396974,196.05631584452647,295.7083385213891,5.239736188269745,False
54.84114655919876,3.1891749790519555,1.0,3.2504437090963703,114.70264267985186,390.06945946477583,0.164856029045487,34.394893514220314,37.79990280456324,0.0,0.2037420531434192,3013.3371441141708,18.703948946221935,0,1,0,1.7095673658660768,0.0,34.23563418382774,36.41125456412945,8.084506273152591,False
21.979136691128527,5.2158015605549055,1.0,5.985026092874867,94.85388129307107,1716.1378745467712,0.06794364158807598,13.821065293938108,65.59976309752517,36855.32650238215,0.17181354573067553,10545.746540556114,18.58574701841622,0,2,0,13.11657501459445,19.19979999072015,71.95362505822995,94.18989230946777,6.597543223810741,False
1.521209506739707,1.0,1.0,1.0,105.21883504508534,740.9687019881122,0.5098431419375811,60.70125744949853,24.59682006465785,0.0,0.06621954335707253,0.0,0.0,0,3,0,3.6486794551296047,0.0,81.32962487050818,54.626051513404946,29.07514462412389,True
23.7782610761886,3.6068341706277494,1.0,1.650461151030966,229.97531805783933,2801.248113300358,0.5072797591090062,17.032858566743972,14.907062286000258,12288.847990102624,0.16083773037591237,44.05374715447368,9.890455666082806,0,2,9,7.037288557717856,6.576294492775705,55.02734016382607,38.42639077145466,29.07514462412389,False
11.519653053915638,1.0,1.0,1.0,93.5581209360032,951.5143150860712,0.32888499490483536,23.1714603902835,22.537997776045252,0.0,0.0,0.0,0.0,0,0,0,1.0,0.0,89.64324901696875,43.352277623438745,8.757736348551965,False
11.619209093740626,1.0,1.0,1.2569143556856797,145.09965382506513,555.9992146644067,0.1599412384717233,15.36786969942916,22.001282087699373,0.0,0.04052218454884318,0.0,0.0,0,0,0,7.194486110991198,0.0,22.198126009868552,118.14579991907844,6.86984691210467,True
0.0,5.744994590928234,1.0,4.379058885551877,540.5705423788136,311.5224486658652,0.2600305116687267,17.730136856452948,8.247013077546052,17614.217561229896,0.7790553783455045,8942.992441331908,24.919860148488343,5,0,5,8.335773848166493,2.8728820591700677,340.39381512382073,117.14846282318943,19.469273705744115,False
0.0,1.0,1.0,1.0,93.36549570341714,446.5986968675822,0.3149661657252491,17.81762640410918,23.540361829326518,0.0,0.0,0.0,0.0,0,0,0,1.0,0.0,30.93409392635017,29.56966065212911,7.820720162608996,False
19.857999733617497,1.0,1.0,1.0,123.92534489237028,682.1198843610234,0.32888499490483536,24.84754899019226,28.555773173116823,0.0,0.0,0.0,0.0,0,0,0,2.078556296037341,0.0,90.66230564925556,64.81283506437475,8.660304465362096,False
2.717449504497612,1.0,1.0,1.487785863746587,74.18313180943997,396.4227461150315,0.32888499490483536,0.0,25.72555743790548,0.0,0.0,0.0,0.0,0,0,0,6.974440718392675,0.0,46.66838015524192,37.656192797249005,8.204698843677328,False
15.105185195331352,1.0,1.0,1.6156972682675224,98.44289528922766,1559.8076932875715,0.36992512010963674,14.478962178883044,56.56906739058042,0.0,0.22819022035842695,0.0,2.1361951281319183,0,7,8,16.754404481736977,7.337809427439044,63.57112315952716,166.99513995813314,7.470665789959372,False
15.829949304917577,2.1922550095942808,1.0,1.7186297798731462,106.54661257244348,537.8762544455006,0.13626289453208315,11.039635120576374,77.31927164232049,0.0,0.0427055593825684,0.0,0.0,7,2,0,9.268285163715667,0.0,69.08160002618104,137.6235223483385,11.021217428820826,False
34.152446674272696,1.0,1.0,1.0,141.21329015129106,578.8944938367348,0.2730772185263951,20.073134568592597,5.739971092054358,0.0,0.0,0.0,0.0,0,0,0,3.8896048280166804,0.0,64.36706965664496,51.14870172593706,8.54195720525674,False
4.328200410867099,1.6633405173179674,1.0,2.072166378276336,61.48851961841744,420.38131427733526,0.32888499490483536,10.31535851832303,16.200682589601293,0.0,0.0,0.0,0.0,0,0,0,1.0,0.0,28.04505928790236,45.15450370940798,5.280628064381848,False
0.0,1.0,1.0,2.055659124085441,44.148583947573776,568.0357899617592,0.32888499490483536,20.13156325186609,13.005481312652044,0.0,0.0,0.0,0.0,0,0,0,1.0,0.0,66.1688269077568,64.81283506437475,7.635592436505137,False
4.095047784615437,1.0,1.0,2.178366423641534,153.31722718618772,302.83442407603013,0.1447450680297894,24.84754899019226,20.216006933218814,0.0,0.0,0.0,0.0,0,0,2,3.6808925924594327,0.0,19.630798195815984,28.5147326052384,8.853288955443855,False
28.076997413203113,1.0,1.0,1.5653876488867065,493.5850651137181,643.9648564283077,0.13904079035764627,12.931219737587785,44.979528723963085,3687.4932958023132,0.17049562193905482,946.6887965375627,4.945643325812439,0,0,6,12.975608486724814,11.632324076050331,187.77663351285844,99.87381576576763,22.854777566645225,False
30.782363091842054,1.0,1.0,1.0,155.09090926261592,951.5143150860712,0.5578279790339224,16.621287308141792,29.957542826994235,0.0,0.08259087258275777,0.0,0.0,0,0,0,1.0,0.0,90.86772473442542,59.964461871575566,10.63863641830915,False
105.26506801150684,5.398756270243265,1.0,13.761094150195257,129.0427853475277,1241.5323414220843,0.10569304389397091,60.30270522673423,52.10481834618672,30042.414858671487,0.15242748157489863,5711.01396935628,26.613377841661592,0,5,7,8.972521091878658,6.6492553516165,143.25103350014308,409.67844781815893,59.88118075523112,False
77.74134550712616,7.52296101738386,1.0,10.329472945275516,243.00528770856832,2544.784155638995,0.09752442128764144,48.25016403296554,36.121158987368425,0.0,1.3639641304904515,4800.543364800748,18.840651468985385,6,6,6,27.25351864459221,10.710209778641435,214.55944692613184,115.66942316148464,19.303024963058242,False
25.914187811455285,1.0,1.0,2.3802965500752418,87.12366825947788,951.5143150860712,0.67,7.860337570662279,18.337237890748575,0.0,0.23680863695674484,0.0,0.0,0,0,0,2.7644466757035495,0.0,90.86772473442542,42.18215289456225,11.021217428820826,False
20.487538696265982,1.0,1.0,9.818813478966973,57.66368861300262,6739.597574162028,0.154775716086548,47.34455920906042,39.523613894100684,27388.245289237355,0.6680954801066729,445.3811574629458,21.636224030477642,2,6,7,11.177525952348326,0.0,174.47777971943242,105.46769173951401,5.604909939476402,False
38.22010027770095,4.074715604414832,1.0,2.066098065649614,365.38161959591014,2605.7294385899877,0.14933995988999915,48.25016403296554,99.31324160523468,23197.30311004532,1.3518195051801007,855.0900129890146,40.840896011498465,0,0,9,10.733387664495595,35.83956181197713,214.55944692613184,150.23486690366835,29.07514462412389,False
18.316184030513117,1.0,1.0,1.5584424658339604,486.2703941494362,358.8845404913801,0.32888499490483536,26.992454388763697,32.78382850359554,0.0,0.15826502310316537,0.0,26.386641701749568,0,1,9,13.27294637095971,0.0,170.7812686442001,86.4671079795522,22.783164940476723,False
16.221932317515886,1.0,1.0,2.075805353117445,156.0003041637896,951.5143150860712,0.32888499490483536,17.894045197394252,26.110547140438477,0.0,0.0,0.0,0.0,0,0,0,8.07717902609184,0.0,90.86772473442542,57.64119673095249,11.021217428820826,False
8.911268402075677,1.0,1.0,1.0885442553350133,134.9273111918303,931.261313551671,0.32661780579168564,17.015396504347578,19.732260281143024,0.0,0.0,0.0,0.0,0,0,0,3.691975293178807,0.0,57.787482138994086,38.6388049459846,8.86754397843357,False
14.0599193567073,1.0,1.0,1.0,156.0003041637896,951.5143150860712,0.32888499490483536,24.84754899019226,29.141294703581284,0.0,0.08109336421919583,0.0,0.0,0,0,0,10.037228865208956,0.0,90.86772473442542,55.58030384393744,11.021217428820826,False
25.990960217671947,3.400029978232451,1.0,2.2778747907494443,97.94950483782497,640.2137491869375,0.25310071889418373,18.75483257253061,46.22987318444314,31031.848318769276,0.0,0.0,2.58760298093745,0,0,7,7.284349076472306,2.596794622571,22.19990665051686,40.55733279665713,5.4542829278206,False
13.400593949706572,1.0,1.0,1.1055225061324316,104.22759417939184,610.2575159648707,0.552626370936986,3.0281525129315225,95.78463967010873,0.0,0.05361514149874301,0.0,0.0,0,0,0,4.328674310733332,0.0,73.56167305321328,47.06540917012339,60.14352914671301,False
0.0,1.0,1.0,1.406304084995956,122.53342717088205,736.4785549246485,0.32888499490483536,16.17445706528353,6.410775680506598,0.0,0.0,0.0,0.0,0,0,0,1.0,0.0,78.63117340387018,45.58768719869048,11.021217428820826,False
20.331815605921165,1.0,1.0,1.6138796313987065,127.316469206076,682.019267716752,0.32888499490483536,16.70021325433147,28.87190560474802,0.0,0.011712241447155387,0.0,0.0,0,0,0,2.642861167850226,0.0,53.29795242678264,55.24297659975461,9.214724432191034,False
48.59209616277563,3.6618361496728844,1.0,7.927633585065893,606.3852263083086,1324.694307003021,0.10002386910530052,56.83366690161152,42.22553384210374,30133.847083624987,0.6871514130533967,2171.780476530941,11.804888205086215,6,0,11,25.99893804752289,1.23532161028092,1641.0,92.23867126334056,17.035709120176286,False
90.53650103061388,2.1804820061392762,1.0,3.827266817815391,106.47571186494815,604.1533196033834,0.1135153591269893,16.66062685547292,28.172396127946598,0.0,0.0,0.0,0.0,3,0,0,15.871641809810123,0.0,49.240288869490755,36.23711020834476,11.021217428820826,False
69.5668358511334,2.118311577042892,1.0,2.472866107194956,302.52397742085753,2059.005985547862,0.1938478747410366,270.66,46.564317171614775,18312.504693624807,0.09377297737898109,73525.41286619571,40.262488656753206,15,4,7,16.220744595255347,1.1662419817062357,55.43411411897138,140.92966459242092,27.16172149192041,False
54.3983336883927,3.6244601141057107,1.0,1.0,136.12963814915318,348.9786024731053,0.05233786309842798,17.05884237317401,41.89713250174361,5262.602344364228,0.0,876.7650437919076,24.42231169916061,2,0,1,1.0458400488624422,4.860693662007051,232.3352126256554,109.57367829239779,5.796354558569463,False
5.162835177832348,1.1879269609319634,1.0,1.0,80.34999376958078,4166.927316304429,0.4014911793792696,17.3203826397461,134.74636933804717,0.0,0.0,0.0,0.0,1,0,0,8.174790233992686,0.0,72.91805211926189,48.44689362802579,60.70200859577652,False
10.030373343637113,1.6124663770831855,1.0,1.6755453382609264,217.41273742916803,668.319886553477,0.39047738343764626,36.788574272769054,67.51167127575752,12653.145001401905,0.07804401312270379,0.0,7.1402812729705225,0,0,0,4.562885541168131,8.74388948953254,78.573545073334,144.17237961879619,24.73300955737669,False
602.0,1.0,1.0,2.669665953105513,234.2889704601805,1565.2706573197936,0.34308727359111396,23.307056701294208,132.58638898130272,11257.916850909247,0.5805547772493522,0.0,24.498013130090623,0,0,5,32.66541998407486,30.18231561843488,192.06416746158968,95.00856010332268,17.121300551367764,False
22.068475414568923,1.0,1.0,1.0,104.6696456592579,780.977289111898,0.32888499490483536,3.5933284760570015,8.214564409772159,0.0,0.0,0.0,0.0,0,0,0,2.4353896151122694,0.0,90.86772473442542,49.53153380458522,6.184187606428605,False
7.238371575669572,6.110486316008695,1.0,1.0,105.19522970353347,42.87072350118015,0.1698696622318417,19.621653857611193,8.97918428273903,0.0,0.0,0.0,0.0,0,0,0,3.7665031581415285,0.0,65.26433021393758,38.53210042256377,8.962586083239659,False
8.886958566926658,1.0,1.0,23.11404951047803,687.9230963221128,142.02238808262442,0.2832792136921096,16.927081613975744,14.948070264277824,0.0,0.012410677075807189,0.0,0.0,0,0,0,15.899334838318019,0.0,47.85691965413744,40.37800259448113,57.21669890060951,True
0.0,1.0,1.0,1.0,64.05515945572908,585.9083780079623,0.32888499490483536,14.963667495554308,30.597191040280947,0.0,0.08662952981610142,0.0,0.0,0,0,0,1.0,0.0,51.957443874825486,64.81283506437475,10.800093475703752,False
13.116638421010688,1.0,1.0,3.505243082235629,644.630051069613,951.5143150860712,0.32888499490483536,48.25016403296554,26.18328902744447,0.0,0.02041321150221468,0.0,0.0,0,4,0,20.49848266621747,0.0,214.55944692613184,31.916248697544766,9.197776979630625,False
5.978444890884347,1.0,1.0,1.0,125.38566517758417,618.0763782686529,0.49562060364726834,11.158811818213627,50.89462693822847,0.0,0.0,0.0,0.0,0,0,0,1.0,0.0,71.31618091649382,52.795072426163316,11.021217428820826,False
6.171736141104359,1.0,1.0,1.0,124.19040218046862,844.5926009917233,0.67,15.857773387287697,15.476767096428944,0.0,0.0,0.0,0.0,0,0,0,11.91395846379535,0.0,90.86772473442542,64.81283506437475,9.76576099194883,False
36.54135416065575,1.0,1.0,1.0,95.49535380340497,503.4338097685412,0.2975823292667731,6.7186904094324085,18.336809173443477,0.0,0.15965723365418405,871.9691123094617,0.0,0,3,0,13.533904389784837,0.0,74.41725248625639,19.493892862041704,4.683130238328619,False
7.685649792565768,1.0,1.0,2.743001530328752,46.40244462925018,674.2643646745496,0.32888499490483536,43.74722780542357,23.39278768818914,0.0,0.12394424804554281,0.0,0.0,0,0,0,4.348732090775105,0.0,62.19600053219741,64.81283506437475,8.362205213132853,False
77.74134550712616,4.353834026522918,1.0,4.3251586537724895,344.6161560569766,2406.6373809772913,0.1009937783616659,19.957755091407616,69.18391563833829,10732.319491641341,0.7148799590760574,692.9610041023511,35.37523367362993,2,2,15,17.97857603344764,11.900197486294005,214.55944692613184,135.18735402189145,26.706126504313715,False
21.405624177819178,1.0,1.0,1.9803551420084884,111.2943700911174,543.0161142610879,0.17835846296643482,15.354073918848751,38.36850329807984,0.0,0.18285560280206264,0.0,0.0,0,0,0,4.462427698925943,0.0,65.50416984042317,33.383986201945135,10.387437960983473,False
19.25063434011677,1.0,1.0,1.500710096295568,80.00853138940998,707.4747389768089,0.1698696622318417,4.153508110604065,25.365991593386646,0.0,0.0,0.0,0.0,0,0,0,8.800231288536825,0.0,77.44970706545337,30.235185548771994,21.73906353608286,False
31.866137205917365,1.0,1.0,1.0,143.34762232797362,750.4190202243985,0.14339540353574054,23.618744625298714,26.35170080652081,0.0,0.0632299370884176,0.0,0.0,0,3,3,3.743090084140513,6.10514198652735,84.88676046390174,38.107799296255926,24.667128557166542,False
13.756672632610256,1.0,1.0,2.122188995795955,44.19144228556481,823.9559788229957,0.32888499490483536,9.390024835103132,19.77549920528282,0.0,0.007073629444413837,0.0,0.0,0,0,0,9.806486308608399,0.0,49.787841534809004,17.94330170643002,11.021217428820826,False
76.65354247703247,5.700891228741772,1.0,12.234458133361601,345.50242104021555,2605.7294385899877,0.13330089036962878,47.09614135397865,54.264272627001674,17793.18585253397,0.5791446634401044,6190.352316782091,38.1867858949635,2,6,30,21.57327705809538,9.598132595697288,214.55944692613184,150.23486690366835,29.07514462412389,False
19.001156519692223,1.0,1.2155371863867193,6.211579434086737,24.33990268416452,273.08359588759146,0.1626253713753541,19.84451854269017,17.893722293729518,10441.688623891376,0.14029061245960056,0.0,0.0,0,0,6,18.875185173655854,26.578727698288404,197.95670713170318,36.007936605485895,17.4851756684243,False
22.801338310698696,1.0,1.0,1.0648811047057767,100.83402112023961,808.6205539320821,0.32888499490483536,16.859169538979167,10.020529143118393,0.0,0.0,0.0,0.0,0,3,0,8.248017542516173,0.0,90.86772473442542,23.17070747369179,7.903080827815965,False
6.962359270547758,1.0,1.0,1.0,56.1507891054964,539.8863833901286,0.1661612627274736,7.392052609649608,7.012491881454819,0.0,0.0,0.0,0.0,0,5,0,3.8370932605586114,0.0,36.331360499933076,712.1769327504849,14.406391939716151,False
16.503625346310436,1.0,1.0,1.0,156.0003041637896,951.5143150860712,0.32888499490483536,12.257611289556138,36.709855795005126,0.0,0.0,0.0,0.0,0,0,0,3.8458628610166157,0.0,90.86772473442542,53.14758189840845,11.021217428820826,False
16.077317810377615,1.7989427928777242,1.0,3.7950600643778927,316.5224316802203,12692.713320654751,0.09026014482171468,77.98686758846779,30.953784150677862,682993.984507727,0.9869797304555887,0.0,21.339978148660087,1,10,6,4.761299238364824,21.76396216069766,158.32975294563585,140.82896900392888,24.842574392559712,True
14.09364065242513,1.0,1.0,2.8140610536699304,74.70197298260855,501.2365482586514,0.32888499490483536,14.137887960076558,0.34263595190730634,0.0,0.0,0.0,0.0,0,0,0,11.084291345922434,0.0,66.62981688243545,24.98170049957556,9.03177964747889,False
10.788104318081537,1.0,1.0,1.0,128.57073497171632,644.3408757157949,0.32888499490483536,17.83618427263383,36.17487657648749,0.0,0.0,0.0,0.0,0,0,0,1.0,0.0,74.39903583850275,39.93200789019059,11.021217428820826,False
32.54468187283146,7.763628069238997,1.0,1.6317698923124637,365.38161959591014,1114.1903903590107,0.08000679997406258,81.63160409949643,24.247207069764467,24104.33841479143,1.1098049434754729,12516.634627336716,38.118305746829265,13,0,22,26.12112073803828,25.088031158433854,214.55944692613184,53.71746855081131,11.794017749295255,False
10.7222006110274,1.0,1.0,1.7692510612765284,97.45944524478176,742.540111778416,0.1698696622318417,16.15297024972263,11.387927940695455,0.0,0.0,0.0,0.0,0,1,0,3.463370432132308,0.0,67.40812529676967,54.73980652413664,7.866105673764338,True
17.788762546112558,1.0,1.0,1.088556065597794,77.65404500035243,951.5143150860712,0.32888499490483536,8.366064038953308,20.887286652007305,0.0,0.0,0.0,0.0,0,0,0,1.0,0.0,90.86772473442542,19.37322959499581,11.021217428820826,False
11.242167260310303,1.0,1.0,1.0049321068681176,126.57702570717262,920.9240215893982,0.32888499490483536,12.313196887194227,9.627026301813636,0.0,0.0,0.0,0.0,0,2,0,17.04314165701324,0.0,90.86772473442542,55.91038103061514,11.021217428820826,False
19.929130653700227,1.0,1.0,1.8588924944419087,95.00602107140207,739.7093072453322,0.32888499490483536,9.152706069708785,23.560143965997334,0.0,0.0,0.0,0.0,0,0,0,5.000851774890643,0.0,79.4788444241891,16.284065709907086,6.820521359031904,False
20.23570266012576,1.0,1.0,1.0,156.0003041637896,912.7959328978799,0.32888499490483536,21.510088434479187,34.65651066033385,0.0,0.0,0.0,0.0,0,0,0,5.723849543631214,0.0,90.86772473442542,64.81283506437475,10.477569208088315,False
16.1035546446543,1.0,1.0,123.0,60.76001079118362,558.0872461695524,0.2634750527283591,13.107557052934833,0.0,0.0,0.11403326263348604,0.0,0.0,0,0,0,15.144374741033147,0.0,61.65004706934915,21.772474012769116,5.126731710172589,False
11.249916476053645,1.0,1.0,1.0,85.83998579241484,397.4234701733212,0.32888499490483536,10.448605216389634,14.519678875801464,0.0,0.0,0.0,0.0,0,0,0,1.0,0.0,79.71225871998638,63.78355923409629,11.021217428820826,False
22.721560863884342,1.0,1.0,1.0,130.01835988788633,760.5514356490513,0.2670876491495947,22.266684072960377,26.16385459744752,3475.9505067142068,0.05885830572108131,0.0,0.0,1,0,0,10.238755958606813,0.0,62.624366776488394,150.23486690366835,8.048369620044276,False
8.024817888924796,1.0,1.0,1.0,129.67407474639393,324.4356863947476,0.22126849683641558,61.79689395416703,29.125679888144152,0.0,0.0,0.0,0.0,0,0,0,1.0,0.0,52.07632471576295,43.67251629740508,8.240296605308775,False
62.78728699040636,3.354083390113874,1.0,5.140519445746546,300.5784465152177,1785.3497872813707,0.08787161910670377,37.47006799035737,48.18259543105804,26812.451466921542,1.4576033713831706,409.42087875087054,31.71122166453238,0,3,6,31.670532215465432,11.089771526083368,214.55944692613184,141.11891692863503,12.84301447878002,False
7.418896753922879,1.0,1.0,1.9284520312390927,670.0336640552887,245.18294226685168,0.31296402848203847,16.992679724219606,6.512849772353494,0.0,0.0,0.0,0.0,0,0,0,4.49976682987497,0.0,80.65078481260637,39.00714003676907,6.0043111572420935,False
25.01277709487518,1.0,1.0,1.118550806225808,115.79072542958622,866.018998599325,0.1906301725311035,37.71585494421896,20.885006439101524,0.0,0.04924099615840842,0.0,0.0,0,0,1,2.1289780043260826,0.0,78.20930990389026,46.010802818471205,6.492596770196016,False
30.653873231456142,1.0,1.0,2.030923693083681,617.5462651884375,560.1661470628128,0.10958978994805427,8.770410060674571,63.2831144388494,0.0,0.08949862510938017,670.9496164818801,0.0,0,2,5,10.026896323087456,9.460229161156729,71.5942669470195,216.50115733171634,19.053365600256715,False
11.433437975451573,1.0,1.0,1.2923854766985106,125.51477828043423,857.2743912028321,0.32888499490483536,10.835299743998894,24.828560888052664,0.0,0.0,0.0,0.0,0,0,0,1.0,0.0,90.86772473442542,39.73259854354373,11.021217428820826,False
3.207280634051534,1.0,1.0,2.166988150331984,84.90806878434641,526.753527458378,0.5578279790339224,17.133262742354468,18.19399176910736,0.0,0.0,0.0,0.0,0,0,0,28.332783165038425,0.0,77.98828586213432,35.7045735275735,9.157553268115429,False
6.535982573498571,1.26141017880078,5.267146593634657,1.5782506676793036,110.6869118547088,171.29315917099657,0.2592451660690128,30.68766802946559,39.74871720171854,0.0,0.0,0.0,0.0,4,0,0,4.50229442975122,0.0,44.539452562379196,30.465333173325263,29.07514462412389,False
13.473895617264047,1.0,1.0,1.0,99.0987144839786,431.95602904196494,0.32888499490483536,207.05456600649225,32.06173051884112,0.0,0.026665762612730397,0.0,0.0,0,2,0,1.0968644564407128,0.0,59.54525215477868,28.398710834539003,7.8736587726485,False
6.539714499410974,1.0,1.0,2.1529381793372253,60.85558948953303,839.1098709574143,0.38878669196237226,14.792743741530394,0.0,22728.609603090175,0.08581577406587533,0.0,0.0,0,7,0,3.467019683808658,4.957210259973696,85.23971361642985,35.96307501301064,4.206526352845516,False
37.60487899718096,1.0,1.0,79.95355176613137,69.4396260750067,590.2817162090331,0.25486194769011605,22.742343265704417,10.031964256075295,5939.977374785306,0.04893650092284302,0.0,72.43380493756501,3,2,0,4.353683938816079,0.0,79.08834973902805,90.88478825571434,52.66036152972456,False
24.685981506078544,1.0,1.0,1.857013248755102,104.9916874415361,2271.900212444906,0.1686507800696453,12.855892993994683,56.93928649264278,0.0,0.0,0.0,0.0,0,2,0,4.224036035721878,0.0,74.74597924926469,28.170563379917816,8.260410995833432,False
4.097388561424979,1.0,1.0,1.65766564004698,110.024085154977,752.4488047226905,0.32888499490483536,6.138505839900007,19.124078748013428,0.0,0.0489183503910468,0.0,0.0,0,0,0,2.7316034106163833,0.0,65.86021953786131,33.98240338677133,8.796050366564467,False
16.508209400590687,1.0,1.0,1.0,113.49806457037502,332.38828067777877,0.32888499490483536,17.658159244126466,37.53198913761018,0.0,0.0,0.0,0.0,0,0,0,4.020968574893818,0.0,37.815333811052554,41.015120014367064,10.678690300431354,False
17.622799647157624,1.0,1.0,1.4331168694859437,106.56172845932065,951.5143150860712,0.32888499490483536,17.00118536924059,22.535900186526042,0.0,0.0,0.0,0.0,0,0,0,3.961567846449407,0.0,90.86772473442542,49.72456286233481,7.4325175457125665,False
104.991851028307,10.959783396248184,2.461203357303897,5.850730604749108,283.62000513187104,2605.7294385899877,0.0801568801152086,48.25016403296554,55.890946756202936,39786.96871094851,0.8702006844688284,14778.395522835137,64.67620544616959,10,2,37,13.094808803664405,38.69990060679207,194.36824368424192,150.23486690366835,26.74150607673002,False
32.50754784128607,1.0,1.0,2.734337004905923,32.69630782715615,586.2487294371986,0.27169733121415296,19.701001597932514,0.0,1579.7595840583667,0.20907413829186888,3041.6437811636188,8.500304690491134,0,2,0,6.182474629730664,0.0,212.69421559238486,79.66812670059849,17.778873919173037,False
17.478755075178874,1.0,1.0,1.0441610382931077,91.64805714632186,578.3982023513122,0.30998178049808556,10.128380560559666,12.557572178707177,0.0,0.0,0.0,0.0,0,0,0,1.4465604230305047,0.0,71.85178947470186,42.24034994613794,7.291546982646972,False
602.0,1.0,1.0,1.2027175380182018,99.8344954500672,803.0775528636543,0.32888499490483536,13.62841538569845,32.895496042577285,0.0,0.0,0.0,0.0,0,0,0,9.782382077308302,0.0,90.86772473442542,40.05370400745831,6.1561160751504875,False
34.82726188189884,1.0,1.0,4.155200394974825,136.29987182755565,845.3608767632028,0.32888499490483536,7.318304575485283,14.978472415174517,0.0,0.0,0.0,0.0,0,0,0,21.760248886463224,0.0,74.08689596276912,25.921043149400603,9.573206398360377,False
12.571339679791432,1.0,1.0,1.0267832346619024,130.74575019594647,640.8202377123534,0.32888499490483536,16.05062131338305,6.763317231150976,0.0,0.0,0.0,0.0,0,0,0,1.7441306310859375,0.0,63.945316165497374,32.02925457538305,7.7551148146193185,False
22.76943066121867,1.0,1.0,1.7869938602472581,127.30238362708121,951.5143150860712,0.32888499490483536,10.01904975074718,26.968673798526844,0.0,0.07018273176863504,0.0,0.0,0,0,0,15.434747256658738,0.0,90.86772473442542,46.13085173697131,10.117784878603755,False
13.945826898689056,1.0,1.0,1.0,156.0003041637896,266.3538626552037,0.32888499490483536,12.091730819564226,27.114081221518454,0.0,0.0,0.0,0.0,0,0,0,1.0,0.0,87.49697262380744,34.59448815124514,11.021217428820826,False
13.117732316031741,1.0,1.0,1.1584604911779728,102.45922595115158,786.6510873200402,0.32888499490483536,18.34790748898153,10.488944200771815,0.0,0.12638044354704156,0.0,0.0,0,0,0,10.869938979808387,0.0,62.778868069894216,17.11630888466286,5.842121298690566,False
74.68891758323619,9.110265004185209,1.0,3.3407763631176337,278.24017953235847,5775.576827521312,0.10099162182162602,71.28671654619203,90.27138218377218,6434.274678866537,0.3942250246775882,1971.0403517875407,35.43181673439287,16,8,1,8.162059290264995,26.747194907513478,205.7708095836242,147.49397344771828,21.600754114557162,False
67.89905372293246,4.703268413430945,1.0,7.4274168712805535,816.7542661149904,2470.910852542036,0.12677634654259046,48.25016403296554,53.188867941193344,22193.049297993723,0.5272259721107867,315.69093561569514,34.34544099246582,9,0,33,18.87714164623619,27.233611501399526,214.55944692613184,150.23486690366835,27.196930368069534,False
15.483341533399065,1.0,1.0,1.0,96.22666069279883,572.8088960368954,0.23076356602367717,10.55545076550376,46.173742091772404,23263.047888692094,0.06986784622967997,5716.453710815433,0.08732154651992197,0,0,0,6.589945189523749,0.0,53.90986229621459,71.53748294064724,3.506515259447237,False
68.50595617173929,1.0,1.0,2.7030114815286175,106.48609256970835,511.17935730694023,0.1425022090716569,5.354075746404521,13.389378886062524,32117.88819172543,0.18787715447595182,1910.601532718199,0.0,0,3,0,21.43658222003568,0.0,186.48148012569854,135.98221439121755,23.192535600614605,False
22.552072093458108,2.395080712234046,1.0,1.046214651697657,154.0110195776175,709.412587658878,0.12243300325646528,23.35445894043468,38.28850806413826,0.0,0.0,0.0,2.4251357679535976,1,0,0,7.060485612307709,8.003824779005464,71.34954618789942,35.08117134588903,3.545862892097462,False
36.54135416065575,1.0,1.0,11.31226706246252,109.65407760094149,951.5143150860712,0.32888499490483536,13.832488516586427,12.16189101183802,4279633.01,0.291886687569471,1060.3786458499671,13.010446009445277,0,3,18,19.83838324233665,0.0,77.25709789764815,25.8985229933745,26.062982872603875,False
28.65520654100503,1.0,1.0,2.2873170126716307,127.33028662274523,925.1062016598686,0.1698696622318417,256.3363961079941,33.822208615913965,0.0,0.03204748007066396,0.0,0.0,0,6,0,17.840961163117925,0.0,90.86772473442542,42.06524348329731,8.350625890251242,False
23.37328528584386,1.0,1.5242404195490886,1.6941786268867665,125.79597470638885,469.6647364735161,0.5578279790339224,46.481279245070226,36.81701754741238,0.0,0.0,0.0,0.0,0,2,0,11.119970185917628,0.0,90.86772473442542,48.797455056882114,8.73738470383053,False
32.94026443419108,1.0,1.0,5.698982300204417,267.62375628585966,2605.7294385899877,0.12062920438711237,24.29875928712733,31.381787505617105,14627.764854903598,0.4794950033733527,1156.9876219642174,4.756771406298913,0,3,1,26.234826689397806,0.0,214.55944692613184,211.84282867424224,24.273993993922485,False
63.52683054345985,4.056221414626326,1.0,5.268701814425645,83.33020166079771,720.1467239002776,0.08609905424500458,42.6602769227404,63.99093102391075,0.0,0.8055356592712252,0.0,0.0,0,1,18,9.704698954405153,6.4078760572455105,77.61175822427798,133.19960109897346,236.0,False
30.361874601814705,3.4027061701348655,1.0,5.850632146001901,365.38161959591014,25942.69,0.05333359083187354,64.21700250621134,59.35075714509841,0.0,0.9950763540788898,460.2028912764127,13.4477468919845,5,5,13,25.214275257703104,0.0,209.35048723842652,112.6087848310438,9.898378483646258,False
29.714867403964092,1.0,1.0,1.0,124.81743626664255,933.8068201971315,0.1698696622318417,19.01483592002761,32.82268709048583,0.0,0.0,0.0,0.0,0,0,0,5.677287712102674,0.0,83.83664059688587,54.202095911612545,11.021217428820826,False
14.200486452267675,1.0,1.0,1.0,156.0003041637896,951.5143150860712,0.1698696622318417,17.425294538900836,24.574387309455386,0.0,0.0,0.0,0.0,0,0,0,6.562771718557999,0.0,90.86772473442542,56.876270984266995,8.978569310410599,False
16.611585650790374,1.0,2.1942961396787934,1.676102416712364,64.83173285136647,225.73541924952468,0.2519617866857199,7.546943994219987,24.992346392735328,0.0,0.39118370758788634,0.0,0.0,0,0,2,3.1317657909107224,0.0,62.91812702842052,113.27983438290426,9.057900422027949,False
18.027566963306324,1.0,1.0,1.0474517351384873,94.56682763737413,951.5143150860712,0.32888499490483536,18.894244655811477,23.32364564861675,0.0,0.10182596553608225,0.0,0.0,0,2,0,10.980012635531814,0.0,77.18535991576535,43.45180357718522,11.021217428820826,False
11.763565782505275,1.0,1.0,1.0,126.52710517320011,510.945537179428,0.24933060652513514,17.092099804740382,58.91781206636358,0.0,0.027653529097621476,0.0,0.0,0,0,0,1.1640810248975892,0.0,55.493095150705095,50.91910664274255,236.0,True
2.0747592285923986,1.0,1.0,1.0,116.73741606472157,691.0941963629226,0.3173591270955526,8.346527618775927,39.56782718966369,0.0,0.03971138292295345,0.0,0.0,0,0,0,1.419235610787272,0.0,53.57928575506266,34.86636828634714,8.316513502116713,False
19.645991781051762,7.648408433784993,3.558990760043887,3.4181619870212683,339.147812692777,1265.0415024288657,0.04357488601165498,38.77057369226516,22.09852388219595,10030.479297513733,0.6186464870487167,764.1228590329397,49.543474581674054,0,1,26,32.80711300898216,21.84828584436342,165.81859645844264,97.41188493856376,21.184235271126802,False
19.15941142213649,10.280159965124207,1.0,5.785437698344199,365.38161959591014,1940.3047670684862,0.1033387577299583,46.45416672488392,32.83518405510075,65680.88998505718,0.07989295730232299,0.0,12.71263062277898,11,2,5,18.23485791249641,23.609521205142702,42.35792037565669,150.23486690366835,25.193932707037497,False
114.79713673002658,8.012722868137722,2.615998201938888,7.701531926308238,816.7542661149904,949.9507315345262,0.10929365616244793,40.0048293073412,74.83512749585631,23887.113276975313,0.6138810190169204,2506.0257263880735,42.1568197642984,7,3,15,15.679384227368915,18.188353577929895,145.41436921231255,128.87835716892795,29.07514462412389,False
3.0847382333344324,1.0,1.0,1.0,81.84376730490733,707.6198842209143,0.5578279790339224,19.50540610701019,16.160667658231038,0.0,0.0,0.0,0.0,0,0,0,1.0,0.0,90.86772473442542,55.48402462917231,11.021217428820826,False
10.670866317369603,1.0,1.0,1.0,57.17371546702489,373.80661403635986,0.32888499490483536,10.08166390899488,18.335585510219794,0.0,0.0,0.0,0.0,0,0,0,1.0,0.0,30.550449328202262,43.78999761131628,11.021217428820826,False
39.94429979631173,7.731806677490734,2.821028035127235,2.6822211608355895,232.9140550819195,1559.8395351831896,0.09724829460522881,47.404894543710036,35.31002465664075,33797.600830450465,0.8702006844688284,11588.510043260612,68.51800753189339,12,7,27,7.790538937917331,26.810310671520142,173.78020288682842,150.23486690366835,21.794076504476795,False
0.0,1.0,1.0,1.0,81.40037148496185,512.6800835673055,0.3134792676954813,19.47731118338693,4.092688541539443,0.0,0.0,0.0,0.0,0,0,0,8.164542634049138,0.0,47.14884169324301,24.040726288945898,8.673945567769977,False
6.80313242525256,4.566493674817695,1.0,1.0,126.97435759080122,258.4170332956491,0.19939984255619075,22.00366913682881,37.001467167849555,0.0,0.02535653916944213,0.0,0.0,0,5,0,1.0,3.2880847617349067,57.96271398569233,36.52348152247818,236.0,False
26.52575122526869,1.0,1.0,1.0,78.93028596288141,624.6884705385498,0.3170050505831205,9.920443298216831,6.593420734259512,0.0,0.0,0.0,0.0,0,0,0,6.005318292906732,0.0,88.91884900487747,28.87571934275042,5.513328552136769,True
23.885179009688333,1.0,1.0,8.812707833276757,156.0003041637896,673.776394190106,0.13149245601387793,35.57876085879805,3.276786061259271,5353.11597381213,0.030965219287166765,0.0,0.0,0,4,0,24.243420557669978,0.0,90.86772473442542,107.22691264653352,9.690935175303194,False
0.0,1.0,1.0,1.0,86.91371127237718,512.3417561653343,0.32888499490483536,14.728884324653597,15.197349058921112,0.0,0.0,0.0,0.0,0,0,0,1.0,0.0,69.25472133305902,38.20266066904388,7.200602582269413,False
30.105684387884164,1.0,1.0,1.0,116.79797840887653,720.0237529993218,0.1234197600341055,17.350314997347393,20.871140474739185,4415.880996634316,0.06459258628481064,0.0,2.4352682224722217,0,5,0,2.3897009491215853,0.0,38.81412233458286,54.774266637233126,236.0,False
12.12217350313698,1.0,1.0,1.0,115.04440144996144,520.7344077096038,0.32888499490483536,10.725311289519327,33.74583489658745,0.0,0.03718200816034016,0.0,0.0,0,0,0,4.517288268274772,0.0,49.42774595698184,61.73932599031302,8.989320271417137,False
31.06246997285608,1.0,1.0,2.6606153827849717,145.71788089591564,828.6588286628382,0.28609784973294194,4.446935423231007,14.152698212256665,0.0,0.0,0.0,0.0,0,15,0,11.572183788062581,0.0,66.29583006748129,10.070093716352716,3.926225474478585,False
33.792768531199506,1.0,1.0,2.716227498263513,104.68670219454367,951.5143150860712,0.32888499490483536,5.146725293073071,18.540406150366685,0.0,0.006651302704786678,0.0,0.0,0,1,0,15.053255921126484,0.0,90.86772473442542,18.01886210957177,11.021217428820826,True
36.54135416065575,1.0,1.0,2.965225929933544,49.84657334367229,705.9221301508795,0.32888499490483536,1.1369639316314988,7.856230499284774,0.0,0.06431428723663994,0.0,0.0,0,0,0,18.296754527266344,0.0,66.11570486494496,48.588162517629655,8.153145230359184,False
8.0787370049933,1.0,1.0,1.4572847581018569,110.26037144830494,467.65127912849664,0.32888499490483536,14.16029402926023,0.0,0.0,0.06404113906597919,0.0,0.0,0,3,0,5.208773242105764,0.0,71.57297005196064,21.414495721469166,5.653497621858122,False
6.823734631327302,19.197490186879655,5.32761752031826,2.5235921954234133,485.34688020443,1793.036271618379,0.02760260833354902,12.865105385671356,22.057060635165136,127052.33473155383,0.13051113456471625,942.8956704400598,18.912033291853895,8,0,13,8.621537643825548,28.33647468131291,54.650806030131804,29.282031809091787,2.994236967313722,True
8.639850456042284,1.0,1.0,1.0,44.32454077455579,397.9403617584651,0.2697811509974071,7.053566776682435,21.200295398311688,0.0,0.03240996318438545,0.0,0.0,0,0,0,10.061619441028547,0.0,68.56579713219361,35.90996402272911,7.828212427083728,False
19.834390625423993,3.463607314955986,1.0,1.0,156.0003041637896,6192.698493754162,0.0699777997718195,74.55988163809758,32.430818573725304,18172.595353678043,0.12231614496662022,83.12501518639925,3.5510221215948716,0,0,0,4.405940347844236,0.0,99.61281113307466,44.02832456290375,10.73458495581575,False
22.2845823027534,1.0,1.0,1.0,156.0003041637896,951.5143150860712,0.16128018474683653,22.832311076757158,24.53467136584355,0.0,0.1064837228267741,0.0,0.0,0,3,0,3.2567881454698613,0.0,90.86772473442542,47.67837263918389,28.450813051158043,False
26.973620383279517,1.0,1.0,1.3468270038425103,950.8946746769903,806.3341677549487,0.31493709699576644,24.84754899019226,32.65185168239786,0.0,0.0,0.0,0.0,8,6,10,7.788306615989334,0.0,66.25667914637538,47.25335663456822,6.94793852262988,False
43.62922713797792,2.189852205374969,1.0,5.962632158463592,365.38161959591014,2527.0133252724936,0.13087243284095623,48.25016403296554,6.426475458551035,13993.561108653223,0.1814199994116827,923.2479218695507,4.950008528879259,5,2,0,16.455347677875793,1.8162069726342445,214.55944692613184,138.429554389813,23.513304922330313,False
48.28594820645675,6.5299673078954195,1.0,3.5467922013328983,365.38161959591014,2243.9719256396247,0.07745223321400599,35.755378554242974,27.216200230775176,41784.36432380417,0.580165229837097,0.0,33.24360582096524,4,0,8,17.893639729270742,30.034888505436477,117.30100749933354,126.21870284567443,14.612873460051095,False
9.91942325760235,1.1624090978305954,1.0,1.8655195905227941,102.58483882996282,665.4225140125606,0.21184061457540232,9.538426607052235,33.40309619789683,14636.43809650599,0.262653095154633,11407.861670180195,8.879750200055136,4,0,1,9.652705980975613,0.0,76.772981621773,59.94034607405273,54.808772433137115,False
36.20225780161513,1.0,1.0,8.778695884751073,112.99825233696569,805.0065408041402,0.15619967732549164,2.6584172218899713,22.811720581180342,0.0,0.17753875927104118,0.0,0.0,0,3,0,21.466854083557735,0.0,1641.0,8.767256297619054,6.066898611570625,False
16.163817162828582,4.266147407848649,1.0,1.0,105.38532856473671,454.9136707432524,0.1405828311195033,10.14461265838899,38.21697128512953,0.0,0.09517572108880792,33.378249701915536,0.0,0,4,0,11.095904966444614,0.0,40.44616244101715,59.63958840324686,11.021217428820826,False
62.92517499696682,1.0,1.0,3.7186314618582337,143.32650807328804,951.5143150860712,0.5077935780032438,15.159084824069879,4.030046656404343,0.0,0.12572583747742103,0.0,0.0,0,0,0,9.01245872637173,0.0,90.86772473442542,150.23486690366835,27.863166766210693,False
14.50344464173598,1.0,1.0,1.0,146.3086636698169,951.5143150860712,0.32888499490483536,15.24023780034392,12.191464650986596,0.0,0.0,0.0,0.0,0,0,0,2.8831439900225444,0.0,90.86772473442542,64.81283506437475,11.021217428820826,False
65.975630202836,1.0,1.0,8.10412738251781,107.78326430743701,658.1497792433081,0.1698696622318417,9.664583299944248,19.666459949941466,14002.226622848626,0.5526504109467425,0.0,0.0,0,9,5,14.613424346727697,0.0,214.55944692613184,122.88600540850419,8.992404575975243,False
23.644674299146622,5.052538268695584,1.0,1.0,145.1916123320196,565.5488451718381,0.06915913311049207,48.25016403296554,140.35534015353653,2314.334619664991,0.0,0.0,0.0,15,1,0,5.780568778276075,6.44590768144707,146.12568276180545,127.39986174374889,24.484106689395617,False
113.07476170172711,1.0741584451747526,1.0,1.250624600631822,85.3233534299804,495.094525076497,0.15355017802502594,10.171226204530834,37.51585221205682,0.0,0.12783771986459536,700.2966736880137,20.098708729723896,0,0,0,3.293170752020613,0.0,58.883459391486824,46.08090259387208,7.096513386874241,False
12.510649313908733,2.085702980883556,1.0,1.2373107125819476,152.47117218138055,1523.9738239521344,0.09191968835740463,38.81734469065677,39.59560527101726,41222.52310754437,0.16398340556018265,0.0,14.534236757469284,0,0,10,9.802383601717567,10.35491481209753,128.9351381946273,61.81873109835401,23.43082426434559,False
14.871109892409756,1.3977952666573719,1.0,2.077471182365555,145.51854454828745,253.37963423806383,0.4020604412053826,32.08995487722536,22.924603747137933,0.0,0.08635426873061719,0.0,5.748057244900512,0,2,17,7.534630908852989,0.0,74.98645855673828,65.0760673245953,3.93310280446466,False
36.54135416065575,2.6559324463369074,1.0,5.461140793486889,132.2462524885734,951.5143150860712,0.1698696622318417,21.603134288037456,48.86351645881491,0.0,0.18334956705684646,0.0,0.0,0,2,0,17.32181880261732,0.0,214.55944692613184,59.20536834041802,27.487051950905244,False
20.955712289758164,1.0,1.15909737644836,11.252387277934407,97.75433912004945,3471.061873521627,0.16414710053916126,53.98315849312388,20.951088763120932,0.0,0.0,0.0,0.0,0,1,0,18.99613943041284,1.5526159473178343,151.86711015474424,30.70966070698008,10.2571240655898,False
20.870207747634314,1.0,1.0,2.5692624179813555,58.48660292841157,423.5076492803274,0.2360128951119591,22.453722560749995,7.751837503136636,0.0,0.053814477067163954,0.0,0.0,0,0,0,16.48775036815622,0.0,56.259707996402135,14.85415308697183,8.787104666657768,False
8.081108299888575,1.0,1.0,1.0,68.5060471662102,684.5147134211869,0.32888499490483536,18.049641081466465,22.90860562894311,0.0,0.0,0.0,0.0,0,0,0,1.0,0.0,64.18114658120471,21.922881430074604,8.9370310686983,False
602.0,1.0,1.0,2.4929909924067735,87.642382408387,951.5143150860712,0.32888499490483536,32.36150469250746,185.99881275471103,0.0,0.0,0.0,0.0,0,2,0,11.21546348042991,0.0,90.86772473442542,64.81283506437475,10.724493034244706,False
21.94622709722342,1.0,1.0,1.3119697617834951,156.0003041637896,892.6548825604361,0.08625958393315437,14.89400062817801,29.897312189624202,0.0,0.0,175.5954716133794,0.0,1,0,0,3.571928883049699,0.0,190.77697751018272,27.175427456827123,8.439490767733115,False
8.555444961343571,1.0,1.0,1.0,156.0003041637896,951.5143150860712,0.32888499490483536,13.533863737822898,34.17736467312089,0.0,0.0,0.0,0.0,0,1,0,1.0,0.0,72.97395290369036,58.77365630898578,11.021217428820826,False
12.059614598096037,1.0118667463627005,1.0,1.0,146.81412142586942,676.0194212053808,0.16863271098665353,18.168451794882625,35.7011370669335,0.0,0.025081926182664346,0.0,0.0,0,6,0,1.0,0.0,49.46466614343217,33.65644270768283,9.35205811147953,False
20.497888687055756,1.0,1.0,1.3069159257783627,125.16566621708188,951.5143150860712,0.3023318946222145,14.927619659677987,33.0612984739438,0.0,0.09333025248617169,0.0,0.0,1,0,0,20.777330209345763,0.0,88.6854387834814,42.46656722932801,9.564329137164286,False
68.61671564147619,1.0,1.0,1.2676295492767935,106.00300519712951,951.5143150860712,0.1698696622318417,13.32741214603152,17.803891965004635,0.0,0.12332959801477783,0.0,0.33951980053811504,0,2,0,21.074862584349354,0.0,61.00845111279286,49.53877194745189,28.04832898782528,False
11.146313321904845,1.0,1.0,3.029897431844279,127.41120813293225,515.2079811755588,0.32888499490483536,10.611459072001837,17.47765514647773,0.0,0.0,0.0,0.0,0,0,0,4.403646321507873,0.0,90.86772473442542,0.0,11.021217428820826,False
10.918315081431729,1.0,1.0,1.0,149.27539287572316,603.85956577963,0.67,13.567033606869721,29.262153209981403,0.0,0.0,0.0,0.0,0,0,0,1.0,0.0,72.50875407257479,42.47468407678137,11.021217428820826,False
10.164081598513853,1.0,1.0,1.0,102.04633359573765,837.7466211267387,0.2848828038355879,10.185976656561863,14.461991810768977,0.0,0.0,0.0,0.0,0,0,0,1.0,0.0,958.4193467623655,35.28828350630265,7.81852150566151,False
18.872013493003884,1.0,1.0,1.0,95.73168949505603,754.9603077100959,0.3077339541773055,15.392829072020394,17.657860836718207,0.0,0.12768401119871137,0.0,0.0,0,0,0,18.565573189564887,0.0,75.18216426945351,114.33204471806314,8.387576710539097,False
25.665017549920712,1.0,1.0,6.732633159072117,302.52161675637177,426.10677015912324,0.04415208377420871,13.563305644118262,37.62807444454691,0.0,0.1643007026292082,0.0,26.731483938554526,0,3,0,20.033378049437005,0.0,58.65147113610865,118.95783187695648,21.22017791954133,True
21.739586364358807,1.0,1.0,2.0187794161106885,135.51048662396985,2456.7730508875034,0.32888499490483536,17.114464461907456,288.76,0.0,0.0982382606579057,0.0,0.0,0,0,0,12.730572337926194,0.0,78.53391337288679,41.40779373287316,29.07514462412389,False
44.35943911923478,11.724936578096782,1.0,6.800788098340991,346.6843985947031,1826.6148840158767,0.0686372360916764,42.385411129979786,75.54302454644952,99688.49851941886,1.7172246552945891,9995.939678297354,44.15448334561029,10,3,3,21.13238547206313,53.08748451371193,122.69682681543328,150.23486690366835,29.07514462412389,False
27.29733879782128,1.0,1.0,2.725381948994004,138.8431092092854,951.5143150860712,0.32888499490483536,21.77484743031537,8.144101703901399,0.0,0.03819145957578704,0.0,0.0,0,10,0,10.065390025213258,0.0,1641.0,131.93886535585176,29.07514462412389,True
7.853277314378823,1.0,1.0,2.041039765351276,88.87705115355212,1639.0546978465563,0.07571462077949767,88.85629964348495,0.0,5692.927730146713,0.08542166222807297,0.0,34.86372581054144,3,0,0,1.0,0.0,248.7142397205153,135.22636749892735,5.87627348266793,False
20.99761322512979,1.519283049897885,1.0,1.4713947368754619,307.30872957821316,601.1766501720555,0.4849570949452737,13.82128638704528,35.24766978505947,0.0,0.026133764007115937,0.0,0.0,0,0,2,6.716312347185555,0.0,214.55944692613184,58.83356906850024,11.021217428820826,False
7.046626443013736,1.0,1.0,1.0,119.12960748813242,203.00761708879455,0.292051626165926,11.968507903412261,10.303919884140743,0.0,0.08730567574767192,0.0,0.0,0,0,0,4.956952763411147,0.0,28.13077603099334,147.18690573490875,29.07514462412389,False
168.1514515692036,1.0,1.0278872034741373,26.92342546366713,193.78835897388456,5775.576827521312,0.16732978107958144,13.807887178810013,17.139063327066857,0.0,0.15612943645818067,0.0,7.42305387336099,0,0,3,19.51077627611253,6.683055459310957,76.2731911244914,62.486379191327735,21.15625660115179,False
17.063552951742395,1.0,1.0,1.0,706.4353765808404,951.5143150860712,0.2693852935546718,52.330224262326865,16.65726430311004,0.0,0.25947026733521417,0.0,0.0,0,3,0,11.886142955127289,0.0,201.09440990651927,711.4999151089679,15.796621597208539,True
77.73116534414525,7.106226823367651,1.0,5.260745367786066,365.38161959591014,2605.7294385899877,0.04307442632628373,48.25016403296554,73.06614663707298,38965.25170674766,0.8702006844688284,2837.5530120454637,49.20300875839858,5,6,45,31.530765827428077,27.192468579530217,214.55944692613184,150.23486690366835,26.189629527095384,False
6.569221128587543,2.02147512376242,1.7056894804437088,22.189411318272228,51.83667653062764,245.42793952270605,0.3573637993166218,14.94390166444655,53.333619916296705,0.0,0.07617877143996464,0.0,1.2456853766485718,8,0,48,32.12679823788567,0.0,49.02344720056395,106.66888090798173,11.021217428820826,False
61.7855390207196,1.0,1.0,3.035657486792341,108.72903754514283,1979.1690375046035,0.06037387349315565,77.54137482290977,61.87179593483823,17830.023155200055,0.6578748397938963,0.0,23.503645696768114,7,4,1,19.417322382939872,0.0,396.0023009079089,1144.0,26.30497143334685,False
14.949328935157885,1.0,1.0,1.0,118.84071198067312,327.33907479448,0.32888499490483536,16.023255138399445,26.281228814715142,0.0,0.0,0.0,0.0,0,0,0,1.658527859525357,0.0,62.035509869031394,47.954598638665516,11.021217428820826,False
2.969723891323807,2.478761330618958,3.4828073487096844,1.0,120.5720385234707,2244.002725908118,0.40486503151592834,86.13840081320662,29.30257178933479,0.0,0.0,150.1264775773176,0.0,2,0,0,4.770757444566412,6.2852207093961,133.90061034009807,335.84822022658375,6.152215829075898,False
10.58261772373189,1.0,1.0,1.0,89.58143948529285,902.5060031736123,0.32888499490483536,18.85203519115718,24.55531296737885,0.0,0.0,0.0,0.0,0,0,0,1.0,0.0,71.39165104987346,64.81283506437475,11.021217428820826,False
8.305110058316478,1.0,1.0,1.0,152.2085735633222,373.8506028955898,0.2582413439408925,18.44061419000647,23.302364349343176,0.0,0.03338039302887911,0.0,0.0,0,6,0,3.2751920978044033,0.0,49.13819659868723,40.07555247574102,7.359908129383834,False
14.990273108724868,3.151940511116594,1.0,5.60960997313658,332.4237961209619,452.7109893381302,0.12030935582565244,78.83812876429764,12.80179819953168,1989.069900168915,0.11865352207702343,0.0,0.0,11,3,11,27.43441954184771,0.0,324.74282708706073,71.96139291148165,5.081609561314738,False
3.689747789152138,8.393522678931657,1.0,1.7721165054909436,34.225611988505435,1225.280385725627,0.014429222296909183,34.99877651409737,16.003648622831765,7662.29101504539,0.06799888287143015,681.7441589191408,49.12533273326111,1,2,16,9.446432344461899,26.90992348087645,21.274595241555478,68.76012859527933,25.727570249682245,False
8.047153164293057,1.0,1.0,2.4273194440194654,76.35505258157133,166.97922617015882,0.23783140283866133,17.230972533446884,38.63935338400567,0.0,0.0,0.0,0.0,0,0,0,1.0,0.0,30.68590177740989,40.55690982699167,5.737520333826063,False
28.8323287545298,1.0,1.0,2.3760868567608924,34.565627703498926,741.3028464004019,0.1698696622318417,8.896264628762369,1.992674361549522,0.0,0.10954062732833997,0.0,0.0,0,0,0,15.152592778636276,0.0,88.49366486792167,52.407855783076336,31.965488491459006,False
36.54135416065575,2.101873456255392,1.0,17.13595565022145,119.13791346332124,951.5143150860712,0.11702185740887631,34.011262965537114,23.203761889589533,10676.089469217859,0.6279322944780046,6746.57552187312,11.88261115030725,0,10,1,24.246294443430763,0.0,214.55944692613184,100.12173916570302,15.279442383388059,False
3.7789311477924405,1.0,1.0,1.0,96.61430344819104,628.8147424781175,0.32888499490483536,15.272770148489482,29.27477795437738,0.0,0.0,0.0,0.0,0,0,0,2.0348879603571746,0.0,80.96131529986704,46.66592027841609,7.414321973852018,False
0.0,1.0,1.0,2.034164903264593,85.74206420216848,59.99330824427,0.32888499490483536,11.1583454834803,23.93001565061091,0.0,0.0,0.0,0.0,0,0,0,1.0,0.0,33.25647714386687,33.55374150278578,11.021217428820826,False
8.751394852071273,1.019726098339333,1.0,1.0,90.95965270056467,501.64873016660977,0.32888499490483536,10.444658006802765,42.09159572335541,0.0,0.0,0.0,0.0,0,0,0,6.234165824594794,0.0,6.574547882412396,46.40896024933019,11.021217428820826,False
11.524592723162426,1.0,1.0,1.4884358024684083,148.20937000571712,884.0952262775972,0.32888499490483536,13.51357200563498,4.173041799860339,0.0,0.0,0.0,0.0,0,0,0,12.697832978194903,0.0,77.66538549283831,39.901703007258305,7.622395425286095,False
25.243070533198626,1.0,1.0,1.0323658710244907,156.0003041637896,951.5143150860712,0.32888499490483536,19.431286252732683,24.233589887046314,0.0,0.1122625853751768,0.0,0.0,0,0,0,10.144746272167243,0.0,90.86772473442542,64.81283506437475,11.021217428820826,False
0.0,1.0,2.044662014482197,1.0,85.48525996248415,773.3079799338209,0.1698696622318417,20.186178615674656,71.55039582877126,0.0,0.1787194519295877,0.0,0.0,0,0,0,1.0,0.0,59.176144001502834,64.81283506437475,7.726687402046035,False
17.628054306646437,1.0,1.0,1.5424190581481767,156.0003041637896,482.5091685199782,0.5578279790339224,23.866916271759585,30.17044971084964,0.0,0.0,0.0,0.0,0,0,0,14.760373198889418,0.0,70.21856982912092,56.84123896852425,11.021217428820826,False
20.961216807972487,13.413959618849656,1.0202844352063851,1.0,787.2082853695345,5810.3726252707565,0.09494805448703242,48.25016403296554,75.13664189899688,0.0,0.03732185052831881,0.0,33.44406115745481,9,0,1,8.779724298479945,5.6558131818942465,263.52829444467494,150.23486690366835,29.07514462412389,False
9.436158470715563,1.0,1.0,2.2185291351566856,116.32524351344463,709.5115850813372,0.32888499490483536,24.84754899019226,0.0,0.0,0.0,0.0,0.0,0,0,0,2.969803633202236,0.0,74.61415607292366,35.318765619482086,11.021217428820826,False
17.724627005421706,1.0,1.0,4.654515647608352,15.505000243136841,416.1683689924341,0.07697906253675539,48.95472868114129,2.7378706381101736,31912.9511765003,0.14670831946780366,0.0,8.460638322210372,6,0,0,11.494612729814305,3.4005936785547304,1641.0,75.86550764371057,18.96489006720029,False
21.103524458139134,1.0,1.0,9.644876558246319,114.63207364681185,1262.2403103454053,0.67,61.359794273932664,49.3487232761063,0.0,0.11532330687668238,3.2730910226978835,6.65462498583604,12,1,0,11.43585874857825,0.0,47.6618576968114,83.17773058670855,6.520273638242955,False
35.46337769019202,1.4958059418820664,1.0,1.5157660085019318,2785.0,7183.751491926361,0.07628299804252792,60.69157194654554,9.167221275887364,557493.3413244976,0.6787239036116626,501.970133255536,8.131586033287844,0,0,3,27.316391572278263,0.0,450.35717087326003,83.4193154058033,15.800703892453612,False
22.820879106438767,1.0,1.0,1.0,107.42887368041326,657.9448127489208,0.2655416197532684,68.57316866156943,25.438648875207896,0.0,0.07972275603156623,0.0,0.2596327696875811,5,0,0,4.293814774283048,0.0,67.6236855665199,377.6949390851955,68.0293668886182,False
9.26369601217721,1.0,1.0,1.0,105.18796109313033,681.723264973815,0.32888499490483536,24.84754899019226,31.256577024105017,0.0,0.008290502590049292,0.0,0.0,0,0,0,1.0,0.0,87.52759174880597,64.81283506437475,9.979888987981441,False
27.60933985279695,1.0,1.0,1.9389258629809871,156.0003041637896,951.5143150860712,0.32888499490483536,18.42721766493998,27.567021268643675,0.0,0.0,0.0,0.0,0,0,0,7.456792963007089,0.0,90.86772473442542,50.778609225979196,10.291232398097033,False
13.311699918372561,2.1947106323429875,1.0,3.699940296483869,248.3869159973246,740.5333112341797,0.67,78.21437845972739,30.683232449619744,0.0,0.05377022172235461,0.0,4.0786651342861076,0,0,0,6.82546716073599,1.0836786358778463,56.80557997122645,55.93742725992762,7.725963979527228,False
23.605102250421268,1.2732122606497895,1.0,6.9846842463533285,90.90906881768159,695.7258454214144,0.26062248885425554,27.378727126362087,34.79505268211503,27997.88360867554,8.65,427.8785610743025,11.276975576019353,0,0,10,13.531959971056315,1.0111578555585474,57.872759356055894,29.748894047867587,59.42768084594017,False
59.793146581885,6.408132181347136,1.0,1.8733545354855847,675.2008558480587,878.7281356677056,0.1096531320427134,42.31753387849898,45.10143330802575,0.0,0.17805646202495645,53.97539320732898,84.43404505522378,9,5,0,16.81242055020457,10.594677028015916,90.86772473442542,64.81283506437475,17.73209336098642,False
5.285895989668123,1.0,1.0,1.0,120.95294193620757,432.19214306704436,0.3094570095593837,20.4203387547855,23.846704306135774,0.0,0.0,0.0,0.0,0,0,0,1.0,0.0,39.78302716253075,40.28879769630379,11.021217428820826,False
12.496876145112862,1.0,3.255199159083696,1.3442917063753304,61.49728429232101,160.51514932747523,0.4189709567034721,18.769605026545605,18.071812338466238,0.0,0.02853550477273247,0.0,0.0,0,0,0,3.534483002380105,0.0,76.57031275741139,38.28844606598216,2.750523201846184,False
27.65638843618794,5.0078718846056995,1.0,6.006970351784808,129.39505890356025,2605.7294385899877,0.05705544735472815,34.962193962873314,67.34501373826885,21801.95286652226,0.643225810545041,343.45654695625905,11.789371707357121,3,0,2,23.351636537623754,50.45691324350261,143.95667446526403,142.83223266783065,29.07514462412389,True
9.004273655530477,1.0,1.0,1.1289320272099126,77.6960582741728,520.580446702299,0.5578279790339224,2.862160154801638,9.633792137166418,0.0,0.0,0.0,0.0,0,0,0,1.0,0.0,43.60028271437,28.250312523144444,11.021217428820826,False
71.49730898020455,4.506285020774129,1.0,1.938069577343965,365.38161959591014,2605.7294385899877,0.6317735702807192,43.7962636016792,55.299348016782105,0.0,1.3317638566987469,0.0,0.27264966755437925,0,0,2,21.018772636889565,0.0,439.1945163945589,143.40566275069244,29.07514462412389,False
43.05263947337738,3.179266644602215,1.0,8.552557628617357,134.85021299268072,543.6998081820745,0.07273423587461056,14.750021255006061,23.985356081795388,11767.502250159054,0.16227807699876814,689.4970655067232,7.82634574677449,0,0,0,17.596050745693667,0.0,80.63626772114,536.4000001421055,59.533852211700946,False
77.74134550712616,1.2304382003628707,1.0,5.116702699798889,716.253656862385,2605.7294385899877,0.10074924749844191,45.84249347888557,37.09001075029801,45902.151141048744,0.8702006844688284,1480.8482793414364,61.781887575670154,3,4,4,34.16122209222195,13.6512317637927,214.55944692613184,138.27373119063148,13.780284127996048,True
23.146329812689725,1.0,1.0,1.0,83.2284693427672,951.5143150860712,0.5578279790339224,9.12105836230878,28.643972014666474,0.0,0.0,0.0,0.0,0,5,0,8.090734673955614,0.0,82.93467410621022,40.9104111928889,7.052673069718424,False
51.28761658487329,2.3401161089538935,1.0,4.722828634416582,73.2954298290228,741.8421372206138,0.13647498057281376,45.212106971138894,23.447209880651048,9631.001720424,0.0884111682321842,0.0,0.0,0,1,0,14.070993276277186,0.5549512480205285,62.92134580536648,384.2819299768484,77.27912448973063,False
8.269136567505486,1.0,1.0,1.0613153618109938,119.69632622176701,235.93356214846523,0.26477119412303307,15.309377693372547,35.70940980316813,0.0,0.0,0.0,0.0,1,0,0,1.0,0.0,42.50477809241616,32.42818794707199,7.0338843623659315,False
13.793926892175064,1.0,1.0,1.0,132.0336632765403,903.4384950238734,0.32888499490483536,16.871389762854115,22.497602927414405,0.0,0.0,0.0,0.0,0,0,0,1.0,0.0,75.45547102737464,64.81283506437475,11.021217428820826,False
19.530945731939077,1.0,1.0,1.0,95.01238639818229,578.5274252475981,0.32888499490483536,7.964041909709227,26.482514866915437,0.0,0.0,0.0,0.0,0,0,0,1.0,0.0,74.52509781155067,31.820094586483506,8.608715872258529,False
29.65612365597846,1.0,1.0,1.0,132.48032997116718,951.5143150860712,0.5578279790339224,24.65073212084295,20.429166084972618,0.0,0.0,0.0,0.0,0,8,0,9.234517863732076,0.0,492.7773200641743,62.08835043080754,5.47451315719988,False
84.46232450535057,2.55820787011797,1.0,3.9507061665570795,227.48643675686355,6423.6542686039875,0.0561600345560603,29.134213765358226,25.40736951018056,26874.569000728545,0.5477704663306712,0.0,7.57466056041385,5,6,10,29.618150063802663,22.967229481692726,437.91979065590044,150.23486690366835,19.721469127372316,False
10.639145640707035,1.0,1.0,1.7522855772068344,44.690037203154205,923.6502064020639,0.6317735702807192,14.278000887041806,11.845265393886027,0.0,0.022574812857014327,0.0,0.0,0,0,0,2.784081376907423,0.0,70.19464494528972,33.78635843616064,5.875683895849869,False
75.7693309816354,10.197786399501343,1.0,6.090528772469291,690.6722618084896,2605.7294385899877,0.04712111930501355,45.61658502421044,33.17510852930455,32138.05363299913,0.8702006844688284,3029.715400594243,55.85015053532683,5,0,11,22.47419793062302,15.85250442756452,214.55944692613184,150.23486690366835,29.07514462412389,False
29.974093572916832,1.0,1.0,5.117386893647138,156.0003041637896,951.5143150860712,0.1698696622318417,39.42646518101572,81.50418846788583,0.0,0.9698210112384871,0.0,0.0,0,3,0,10.174044925668433,0.0,90.86772473442542,64.81283506437475,199.45545527112733,False
20.031299655988995,1.0,1.0,1.0,102.98876186127737,845.8088164861795,0.32888499490483536,5.315033494173811,39.833922876915395,0.0,0.042741319735902845,0.0,0.0,0,0,0,4.05837613826545,0.0,71.80207363129105,56.16981930450147,27.41869142115171,False
30.787496471665488,1.0,1.0,1.0,137.99549043963495,933.8853974334043,0.1698696622318417,13.999977914676684,10.12254029696201,0.0,0.04080369677243203,0.0,0.0,0,4,0,4.951712129653195,0.0,90.86772473442542,46.84005271956232,185.47624890130237,False
17.711475692164978,6.11978294395255,1.0,7.8513710283831015,74.12593560816103,859.7139737547479,0.20641685470452825,42.76039704085831,9.301437177246733,16842.51697149415,0.057338909425115846,0.0,0.9943810741328036,11,2,0,16.05539724195743,0.0,431.16455124126634,93.24276103307892,4.751451082269234,False
