LOC_BLANK,BRANCH_COUNT,CALL_PAIRS,LOC_CODE_AND_COMMENT,LOC_COMMENTS,CONDITION_COUNT,CYCLOMATIC_COMPLEXITY,CYCLOMATIC_DENSITY,DECISION_COUNT,DECISION_DENSITY,DESIGN_COMPLEXITY,DESIGN_DENSITY,EDGE_COUNT,ESSENTIAL_COMPLEXITY,ESSENTIAL_DENSITY,LOC_EXECUTABLE,PARAMETER_COUNT,HALSTEAD_CONTENT,HALSTEAD_DIFFICULTY,HALSTEAD_EFFORT,HALSTEAD_ERROR_EST,HALSTEAD_LENGTH,HALSTEAD_LEVEL,HALSTEAD_PROG_TIME,HALSTEAD_VOLUME,MAINTENANCE_SEVERITY,MODIFIED_CONDITION_COUNT,MULTIPLE_CONDITION_COUNT,NODE_COUNT,NORMALIZED_CYLOMATIC_COMPLEXITY,NUM_OPERANDS,NUM_OPERATORS,NUM_UNIQUE_OPERANDS,NUM_UNIQUE_OPERATORS,NUMBER_OF_LINES,PERCENT_COMMENTS,LOC_TOTAL,target
12,3.050667208578859,0,9,4,51.17583788992817,13.564104526929256,0.5339550363293586,6.935680998819866,0.0,23,0.6359586391148957,43.57743393387828,12,0.7402630234433505,26.78480668467184,1,61.83542046881317,15.271133453367725,0.0,0.0,1.0,0.17358292025370678,0.0,0.0,0.36212845047459963,0.0,4.111352927254492,4.899579576886776,0.6690449660382752,74.81761957988462,63.23946245058639,52.331607729715955,9,9.542926857528862,0.0,15.813240309055102,False
0,2.833779610525057,10,7,0,0.0,14.346156422587935,0.13500389437830174,4.94737093760688,1.7063124355269041,19,1.0,5.041837578093514,1,0.015181596983843908,10.846902903178403,2,0.0,4.037372471731973,0.0,0.0,1.0,0.1820172688654773,0.0,0.0,1.0,0.0,0.0,5.0883318977939025,0.01,0.0,1.0,4.419563905668123,11,7.801577441097011,0.7786587914512597,0.0,False
7,16.7970676033275,6,11,0,47.68319216557392,6.076688707630315,0.1780961434993099,5.72887146633709,1.5128835996021728,3,1.0,15.839741531642483,7,0.9963101909363994,54.33466970077791,4,0.0,12.4023987843571,0.0,0.0,1.0,0.1820172688654773,0.0,0.0,1.0,1.7572059952234973,0.6100526170114513,12.601137775557454,0.5228015485753212,94.07448327760315,62.16742145691198,25.567676926227378,53,1.0,32.116106475298984,5.928652070436821,False
0,1.0,0,0,6,0.0,3.594867436811291,0.2909483730595282,5.399708027814911,0.0,1,1.0,1.129743322495309,1,0.0,0.11570555310599495,2,0.0,10.733731568195477,10839.759293995434,0.0,1.0,0.14893017746039605,0.0,0.0,1.0,0.0,0.0,2.0,0.11601459305917192,8.756806494570753,43.3584369984319,30.041736131811085,6,1.3095461283233938,1.2114730386493244,5.200052012918354,False
0,18.10810570991156,1,16,14,32.95486058249591,14.346156422587935,0.28389660416986123,18.362508589994867,2.1211887573672192,6,0.905925623628311,49.52420456822293,4,0.5464603318688728,81.3702725742137,3,44.29111409491551,62.490397484803935,0.0,0.0,12.61169423134939,0.08278630591398363,1110.7684486238472,132.0116338465068,0.17845414761501716,1.069905072072126,13.1352824933684,2.0,0.01,111.64366665624402,1.0,27.416423294117777,19,34.63833221695132,0.0,13.669521180771554,True
0,3.8183000395493423,1,0,1,18.007986833991083,6.116538313377014,0.3692729536006475,3.5659362094553932,1.9581975467496517,5,1.0,5.295131645228531,3,8.070688353070806e-05,11.149832168952289,2,0.8925866246075174,4.268685122173633,0.0,0.0,1.0,0.1733746206913624,0.0,0.0,0.7976815562051589,0.0,4.261057436756929,11.326872976579885,0.05346579382366615,0.0,14.77571521258095,11.613187853303275,8,1.0,36.27020876689824,3.9604261970501105,False
13,17.978504439810003,3,5,0,38.76370025444187,6.116538313377014,1.0,6.488599269642772,0.0,3,1.0,141.47271149256858,3,0.7706439991766997,31.219638777645752,3,0.0,81.54223066119114,4967.63767391333,0.2872753435446267,57.0826690813696,0.1820172688654773,0.0,0.0,0.056505743541714476,4.195994488100671,0.0,17.662973659767815,0.504910913803569,74.42598467060513,55.42972026006133,73.28708155133566,21,4.500942631581054,3.8845596483094713,15.155225032261745,True
16,17.345537036694232,8,8,9,45.21125653716037,14.346156422587935,0.23593331400395448,85.82579618840184,1.1995671255628313,1,0.8977062013678061,42.16614606893525,2,0.59063700503366,36.646621054783886,2,15.61713727336155,42.233733753673704,26016.60266031789,0.5932512755415478,1.0,0.1820172688654773,0.0,1236.226259789531,0.02,5.895561899590225,2.381937259501802,46.77130517212534,0.23772752244416503,91.47762473214138,126.36296323583274,73.28708155133566,31,30.0337098172047,48.36542916167077,75.95921916416151,True
0,2.919735180723732,1,0,1,294.56843792245246,4.327758227990659,1.0,4.535960036573053,0.0,10,1.0,6.837785487531122,1,0.0011044316184901791,0.0,1,0.0,12.843346952236981,0.0,0.0,1.0,0.165261375492599,0.0,0.0,0.9711875864144127,0.0,0.0,17.05390873941836,0.23790350560643897,5.842618298054637,1.0,11.193621734362898,9,4.385912341998212,0.0,0.0,False
5,25.886812845414344,1,9,25,35.88866192068383,6.116538313377014,0.5225655236744358,13.977761349408048,0.0,1,1.0,35.116889001015025,1,0.861248602469241,13.844178031964539,1,30.46007069657619,18.49607632279718,19659.580685013963,0.1074295756786591,1.0,0.11274664310917201,157.6268055625841,5.222628443450361,0.5329740251456241,1.5704688980095336,10.998331684356813,21.024266402994662,0.2637475283573083,108.5119900059151,26.267906960753265,16.37432396916407,21,14.603109941848352,1.5324907804283925,12.599728572173344,False
22,42.576748278594394,8,3,17,13.66784556633339,14.346156422587935,0.32954664910122455,14.53355598077652,1.8459976232166357,3,1.0,42.84077520486559,4,0.3799735604873426,36.4643016609361,2,48.40949456217503,22.144977263284993,17238.999772818017,0.0,1.0,0.14180889855433643,14383.110920432184,1310.5114815449479,0.23497183712062916,0.09138991944525543,9.272930626841989,24.38021985569376,0.24720051297202256,29.775973222432633,176.28451478474545,193.57072125938757,20,51.06555313152597,0.0,48.1112116539516,False
0,30.262237564076578,4,5,7,7.232636366402591,3.5084879613659115,0.5595022771412681,6.250538510821336,1.89456972509118,1,1.0,64.6488149208072,11,0.0,4.035377987868468,1,0.0,4.114194440301215,1809059.1580068844,0.040820911992349496,1.0,0.6139969303140319,0.0,0.0,1.0,0.0,0.0,2.0,0.15767921800512924,0.0,1.0,10.307027033042889,22,1.0,0.0,0.0,False
0,1.0,0,0,2,0.0,1.9830799001802586,0.4138132732045551,4.670555649593284,0.0,1,1.0,25.917996400134395,5,0.0,15.419648858615874,5,0.0,0.0,0.0,0.0,1.0,0.35266612481424364,0.0,0.0,1.0,0.0,0.0,2.0,0.01,17.428279539852312,1.0,0.0,1,1.0,0.0,0.0,False
0,8.119592074219469,8,0,1,90.73701604225954,6.116538313377014,0.5850969755448421,3.1369766360523785,1.809956653712996,1,1.0,16.669801818759066,11,0.0,30.27932789634469,0,59.52549111696126,14.07837046033951,21740.73555368539,0.0,1.0,0.14168743329400535,0.0,0.0,1.0,0.0,1.2151556508672776,9.72054984646886,0.09697068345467605,34.33767094974753,46.2175957988663,41.53967354329302,16,1.0,0.0,5.0330466282602515,False
0,16.699198336680965,1,6,41,25.640183459234002,14.346156422587935,0.2247271382306935,53.83313881991383,0.0,23,1.0,25.30330894465844,5,0.0042950269889925905,18.393314028518397,3,19.955695331870494,21.674664362284155,0.0,0.0,509.6759903508026,0.13718197350954242,13698.707884062376,0.0,0.9830995247002821,0.0,66.50995934280267,2.0,0.11222423876220797,83.50323137542483,1.0,25.8627249847018,16,1.0,0.26627542170514573,2.560538614583593,False
1,1.0,2,9,8,3.1782211839256234,6.116538313377014,0.48680090100920803,2.249148555711149,0.0,1,1.0,18.34804899319998,1,0.7879460364986176,0.0,3,0.0,13.991177272223908,18895.795721909333,0.0,1.0,0.46451840240072106,0.0,0.0,1.0,0.0,0.0,2.5425842884925114,0.05350953004967401,0.0,1.0,25.588611001490673,2,1.0,93.94,52.60902515581497,False
0,3.347679254683063,3,3,0,1.3790114816932615,6.116538313377014,0.70907226382282,5.996183687331248,0.0,8,1.0,12.418550605917297,1,0.6292716213482115,18.197231846235685,1,0.0,16.603773998293853,0.0,0.0,1.0,0.1724346448772014,0.0,0.0,0.43814244117174395,0.0,0.0,6.16135222234548,0.06713730812044126,1.2276194931430275,1.0,19.25364526781607,9,1.0,1.9921833533638569,1.6752261367777432,False
62,1.0,7,0,0,0.0,6.116538313377014,1.0,31.136775244675192,1.873352087871895,4,0.9997569515680496,11.434283594999,2,0.6375630457938453,30.00551157004972,0,44.689154136747035,14.716450158574238,47841.127648753594,0.0,1.0,0.6590745701064759,0.0,6786.986488371691,1.0,7.074183063118315,1.4136833535908377,13.416828005758694,0.2208037841345054,100.463797783719,246.76604104397973,5.364732192335614,6,22.549088524793316,5.406517174999667,22.764848609233,False
0,3.6601924815671714,1,0,27,1.8546667882896397,6.116538313377014,0.6471648173268925,7.733006141630029,1.7853850344801163,12,1.0,52.72865957875047,1,0.03169128371341311,9.50399579964858,2,0.0,18.217930501810585,0.0,0.0,1.0,0.1820172688654773,131.8779828597696,0.0,1.0,0.0,0.0,16.55685708287538,0.27706413423224185,1973.4800436116525,22.9025580432441,95.0579538290208,6,18.690680698641994,0.0,817.0,True
0,3.000314750177376,5,0,30,3.2151833223403448,6.116538313377014,0.2817084747442334,33.489307279982505,0.0,1,1.0,20.492387056195966,5,0.0,14.059138221506704,3,44.8606998380412,2.188505345190757,0.0,0.057080780792487074,1.0,0.09432637545649075,652.1658354907743,0.0,1.0,0.0,1.7383424326866197,2.0,0.01,25.227388803709914,1.0,14.122278285071635,9,8.670976856888629,0.0,0.0,True
9,6.880397228650569,1,0,3,0.6498728581509785,34.64593185163385,0.2883709239032103,1.4769431160642406,1.5378121019924036,12,0.6635856372525218,15.813942737853168,4,0.0,6.346242647740656,1,22.67940724763153,13.656445512272128,21883.381662644126,0.0,1.0,0.18055158952551797,763.0259179915233,0.0,1.0,0.0,0.0,2.0,0.23565921403922158,8.741525886727134,1.0,680.2601713451495,5,78.35896714095381,0.0,1.0522987176859377,False
27,5.21463531695825,0,7,10,3.9757494826737423,6.116538313377014,0.2839528539612203,34.53727812779742,0.0,3,0.761684719580253,128.16242676188182,5,0.40505212874026686,25.99205739757911,1,0.0,281.13,330.08996258536445,0.08155333476210139,1.0,0.1820172688654773,0.0,0.0,0.5573849210007414,0.0,1.9587326141577774,166.91971309188904,0.18849750884293298,78.29539965633317,72.1211531397151,29.000300025322744,17,3.3353440161147674,2.4769956824614936,26.94877264421184,False
0,1.3757666888214513,1,0,14,0.0,6.116538313377014,0.5803278305557272,17.38174980102084,0.0,12,0.5251836704641556,507.0,1,0.9010922743645638,48.96623520547469,5,44.98843245009064,4.660686298469754,18991.2676648608,0.0,1.0,0.1315436453815349,272.5595203651407,0.0,1.0,9.128015526848216,9.51001191391736,18.225233291178036,0.11303522083605616,139.71420756189798,77.12147804343375,8.038722981444465,4,76.61733702237117,1.9919410300127252,9.50730919705896,True
2,19.70939825968141,3,15,10,105.76969531141492,14.346156422587935,0.1275898795335814,48.46614355564708,0.0,5,0.7888902977564618,507.0,3,1.0,17.18125335506047,2,0.0,22.144977263284993,6701.373807039914,0.04157624882060623,1.0,0.1820172688654773,0.0,0.0,0.9582961722691001,2.7689597307260274,0.0,71.05638371729853,0.2791194793073195,81.04151113279795,59.70214545104468,31.157136490151107,29,5.1940311449780765,41.96885852005106,41.48161792989131,False
0,1.0,1,0,6,1.7051047250640576,11.413787551658976,0.4495746423001691,13.095110991348594,0.0,1,0.5098991997308817,5.029627322808488,7,0.3490578943057637,7.766872030387189,3,16.914842967380707,6.977960682545691,133349.48370988018,0.0,1.0,0.1299639877624832,0.0,0.0,0.7483739111014228,0.1442162269396845,0.0,6.053445836992093,1.0743455323922966,101.34117218542352,17.93720815551795,11.585790552677429,4,1.0,0.0,96.65791817164602,True
0,13.920103174634134,5,5,4,159.9630336290504,14.346156422587935,0.3456909375010341,18.362508589994867,1.3044176052676526,3,0.9284783828719576,9.357027021057949,4,0.01850671039240876,31.552059637265895,0,36.34931408462083,33.09044875358302,103722.53511062113,0.18654806672175137,1.0,0.12169767783845489,0.0,53.81891852540525,0.9514077298798412,0.035350884048463094,0.0,11.35327843951967,0.522875636451483,71.38443457574895,113.44683472145738,25.316955763235782,12,1.0,0.0,18.98018105491628,False
7,44.06006209018767,2,13,10,60.484223597598046,14.346156422587935,0.8088896948062243,37.66188061911584,1.77496858516203,5,0.7733515911580479,45.47193833825836,3,0.5066933828399133,27.59972432825132,3,693.3072958561382,60.78725195612796,87619.88514364624,0.40294471939820636,1.0,0.33924530550589255,219.95579043307362,758.259217302365,0.2081977478086861,0.0,11.466577259725277,20.32753969709974,0.14407224598607324,60.00945678285535,134.42452203941411,33.53407023110325,9,1.0,1.0109324285746246,45.71095361167402,False
0,2.1306819187586403,2,0,22,0.0,6.116538313377014,0.4351704159769151,8.11751784464927,0.0,1,1.0,25.917996400134395,1,0.0,15.10884849474455,0,0.0,0.48956022147688394,0.0,0.0,1.0,0.1260767104024717,84.37801562640226,0.0,1.0,0.0,1.6625774567620344,2.0,0.01,48.94095803464418,1.0,9.118447672668104,8,1.0,0.0,0.0,True
0,9.767791745395552,1,2,6,8.350320498912389,26.10156706280727,0.3457435414975084,18.16504318014563,0.0,2,1.0,18.94487809537894,12,0.027117657632126237,24.42663331819492,3,0.0,11.933587568768376,0.0,0.059385358348497064,1.0,0.26180622299008294,496.0971524666888,0.0,0.3007340255462354,0.0,0.0,13.755066440650232,0.3667512118585262,5.111788916777886,1.0,41.2648673462566,11,1.0,0.0,0.0,False
5,4.541253941098542,3,6,7,3.2320490685006718,12.22864344308642,1.0,16.957226432119835,1.3758518566337872,1,1.0,181.2272314336446,8,0.9975083742402802,5.268651430683055,1,93.85358605315707,37.47204892110133,3190.2345379292587,0.2949830670936561,1.0,0.09663265194493414,1059.665823909424,156.06634156037683,0.9701609548012285,11.261882705086391,0.0,46.927576003774405,0.37056590081053287,17.7739149753113,35.42338209791206,193.29167749507496,13,6.298639826373872,61.0003829103668,295.9192615492489,False
0,14.651686949624324,7,5,15,1.4313304119509118,5.4621404983753346,0.5403894282711064,5.147128777900688,1.5292357952566937,1,1.0,7.779719205529359,1,0.0,16.27333095841745,2,0.0,9.349148145897683,0.0,0.0,1.0,0.13708545017298493,0.0,0.0,1.0,0.0,1.6763007585890104,7.668808085212062,0.2116653009108143,9.816382671632375,1.0,787.0,12,12.649829374273803,0.6998593155966374,0.0,False
0,12.510107615065657,3,2,12,29.05273148663929,14.346156422587935,0.6870239652002057,4.118199726125237,1.790423615544343,2,0.8474138680806316,16.213675418212958,25,0.0,18.168435312398948,0,8.642481144358749,4.2474030587435685,115744.26665715358,0.0,1.0,0.1820172688654773,0.0,0.0,1.0,0.0,0.0,12.3378212839302,0.0441535966486796,157.14238088614312,1.0,57.989366946779924,7,1.0,26.307742930317545,16.419412350164855,False
1,191.40848721639816,0,0,1,3.6242476025094543,2.303730064713698,0.36531200642918515,4.051763848535445,1.9107721813645864,42,1.0,15.445795454263642,1,0.0,15.083569089455798,1,13.825648263228011,12.708944704408648,0.0,0.0,1.0,0.6605531552840955,0.0,0.0,0.9881988569886011,0.0,3.1571922453539143,7.898921155824716,0.06652240497939206,3.4311675752477946,1.0,0.0,12,12.98679731855434,0.0,0.0,False
15,14.75382710899719,5,13,8,22.331268971883453,12.3971325229586,0.23003852795310553,53.73050671168393,1.7515233257927332,1,1.0,35.724057894163664,3,0.04984916044355657,13.984559738808674,2,0.0,42.233733753673704,11017.796119773426,0.2700612639350872,1.0,0.4231612287732352,0.0,1419.6826116422515,0.02,7.6204975969817745,0.0,37.982142279097545,0.4175566581853388,50.86169782113874,66.08282664539573,73.28708155133566,18,1.0,93.94,66.92787373209504,False
7,20.89018910102498,5,8,9,39.927963671785115,14.346156422587935,0.23290383631944483,7.968331178148079,1.8355969962841465,1,0.9115063261172116,21.451862706054477,2,0.3297236172003573,22.764337191428318,2,0.0,42.233733753673704,0.0,0.5252397530895117,6.954249331674163,0.15687536195088408,0.0,95.411148374155,0.13164163405067464,2.6902841862669993,1.0113840953435158,47.03691574603057,0.2252301547591322,60.96286199239496,64.27759304746999,129.9377582877512,24,1.0,14.196012166523328,142.7918285419229,True
0,8.585749086418572,20,1,44,12.366886878896727,8.805458020242066,0.454210429191168,8.11751784464927,2.138135416709784,6,1.0,507.0,5,0.0988665014378074,24.71350985153746,3,29.455528385957912,7.921077715151992,0.0,0.0,85.26114372857272,0.06383045715014557,330.9308500600991,0.0,1.0,0.0,5.906649144850886,5.680412750706434,0.037454163451218714,29.78530018382108,1.0,35.45978843930158,35,1.0,0.0,0.0,True
4,17.327397011705905,4,0,1,15.607284398123959,31.966698204191196,0.10066365348461664,13.453591511552332,0.0,1,1.0,5.277130884977532,3,0.008105510795735588,0.0,3,6.217073316841052,22.144977263284993,5143.286405937264,0.30794666377222407,1.0,0.10709475400289148,0.0,628.4974605647016,0.957343144469251,0.22668033354022699,0.0,26.695040541479983,0.33778664594100755,80.76753126552775,1.0,73.28708155133566,19,1.0,21.658837415532787,25.794555319414673,False
11,13.509319981586053,6,7,12,22.658994667855325,14.346156422587935,0.761046416738236,18.29401957197291,1.7515233257927332,5,1.0,45.14821819995042,4,0.7012924284932824,33.061877694695596,6,0.0,22.144977263284993,16104.061222870285,0.4976115600042327,1.0,0.1820172688654773,3303.123467554088,616.1226572494188,0.15351853168089258,0.0,0.0,19.241146438599717,0.8106127378706578,199.68777863655842,20.56973986404501,62.60747164266632,17,27.79379576879624,1.8476579425026605,39.06256714900867,True
0,1.0,1,14,12,5.312947934578793,6.116538313377014,0.33847752630103034,0.2747853062233312,0.0,1,1.0,1.0,1,0.04074549387087129,0.0,1,0.0,13.41716948490596,0.0,0.0,1.0,0.5331305446594664,0.0,0.0,0.9622964403195551,0.0,0.0,2.0,0.1885369380460296,0.0,1.0,31.157136490151107,11,1.0,5.226528486707409,0.0,True
11,3.4914839658972596,0,0,31,18.166824488746613,6.116538313377014,0.3083295821052841,5.789983028582321,0.0,20,1.0,114.09101236038339,4,0.02380838816979421,97.99347333492884,0,26.45094084498827,7.687389852168699,28869.017532518697,0.0,1.0,0.12659078708681704,355.07413960888476,0.0,1.0,0.0,11.999348976287957,8.056258424754583,0.12405163079268419,0.5694829537920967,1.0,3.99029944096353,10,32.022828138075724,0.0,0.0,False
0,20.0947845149576,15,0,15,91.87179454595254,32.04069444887082,0.25423675389947,18.362508589994867,2.4080860923261103,12,1.0,24.938285221548064,16,0.25624802033107835,32.449374105901896,2,9.164526162727213,22.594357659251536,0.0,0.0,1.0,0.13548758157309676,183.13785145124902,0.0,0.10773887971766755,0.0,13.912331419154544,11.955032058840345,0.07667424815149752,98.98943683648308,1.0,16.236849391798277,9,36.57245123386432,0.0,5.674212286058765,False
0,3.6477843224472966,11,1,9,14.257899664642112,6.116538313377014,0.3473393930408601,5.546680940130978,1.908076677950312,6,1.0,13.01108066982954,9,0.0,0.0,2,0.0,4.005908419830066,0.0,0.0,1.0,0.06809589817068175,0.0,0.0,1.0,0.0,0.0,9.49436293253065,0.01,4.977613310105713,6.290151248176244,14.02375076232246,11,1.0,0.0,0.0,False
19,13.025221849999497,0,0,0,0.0,12.156848043424862,0.6023242464581738,2.195966789645034,1.1995671255628313,7,1.0,1.0,1,0.030014474739702597,4.465059822427305,2,3.220192853555691,22.144977263284993,10733.432394725995,0.0,1.0,0.1820172688654773,0.0,390.4190855522712,0.9977632235236624,0.0,0.0,10.827568634040874,0.5481981676947639,43.547666645670105,34.37498290121968,102.6943922900677,11,1.0,4.214646400320992,285.0630738428908,True
13,17.66201341893106,5,10,5,26.28515067458924,33.904101442783116,0.7261247139222842,21.776553145136557,1.5539642691625004,10,1.0,99.07453303957016,4,0.3597549390126291,58.88147814571082,1,1494.901970832106,26.128214163837708,606637.8406547086,0.02050352416114929,43.53180876825053,0.11240197038561835,0.0,380.75537004616285,0.3476017645426334,3.306581068476085,5.028278618855086,12.041410015808664,0.13067824413508786,288.88032317260536,156.05284402578235,42.73207351991784,22,20.534454192362602,1.4373449868931067,51.05974576441241,False
5,6.9231450040263836,0,1,11,25.056547103983775,90.15292957204908,0.8194936283489753,8.905278098259894,1.9252224599885255,36,0.6161527425624225,161.4444237105576,4,0.4002524488796731,46.75411282638221,2,29.730242738076328,3.805360672116357,139105.20722405595,0.0,1.0,0.14418284414085764,388.65969175819987,0.0,0.9970962513893804,0.0,0.25636909729596136,13.711395368934227,0.4111480363606121,15.945594596434578,10.827918777991675,57.9892285310667,8,1.0,0.0,4.1045474570067775,False
6,12.766051917791437,0,0,33,0.5414952853968686,12.117992944966888,0.4136238554703474,12.188194306657529,1.7787860084870954,1,0.6786052496544085,3.0207573066611495,3,0.787125085815511,24.18537370095095,3,0.0,34.137924695244195,0.0,0.1652722444548973,1.0,0.1327643976725018,0.0,139.70748475494753,0.17044518018539034,19.60507813898643,0.0,42.42325552681201,0.2777705439804006,0.0,29.678483209711473,29.672158765987618,11,1.0,4.021960909490987,170.64392539288104,False
0,1.7888117422226546,2,0,3,0.4066639643809551,4.3214068917582065,0.2634196107248372,8.11751784464927,0.0,1,1.0,22.90997841189099,5,0.0,25.51152127190045,2,13.072628047442166,4.134953486818276,5106.848443355531,0.0,1.0,0.15685117606541207,0.0,0.0,1.0,0.0,0.1075256611071369,2.0,0.01,19.69605859104151,21.909238874054473,9.297623950876462,5,7.6942823863199745,0.0,0.0,False
0,29.85324335471362,1,0,13,10.504667193944693,4.675169029885473,0.30234620133400536,88.32918519230832,1.8341578715052682,1,0.997234971779464,23.059772501522367,8,0.013824138541854375,20.393238966711454,0,0.0,281.13,5358.3085130900145,0.0,1.0,0.9930726693558465,0.0,0.0,1.0,0.0,0.789203547623248,8.068698602206059,0.47157767210390245,5.930733938198761,1.0,15.26046239369591,46,1.0,25.63470457838038,1.2146548994589885,False
18,10.765259272522439,0,0,0,24.600537695686292,5.448263406147179,0.40766045914153654,24.861505596631353,1.7626299584825573,2,1.0,22.501049621969873,1,0.05846907516958573,0.0,2,0.0,22.144977263284993,4464.3830162930435,0.16259427287395006,1.0,0.1820172688654773,0.0,0.0,0.9248193395398524,4.407457394223223,0.0,38.535853112168724,0.28957887330181015,20.11178961640828,1.0,31.157136490151107,23,1.0,77.97905724427994,21.765894780245134,True
2,1.0,5,4,5,167.00942447585246,6.116538313377014,1.0,1.2682339434842946,0.2617038645715284,3,0.9870428195507701,4.769629080020525,4,0.00756200344864523,7.604841099944455,1,8.932177971420273,128.06833546879807,5195.677120744997,0.0,1.0,0.4876551438289482,0.0,0.0,1.0,0.0,0.0,2.0,0.13422257742537758,29.42678104047392,24.597165102480872,39.89745627423471,9,15.80272024883497,2.0970657618850526,0.0,False
0,8.123949908274913,1,4,25,0.0,4.532938228902921,0.2731477443278994,136.36618276759583,0.0,2,0.7395103323876828,35.13664419559744,3,0.0,11.350025230321476,0,8.866323422921399,7.797072767543452,8203.217836642467,0.0,1.0,0.22603239542527664,0.0,0.0,1.0,1.3751683631038953,0.0,5.37021632529944,0.20850833828188914,82.9153913481497,1.0,8.311468828429348,6,2.711649302940872,1.6113493863175627,0.0,True
62,7.663041906076941,1,0,0,25.38410360234952,14.346156422587935,0.5077943986402047,3.8956681201678127,1.1995671255628313,1,1.0,4.313479866954063,4,0.04873029487475372,26.607458680987897,5,0.0,42.233733753673704,4701624.47,0.44054172020125515,1.0,0.1820172688654773,0.0,2166.093628133174,0.4304505651237614,29.277360071808396,0.0,50.29107049747813,2.0,107.28221957189996,85.4550350325792,185.24409204967571,21,1.0,90.87241880127122,75.95921916416151,True
0,3.098953280597525,5,0,2,6.4091699091913075,6.116538313377014,1.0,6.685162761268146,0.0,1,1.0,86.60693671428336,5,0.0,6.227761440734897,1,0.0,5.701995663113224,6693.6827910997445,0.0,1.0,0.17026079987455042,0.0,0.0,0.49348587816011946,0.0,2.551751395452525,2.0,0.010132994298638204,9.100675810764034,1.0,24.273201157744076,12,1.0,0.0,0.0,False
0,3.321825202296545,0,0,1,14.997273545234068,3.0391032205334376,0.4550637967986455,8.11751784464927,2.7966149051115172,23,1.0,15.010161716231874,4,0.0,29.386816005701967,0,5.39311143075037,0.0,0.0,0.0,6.333650602593728,0.09644533428050227,391.1974651463171,0.0,1.0,0.0,2.8745484589267933,2.0,0.01,14.661507324688497,1.0,0.0,9,1.0,0.0,0.0,False
8,14.482053744133946,3,14,6,15.000807207652608,14.346156422587935,0.23616325578364022,56.7275309688563,1.7515233257927332,3,1.0,43.722510179514714,33,0.8745788282790771,2.729912903220777,2,0.22543800178607398,22.144977263284993,13385.070776094317,0.4381602931695024,1.0,0.1820172688654773,0.0,79.01942227675863,0.1342626596146596,2.6702175227881284,0.0,37.847603472231114,0.21978690410935078,43.778025706380916,7.142322939412665,73.28708155133566,12,1.0,2.7828049284050667,108.64944486500802,False
0,1.0,4,2,0,3.282977354774302,6.116538313377014,0.5205460891358613,3.2165096238107695,1.8143867246581569,1,1.0,14.554028296448731,4,0.011399659328422561,13.463348750789715,2,0.0,12.684088770042187,26284.96670388013,0.0,1.0,0.33924530550589255,0.0,0.0,1.0,0.0,0.0,8.930305692399084,0.11614686535006984,28.95365007565042,13.932227382773439,156.27106237083743,5,1.0,3.0517948272127975,0.0,False
23,14.300279338681094,1,8,0,39.20985797662882,14.346156422587935,0.2025865599548597,15.47535587427096,1.7515233257927332,1,1.0,24.67686501929055,2,0.05846907516958573,0.0,2,0.0,42.233733753673704,32221.64111793089,0.15746444792842582,1.0,0.1820172688654773,0.0,1569.4987973033578,0.9445123335579434,3.813690733507271,0.0,41.717896890722756,0.3160681277224848,51.43727569857336,138.21840209238653,186.0155452083447,33,1.0,90.87241880127122,62.97876463385489,False
15,10.487020690005137,7,8,25,9.630438100760747,14.346156422587935,0.7740444852949268,4.191740503850109,1.955512640227009,3,0.7239940235578166,12.056147514639429,3,0.0,138.26067861543166,2,0.0,13.199092471854431,0.0,0.0,1.0,1.8295284099758162,0.0,0.0,0.5320610353721705,0.0,0.0,12.94870467881029,0.2539440203823758,42.13937645695809,17.7709757052388,661.1963908730588,17,61.669736088895334,0.0,18.02458394863247,False
0,104.78328824028162,0,0,30,34.3052989665517,6.116538313377014,0.8471193367709632,5.260361382406426,0.0,18,1.0,17.079536911889168,1,0.43050859229018945,10.124703037822934,2,274.01822347217103,0.0,0.0,0.0,1.0,2.0,0.0,0.0,1.0,0.0,0.0,2.0,0.01394581936265768,137.40822681762552,4.019500321809918,3.3771916760770866,11,4.5988868726123675,0.0,0.0,True
0,1.0,2,8,28,5.785590418779007,6.116538313377014,0.3394838770833387,8.11751784464927,0.0,1,1.0,47.685646984126706,5,0.0,5.425984524876787,3,0.0,18.879562802462196,0.0,0.0,1.0,0.9930726693558465,329.4796078464681,0.0,1.0,0.0,0.6844030150435798,2.0,0.01,74.36642595219448,1.0,18.539493441355,4,1.0,0.0,0.0,False
0,6.678025145109826,7,0,25,89.25856869136442,3.3269996495834278,0.25082659507966903,8.11751784464927,0.0,3,1.0,14.750036980943232,1,0.0,32.766249637556385,6,11.151431368511247,2.7811511068580037,0.0,0.0,18.677721217403437,0.0,435.315689136196,0.0,1.0,0.0,0.0,2.0,0.04813754982801183,2.436170557054579,14.49796226121314,10.668127470796229,11,5.297382515376846,0.0,0.0,False
0,6.928011380522159,5,0,17,7.011784808528946,4.59255355976067,0.8044213486419914,56.7275309688563,2.2323999555333023,6,1.0,16.376499489766783,3,0.4047141311334698,111.756964580556,2,59.49617685484115,20.402149962397143,0.0,0.0,1.0,0.12196850103431996,446.33842230810353,0.0,1.0,0.0,0.0,20.062745370147283,0.13886904508207484,17.40337546978652,50.77852286902224,9.754217399176529,61,6.891598639117115,0.0,4.306207950465353,False
0,20.30849224352165,2,10,21,3.6027361302115297,6.116538313377014,0.35350311856163086,18.362508589994867,0.0,5,0.6015818379672806,56.93163078922427,1,0.4045815742693296,40.78634082031595,1,8.756057014849683,6.474854258543086,0.0,0.0,1.0,0.15934982393062344,528.7290836253514,0.0,1.0,0.0,0.0,2.0,0.01,166.73529737607933,1.0,44.502268964016906,8,1.0,0.0,0.0,True
0,2.457425329239648,1,0,0,20.261495202864197,6.116538313377014,0.5193624422988218,0.0,1.7875731309772187,2,1.0,54.51745705167487,4,0.5748873952913419,7.39097625257698,0,0.0,11.238231436967753,9574.622831346252,0.6260961506448446,1.0,0.1820172688654773,0.0,0.0,1.0,2.8724107953986167,0.0,2.0,0.18215976389806782,19.22222829624117,57.582358041453844,26.64268431815199,4,1.0,2.001857152490784,53.90753448332892,False
18,12.293369801553059,4,8,5,37.5918226306377,14.346156422587935,0.4690759671958774,41.78490654397562,1.1995671255628313,1,0.9823691123692362,23.905080669968353,3,0.8121725951555285,48.56525971034115,2,4.138002500316187,75.97246266954772,91146.52413038035,0.3645990951574454,1.0,0.1820172688654773,0.0,1111.0675005735325,0.02,2.338627449409625,0.0,37.02150156432933,0.12784567682719478,135.31607309598894,57.8329417925804,73.28708155133566,26,31.38859264236622,4.568957331578852,75.95921916416151,False
0,1.0,1,0,6,0.0,5.99203829472887,0.6828256767143281,2.4567090576683253,0.0,1,1.0,15.00530089458735,1,0.0,5.036721977894221,3,0.4382237099538351,0.8842256028888871,4674.4970840629485,0.0,1.0,0.10084952530353433,0.0,0.0,1.0,0.0,0.0,2.0,0.09620879832273066,41.47013267507995,1.0,3.6438656173153303,1,1.0,0.0,0.0,False
0,4.854901538680109,6,7,0,6.891350196529116,6.116538313377014,0.46528839691726764,3.077296878057814,1.1995671255628313,2,1.0,14.013334128143496,7,0.04410308580874598,0.0,0,0.0,8.403891913301278,0.0,0.0,1.0,0.15283766966975199,0.0,0.0,1.0,0.0,5.563672443121201,3.140089056263614,0.15933746826317405,0.0,1.0,161.90252917718416,18,1.0,0.3718765223575038,0.0,False
2,17.583418226469384,13,11,8,7.965612004140107,6.116538313377014,0.48977215841821026,47.972106983404004,1.7951357160042394,4,0.9017337013383049,45.34113312781548,4,0.014828770957494217,2.7269065002258657,0,16.49246660947285,81.54223066119114,8130.111302108563,0.13185522283453827,1.0,0.1820172688654773,0.0,0.0,1.0,0.0,5.3459902270618525,38.7858888831273,0.10692620081303969,18.02241394853703,66.93779022732008,31.157136490151107,23,10.213243389563235,54.60313681151652,60.357806164525286,False
2,1.0,2,4,6,16.368462632428148,5.280303843870836,0.5839764880681668,16.49034062677891,1.975363699928313,2,0.7625332817248409,120.08835122288522,3,0.0,558.2699206450122,2,0.0,13.6287826892849,0.0,0.0,1.0,0.24553810946574878,0.0,1719.0097074356017,0.18996542116400333,0.6495099000834735,8.250825729629753,13.453615987466637,0.2593259783263189,205.27803975185105,226.75858843671404,32.892456365046144,7,60.12060291941084,2.2630803134184556,20.80183927858569,False
0,6.219395296026429,0,0,1,12.484482485177095,75.07172134050363,0.3657371902234001,3.904822406647399,0.0,2,0.9868826205202721,44.699178322323235,8,0.580517279497541,6.474974253327321,1,0.0,14.025860123651682,0.0,0.0,1.0,0.10940725496201173,0.0,0.0,1.0,3.8723114388858226,0.0,2.0,0.01,8.139560727567504,1.0,15.70430327398143,9,1.0,0.5139628781099426,7.5314277457985686,False
0,31.25624821302553,1,5,7,0.30998031766245804,4.982836194369734,0.5466345220868865,3.1889122633707228,1.832983256396722,3,1.0,93.76999884649058,3,0.3234686653357667,24.32883606365301,2,0.0,77.76107114199368,326843.8786741594,0.0,1.0,0.12626528690737654,0.0,0.0,1.0,0.0,1.3924471028352157,2.0561169424438894,0.01,23.577242127204208,45.31845345271199,16.11171731323048,3,147.7304360298425,1.4982314344169334,22.313622822066613,False
13,22.538153341149282,8,3,7,112.22307402463491,14.346156422587935,1.0,7.894337987964329,1.1995671255628313,2,1.0,40.188439214673664,9,1.0,165.2590350553823,7,0.0,42.233733753673704,12372.459143311677,0.28561955574738684,1.0,0.17020033883095925,0.0,355.0035524160187,0.23369307552634813,12.217964631478896,0.0,19.158111698608053,0.4210944048335788,64.14283502833658,159.11921627023293,73.28708155133566,25,95.07993632688915,4.531014356943004,51.64691116464023,True
0,1.0,0,2,0,0.0,5.086275319353925,0.9148818031559015,3.5805408934402116,0.0,1,1.0,15.623442215870373,4,0.0,8.57017650821041,1,10.662854796395123,10.306604285976881,17568.968645486533,0.0,1.0,0.2687954440792972,0.0,0.0,1.0,0.0,0.0,2.0,0.20833682653075775,2.8478867612239647,1.0,15.703481465205297,1,1.9182908112767159,0.31201381257041244,0.0,True
0,2.852136469317188,1,7,0,12.195200230477347,6.116538313377014,0.6919265175177043,7.511713307934836,1.8271027546385301,4,1.0,11.846991682510398,1,0.0036435881764808756,7.047394817529533,2,0.0,8.830100641218724,0.0,0.0,1.0,0.17629882269803823,0.0,0.0,0.9323842551026091,0.0,0.0,2.0,0.011743932121498768,0.0,1.0,20.692660496591056,16,1.0,0.0,0.0,False
0,7.903247023240487,1,6,0,29.312694608475027,36.92396834324674,0.3842187712886931,3.4147330301778167,2.265169135105531,2,1.0,96.65877319989374,1,0.41857495864582805,155.9474507532241,2,65.63765656320146,18.864674658025944,0.0,0.0,1.0,0.14110739777298276,0.0,33.14088685866602,0.9455199487658608,0.0,10.63930545853326,16.740501488795626,0.12249385532043333,58.05331718673199,36.816197213962205,19.94364927900311,12,1.0,0.0,12.75642839868316,True
0,235.0,6,11,4,85.65630140758739,4.907872740385831,1.0,8.11751784464927,1.4805233860404374,1,0.9279511096383909,11.072388166889247,3,0.004340676730554308,39.867756572297196,0,0.0,32.04618072208696,0.0,0.2751234187143817,1.0,0.04444229302367297,0.0,423.1513126519271,0.9684073444300965,0.0,10.249906823682322,6.570011171821928,0.07375777405623883,15.603987493777979,1.0,48.13413536054934,19,1.0,5.3108250682805505,7.012794233898324,False
10,1.4769408069489756,3,0,6,57.63725480832914,14.346156422587935,0.23054498611191826,78.11005208162652,1.7515233257927332,5,0.6882730957687362,52.85285015603288,3,0.32191586613969636,38.920831692924736,2,9.70482718302778,7.017647046847374,12166.791917209393,0.0,1.0,0.16417659265306872,0.0,0.0,0.9919192384002443,0.0,0.0,2.0,0.15183817662257842,811.8212131412331,8.633145731754656,14.849481837985882,5,4.265770175301992,1.3994474968992194,14.382246951388202,False
9,6.64835131095921,5,5,23,12.461664291832566,14.346156422587935,1.0,5.442476139046984,1.315972459967212,1,1.0,331.4465353019375,10,0.7185644971561651,12.314221454211252,2,0.0,11.800286556908922,134748.3969352598,0.02461976888570716,1.0,0.145447600797046,0.0,0.0,1.0,0.0,1.6120456593159895,5.894905604229315,0.7618166646280279,104.08063088621118,67.32763260969205,23.539239062817643,24,1.0,78.97982764843748,43.20440292875393,False
11,1.0,1,0,4,0.0,6.116538313377014,1.0,0.0,1.8958741673204504,1,0.9718680025354551,27.61142786814082,3,0.0,33.05529979329211,3,0.0,0.5194713622493508,28990.18719770084,0.0,1.0,0.475293112892566,0.0,0.0,1.0,0.0,5.396802740095504,16.216897804189323,0.1779496960925862,25.7082413240979,17.34433971735044,8.17964940622148,1,12.746214138294198,1.4040532874284486,0.15295047478196722,False
7,18.751395528947796,9,4,27,31.850526139575532,34.64593185163385,0.7182126271722047,154.0,1.4277722771626133,2,0.6160800204547373,40.237079140300565,3,0.0,33.44611158413912,0,34.73915164599943,19.127822744673907,31686.624687227704,0.012272476703077961,1.0,0.10112780979001618,0.0,0.0,0.5473769713267326,0.0,8.910679482979027,28.637513732793263,0.10404348498540736,2733.0,80.12066722347465,92.5386566138846,33,10.530256465908368,0.0,54.11888852323205,False
0,2.014209026753187,7,5,13,6.746359224417738,6.116538313377014,0.6045373274773064,3.2121931639572274,0.0,1,1.0,13.313691676998825,5,0.002871958259367925,6.080021293230878,0,0.5815816141814238,14.343498867532514,16445.11751148474,0.0,1.0,0.5742767279424599,0.0,0.0,1.0,0.0,0.0,2.0,0.4665986602518836,40.971247589037645,1.0,23.06207684327733,7,1.0,1.383806504856122,0.2885015006585423,False
0,1.0,1,0,1,3.1324399500059807,6.116538313377014,0.4351704159769151,5.7670316654714,1.7557065584292533,1,1.0,12.394342427267457,1,0.0,0.0,2,0.0,0.0,0.0,0.0,1.0,0.1820172688654773,0.0,0.0,0.6270804951236933,0.0,0.0,2.0,0.018043905430131235,0.0,1.0,14.943816799702336,6,1.0,0.0,0.0,False
0,4.088408588651351,0,0,0,0.008421209751798386,6.116538313377014,0.3303648734910276,2.612454802804589,0.0,1,1.0,6.154548144923344,1,0.016253582642574184,0.0,1,0.0,7.613453599008993,0.0,0.0,1.0,0.9930726693558465,0.0,0.0,1.0,0.0,0.0,2.0,0.13681311008040148,1.400254505072752,1.0,4.801275708409252,8,1.0,0.9127505351885089,1.8823741874297992,False
0,1.0,1,0,1,10.65214865385889,8.455546943256675,0.18779352208887934,2.146492670964263,2.7412524489972094,16,1.0,1.8373587495034762,4,0.0015179245016145218,18.77946220324818,3,18.925526723207554,0.0,0.0,0.0,1.0,0.1820172688654773,0.0,0.0,1.0,0.0,0.0,2.0,0.01,20.887889148773233,1.0,87.40580877978809,7,1.0,29.770463242720318,1.2867472794854287,False
15,1.0,3,24,0,9.925485398030247,6.116538313377014,1.0,1.776696900895137,0.0,9,1.0,29.18531117466071,4,0.0,39.643072157767946,3,0.0,19.38755069816055,299321.92432592605,0.0,1.0,0.1820172688654773,0.0,0.0,1.0,0.0,0.0,10.39230177127978,0.22639057176262942,0.0,5.558467846989547,20.769700726461778,2,7.042534866469207,4.775423100486806,3.1185856902688407,True
0,1.0,1,0,0,0.0,6.116538313377014,0.6578249423039151,3.7716345440474996,0.0,1,1.0,8.204904663005188,4,0.0,0.0,2,0.0,3.0108694445630655,0.0,0.0,1.0,0.1820172688654773,0.0,0.0,0.9935126078183252,0.0,0.0,2.0,0.16686041191019668,0.0,1.0,11.841020639673692,8,1.0,42.437661099712855,0.0,False
1,161.40298418167987,1,2,17,244.25228376324804,9.743412208474648,0.32491080022468843,154.0,1.4689180528418746,4,1.0,10.908215000649479,6,0.0021581419276333253,29.214739868607566,2,0.0,35.84498860217134,8990.020844457375,0.15480109519758886,108.77058105242924,0.0773692419371566,459.46729082788545,646.3871699018484,0.9833099611039451,13.525722548654073,0.0,4.3608209000518,0.6278242613343985,54.75664295280868,13.319460719712495,51.19301930195576,16,1.0,0.915254464728407,6.48093416952732,False
8,17.457183854945203,1,2,7,0.5418009019963619,36.87239007421861,0.448048456094522,33.37327347291595,2.070359946900182,5,0.9265676181006374,48.180944493468694,4,0.402156948919669,38.32410093842869,2,53.53716855322557,11.986574140892193,0.0,0.4066595043390392,109.50323360146712,0.16809858905353015,0.0,0.0,0.9771998698907925,3.810779001645493,5.356414255164801,11.865963114563945,0.12308607162145749,841.7827382284272,142.275148858271,16.22418084203869,13,116.33385811197137,0.6005899863695935,14.447512233395337,True
4,27.515459589895663,3,3,3,9.482012132612574,6.116538313377014,0.2976466462721559,17.458098773493628,1.7515233257927332,1,0.6898547642220023,14.694098341291141,6,1.0,23.014567862451944,2,0.0,281.13,8431.473847707863,1.6835174417136005,1.0,0.17119367039671235,0.0,169.7111857174232,1.0,1.143408078853453,0.0,27.00503056899292,0.510523940840745,87.34230492842538,21.81369633413899,66.94971266361675,32,1.0,23.081584038661063,52.89334674353363,True
0,1.0,0,12,12,9.832104129542369,6.116538313377014,0.5536639686744889,1.2376724495769746,1.8355029713030693,3,1.0,28.514897682805938,25,0.026474247424673737,0.0,1,0.0,110.59085864825576,30118.970781869495,0.0,1.0,0.1820172688654773,0.0,0.0,1.0,0.0,0.0,5.179021033523333,0.25427882823356124,54.53273494321855,88.4350570432895,26.643241544590442,4,1.0,1.9823958426320294,7.329693907600045,False
32,1.1984782719412026,3,6,0,8.761632891588562,14.346156422587935,0.6505535705902681,18.891514320881985,1.2415310200224812,3,0.6163428255824018,1.5991371728717318,2,0.7189485402604785,0.0,2,0.0,281.13,4701624.47,0.17722477773108075,1.0,0.1820172688654773,0.0,1459.4046030415075,0.5091247713117236,4.333118919317493,0.0,18.798617427252154,0.2678212458178609,42.16111077513328,511.8073824227117,22.60333917561563,9,15.045380182304626,80.19799797007882,26.68955106119097,True
0,5.303662916003349,2,0,1,6.290592437714304,4.915936855611746,1.0,5.074961273439335,2.667386912986236,6,1.0,17.43547306278904,5,0.0,3.3985833770547638,2,0.0,6.069111725096599,0.0,0.0,1.0,0.11455658045264581,0.0,0.0,1.0,0.0,0.0,2.0,0.04535104466876613,9.107167993648005,1.0,725.2721391188879,6,1.0,0.0,0.0,False
23,1.0,3,5,1,0.0,6.116538313377014,0.41627243552466964,0.0,1.7833873067430577,4,0.6007695996240185,2.642118662222498,18,0.0,0.0,4,0.0,9.612554293014458,20632.20657050203,0.0,1.0,0.180970559527599,0.0,5161.068780368898,1.0,4.6305668585115125,1.8416083616581433,12.389465491396015,0.1225178047629523,2733.0,64.14370643257007,23.570878032561616,1,21.297624975374088,4.96506425717735,19.601896185793517,False
27,4.559522267598647,0,0,13,93.27747142491683,1.0,0.11384167996022171,0.0,0.0,4,0.6448843763739712,10.448718047896227,8,0.0,12.622385947642577,2,0.0,2.425164787181245,0.0,5.427200557141898,1.0,0.09984316859247921,0.0,0.0,1.0,0.0,0.30208764530854393,11.539991780403632,0.24222811769947236,11.786705861960492,1.0,19.79481857380286,19,1.0,1.5317630261570323,0.0,False
5,1.0,1,8,0,3.9800347819437345,6.116538313377014,1.0,0.0,1.6736514989436841,2,1.0,10.196106035508205,1,0.022219645043868527,0.0,0,0.0,26.726861196689498,703398.3868697574,0.0,1.0,0.6590745701064759,0.0,1245.3049193147772,1.0,12.757635984380265,0.0,30.222693094480547,0.3683279478450934,88.95441191124621,186.59639103258513,57.58072964697564,7,38.548336088899276,93.94,45.93809008812167,False
9,9.415003449305807,1,8,0,20.76724690297458,14.346156422587935,0.3096030975448496,16.02922517571373,1.1995671255628313,4,0.9433471757111216,2.5469006646086627,2,0.927986150522589,10.355354280529514,0,0.0,42.233733753673704,11881.16328883176,0.4813416962386672,1.0,0.1820172688654773,0.0,2295.362626395716,0.9117804577177573,2.6061750284372502,0.0,46.18497805629025,0.4781544501746211,0.0,57.75405323356019,73.28708155133566,21,21.838713366932634,75.24308156653339,52.78213508056491,False
0,20.09342030162072,1,10,13,46.78312182111419,3.4950369971277926,0.2875790520400869,15.457108133632222,1.8541403775377605,4,0.6055472136930949,41.860400490861714,3,0.01294595773955512,33.496675762908595,2,55.381736340235534,42.233733753673704,0.0,0.0,55.28057329259185,0.07729989744352216,0.0,485.72420714246266,0.0775367856177748,0.0,4.325797623702746,28.347658059987232,0.9073935371272236,46.3766753866329,1.0,572.2677135185495,25,1.0,33.84746884278338,24.793605174319634,False
14,6.591599033046997,2,7,21,5.417642186000657,6.116538313377014,0.7054134399662362,23.246937395304382,0.0,1,1.0,22.365854102437275,4,0.05565200893404938,2.4281590080652933,6,21.14742828952931,16.570671425159574,183617.56356180587,0.0,1.0,0.1820172688654773,0.0,0.0,0.9688242201708781,0.0,6.957946694665994,23.7018678849651,0.168731999866882,35.690381857510324,1.0,49.11239094005155,10,1.0,2.109751114840511,12.96481173412928,False
0,1.0,1,0,0,0.0,3.4846546053470284,0.6374702267356434,3.6181943585488066,1.8364588616329387,1,1.0,6.936914223810405,1,0.15249314603258574,3.7289780688910144,2,6.684461789907678,0.0,0.0,0.0,1.0,0.1820172688654773,0.0,0.0,1.0,0.0,0.0,2.0,0.07494416776843726,0.0,1.0,11.404378269757338,9,1.0,0.0,0.0,False
52,17.336497117141324,5,6,13,63.001767793633704,14.346156422587935,0.4954396071173507,7.572322067312361,1.980423254829085,4,0.5883946381967586,19.266562172692566,2,0.2994550452435056,680.7942775974798,2,57.397423558131784,37.751233835686904,6874.25631995257,0.3457711317486548,149.98404788039568,0.1444037247677541,674.687846004932,1268.3849790019835,0.4796653028904519,0.0,9.204852578566559,31.757048271890273,0.06016814438293449,110.37209643591228,149.59009659711813,25.246945426752873,17,63.72728962644314,57.632545708405736,13.366950597044582,False
0,100.69855117366221,0,0,6,0.0,5.613097278281435,0.4326643957332147,9.51847132877961,1.8029030069338088,1,1.0,17.6584976207461,2,0.9422122085287299,192.42334807709753,0,0.0,22.144977263284993,4803.4320277943425,0.48153854196401047,1.0,0.1820172688654773,0.0,0.0,1.0,0.0,0.0,43.6788634946948,0.07282238760696144,18.385566029161495,1.0,23.326548270181814,10,1.0,3.6758933637922104,1.0746718621904598,False
0,1.0,0,2,1,5.554185136886383,6.116538313377014,0.624583672657864,8.11751784464927,0.0,1,1.0,15.278115240556648,1,0.7482472674574189,7.155870835694564,1,0.0,6.514263296401353,0.0,0.0,1.0,0.1820172688654773,0.0,0.0,1.0,0.0,0.0,2.0,0.06085619439500656,35.56018970889882,1.0,11.011867031119417,6,1.0,0.0,0.0,False
0,1.0,5,0,7,3.342544949074281,6.116538313377014,0.6479808571829374,4.022766354721338,1.1995671255628313,1,1.0,1.0,1,0.4990480082364733,3.8021270460330614,1,0.0,5.697878951612941,13305.582366925955,0.0,1.0,0.1820172688654773,0.0,0.0,1.0,0.0,0.0,2.0,0.35428478261428026,20.189313578544507,36.12403655312289,12.791773217195601,1,110.75516308837214,2.076042289840361,6.826162496383937,False
0,3.6497258388168037,1,0,8,16.31675558134128,14.346156422587935,0.5652140274768124,8.706998800116514,0.0,2,1.0,14.646648298956173,3,1.0,25.557282548850807,4,0.0,18.54883179442455,19251.90368733225,0.36411280002516944,1.0,0.1820172688654773,0.0,860.793239417671,1.0,0.0,0.0,7.9116944677345025,0.3034766095932573,53.62621275929115,5.436080973908787,27.832599284822297,12,1.0,3.282850220938701,49.121685959481134,True
3,2.699230166531459,1,0,0,0.5443811729680625,5.6000531522889485,0.4141220884108632,4.202100889472391,0.0,1,1.0,6.360964219262221,1,0.01837337191603066,45.325055637548246,5,0.0,14.08974023051271,0.0,0.0,1.0,0.1820172688654773,0.0,0.0,1.0,2.3706097141465747,0.0,6.215268662948102,2.0,0.0,1.0,16.070256058268654,14,1.0,0.0,0.0,False
0,15.703686223799355,2,7,11,24.41145827981279,14.346156422587935,1.0,45.44602063659033,1.7395728498049934,4,1.0,24.688013430906967,4,0.6569094907690379,24.9188335438511,0,0.0,16.86774222485694,0.0,0.0,1.0,0.14546220775063912,0.0,0.0,0.9806117562617988,0.0,10.568649639054644,17.317370554536122,0.03851863160228493,74.01852342183061,78.16915753933112,45.83250469934863,21,39.74546671910044,0.8010522138587086,48.37488380735632,False
2,7.860863497841111,1,5,5,10.991856320630205,6.106098302879196,0.2246879256357557,0.3734821810578759,1.799762096681814,1,1.0,47.86596903658237,19,0.013413487660083599,22.877383931851277,2,0.0,11.580422971244,0.0,0.5019453685792108,1.0,0.15972663929225964,0.0,469.4040158520104,0.44612843089440857,3.4672353326268937,0.0,12.722894032760355,0.4373855956760598,0.0,1.0,73.28708155133566,17,1.0,2.90372631958651,16.803128523065823,True
0,1.0,1,0,5,0.0,6.116538313377014,0.5379179396159461,5.177500346772659,0.0,1,1.0,1.0,1,0.0,3.0914271316111757,3,3.608228886227227,0.8808919548369527,3347.486916247207,0.0,1.0,0.1820172688654773,0.0,0.0,0.5514248164838489,0.0,0.0,2.0,0.01,7.112327120141833,1.0,20.16217424581228,3,1.0,2.3244841095336786,0.0,True
1,45.04325851862887,23,7,10,78.14588074710744,23.182747960041983,0.16425802169622594,16.39018032742166,2.186915872441384,2,1.0,45.64086715472591,1,0.9141521882735957,67.59418897456337,3,14.461473256456834,22.08365891010519,0.0,0.0,299.87714901016534,0.4913821136991084,0.0,319.84141811687863,0.7022540419963741,3.691194899596842,87.71413882467274,2.0,0.01,101.40797884832537,107.32157746512482,137.83818802851283,15,1.0,0.0,9.598912669099537,True
1,1.0,0,0,21,8.758907336072593,11.18588593790685,0.6912285059034562,0.0,0.0,4,1.0,1.0,10,0.5397649095544566,8.151748022566622,0,0.0,14.067236468810457,5881.550493584998,0.0,1.0,0.6590745701064759,0.0,0.0,0.9969514964205312,0.0,0.0,2.0,0.18425230001895038,1.0280318982649987,1.0,23.058899182676278,7,1.0,71.6961005950275,43.67162159193026,True
0,15.173467156205547,0,4,21,1.4924685482838884,6.116538313377014,1.0,52.75142260150148,0.0,3,0.6799468998592357,24.357313572329694,4,0.024084254542011338,151.04681289688523,0,0.0,13.802024790588371,14150.45705298931,0.0,1.0,0.16699272522368858,0.0,0.0,1.0,0.0,4.060974299408089,10.12590266658318,0.05579369675508113,870.8800495070856,1.0,12.155967828863254,7,1.0,0.15907661514491186,1.5870864855140523,False
3,1.352817106202293,4,0,6,1.168100203231507,5.664627701071898,0.6644726122071793,8.11751784464927,1.8429285199214984,1,1.0,12.731621446136806,7,0.006321260967652259,19.994713957962254,3,47.06765219110534,4.089186466134464,2349.7180493772707,0.0,1.0,0.4428020495118621,51.91417758359432,0.0,0.4033399805407688,0.0,0.6156809020413545,10.17717198833496,0.07968038476937146,11.1134362041608,106.88424260566619,9.54314867666774,24,69.13494357232088,0.35461827681644076,0.0,True
0,3.1006327618347065,1,0,1,0.0,3.9146910232711702,0.4155102830053485,7.221387584768058,0.0,1,1.0,7.806898422487013,1,0.0,1.5161429309709638,3,0.0,2.7684083003344773,0.0,0.0,1.0,0.33342022174550506,0.0,0.0,0.19374630160659617,0.0,13.143403399075304,2.0,0.01,0.9960487788308967,1.0,9.026538049047073,9,1.0,1.612594567602116,0.0,False
0,6.870009592395379,9,1,13,16.3242345715757,2.6712358325842915,1.0,5.314275236821203,1.9327198231415832,3,1.0,152.25673036481223,4,0.0,18.09299350140595,1,0.0,21.726278362021752,0.0,0.0,29.034223416396785,0.07028825693649865,0.0,0.0,1.0,0.0,2.2558627091268457,11.817071274359165,0.22910963221074632,0.0,1.0,11.075364119614328,16,27.252708378556015,0.0,1.5089525905271293,False
1,10.075732311705742,1,12,2,8.812330975246864,36.92396834324674,0.3819370745496602,6.076716312188627,1.4760795739849406,5,1.0,12.249961401014684,1,0.6812149327702286,64.78190883319579,5,121.03772148262931,16.045715887748663,600808.7007942232,0.0,74.4093343750912,0.6590745701064759,0.0,51929.85107541631,0.9744767137219221,1.9846871081413153,12.791174345598424,2.0,0.04679872135477631,87.55750011050627,52.38831194838805,172.31265850680666,12,1.0,2.746433997101513,25.405697997471297,True
3,1.0,0,7,0,4.857850651677795,14.346156422587935,0.41667239121771027,0.3749787302018597,1.1995671255628313,1,1.0,1.0,2,0.05195409580068818,15.841823448572255,2,0.0,59.51886460505968,17809.383708018708,0.0,1.0,0.33924530550589255,0.0,650.1464402668877,0.5409671741054842,4.253691215794027,0.0,25.316269736202745,0.13643869811391246,156.66081594073387,145.19023265409479,44.562155472202214,17,6.1052873838321045,4.277938122764741,46.203490980747,False
13,1.0,0,0,0,0.0,6.116538313377014,0.4377797388647122,1.8393814834199573,0.0,4,1.0,14.016530202078483,1,0.0,13.93370659878967,2,58.556334535330876,5.466612790264063,8388.672008451289,0.0,1.0,0.26653932830941046,0.0,2991.5467616143555,1.0,2.5134476216469377,1.5728961328047204,5.989481412063384,0.1483860867704272,28.74927393287457,2847.0,4.6839187426283475,4,8.461719350551025,89.78278336710602,12.131962614678864,False
0,1.0,0,4,1,9.669005263340596,6.116538313377014,0.7387504899125356,5.0910079845527125,0.0,1,1.0,13.995074752878107,5,0.014381447356663414,12.66285292158847,6,0.0,0.0,0.0,0.0,1.0,0.1682187037211672,0.0,0.0,1.0,0.0,0.0,2.0,0.10527261715644814,13.474963091562248,1.0,16.234802219367317,5,1.0,0.0,0.0,False
0,13.106145287185196,2,0,2,14.274349828240101,6.116538313377014,0.8182238203519316,154.0,1.9268835300987042,3,0.7725973794342884,19.71043352199789,11,0.3514960398815138,54.964278203718244,4,54.20652786882512,28.115357477756405,207590.78174069806,0.03662431278454331,1.0,0.06298829837885905,473.8281600315215,1024.6991124974872,0.995167966200409,0.0,26.155521923818377,27.187790516477794,0.01,142.54160248842243,120.82662209491829,21.801194746138467,5,75.7152002905875,0.0,28.68331215552254,True
0,2.085750789104995,0,5,25,9.059826904760579,6.116538313377014,0.49790122869856496,16.712957962821253,1.450095623157906,1,1.0,76.01755369136811,1,0.5663873443571681,5.66416491917143,1,0.0,13.526605394082086,74307.04014865954,0.0,1.0,0.8031773978266159,0.0,9821.352415840936,1.0,0.0,0.4275834208936109,2.0,0.07931661452050402,28.50254007233269,1.0,19.778004700320736,8,2.4759845921016534,47.74928585026149,0.0,False
12,6.495854077278533,5,3,0,3.0151327047033956,6.116538313377014,0.4049232351091223,12.407543852559835,1.1995671255628313,6,1.0,28.543320679521337,1,0.0,122.45495862938131,3,30.98836787752538,39.928833789882916,308895.5863956563,0.07942366146318941,521.0869210161238,0.1041364054896251,0.0,1751.4683531384246,0.1939108596789909,1.8368943880555229,16.635095392808424,40.3929232747312,0.14643184395257222,197.57929745223618,181.9987921009606,54.33175559796379,16,164.00541075322639,16.870249590272632,55.006133819289616,True
7,1.0,5,7,11,3.739087683726154,14.346156422587935,0.4813752950040535,7.963828702006615,1.8064181984451018,13,1.0,15.974058960249202,4,0.5027157753665432,9.462706460991072,2,0.0,17.52650401407904,3656.792281016106,0.0,1.0,0.6590745701064759,0.0,0.41702153431970146,1.0,0.0,0.0,3.51170324362781,0.3732563122400486,40.89849660404394,141.75040345224016,26.46396295787083,12,1.0,8.175435931356915,0.0,True
24,8.948230583631807,5,2,30,28.89056190407804,14.346156422587935,0.4969489620565517,8.11751784464927,1.3236627309209854,5,0.8593704171959407,17.412520157695056,3,0.48446931503351337,129.20606519146548,3,7.8980804466854195,42.233733753673704,12843.28576693272,0.5234734487032878,1.0,0.10177483544268073,0.0,793.202955219689,0.5216276465617958,3.448017498570662,0.0,40.258722341070566,0.39134636103442594,49.50417405069366,145.8003690860059,15.389942709267842,16,61.0541339970805,1.579431087774707,94.7609853893422,False
0,1.0,2,0,21,3.641914099542984,6.116538313377014,1.0,8.11751784464927,0.0,1,1.0,16.15679971041712,5,0.4119571457237763,14.239846925195259,2,11.6205398463447,3.1432182194579226,0.0,0.0,1.0,0.1336679662053453,0.0,0.0,0.9966794472827732,0.0,2.223943474363271,2.0,0.23109949360961324,109.06467961141428,1.0,16.26817700959942,4,75.07429844801423,0.0,0.0,False
20,6.244408995781851,7,11,0,4.282682312268695,5.760594931035023,0.9148818031559015,9.673203855858182,1.3476397115613445,3,1.0,14.516928465067242,1,0.012993330063802579,8.255747022859918,0,1.71400698186212,8.22091856305698,1964.1337994351616,0.37792130962493964,1.0,0.5301368501316518,0.0,0.0,1.0,0.0,4.5485343159430585,4.401775757261834,0.2498011118171771,82.84398645607473,1.0,19.39095281087777,4,6.42013940625683,0.0,0.0,True
0,2.389107488398141,1,1,17,7.932153399579059,5.836795934854775,1.0,7.417588264452552,2.3195448236131275,3,1.0,25.917996400134395,16,0.0,14.973225392765421,2,17.378904358623036,5.647759323831008,0.0,0.0,30.418279730209502,0.17942883594682324,0.0,0.0,0.989630840269987,0.0,20.469601341525888,2.0,0.010827448338878734,39.54178037404512,1.0,16.964726761095232,7,1.0,0.0,0.0,True
0,31.244324677744398,0,0,43,1.5778582021217538,3.976309481353101,0.25485603575174326,4.524287314057435,0.0,3,1.0,17.130772662729953,1,0.0,19.752662827940654,2,9.772614857968126,6.05128061427208,0.0,0.05102256094122673,57.74909309052373,0.12362572965114658,0.0,0.0,0.9772721387802165,0.0,1.0767008395691748,2.0,0.09538490047032591,2.2231852728349892,15.99043084876435,9.903090898556503,5,1.0,0.0,0.0,True
0,2.6965966862255835,1,0,22,69.91468128259416,8.504067921604502,0.6496661839682717,5.223821609642323,0.0,1,1.0,1.781745334500524,4,0.0,6.039721000895043,4,0.0,0.0,0.0,0.0,1.0,0.1820172688654773,0.0,0.0,1.0,0.0,0.0,2.0,0.3066274552618745,56.24227768893271,4.712662421146078,11.001430059662507,10,1.0,18.015831857250085,0.0,False
24,17.133273967809195,6,2,7,31.190734971388004,6.967992740275879,0.35157601450560416,9.92374735529788,1.9624457133048414,1,1.0,34.85022184401577,18,0.0,36.45863181999572,2,21.758654705207253,27.275565522289256,14305.411075043448,0.5613886752885212,110.94800901589633,0.10871244930507401,139.315159417978,1268.3482252252852,0.3548464062493265,1.8410082756401482,6.059381718613733,31.164243013254314,0.20234143408759142,29.24347291874243,134.47574483595903,72.38409308434592,21,18.135603905414488,19.504374678779335,23.74237504998361,True
0,5.889209006486311,2,1,42,36.57799470104064,71.66688480722847,0.9629898724673528,56.40503525651797,1.8691582918227685,1,1.0,14.704984008054623,1,0.0,97.85095255720567,1,0.0,4.95962496559055,0.0,0.0,17.421639943754123,0.10217018475297152,904.5885052657475,0.0,0.10666061536224763,0.0,1.9393867199087957,2.0,0.40328490343535633,93.3030415420292,1.0,5.026253878522727,22,1.0,0.0,0.0,False
7,24.071008979253207,10,6,24,23.32184062568902,14.346156422587935,0.6633560192045158,18.362508589994867,1.6594832071409442,2,0.3433648489006,56.93163078922427,4,0.15461355929704695,61.99395504818624,2,83.79671434514341,42.233733753673704,36534.159471376865,0.0,1.0,0.024425085303580694,1074.8126695351984,1317.7419930451508,0.26961130962497715,2.437757681178493,12.702017458809387,35.24185619871514,0.09236717210018182,197.57929745223618,158.9988315015806,72.15348348840296,23,75.37523101001432,14.900764373512086,56.12483049382622,False
0,1.0,1,3,35,2.7971835989576244,4.232095375163275,0.23748366360459064,4.528706604035657,0.0,1,0.7888902977564618,6.4319913304091125,1,0.5897664525302618,0.0,2,0.0,16.42720292708615,0.0,0.0,1.0,0.14499130599143684,0.0,0.0,1.0,0.0,0.0,2.0,0.15645984731488963,0.0,5.3544976020708965,27.499580988341584,15,1.0,1.7523514627063816,3.6698296772779706,False
20,13.713139974253068,7,3,0,76.60839046158121,33.220247102431635,1.0,7.085320679125695,1.618257511231674,3,1.0,58.15485185237735,5,0.7920831405804928,23.956896712745593,2,21.842456166550047,22.144977263284993,23960.5480488999,0.41346748060526145,571.1891804686006,0.10384918066672294,127.71830433969507,0.0,0.5699135235100408,0.0,46.16731350896016,19.78579924617435,0.5246066361919153,29.801548943305555,32.45509357374161,787.0,12,1.0,23.676099604981292,50.081892600747125,False
0,1.0,1,0,0,0.0,6.116538313377014,0.6335231290771394,0.587422009380518,0.0,1,1.0,2.676822062575927,1,0.0,7.55380134150746,3,0.0,12.348150983613017,14754.346797200982,0.0,1.0,0.1820172688654773,0.0,0.0,1.0,0.0,0.0,2.0,0.02398311116323637,1.7508942027091692,22.51644514219183,11.609791711832468,6,17.478972370360324,3.8521598399362116,0.0,False
0,1.5682651630024647,13,1,20,3.722039717538343,3.766804193661309,0.2984246021222853,6.3872083658107535,0.16991020416429195,26,0.34213936510496407,507.0,12,0.0,66.39254069620551,3,81.73771744031777,4.404476078147093,0.0,0.0,132.96140128676987,0.04404406269364085,1038.7476691691363,0.0,1.0,0.0,5.334060248773704,2.0,0.014696849951156471,36.544541517501806,1.0,0.07432216067514474,12,41.21245188708407,0.0,0.0,True
0,32.24911512499777,2,1,27,28.873911318459026,6.116538313377014,0.5616982571785791,53.83313881991383,0.0,3,1.0,41.3782522759557,34,0.00374126043530783,77.9939954293873,2,0.0,8.122607289114507,0.0,0.0,1.0,0.1820172688654773,0.0,0.0,1.0,0.0,5.013501575688338,2.0,0.11236107272010216,200.98626446982712,178.3885559817544,12.363115087014865,10,1.0,33.06733039143509,83.0813558529203,False
13,3.450619735241493,1,0,0,2.012543745973222,4.509472881124699,0.4099318831294484,6.83189393258935,0.0,1,1.0,5.887619666835633,1,0.019005669861346348,11.180382361610176,3,24.74093488769995,16.44354182574765,0.0,0.0,1.0,0.27869339218810324,0.0,0.0,0.9757652889977269,0.3205208991309027,0.0,2.0,0.4435888991993633,15.94912153594582,1.0,6.332021834099891,13,7.695876823550756,55.55478313304219,4.783943806953252,False
24,6.42032681331752,1,6,3,12.318195210775974,6.116538313377014,0.1896401864349107,16.63099494063217,1.2104081680179362,2,1.0,271.2057586315037,3,1.0,32.66206031601422,2,6.362120775883049,22.144977263284993,31119.75153158924,0.49923416040439894,1.0,0.1767127499980497,0.0,1406.661379392043,0.4248229024157293,8.726386760646605,0.0,274.7486292607251,0.25036048146501977,143.37842703797236,60.22848287512458,72.2029279493972,16,11.338780390034307,66.86478818534607,98.6051235745587,False
16,7.407038872465471,3,3,7,20.610270702058177,14.346156422587935,0.3623113623115173,0.0,1.7515233257927332,1,1.0,18.911640420155276,9,0.006909818645997088,89.26049621866713,3,0.0,15.346435725656205,48779.303757479465,0.18681455696031277,1.0,0.1820172688654773,0.0,84.6591076390198,0.9933114629088684,2.1973638323867806,0.0,30.20330665943102,0.12019222789549597,83.47338803357337,34.267193713629574,186.0155452083447,18,1.0,4.8462903684707905,60.825473926212666,False
0,1.0,0,0,0,0.0,6.116538313377014,0.6052950511650761,3.881467139635443,0.0,1,1.0,1.0,1,0.003925704654320983,0.0,1,0.0,5.228392620834073,0.0,0.0,1.0,0.1820172688654773,0.0,0.0,1.0,0.0,0.0,2.0,0.2092428518425451,0.0,1.0,5.235242188774045,1,1.0,1.7785830830990865,0.0,False
0,10.501697216045795,3,8,20,42.83532943691648,36.92396834324674,0.1468230094710397,22.643603336441842,1.1995671255628313,2,0.7888902977564618,507.0,3,0.03909067708516879,0.0,3,0.0,42.233733753673704,0.0,0.21296199802608717,1.0,0.1820172688654773,0.0,0.0,0.02,1.9906875753408322,0.0,35.44861924278841,0.7450738748387989,54.51306555642973,1.0,31.157136490151107,40,1.0,0.0,197.47731906355637,False
2,35.08163389692638,2,0,0,12.03504558466451,23.63347455682286,0.5339265759800353,2.1213695977591542,1.8981581330247144,1,1.0,1.0,3,0.011218696252225008,4.199871276635605,0,0.0,5.340863010516636,0.0,0.0,1.0,0.45414550490200345,0.0,974.384111695548,0.9918029516951041,0.0,0.0,13.968498641069697,0.3123334831158783,10.855438437093213,49.89574504569325,14.8729147464384,14,1.0,3.4707457084395377,11.74734514951937,False
6,8.147249295309528,0,5,19,8.89874041993029,6.116538313377014,1.0,2.9582021546509507,1.862947475031923,2,0.7537000139338756,21.873756579809516,4,0.951113366131061,64.28247762226658,2,0.0,20.58358652332058,8701.644079030699,0.028167945510735704,1.0,0.16325139261658758,0.0,1107.4130974355294,0.6105483709815115,0.0,0.0,69.60842564753723,0.076058591234884,2.5804876051709957,1.0,22.845701942030438,15,1.0,10.431087815647318,40.85635894329056,False
25,15.934038159672586,3,5,1,11.838006356289009,32.822201674500626,0.6860537247751811,153.378869713788,0.0,4,1.0,39.8708330086297,3,1.0,0.8225971743384797,6,38.57848308441453,14.813249455179657,1093.6256455390203,0.0,141.74337025678102,0.3109169222466007,0.0,1574.7730319081384,0.9680572476319185,1.8227535586478192,1.1936677599653436,14.954859953629027,0.16398514633302752,87.56808952253071,191.39585315386302,0.0,11,11.75466577748706,28.387376803661606,25.551914578103183,False
2,2.9230904525624286,2,2,0,0.0,6.116538313377014,0.9148818031559015,1.7302802495545522,1.8758030875519034,3,1.0,1.7254398405515836,1,0.023102935510158604,2.5960859164093444,2,14.866142622223073,9.187261312509538,31313.15794206055,0.0,1.0,0.14563834265436792,0.0,0.0,1.0,0.0,0.0,13.400490108177753,0.24765705676778887,33.39749582794115,39.42040408527837,19.766654385289048,5,3.1619139723908773,3.7415549929256686,20.82694614958898,False
0,14.47099609286991,0,4,42,4.708476226429544,6.116538313377014,0.44578974917016323,56.40503525651797,0.172500642069358,5,1.0,112.92547942295298,13,0.570786405552353,53.62829049653078,2,37.2504178276058,4.89335397439309,0.0,0.0,110.80169571147141,0.1187520498531166,202867.23219409652,0.0,0.772303588996051,0.0,3.2390846652675442,62.73486432367389,0.01,158.33812825598932,1.0,12.13472607641182,11,55.36939264925968,0.0,0.0,False
0,1.0,0,0,2,1.8268970310672097,6.116538313377014,0.40553616657310393,5.953808856225145,0.401663074142,4,1.0,148.07496706429234,1,0.0,13.014551744356222,2,1.1325382901824312,4.218547775907281,19278.00510211512,0.0,1.0,0.11815395382490013,0.0,0.0,0.5645945070366217,0.0,8.081956724841055,2.0,0.01,68.34128560918072,1.0,12.992008929912476,1,1.0,2.2587674282990897,0.0,False
0,1.0,1,0,16,1.0048987276938695,6.116538313377014,0.5638460129771103,5.383911877434185,1.76058409674487,1,1.0,18.711231919049844,9,0.0,61.284713154158084,0,0.0,4.652406912668022,0.0,0.0,1.0,0.1820172688654773,0.0,100.39440106656919,1.0,1.4465164310250804,0.0,5.11136382042973,0.09833178268143425,0.0,26.924042678290387,9.906933188653541,3,1.0,3.6192376937668325,0.0,False
26,37.30275876255871,6,6,0,14.038841954620507,14.346156422587935,0.15109398791576548,13.871878310078346,1.7515233257927332,1,0.6425194365693035,28.72699682586918,1,0.03784056926793657,17.50135431332276,2,49.981352431946604,42.233733753673704,18110.3486164541,0.1497420809779805,1.0,0.137875833165926,0.0,4112.6650066427355,0.44229238031291884,8.6969334485488,0.0,17.729320734941098,0.4912198722433937,112.48420098663863,203.20219660049895,73.28708155133566,18,56.800844468066146,2.8346837699630867,53.798914078369805,False
0,10.650737700670858,1,2,19,8.19538836282588,29.96499926064379,0.5757334646056862,8.11751784464927,2.3369581464470315,1,1.0,35.922801867751105,5,0.0,16.788222300686833,3,145.3269012192943,4.0340788218428845,0.0,0.0,219.6602327860033,0.027539155686433947,245.43797459512447,0.0,0.9788940520691688,0.0,6.619745197840829,2.0,0.01,42.37355202661494,58.77040916891997,22.78127217236802,13,82.74111856728324,0.0,0.0,False
2,36.55579161103667,1,6,24,0.0,4.30715252219143,0.18314389991211405,11.129880523926715,1.8475877729691499,1,1.0,26.867684255662766,8,0.6187392492106962,40.603441296573564,4,1.862621965650881,25.33714253580532,19219.80878379118,0.13643783665246473,180.71817412490458,0.03579256341313644,34.98185188998991,8627.524694740676,0.7302418221795597,1.7737378789006737,14.298457361714254,22.90770315388093,0.19592855275087226,213.97716285624233,137.51484563902537,68.9385110683516,7,74.51648956451294,56.97460604278123,22.41297969963255,False
0,5.831166318856079,1,2,17,0.9626668037755803,3.5486914211901697,0.8312468263316537,6.605322084930059,1.8808839298824562,3,0.6475502994663327,45.61191555993527,5,0.0012774848585404175,28.936276447528364,0,26.979565687741257,6.784862358754659,1377.1655013695208,0.0,1.0,0.18012914027921426,0.0,0.0,1.0,0.0,1.917427567989088,2.0,0.01,0.0,1.0,12.40655970730348,9,1.0,8.112108915922551,0.0,False
44,10.986873472127861,1,5,13,0.0,6.116538313377014,0.2786512876098276,21.796368035282352,1.2538482316689439,10,0.5219510361435045,28.416370340094552,3,0.0,23.751660401946687,0,11.452461071134989,46.86212602135438,4701624.47,0.0,92.29906735568437,0.12873229126658797,0.0,1152.8850054150555,1.0,0.0,161.5859589308414,17.673621255114732,1.2542357108997846,81.54268419517089,185.94534257043608,17.231472527084236,7,1.0,17.041035189204226,38.327044093826174,False
0,14.661470367639494,1,42,14,32.86743631389014,6.116538313377014,0.1997512745580985,4.113195326724126,1.7515233257927332,21,1.0,63.66834962666631,4,0.0,26.143651340383286,2,18.127584991981713,14.776129288799511,8067.159149109348,2.5862390658564163,1.0,0.1466480281360032,0.0,1541.7543513822566,0.2647919060246493,0.0,0.0,11.489142342865085,0.187933427334038,7.80199901172211,61.34040355675593,21.702344112871206,9,23.214905459650247,1.370014306665106,16.01193704121355,False
30,8.009586700526684,2,8,0,31.671482422829445,14.346156422587935,0.6168702242768692,13.350506392098545,1.1995671255628313,2,0.7236826240011739,1.087282858975044,2,0.05846907516958573,30.301653235109363,2,0.0,42.233733753673704,36636.63817139254,0.2697189469123933,1.0,0.1820172688654773,0.0,1497.3951469723183,0.41865737769536926,6.038394320536328,0.0,50.29107049747813,0.7950409329044221,170.5051851381566,173.37423040625384,73.28708155133566,27,1.0,33.15143511971503,75.95921916416151,True
0,6.535644970401563,6,0,0,10.290377326186945,6.116538313377014,0.5490821596389196,3.2650626812383114,1.8330707796503847,1,0.4537850307049829,34.88533633594474,1,0.9010991055321281,3.3949203153852965,0,0.0,8.00717001815979,0.0,0.0,1.0,0.15193923192111028,0.0,0.0,1.0,0.0,1.9775438089182575,2.0,0.36994034872477,19.090996927363573,15.481722720694666,19.724758172999373,8,1.0,23.839630600225217,0.0,False
0,1.0,7,0,43,8.385512405142634,6.123362057192253,0.9679660929307857,8.11751784464927,2.24278366480597,3,1.0,17.21150558732404,1,0.0,152.1801641873757,2,26.8480276400183,6.078091341893944,0.0,0.0,151.2100229131249,0.44250423483713897,714.167674653213,0.0,1.0,0.0,0.0,2.0,0.010014032581120116,90.43640161833943,1.0,9.330577647627944,6,1.0,0.0,0.0,False
0,21.032514669787062,4,6,21,11.050502863456312,74.95223343462311,0.46496339485586013,28.621880856326978,0.0,38,1.0,46.61831287897391,9,0.5074969720392969,56.14582137770746,0,0.0,81.54223066119114,0.0,4.737177419666823,1.0,0.1488970585786814,0.0,0.0,0.9645265106542921,0.0,0.0,17.71099919840605,0.27622592313114785,65.8767471463458,35.11110900276181,175.96928636654965,14,1.0,0.0,43.86228602780838,True
0,83.87455968098416,1,0,27,7.14773819801507,5.896740443948214,0.5986124336186591,108.08319080544095,2.48849032593357,3,1.0,18.014114396361027,5,0.0,29.689471878272514,2,19.335853142645963,4.423464679666603,0.0,0.0,18.10327449814829,0.5562108526389951,0.0,0.0,1.0,0.0,0.6397776075108847,2.0,0.03159930897587308,213.27885648800986,168.75248074811242,46.8855499443461,15,1.0,0.0,0.0,False
1,8.829718186220834,0,6,15,6.457427699042736,12.25027629619101,0.44710484555728347,6.247540396230859,0.0,5,0.8017234680581277,17.759927528203974,3,0.9411855181725706,10.771794666917527,5,0.0,4.6613584313407355,0.0,0.0064647536757424795,9.609099144576348,0.15137080122100766,0.0,0.0,1.0,0.703028634031293,9.349134524477064,19.285475635154675,0.23087549229972917,1349.668954877832,1.0,787.0,5,1.0,1.9461342313127725,29.781077604976407,False
0,10.677379106950887,6,3,28,17.63595574319265,36.92396834324674,0.35138978265133025,41.153999149613384,0.0,45,1.0,11.226426785893148,4,0.6502168266248245,73.31590449344905,2,1535.48,14.847207193713734,672.7721229537729,0.0,1.0,0.3405842393219417,0.0,0.0,0.3866969391078689,0.0,0.0,2.0,0.02798826157520537,868.7746429545491,9.198399941096966,117.44799488431255,3,1.0,5.91755452290805,4.120917700794223,False
12,3.215690748828714,1,3,10,9.349642108812553,6.116538313377014,0.8284431286500504,8.11751784464927,1.7979957534585114,3,0.645391841797597,27.290201599909977,1,0.1817154480832252,56.886454304903225,2,27.89344964892886,13.55756443993964,26285.893851108332,0.015234728299560463,1.0,0.41665796167002367,3787.902679301024,0.0,0.8318836560356057,0.0,11.01409342146324,3.7153738614184135,0.15893151955741233,23.997458401318738,52.859473543124295,8.884642157169104,7,83.10953280206635,7.911780071036933,0.0,True
0,5.1469490872542085,1,2,33,10.253738716777331,5.391468636747292,0.2778521547149629,7.293497360036609,1.8687513806820615,1,1.0,13.68856806915617,11,0.007572517531590717,0.0,3,0.0,11.340066291758834,0.0,0.0,1.0,0.1820172688654773,0.0,0.0,1.0,0.0,0.0,2.0,0.01,0.0,1.0,27.039722186430815,16,1.0,0.0,0.0,False
8,10.533846309695472,3,5,13,21.935157268965277,36.92396834324674,0.5665396483791967,9.196936169797583,1.1995671255628313,1,1.0,77.4979906107431,3,1.0,51.96249179980321,2,12.379265386313692,38.58230830020433,435483.36363186856,0.4589375805899001,1.0,0.5796281983313732,0.0,1090.5225695540366,0.6189782900169518,8.77057745415686,19.82240523147891,39.07162402985267,0.3320543158277868,117.2671854760477,154.3137468375184,73.28708155133566,22,40.16377270657516,57.32927956171312,64.73295311511342,True
19,1.0,4,21,19,50.605424935815115,6.116538313377014,0.6025159064016805,7.004623686427696,1.6072723540652314,1,1.0,41.85974884162293,1,0.20234275842759694,19.871229228418887,0,36.147875172042134,18.822521211910903,0.0,0.011052868502796742,1.0,0.16588552548150834,0.0,0.0,0.46069442267748484,0.0,0.0,11.2385282520017,0.10686510592469321,49.02579163444444,129.1508335152188,86.71789839259586,15,3.899068111217705,0.0,2.8186438878878777,True
0,1.0,2,0,8,4.030788223754237,3.5872767971298614,1.0,70.51090368292296,2.49006267289222,3,1.0,9.079333720415132,4,0.0,17.44688583167623,1,5.747883925268816,0.0,0.0,0.0,1.0,0.13996569185550542,0.0,0.0,1.0,0.0,0.0,2.0,0.01,22.093333662107398,1.0,11.921812125945724,1,1.9240809968667314,0.0,0.0,False
0,11.896468431241859,1,0,10,8.004852556320806,3.1590643873747126,0.4901433861918907,16.751644752111712,2.201640719001773,4,1.0,16.965466121012547,15,0.0018984100303468395,42.69833607051802,2,25.246227316589273,0.0,0.0,0.0,34.5878843496766,0.2605159039830731,508.6833908412933,0.0,0.9871124937908632,0.0,0.875377193375216,2.0,0.07826693914938171,10.561477898389303,1.0,9.306753628352393,13,1.0,0.0,0.0,False
0,31.16134539955267,1,10,4,14.289438334694093,34.64593185163385,0.3436729364530758,6.947837804670968,0.39195423482998804,3,1.0,13.993301225654738,1,0.013067197391593902,46.129399023216465,3,10.393709154941746,17.469289332062804,0.0,0.0,1.0,0.1820172688654773,0.0,0.0,0.9754858526308693,0.0,0.0,11.194837023077392,0.3570571798241191,33.898403101360095,1.0,30.500794568199204,14,1.0,1.4298374330504227,16.893632967951955,False
2,6.94258454252789,3,9,1,11.134260349837866,14.346156422587935,0.5828278630067176,4.776783979154175,1.7515233257927332,1,0.8209901565116948,1.0,1,0.0036322652512375537,27.316422859618182,0,6.266014988200562,29.143753124322174,12795.079493633682,0.0793762802663191,1.0,2.0,0.0,7305.257770919456,0.5015130216918611,5.695841138142849,6.18950718996737,31.32524343528366,0.18647047765706748,120.06952731955565,246.76604104397973,58.271209291316055,10,23.904572468953653,4.618702159210982,28.458219783353968,False
0,1.0,1,0,14,3.0600880949064218,4.960301013097689,0.7154590409130627,5.397810581498684,1.9389901288789475,8,1.0,10.319108800902494,1,0.42800941488268335,18.017783920524536,0,14.85744355323645,2.1412401477056093,21103.63342245479,0.0,1.0,0.13789372851912202,0.0,0.0,1.0,0.0,24.684997227537455,2.0,0.2632152916232038,48.85414948614314,1.0,7.776323281013641,17,7.614963538611323,1.0027991472178046,0.0,False
2,9.550449835321976,0,2,30,1.6036272984356326,4.026933411414611,0.177778008052034,5.476794139682515,2.097400956215427,2,1.0,23.47265332096131,11,0.0,138.89155822677452,0,16.258853870068812,9.604840495269812,0.0,0.025076878553622506,1.0,0.3885864267778068,0.0,0.0,1.0,0.0,0.0,2.0,0.01,17.134205337032682,1.0,37.907808309602885,9,7.015663487881213,0.0,0.0,False
3,5.322053414032046,0,5,20,4.433064586758764,2.685085242776645,0.27317123575458746,3.550374183023258,1.7781153606086857,1,1.0,61.05865812706847,1,0.537467798248183,0.0,1,0.0,24.75124337982199,0.0,0.0,1.0,0.2340040272690756,0.0,0.0,0.02,0.0,0.0,2.0,0.8411322787295166,31.20956859891897,1.0,37.59730884595881,11,1.0,0.4642407927987915,10.744765995096849,False
3,10.668226840417296,1,0,10,9.412812308049109,14.346156422587935,0.5492762118793711,6.559708004672231,1.8153995695139595,2,1.0,2.646931226612426,1,0.0,28.632102269654617,2,0.0,9.601214930801316,0.0,0.0,1.0,0.15318679054098272,0.0,0.0,1.0,0.0,0.0,8.720880936963121,0.13881059694109937,12.244467460352446,21.99447551582459,16.56521277629254,8,2.4003032806147715,3.7442492521656305,0.0,False
40,1.0,1,4,2,0.0,6.116538313377014,0.704423230168464,1.8455224263043783,0.2071374905888974,1,1.0,26.31492239048056,1,0.0,0.5696845507897716,2,0.0,12.741530810036707,3690191.6977122654,0.0,1.0,0.1820172688654773,0.0,0.0,0.9687007406722548,0.0,2.1339975908435056,2.0,0.19242326390579967,0.0,77.83215905132289,13.385372377569876,10,1.0,79.7080842702178,7.876323321466273,True
5,1.0,5,0,6,0.0,14.153100702949061,0.6741564150196223,5.103587736920531,0.0,4,1.0,33.88634586036332,1,0.0,14.363894288062868,3,22.018086216921755,6.030498966453937,0.0,0.0,1.0,0.12598474531625656,0.0,0.0,0.5998134408475283,0.0,4.296590397772105,5.443875524933471,0.19109398328267654,326.3934686505827,9.646733500697277,27.853656086954565,5,8.974065357747804,0.0,2.9440296363051734,False
0,46.65112564507244,14,4,27,9.79959687274617,5.200889719768773,0.2061907429910587,4.393597040840611,1.9201336155319237,1,1.0,231.46352013480143,1,0.8762515867358576,34.61538482008715,3,22.6555196073223,30.423832822552555,0.0,0.0,54.92417168999986,0.43255070740825813,13472.098625717235,0.0,0.932556558528288,0.0,9.750738662909646,10.255954574868692,0.7848410217078235,146.4537835567666,1.0,77.37245744051158,17,44.33960481531801,0.0,6.3192722197426345,False
1,34.908606504838076,0,0,1,0.0,5.36855517607198,0.6931190775304819,105.54752228000783,0.0,1,1.0,11.673396591731272,1,0.0,9.498566719188696,2,7.161912740588065,7.4467228945372455,3431.6773344172216,0.0,1.0,0.16936821224752366,0.0,0.0,1.0,0.0,4.9293023528395645,2.0,0.13743363283277174,53.91641245784845,1.0,159.6470381819588,5,105.48510413738478,30.34385903998943,3.650729464462251,False
0,12.753474322219532,6,2,26,7.171410437168023,36.92396834324674,0.39610448324219705,8.11751784464927,1.8973093544862316,16,1.0,56.93163078922427,5,1.0,59.375785967090295,6,74.21761411509334,22.144977263284993,0.0,0.0,103.9030987826618,0.0852866291747516,639.9872145118547,0.0,0.9926207698099572,1.139837399774943,0.0,12.082458730711515,0.01,159.32383017602172,34.50184883994193,787.0,29,1.0,0.0,0.0,True
16,12.821729125377328,7,1,6,22.161230563176556,14.346156422587935,0.9534470362975126,31.564434612490103,1.7681668234868892,2,1.0,3.5347164297934235,4,0.5825503763029057,20.56373428450539,2,32.877582996857114,30.153359440014114,20431.69517111215,0.0,1.0,0.15941891702317218,0.0,1519.7555164097957,0.27369851511015497,0.0,12.713969409245568,28.566453037681626,0.1821272841379789,140.24742779123483,159.65246982571045,72.9634852128643,19,42.355061485440615,3.4805089084144556,38.07163528469427,True
0,8.36785831282493,5,22,16,30.308843302445617,12.789392195963755,0.2015749620087952,6.984726758872095,1.9076640828605014,5,1.0,24.655526956450384,4,0.01844563716390087,472.9022980704889,3,11.856775404779697,10.838268521098817,135479.6096169809,0.07390336192893188,1.0,0.39008352956878306,0.0,0.0,0.12761388182089806,0.0,5.525618332638053,5.835449518680095,0.06947995677877829,0.0,1.8826204952368926,54.027969099557524,11,1.0,0.28543390137407865,0.0,True
6,15.05632486533245,1,1,1,8.478373854100171,5.50982299293125,0.28173128076935433,1.474733308210653,1.7578914419515026,3,1.0,12.110575731782877,6,0.00711520607211752,24.527509476407772,4,25.421261671545615,13.541215249353193,24629.243231335804,0.09907701080393203,1.0,0.12719729128857166,0.0,0.0,1.0,0.0,0.0,32.73262355827485,0.0998788619699529,141.58077323437556,151.17319841449392,40.66795567075092,16,37.682001730215745,2.355098880975398,4.563626862892251,False
4,29.74493946140809,2,1,11,27.877366356291617,11.078696202579327,0.4704195182152394,35.01883647356071,1.4749562845163895,4,0.7685879713612852,24.58694547892025,4,0.9530315319802517,11.839372174582834,4,12.798128216850445,123.09502959488479,15870.1624309514,0.2147916987489335,1.0,0.1417216678827281,0.0,208.11706196106127,0.9723379209766874,0.4906600036785315,0.0,7.739247952092038,0.02603780347106671,16.558787855861354,1.0,11.46592974267818,19,1.0,11.95964213181667,36.44086403694047,False
2,20.641199773259487,1,0,3,11.724119414456373,6.116538313377014,0.6387238086713574,0.5739661964670554,1.8003708038610517,1,1.0,481.8255211733337,7,0.013699534348595981,0.0,6,0.0,41.22101696720001,5950.190085926287,0.0,1.0,0.1820172688654773,0.0,224.5961399082854,0.36974470932453796,0.0,1.8728317164022634,2.0,0.09489991008650332,19.370232659335404,1.0,15.860597940457929,7,1.0,4.626790583300214,97.21068132775004,True
0,21.92692503258236,1,4,13,0.0,3.1661756643818713,0.4926025290285816,37.40701551369734,2.0369188520132306,3,1.0,9.686397699538134,2,0.8927091424548053,105.5446261144015,2,19.381666362487053,46.777450083651914,0.0,0.2996711127240157,18.446791134389656,0.3906488500056421,267.25843837925805,0.0,1.0,0.0,8.6090384677431,2.0,0.1650239805157249,36.050283237825305,97.52765657487802,11.31594463000447,8,40.21819135362098,2.067999193549496,19.87957442539915,True
14,17.21129142265903,8,0,19,18.215413101309966,24.263532325357062,0.42642433166689925,18.362508589994867,1.91908777706171,9,1.0,138.76322952478955,3,0.06353322721611523,42.684803040390406,3,20.459303806672484,45.091474888659704,82200.6191900591,0.0,1.0,0.04428600779544877,0.0,0.0,0.3990699533929009,0.0,7.586962774113462,7.721657405774113,0.047043649387129766,89.82946393934985,30.59791095936246,9.139770854342784,20,217.35704970009687,0.0,0.0,False
0,12.835120484235663,5,3,7,2.9653282900627165,58.322553092353374,0.6919573379368555,16.031176679190278,1.6097306608360173,4,0.5032995532649938,51.20142956840236,3,0.025929018361824,19.875892123406118,2,59.38485490630394,73.74409688316663,0.0,0.19563568328392997,1.0,0.24081404265960799,170.0415026136538,0.0,0.8003459102065331,0.0,4.329805288839097,30.773053031638568,0.058574895713697846,48.251537846522204,115.34818286828872,126.33774326470083,16,1.0,19.951065590024893,33.38000348952873,False
26,16.71729021296328,1,4,0,24.3763130429475,12.085554934656978,0.42131909099987674,29.07776589418869,1.8049853549432973,2,0.6993720960644917,507.0,3,0.6688808666538959,31.11637065528618,3,27.86203845250529,15.9446763180668,25806.085068201024,0.3389247095848793,1.0,0.7721349405016587,0.0,2393.038808292603,0.5051417399959081,1.3994915472791907,1.6859603001132746,29.397681113852073,0.2853425160569366,64.39774399214527,45.69622542589836,186.0155452083447,21,26.478432975312725,34.739864892273616,103.72681508012117,False
7,61.56456843897772,5,3,22,44.94377092845825,6.116538313377014,0.09149691282020732,28.621880856326978,1.8459591736071914,5,1.0,47.82525029221776,5,0.6576125154293199,53.82419150281261,4,68.33253629476732,22.144977263284993,14387.756954660406,0.18690598769891084,1.0,0.12977977132312318,1078.252728605321,0.0,0.05839990652943888,0.0,9.77114203816392,14.605864288254528,0.03233961463214856,123.05328691861108,2.009917508754384,73.28708155133566,18,107.87925768621474,1.9260552713849193,39.589337642884246,False
0,5.594851892014962,1,0,21,6.6096875695805615,36.92396834324674,0.29749202824023774,8.11751784464927,1.9253976353179552,1,1.0,21.033119830304877,5,0.0,101.48978772571874,6,14.154684056971668,6.949951969012797,0.0,0.0,1.0,0.2059188291532484,0.0,0.0,0.5593707827307709,0.0,1.2347101355815473,2.0,0.18798085598837386,4.021759270772577,1.0,6.219675229304542,10,1.0,0.0,0.0,False
0,20.992853176311428,1,0,19,5.877694681602922,2.981886581918253,0.22786066548745798,7.5457791442490265,1.9490078513926503,4,1.0,11.930525282680172,1,0.0,60.4098262958958,3,42.20134658987503,24.658506493610844,579148.8043243107,0.0,1.0,0.39771214364796437,0.0,0.0,0.9379536770899245,0.0,0.8740280671183878,2.0,0.03266597493847587,314.21066819242276,1.0,0.0,13,4.746648920487553,0.0,0.0,False
8,1.0,1,0,22,0.0,5.100723087397074,0.649842250848164,4.910358106179531,0.0,1,1.0,4.6905838432302716,1,0.35719070232911476,5.661051211512151,2,0.0,7.910471067822565,0.0,0.0,1.0,0.8539942177269247,0.0,1599.6887465254754,1.0,0.0,0.0,2.0,0.3094559713477373,86.7157325071026,142.58048910125396,9.36897799896727,6,3.113055353086743,1.9200371827228322,0.0,False
0,7.261632413455184,6,2,0,31.398575352700107,4.3840925486864375,0.3828845700117118,36.27015178424835,0.9285273561468836,3,1.0,9.303722935038458,9,0.18366469498023466,13.97806044529807,1,5.236090263907332,2.5843243200553907,0.0,0.0,1.0,0.08988073812016045,0.0,0.0,1.0,0.0,7.924921197027922,2.0,0.1308749565090414,18.880459900860924,1.0,40.304864198372215,2,1.0,0.0,0.0,False
11,1.0,0,0,4,3.23692688191842,6.116538313377014,0.20504802800928293,0.6632080117185382,1.1995671255628313,5,1.0,10.104823777986445,4,0.8685652056014489,0.3331311704793265,2,0.46148378797775536,17.16795580418003,7810.006656952849,0.0,1.0,0.5331305446594664,0.0,0.0,0.5195653562433364,0.17882829418490687,0.0,15.658447308321628,0.6031803535056766,301.1160366574983,32.924989228754605,21.401789267459463,9,1.0,4.283166033405468,0.0,False
0,12.28678320903594,0,6,0,25.66133685490851,3.6621022167089965,1.0,6.351098755712467,1.9106069549625289,1,1.0,7.811119372042111,1,0.28903158496965775,77.49925182225022,0,0.0,10.525673756069512,0.0,0.0,1.0,0.07124725115104144,397.747158084757,0.0,0.9804264195097387,0.0,2.4768926325407667,2.0,0.1315857112723689,57.46749457615915,1.0,9.16426902406965,3,9.173554545641462,0.0,0.0,False
31,184.19445660249485,1,3,4,30.48601636903345,6.116538313377014,0.3794024684306343,4.78145839935009,1.1995671255628313,1,1.0,21.97709959306403,2,0.7274465346736863,13.559037318898216,2,0.0,42.233733753673704,13242.387661984963,0.6506037577846011,1.0,0.1820172688654773,0.0,2258.4945916044926,0.9308043370173866,7.200122718682353,0.0,39.130542589847224,0.649004438851883,133.69882382296396,175.21939023168989,31.157136490151107,24,21.48826811525042,5.406517174999667,75.95921916416151,False
1,1.0,0,6,0,0.0,5.8850934465861995,0.5040803562891888,0.0,1.7515233257927332,1,1.0,1.0,1,0.01596647223541288,0.0,0,0.0,13.074724395024305,16822.115893662653,0.0,1.0,0.33924530550589255,0.0,0.0,1.0,0.0,0.0,2.0,0.1706936209388632,0.0,1.0,11.32938521231757,11,1.0,0.4992726719274023,0.0,False
0,80.19078815128069,1,3,9,42.234195008265836,6.116538313377014,0.8300308683447211,8.11751784464927,1.7515233257927332,1,1.0,21.881622750801448,1,0.0,73.63729279825883,2,21.720258450468968,13.666150797493213,6359.639146732546,0.0,1.0,0.1541677392269813,301.1132777933933,0.0,1.0,0.0,6.063298253336526,3.0371837561763373,0.21130153088909995,81.20297824826301,1.0,16.370163478717735,13,31.687935127606536,0.39344416324798936,0.0,False
57,12.354108140308966,7,42,32,35.43679171331309,14.346156422587935,0.41770720733982597,10.789389754175167,1.8476659604090884,2,0.6783935427262455,29.903409647734268,2,0.73750756961492,34.78419547496054,3,91.63133829874508,22.144977263284993,38801.96697412143,0.30079319953889855,1.0,0.14347981660254552,0.0,2423.1268249446766,0.8751968544514002,7.278442188086544,6.802479686426449,50.29107049747813,1.650895649646678,46.51511252353292,139.71059585970715,73.28708155133566,24,48.369591655640775,22.18193802851951,75.05660119860373,False
2,8.322872274752728,2,3,19,31.34101671073449,6.116538313377014,0.3744040693940552,10.750946142426681,1.7515233257927332,2,0.7445455546184347,9.603148378468147,6,0.9473023952262245,34.82607913868142,3,0.0,42.233733753673704,17624.828929575124,0.21070662564270598,1.0,0.1820172688654773,0.0,0.0,0.9574338345381285,2.9915332193327284,0.0,39.024028061720486,0.41025926908380905,79.72974796731569,60.44830807209003,54.64477918999871,27,1.0,2.7362675522490805,61.53491696453838,False
0,1.0,4,33,0,0.0,6.929357662401674,0.3320514048931469,7.037838418045214,3.3356938406150247,11,0.9980682529992083,15.685962158925197,4,0.0,31.511038314096446,1,0.0,16.758954523961982,0.0,0.0,1.0,0.06186118335833614,1150.1826543587085,0.0,0.9820434438228649,0.0,2.145711728934751,58.25290658528559,0.01,208.76381585700102,16.905109502031337,94.950982332385,16,9.805388411783234,0.0,0.0,True
2,2.7847238495346893,0,0,0,0.0,1.4352050014769104,0.4541786898384424,10.169276356528487,0.0,1,0.9555766988712584,1.0,3,0.011720025030916062,0.0,4,0.0,10.569824242815145,0.0,0.0,1.0,0.1820172688654773,0.0,0.0,0.9530057628632738,0.0,0.0,2.0,0.23651398879887706,0.0,1.0,39.1771787399079,9,1.0,52.180834208339675,0.0,True
30,54.631574492743404,18,3,3,8.6474441025116,8.319678329788262,0.4517586444204686,12.09058217649084,2.0421302907887497,3,0.6488483952003703,12.671616328497624,5,0.3938003991778297,35.17467147633654,2,51.67699327643312,13.808048373568543,27817.440148956684,0.0,1.0,0.12979381308303456,0.0,0.0,0.8619566678446129,0.6722128147310329,0.0,7.212916344553722,0.04791210301759753,175.76581206149947,90.37255859237716,12.876132890271656,11,36.62888821304486,49.55281426444662,0.8110917680299607,False
2,24.579024514698045,1,3,0,8.098657391974031,6.116538313377014,0.4523529210622242,7.276447604198279,1.7592002442267893,2,0.9707085234290405,133.36985641948328,3,0.0,109.64851891289078,2,61.22955298375021,15.172471318347656,0.0,0.0,34.93399622698031,0.12949232996497934,0.0,0.0,0.2530998282921394,0.0,2.9402851662982883,13.507618733637855,0.11096236607720351,47.57750777932745,73.0028027665891,42.44321399610143,19,21.067848453906617,0.0,15.872045364030612,False
0,3.651044182278679,1,0,1,1.8155260811846794,4.389119656491297,0.9022642506143776,4.115964924838568,0.0,1,1.0,14.406038212488774,1,0.0,12.131606545690099,0,8.328197951876566,0.0,35.514498019786515,0.0,1.0,0.45574450992057036,0.0,0.0,0.9885383408527417,0.0,2.4919787721617324,2.0,0.01,99.28038566371794,14.856168431264521,5.846265031476808,5,1.0,0.0,0.0,True
0,2.772942204161877,0,9,32,4.765143780146485,5.578856228349516,0.5154851991060163,6.423618648788222,1.944891113695601,3,1.0,5.540528266415196,1,0.09072102827229678,65.21525353647819,2,62.38861916285505,1.8263980005206069,0.0,0.0,286.2273340888023,0.12986619457518617,408.44541397948956,0.0,1.0,0.0,3.8820381670959296,2.0,0.0824188748741222,17.349914096829536,1.0,8.800927570575455,6,8.55704866863006,0.0,0.0,False
38,80.38115745746049,2,8,10,45.33531136199274,6.116538313377014,0.5878671252891118,12.760106026629185,1.1995671255628313,4,1.0,40.427946446147836,4,0.8997843416346598,2.1828615526467807,3,0.0,42.233733753673704,32714.369408150167,0.24575805213895208,1.0,0.17653472866865583,0.0,662.1742495242801,0.02,10.655693841391576,0.0,40.17985390406115,0.6492164089568955,107.3790444534736,115.33819340064852,185.24409204967571,17,1.0,1.5422745269139888,56.02175733796531,True
0,1.9612788980589506,0,0,1,0.7662915530402428,6.116538313377014,0.6005047632654414,4.664688319028919,0.0,1,1.0,17.404113451476636,16,0.0,2.8732921950752646,0,0.0,27.858190964373264,0.0,0.0,1.0,0.1820172688654773,0.0,0.0,1.0,0.0,0.0,2.2730267412286764,0.01,7.122212442277634,1.0,20.588304144766276,5,1.0,0.35397909996420807,0.0,False
1,1.0,0,0,6,8.146879982279927,6.116538313377014,0.799904913464042,3.668773550284865,0.0,1,0.8785546635286364,3.294419576737984,1,0.0,7.419114542001921,0,6.909727324992771,9.116758819762573,21676.662817443383,0.0,1.0,0.1784542291743445,0.0,0.0,1.0,0.0,1.4240930524788187,2.0,0.1309482183522495,23.348916621164033,30.41808853904365,6.325967508713756,2,4.145977727711088,1.4873889936788196,0.0,False
0,2.831959764128098,0,1,2,61.23214503902114,27.90788891634988,0.6685755833051235,36.20046366096788,1.8001500330842377,18,1.0,18.69228500142542,13,0.008208831946751921,4.794697836996648,2,0.0,26.929964671151243,13357.624392291731,0.0,1.0,0.1581991850169035,0.0,0.0,1.0,0.0,0.0,12.567328857969109,0.32451938146003145,56.6221397222663,1.0,8.835798320035005,11,1.0,0.0,6.8115516154436015,True
0,29.99059344875622,6,5,17,388.0,6.116538313377014,0.21677241360789912,7.36617199942085,1.1995671255628313,6,1.0,130.66658034811456,4,0.8365457328984627,0.0,2,0.0,281.13,3681911.3746268256,0.2847728725262319,1.0,0.1820172688654773,0.0,462.1855362712881,1.0,0.0,0.0,15.470456385405623,0.9351547517613025,105.40112950330149,56.360702619732066,29.118768771431686,11,1.0,2.7433044968910716,17.153691014376257,True
0,1.0,0,0,0,0.0,6.116538313377014,0.43073987218207677,4.722059711105707,0.0,1,1.0,9.137671769259262,1,0.0,0.0,1,0.0,8.68471106179177,0.0,0.0,1.0,0.17884068952945878,0.0,0.0,0.2865788914287517,0.0,0.0,2.0,0.05109153447618734,16.923693812064624,1.0,12.565041520957763,6,1.0,0.0,0.0,False
4,3.294368845031875,0,8,27,31.198041951521297,14.346156422587935,0.37421600682565714,16.977751299418394,1.1995671255628313,4,0.8748414026559949,27.987619362479297,3,0.4900765652276309,332.31936888937173,1,19.93781030508515,81.54223066119114,3413562.597884729,0.0,1.0,0.15852240240108395,0.0,389.39891132522894,0.8675591198633805,4.551901612667542,0.0,37.133873201267875,0.3733432103906791,104.76932320922917,126.02901221699739,24.246220440672637,18,78.54624125577766,81.8665331146039,30.0123307877015,False
0,44.515892368260964,1,0,7,17.50833473557086,2.8263265049228385,0.282558813876957,53.83313881991383,0.036265585131525446,1,1.0,56.93163078922427,4,0.65190784760737,16.12139703891772,2,1176.2963033157766,6.841913597985584,0.0,0.0,9.862961647630478,0.0,0.0,0.0,1.0,0.5606407028868781,18.176884308533737,2.0,0.07182041764950178,11.674859381467712,1.0,16.857025714365303,17,6.6453981185696165,12.574109031162019,16.545900869945374,True
0,11.04817329501268,9,5,0,23.973868370232488,118.0,0.7041483612603621,9.442542926341812,0.0,6,1.0,30.527515936051785,4,0.21184398046542582,23.33043825276879,2,21.027475630522424,19.038647893192042,278333.3486506012,0.27011471802234416,1.0,0.31066424918406854,429.4341588574895,168.42303072761013,0.5661703513038302,0.0,1.7846481849265545,12.000213961311808,0.0763342831154726,102.23257028595995,25.115273807164733,521.7742676275209,27,11.268757821774553,20.581487945982012,16.196324686097896,True
0,5.208690880862368,6,6,63,48.49180777259952,4.841386502777503,0.38694740600773503,54.66317604804657,2.7240970054872395,2,1.0,34.10949680475688,4,0.0,59.13275549738093,2,50.585362887082624,4.213329536053885,248371.91631375748,0.0,1.0,0.08318296361094674,1445.4367961329863,0.0,0.9821072100704678,0.0,1.915932064815263,2.0,0.01,31.60836115127466,1.0,10.367347797211178,45,1.0,1.2313303785803174,32.97913952089849,False
0,1.048107963287972,13,4,38,0.0,6.116538313377014,0.30775579660814295,8.11751784464927,1.9038768417968503,45,0.4629670159843443,23.00849691325082,12,0.4559328422518481,21.308132397730628,6,19.431677998087764,6.91658198126054,0.0,0.0,1.0,0.3500403576037999,0.0,0.0,1.0,0.0,0.6643018459403385,2.0,0.01,129.52277014740605,1.0,11.517024868162835,9,1.0,0.0,0.0,False
0,1.84487056192655,3,4,0,0.0,4.179941918680148,1.0,7.961393251685238,1.9673683583016206,1,1.0,30.0708450355345,4,0.0,0.0,7,5.282072397709328,0.0,0.0,0.0,1.0,0.1342007823633204,0.0,0.0,1.0,0.0,0.0,2.0,0.01,122.55466559799439,4.561281856896418,4.336270913658003,2,1.0,0.0,0.0,True
40,15.606292507035441,8,8,1,150.6267106072901,14.346156422587935,0.4875881070573167,11.226600804728523,1.2189108600170688,2,1.0,44.56548705660411,3,0.5075212587754212,0.0,0,22.06419914174209,42.233733753673704,0.0,0.1927889526559424,1.0,0.15927564409493902,0.0,139.45453171995325,0.10324277577099872,3.861113004474312,0.0,26.08644354994138,0.4028117015002832,119.99771855413985,247.9982048662382,31.157136490151107,10,39.31022738264942,2.082887885298934,10.325481425198909,False
6,1.0,0,0,3,6.385172150765955,5.7727221678778715,0.3507030535940785,36.54636902455057,0.0,1,1.0,1.0,1,0.01920595412542369,0.0,2,0.0,27.02464330397242,9281.537938256566,0.06824079435543884,1.0,2.0,0.0,0.0,0.5031518835880239,0.21387493449964046,0.0,2.0,2.0,0.0,150.11233461248656,60.63878126579024,12,1.0,1.7884973234540302,682.2364529435736,False
0,5.190148189110291,10,3,24,25.80912549542405,13.540087401986412,0.5949116959277958,23.489133050037083,2.655485275140351,19,0.3314671032275291,40.14578635777268,4,0.0,54.942073231890234,7,49.32127336439364,7.521902948033812,62005.594872069276,0.0,98.42302529339815,0.12012244087401178,197.81645103247996,358.2683909188338,0.5854203081573386,3.5379461503744776,46.86744590689117,47.62299506291713,0.01,196.73538805806555,365.2550188043049,32.04707108878081,4,15.17019598807704,0.0,4.988680545850109,False
3,1.0,0,0,0,0.0,6.116538313377014,0.8440734654641605,0.7186104975581477,0.0,1,1.0,1.0,1,0.0,4.774707454959244,0,0.0,8.453866927842395,905.4588279847003,0.0,1.0,0.1820172688654773,0.0,0.0,1.0,0.0,0.0,2.0,0.11545636939757409,14.232301007363809,1.0,7.147357028745207,3,1.0,3.8758121674425983,0.0,False
0,1.0,0,0,4,0.0,6.116538313377014,0.7419837497437602,4.53921211443429,0.0,1,1.0,1.943241015446083,1,0.00943400002633772,0.0,0,0.0,9.591908691579153,8797.35420058796,0.0,1.0,0.5331305446594664,0.0,0.0,1.0,0.0,0.0,2.0,0.122850001443438,16.76493671317979,1.0,14.252443441290346,6,1.0,0.8998843415703611,0.0,False
0,1.0,3,3,7,4.853650303131645,14.346156422587935,0.8351215202488332,2.5757308177898404,1.8216698425047197,2,1.0,13.635047556661533,1,1.0,31.24709563968958,1,6.207245441950771,16.239539032049162,429005.1605132811,0.0,1.0,0.13373331580727468,0.0,0.0,0.2013396140648444,2.5529014203685456,1.8868029835673763,19.10561044983933,0.37254980340094596,24.094693213598415,96.43118349508312,53.54063859825435,8,31.304232574745864,32.31329909118439,15.634369822823247,True
1,17.077546856095722,6,0,10,27.106805916938043,5.260292111889584,0.44796600213507465,6.7308085124025805,1.8593853164967167,15,1.0,49.034578081599776,1,0.0081861661569589,38.50215366265753,1,61.203511069905566,22.144977263284993,0.0,0.0,1.0,0.17681543908386257,0.0,8895.780783771417,0.9882767506656445,0.6362468636696335,0.0,4.538007512047079,0.1830084751549585,90.60136136007992,1.0,8.656546458804046,10,1.2123365497094607,1.8313033905333664,15.611048913345378,False
0,7.784029197131602,8,1,17,39.979652371194604,24.698468311597413,0.5696333381054004,48.36468137504096,1.7440851786742295,3,1.0,71.49718213462806,4,0.4898416095813454,51.9787211479385,2,52.053966551955845,5.223205256755505,0.0,0.05174764436611612,143.7011682449884,0.06438358770862496,0.0,0.0,0.4526360417187547,0.0,12.296605696948014,2.0,0.02053877404032932,340.8750558901563,20.435860551387528,33.71059994783376,57,87.74675368125692,0.21551254729654512,0.0,False
0,12.966961119832895,2,0,18,6.435600216527245,5.445417793073206,0.19599270716048478,8.11751784464927,1.2825784148102388,1,1.0,44.21286223654852,5,0.3929299570361214,20.64940431939904,2,0.0,9.556883165832259,1835.234094699469,0.0,1.0,0.1820172688654773,0.0,0.0,1.0,0.0,0.0,3.8941068675496044,0.3381387585383272,0.0,1.0,21.09525860278451,4,1.0,0.0,0.0,False
0,1.507730751777287,0,1,6,2.5663226275263447,2.9637516543869458,0.3748838738801575,5.496630130867935,2.0139972507117014,1,1.0,20.19339563558941,1,0.0,16.126073914820548,0,0.0,0.0,0.0,0.0,1.0,0.13434468654683446,0.0,0.0,1.0,0.0,0.0,2.0,0.015536224137740473,0.0,1.0,0.5954798796389689,8,1.0,0.0,0.0,False
0,1.0,0,0,4,6.833933638888524,6.116538313377014,0.594969093477043,3.6258041886723262,1.706840121760406,1,1.0,18.631718344823696,7,0.01016795809175586,0.0,2,0.0,13.210170805419565,12413.096854078041,0.0,1.0,0.1820172688654773,0.0,0.0,1.0,0.0,0.0,2.0,0.20425460564709425,0.0,21.894983744372528,16.67881748346631,6,1.0,3.292381919770402,0.0,False
40,12.377783761841092,2,8,0,9.234455894262549,14.346156422587935,0.45837851871773694,0.0900010755370988,1.7544130632511439,3,0.8619815096186083,6.978860306907813,6,0.022736303681458413,22.76281828251379,2,0.0,75.97246266954772,373681.73189454287,0.0,1.0,0.18071590674317395,0.0,1343.9131500468675,0.9685698757504351,0.0,0.0,25.589828009380646,0.31049252103115066,126.64963453955382,147.22390717002745,22.45227067844558,1,50.78729661069582,3.894607048874843,40.85993322843586,False
2,20.097259157826777,4,6,4,72.94501170823513,36.87239007421861,0.1577306661437196,11.913016518857077,0.0,6,1.0,30.894903839565174,9,0.008528058508002813,18.707167159282747,2,0.0,74.59102692592748,25512.344303173908,0.5446266754509677,1.0,0.14495015695533484,0.0,0.0,0.36132042543885723,0.0,6.965387744741317,41.25195438205909,0.2700745764233891,91.52770876590816,1.4059733784213932,63.573491674581405,19,34.59759758614427,0.0,80.316768981561,False
0,235.0,2,4,16,29.14264887841577,8.841054935835768,0.46219067186413165,7.235247000909677,2.1505125685287534,5,0.8658699489999532,21.572301353029758,5,0.4253207984338369,17.244760740808886,7,61.80741128718914,6.3389733359416445,0.0,0.26670158493368257,1.0,0.3802690383675354,8643.900425893282,0.0,0.44409246308165895,0.0,2.64529623008261,2.0,0.13628392103909187,41.09232368754306,1.0,10.282127897469048,6,10.368836241554256,13.23055338374678,28.821190772484712,False
0,1.0,0,0,14,0.8926339417806441,6.116538313377014,0.5267067102703835,3.997717898502413,0.0,1,1.0,4.535517783405841,15,0.0,17.597229791463718,2,0.0,7.124266711107326,0.0,0.0,1.0,0.17145848198705343,0.0,0.0,1.0,0.0,0.0,2.0,0.1383472363938914,14.105419315860889,1.0,13.42646682519991,5,1.0,0.0,0.0,False
0,19.474954185346565,4,1,5,17.0321562655905,118.0,0.1957520033605741,8.11751784464927,0.0,15,1.0,42.448644460078555,3,0.002805501851601296,14.741165083963875,0,26.735638288012442,44.19050794032799,0.0,0.3968579640221554,19.873666733933334,0.14210028158789711,0.0,1588.4860851582118,0.17766023134074477,6.514359199634827,2.553108280807315,16.710486445769504,0.0766660502725979,79.27160497572315,475.0719638198144,68.47299885810419,10,8.648171680588774,64.54096810460699,42.400746523072904,True
14,8.984281927254923,0,2,2,26.658943536202088,4.419981243409933,0.43536973427427134,10.701343824541707,1.7706593341957777,2,1.0,11.57504538218737,4,1.0,30.569338171391806,3,23.84123911272158,21.809195726989046,38993.17088578078,0.40998572103637443,1.0,0.18060327171659793,0.0,0.0,1.0,0.0,0.0,10.83747995572654,0.2915805832439565,7.21671958392241,1.0,39.00684364030492,19,1.0,41.768381605362904,105.28978792063744,True
1,8.035158929681387,2,0,12,55.357493122516345,118.0,0.22160189795378032,18.362508589994867,1.6869984052646188,11,0.7888902977564618,16.082268281740628,1,0.19536054062259833,5.64605026886613,1,24.387744593049103,147.30118655587384,0.0,0.0,1.0,0.3871052714723099,0.0,0.0,0.9819720861056939,0.005267626840290696,0.0,3.771768930907184,0.5007167111419268,0.0,1.0,66.20085571874594,27,1.0,0.0,3.0467626771514675,True
23,15.02672193747119,0,0,22,20.169291921501333,7.607144620749136,0.08426239481742083,0.8444068686569601,0.0,3,1.0,24.363085863311362,1,0.5902321473239106,15.307949682950452,1,41.65478702603303,81.54223066119114,6222.711847391293,4.998603305388595,1.0,2.0,0.0,2106.0199180339932,0.42547354470683707,8.04862770621032,0.0,45.51806050193667,0.22386878876613917,101.5929614729942,1.0,154.58768184113967,19,1.0,24.776271126153343,52.21558460352604,False
0,1.0,1,0,1,0.0,6.116538313377014,1.0,8.11751784464927,0.0,1,1.0,12.12091272818504,1,0.3437378365386266,17.89338856329032,0,11.609088105402583,6.949446904491597,0.0,0.0,1.0,0.09170298127152313,0.0,0.0,1.0,0.0,0.0,2.0,0.026795656639086382,2.320969858457783,1.0,6.5134351192258055,3,1.0,0.0,0.0,False
3,1.0,0,0,0,0.0,5.88006182949044,0.6874511133838566,3.2722391415186367,0.0,1,1.0,9.760930298087464,3,0.9473293976885687,7.676127675783763,0,0.0,14.178552993362498,0.0,0.0,1.0,0.1820172688654773,0.0,0.0,1.0,0.0,0.0,2.356160550274689,0.01,131.19906908996637,31.440956067632897,14.917275716919267,8,1.0,53.596135302044495,0.0,False
3,2.3913518789012027,3,0,6,0.7588952775072038,6.116538313377014,0.6741564150196223,3.4192254838899734,1.8808193824301014,3,1.0,1.1920987146673054,1,0.0,8.938772527201495,1,0.0,2.186914774972321,0.0,0.0,1.0,0.1776329293529943,0.0,0.0,0.5434735857945956,0.0,0.0,2.0,0.18073917646743734,0.0,1.0,4.7651942943136385,13,1.0,48.04010316386711,0.0,False
0,1.0,2,0,0,0.0,14.17418135805195,0.24132276281574605,2.1758885563432866,0.0,2,0.8310022769715107,29.513750196242977,5,1.0,3.4579465854277336,1,6.537960209185464,6.556579978486506,0.0,0.0,1.0,0.22088729271491775,0.0,0.0,0.5159519838481029,0.0,0.4314079663258892,2.243215554374812,0.06600612042002316,84.1936115014077,18.782736720791565,4.080295519596879,4,18.678574760084505,2.0277380706096184,3.1594503995099528,False
0,25.752214217094576,2,1,2,83.4768858970358,11.10203770333933,0.5100891958792562,3.878935073095555,0.01650867312290085,2,1.0,40.721190401532326,4,0.42318297897841,53.99047444885951,1,70.48370855584758,3.2897487991092205,0.0,0.0,1.0,0.08479333069838801,15589.466286925108,0.0,1.0,0.0,21.888623646937894,2.0,0.01,64.50287672861552,1.0,8.498002466630064,9,10.904623500685659,0.0,1.458240946537452,False
8,1.7748749944123587,11,4,14,4.428679018428076,6.116538313377014,0.23293097355156372,2.9304671862565312,1.8234726841206983,13,0.67659726905004,86.26552061956161,1,0.5139809637765688,17.40146835722473,1,10.178294579463483,15.71246503891802,190.61586785547388,0.0,1.0,0.4658403450831978,0.0,0.0,1.0,6.330070380174188,0.0,54.880579260596676,0.2230252780320405,466.91853065130294,26.846815703692723,7.658062743164749,1,28.426181933888834,30.164823287506856,3.7026287716419013,False
0,1.0,1,2,0,0.017886478703695197,4.360330339257308,0.3732046863711468,1.3701140420907432,1.5719067406485636,1,1.0,1.0,1,0.0,1.2855798246566694,1,5.469166505666138,6.551787420835503,2148.445016705591,0.0,1.0,0.4111881508945118,281.9201987457475,0.0,1.0,0.0,1.6493374796668792,13.432604860401819,0.07926735252965975,45.40807790728343,22.88305131964065,4.17320267208195,10,3.6076728150809654,1.7997803378447839,0.0,False
16,79.79345075976502,2,24,18,5.378821695956034,20.630583823366003,1.0,45.50202714236122,0.0,1,1.0,76.96863192403296,15,0.04500187914286795,23.135620604358515,2,1291.0104782270373,1.489829599781304,0.0,0.0,27.243533449010492,0.1571777086693002,0.0,0.0,0.9876404147822945,0.0,7.378077574500664,2.0,0.01,79.08564374333834,1.0,4.8036850112114795,11,1.0,0.0,0.0,False
1,1.0,0,0,0,1.0150599267750038,6.116538313377014,0.8230076819398193,1.1931535201694226,0.0,1,1.0,1.0,4,0.0053359389725862755,0.0,0,0.0,16.44703733771005,13085.627788580689,0.0,1.0,0.1820172688654773,0.0,0.0,0.9130466634488645,0.0,0.0,5.729147121174048,0.9379239531233137,4.138676686743523,1.0,28.522369447983607,7,1.0,5.038191013961595,0.0,False
0,9.8938310143506,4,7,33,27.710446843692758,13.050216938581222,0.5395790475154986,36.41199860651752,0.0,4,1.0,49.75955868808276,1,1.0,37.8964437548174,2,111.34775056804897,37.35219380039345,277486.78915223223,0.8000547932112059,1.0,0.1183452021544823,0.0,687.7931459147296,0.965698167399498,5.660333300310592,5.672622677754874,13.732111699798036,0.4205046836330644,151.5046322455361,43.244502399178856,73.28708155133566,20,64.4044432728893,36.00597783586276,42.932316312402975,True
0,34.65737639984616,6,5,9,0.6987272840283403,80.82967620149829,0.5573564340697297,4.680287228000901,1.8169699109733937,1,1.0,11.73900423039467,11,0.6924230419638158,26.90425450119174,0,6.504915633574287,15.774775349851586,1656.1877011305382,0.0,24.074847400406327,0.09953096147482622,288.28104858146617,0.0,0.9785449049354759,8.896874014860305,0.4735875471284474,3.500456746654166,0.01958325013979681,90.66744804445918,11.722863832727654,15.456111010353798,12,1.0,0.0,10.532055146604911,False
4,20.493264208973702,1,9,10,24.51067816224969,32.61758566093543,1.0,5.770787671078146,1.7515233257927332,1,1.0,17.42040501753142,3,0.007710305940996453,5.167045845653103,0,88.51986626907517,16.444574760760098,0.0,0.0,1.0,0.113478939606003,0.0,0.0,1.0,0.0,9.016977108014592,7.760582147083147,0.3201715758201311,32.72734905936438,1.0,91.10547374927297,27,2.6030249632018183,0.0,32.989451878905726,False
2,1.0,0,0,13,12.47753289166705,6.116538313377014,0.5384903098815264,2.357586129363979,1.1995671255628313,2,1.0,1.0,3,0.8676659507955581,0.0,3,0.0,19.619161112703395,21569.249648798086,0.01841435031828781,1.0,0.1820172688654773,0.0,0.0,0.9975066888431859,0.0,0.0,4.930535805925551,0.2716054888100174,8.235822728060118,1.0,23.377692837820483,6,1.0,2.937649706621837,9.65911260123016,False
3,36.439520957009115,0,0,15,11.697281956719564,5.996181581517357,0.49374334454316926,53.83313881991383,1.829954648709167,4,1.0,507.0,1,0.4474449993085444,46.2658748641137,3,0.0,56.087023907241594,0.0,0.0,1.0,0.11695350446540988,0.0,0.0,1.0,0.0,1.625747099824164,3.2958161582767853,0.01,2733.0,61.0183357204302,7.129383135419037,35,1.0,12.959863463920279,0.0,False
0,1.0,5,7,1,7.500218515693438,4.436949204033781,0.4152347835479462,5.228866900555003,1.818373360926242,22,0.6366356728113576,25.531204853115568,6,0.8446254437551655,88.2670631693394,2,0.0,40.49062413682088,6810.355909968779,0.2335789337279265,1.0,0.14711662507941237,1255.168538696279,0.0,1.0,0.0,43.382656740488734,9.757264761587157,0.06943234328896494,18.077609770050504,1.0,46.95977036202207,12,1.0,0.8956993624010586,17.179131144715363,False
21,13.809978056112607,7,8,13,26.42974646865426,14.346156422587935,0.5529132848898652,18.362508589994867,1.1995671255628313,4,1.0,24.589332951019717,2,0.03306727270643824,73.17066043752351,2,24.479753960050267,42.233733753673704,29719.67309592944,0.11510313658346089,1.0,0.16995141872530617,0.0,1986.8297706003264,0.451313519184668,6.870117526327844,0.0,32.822030375757045,0.397017267985696,123.91213106960863,186.2734761361379,73.28708155133566,15,49.379996945127985,90.87241880127122,46.40124473077959,False
14,10.020750253606165,6,4,3,13.452202631039038,14.346156422587935,0.23534223263660237,9.040598321370712,1.8692911149907507,1,0.7207661307985573,41.12800170591646,4,0.5289814339608241,112.128802257971,2,0.0,22.144977263284993,4701624.47,0.017220774320224008,1.0,0.1820172688654773,0.0,965.7462959403927,0.9798313901788946,6.128968235209955,9.079253492079753,8.45279103881322,0.12612782055424715,136.41707707673226,149.94904562586208,66.76400068532024,17,1.0,26.68968614407595,20.558479080981165,False
0,1.0,1,0,28,9.572888179377454,4.116967917650487,0.3665575711343324,7.5207487571419165,1.8529647773190003,42,1.0,15.939694709023541,15,0.9437158779821926,0.0,3,9.083433385329261,26.312711903076995,1099.0001390505304,0.5172126662498439,1.0,0.18713596362072432,0.0,0.0,0.7035406997883682,0.0,9.749998644362464,2.0,0.04422945589486803,28.87507885401086,1.0,21.56829307060209,6,6.437072153466821,47.612640881847085,29.955996374400353,False
11,11.536559161870304,1,6,7,27.694723324317117,34.64593185163385,0.21163412528800163,24.517398837100387,0.0,3,0.8179696250180827,39.115901478784345,6,0.4467340098126473,817.0,5,0.0,22.144977263284993,431994.128641863,0.3477033283115935,1.0,0.1403905633604452,4011.048706356918,346.4109453441861,0.302675103023838,1.9856508890608957,0.0,25.445775960063557,1.110422748709274,53.47765615933283,30.55789310060883,68.80815403988643,29,1.0,80.60809577010234,39.064053514318275,False
8,13.286265082418062,2,1,11,15.146513135829665,36.92396834324674,0.2483652272875837,16.976432620408836,1.7875583391684613,4,1.0,5.935456973638715,3,0.011638450727746656,44.748110480953855,2,0.0,14.679376773671107,0.0,0.0,1.0,0.15407544383277033,0.0,237.32325026561782,0.6960487458930603,2.5038183177549294,0.0,30.596420214638847,0.02842351770171589,161.84900182900302,121.23397038646871,11.68299716814984,27,1.0,4.151733925685034,6.816874235601318,True
7,1.8052933950828285,4,1,0,0.0,13.546323107311757,0.46033805221482726,11.853299527967282,0.0,1,0.9970885908028297,22.680441341813104,2,0.3334809806980429,26.729569316689783,2,28.54977579215349,252.17796039069378,17850.261615853626,0.0,1.5715661554100677,0.046994225073744046,0.0,1410.8016298580899,0.9901552068594504,0.0,5.579875059628614,19.09060112857553,0.29030410456831895,114.27345897042902,134.46553630104603,14.856080361134751,15,36.467462093650546,47.15301586685855,9.784649929448367,False
0,1.0,0,0,2,0.0,6.116538313377014,0.5773133989190216,4.77854872850639,0.0,1,1.0,6.6522637625132885,1,0.6807527424710551,23.00939827669961,2,18.792811180526076,0.0,0.0,0.0,1.0,0.4797605133817593,0.0,0.0,1.0,0.0,1.5984117459646237,2.0,0.10184305717880521,39.475802273850604,1.0,0.0,8,10.760633486082412,2.106395603012607,0.0,False
0,1.0,0,0,0,15.92463584580082,12.3873404293874,0.3944371345662153,1.6678204450629939,1.858742687260628,3,1.0,5.86225481297512,3,0.00840213918744987,41.92767705279496,2,20.14301896978327,9.564438140462446,0.0,0.7433655448831207,1.0,0.12442522914477241,0.0,0.0,0.542174094159348,0.0,1.6533082152266703,2.44375465764781,0.35551103724052213,0.3032177880565001,1.0,12.653879717795142,7,1.0,15.95373636356683,12.677639277435613,True
0,1.0,1,0,0,0.0,6.116538313377014,0.42494795702936417,4.695901170616842,0.0,5,1.0,5.73062792320176,4,0.0,3.262528805336119,2,0.0,4.776017843286422,24216.090817004533,0.0,1.0,0.1820172688654773,0.0,0.0,1.0,0.0,0.0,2.0,0.24584773136690696,26.916343737634666,21.361992867044087,22.033609217296167,2,1.0,1.209129403261437,0.0,False
0,16.772594017303103,1,7,12,93.79679202200725,5.563326731522723,0.33948610068897156,56.7275309688563,1.1995671255628313,2,0.9388715671796859,50.267878628322656,4,0.8966902396494756,100.76618147487453,1,0.0,13.875290197367711,0.0,0.3987444898354961,1.0,0.16051306592942852,0.0,0.0,0.49623275659517396,0.0,1.7208785641714677,15.39524552183564,0.09035167640239816,27.332397189816998,1.0,49.369572029250314,31,1.0,0.0,6.470439291064398,False
0,1.6162246709783072,1,0,2,0.6611435206761498,36.92396834324674,1.0,18.362508589994867,2.1848760453160403,1,1.0,22.91206663490795,1,0.0,11.845549914327474,3,82.08246639697532,8.62548196937536,225761.69543086732,0.0,1.0,0.1409007570907952,0.0,0.0,1.0,0.0,5.4391290479554,2.0,0.01,45.01609920142828,1.0,8.303634209671621,20,1.0,0.0,0.0,False
1,1.0,1,0,6,7.420108488125187,6.116538313377014,0.8384646155317155,6.749986631328349,0.0,1,1.0,14.656619125159843,1,0.003701976967501899,0.2494399285134108,0,0.0,11.45726886174863,1677.1194963721318,0.0,1.0,0.1820172688654773,0.0,0.0,1.0,0.4925854756516852,0.0,2.0,0.24157836166001045,64.97262155380818,1.0,24.919583826348774,5,1.0,2.057741779413144,0.0,False
0,20.834482051272346,6,0,30,26.715324969391542,36.92396834324674,1.0,53.83313881991383,0.0,6,0.6298360831291292,53.198484225055935,4,0.0,4.043518610835381,2,20.877455008948015,42.233733753673704,0.0,0.16920820395156158,91.34315469177457,0.21068697131698083,0.0,0.0,0.38810041115484917,1.7230890816454827,11.48037879916934,16.691877130890678,0.38489692384610513,35.45708489756018,26.59869294529212,55.84467343450908,13,1.0,59.55998108919353,177.55728107573196,False
0,23.804172862951816,2,2,15,17.863858691308458,4.653814781796868,0.6310929771553294,18.26294087669865,0.030154431401046677,3,0.6092971461583142,106.938255281861,4,0.0,34.56557723929598,4,5.74222530757849,12.61254772850554,0.0,0.0,1.0,0.05656363398962039,0.0,0.0,0.06837231306920477,0.0,2.092536473341979,17.43287345780571,0.07150102770118963,20.901976921053567,49.26270391336929,70.72157973098308,15,5.949227428843834,0.0,35.75290102145589,False
0,9.144683886973302,7,42,0,3.346055086152198,34.64593185163385,1.0,6.696148145581954,2.3361494252066883,5,0.29651509288397826,496.88983229549115,4,0.1726760873549399,90.36786808515546,3,670.2230384458633,12.94342001660376,2240381.3714416,0.3371913699970726,28.131161588521557,0.24375307940976956,1403.6013837470916,0.0,1.0,0.0,3.488083882952367,17.737115621376816,0.10841307202975417,36.67217195108826,154.8328692368617,9.28526942560857,4,161.1323603088856,1.2905433833889983,8.727843942317902,True
0,43.148918760942784,0,6,17,27.029084270555686,14.346156422587935,0.19760558919012972,8.11751784464927,0.0,2,0.5930857397217846,8.064318265538628,3,0.0060799087371218264,0.0,0,0.0,80.09889375782487,7312.21690315524,0.0,1.0,0.1820172688654773,0.0,638.0355557696735,0.9867098890223687,0.0,0.0,2.0,0.49283182061146946,38.401577004312756,62.790161559252184,62.23575524840591,13,1.0,5.051573536687785,45.40471271504573,False
1,34.39893936126444,7,2,23,21.309916288595453,14.346156422587935,0.47089038858382387,8.11751784464927,1.9959506103364686,45,1.0,101.16939497819989,4,0.0,43.609652118566885,1,89.87583330344594,10.48871077545213,0.0,0.007482116067269021,53.856951366188596,0.09813724156680159,0.0,0.0,1.0,0.0,2.1326884386266607,2.0,0.01,128.13420435738487,365.84638075339,23.534665943190564,27,30.52401434723965,10.944847605712493,23.940367523717693,False
0,5.909033891242597,4,3,0,9.821446027061045,14.346156422587935,0.6465151713010476,28.621880856326978,1.5108432786731263,5,1.0,80.78261054034213,10,0.0,22.191656643348086,6,0.0,18.955199094496546,43204.11681540316,0.0,1.0,0.15019353948282427,0.0,0.0,0.9895436820668972,0.0,19.05126892924581,8.071529909709671,0.16938654057175292,8.666953658979375,56.85984009859045,216.78269572128272,9,1.0,0.4962286906860256,20.724039443281413,True
1,1.0,4,5,65,19.516365480954907,14.346156422587935,0.45117470471786775,3.6501244151778716,1.2975054929792635,19,0.7888902977564618,38.77236614610209,4,0.511481423791223,33.148419902340265,2,0.0,36.86151845466741,17414.184847125234,0.0,1.0,0.15398203273155125,0.0,0.0,1.0,0.0,1.3096290697928792,15.379747028320407,0.43667574507680196,43.014267153971694,1.0,55.577523189645476,6,1.0,0.0,2.792704204371959,False
0,1.12550250619187,0,4,0,7.626236048583871,6.116538313377014,0.257031575263728,16.412836993363733,0.0,3,1.0,10.39419328696345,1,0.5928168977655581,41.60816044335007,1,0.0,10.107945340397567,33575.324514209155,0.0,1.0,0.6590745701064759,0.0,0.0,1.0,0.0,0.0,21.262988220894435,0.43915227558031755,274.00847678928085,1.0,16.14188571296122,5,1.0,0.2782604635953092,575.4468615106784,False
0,63.04891805527723,5,0,6,24.67511299088924,33.86055025761733,0.4977365217497445,56.7275309688563,1.1995671255628313,6,1.0,125.06395460304225,1,0.0017826812124739305,55.60729074955979,5,0.0,32.83039948054805,0.0,0.2345140955881861,1.0,0.12898019842772052,0.0,95.69239103516145,0.9667966969442987,0.0,0.0,20.748835909112493,0.20637880269064884,0.0,1.0,66.38518424192365,19,1.0,0.0,41.29040325725694,True
0,79.25573266165563,0,1,12,35.601534953921075,14.346156422587935,0.49476669895370995,6.119541350819159,1.7833170759625432,1,1.0,56.93163078922427,12,0.7707775796234948,26.195440436276286,2,0.0,29.953451206517403,81923.15781714945,0.0,1.0,0.1820172688654773,0.0,0.0,0.16047260057542212,0.0,0.0,7.253259557166066,0.12708546019893885,268.56469288554274,1.0,21.522517653634168,15,6.175453275528433,21.227631050892146,10.75354952192655,False
11,10.051705480471723,7,4,0,7.234983581002424,34.64593185163385,0.2877116663150743,3.2719126107718446,1.3680767274129795,5,0.7639257597603553,30.567898603324345,1,0.1365648422603319,45.387435319023375,1,95.80362578148348,11.004373640269211,31134.195651106656,0.0,35.720159965675165,0.12146839270810915,1703.7504705904093,1660.235657543056,1.0,0.0,0.0,16.618338127975093,0.09263051604078754,118.17189273059469,132.4446991273001,43.77245234460018,13,36.82344536504313,49.3565631060902,43.47150335892383,False
6,2.0431304208941854,6,5,0,6.794999587870558,6.116538313377014,0.22853599220495388,5.692876512830065,1.7515233257927332,1,1.0,16.312442586105824,1,0.041649389442986594,18.852285637273077,0,10.267301288733478,281.13,452658.3070234901,0.0,1.0,0.1366645130032843,0.0,886.4951095288461,0.4416097987822085,0.17748317312215667,0.0,7.556613250547338,0.6374360588350725,33.91668146027252,260.55370404519215,26.424371818977626,29,49.53252376040577,63.938657063687344,38.5321026431161,False
0,8.572683510132258,16,18,9,32.80705712092541,3.03465543135113,0.3980037492819237,8.11751784464927,2.2086702046317632,9,1.0,15.93073348307961,5,0.08348961623388501,19.775231497616446,2,2.9899725089507108,11.696979021221477,0.0,0.0,22.41316090277482,0.40700969360322337,737.45087000421,0.0,0.7893889983584862,0.0,6.571964935906165,2.0,0.9218041507185006,0.0,25.821897202345248,11.914223757510804,13,1.1784723004100641,0.0,22.88155928365377,False
8,17.732714323524092,2,14,1,59.64314046161607,4.481042052517248,0.410638981732043,20.65281724851208,1.3772392930982906,4,0.43427656734683595,26.0379427441137,2,0.009255913411816712,14.339875010340931,2,2.6580315514812973,16.85881444778381,0.0,0.0,21.813297890297093,0.1392168689486167,0.0,0.0,1.0,0.6744793466497624,102.51012290621959,12.117862513749387,0.20383790176539196,12.346134462732614,68.43991747842232,45.388990639892754,8,1.0,0.489671844282102,33.76061302452852,True
50,13.760034306159266,5,9,7,1.2311255552374778,14.346156422587935,0.7721011380927514,10.376468352317987,1.9509279372892738,5,0.8609618052858027,20.984470028209397,1,0.06403125241047983,74.3847260795068,3,31.849990172012518,25.291935551204993,33712.56652553588,0.0,1.0,0.10860851150668745,0.0,0.0,1.0,1.0130945314134685,6.756368202046574,21.224874299533393,0.08526136337464041,98.91807436049221,137.58019584058582,31.312110556912373,16,28.754736934313108,1.3570518895026737,48.800794632413584,False
0,23.358627808813385,12,3,4,33.419554138536185,14.346156422587935,0.25894029780348704,17.38605085473967,1.1995671255628313,2,1.0,52.858396464662334,4,1.0,191.55839020925652,2,48.250877496968386,42.233733753673704,0.0,0.14350087874741513,1.0,0.13441198863602805,0.0,0.0,0.892968763899585,0.0,8.981429118255154,33.50236399203503,0.16805364024563413,313.40967279057315,1.0,185.24409204967571,26,24.719820603873014,11.93788148928872,41.79240552747649,False
26,1.4163702254879302,3,8,0,26.634130256480432,6.116538313377014,0.3816624256938018,40.17585594599777,0.0,2,0.7027681726413233,17.478107061634603,2,0.9493464803735039,44.49569851088084,2,0.0,42.233733753673704,50862.408461177976,0.0,1.0,0.1820172688654773,0.0,2533.824845180012,0.22255040365544462,7.735762123528625,0.0,41.10648652882567,0.7950409329044221,130.15462432437826,246.76604104397973,31.157136490151107,32,30.866864740634725,90.87241880127122,75.95921916416151,True
0,2.662781267181828,0,0,22,6.433008446233423,5.467129527723706,0.45224926065979704,4.730133178808927,0.0,1,1.0,19.60692434310845,1,0.0,5.067241622591424,2,0.0,14.817046974514726,0.0,0.0,1.0,0.1653645930712052,0.0,0.0,0.9870562959983944,0.0,0.0,2.0,0.24649567160105768,0.0,1.0,20.5623015805796,16,1.0,0.0,0.0,False
3,6.368594038006588,2,0,0,0.0,6.116538313377014,0.3800399413185131,5.583492922075034,1.7515233257927332,1,1.0,4.856100962058633,1,0.0,9.475874644999655,2,7.27447825534988,14.175710550819197,17265.860129599005,0.0,1.0,0.1820172688654773,0.0,0.0,1.0,0.0,2.5504632218173233,8.92387381687297,0.25296967328473996,10.067758473847245,3.2273070525662853,16.09544549946301,12,8.74513449208861,15.295065994058636,9.623529681987527,True
0,9.893492092599718,10,1,40,4.304331555291283,2.636290205949269,0.3514041296916518,8.003132660773336,0.0,1,1.0,9.483314209051999,5,0.5949435592954464,17.034049450226743,3,64.89492252518217,0.4447192401305413,0.0,0.0,1.0,0.23564260076854887,46.502752951947116,0.0,1.0,0.0,2.499606862070009,2.0,0.13255126508801124,56.23403826966139,1.0,70.35150189971978,9,1.0,0.0,0.0,False
0,235.0,1,2,48,28.436715846737457,14.346156422587935,0.3454503526532423,18.362508589994867,1.9858323510386118,5,0.9749074405414684,122.53208067377531,5,0.0,25.802071310361733,1,96.13807095101129,28.17594897754661,0.0,0.0,1.0,0.13637638166843807,1524.6166901737367,0.0,1.0,0.0,2.648955013321215,2.0,0.01,114.26797598606566,17.743387828886046,14.081982261415163,8,1.0,0.0,0.0,True
7,10.071198824540227,2,7,29,39.047428283368575,6.116538313377014,0.2703978457108337,18.362508589994867,1.8224976978082115,1,0.8148507260846262,307.4864765629869,1,0.0010988024488755863,0.0,2,91.51646076442722,22.144977263284993,81211.00315097219,0.0,28.896370694422586,0.15276372471975347,245.79683115700198,1178.485724541957,0.9538714061201203,0.0,10.17497919750155,17.862482838474953,0.03767308426962376,193.34653452030983,101.62642837294736,15.12398267264529,13,128.781744009296,14.569713437514492,111.4500166339971,False
12,1.0,1,11,0,4.679743179838522,14.346156422587935,0.34297617704781014,5.614213916668104,1.4304552266331496,7,1.0,15.011733265361194,3,1.0,19.655095120394158,0,3.374889889418128,58.29234256517923,10765.543109558694,0.31087200459243797,1.0,0.1820172688654773,0.0,158.8922353816438,0.9501946404096675,1.2348423463744331,0.0,79.96886679941892,0.17805449994227204,18.191234877695834,480.21218657572257,30.46716855837375,20,8.163560499520914,5.406517174999667,14.191223833601725,False
0,1.0,2,9,8,5.16772166864552,5.122354406359859,1.0,3.1688565805349134,0.0,2,1.0,1.7031263701258474,5,1.0,10.433539268167412,0,0.0,15.455618079226921,26411.97914593433,0.0,1.0,0.09447723445836133,422.41301328195186,0.0,0.9492205235088397,14.201562955932694,0.0,2.0,0.6845197772187592,104.34005255335671,1.0,128.0023196831806,9,53.846363712687236,2.929991975038888,23.887362355223367,False
0,11.412641946822735,0,2,6,102.05012456130152,118.0,0.35073785766837284,39.40420570452589,0.0,3,1.0,17.39911692458283,5,1.0,0.0,2,0.0,67.36530983507751,0.0,0.008339062450981746,1.0,0.14417749315132528,0.0,0.0,0.4553246154445725,0.0,0.0,2.0,0.33719161133283615,14.066628012541528,1.0,31.157136490151107,18,1.0,36.17437499786746,12.691024120149946,False
3,18.205368102242794,3,0,0,60.99952717516448,9.329613861907468,0.39577634845729853,7.189074565616952,0.0,2,1.0,51.31450818723244,3,0.0,1.431030244273706,1,24.960318932507406,35.34524752480727,15294.280203189861,0.0,1.0,0.16415990842919076,0.0,515.2875697228274,0.02,0.0,1.777947192622421,21.687930487941877,0.6817986082157317,46.535036407395026,79.93419837789799,46.005362073832856,14,1.0,35.07307223930733,43.677845321875,False
0,6.017347150802628,2,0,1,5.347820071197702,6.059190404293411,0.39610656630676655,5.293693576895412,0.0,1,1.0,1.7405330541411486,1,0.0036605010429208084,9.31124121132379,0,2.5460697477279055,2.796009137864665,0.0,0.0,1.0,0.5331305446594664,0.0,0.0,0.9752699089437117,0.0,0.583100732249181,2.0,0.06257490379790738,0.0,1.0,13.35971757880432,10,1.0,0.0,0.0,False
0,1.948769216207133,0,0,1,17.59425629660345,118.0,1.0,3.226479335138699,1.5599755315578774,2,1.0,54.29152002396852,4,0.017463693945065886,0.0,3,0.0,32.85490877064493,10344.937185072125,0.0,1.0,0.17376279864805494,0.0,0.0,1.0,0.0,0.0,4.381219354934555,0.10373496403410248,1.1540885228595883,1.0,16.12664283050696,7,1.0,2.811906002331076,10.423791076588465,False
0,1.0,0,0,10,4.072344230786598,6.116538313377014,0.6741564150196223,48.88514587733072,1.8469173372683247,1,1.0,15.701150617989171,5,0.20208637274441532,0.0,2,0.0,7.601947109969223,0.0,0.0,1.0,0.1820172688654773,0.0,0.0,1.0,0.0,0.0,2.0,0.10277474742106277,0.0,1.0,13.49331194928605,8,1.0,0.0,0.0,False
0,1.0,1,0,11,0.0,6.116538313377014,0.835651942848427,1.9005433081481589,0.0,1,1.0,6.874890783056371,1,0.01322544092856385,0.0,1,0.0,4.043341086476655,0.0,0.0,1.0,0.1820172688654773,0.0,0.0,0.5844552728948704,0.0,0.0,2.0,0.3817299386336701,0.0,1.0,8.759897932255408,7,1.0,3.6446165555445837,0.0,False
4,9.854272965360527,1,2,0,9.79220723143743,6.116538313377014,0.23824091544672274,5.153945633417511,1.6109423791522213,2,1.0,1.0,3,0.03951266909763654,0.0,5,40.87653607380562,18.304010290773284,19701.33460568714,0.07307955747885136,1.0,0.34481212078399714,0.0,433.05174592676144,0.9727610841513011,1.4107554597008547,0.0,5.305450054091419,2.0,52.334812545002826,24.975593570684907,122.60021762811668,14,1.0,5.230461496644612,29.355654447908734,True
0,1.8227898517468586,1,0,0,28.628534363564995,3.863412995513019,0.2961808565899193,7.220691627277044,1.1995671255628313,1,1.0,117.08940251782087,4,0.9327690213452637,10.982812944978658,1,40.52330258776907,9.802225815137453,0.0,0.0,1.0,0.10984420839942097,0.0,0.0,0.5278816100541799,0.0,0.0,17.609186099148587,0.01,15.584293711791785,1.0,15.53107934671656,16,1.0,0.0,0.0,False
0,1.6341807630383844,2,0,19,0.0,3.9428182262913634,0.23119306977619947,6.752371568606024,0.0,1,1.0,19.490373421813928,1,0.0,9.948670771536243,1,10.470565780410656,0.0,0.0,0.0,1.0,0.14206184107736086,0.0,0.0,1.0,0.0,2.546495287665759,2.0,0.028850713731307875,8.007526808215916,1.0,7.088802819376999,3,1.0,0.0,0.0,False
2,1.0,2,0,0,0.0,6.116538313377014,1.0,0.0,1.7515233257927332,1,1.0,1.0,1,0.011726601534315177,6.474151274714357,0,0.0,9.546162956467382,0.0,0.0,1.0,0.1333353754142611,0.0,0.0,1.0,0.0,0.0,2.0,0.28156513493751273,0.0,4.103718607347126,12.697710855463427,6,1.0,0.40046185533894396,0.0,False
27,13.538171087464963,0,0,0,19.728598673686776,14.346156422587935,0.6052821206127954,12.981349910673353,1.1995671255628313,4,0.8571803119001027,20.610846058455692,3,0.7392521425882589,16.71240051892103,2,46.42017600076722,42.233733753673704,31338.38872657252,0.4431899748543686,1.0,0.1820172688654773,0.0,3104.8281086301995,0.02,8.669792420278998,3.213187123758141,50.29107049747813,0.4729672954382603,116.35967076505571,208.99127808813674,73.28708155133566,20,61.06001974619885,24.398620835681008,75.95921916416151,True
0,2.434097365711331,6,0,38,3.3928229707959505,12.065842700258017,0.6877140190366688,5.130641079897844,0.2915689721311159,3,1.0,38.84415978026274,1,0.008026507796162515,7.144982681308727,3,1.1497112095411381,14.100294131726805,0.0,0.030883554677397673,1.0,0.12251347986671908,0.0,0.0,0.9554157108240046,0.0,1.2107829747987,9.355142854003246,0.03503340013832977,2.0670302136484136,1.0,4.008049174253608,27,1.0,0.5201895687506738,0.0,False
0,1.0,0,0,0,0.0,5.521888352282307,0.6509240689900746,3.0482648068626013,1.905025366640257,1,1.0,5.468077017879899,4,0.001358880791610381,14.59366739103684,0,16.126919554456524,6.497330126789672,0.0,0.0,1.0,0.1323630661173978,0.0,0.0,1.0,0.0,0.0,2.0,0.17160661625260787,36.262252114758084,1.0,13.70427961604086,6,1.0,0.07023265993683714,4.05469307092717,False
0,1.0,1,0,0,0.0,62.45133326748429,0.4059089856666936,3.4739832268523227,0.0,45,0.7447861524535303,3.3817055440376755,8,0.0,11.044082930952126,2,0.014190235391591699,2.9166957583549924,0.0,0.11408968082734924,1.0,0.3975568541856532,327.4166171459086,0.0,1.0,0.0,4.9247262137802075,2.0,0.2564365243167988,18.08001317744138,5.5963408543743896,11.733838735560882,6,3.505301135819309,0.11585714756541661,0.0,False
0,5.202676131329127,6,1,2,4.039711034299073,6.116538313377014,0.5836752786442603,94.04964493365476,0.0,13,1.0,27.52698961160129,4,0.0,9.449528366860658,3,27.92566353414938,11.4430931385842,0.0,0.0,1.0,0.1820172688654773,0.0,0.0,1.0,0.0,0.4308259074015284,2.0,0.01,42.17274035807657,1.0,12.329538519343423,1,6.1549505799527635,1.6310983473258165,0.0,False
38,2.932797247881053,0,6,0,5.675259288108887,3.608989909619247,0.19193021177752917,24.65250241752028,0.0,1,0.7888902977564618,20.86293257910469,2,0.44477936186597206,0.0,3,0.0,22.027665224638987,3185.588036653534,0.0,1.0,0.1820172688654773,0.0,0.0,0.22288363808891073,2.2007536237348346,0.0,32.21622659736862,0.33917156888953803,0.0,1.0,31.157136490151107,15,1.0,2.445212583095774,4.985464537995907,False
0,65.29004610306346,0,8,19,44.05466589709698,34.64593185163385,0.5946979075650489,28.621880856326978,1.1995671255628313,5,1.0,55.24919993263222,4,0.7790530530317065,77.36646413893465,7,0.0,38.005427874013655,10290.954407761685,0.22476407007252047,34.14249164349633,0.15249523570039222,273.90289161574805,0.0,0.361297221466937,0.0,0.0,18.705230281030957,0.19699568486377983,102.4490047181404,5.081591181206974,787.0,25,1.0,0.2027038956715666,41.833378399105364,False
0,25.50632036439143,7,0,16,6.519521384815953,6.348855220027585,0.422561925236895,18.362508589994867,1.9575772948364787,8,1.0,48.36109294318807,1,0.0,817.0,0,20.1119768205882,10.57505347631564,0.0,0.0,14.194403169454393,0.18243999984374668,1321.7947964803368,0.0,0.9568515264735304,0.0,3.9536732447150253,2.0,0.01,55.32564802304317,1.0,4.790872811950375,10,15.639450757307474,0.0,0.0,False
8,6.0437592944760175,1,5,6,0.0,6.116538313377014,0.5786635860179237,3.89809014043392,0.0,1,1.0,10.80842741856273,1,0.9624463435446047,10.362721976061902,2,10.339807103921395,0.0,0.0,0.0,1.0,0.2688203414202436,0.0,0.0,1.0,0.0,1.0183628976786805,2.0,0.36007750024303553,2657.815287708484,1.0,90.09660093138235,6,2.7538183852918934,0.0,0.0,False
3,5.789086053999291,1,0,36,5.07593452174322,7.748268774673982,0.2530569584218714,154.0,0.05732296770983148,12,0.6204738786455594,5.745440853084535,1,0.0,77.15452101873365,0,34.389007863215234,34.439152839209875,0.0,0.0,54.915490103911466,0.05746361799256753,3522.555158494332,0.0,1.0,0.0,2.1607613786231497,2.0,0.0252885283601383,32.2454075903305,1.0,0.0,6,19.03007218057616,0.0,0.0,False
1,28.966891265314057,0,2,1,4.758439233067293,4.445057911136372,0.3983134281719975,15.783474817124556,1.853244487997718,1,1.0,45.02769561311861,3,0.002994250793476076,8.636886887968682,0,0.0,8.92302596371271,10523.674081017709,0.0,38.137219574858634,0.1137870031933528,62.789544264673,0.0,0.973731022913654,0.0,1.10542090888174,14.275219099034496,0.36330836572884495,31.98726829803762,14.449696408805352,18.0940209699871,11,23.74033702560118,0.0,6.751614329731985,False
0,1.0,7,21,0,0.0,6.116538313377014,1.0,0.1738198545153553,0.0,10,1.0,22.560378635306755,1,0.0,5.974579402192687,6,23.531045436714184,8.664308724036932,24414.824623522927,0.0,1.0,0.8614179202702212,0.0,26.005054446036752,1.0,0.0,5.412284978205729,2.0,0.4072632533090315,3.374987363356201,1.0,17.291371028531778,17,1.0,2.9644323185566295,0.0,False
0,1.0,2,0,0,0.3727020433362256,6.116538313377014,0.9148818031559015,6.146478433616522,0.0,1,1.0,17.0156712138825,1,0.02097310896325697,0.7580484289421374,3,0.0,8.141741147120142,1031.5071176600804,0.0,1.0,0.1820172688654773,0.0,0.0,1.0,0.0,0.0,2.0,0.06089580438167347,1.2188955395955041,1.0,26.972976614789914,6,1.0,0.0,0.0,False
0,15.836902659243645,0,0,17,6.829586895126118,9.907310907679614,0.6686633400286208,17.774954307746746,1.8873928561797153,1,1.0,23.974960451812468,1,0.0,16.781130512264124,2,79.02557580736645,21.615953631978016,0.0,0.0,1.0,0.11329088792380262,0.0,0.0,1.0,0.0,0.0,2.0,0.01,21.852505117965148,1.0,7.284735060283237,10,1.0,0.0,2.721287209312827,False
0,14.410764569399635,7,0,7,16.90630908218196,78.9581849959723,0.14460045879453315,56.7275309688563,0.13161858451377473,2,1.0,125.06395460304225,1,0.0,21.78828183466604,2,36.18249996443001,13.741875038704347,0.0,0.0,75.41417125083797,0.027392043845271552,163.91419642655865,0.0,0.4818757412145534,0.0,3.417374929956292,13.578966766368268,0.011316587397561043,63.88419038295766,8.482519215657172,63.65196900976617,15,1.0,0.0,0.0,True
1,1.0,2,0,0,0.0,6.116538313377014,0.9148818031559015,1.353034544693448,1.253677755436871,1,1.0,1.0,1,0.027268924145716793,0.0,0,2.9373651942376497,16.135572813165375,15510.137974951303,0.0,1.0,0.1820172688654773,0.0,0.0,0.28837921155874613,0.0,0.0,2.0,0.20967093575150203,12.536633795116694,20.148153714094192,8.882295993333821,4,4.840349856289219,2.902985076766155,9.030543038603275,False
0,1.0,0,0,0,0.0,6.116538313377014,0.4351704159769151,1.4503925983652133,1.7840358426860399,1,1.0,2.307972270346801,1,0.0,10.731183550656814,2,0.0,14.152077484261852,6686.368134361878,0.0,1.0,0.17744821378155173,0.0,0.0,1.0,0.0,0.0,2.0,0.26087078564089466,23.889224147911545,1.0,12.85460818170909,7,1.0,3.3797588580371225,0.0,False
0,1.0,0,0,34,2.156782949900823,3.802862362567791,0.42110083945070365,3.1376617693197426,1.6333251335314183,1,1.0,3.274696983019674,1,0.0,0.0,0,0.0,4.56764004585769,0.0,0.0,1.0,0.13037385594423484,0.0,0.0,0.9776276003159015,0.0,0.0,2.0,0.07453220490950585,22.188046140783943,1.0,4.98882984269082,2,1.0,0.0,0.0,True
0,67.44047320832189,1,4,30,11.16390298628835,6.116538313377014,0.28207198196615174,8.11751784464927,1.8343296595711147,1,1.0,41.41897324599642,4,0.02128303860617777,24.93962496585367,0,12.40797763163128,30.085454083476158,0.0,0.0,1.0,0.13266234718214753,0.0,0.0,1.0,0.0,2.099503959951244,2.0,0.01,56.40444711253298,1.0,17.228040306203745,8,1.0,0.35760863715447233,5.152027391303401,False
3,11.011649138175608,3,0,5,20.308479066505765,36.73759566086129,0.48457240501403,55.638790284191806,0.455732413181277,1,1.0,46.49975950799196,3,1.0,41.254803244679735,2,0.0,42.233733753673704,11000.700749419495,0.5243644766761199,1.0,0.6168215062602018,415.24751948631274,601.7268325588916,0.429920227817718,0.0,0.0,10.944427383898194,0.2375550316587905,26.8993444809144,9.179133121443304,157.14112367968175,9,1.0,4.224497119020785,21.93482771252526,True
4,26.566449697160277,1,3,9,9.333740753701697,36.92396834324674,0.4577025655979529,4.9194893410717135,1.8182336524633267,8,1.0,92.26247329081448,4,0.0,29.17102365170976,2,7.252678970284158,8.79939936129951,9511.69656177512,0.0,1.0,0.13567410282824982,0.0,0.0,1.0,0.29580738863795963,2.5297288311500026,2.0,0.1233083751460616,27.363218940662826,93.90528411748325,41.62403844577601,6,10.47007152691732,0.0,0.06528099121410058,False
28,11.544021960526957,0,15,2,23.06686903851898,36.92396834324674,0.14945763925242958,6.646466131979377,0.0,1,1.0,1.0,1,0.05846907516958573,7.890688141102746,4,0.0,42.233733753673704,18815.887472486687,0.08241280980531246,1.0,0.6590745701064759,0.0,41.920205695988784,0.9030232181678874,3.4320375191682007,0.0,27.04966534723909,1.6122740905561281,0.0,71.07055761500852,25.734345091125228,68,5.686424318783025,4.801856578583657,75.95921916416151,False
1,36.25408453940222,8,5,0,76.6447464649625,14.346156422587935,0.49466652203517214,8.11751784464927,1.7472966994105383,2,0.6732746568965643,27.841840987044687,3,0.7796562608393623,24.75924279147538,0,0.0,17.085140426683285,0.0,0.1104087290553542,1.0,0.11918951343287494,0.0,0.0,0.2036801204406658,3.2362603694450724,3.3506208912794593,30.671859046636037,0.12500459691129331,63.95190509041791,43.95579436135105,97.43169097697141,14,4.9198955369188235,0.0,20.589718303949432,True
0,1.0,0,0,0,4.932924860719514,4.469708200356613,0.8265151744949485,4.2078613809403524,0.0,1,1.0,1.0,1,0.005637536152757191,0.0,3,0.0,0.0,0.0,0.0,1.0,0.32421483994117517,0.0,0.0,1.0,0.0,0.0,2.0,0.0614590578960062,0.0,1.0,16.051240204953558,3,1.0,0.6462966404354378,0.0,False
0,1.0,15,1,0,0.0,6.116538313377014,0.9148818031559015,3.4645356840912402,2.0552173044225537,4,1.0,2.5239939694918023,1,0.002583635022223051,8.70579889337698,2,18.657127131383504,1.5930267311829978,22503.54088953004,0.0,1.0,0.05741061342260152,0.0,0.0,0.8777687100690552,0.0,0.0,2.0,0.0798878814102866,0.0,30.11416494729115,9.135325236339364,7,125.46661212455808,2.9959296488959657,0.0,False
0,1.0,1,3,1,5.273656520011782,23.520423434569903,0.6741564150196223,152.32702108953845,0.0,3,1.0,11.346134024106306,4,0.0,3.344872270732977,2,17.97233820373726,8.330948830898555,0.0,0.0,1.0,0.16082045055034247,0.0,0.0,0.5345305080261981,0.0,4.4317056399287456,2.0,0.05231054277012034,69.07817519772706,1.0,13.777229509872969,1,11.88774193531345,0.1987068739429841,1.2242009828545708,False
15,4.6805415324033905,1,13,0,16.78448864257487,14.346156422587935,0.8842227435121013,4.256113653733978,1.388080411523196,3,0.9078762772358338,9.713721542025464,3,0.770779925459204,10.135827984401846,2,0.0,22.144977263284993,2007416.205440927,0.06435371081361196,1.0,0.1820172688654773,0.0,1811.8460905935458,0.6284449137251824,3.405289640863539,0.0,36.379471443157115,0.5913886546585834,46.08689806913846,64.84956309229575,31.157136490151107,23,1.0,2.75289846262918,57.56898770090857,False
1,1.0,0,2,0,2.8460365616567094,6.076431427532862,0.29415956600696874,33.76889039055923,1.1995671255628313,3,1.0,1.0,4,0.1450443139543173,0.0,2,0.0,9.062130685610375,0.0,0.0,1.0,0.169693646365365,0.0,0.0,1.0,0.0,0.0,2.0,0.17298646848661825,56.05653529152755,8.868313087652066,14.69256981272146,5,1.0,2.769260386247343,0.0,False
42,4.85161183675338,2,6,0,0.08432867736579786,14.346156422587935,0.639120760257478,3.9112187210305387,1.1995671255628313,2,1.0,14.864810762288357,1,1.0,29.248037324110015,2,508.72340054519105,22.144977263284993,43554.63400850556,0.0,1.0,0.1820172688654773,0.0,1077.0183459520886,0.4208188893312269,6.1938269446454495,0.0,34.805659970300255,0.17054335318924396,80.56602860162899,109.60253511860702,26.029296937840495,17,4.9683947210976385,5.0620626088109475,28.050548009049958,False
0,1.0,2,6,13,11.751193712052542,3.8971444955732544,0.21737716805892593,44.322001555009194,1.1995671255628313,1,1.0,12.327559066401236,1,0.8330671800151318,5.58264373078599,3,0.0,13.090331631385325,0.0,0.0,1.0,0.1357813868652935,0.0,0.0,1.0,0.0,0.0,2.839529042666794,0.14180271823608212,20.44807268281607,1.0,20.79700214939708,18,1.0,0.534992819952844,2.298937528646647,True
30,9.022081169215912,0,42,23,77.24735301826757,14.346156422587935,0.5909871608318357,62.53777852638405,1.2755837233488267,3,1.0,8.04363856960421,4,0.9900095663365842,9.786242567247346,3,0.0,41.691153477505026,22306.67079696093,0.27979130834548005,1.0,0.1820172688654773,12404.918642439252,1147.4997859635916,0.2826120953951569,0.0,3.974866881454622,30.941145911388414,0.2053026715345788,26.287993873855445,15.147712944436677,121.73325171487609,28,8.730085629779051,26.073964030903547,74.4472673460225,True
0,2.056648856327455,2,0,1,0.7256491892646162,3.511113370734274,0.4543327759513739,8.11751784464927,0.0,3,1.0,4.492044723785806,1,0.0,14.796294127009277,2,0.0,6.856932615750016,0.0,0.0,12.24938897671018,0.11567032029314336,0.0,0.0,1.0,0.0,5.767310558131483,2.0,0.06264328713412123,14.997935933386545,1.0,3.6406906292631414,10,1.0,0.0,0.0,False
0,1.0,0,1,0,0.0,6.116538313377014,0.26731570831362195,3.683123063219551,0.0,1,1.0,4.6621544709104334,1,0.0,2.0932579111146428,2,0.0,7.569628828297061,0.0,0.0,1.0,0.17230642665340012,0.0,0.0,1.0,0.0,0.0,2.0,0.17915824604798414,0.0,16.993703205893276,18.59622229984808,7,1.0,3.847508800030412,0.0,False
0,23.13065271375025,4,7,20,122.53019437221528,13.67316014413425,0.11622317591190764,56.7275309688563,0.0,2,1.0,49.18167969249292,4,0.03617024143572511,797.2276875379305,1,82.21301833941281,74.59102692592748,7154.519633520693,0.6174786921831878,1.0,0.06673319877107606,343.6109749999133,447.6751465794091,0.15742266934633792,0.0,3.9741022371632657,29.270893129651643,0.285651368037552,126.15886360703593,1.0,137.83818802851283,40,1.0,40.252466844855206,12.471588125669747,False
0,1.0,2,0,0,4.487866375461286,5.798532847956343,0.6579568438804053,66.89551675595372,0.0,1,1.0,2.47288368751296,1,0.019610344064991934,0.0,0,0.0,17.484420332987835,0.0,0.0,1.0,0.1820172688654773,0.0,0.0,0.9981766422383097,0.0,0.0,4.493157022725051,0.3160681277224848,0.0,1.0,18.947436645279407,28,1.0,2.883868665968331,0.6409622621886335,True
0,18.476504929388177,3,0,0,3.9677080288273734,5.508410332298789,0.336307331591488,18.226550714869283,1.7515233257927332,2,1.0,16.86804262062968,1,0.005380101501970142,8.051527914264065,2,0.0,16.644656331055373,3788.424143303985,0.0,1.0,0.10994774527575647,0.0,0.0,0.8207017672069356,0.0,0.3669371529673049,11.037542167840574,0.13327388254736267,15.72750900529689,1.0,148.54237016551653,7,1.8591433563465483,0.7797177209691664,0.0,False
14,18.8012925993211,6,4,5,33.79342448813465,14.346156422587935,0.532215213374222,18.085741260489336,1.9314801756033462,2,1.0,110.68981126172375,8,0.9090105889305335,73.17066043752351,3,133.70620033891774,39.62714500661653,9608.968993686713,0.006267156754641734,77.31356517170165,0.12500796585118307,40809.41459048776,1040.9393692880876,0.5162563205738878,3.0572106885310086,7.166783506276436,26.67019438258228,0.01,516.7782670686532,117.42894711155262,131.4248648229643,15,75.43701099259373,0.0,59.51099260184881,False
0,1.0,1,5,14,4.133051474251186,14.346156422587935,0.6862492178525685,5.1083331567483725,0.0,6,1.0,18.915488549926792,5,0.014717332774929516,41.496991234009876,2,0.0,14.05485996125194,21260.079016418484,0.0,1.0,0.14448596411853662,235.3423700865708,0.0,1.0,0.0,0.0,4.937339343660414,0.07178561209458789,93.10206842977978,1.0,16.687750478049175,4,20.039776305578105,0.0,0.0,False
1,1.0,1,3,0,1.9323207154510342,6.116538313377014,0.489725878469495,13.977368632900042,1.894340391433272,1,0.5932232883392039,26.633421273514042,2,0.3827504924435656,16.95310277732104,1,189.03132642975567,11.280514407151035,1426.1969895273305,0.16905202734514402,1.0,2.0,0.0,0.0,0.4729874870424306,0.050602769601197806,0.8819919949011292,3.8332748455473307,0.22935234636621962,196.67064896755176,65.71298473865883,54.56959620333956,9,7.827500259665424,1.1942760013204161,8.524583127279715,False
0,31.27461575225061,7,6,11,54.5873830306114,36.87239007421861,0.4632031475227067,5.608825132990244,0.0,2,0.541058887504678,507.0,1,0.5329947364474181,12.723861746588357,1,0.0,27.39616982572659,0.0,0.0,1.0,0.1673595579436732,0.0,1582.0750021741326,0.9928782579473162,0.0,0.23614477467030648,2.0,0.40993943769851865,101.03896124954476,22.883284207806806,95.66098389411115,2,13.065547652490718,2.8447010565586086,56.573792837824286,True
12,1.0,5,5,0,0.0,10.527148066552513,0.11438771681446833,18.528483069577884,0.0,1,1.0,18.561176001335106,3,0.0,4.3705807550965705,2,42.764657467523634,14.883470323435002,6992.278192459,0.23287020213929077,1.0,0.5331305446594664,0.0,0.0,0.8753993445692316,0.0,0.0,15.702708591994517,1.1037595636927207,0.0,93.71279803241168,77.2966334016202,66,36.07677381150897,43.53724254243439,42.10561425038582,False
0,10.472100358956553,5,7,15,23.40709594365628,34.64593185163385,0.53462578123057,28.621880856326978,1.365198839434645,2,1.0,187.14417423259954,5,0.0050409009572871906,34.42629033782737,2,12.420461624556706,21.235650140663985,437.6450964448477,0.11652988626865968,28.252134225420093,0.12762775600890736,0.0,0.0,1.0,0.0,3.7881538615004424,21.532377791422437,0.16116258564990577,36.99848887671001,65.20746059813018,94.8197868543671,19,1.0,0.27814418367657445,28.367076512447554,True
0,48.92073808705706,1,0,2,116.19368408997907,24.032581238666243,1.0,8.11751784464927,2.09431750711928,6,0.4619011857456061,507.0,3,0.5000692482767782,109.60353949660536,2,0.0,61.325790892585395,0.0,0.13441176504906482,394.5970202062036,0.11474749113405448,376.96222190459963,280.97401915034317,0.4766522165534681,0.0,2.128108395840534,2.0,0.12030420761189217,21.661962508940224,4.883777090079491,7.818394127668248,15,131.9026113564992,0.0,7.715760826017487,True
0,15.967507027387027,5,3,0,21.433365505316004,34.64593185163385,0.31837150085312865,17.51787170796145,1.1995671255628313,3,0.8250194821748383,36.82704287918705,2,0.7994331840514086,39.36885057850186,1,7.06776197560124,42.233733753673704,22015.42545954047,15.259046503286676,1.0,0.15922245716743366,0.0,1791.6804363829938,0.9416217590529157,6.567305895839718,0.0,34.38176347841677,0.5785346327382017,40.2833762881429,198.29284059885566,73.28708155133566,27,37.476697430171235,90.87241880127122,64.1382931047341,False
0,14.449305602362553,5,0,11,12.78124637576256,4.9605918623607295,0.42014902237273666,17.227144418058067,1.8480776455454495,3,0.697142759941337,465.140701328947,10,0.9244813516636803,6.545123182260474,1,0.0,34.00861323733504,1390.0850086814926,0.0821088911624587,1.0,0.1676233198886053,0.0,0.0,0.7341901702145841,0.0,0.0,6.296289374042614,0.1854184672562145,67.7173530695009,54.82678870734489,176.2938606969993,18,1.0,14.434314143929608,6.801472410636819,True
0,5.168620015870464,0,3,15,146.23394905516287,5.108595808275906,0.21297756720476904,4.182225009018332,1.46843670818661,2,0.6014122292112517,34.03676616095547,1,1.0,45.73725181152464,1,8.192397383381333,50.4696722432476,28565.910479190294,1.179431408856813,333.8337899569518,0.07532076349927627,0.0,535.3627794241286,0.9536058429451926,1.3720356705389793,0.0,5.11041958682973,0.8283203682933974,36.45657071724246,1.0,15.880493730486986,14,4.672719887252128,0.0,24.47381571085799,False
5,13.986901980984225,5,6,4,25.9377991784305,36.92396834324674,0.2511588258302905,108.08319080544095,1.1995671255628313,5,1.0,22.56221676556104,3,0.852005160643507,15.624016823203597,4,17.13310629390366,74.59102692592748,12631.20453899703,0.6474860665959621,1.0,0.6590745701064759,0.0,725.6114318714488,0.1841608893006708,0.46209398330680396,0.0,231.21840288119463,0.17963715285581178,77.03976336312572,162.93540710790077,63.23644882721136,18,1.0,3.212147011352959,62.295655666967356,False
0,1.0,0,0,0,0.0,6.116538313377014,0.20766109968188165,7.070366011909508,1.7515233257927332,1,1.0,3.240928311064313,1,0.5580894064791764,0.0,0,0.0,176.2262328387682,9679.311748085176,0.0,1.0,0.1820172688654773,0.0,0.0,1.0,0.0,0.0,2.0,0.41409631104233424,0.39553025217894344,20.151386108364242,16.559631826124203,13,1.0,0.0,0.0,False
2,1.0,1,0,0,1.1623614928469248,4.291206667504883,0.23839926299901437,1.8144222769340028,0.0,1,1.0,7.0207846742406534,8,0.0011158456793675415,0.0,1,0.0,9.989983273128466,0.0,0.0,1.0,0.6590745701064759,0.0,0.0,1.0,0.0,0.0,2.0,0.1577341386117966,23.216344409679703,1.0,6.718363159613244,5,1.0,0.0,0.0,False
8,5.670145215772942,1,9,17,10.148484536824414,4.8013124345504545,0.8613037250449234,30.626431955543264,1.6436431998806453,1,1.0,23.246450218501682,4,0.9840440792839327,9.801148761977704,1,0.0,18.080736335434125,0.0,0.20216069825115598,1.0,0.1675342688529311,0.0,0.0,0.363728358439364,0.0,0.0,20.391677054309927,0.08638280694508393,85.24305112230067,180.42257597218793,186.0155452083447,11,1.0,1.6315429989118737,1.1318387753578278,False
0,13.652730400880365,0,5,7,10.648631386706207,2.8764185891743264,0.41313421031899333,5.9760173568759,1.4527078447442803,2,1.0,15.862188293718408,4,0.322154081440454,16.191334785785653,6,17.826618632093307,5.262645784395486,0.0,0.0,1.0,0.4764835517229161,0.0,0.0,1.0,0.0,0.0,2.0,0.2813123611479979,80.51747171448812,1.0,8.918019118847155,11,1.0,0.0,2.9589196793149046,False
0,9.407953613574248,5,1,12,8.915330956982963,14.346156422587935,0.5765169697049841,5.584492358725436,1.8637058280304963,4,0.9246829438340076,4.046812032878947,7,0.003437397543083977,817.0,2,10.38059407193808,8.983222924283172,0.0,0.01289055577210882,1.0,0.13157402637697305,136.27217688103877,0.0,1.0,90.14720792927922,0.0,26.573895719595527,0.09352454698521781,115.7599613808591,131.3874561279041,14.321465356427417,9,9.580510439380157,0.0,13.070359732033193,False
7,13.975258520463765,4,12,15,17.846848444254448,14.223206773835734,0.534726269664064,24.3167188261259,1.1995671255628313,1,1.0,13.446883486416974,3,0.7520616143817676,39.05676069968319,7,0.0,42.233733753673704,405793.34989605204,0.4942911017532414,1.0,0.1820172688654773,0.0,3569.919507832967,0.9194256382293244,3.0140813815494165,0.0,30.478454472463458,0.7113645776708746,90.49706310994964,52.693813430727616,73.28708155133566,27,22.662131470963732,57.73446889482588,52.0048507085009,False
0,7.442937097023249,3,5,7,0.0,15.745229991398688,0.3274698655406201,28.621880856326978,0.0,2,1.0,25.917996400134395,5,0.0,21.173030600910877,1,47.188406164151395,5.812623739754176,0.0,0.0,63.739403170773315,0.0,638.4435762184476,0.0,1.0,0.0,6.880333156276899,7.6999793854806775,0.4899364397928472,182.6192657449708,1.0,0.0,20,3.034124673318738,0.0,0.0,True
13,8.048564958848583,0,3,3,12.126633513910063,118.0,0.39410231666576157,31.38437880994514,1.641219231459635,2,0.5268506849427448,3.4401096155432747,1,0.027859628697929035,42.87009309938815,4,0.0,18.933149113121317,7427.49820784798,0.06941380217002985,89.1049246964298,0.14262834865091,0.0,72.78643476446618,0.9483981525907201,36.02056863036641,1.111753337944517,18.41205826428493,0.19332061196321385,355.0348307330195,59.61875043136413,12.23637547030448,17,37.99834820812031,3.398862721347509,60.04616879816781,True
18,3.6688524574013046,2,23,9,10.841747384448407,36.92396834324674,0.6182289679727024,139.66769874940124,1.7835208119104191,1,1.0,25.827252566179467,3,1.0,0.0,1,219.94026662938938,17.573640094687633,10924.89738043172,0.14599498109090653,1.0,0.14279151346066948,0.0,0.0,0.5150501658629912,0.0,6.263808618470587,21.93166473163898,0.17852172579464148,29.294549174938226,376.55538971644864,29.183373631431337,14,11.54479896800304,26.16448999821629,44.87162297847863,False
8,1.0,0,20,13,5.30038182918833,14.346156422587935,0.4820819526248412,25.384687222693202,0.0,3,1.0,27.281768513143238,4,0.5507460863961677,11.346274819259584,6,0.0,15.474257690927915,15241.578813322169,0.27984952968240584,1.0,0.14244482952843013,133.06435319646351,0.0,0.5396492144318937,0.6404387084563536,0.0,21.075674483163247,0.2506742612284341,10.207176577812202,9.030702773682975,148.41530042477288,6,1.0,0.88386551331181,14.972559285199413,False
0,1.0,0,0,56,0.0,3.7311834259721133,0.5172535778276428,5.364015350775757,1.9088791405322332,1,1.0,14.859966421971091,1,0.0,17.176705390887737,3,3.864862369459697,0.0,0.0,0.0,22.483440091872755,0.17639166981154078,0.0,0.0,1.0,0.0,1.4348049614333185,2.0,0.01,43.0658175169237,1.0,0.0,2,9.09619704736431,0.0,0.0,False
0,5.499433108451656,1,0,8,38.455702932530926,5.029820750900816,0.5109437243586706,56.40503525651797,1.7774066460664977,1,1.0,22.817877832923905,1,0.12047135448460974,0.0,4,0.0,17.07101522751403,0.0,0.0,1.0,0.16010602371608557,0.0,0.0,0.9415128616235658,0.0,0.0,2.0,0.0435024975815121,0.0,1.0,16.164121319522003,16,1.0,0.0,3.522958944331833,False
0,1.0,1,0,9,0.0,6.116538313377014,0.9148818031559015,6.421453002263764,0.0,1,1.0,11.632156234423771,15,0.0,6.919376039113175,1,0.0,0.3006276127833072,0.0,0.0,1.0,0.1820172688654773,0.0,0.0,1.0,0.0,0.0,2.0,0.01,6.206819071488004,1.0,3.3947175833996797,1,1.0,0.0,0.0,False
2,5.7537837125458555,0,0,5,3.000090160590079,34.64593185163385,0.06890311336811404,2.766028086164467,1.7515233257927332,1,1.0,2.7229402046841114,1,1.0,59.947237173127206,3,0.0,9.892689028496253,0.0,0.0,1.0,0.1820172688654773,0.0,0.0,1.0,0.0,0.0,183.20320582728945,0.4508022798752999,0.0,1.0,20.3430162736182,10,1.0,1.675751090868729,0.0,False
0,1.0,0,6,38,0.0,5.314282102349758,0.4888661584257452,8.11751784464927,0.0,1,1.0,11.771516166453129,1,0.008160815496215832,0.04982095836687073,3,0.0,7.282308691853481,0.0,0.0,1.0,0.1820172688654773,0.0,0.0,0.5693053154189517,0.0,0.0,2.0,0.0732439350592474,0.0,1.0,16.714225415247824,7,1.0,0.0,0.0,False
0,23.123153552789585,4,4,75,11.63319221021906,8.899131247145997,0.4484592610521404,10.728857320800348,1.6095888252186912,1,1.0,16.77171412122377,4,0.007488777646363443,29.318939628137787,1,11.908428668417272,28.386015875587916,9083.901229521827,0.0,1.0,0.158505857640582,181.46454559749057,1347.0789657859184,0.941058802569285,0.0,7.103988972441845,25.638950166141278,0.01,127.13535051988163,47.08304783499671,73.78475027562362,7,1.0,31.15581780931418,42.279597529753325,True
0,4.0442126959019395,2,1,1,0.0,6.116538313377014,0.5580259564963878,8.11751784464927,1.8345934417754428,1,1.0,9.050226114317097,4,0.5704958293430585,0.0,2,0.0,18.104265547112497,446.6948742336026,0.0,1.0,0.1820172688654773,0.0,0.0,0.5708673265581543,0.0,0.0,2.0,0.013607035566004247,0.0,1.0,19.150367289458508,10,1.0,2.0114264937847968,0.0,False
3,6.2666454223984704,2,0,17,5.576910451090689,4.790300245140676,1.0,5.400386746727518,1.8884573132329807,2,1.0,11.573225060050454,6,0.11171186254813699,59.34955051453764,2,26.686538284015402,60.587094293297675,320100.56697014323,0.0,1.0,0.06203140116132864,0.0,22470.467811995066,0.5489291665982929,0.0,0.0,2.0,0.12733868133100312,229.69210808692083,33.28397789282835,11.325406455194088,10,89.18721932496233,51.374217242233314,20.2616265231945,False
4,1.3968388874285869,0,0,3,3.823905799140437,4.883454679646933,0.341299259764686,6.490660282005274,1.7515233257927332,1,1.0,1.0,8,0.0,55.637668325165144,0,0.0,16.399421279147308,20678.12390703014,0.0,1.0,0.33924530550589255,0.0,0.0,1.0,0.0,0.0,2.7879153072815437,0.212146163113568,0.0,1.0,787.0,6,1.0,42.6972415470734,9.069030736643636,True
0,2.003615571341227,0,3,7,2.102779634072043,4.14647997400926,0.914236849864603,8.11751784464927,0.0,1,1.0,19.905927462443394,4,0.007513880366166339,17.57339932397655,6,0.0,5.9491754794975575,0.0,0.0,1.0,0.1820172688654773,0.0,0.0,1.0,0.0,0.0,2.0,0.09354371157573442,0.0,1.0,20.518873997790003,7,1.0,0.0,0.0,True
0,8.299498836505702,8,1,7,14.637390296143,13.768285775208842,0.47836093946203256,154.0,1.9899647157140685,10,1.0,132.71929192043316,8,0.0,140.07544025943574,1,81.99229879214934,17.633634532067973,6484.094785186914,0.0,205.84059015173813,0.1065476538591414,0.0,1191.2602856454243,1.0,4.784083549030912,8.084185613869677,25.50992579554555,0.12044419116644982,15.782985330675285,136.51438974490372,57.21291335891398,18,69.26601617125051,1.1752889080649924,4.715027259580481,False
20,8.331404125147452,4,2,17,15.762544765087522,14.346156422587935,0.46897280984015277,136.93143667450735,1.1995671255628313,4,1.0,34.63156252062923,3,0.002857025019280731,30.750570178910042,1,0.0,67.3767168600493,8075.5938003717,0.1853425558071639,1.0,0.1820172688654773,0.0,1600.570250015945,0.9876395672115573,5.7111040465749126,7.88802876910021,26.612598519399057,0.4628256298334785,96.34316369139192,49.855485349112136,19.770624456628717,18,15.402952108098855,52.405392844869006,40.81753677510083,False
0,1.0,0,0,1,0.0,2.678127469547203,0.6602790172474582,4.388032187192703,0.0,1,1.0,1.0,1,0.0,7.224641468391428,0,0.0,0.39201148560972054,0.0,0.0,1.0,0.23405245644237738,0.0,0.0,0.9850207836000784,0.0,0.0,2.0,0.012998499683583783,6.896972290734146,1.0,11.787179136161148,6,1.0,0.5397481216370674,0.0,False
5,2.6078807625572167,0,9,0,34.096195418915066,4.631707983160308,0.9389662395097083,1.7343671206087654,1.7515233257927332,2,1.0,1.896330284489725,1,0.022822266365883595,0.0,1,0.0,21.834566257602646,0.0,0.19824034175345218,1.0,0.16197718181154097,0.0,220.67596284271292,0.978317482443721,0.0,0.0,14.50882749070102,0.3963933942022062,20.226509906975984,55.90844553725532,18.80248694873687,13,1.0,4.477621974712867,0.0,False
17,10.863214461301606,2,8,10,27.894303389821964,13.463228845720323,0.33270814184377634,6.733400877663174,1.3230397785577959,2,0.6744753066225453,108.13151926990489,3,0.0,13.001893800071663,2,240.72720569804352,42.233733753673704,10866.356577796578,0.6383787888479381,1.0,0.1358078775665586,0.0,0.0,0.02,0.0,5.269028255407889,19.001178713253577,0.25587462318793947,104.59516673060631,74.005443536465,58.547880062951215,30,18.93479609853323,16.90904831867465,37.25051627675106,True
31,13.824707046209713,24,6,1,21.208055462088907,14.346156422587935,0.48888347196226,3.2357763410116043,1.1995671255628313,7,0.9012610009174068,31.547950594292807,2,0.2069026028216686,49.25715580838213,5,53.94082877850346,42.233733753673704,19298.060548108,0.2733468136095681,1.0,0.1710357978550638,0.0,1853.6161168013746,0.5181745057436287,5.003487455228617,0.23506839011072866,25.691563359406096,0.1820516798360512,117.40867405834128,81.2169626153705,59.8208696648061,16,49.13205550791433,93.94,55.3190890884771,False
10,7.614020755547567,1,7,5,17.275226536904626,14.346156422587935,0.2924922322996229,115.03364131755939,1.4099298579036623,1,0.9081037189460285,16.94099466244566,1,0.9640428540367006,27.792551431981995,1,46.61882123006774,37.13169744394389,28322.01143301542,1.467328930604438,1.0,0.11706732860077088,4937.839189146363,133.73293385308182,0.7135592922789187,1.0982712192799489,4.968909925215529,300.3799218537098,0.13913713496686866,119.43858962979533,105.46103424897582,67.17222117379286,13,1.0,21.73284743629339,48.92400088380904,False
1,3.979199533162155,2,0,3,0.7347411725291435,6.116538313377014,0.5460856527866865,0.7554571069954565,1.9557775098414585,1,0.9655157329268005,12.916998326273806,1,0.0,0.0,2,26.511290049576157,8.247224568626123,0.0,0.0,1.0,2.0,1103.8241882139102,0.0,0.8235505367768375,0.0,0.6887003721021071,15.890058911987625,0.020420318157210682,35.299810510177835,185.04808196629347,0.0,3,3.79872691693779,1.4152509004828326,0.0,False
1,4.053023960948845,7,26,9,9.201824957148697,6.116538313377014,1.0,8.080170264083097,1.7515233257927332,1,1.0,18.14133461529144,5,0.016721984691025087,33.56433166627305,2,0.0,19.16719777824607,6110.299451102795,0.0,1.0,0.11837756499789538,0.0,0.0,1.0,0.0,0.0,2.0,0.1740321451702957,81.15503799762668,7.272351536230289,24.381701296584787,17,1.0,0.5792985862572185,0.0,False
0,2.3148327195819083,0,5,0,17.979547498308786,4.560756796012636,0.6378146499260319,4.330823358919259,0.0,2,1.0,14.048575377534487,3,0.0,1.9417400413314407,0,0.0,4.130789701456749,199801.25565854253,0.008736806489438462,1.0,0.5331305446594664,0.0,0.0,1.0,0.0,0.0,15.319664629513287,0.3047882357192373,257.0000516650363,1.0,14.429685879843074,16,1.0,1.4532674347637808,0.0,False
8,18.837479361179867,4,5,1,13.656030276367781,6.116538313377014,0.4144078944224641,5.882846063506083,1.1995671255628313,23,0.9956651443020419,25.13985572711165,4,0.059340736755440465,21.957310600417703,1,0.0,22.144977263284993,31952.878764383822,0.23880125044795475,1.0,0.16808172132521007,0.0,957.3464063611524,0.9856450868684062,7.620526690187919,0.0,31.311780339873224,0.5122509525826892,78.95718809877317,188.43018856880468,31.157136490151107,25,1.0,28.209218912197144,18.946005953229417,False
0,2.227301792473628,2,0,0,4.383345277293694,6.116538313377014,0.40581104957796593,4.589292189190905,1.8229292670153616,5,1.0,16.722481192682725,1,0.19438163540507805,61.259631626966595,3,0.0,15.960402379379437,31820.739320194123,0.0,1.0,0.1514605642539173,0.0,0.0,1.0,0.0,0.0,2.0,0.1158021440208753,6.377913834886963,1.0,10.96796841159228,5,1.0,2.018030706953796,15.50448226452454,False
0,3.1159634203847055,1,5,16,331.87612336006043,6.116538313377014,0.44596174023529217,17.660458921298982,0.0,3,1.0,507.0,11,0.010299424007187204,88.99413438248791,2,33.26906979920336,10.808197387674966,25126.37311601581,0.0,1.0,0.1820172688654773,0.0,0.0,0.9717216869670368,0.0,0.0,2.0,0.5019901956881899,92.06603542290608,1.0,23.825443657096198,7,1.0,29.171673902966532,53.23242784501818,True
5,8.957948472073733,3,23,15,153.41274806433557,5.863939360910316,0.5259704381499597,46.129435081504845,1.1995671255628313,2,0.648597754494808,19.901664622470356,2,0.7133854597498177,0.0,2,0.0,81.54223066119114,14797.000279444623,0.0,1.0,0.12876905821661205,0.0,0.0,0.518360929081482,0.0,1.6233317908397469,31.657702030981934,1.3525558186513593,28.747689225052113,1.0,73.28708155133566,12,1.0,80.23058633843567,54.92666528540002,False
0,43.43812849286063,0,0,22,4.381639839366564,4.374209435614752,0.5130921927577632,5.265472821352526,0.0,1,1.0,8.719899064791328,1,0.0,14.69543609842614,0,3.8464695159388995,1.5943150930599312,0.0,0.0,1.0,0.12310135469750921,48.58651700121379,0.0,1.0,0.0,0.0,2.0,0.01,0.0,1.0,12.451710081905485,1,2.211624538301791,0.0,0.0,False
8,18.913626645214393,2,6,0,9.799321566131862,6.116538313377014,0.1311472621961905,33.51908496689778,0.0,3,0.6843566496613037,8.441327043412592,1,0.0,13.716207664054824,0,34.82131655784368,281.13,17420.13258406086,0.0,1.0,0.08022335258711855,0.0,0.0,1.0,0.0,5.160217869873483,32.47824630859522,0.6237772038303526,110.9755235704076,179.75219393217844,86.43438402927711,14,31.156907608169995,11.525744634563933,72.49321231963128,True
9,19.008944928056902,3,0,8,24.956324304940033,14.346156422587935,1.0,108.08319080544095,1.3718177842633332,1,0.6500021899985564,14.429591262348982,3,0.02225129999313234,22.244385056702825,2,37.678084381185265,42.233733753673704,0.0,0.20231939468535548,1.0,0.12330037627525979,0.0,0.0,0.9525731781693975,0.0,0.0,15.259467526592267,0.6064698316661297,826.072060929092,1.9262922284798378,787.0,18,1.0,0.5677881486566647,40.16893954846523,True
21,1.0,4,3,0,27.994356991259572,6.116538313377014,0.4866724135664352,80.40758132227373,1.1995671255628313,4,1.0,17.577304889273005,9,0.5421656661616849,4.132936757753374,3,0.0,15.352349839980167,7103.823995402127,0.3329036522666309,1.0,0.16452902394443542,0.0,582.446562560323,0.49930783147011737,3.334295250788362,0.0,20.18776049600877,0.19508420195649473,49.23774324874061,31.11941120244068,20.535447809579267,9,5.060803739109481,4.676769735260236,7.838940095214212,False
0,51.96782292351257,0,20,9,2.6811897432070735,6.116538313377014,0.3636298211753966,33.99660627665695,1.8805317454030437,3,1.0,12.680873532269729,4,0.4349706191552133,4.1300815676937885,0,14.735284351102479,9.449827030391777,0.0,0.0,1.0,0.12582856101547552,0.0,0.0,0.9708416889439779,0.0,0.0,2.0,0.01,106.85628413253342,1.0,12.342334683311336,4,1.0,0.0,1.4484436872448452,False
20,4.788941697019521,4,5,0,4.8466092665668175,118.0,0.4316719296443955,33.39718535382133,1.7515233257927332,1,1.0,7.115818156436527,2,0.6487168075333815,6.576846821197282,0,12.455809998912454,22.144977263284993,456769.62785554887,0.5369887635124325,1.0,0.152373843841838,0.0,2604.025310771377,0.4354150934824949,6.486641334099957,0.0,33.86306283656194,0.3992329020903399,81.23018397191188,96.82469403723428,11.90053897104512,21,3.9237008450764606,76.07973244951587,45.47169989976033,False
5,13.006461416181006,0,8,30,22.160214725535734,90.15292957204908,0.5387073582138965,6.627247151280037,1.3324789502863232,3,0.9010438314778755,75.9327016075308,8,0.9055587094920264,81.07352863975844,2,12.216310334584778,15.604219440958191,1728.55834207125,0.2510746665192555,30.792963605458866,0.1519347617529001,0.0,0.0,0.961817266203294,0.0,3.692245572830738,13.192959650388481,0.01,126.714394322892,81.97301062989828,64.83363932617692,28,38.17755066652476,9.914739608253724,33.901316920197374,False
5,17.30294148144626,0,0,2,9.734635130053148,8.852706635653028,0.20771261103972952,4.023156427669931,0.0,11,1.0,331.8057916229534,3,0.5366914144193746,18.681832915363145,2,27.04037119462631,34.675264452769895,4482.96111575013,0.1220640066447197,223.9203188678606,0.10200831915466231,1131.1224055676682,1049.6922818364965,0.46280194528627383,0.0,0.0,38.00464531209944,0.08340543958707342,645.954001107636,152.24036889365456,69.17230675545056,18,1.0,0.0,19.160448111303968,False
17,9.337437012413023,7,5,25,23.81206648293766,14.346156422587935,0.38948554474061886,16.790161349852724,1.4684350368510015,3,0.8808847532580992,10.4852570661273,3,0.7434016477987486,52.82339313226696,2,74.32265238628734,69.90386222919976,142283.299781809,0.14051548378893383,1.0,0.1532898759963906,0.0,1516.4555856898533,0.4943287545932712,1.3295499403389064,5.682333295921903,30.741735449009422,0.08235112407267822,148.87921516160617,92.87806141753147,22.82774642247772,12,78.75247651227569,0.3845221350675947,48.51227039262889,False
16,3.4509710363840167,1,2,0,73.88560712833917,4.080705953846948,0.29413226331928627,0.0,1.788817673755444,1,0.6402461179324445,1.0,1,0.013826957786390879,9.81779594862822,2,0.0,52.73079792542295,14432.72830497455,0.26564484929035403,1.0,0.1425851076641678,0.0,1470.7915225753554,0.9449970245891846,0.0,0.0,37.715335710833166,0.19677538016652774,32.62710926106067,61.04462948772141,583.080001069105,29,66.88935244241864,1.4861389502428846,69.89309952057101,False
0,1.0,0,0,18,0.0,6.116538313377014,0.5219278055915058,2.800885393720959,0.0,3,1.0,11.386248963743043,9,0.02353513297978617,0.0,2,11.760216051831815,10.297892639327552,21072.07804922102,0.0,1.0,0.11675899342684672,0.0,680.559087468519,1.0,0.0,0.0,4.452365937068098,0.23000054773377088,33.4094945759566,30.926149450390096,13.731707316910054,1,121.12305269957847,3.9709767037872434,2.4178679064559603,False
33,11.896932916699129,3,3,0,29.253391654308146,14.346156422587935,0.7379386855359708,46.78386645756525,1.1995671255628313,2,0.7812574191491939,30.930597007281776,3,1.0,18.55765859223044,2,9.533653079435233,42.233733753673704,194224.87755844535,0.37215128260021524,1.0,0.1820172688654773,0.0,4537.2426369914265,0.9513423397974683,0.0,0.7977810085738959,50.29107049747813,0.4985852541144518,99.04508354915339,91.13805449156513,233.0497308755716,27,10.336179245680473,4.015721357675633,75.95921916416151,False
2,13.364944080426483,2,0,22,12.793964715237152,33.17631918382578,0.3435989032941912,3.580280911624012,1.8727860738537945,3,1.0,1.0,4,0.686229168633879,37.3355510246726,1,42.511336051399205,93.11695019088341,205770.40427489835,0.27539305083026117,1.0,0.160096291215679,0.0,1436.430750959285,0.18918557619144774,0.6377364423131602,27.29004911412745,6.81436994177545,0.5480118096487905,202.76555745690558,161.8847848083053,626.7597000038093,7,16.877054697649296,0.0,77.91249114291006,False
0,1.748272166501097,5,0,19,5.370020397118942,13.168778518276163,0.6420454038238594,39.833309849982584,2.1537302314393276,6,1.0,24.100576825697686,4,0.0009105036585154371,10.833239388478642,0,425.37311802494764,15.43111768408576,91446.87017801519,0.22256664318491134,1.0,0.13544160270007805,1290.987069976568,714.6956221967611,0.03066349944332744,0.0,50.719279426051735,17.12736318986243,0.34815124254867436,71.54786118072033,282.87691004382003,84.48588026520486,7,1.0,0.0,29.996807176727295,False
0,1.0,0,0,16,26.61674662045574,118.0,1.0,17.314762939220152,1.983054594089378,1,0.4776329266812499,25.51382978772446,9,0.02391246267982107,0.0,1,23.26291667748933,4.70945528653348,428671.6713565849,0.06268532149999137,1.0,0.2683049103639428,796.8246702986228,139.34231978033245,0.06787900661832189,0.0,0.49124066450566395,4.738703138237578,0.38643631055528344,42.04135291918628,4.961835221658056,13.903047097224762,8,1.0,25.51116598080737,33.81433388782554,False
0,1.0,0,30,0,3.7755533610223058,2.3515659377892493,1.0,5.041216555760111,0.0,1,1.0,6.945936283141945,1,0.012626389609316719,2.2967160449185897,2,6.216091528644107,16.095928318285623,0.0,0.0,1.0,0.4761049657591969,0.0,0.0,1.0,0.0,0.0,2.0,0.5478283035688915,0.0,1.0,12.032319683053014,7,1.0,0.14072358171950036,0.0,False
9,41.18957217039051,5,3,13,20.517004909433158,14.346156422587935,0.15573686515162363,46.17590858945364,1.1995671255628313,1,1.0,30.560627319485093,5,0.917819344292465,37.35511683414755,2,0.0,19.349459348317616,0.0,0.0,1.0,0.1820172688654773,0.0,0.0,0.44234887631574005,0.0,0.0,30.858303624742664,0.42311809065663025,157.36459757026412,1.0,67.92765796617996,26,1.0,0.0,26.099699966873985,False
15,21.214773571594115,1,3,4,30.271211551282924,14.346156422587935,0.23571057390206487,56.7275309688563,1.1995671255628313,2,1.0,30.69018615130845,2,1.0,44.05976375958616,4,9.95809037457984,281.13,13063.574064454464,0.4597908849484904,1.0,0.13960903996196988,0.0,1539.597956152885,0.02,2.9973807960333305,3.045501860288268,35.943757068007315,0.3118495498381181,135.10372699371896,118.76773050180422,73.28708155133566,18,12.783291143784709,15.46676199074168,75.95921916416151,True
4,21.019915758381767,1,8,3,26.3891330967404,14.259718921394356,0.241831165330034,6.201892846147006,1.8003283683441245,21,0.963607040963404,14.081055727026303,8,0.44881916774327135,20.901099822697656,0,0.0,17.99798458074612,0.0,0.024031554481973853,1.0,0.33924530550589255,0.0,223.07000715623485,0.3871117350770916,0.0,0.0,2.2729433219146937,0.2188008641984949,0.0,1.0,87.58519676214283,10,1.0,61.32603694129718,394.0007810946345,True
8,1.0,2,0,0,0.0,6.116538313377014,0.5579655334451128,3.747934104570242,0.0,11,1.0,1.0,2,0.9507284867972231,0.0,2,0.0,9.306231052793493,0.0,0.0,1.0,0.1820172688654773,0.0,0.0,1.0,0.0,0.0,6.619765154834075,0.13585427079303725,0.0,92.11905051813892,15.191528004534185,4,1.0,2.754345187930694,0.0,False
0,1.0,1,0,1,11.598922342192594,6.116538313377014,0.7150224033348997,8.11751784464927,0.8254024229201855,3,1.0,472.259703616271,5,0.0,16.671839934704675,0,19.837240609202972,0.0,0.0,0.0,1.0,0.12231351874622481,1340.342229010269,0.0,1.0,0.0,2.3502561015638044,2.0,0.01,108.48131159267852,4.320605780159198,7.855206984981481,7,1.7874764859888277,0.0,0.0,False
4,12.571525879256424,1,2,34,32.03558059735701,14.346156422587935,0.5074559502573632,13.397698319793804,1.3875667797027662,4,1.0,22.25007487256754,4,0.0,20.69484705150618,0,15.04360472436289,26.954014901839045,0.0,0.0,26.93987497600042,0.10167947919437514,0.0,0.0,0.7001412811928176,0.0,13.996716280099825,3.5889020452380933,0.13854175951554085,109.19498815403827,178.3259099211706,30.966811266264664,10,251.75008913847154,0.0,24.783003239107547,True
0,16.290503092206936,6,9,22,119.89185990594675,1.0246883644226548,0.4108030735276795,56.7275309688563,2.180658467892747,6,1.0,56.93163078922427,12,0.25693505106316405,160.22555401196524,1,45.4435061797818,30.413797719562712,0.0,0.2082147795466846,5580.0,0.1576176481424288,5367.173903961441,0.0,0.06797249762411395,0.0,8.15626134125972,2.0,0.01,576.5539384170513,1.0,41.91790081644493,24,51.853168737393304,0.0,3.5066867271438262,False
29,11.477958174267012,2,8,0,5.482444010014161,14.346156422587935,0.6533495577136031,9.848321704087788,1.7515233257927332,2,0.5633192711939872,23.948499159449895,2,0.5823564641664998,24.534536764145876,3,0.0,42.233733753673704,32145.90839513975,0.2506605932245616,1.0,0.1820172688654773,0.0,2227.620635699217,0.973284418629266,10.739810217206431,1.0983258363117336,50.29107049747813,0.5106429422316654,90.9800518706204,58.427158567078145,73.28708155133566,17,25.10093867822117,93.94,75.95921916416151,True
6,1.6183240981525642,1,6,0,67.72697068252866,90.15292957204908,0.3971425262741299,10.220820138801505,0.0,6,1.0,11.04988975739307,6,0.00016731867907111367,0.0,2,24.550281278205404,15.60578474917904,13005.379764593286,0.0,1.0,0.13601981785703474,0.0,0.0,1.0,0.0,0.0,2.0,0.07718785427473737,109.38670532458653,62.71003648718101,34.204613634002044,1,40.54814006924225,59.18733990099408,0.0,False
0,17.27105700708888,2,0,21,12.979659217921728,4.931499420571805,0.46108335008294166,50.871059483780094,2.3827391435272247,1,1.0,19.157054422503354,1,0.002657638890916742,19.759901952687933,1,0.0,4.558737764689533,0.0,0.0,13.239822779898493,0.14863861092239322,1228.469588267272,0.0,1.0,0.0,3.1971547290036453,2.0,0.028989836024277377,0.0,1.0,5.996933314454255,18,1.0,0.0,0.0,False
0,3.893544719519192,1,6,6,0.0,5.619809357785876,0.5886871609975406,7.54349563395593,0.0,15,1.0,18.04703461804017,1,0.6231589574634105,7.489849308225631,2,0.0,11.5683907753563,0.0,0.0,1.0,0.6590745701064759,0.0,0.0,1.0,0.0,0.0,2.0,0.0987725098584202,0.0,1.0,6.474872243508596,6,1.0,0.0,0.0,False
0,14.404784098874288,8,0,0,87.31675352841219,6.116538313377014,0.3834548312527948,6.675545238106032,0.0,4,1.0,42.42005342481713,1,0.310482950419953,39.27018277189521,2,33.927437952896256,281.13,26933.559342858738,0.1152814793926551,1.0,0.22063014963121252,0.0,0.0,0.26790343761636226,0.0,8.609606372109582,15.891475195837481,0.08352452983882228,150.1481355384774,68.80959593537239,20.15102704449437,6,16.6721283251968,13.248951484702992,15.28264397610176,False
0,1.0,3,8,28,0.0,5.916595603328776,0.5934510309065284,4.430677222992897,0.0,4,0.6331279793681246,10.572383345784518,1,0.0027207311909269423,33.40259469758687,3,9.070522415447103,11.322108753992687,116110.04027593666,0.0,1.0,0.1092417596458373,0.0,0.0,0.46275517971529717,0.0,0.0,8.394657826454518,0.1445052365079476,138.79929448415731,8.3018487727751,14.544270076176044,8,1.2906612966363777,2.211514061141216,0.0,False
0,17.9526533393945,7,7,16,1.9736405440982585,6.116538313377014,0.5359929572651133,8.034829194799569,0.0,1,1.0,42.114968872547166,34,0.01803081289861265,47.11891157849885,0,0.0,3.88663155914952,0.0,0.0,1.0,0.15776632739864246,0.0,0.0,0.31881356610966055,3.2327683504662996,0.0,17.526782951683664,0.2048998838915611,115.22465713929694,73.42037663161818,15.231550760069162,7,28.84022849164148,1.8463006180491368,0.0,True
1,24.961195931937493,5,0,0,9.408484140114748,18.51974824502847,0.38503339955729654,5.538167487781222,0.5326293978178747,24,0.928568919630097,15.07197662715242,4,0.0,53.86423862463704,6,0.0,9.96517458805379,1501.9387954008953,0.07343707781393671,1.0,0.2266844420162452,0.0,1784.5287223776086,0.4850329092728161,0.0,0.0,12.830730297831343,0.5134364884594746,48.81503344588724,33.39920536529617,22.728208676257395,21,1.0,0.0,1.7880315347140403,False
18,36.758074988328204,0,5,11,8.491026646688175,14.346156422587935,0.24204240113727665,4.348328934842429,1.1995671255628313,4,0.6862009519902161,20.48830506160499,1,0.0,3.936741229778633,2,0.0,281.13,1615049.1007642657,0.0,1.0,0.6590745701064759,0.0,5.318227307781058,0.42613958994314327,0.0,0.308386018933561,18.99376805960205,0.22602429272379787,15.516093114219023,20.418310301755135,13.758206975185708,6,1.0,1.0135513244681664,11.10683156953709,False
1,16.192169391167038,1,6,9,13.66247746624946,6.116538313377014,0.5279153184348914,41.06703586737205,1.1995671255628313,3,1.0,14.828955432764598,1,0.04501624708984227,18.94639987180011,2,31.979735169554164,22.144977263284993,726134.6511482821,0.0,1.0,0.1820172688654773,0.0,220.3026450120493,0.6891309888506995,0.0,0.0,19.778985269885187,0.19740851487102307,71.69360356722906,295.80845486157915,73.28708155133566,18,1.0,1.9993950217684118,67.94434611230167,True
0,1.4895518905282874,1,2,0,305.2039232521694,6.116538313377014,0.49814082955124883,0.0,1.7850829996883866,1,1.0,36.79590116604814,1,0.002427795038597954,0.0,2,0.0,10.283173783215004,0.0,0.0,1.0,0.31573498665519756,0.0,0.0,0.9914422217367689,1.1981454760311099,0.0,2.0,0.23644558921125225,4.951316922489035,1.0,16.804046441930485,3,1.0,3.755419966543821,0.0,False
5,32.951517922717045,12,7,6,41.58929749567042,14.346156422587935,0.4253999697083525,4.578437302252011,1.34384775494473,6,0.719600743047623,26.991471352923483,10,0.4623985845169404,10.879303024405775,2,14.906987738389947,42.233733753673704,293312.373235491,0.0479371375992072,1.0,2.0,0.0,895.2156990526212,0.9111030252482886,4.498833269546998,3.116644292289406,22.511774788514032,0.8184914525427112,65.21248717697894,51.56649811300167,175.70654388667833,20,1.0,8.785632088098643,47.05497535150346,False
0,4.05308860030012,2,0,0,0.0,6.116538313377014,0.6197193135947798,6.705720768260775,1.3548076901374437,1,0.7888902977564618,16.107149137272682,1,0.0,0.0,0,0.0,11.60429555896365,0.0,0.0,1.0,0.1820172688654773,0.0,0.0,1.0,0.0,0.0,2.0,0.2789015588212748,20.76956092431086,1.0,22.763991433017292,5,1.0,2.5948692889444307,0.0,False
0,1.0,2,0,26,3.346231919229893,3.222511488174617,0.6764938742575264,4.881651864161059,1.820891531899735,1,0.7207661307985573,5.293381588578987,1,0.14034237488733053,0.0,1,7.830011248476897,33.00202041401171,0.0,0.0,1.0,0.43643624750852855,0.0,0.0,0.45554169585304066,0.3890716553101412,0.0,2.0,0.2440099414882599,67.58948816071471,8.715285334265435,9.93747941998014,7,1.0,15.09756325521376,0.0,False
5,16.741000825512828,0,0,2,31.837570216944517,90.15292957204908,0.31519091221553786,111.49528340885863,1.7515233257927332,3,1.0,29.028475774476156,2,0.596534466103774,0.0,2,0.0,20.754102200143745,343556.83944888785,0.0019144561261146276,1.0,0.15234755132537042,0.0,160.74106030882172,0.8097814420498842,33.98440054917891,0.0,9.918997021427522,0.41707882204337665,12.089848775742581,33.64154194224174,63.25946423401516,11,1.0,4.550706383727011,54.989492691365044,True
9,2.0312565569148253,2,1,21,21.610313439701336,6.116538313377014,0.16845606580832645,36.175581014004905,1.9676804412175368,1,0.8931323793706044,63.778731436179086,7,0.6673460479431021,4.644711347191112,2,3.8310983454965175,10.820402675027616,4855.548483974431,0.0,1.0,0.1820172688654773,0.0,131.76569906687232,0.2542819265290115,1.1458949115385457,0.14952659944127777,26.880597242554337,0.07967786605590041,95.97131597260247,134.2412844361114,85.37577847876865,8,22.49108226929749,13.528651898051105,41.842369595153066,False
17,32.37200886093434,7,2,6,14.175262759710975,6.116538313377014,1.0,5.988985979500795,0.0,9,1.0,22.131008156118757,1,0.0,3.5956434884177924,3,0.0,9.56135336986822,15918.20319030404,0.0,1.0,0.6590745701064759,0.0,0.0,1.0,0.0,0.2653027895365878,15.22080984054065,0.2116383880265026,176.8075375269983,217.52971100946715,12.251403880712285,6,8.730411124009311,18.277525065250405,30.6643647910484,True
0,1.0,1,0,33,31.816864041591202,13.788133778407051,0.34423808185713756,4.612583513103889,0.0,1,1.0,36.07367822532052,4,0.25301939658134465,2.8002070636738647,2,0.0,0.0,11981.076522678257,0.0,1.0,0.16728885001203378,0.0,0.0,1.0,0.0,0.0,2.0,0.013368787333367188,1198.8352465434377,1.0,5.555685808774072,3,1.0,0.0,0.0,False
0,53.10461932289994,1,7,18,388.0,6.116538313377014,0.20525388531428185,42.45007855235852,0.0,3,1.0,206.80164272717207,9,0.6942225481029922,5.176398980705862,2,0.0,42.233733753673704,3459.8959484311035,0.0,1.0,0.1820172688654773,0.0,165.34046978426238,0.2769630707478421,0.22059773987716635,1.4394324149820967,291.3361022743919,0.13276986101747737,186.26127029442478,71.23801263834558,21.968159831855022,18,1.0,1.3475964166571544,46.45509408145112,False
0,1.4106924446808249,1,9,12,17.997635219334754,6.116538313377014,0.23482236102811338,6.329036983426753,0.0,9,1.0,22.67888875058439,1,0.02475366213727463,5.516123485046571,1,21.065775307139543,15.296437554283967,0.0,0.0,1.0,0.13726804443307652,0.0,0.0,1.0,0.0,0.0,2.0,0.043434412650457804,32.93919770375651,1.0,25.057196039981143,6,1.0,0.17472270460478057,0.0,False
0,11.047076800168785,0,0,10,7.127181832875764,36.92396834324674,0.2565118212342343,5.221753782027893,1.8328777132039074,2,1.0,58.72623489578008,7,0.6587437392433508,9.429742744772657,7,0.0,111.50221297131253,0.0,0.3619134753593145,1.0,0.1820172688654773,0.0,76.32508476425721,1.0,0.0,0.0,6.791837391875189,0.06883327556302324,43.18935472328836,1.0,14.629743533991785,7,1.0,1.2751073859219069,12.732110164028958,False
0,10.952329784772601,1,0,0,0.0,6.116538313377014,0.47408391459304056,21.160039653683647,1.3120351731224538,1,1.0,23.11138370475117,4,0.0,0.9305455881412374,0,0.0,14.797157562716782,18259.126815280626,0.0,1.0,0.1820172688654773,0.0,0.0,1.0,0.0,0.0,2.0160593043060286,0.061478518304988405,11.585270675381569,24.765728014155687,14.66210141938057,7,1.0,69.50591078620579,0.0,False
0,10.184402938066626,1,3,0,14.111434000566495,6.116538313377014,0.26109631010125217,15.140419526387602,1.1995671255628313,1,0.596987328130028,11.853526413274828,3,1.0,8.127083384707449,3,0.0,22.144977263284993,2574.629635852988,0.0,1.0,0.1820172688654773,0.0,2736.8447967476664,1.0,5.740235992620432,0.0,139.42593910745904,0.19341879919380775,0.0,617.0034081809785,69.54116311270516,17,24.3727226181404,2.479346297389268,107.41870313860275,False
0,79.58893334792383,1,0,17,22.922440289872114,4.059233211614141,0.6061567396283979,5.889839698936165,1.9637373216180016,3,0.7787508063981005,5.113466990959671,34,0.0,4.706772078902392,1,0.0,6.484785615251834,0.0,0.0,1.0,0.0962320103665325,0.0,0.0,1.0,0.0,0.0,2.0,0.1390736406612894,25.929126564227857,1.0,34.18534438183653,5,5.431445722633846,0.0,0.0,False
0,1.0,0,0,18,0.0,4.937703954333849,0.31328519185945924,3.5165857675522596,1.9544124577729307,1,1.0,1.0,6,0.0,1.5452292262460245,0,0.0,0.0,0.0,0.0,1.0,0.29503692774099854,53.46364699242804,0.0,1.0,0.0,0.0,2.0,0.01,0.0,1.0,5.329853425229468,2,1.0,0.0,0.0,True
8,4.203206796672528,0,2,1,0.0,6.116538313377014,0.6811219731437538,3.091107785641591,1.3656051259271251,2,1.0,44.376038813754484,3,0.057499854962072314,25.594025597271003,7,0.0,17.310719773209637,8092.457215713353,0.0,1.0,0.1820172688654773,0.0,13.900872213084682,1.0,0.0,0.0,10.76167030173185,1.0566392709880679,121.52071681962745,8.49514610777068,31.157136490151107,10,1.0,5.160116204138017,20.453574881644485,False
14,14.27887122027251,4,12,0,9.146902425563884,5.177716223318235,1.0,1.8151975118408281,1.1995671255628313,1,0.7849321946557553,2.657718624057464,1,0.7098481983290452,0.0,2,0.0,22.04236209345734,6551.1123744945435,0.08115489282791515,1.0,0.1820172688654773,0.0,0.0,0.37678875208682894,0.7697520405604137,0.0,13.185129054897368,0.9949362649495993,0.0,1.0,21.847571754495753,18,1.0,1.3330014929573406,39.56513383371199,False
3,26.999513622665823,1,0,0,0.0,6.0169576383061365,0.608786399648013,0.8664225878800124,0.0,1,1.0,4.533630193580706,1,0.0204930190135634,0.0,2,0.0,18.968130430372433,6800.129284287771,0.0,1.0,0.1820172688654773,0.0,0.0,0.9612041335320227,0.0,0.0,9.011783048082789,0.48529453368679876,0.0,1.0,17.26408831343854,7,14.776666942927775,3.8927622545343823,7.305342789193308,True
6,1.0,0,4,8,0.0,6.116538313377014,0.9148818031559015,3.7689565509369154,0.0,17,0.5319133859921507,1.4620547688236103,1,0.500336893198903,208.18178846092783,1,0.0,18.295928322804546,20146.896803750195,0.0,1.0,0.8144702976727101,0.0,0.0,1.0,0.0,2.4231939699003564,6.514054414379569,0.10772184998882327,66.9182320069031,2.7551255595025523,9.372167017901004,7,133.8972245090397,4.339813547564011,32.18100858848252,False
0,19.672479786476856,0,0,12,200.89263154788534,6.116538313377014,0.7232741027971771,8.11751784464927,1.443227497383942,1,1.0,79.3569277721169,1,0.5245285402496774,7.770841165730915,2,0.0,18.0436863412695,0.0,0.0,1.0,0.1503514340450059,0.0,0.0,0.45548956955543046,0.0,0.0,12.539251786540994,0.28396694636283143,2655.257225412174,6.399451212824289,16.414901946725852,16,33.73468848866661,1.8025299628730624,33.76214465243596,False
0,1.0392575538556021,1,0,1,9.353484651528039,14.346156422587935,0.4848889062189704,8.11751784464927,0.0,3,1.0,18.178639463022225,4,0.013511231873798784,13.573820436785786,0,0.0,8.773416695059197,0.0,0.0,1.0,0.3962682598729286,0.0,0.0,1.0,0.0,0.0,2.0,0.01,20.838320907096673,1.0,13.722216427751523,8,1.0,0.2206894004463994,0.0,True
4,2.7221711571956346,0,4,12,5.343880668807414,10.766390936444559,0.4393929074934385,27.24851168500158,1.2195091981649322,15,1.0,20.765232988731903,10,0.9217645737944762,12.02203181950469,1,9.59348473046437,23.88331924543813,1571.4391780071182,0.0,1.0,0.5123674950026283,0.0,0.0,0.5384532492810093,0.0,0.0,15.55371717409037,0.01,0.0,1.0,19.547121867557593,12,1.0,0.0,0.0,False
0,4.320183170609253,2,0,2,4.627144395885749,2.667239598782372,0.33929297575509076,8.11751784464927,2.039286602302353,4,1.0,22.122865738474545,16,0.0,42.46114581932356,1,0.0,3.1543587603937593,0.0,0.0,26.23119174411455,0.45415022747275136,0.0,0.0,1.0,0.0,0.0,2.0,0.01,0.0,1.0,0.0,1,5.653784162588464,0.0,0.0,False
0,5.975263013803502,2,1,27,3.7387462423154316,10.741601056280674,0.3316823887692779,36.08574018086027,1.8497167173867641,1,0.5310468934200763,38.95281506209581,5,0.0,46.0942464354665,0,18.023261070895735,3.758176874401211,0.0,0.0,997.2990715640337,0.07161034955562882,13903.126261574884,0.0,0.19384320382802234,0.0,0.0,2.0,0.18160516494828297,89.01279613137119,1.0,5.1685326965428295,15,37.18527177442079,0.0,0.0,True
0,1.0,1,0,0,0.0,6.116538313377014,0.5280903795657552,4.8310478168003215,0.0,1,1.0,8.678689416645838,1,0.0,0.0,0,0.0,8.578528570434502,0.0,0.0,1.0,0.33924530550589255,0.0,0.0,1.0,0.0,0.0,2.0,0.12358199261178415,0.0,1.0,14.857238911067935,4,1.0,0.0,0.0,False
0,1.0,2,0,7,0.0,6.116538313377014,0.5851971775949819,7.263746379987271,0.0,1,1.0,1.0,1,0.0,6.975240711379115,3,19.589285080712013,5.750762312103099,0.0,0.0,1.0,0.5331305446594664,0.0,0.0,0.651044597877003,0.0,0.3173448871133142,2.0,0.01,20.601224521705312,1.0,5.209505543199485,6,1.0,0.04076819901137614,0.0,False
0,3.033512925531455,1,0,9,9.764252379356988,4.565699479871204,0.2992439974609044,6.809762003298494,0.0,14,1.0,16.92943520745548,12,0.8971413877067205,1.1643788592594735,7,0.0,18.226019019186104,0.0,0.0,1.0,0.144189406259708,0.0,0.0,0.5143529201852742,0.0,0.0,2.0,0.05930977173460752,64.46892068023936,1.0,14.676871260685637,10,1.0,0.3865445939879869,0.0,False
0,1.0,1,0,1,0.0,6.116538313377014,0.5965775746229354,5.188929524256139,0.0,1,1.0,1.4757235630702015,4,0.0,10.465283493197704,2,1.738911257505631,0.0,0.0,0.0,1.0,0.1820172688654773,0.0,0.0,1.0,0.0,0.0,2.0,0.17850712175262598,20.202467954543053,1.0,9.11060599671103,2,1.0,0.0,0.0,False
15,1.0,0,0,0,0.0,6.116538313377014,0.6517332218066667,1.590500722896301,1.4551335604706996,1,0.6838309117625109,1.0,1,0.9012470396454386,3.4785898077032993,1,2.377352853110331,7.406777477806603,19387.245652380003,0.0,1.0,0.1820172688654773,0.0,457.0146079093679,1.0,0.3179023749071015,0.0,7.404193053517878,0.19969238742011242,19.935397855714243,52.20927793640091,13.659120221586434,7,1.0,4.54947610258379,11.588039460534704,False
8,47.13998236508287,3,5,0,45.33531136199274,10.311612682879327,0.24829405311485875,8.11751784464927,1.7763166857570996,3,1.0,119.02312127611357,3,0.29786919694531044,54.870251436268425,2,0.0,42.233733753673704,0.0,0.1424151598129881,1.0,0.12297415675840617,0.0,0.0,0.12048481185090204,0.0,70.96418455502196,41.678381083517785,0.16745473636551408,92.75457632629777,91.22796821960976,27.109382172609518,27,1.0,23.316994745778604,33.29723060879762,False
0,1.9432172296179202,2,0,15,3.6560843603695727,14.346156422587935,0.29447748308813315,8.11751784464927,1.947137710583896,1,1.0,15.644342762817978,1,0.0,98.24299326808611,1,18.508293933539548,14.580245888251369,0.0,0.0,1.0,0.13608853660052153,0.0,0.0,1.0,0.0,1.5426019308328742,2.0,0.01,42.55279985351871,1.0,8.486118142928193,2,1.0,0.0,0.0,True
6,12.202775754229357,4,7,12,75.40395825815499,6.116538313377014,0.6741564150196223,4.095989421437208,1.6171788160359513,5,1.0,42.42965944289188,5,0.36140411019616214,67.68360042290092,4,16.945281106734026,59.02202244082039,0.0,0.07886754917789268,200.4681180857593,0.10666823462806144,969.1986845921749,0.0,0.5051629223166998,0.0,18.141485941402856,3.561786492708247,0.10243810849631865,141.30431287454275,105.55714636380061,18.600730889784145,19,19.140446856261725,0.40186756604089746,20.3634622580339,False
0,1.0,3,3,6,19.501473850241887,5.57178415712157,1.0,1.411760919100272,1.1995671255628313,5,1.0,13.098009869593774,3,0.5873425529072606,4.043708207510665,2,0.0,38.313618654850345,20651.602651992995,0.3167502725483112,1.0,0.30104351264237084,0.0,0.0,1.0,0.0,0.0,22.491256190264977,0.46080184911013905,102.74035600280308,54.20741724126978,31.157136490151107,20,1.0,2.755795520634846,11.267815379382522,False
0,25.92314725943975,2,3,10,30.06857665150325,14.346156422587935,1.0,17.86844010199065,1.279337391186045,1,1.0,36.03621119374721,4,0.6005034734054786,45.09079888691513,4,19.941198159035782,40.4445647099746,0.0,0.48732359870158026,166.35085110479457,0.11932440754828069,1007.3412767218938,373.43447715220736,0.9650592396833597,0.470309762572832,9.769622541035801,36.338978491283115,0.1968159252994966,81.12187909182748,52.43969539426637,72.144744101189,15,1.0,30.423386133887767,39.14388359614811,True
0,3.7548313914625764,1,7,78,0.0,5.358454113940134,0.572920203905046,7.049506931140524,0.0,1,1.0,507.0,1,0.0,8.915182753834886,7,19.12233533893911,4.564998412804468,0.0,0.0,1.0,0.13850564977200813,0.0,0.0,1.0,0.0,1.7570652168371026,2.0,0.01,0.0,1.0,10.492388340980332,4,1.0,0.0,0.0,False
0,1.0,1,0,0,0.0,6.116538313377014,0.5631793331784151,4.321898986967954,0.0,1,1.0,3.493764738568267,1,0.009038815977831327,0.0,2,0.0,13.138152592817388,0.0,0.0,1.0,0.1820172688654773,0.0,0.0,0.589522399649338,0.0,0.0,3.931561840172641,0.15393383202608088,9.962736309835915,1.0,15.908179332321696,6,1.0,0.9192561721593293,0.0,False
15,9.860812913818702,0,0,0,2.481273417689808,36.73759566086129,0.5498294124142762,1.8834344199769233,0.0,2,0.9175388041752823,21.16933273813141,3,0.6924647089155365,0.0,0,0.0,74.12711233607061,0.0,0.5246747634193095,1.0,0.176698715578316,0.0,746.3951446003821,1.0,1.1077236040321685,0.0,32.586300463489266,0.19437587354326527,52.1969878110595,412.36524208161177,98.45895845313538,6,1.0,3.4358320109582268,15.041118410964074,True
0,21.24169070444839,0,5,13,29.114069979453987,34.64593185163385,0.22953260352715021,8.11751784464927,1.8621084187734793,5,0.8699425413791463,108.19082758489506,5,0.9326462336814954,136.13034251864323,5,45.7690570499975,54.918628330532016,0.0,0.0,1.0,0.3069950186960425,123.31966222396588,0.0,0.9866177368939695,0.0,14.226543295840324,3.3968160605108135,0.12914669327773254,27.14306054946682,87.3809978215917,146.06746228248932,11,53.38862172277871,0.0,72.2530231916859,False
3,1.0,1,0,2,0.0,6.116538313377014,0.8013234589028062,1.6068975801055227,1.3615402098177134,3,0.9809532327325313,6.297971356068748,4,0.007275923816931006,6.224435056920786,4,0.0,15.018666920743016,22043.56013914454,0.0,1.0,0.16846766786788636,0.0,0.0,0.5787944121143862,0.0,0.0,5.9825666785098495,0.39950665797740903,212.89726171743396,26.05333447382808,24.232893775754928,10,1.0,2.9329616516280974,37.00875228570395,False
9,5.030434668116739,0,2,0,0.0,6.116538313377014,0.5858801991832818,1.0633191248312273,0.0,1,1.0,9.741343117150226,8,1.0,13.191104511289542,2,0.0,9.397382889493922,0.0,0.0,1.0,0.16923420262352895,0.0,0.0,0.3861865830784818,0.0,0.0,21.868710890516134,0.1229028553829346,9.399835527403772,1.0,22.594740249640953,7,1.0,1.831323780200452,0.0,False
10,18.01152642734681,5,4,27,33.18102264810463,6.116538313377014,1.0,14.938939448603584,1.838695789285591,4,0.9140533433269394,507.0,1,0.0,8.031314598335554,2,0.0,13.253058192285852,2393.3504860599774,0.0,1.0,0.1670915386956838,0.0,0.0,1.0,0.0,3.2453598832313686,19.094783269364296,0.25632423505700747,0.0,83.64277241779723,124.05226472086768,9,21.15597848502316,32.16529912973383,7.225497539765927,False
4,7.621003321016696,1,3,9,4.198455969662114,4.401506428077049,1.0,22.936907845805187,2.430523649420063,4,0.6039654144055061,1.0,1,0.6877460378567944,38.33713528546956,2,26.80133330665935,91.922815403442,20653.798739476915,0.0,1.0,0.12640768635446517,0.0,0.0,0.9674640309466735,0.20558261743522244,0.4204383868277386,13.715893305986366,0.15324238970999726,89.73995900129039,364.5535568968291,15.356306677384143,5,1.0,23.08025261909855,5.038313276073227,False
0,5.113539033111534,0,7,0,258.8054123925531,4.694385122539061,0.6172642171881096,8.11751784464927,1.627367277905715,2,1.0,56.93163078922427,4,0.013943094709849753,22.064168400824727,0,50.507523695666066,12.963010227917653,0.0,0.12928609795781065,1.0,0.5602135504404565,0.0,0.0,0.9980933592634711,0.0,0.0,8.852468152614167,0.05898141361662192,592.491190661539,17.775984670204224,94.16613581463689,32,1.0,5.813115068654664,1.4853048049338042,False
0,1.0,3,4,3,15.647866762298268,6.116538313377014,0.4351704159769151,5.908799328903061,1.8860229619155953,1,1.0,153.95256152067202,4,0.01563756730823163,41.86109003461879,2,16.20832122544039,33.04537561238168,15111.887871184183,0.0,1.0,0.3034048119220004,481.03510097774256,0.0,1.0,0.0,4.006524248116349,2.0,0.0921394107645375,22.415802885325373,9.283505777906104,93.03185239082285,3,94.18797887269528,53.81500088979784,45.37981090521626,False
0,1.0,8,0,1,0.0,5.034576549703202,0.3200075592744491,6.763055077349132,2.688560361090391,1,1.0,13.843373832274004,1,0.0,8.508117220498168,0,12.759460995966542,7.352451785903293,0.0,0.0,1.0,0.10728289376722407,0.0,0.0,1.0,0.0,1.2520878540926978,2.0,0.01,939.593232928067,6.3245215717659775,9.562641078852414,5,2.5691348034545083,0.0,0.0,False
0,1.0,1,0,0,5.526784463675932,3.6177348025129596,0.3301275363696828,6.915088113773252,0.0036644133119428323,1,1.0,11.015454550387897,8,0.0,5.677786162378069,2,0.0,5.926081627939633,0.0,0.0,1.0,0.12364871174747825,0.0,0.0,1.0,0.0,0.0,2.0,0.015536224137740473,0.5668422754050653,1.0,10.727687226675071,6,5.518848965827871,0.0,0.0,False
6,1.0,4,0,0,0.0,5.500915890823223,0.540512040147518,9.714675537024345,0.0,1,1.0,11.140867258435069,6,1.0,14.041328163889427,2,0.0,8.498286641988235,149821.83468464355,0.0,1.0,0.5331305446594664,0.0,0.0,1.0,0.0,0.0,8.146988210815058,0.1381299743760514,0.0,1.0,44.75935547059609,10,1.0,5.406517174999667,2.1135820970356605,False
0,1.0,5,0,0,0.2850152893339324,3.063282915145046,0.42500355495027764,4.298011528959845,1.912801008273336,3,1.0,6.8011406100849285,4,0.0,0.0,0,0.0,9.150683811262741,0.0,0.0,1.0,0.15192970437047515,0.0,0.0,0.5674160294675604,0.0,0.0,2.0,0.09543605287346524,15.915525405464493,1.0,214.65574277531675,3,1.0,11.71369349023524,0.0,False
1,43.708075584616424,1,9,12,0.7001158290542544,5.249931013982513,0.38212015089946744,9.718851007339701,1.9821020692832128,5,1.0,31.290555603952363,4,0.30495633637086805,27.44124259322865,3,0.0,7.104756028304354,0.0,0.0,1.0,0.5329198995326467,0.0,0.0,0.9188846800589177,0.0,1.8762505703337662,2.0,0.01,6.274260584420748,1.0,14.134879352972368,8,1.0,61.72880217111129,0.0,True
0,11.446573707719152,0,0,7,23.071876843537517,14.346156422587935,0.3741823635557975,13.122959037613585,0.0,10,1.0,165.84327187768872,10,0.017375529267675535,14.421470517299248,0,0.0,9.468911300031778,11104.280184460811,0.0,1.0,0.13643657846563262,0.0,0.0,1.0,0.0,2.4082011286396874,13.863825137967723,0.04775995679047919,41.04029112226925,156.81333849742802,31.414870060142853,5,24.70881511415545,2.5392127126062434,20.86957674015458,True
0,152.45952872190503,3,7,7,3.7895861828354462,22.232627627171034,0.48565872505070135,18.01317303810294,1.8571095300349925,1,0.32645999543014664,11.320649475716161,3,0.035461653970356416,1.0330930732461283,7,0.0,280.2121021153209,0.0,0.1177115157906209,8.77917292479259,0.16692275130981765,0.0,371.9369513742412,0.5196405046721614,0.0,0.0,3.172812926896878,1.2114025377261606,41.43093781925068,109.3092770627368,14.038018164440821,12,21.11979885127963,5.406517174999667,6.894543210299736,False
0,1.0,4,0,8,13.222656550581412,26.871365089202147,0.223695892055777,5.064032415626814,1.8795079734016322,1,1.0,12.344187638929569,9,0.0,16.6603785718561,0,2.0993110893512714,6.3993538374610335,0.0,0.0,1.0,0.12932714660635652,317.8736603398037,0.0,1.0,0.0,0.0,2.0,0.01,2.4321433017218492,1.0,24.609417158942335,12,1.0,0.5835170123227209,21.441916290663727,False
4,2.6078049401532812,7,0,30,30.99925883071738,14.160810546185658,0.27017342660177424,5.444851454792524,1.9313403884639253,1,0.3037193020617455,16.27702403242495,10,0.0,67.31558087823336,0,13.75779959157956,6.394162847817997,0.0,0.0,9.201293164918944,0.09535585005716474,0.0,0.0,1.0,0.0,10.354010707472224,5.240962572951659,0.14547234281349297,32.80231606411515,130.7799942971244,76.9184456978865,11,23.80967878839482,7.5820392053029435,13.634842730409591,False
0,1.0,1,1,12,7.321285082928616,6.116538313377014,0.4691435311502644,8.05191302689754,1.7637830375662629,16,1.0,33.20001655176672,4,0.1016141289131382,6.4560608296623805,3,0.0,281.13,0.0,0.09029827697967253,1.0,0.12825360157886193,0.0,0.0,0.22480210827355349,0.0,1.4056964464431658,2.1620328198395224,0.7347891828064079,13.862562172994693,70.4237554068308,20.972413557908347,10,1.0,40.59913713702895,0.0,False
20,4.0142723897493555,5,42,5,3.833978916093951,9.509161659291872,0.8037026317673569,3.743323987538032,0.0,1,1.0,1.0,8,0.0,13.112079270402496,2,1.3824058308697502,11.974543816263573,13219.96455917348,0.24805694259988686,1.0,0.3057395851223643,0.0,998.6196583702714,1.0,0.0,0.0,20.74250366610503,0.20433159411874333,0.0,1.0,16.320890363422123,12,1.0,3.3381799352291486,9.562326622012598,False
0,1.0,20,0,1,0.0,6.116538313377014,0.5466822843115392,4.500975744837254,1.8641909266111418,1,1.0,8.37831886219664,1,0.0,36.151704555065706,3,10.357451295275897,5.118327968606895,0.0,0.0,1.0,0.13373393238220022,0.0,0.0,1.0,0.0,0.0,2.0,0.01,16.27267164888317,1.0,7.253986383380079,8,1.0,0.0,0.0,True
0,1.0,0,0,61,2.9517325809481143,6.116538313377014,0.6741564150196223,3.34001201117786,0.0,1,1.0,6.303259254416424,1,0.0,14.858808929524987,2,0.0,6.437172714438788,0.0,0.0,1.0,0.1820172688654773,0.0,0.0,1.0,0.0,0.0,2.0,0.09794928768309186,30.46944451147813,1.0,12.43502034830918,1,1.0,2.7706685280249874,0.0,False
7,118.26203674717424,4,15,4,75.82657920868814,90.15292957204908,0.4885324371273348,13.364172926577204,1.7638644379810542,20,1.0,23.42603671681159,4,0.5263925435687907,122.13012319883795,7,0.0,40.64494734165867,1716.0357948138603,0.19797170069954553,1.0,0.17092027079847988,0.0,0.0,0.4629024082230375,0.0,0.0,35.856775834590586,0.38326806707099526,0.0,46.717419688512834,59.30282196082427,17,1.0,2.8970002389457763,29.29228060558112,False
0,1.0,0,0,0,4.513846882389576,6.116538313377014,0.5238740338974428,6.598346474133027,0.0,1,1.0,6.134703756474974,1,0.0,0.0,0,16.18885076340974,5.303689747160083,1175.5399105355946,0.0,1.0,0.1820172688654773,0.0,0.0,1.0,0.0,0.0,2.0,0.17432339509855693,6.4022999257306825,1.0,7.70975601849236,9,1.0,0.8007044524022059,0.0,False
29,32.2263448824868,3,7,0,22.213840886111612,14.346156422587935,0.6971576751668187,3.2948238841655413,0.0,2,1.0,40.03751874146618,3,1.0,23.37160994920004,2,27.226165753921954,42.233733753673704,4701624.47,0.3155303016178119,1.0,0.5331305446594664,0.0,14696.582841628062,0.6035568295472014,3.647258984962252,0.0,34.428376542677555,0.22770792092167436,78.57137288328926,63.62612190478558,31.157136490151107,8,7.806943471147457,4.8788686648528445,75.95921916416151,False
23,7.051258805119176,0,0,2,27.445825714103954,5.502931042823138,0.2645660151454992,6.016085425652916,0.0,1,0.6577876020110522,23.785518184166893,1,0.13656791445973682,33.528773664109266,2,2.998577736847942,36.57126006162483,4701624.47,0.0,1.0,0.2843691343789716,0.0,2800.4775729744733,1.0,0.0,0.0,81.94913042680784,0.49241840821915056,110.77532291605877,160.69399892542438,787.0,18,84.48314130622252,3.53020260503528,30.545874975351726,True
3,40.97563496915378,0,8,7,12.486562977918075,34.64593185163385,0.7017482340780803,8.11751784464927,0.0,5,1.0,53.52367108391793,4,1.0,81.60445740089062,6,0.0,22.144977263284993,0.0,0.20009960564408322,1.0,0.1820172688654773,0.0,0.0,0.2867728303519344,0.0,0.0,17.58066358941205,0.01,31.454817121013363,1.0,71.52811959619058,13,1.0,0.0,28.28577052568589,True
15,3.39688599616501,2,0,2,0.616998112394489,6.116538313377014,0.25513182730682876,32.256379169097784,1.1995671255628313,3,1.0,16.134135883364408,2,0.6331021037701972,31.987472843211968,1,74.63518367584686,41.50135189440542,4570690.275302367,0.0,1.0,0.16424550224117532,0.0,978.2948071490841,0.487463615196145,3.0742775130131426,0.0,27.073007394450773,0.23616982019816368,197.43219632781071,170.58619530231425,146.44472366009057,9,617.715892147216,93.94,817.0,False
0,6.206784653666999,10,27,22,4.414661911968567,6.116538313377014,0.30247764415401746,11.413206589603245,1.9152785377291948,2,0.9054799786526295,72.4037705893623,11,0.0,817.0,3,30.18071792418765,9.782054811786443,3312.4151165441826,0.0,1.0,0.12645609482629763,265.1546765943938,1023.4351348911207,0.9824292590192852,0.0,9.682857046250286,26.112995392608106,0.08801425303783646,116.34853743779465,5.386750920145239,76.1272471677061,6,33.037098048077326,0.0,0.0,False
0,3.357643296121836,4,3,1,11.036216002040279,14.346156422587935,0.35396478072883886,26.446122607337585,0.0,11,0.7904268023514662,28.373710806165256,4,0.4246933484068415,56.557040547162885,0,19.775475186174344,281.13,0.0,0.06751379246054509,50.51224983632075,0.10631545834834355,0.0,0.0,0.5210225538805963,1.6089523997946018,3.610535053490331,11.42228136286671,0.02640507833163236,351.424880176733,123.29299828810808,12.844064976434776,10,112.96563461357528,67.61453144727938,21.33180699096491,False
0,1.9456552272379162,1,1,1,1.5009761669578499,5.986902713426253,0.49231404989731675,8.11751784464927,0.0,3,1.0,14.650581411439656,4,0.6250922049704117,14.741428184543468,0,46.457758214969815,7.417859775803558,0.0,0.0,1.0,0.17848847844342264,0.0,0.0,1.0,0.0,1.327292436990384,2.0,0.01,36.80579027747207,1.0,7.160630409719911,16,2.423397074229232,0.0,0.0,False
0,1.0,0,0,1,3.786677628331222,10.025898245881923,0.7848291389092308,3.9570623149194755,0.0,1,1.0,5.963979094939542,11,0.0,5.806325529141247,0,1.5560431266077686,7.000687124078525,0.0,0.0,1.0,0.16771986524569588,0.0,0.0,1.0,0.0,0.0,2.0,0.04839279733865673,4.381555675270784,1.0,9.990716927449084,9,1.0,17.32252459969249,0.0,False
6,1.0,1,0,0,0.7137285938986988,6.116538313377014,1.0,4.172745194034884,1.7515233257927332,1,1.0,3.6060889092968087,1,0.03767238217507027,56.58037526268237,3,8.158736584616483,19.27094926567656,251142.02592212643,0.0,1.0,0.5331305446594664,0.0,0.0,1.0,0.0,0.0,4.616464806448315,0.18801011695923803,15.72758937376954,1.0,5.143554386708848,12,22.154757467430883,0.0,35.70974459450235,True
0,3.442113546056758,2,3,7,7.488734231145755,3.1022238987754243,0.4775507462571469,5.2182631703491715,1.8861421453934097,1,1.0,3.371980976066536,5,0.0,18.524305857956712,0,43.02426099900619,2.4487296501485036,14833.078282833987,0.0,21.300013408290926,0.0644436482537712,220.7703752566002,0.0,1.0,0.0,0.0,2.0,0.01,28.380961119785677,31.76918296357266,0.0,6,39.306582263220264,0.0,0.0,False
38,11.83541767850983,4,0,8,22.427788190466238,14.346156422587935,0.43937161200173724,19.267737030198774,1.7515233257927332,3,0.6967009207618573,41.64012532662201,8,0.5600447795963011,0.0,2,0.0,22.144977263284993,359852.71562375233,2.1172650737149077,1.0,0.1820172688654773,0.0,172.67537431886956,0.5846491201451145,0.0,0.0,44.14896947604532,0.2037771401009992,56.36339745107567,42.90614082591757,186.0155452083447,18,1.0,69.74478122877498,54.751589556967446,False
1,40.006934672763855,1,3,14,40.947962721163876,3.905979323768803,0.4715595678042986,7.8769643072108275,0.0,4,1.0,71.77971219738221,18,0.004290011819975469,15.477194918985795,2,0.0,16.716454670715592,0.0,0.0,1.0,0.14848592788636794,0.0,124.1798868292791,1.0,0.0,0.0,21.583928891783245,0.2992660346929847,45.15051113056025,1.0,12.86421131791997,16,1.0,7.647457482723787,0.0,False
0,1.0,0,4,0,0.0,6.116538313377014,0.5981753269144231,6.017736721105385,0.0,5,1.0,1.0,1,0.009579152975207663,4.842056292123992,1,0.0,19.899201583509008,16805.281914236264,0.0,1.0,0.1820172688654773,0.0,0.0,1.0,0.0,0.0,2.0,0.22478898326725422,11.129930287624415,4.456995636543233,19.875321558433846,6,1.0,1.2874101973541225,1.870505951381774,True
26,1.0,0,0,0,0.0,5.969391383248972,0.9148818031559015,0.0,0.0,3,0.991000800868611,2.7763443148313045,1,0.29312248909764815,28.815374019597854,2,14.603027847749944,3.722461087960992,166404.6625578882,0.0,1.0,0.11399220520071414,96.75474501404534,0.0,1.0,0.0,19.390738615574122,6.980975987446389,0.28563284492625113,48.02758005786098,53.69563116919663,13.831781577315123,1,26.691216224227233,3.8975277902630467,0.0,False
0,5.145954430690958,5,2,10,52.89591125120557,5.597738633476515,0.29824140620898354,56.7275309688563,0.0,4,1.0,15.157947072445069,4,0.2428217799282979,10.084101342355774,2,61.8475630991985,37.615923962185335,9248.339671679247,0.04205813689006688,1.0,0.15077606332408205,0.0,0.0,1.0,0.0,7.4960209962351465,14.257405668501173,0.6316679058355553,2007.2466102831104,12.02018895929515,26.462990150083794,15,1.0,6.709871885363387,34.91982757739048,False
13,1.0,1,1,6,0.0,5.989803189539507,0.5368034092800833,11.66050906639007,1.3814205949418985,7,1.0,10.036769935217466,4,0.24242039525453207,53.03887051884957,2,32.31668544539892,26.67330400641749,15959.283617235975,0.0,1.0,0.2675687616073122,0.0,1236.1480999197747,0.7530085827260984,4.907177191458577,0.0,13.980559850636206,0.6528501520104736,97.8424570755185,250.69656264855536,38.697005510891735,9,75.71529990856315,0.3407699286191429,70.47325154316988,True
18,1.0,2,0,1,0.0,6.116538313377014,0.3032571301841638,2.753063873408468,1.7589894912630784,1,1.0,40.54404134737587,5,0.0013700983853004477,2.541459921672123,4,0.0,8.51362371531951,9941.836042469502,0.0,1.0,0.1820172688654773,0.0,0.0,1.0,0.0,0.0,13.304500522384936,0.1909111995571917,23.864552351563407,1.0,16.09232797121143,10,1.0,2.9158428008302826,0.0,False
0,5.446546420354282,1,0,12,7.026068735731902,90.09832377810892,0.4263478532869811,28.621880856326978,1.9750795547822517,4,1.0,19.296660027828825,1,0.011151649034141151,29.493376651647573,2,0.0,4.089976371373826,0.0,0.0,1.0,0.11424329065878429,0.0,0.0,1.0,0.0,3.7243429185151653,2.0,0.01,0.0,1.0,6.203633588808114,16,1.0,0.0,0.0,False
0,7.268659714643617,0,0,1,66.6897331065426,13.742212799396686,0.13779385778729902,0.0,0.0,1,0.6060111210980121,2.580874356778994,1,0.022919649938231257,0.0,3,0.0,281.13,0.0,0.12196964505452217,1.0,0.12288269080427362,0.0,0.0,0.23283030445707434,0.0,0.0,15.082185359525164,0.2911707727187891,45.143693262649116,1.0,17.285755335228192,31,1.1357560606364885,19.743279314038578,8.176378995732227,False
33,14.427903502542222,2,31,4,6.011875848637279,14.346156422587935,0.32377662451669464,18.362508589994867,1.1995671255628313,3,0.755263181146059,24.606589296234382,3,0.0,28.56237022765562,3,0.0,40.84212146026893,2888455.174118784,0.35450294124777554,1.0,0.1471878688440228,0.0,1197.0916212186698,0.7977570682858184,5.342323279175744,0.0,34.56551083007942,0.5574536865595918,32.704551037339854,145.996181150768,69.76482731404761,12,8.855972420194963,4.265682050723229,35.89584541571767,False
0,11.316754801906843,2,3,18,3.726651277420787,6.116538313377014,0.5220044369046555,6.211451838321972,1.9195072748798485,1,1.0,10.641353198986145,8,0.22788696940068656,35.30561651001031,2,19.66533769259386,8.863605067240547,0.0,0.0,1.0,0.1443357914232796,0.0,0.0,0.23730103011248968,0.0,15.607045488699603,2.0,0.016055163777294143,54.06639957480273,1.0,52.98011432308398,12,1.0,0.5160241166086955,4.035889161711423,False
0,3.6280366385288882,6,3,4,1.7014448446576773,31.752061139533964,0.5109081427647229,7.352955622343509,0.0,16,1.0,25.917996400134395,3,0.01666828553817141,40.94612945510427,2,21.941675327875377,18.825579784878002,0.0,0.0,1.0,0.05764846958667781,64.99475250638176,0.0,1.0,0.0,2.9370271167090314,2.0,0.01,16.54130304791925,33.309533828292025,11.80258337375316,28,1.4926121877444558,19.913759172362255,0.0,False
0,2.3997778421368583,5,0,13,6.4916616232838305,3.5957277093085196,0.20215606483874488,4.6293115489614935,2.0445982457241856,6,0.5781252081441095,23.976783051408653,34,0.41356443501932477,62.11032036580408,1,13.508002615829959,10.086448316080627,94219.09548268066,0.0,1.0,0.11532879283572772,255.43274939942685,0.0,0.5359329697235544,0.0,9.393277736825297,2.0,0.10315292309811644,27.803663564799066,46.23253618687204,18.154994179796994,13,1.0,4.8130690065694175,9.264960842008545,False
0,55.490352236404775,1,0,20,1.6301801177803397,5.625297415327165,0.32816929186157484,6.278094979749814,1.88717784450877,1,1.0,19.98812389795861,1,0.00021546971992525107,11.137878638377467,4,0.0,6.253542944925133,0.0,0.0,1.0,0.5064296600186922,17.446715949690144,0.0,1.0,0.0,0.0,2.0,0.06654252463966745,0.0,1.0,4.375705040305359,9,1.0,0.0,0.0,False
2,2.585410274820564,5,3,0,9.988089678872022,70.47397849403744,0.3686401747085668,9.478527614067989,0.0,1,1.0,1.0,1,0.0,0.0,1,1.0763712701451063,5.327039434920421,0.0,0.0,1.0,0.17147248704607637,0.0,0.0,1.0,0.0,0.0,34.31034287466606,1.3141638531008364,1392.1652311696814,1.0,7.270780513416443,5,3.0308177576478226,3.655428411782069,12.063275861792562,True
0,1.1378667406970904,1,3,5,0.0,14.346156422587935,0.44143062268396643,3.494988835537762,1.830787763995241,7,1.0,2.8298876398462944,5,0.0,29.545388188488158,1,27.072028877137186,13.811401669840823,0.0,0.0,1.0,0.09694848878045235,0.0,0.0,0.9954631933879893,0.0,0.0,2.0,0.01,0.0,21.738197601365854,8.921379013873974,3,1.0,2.1014153484051725,2.968080952840391,False
0,1.0,0,0,0,0.0,6.116538313377014,0.6459160938583794,1.336304855135008,0.0,1,1.0,7.788000735354045,4,0.020105379825204977,0.0,0,0.0,10.025140722640538,9217.606894091361,0.0,1.0,0.1820172688654773,0.0,0.0,1.0,0.0,0.0,2.0,0.18656146180450153,25.805913747127,1.0,26.278935718541568,11,1.0,4.874572091467147,0.0,False
0,11.327935332681001,3,3,0,6.00921375556586,6.116538313377014,0.4486762580406437,89.52345564754434,1.9739649821412724,45,0.9852655407556028,20.080096960786285,4,0.9398959930916819,12.183532777679932,0,80.80652969992259,52.85508777864612,2796.8082237503686,0.0,1.0,0.12517326665264883,0.0,0.0,1.0,0.0,2.1430521815527035,2.0,0.5043961024519877,177.12577662599654,1.0,19.57345181898029,9,1.0,0.5185825100862509,6.5188127541764995,True
0,3.7837715412930284,0,0,6,16.10421872465033,5.121624402266405,0.5071468572685662,34.19558939232809,1.8584828494515502,1,1.0,7.509143265002684,4,0.8264329812881301,35.825759009088685,5,0.0,22.144977263284993,687.6603042785991,0.0,1.0,0.16942536287097892,0.0,0.0,0.9614401550141657,0.0,0.0,2.0,0.12806629843194578,46.12138588139493,1.0,94.24453339346036,10,1.0,1.9005744612717403,114.21712719185696,True
8,18.182109267947045,0,19,0,5.607701212919256,18.615838328613442,0.2224293311182351,1.8327603158353358,1.7515233257927332,32,1.0,11.447437992694919,3,0.023049524176857857,28.69527259647745,5,0.0,18.250542805065773,0.0,0.32952147115658914,1.0,0.14095202089174708,0.0,0.0,0.9710279445397689,0.0,0.8886712105344055,2.0,0.5562300214031178,0.0,1.0,13.058990019922145,10,1.0,0.0,2.286451837547128,True
0,5.5145746370493,0,0,20,3.360910361637984,6.116538313377014,1.0,8.11751784464927,1.8059810671541259,3,1.0,22.004991690999525,9,0.028413657063375796,40.639544043977715,1,0.0,14.14842010838899,0.0,0.0318074563867321,1.0,0.1690582438840646,0.0,0.0,0.9765964014522222,0.0,0.0,2.0,0.0720390952946211,24.725666975534114,1.0,16.827055083250606,9,1.0,0.0,0.0,False
8,25.446629011336025,4,2,7,21.77818747423219,6.026818134907275,0.3299722468659834,32.03140375589793,2.158582213673219,2,1.0,49.45276300275107,4,0.8954550063697997,107.57645541686276,3,14.910580288095499,10.040021676570936,0.0,0.0,1.0,0.08134867889809186,63.47212118008835,0.0,1.0,0.0,9.143225163348808,2.0,0.26372706699349224,88.33578304321439,47.763207903621606,65.22193310211827,6,7.394534793717127,1.0326813022367818,16.15014955208256,False
1,1.0,2,7,5,0.5787650306783738,6.116538313377014,0.5726405357901487,2.332936866504315,0.0,2,1.0,1.0,2,0.9939113297480742,2.702067741079845,2,0.0,12.108285509636486,4701624.47,0.0,1.0,0.5724891072773333,0.0,96.77663858833907,1.0,0.0,0.0,5.80580619712408,0.5775765997257998,100.66818240142649,89.28906609634501,21.222863457190094,8,17.029080323533865,5.406517174999667,0.0,False
0,1.828774913255764,1,0,9,23.939624195622557,6.09887642298691,0.5420679856983464,7.9966758109171865,0.0,1,1.0,2.6627537567549417,1,0.0,13.508714970563027,2,17.42895528565925,0.0,0.0,0.0,1.0,0.1820172688654773,0.0,0.0,1.0,0.0,0.0,2.0,0.01,0.0,10.80579113392943,0.0,9,1.0,0.0,0.0,False
8,1.0,11,1,0,2.1906495900031135,36.92396834324674,0.8909413401636214,3.807544306905423,2.2906238423181557,2,1.0,27.23186996767823,1,0.6779359395082779,773.5236059996005,2,76.34793480514404,16.947700172996623,16507.61180984768,0.0,12.989759209658352,0.10403714793687993,0.0,0.0,1.0,0.0,113.88423270037853,2.0,0.16269267315654293,99.22923372311294,29.16343254593179,14.054661174042982,3,4.636384336481253,0.7922040394051517,9.805545188727137,True
13,13.165268579093784,4,0,11,52.03533401515819,6.116538313377014,0.32567180979479293,27.021598450062626,0.0,12,0.9447556205994663,146.12494458416836,3,0.0,44.761482307200794,1,59.20825023444338,31.434022648014945,15404.612741808422,0.27670425744992766,1.0,0.1820172688654773,0.0,0.0,0.11707819954032503,0.0,13.614721295296098,17.149496704451465,0.07409565242088445,273.2418166374847,64.47211336537995,12.150406254674193,13,1.0,0.0,11.388470415187737,True
3,2.2544606456270415,3,0,3,5.446306900081373,6.116538313377014,0.28086927426166597,1.3324191210337188,1.759078272426707,4,0.5375150086347336,103.46229425891372,3,0.03084020476311268,4.498948580281853,0,6.562255667229008,22.144977263284993,10977.848723271309,0.0,1.0,0.14197535910387643,347.545422014268,1468.6923314062462,0.1559038815417803,0.0,4.629344784669151,33.65277228103613,0.19828030840134903,35.41209851401863,42.40767187304378,22.76933118565052,8,16.092778331868764,55.31274592567564,36.645070627332395,False
0,33.11474829675397,5,4,0,15.871711391090798,14.346156422587935,0.8710234457829916,4.913734168538108,1.626590562666538,3,0.7117738708201695,12.26692297127624,3,0.7495803039878526,16.565727677981442,2,10.21504900614195,15.924878803965226,293464.6226271943,0.0,1.0,0.33924530550589255,0.0,0.0,0.9648178130114701,3.9880926094971345,0.0,8.2708386261801,0.05616134580316451,70.6461752372935,44.322279304279704,13.953446023729962,26,13.571472800780967,36.202504227686006,14.213643206460588,True
0,6.158085972315721,1,0,20,4.640299841535004,6.116538313377014,0.5288981258389346,8.11751784464927,1.920045925567302,1,1.0,22.693416231494542,1,0.009772408200323757,12.853443617898938,4,0.0,0.0,0.0,0.0,1.0,0.42297115545218,0.0,0.0,1.0,0.0,0.8334211134096304,2.0,0.01,0.0,1.0,13.790490029206259,8,1.0,0.0,0.0,False
7,2.0835319910427033,1,0,0,0.0,6.116538313377014,0.5663024399900607,35.7300892273147,0.0,5,1.0,26.641586722729,1,0.0,19.15351638529868,4,0.0,18.796775493851662,367294.3087944923,0.0,1.0,0.1820172688654773,0.0,169.17378958144138,1.0,0.350030378163578,0.0,45.03475039829339,0.01,23.529593574292072,17.318851606002067,753.9251248458369,6,3.3952638251862375,3.493959814947179,7.99474051610947,False
2,1.5877776126785426,3,9,7,11.32432560640686,6.116538313377014,0.3034475532863776,6.099707765016773,0.0,13,1.0,65.62776662311953,9,0.37438542064603253,6.402205544222977,2,0.0,19.433605191020604,774.5433517717311,0.0,1.0,0.1820172688654773,0.0,0.0,1.0,0.0,0.0,7.607839076035492,0.16366844203856123,11.909280147130307,1.0,89.95810756251251,6,1.0,4.077385670998773,4.583237823353732,True
0,1.0,4,0,0,0.40523052965019035,5.299938549029629,1.0,26.85548003585099,0.0,3,1.0,5.793712584854538,1,0.0,7.151994136354469,3,0.0,18.058409242048054,5112.5473206532515,0.0,1.0,0.17630799792014445,0.0,0.0,1.0,0.0,0.4737374006015198,2.0,0.02054632056184258,28.454094539083776,1.0,12.65772484747535,5,1.0,2.848425464517168,0.0,False
12,20.337092877940336,10,4,4,25.398659366022734,14.346156422587935,0.2593945646827565,11.562653004289128,1.8308576765093787,2,1.0,40.66594021786973,3,0.6222004363249194,54.402475269773284,2,0.0,42.233733753673704,1585.9842206625808,0.2667093025652155,1.0,0.13888943096226739,0.0,0.0,0.9935365160551535,8.860530585113542,0.0,32.1894223096646,0.16187677267646447,145.12871362849978,86.89392248145678,63.86534727853825,68,24.037630439132712,6.873937315764056,50.29607813387827,True
0,2.4164607253941957,0,0,1,1.9272580283160814,6.116538313377014,0.7582438531416344,4.86703996402714,0.0,1,1.0,6.471809634164204,9,0.0,5.331834157870155,5,0.0,0.0,0.0,0.0,1.0,0.16481319158333174,0.0,0.0,0.9799522691763927,0.0,0.0,2.0,0.01,10.883093096189128,1.0,0.0,1,5.15191170022943,0.0,0.0,False
1,1.0,4,0,0,0.0,6.116538313377014,0.537227763705619,6.806770107702043,1.9032785616303434,1,1.0,36.554421523884365,10,0.020887721917937644,19.45045427659649,3,19.56944238236011,9.385503902943437,0.0,0.0,1.0,0.313943946504325,0.0,0.0,1.0,0.0,0.0,2.0,0.06642153081128951,17.736625659946064,8.781807407506673,6.518135464542967,1,3.5360077065323416,1.018271375554871,3.5532350852565617,False
1,8.852258250093682,2,0,2,1.6837649686051395,2.33560574105248,0.6257981439628796,19.016705492823572,1.405502031164571,2,1.0,7.666544391013026,4,0.0,14.943983357158256,5,0.0,25.921310720579193,3117.935052089277,0.0,16.100533472078688,0.15409461637688351,0.0,0.0,0.5146081951329623,0.0,12.853451640151354,2.0,0.22267214733694196,0.0,1.0,86.15836961521543,9,1.7364280674673935,0.0,0.0,False
1,3.7102567409129867,1,7,2,14.788812450516662,6.116538313377014,0.42435897009478774,12.355732507104786,1.8961979639916944,14,0.9802085700964641,13.285015753978245,1,0.6998642582527149,8.757723897564109,2,18.313641373891663,21.14269482518939,3508.492121453466,0.08095885788727197,1.0,0.13273080167923765,0.0,0.0,1.0,3.829780769872495,0.0,27.09426365053691,0.20833824823494315,66.78956716417001,15.943532934703123,13.492810846373771,12,1.0,22.429279185069227,38.98583248039738,True
0,16.633452783274787,1,0,21,36.164819341478676,3.193638122768577,0.6245457443742769,15.42031430170464,2.423901295446582,3,1.0,35.91889562774729,11,0.23552043962986333,36.38620703221745,2,0.0,4.013462458830713,0.0,0.0,1.0,0.5428664597668473,892.719980014898,0.0,0.4509412497002922,0.0,2.792592686860896,2.0,0.01,184.84137035043022,1.0,14.642997371952912,5,76.58401526647933,5.859234134882222,0.0,True
0,7.739558584040429,7,6,32,85.17894990912248,12.204003284246614,0.571691149816275,154.0,1.9014260921832808,3,0.334475453049688,190.7616463804934,4,0.32036387085406115,30.27301825213425,2,30.206620772301335,281.13,10109.818232414244,1.3118320923556341,27.725337415364052,0.15838628614609365,272.9235912898516,1308.633606120144,0.12669788350214575,0.0,34.50124773213374,25.210987677383514,0.41489796542071555,146.19903995912875,306.1620073158555,21.086948080393448,10,71.4201593893815,1.6290198560318374,388.38847699314533,False
0,1.6486917374570627,2,6,0,2.6105857297849724,6.116538313377014,0.2705770204224956,8.11751784464927,1.7970365998294533,1,1.0,10.754509441771166,5,0.0,9.950419337988212,3,0.0,5.306279218866435,61161.633113096505,0.0,1.0,0.33924530550589255,0.0,0.0,1.0,0.0,1.8452352123373363,2.0,0.09770214351993799,16.111385923808747,1.0,20.75993924173062,9,1.0,0.0,0.0,False
4,2.6937024262085307,0,0,8,33.09880752170747,34.64593185163385,0.3862966162866043,3.7298762927923073,1.8556719511213733,7,0.8919198554989625,5.9116182188962,3,0.7340606345973447,5.164767790986325,0,0.0,20.142842322680476,129283.79151483485,0.2878953450617292,1.0,0.1820172688654773,0.0,3760.2807416979804,0.4208305294945809,19.043183373334976,0.0,21.288818723464136,0.25779079728115184,101.71330058587901,35.65418251042546,787.0,5,55.414463842719954,1.3072662825363717,20.582652705851764,False
9,6.637624691737603,4,25,14,154.16529978629364,18.179947577345317,0.4154112734322113,30.67769896404835,1.955057110108337,8,0.29991581931534755,22.80262069396521,3,0.5353232740302443,20.786104788897127,0,48.006472380287605,17.827818910452347,377975.601491465,0.01733150762758906,1.0,0.09872717531743236,290.2323509942396,984.1674399818965,0.7872082876481246,3.30455049843035,9.455427970176746,2.0,0.09527744439974052,291.9932667104265,36.53501706706632,37.89315875478612,10,22.43654046009761,1.4518427459870784,18.161013448973357,False
0,1.0,1,0,9,3.3835515317640654,6.116538313377014,0.5198894173673594,3.020742915315229,0.0,4,1.0,1.5406526754871912,1,0.00018626893083280313,1.2646559608400203,0,1.7808707366090317,6.09042978102554,24004.698557691252,0.0,1.0,0.1820172688654773,0.0,0.0,1.0,0.0,28.2651732015069,2.0,0.21182677957945986,0.0,1.0,15.096834253132538,4,13.074765878126913,3.301041568225214,0.0,False
0,2.663313250974653,7,1,0,4.884573970587054,2.636608424102911,0.23228325438216796,6.2124657072705745,2.026183014170302,2,1.0,20.504046008905785,1,0.0,24.060026947088346,0,8.368987545398882,8.515490997974476,0.0,0.0,63.01172231921626,0.08945368474740382,0.0,127.36906400821954,1.0,0.11045245850660823,0.0,2.0,0.08851383542664115,31.516586537699943,6.035597280279472,8.760033647627484,16,3.800579459200957,0.0,0.0,True
11,22.963809422649938,2,0,0,4.502995945121886,4.0848933314797895,0.22230345272350427,5.590644125833507,0.0,1,1.0,10.199386939278856,1,0.0,25.36482767132098,2,16.05736766703561,64.21317652456206,0.0,0.0,1.0,0.10177554009973849,0.0,0.0,0.47447198638378146,0.0,9.917266290908469,7.643538131446442,0.09020061583170795,54.6792416230368,1.0,11.802906752165883,10,1.2476432039689787,3.3002259229426603,75.73905280561054,False
2,8.165519795775117,2,0,0,69.02825274501558,3.6984894385930875,0.3099452899501165,37.323234684872354,2.039378406996563,6,1.0,507.0,4,0.5123468478206417,13.428172303140945,2,28.640432138204787,4.682866449304772,0.0,0.0933978837895052,1.0,0.07847375517430413,619.5505379626554,0.0,0.990472557471757,0.0,11.817804046820758,2.0,0.01611463850779657,129.09438008717626,75.65861981802337,55.27849450783288,2,1.0,2.2534534281589167,0.0,True
13,1.0,0,0,0,4.258322130893246,6.116538313377014,0.45152221655164737,3.487864892787001,0.0,5,1.0,5.316377047797479,6,0.2788612759187338,0.0,2,0.0,14.470317837937067,2800.7078938045393,0.0,1.0,0.9930726693558465,0.0,0.0,0.5659001125019787,0.0,0.0,52.52557249802753,0.4880373314343863,0.0,38.257742627808845,6.071388187366237,15,1.0,2.4453477822729104,26.48889561375119,False
0,3.8311138055791947,0,15,6,4.454358014217976,34.54254396760769,0.9788744271421539,2.0821906186858814,0.0,1,1.0,1.0,3,0.04403582966140834,4.276476342991174,5,0.0,17.468028103442535,5299.164463422845,0.0,1.0,0.1820172688654773,0.0,0.0,0.5321297678361769,0.2520336239496692,0.0,2.892211016630096,0.22166762929665734,10.192963315459181,1.0,31.157136490151107,8,1.0,3.4725685446769834,20.410176024495225,True
0,1.0,1,3,13,0.0,4.864497871220086,0.42201194912380513,4.263419715555671,0.0,1,1.0,4.306728677036415,1,0.3989959465910905,0.0,2,0.0,33.74298191957655,0.0,0.0,1.0,0.1603349785384355,0.0,0.0,1.0,0.0,0.0,2.0,1.061600848773245,2.8882105384129595,11.098242440327915,7.303839608813807,9,1.0,3.262122399066749,0.0,False
2,8.953615402001196,1,4,2,2.0576813495652044,5.140609268503295,0.31638634221666645,93.62937630870908,1.8499002509974745,4,1.0,25.338360440517665,2,0.6857108511869947,4.304926695916169,0,0.0,34.69755009828453,66845.09579514753,0.2699582883788272,1.0,0.33924530550589255,0.0,1496.9713264003572,0.9641005524225428,5.415347106571955,0.0,21.13524095342459,0.6749733510749368,70.36167668690327,31.068568122501958,147.85048636125694,66,31.406321507927792,3.8403294414060083,18.25999560265155,True
9,43.30796206215925,4,29,20,30.64013449701987,7.203011751595135,0.3147993271295381,28.621880856326978,0.22897575974131468,1,0.9479275086122129,56.93163078922427,4,0.5312270004251187,40.56826770670753,2,173.89835671894838,43.65861533784882,0.0,0.2552133941691972,100.91359967613965,0.12415803933686141,0.0,0.0,0.06928073746750252,1.893895634999883,9.974193580212617,2.0,0.2321609294744204,124.05692844351378,1.0,72.68343851176219,16,1.0,0.0,5.4442198225549685,False
0,1.0,0,0,0,0.0,4.981874963859581,0.8805899619757815,0.1443261502263049,0.0,1,1.0,1.0306153173865518,3,0.024342005620921335,0.0,2,0.0,8.757273576878994,7850.78061395558,0.0,1.0,0.1820172688654773,0.0,0.0,1.0,0.0,0.0,5.578904569801326,0.686451763517339,0.25962098273963363,1.0,26.79787655822148,7,1.0,4.481701790253086,0.31883851150817577,False
2,3.9560460580479746,0,0,0,1.3724881595079075,4.562423981064778,0.5758913627387819,27.99554239256883,0.0,4,1.0,11.763711944746607,1,0.029196685761788937,1.4474926229391674,1,0.0,16.05368932269073,0.0,0.0,1.0,0.1820172688654773,0.0,0.0,0.9461480795865858,0.0,7.718561740831511,40.88256962746796,0.22897807632013215,0.0,84.05830726604859,19.10919266536251,8,8.37786255328799,1.4566959572842106,0.924174522302188,False
0,11.642425376880762,5,5,9,3.156633917339036,10.810436910772761,0.5051800873938661,82.47068048434431,1.7767239814402025,3,0.61043509038195,41.12971992787051,3,0.48957875881052004,89.22692416694763,2,0.0,15.663019079415625,0.0,0.018838672447625604,1.0,0.4377377952851002,1362.2757454136827,0.0,0.798314745952572,0.03946079171461081,3.797222570120916,23.534131115895224,0.1879319753697803,62.69583197151216,1.0,50.29292709263345,29,9.332665302257443,19.878893906620178,27.232848305189492,False
8,7.01639613267562,4,9,0,9.633985753566733,70.3045923637833,0.5223401606404044,32.58684245283468,1.8246629094372568,3,1.0,12.088200032665165,4,1.0,0.0,4,0.0,13.0373123122276,0.0,0.0,1.0,0.33924530550589255,0.0,111.17467245648976,1.0,1.5735781753603635,0.0,18.251412573126654,0.22258925780982164,1327.993593899407,82.24084410319813,107.21663700644979,7,20.258406751065383,24.30592796223921,33.438928821535086,True
7,1.0,4,0,6,5.771454655918786,6.116538313377014,0.5168984058646708,8.11751784464927,0.0,4,0.7888902977564618,15.436945366239378,7,0.01365760198728412,6.7445492119819805,7,0.0,55.870507025590115,98054.98461891647,0.0,1.0,0.1820172688654773,0.0,0.0,0.31657096883784464,0.0,0.0,2.0,0.25943298620776023,21.881410865501984,1.0,106.11780390194129,10,1.0511336602501498,0.34427006984521064,0.0,False
0,14.843355615425967,2,2,12,11.65614473820196,6.116538313377014,0.3714006042606732,14.89551611743611,1.1995671255628313,3,0.9933474861603323,39.33967540586315,4,0.008379982283432655,81.85137519910208,2,45.10293829885928,13.543443918918086,2659.0679885321406,0.0,1.0,0.1820172688654773,0.0,0.0,0.436876198416849,0.0,0.0,15.934831911090711,0.01,77.49111538371443,19.616904326870937,21.508402586801143,16,10.343192149217941,20.26102892960754,39.58922083618015,True
0,1.1050189942246629,2,0,0,2.142768261634107,12.108907704763954,0.24893400391952442,6.710555588158028,0.0,1,1.0,266.5028426182294,1,1.0,77.44950285559446,0,0.0,16.428985301360342,0.0,0.06255184296285973,45.96083359261482,0.1070145662317719,393.10551077494046,0.0,1.0,0.0,0.5752244335564729,3.7574755286893473,0.2764547723163587,23.0212238888089,1.0,11.561609664611185,12,1.979072344142299,0.0,0.0,False
2,15.832057194152618,6,2,3,62.51054324971031,23.245262558518252,0.6808534735358367,9.280376572156474,1.4626706003370884,3,0.7887404892422284,37.01872478248923,7,0.16155234888681091,16.203658416933745,6,170.83749711053142,7.215070727526165,14158.919794525085,0.12426136069992513,317.0411552521842,0.2961627220955341,3066.1905347046786,0.0,0.3725944956988978,1.8441168459290613,2.5141520799356822,192.590857822672,0.08063976947157492,407.43990388955945,9.321560856313836,12.225012460665681,15,43.88756300878748,0.0,31.598016107758486,True
5,31.329256627472454,0,42,1,9.500558327788497,14.346156422587935,0.8352849405502298,7.852886022148731,1.7515233257927332,4,1.0,15.85359219226145,4,0.006992258575141186,4.0459735744098,3,0.0,19.96142656171332,0.0,0.0,1.0,0.15368626761191262,0.0,0.0,0.9821431018017414,0.0,0.0,2.0693484415865244,0.17491767825196491,0.0,13.99803056056639,18.159616009341413,19,1.0,0.7802918469412167,9.406450069982812,False
0,12.033205039553321,0,0,4,17.044450417759318,3.380404434291265,0.2148769450033958,3.111527683558383,1.358195335476388,4,1.0,12.344198167785116,1,0.022085583550902652,44.77453191124525,0,0.0,281.13,0.0,0.0,1.0,0.152688987030565,0.0,0.0,0.48244489754389003,0.031508199300375184,0.0,6.5112028878342105,0.6763959410495843,0.0,120.39638370743991,14.327926911446928,23,24.468727016570107,1.5787028629725681,55.01790884230372,False
0,1.0,1,0,16,1.449169730527498,72.22787894138114,0.37452680730327526,6.828837091650996,0.0,1,1.0,162.42270367538285,30,0.0,10.371974784945188,1,0.0,8.890697390115605,0.0,0.0,64.17858438234039,0.7100720828617408,0.0,0.0,1.0,0.0,6.7113187393609905,2.0,0.11572433562086382,0.0,1.0,28.641969774757143,12,30.69136421061191,0.019491483380392555,0.0,False
45,57.861759086011276,1,6,0,6.8821218520190115,12.937292178915321,0.24583733956373216,0.0,1.7515233257927332,1,0.9951041043215987,6.395032949413903,1,0.47842468090014756,2.3244088192391246,5,2.1783471828733845,15.749474991453505,578161.1144267133,0.39651711319097493,1.0,0.43917055215303774,0.0,1445.152555456405,1.0,8.2088545979712,0.9698783470256975,27.851349196952782,0.3520507714474282,72.90862652658663,472.4992603925948,128.90577997576472,20,44.61695096648364,4.738625084079607,4.746644885899297,True
0,1.599585470326728,0,0,10,9.825139963152175,12.797361234180741,0.947995258109399,5.042053629055755,0.0,2,1.0,71.95749180579966,1,0.9327669844546974,40.10354222327885,1,14.724055482747668,60.73077304654104,0.0,0.0,1.0,0.09445984557742561,0.0,489.6098123797012,0.6354684393745167,0.0,4.8989285304136345,14.906428421219447,0.16097634180295067,415.65444710491687,1.0,12.912621868069253,8,1.0,0.0,0.8036261837791336,False
0,72.06963781340052,5,4,47,108.83275101548728,57.17193841323937,0.1990494886473567,15.594120254505135,1.9345116401105231,2,0.9754527947311067,124.48149729115343,12,0.29132495125371444,134.75576161235307,7,18.5509584508819,41.07846047033529,0.0,0.0,1.0,0.5646385546648341,0.0,0.0,0.9542445414319725,0.0,12.851479092018295,114.01196451942246,0.01,188.92796267649751,1.0,11.547335581120663,12,1.0,0.0,12.697305400662646,True
0,7.348767079364169,0,0,29,24.92426776360427,3.990058434564852,0.2020427617995587,22.4947477481483,1.8384550889713631,4,1.0,104.48067218694013,14,0.002066307442577359,16.90770785030509,2,11.668060974012723,15.725791400900986,0.0,1.3975154623264894,358.1856365796334,0.42665236797890516,584.3815109092544,0.0,0.33233963018232193,0.0,0.0,70.69151519701276,0.064576137424815,23.113863125842116,1.0,27.13073948165095,52,1.0,0.0,0.0,False
0,2.8150509201895195,0,0,0,0.0,4.524077472284698,0.3199717941890806,6.80916266202599,0.0,2,0.6461253516579482,5.812716511064665,1,0.011826531269394609,115.0072551761167,0,5.328677010737625,5.318063706833353,0.0,0.0,1.0,0.1820172688654773,0.0,0.0,0.5496908113790773,0.0,0.0,2.0,0.5059834762317905,0.0,4.048838002332992,4.192628427579291,8,1.0,2.6842387682161855,0.0,False
0,9.655281635892337,2,0,16,4.909146428141506,4.467891457156292,0.5313055066587604,4.412885406488746,2.804371877550032,3,0.38966862942502,30.13656257392498,10,0.0,65.0050731692485,1,219.72555539741398,8.054029386331852,92548.8566081104,0.0,60.07341808762078,0.041894170525820396,563.0857914450955,195.95634641645483,1.0,0.0,8.493679306896825,13.262185262893887,0.01,266.6428827640246,10.426029391138613,29.418456451803078,3,7.812067692899643,1.5575845005541324,8.401846444990866,False
0,6.904655900919504,1,0,40,2.3556947410126736,3.0226341628444273,0.5046252926858306,4.425881691018525,0.02079028868803961,1,0.7908327770056451,17.39918009771612,1,0.6417941875573215,9.294191767565064,5,27.879995182737307,1.479189620649505,0.0,0.0,1.0,0.1544380106472302,0.0,0.0,0.5926142981342678,0.0,1.503687218514599,2.0,0.01,29.138196401762716,34.31809521150771,11.479180239953223,16,1.0,0.0,0.0,False
0,2.1838150324145373,2,0,41,3.15656829207967,6.116538313377014,0.42292746626891653,8.110214299965346,0.0,1,1.0,18.10483101576001,5,0.0,2.892306298561996,1,0.0,7.601237084101861,0.0,0.0,1.0,0.1820172688654773,0.0,0.0,1.0,0.0,0.0,2.0,0.01,19.82306495460615,1.0,9.303184021756786,8,1.0,0.0,0.0,False
0,1.4947773466143457,0,5,17,0.0,6.116538313377014,0.4117382240164268,2.6071574477948607,1.641369195845603,4,1.0,11.624994272905656,10,0.0,5.020923993356948,5,0.0,5.638895344997155,0.0,0.0,1.0,0.6293200769278696,0.0,0.0,1.0,0.0,0.0,2.0,0.01,15.001419597566361,1.0,9.093157927374143,3,1.0,2.235008760836672,0.0,False
0,1.0,1,0,5,3.5662268881757977,5.406786948450274,0.6959563201532339,3.6607862754736784,1.7816265359014125,1,0.7207661307985573,1.0,1,0.0,0.0,4,0.0,4.585807047687162,0.0,0.0,1.0,0.27773767252339443,0.0,0.0,1.0,0.0,0.0,2.0,0.018391138764171394,4.309188723085706,14.067757094456887,8.59796840528893,6,1.0,0.6593818269202636,1.1546077680208189,False
0,14.290654612969803,1,2,6,0.0,6.116538313377014,0.6587706690375184,8.11751784464927,0.0,6,0.7685725473297781,507.0,4,0.9678907895105958,39.298897772786816,3,18.61497058599238,22.144977263284993,17855.8931269567,0.0,1.0,0.17582360491435717,0.0,727.9343977911849,1.0,0.0,0.0,7.53860577423112,0.08925543949247922,63.14057706567575,33.922798718345774,24.452947440515153,14,38.21858253197635,15.605587576335648,33.00615596763319,True
0,39.03456107539074,0,0,15,3.2588125244669546,6.089917714549696,0.10986943429477067,33.2060808852343,1.8364712285550149,4,1.0,23.36469862528506,4,0.25408065059946056,94.86728519571646,2,0.0,13.55757005371688,4724.02940329332,0.0,1.0,0.1820172688654773,0.0,0.0,0.7848611621870085,0.1320566863794519,0.9089554611222566,2.0,0.16929741619752947,0.0,70.51489104344155,136.28078245295205,9,1.0,0.09041868522233848,0.0,True
4,3.4995733552605697,2,1,15,25.3238205021346,4.984006605874408,0.4660428276951828,5.6421706375875775,1.1570340035453857,1,0.8326362278959208,31.399560316934114,6,0.9029576814977288,8.892083224548248,3,0.0,5.354822369349881,13095.1347481848,0.11506657272259163,1.0,0.4984018641139785,0.0,387.4944278790181,1.0,1.7489608803764867,0.0,5.944110696377954,0.326251380497779,29.414732526234246,58.443720568960096,17.009665002131044,68,9.088097774809125,24.504705799431786,24.869573615295074,False
0,1.0,2,12,33,388.0,33.404830393956914,0.7541060059853892,6.337438184568281,0.0,19,1.0,18.369291299788625,11,0.0049388212448244475,9.119679059914608,1,12.810904681171143,20.42179839884893,0.0,0.0,1.0,0.47253274989934113,0.0,0.0,0.9583639702228854,0.0,0.0,24.976523166219504,0.7339897546641092,0.0,1.0,124.09147049301292,11,1.0,0.3282072469588326,0.0,False
20,53.94007568751073,4,8,8,29.389387604849922,14.346156422587935,0.6696904206525031,56.7275309688563,1.1995671255628313,2,1.0,13.839025916003568,3,0.5726304807473526,20.71622128441333,2,0.0,281.13,11651.141291055757,0.0,1.0,0.1820172688654773,0.0,689.2363449018424,0.5215273061375733,1.191636941712431,1.0341485441509777,27.8266738943921,0.35095772137118453,10.316298585818735,21.557197766646524,31.157136490151107,24,1.2708383419284246,1.967381048633847,69.71425385576377,False
0,10.792269442720094,4,7,24,72.78872702323577,6.116538313377014,0.5376483536208372,108.08216922212065,0.0,9,1.0,222.7053819470969,15,0.0,66.06983230762604,1,0.0,13.955125594778735,785469.9696134685,0.0,1.0,0.1820172688654773,2352.7586278283416,0.0,1.0,0.0,8.869490704540176,391.0,0.01,93.7869134988713,1.0,42.56429162610324,11,8.477814541318033,2.2935914112452247,0.0,False
0,2.007627957835244,2,1,6,0.5340760112195837,6.116538313377014,0.6008813275151814,53.83313881991383,1.8948394558456487,1,1.0,13.24174098780436,1,0.6338887734799576,41.9011390018257,0,43.27881166451219,11.520333099650554,0.0,0.0,1.0,0.11884985405068013,0.0,0.0,1.0,0.0,1.9306468804349315,8.09112432366814,0.02473153565247027,84.50618544211636,1.0,37.26705673865365,9,17.40857268807269,8.901219746320862,0.5019534366370557,False
7,22.587097947225935,5,0,5,15.482884731399874,32.98385051773864,0.732391051304675,1.5482822667434466,1.378724350756294,4,1.0,25.6738140127743,5,0.3239912021485301,22.727989767305093,3,2.9578944965602716,22.26535224245128,25064.69965917566,0.0538473673037036,1.0,0.3151953400605653,205.92781293294172,0.0,0.480455088076293,2.9708748305608177,6.18807217259866,8.276480724770044,0.7009304409928513,1534.9877895938218,17.636174375893724,18.715744030210026,12,1.0,46.31103966230006,38.591634639941844,False
10,2.038842386267434,4,0,11,7.641002947315983,36.92396834324674,0.39937841225133297,80.48246472468804,0.0,5,1.0,47.37926931403899,11,1.0,19.802928048976053,2,6.473788544223016,58.611178404160825,416224.58681642846,0.0,1.0,0.15694092441796634,0.0,0.0,0.9825748090672749,0.0,0.0,3.0765154172970792,0.1007226847790898,54.39773361026626,2.709594811711746,11.571784058142063,18,1.0,33.753550708834545,4.30187883942679,False
4,7.169353788357495,5,3,9,24.691221796433155,6.116538313377014,1.0,14.045837644609328,1.5211804134422513,2,1.0,19.48167424738585,3,0.4632925354630231,7.607280919319205,2,0.0,22.144977263284993,5944.434355260801,0.0,1.0,0.1820172688654773,141929.09012855866,586.1871656903076,1.0,0.0,0.0,21.892605341221948,0.1872338807125458,114.90618181788903,49.666941449645776,154.03091214350977,22,1.0,4.127092856168591,13.497378760695561,True
1,1.0,1,0,1,5.1929440099156885,6.116538313377014,1.0,19.76837469917988,1.9234200341403536,6,1.0,22.69244135274969,9,0.0,19.153772240626843,3,4.009086739746003,4.09575060908152,6594.326484770042,0.0,8.91171201822101,0.12133025790425547,0.0,0.0,1.0,0.0,0.0,2.0,0.0169989765794248,110.35831724991773,34.01484158000122,12.69699461236748,11,1.0,0.0,0.0,False
0,1.0,1,3,1,0.7169448658401127,5.42986925701817,0.4351704159769151,3.443063030200138,2.302912679244173,1,1.0,74.99945387711527,34,0.0,7.445581407906563,0,22.36065428676025,3.0378871509822885,0.0,0.0,1.0,0.13918195906354694,0.0,0.0,1.0,0.0,0.0,2.0,0.06775038810514586,18.774496939976085,1.0,5.789373815640145,10,7.012724335740499,0.0,0.0,False
0,1.0,2,1,9,0.0,5.635587617160644,1.0,56.40503525651797,0.09470484667123581,6,0.5666288364526746,11.708241510503441,3,0.0,17.31403266781006,1,20.06593019156714,0.44839748300407933,0.0,0.0,1.0,0.11509159132374872,0.0,0.0,1.0,0.0,2.504147497174051,2.0,0.03660628303116914,82.03858347134842,1.0,31.045684376465626,4,1.0,0.12164424482596374,0.0,False
0,1.0,5,1,0,0.0,6.116538313377014,0.47010361548572754,4.976045107851574,0.049246934520535614,4,1.0,10.541418566555151,1,0.0,21.187257677052127,1,22.619106723108764,17.38825756098825,0.0,0.0,39.481096755870304,0.09212002080687301,422.8023957728413,0.0,1.0,0.0,0.6702891986257709,2.0,0.23224821221154823,25.357623705712207,1.0,10.672585616372455,1,1.0,0.0,0.0,False
6,1.0,3,0,9,50.57230451978098,6.116538313377014,0.6080550393150748,0.7024654664132779,1.7515233257927332,5,1.0,1.0,1,1.0,0.0,5,0.0,14.899916096881295,353245.74559167714,0.22068403662185687,1.0,0.1820172688654773,0.0,0.0,1.0,0.3933746352143089,1.3307102992430728,72.34993915369238,1.2286585736563027,35.404855088299456,58.249130665629146,110.77394837584794,8,8.449621918623187,5.0782466717946875,29.038537022024464,False
0,7.869547959099146,1,0,34,17.71034915073749,3.4701031236131827,0.29403926049208906,6.721037445623498,1.8448282105609877,2,1.0,13.041657636212896,1,0.0,10.716393263874854,0,3.443556542562444,12.17442141931907,0.0,0.0,1.0,0.16293295368808003,0.0,0.0,0.9549450817618119,0.0,0.0,2.0,0.06347539901811569,0.0,1.0,9.449513755719737,10,1.0,0.0,0.0,False
0,1.0,0,0,0,3.242381541139192,6.116538313377014,0.6551856103622824,0.11124932723603798,0.0,1,1.0,8.649591169530511,1,0.0,0.0,2,0.0,9.380743653749997,8898.169014467683,0.0,1.0,0.1820172688654773,0.0,0.0,1.0,0.0,0.0,2.0,0.06854285441764713,0.0,1.0,19.147737501374877,4,1.0,4.178502735383645,0.0,False
31,2.023308237516437,0,3,0,12.016207386507526,14.346156422587935,0.29823027539742697,2.076279941114768,1.1995671255628313,12,0.887205477164416,18.495397535061215,2,0.7363937973478047,18.766276108421042,2,24.76109153696315,42.233733753673704,50862.408461177976,0.3360878684901949,1.0,0.1820172688654773,0.0,2704.505436734795,0.40570126973524484,7.199537755976104,0.0,44.83331437677505,2.0,75.9618309517602,203.93206059924395,73.28708155133566,17,6.840821539196276,91.87255174750536,206.66065874308208,False
0,1.0,0,3,1,4.1615404919583145,5.630500385477119,0.37753175017076235,3.7192130293563976,0.0,1,1.0,1.1864938538974128,1,0.0,1.5444757061860734,5,0.0,3.3987957203039842,0.0,0.0,1.0,0.1820172688654773,0.0,0.0,1.0,0.0,0.0,2.0,0.01,7.520562751226505,1.0,7.522014221170144,13,1.0,0.0,0.0,False
1,1.0,1,3,12,0.0,5.385736325948926,0.5906691756796829,1.1317495159650766,1.793388964038722,11,1.0,3.366831195830872,1,0.02990608467023456,2.0386592788376987,4,0.0,13.181123250712757,0.0,0.0,1.0,0.32384680354652523,0.0,0.0,0.9838473199881645,0.0,0.0,2.0,0.14243534429527793,0.0,1.0,15.997544689422792,6,7.570642147666057,0.9941164427548261,0.0,False
2,1.0,0,2,3,2.4253088175985718,6.116538313377014,0.2515906778028861,3.3292627552985046,1.2771300126659435,1,1.0,1.0,8,0.008249465652370154,0.0,1,0.0,8.344749834432111,0.0,0.0,1.0,0.1820172688654773,0.0,0.0,1.0,0.0,0.0,2.0,0.2896832731613627,21.173643654295468,1.0,21.161134259769696,1,1.0,3.601910240990373,0.0,False
0,1.0,0,0,1,6.19641564321857,6.116538313377014,0.7597336105765282,3.5698345335582857,1.8626161142668884,6,1.0,14.569083390009105,1,0.0047239249368778635,9.092776785162036,2,0.0,11.657636734683223,0.0,0.0,1.0,0.15950055447938455,0.0,0.0,0.9871206969271911,0.0,0.0,2.0,0.01,10.316032582919888,1.0,28.20521807411724,9,1.0,0.0,0.0,False
1,62.599314929805175,0,4,1,25.893764904623495,12.81091342886975,0.4218861308212127,13.896903096146303,1.5635666999920637,1,0.5483531196355683,3.141857044788229,5,0.5154677570380508,103.95911449076361,5,25.93434838491801,38.831935795380836,0.0,0.16002652084766575,1.0,0.4340333524571793,0.0,382.326326153055,0.7086947120083013,0.0,5.09144269280175,20.503867276373768,1.033772277558673,60.152548329721846,102.74795422946906,30.491416594230238,19,1.0,69.74654529862002,104.81624851751104,True
5,10.507731780661908,7,2,8,4.099313339526153,14.346156422587935,0.8425106705546123,28.621880856326978,1.839610411075249,2,1.0,44.66024093932203,5,0.008892633120440667,142.61377065395664,2,8.861040169588637,41.50135189440542,0.0,0.0,1.0,0.13739353211077898,0.0,40.04194129698942,0.30651394670149457,4.441496895664225,0.25233322935153435,4.920018072515869,0.15209637685170413,32.499332221249375,88.09543339912875,24.561475641118946,19,3.9011250233358687,0.4777336157817347,37.001225218746114,False
7,2.1323775953489443,6,6,2,96.44939044230455,36.92396834324674,1.0,9.340273783696608,0.0,4,1.0,26.051970067773606,3,0.0,24.755786957470946,2,4.467228322265864,34.03565502064353,90732.57074882656,0.0,1.0,0.1255563138251396,0.0,0.0,0.9968289659844249,0.0,1.2866344196259918,16.62714826780289,0.14176050986860808,43.384069874899694,22.629502782998184,104.34413452969443,7,67.62792376959555,0.0,4.772921452965125,True
0,51.810880434462796,3,0,22,99.58973291499967,28.037660308565542,0.5414286817731835,7.316349300648813,1.6426422037704325,2,0.7888902977564618,98.83632880864069,12,0.5649243957221813,209.47414886217086,7,0.0,0.0,762.9963991372115,0.0,292.5816888664899,0.12313154484832754,1057.3550575269162,0.0,0.6613934267031758,0.0,2.8018823182130914,13.259226472675529,0.011156615386738247,1372.2719132636473,1.0,12.458760933949836,18,3.477799571672847,0.0,0.0,True
18,17.877335983703908,4,8,6,27.105594233121423,118.0,0.2575864262619255,15.278831881411332,1.1995671255628313,4,1.0,41.81898510987584,1,1.0,28.540621072173373,2,0.0,42.233733753673704,0.0,0.31064447679558427,1.0,0.1820172688654773,0.0,2901.748185804072,0.02,5.5379732441187475,0.0,47.66216163175811,2.0,91.22071942010157,67.42501774877995,73.28708155133566,24,1.0,3.2010581693302966,14.261933346885908,True
0,1.349420753353472,6,0,28,0.0,6.116538313377014,0.4351704159769151,6.092223415708165,0.0,1,1.0,4.668130620072486,1,0.6505504333972859,18.659985774450014,1,0.0,5.519232244747022,0.0,0.0,1.0,0.1820172688654773,10202.306254354555,0.0,1.0,0.0,0.0,2.0,0.05823739921379675,0.0,1.0,7.739140860302603,4,1.0,0.0,0.0,False
0,4.249993693467007,1,0,4,0.0,3.90996365805307,0.5268516203894162,5.6284555444279665,0.0,1,1.0,6.795727754694678,1,0.020942083402533597,3.860069511276234,0,0.0,3.0215515270241764,0.0,0.0,1.0,0.12783679692919794,0.0,0.0,1.0,0.0,1.4697297206427142,2.0,0.05855912158115655,17.84575107662598,1.0,14.55060000816393,14,1.0,15.786012758568049,0.0,False
0,7.34053490475212,3,3,18,388.0,4.2392483631112565,0.6530044341446559,35.97405155067047,0.0,8,1.0,11.81635388273943,4,0.5611145594222331,40.797537613060115,1,3.5673459959125395,18.49558324602946,103280.27360009108,0.44251902004819976,1.0,0.2518537561407683,0.0,0.0,0.42777952255817436,1.9616502393969262,0.9568072591432722,15.095349074550246,0.01,16.205765999365585,76.09222453926063,48.974781220559905,45,83.79297928861655,0.0,11.480153262485834,False
7,1.0,5,5,4,6.89731524873949,4.084346705216262,0.32965137073305345,2.5728132886188404,0.0,2,1.0,1.0151215215116913,1,0.5266486995558626,22.240040925821365,2,21.9041501562402,11.10405841837678,4282.5204466595005,0.0,1.0,0.1820172688654773,98.73003536479959,0.0,0.9560499980903568,12.919942876050706,0.0,6.6181285575787925,1.0854951502577717,464.35759927479296,1.0,12.406579417351363,7,1.0,28.461306767654854,4.1909724369396875,False
2,7.132145400422031,6,2,21,61.61989400008599,34.64593185163385,0.3147700264439054,56.7275309688563,1.1995671255628313,1,1.0,15.287840393464204,7,1.0,8.312276725475343,7,79.85284635356743,9.027824425072552,0.0,0.0,1.0,0.1820172688654773,0.0,0.0,0.6555396319706097,0.0,16.77420454332848,13.191027917926375,0.01,248.37712071963867,7.704686989796922,132.96949068845788,10,1.0,0.28523049483945145,10.43356373371213,True
0,1.0,5,4,12,0.0,14.346156422587935,1.0,5.617131402003613,0.0,5,1.0,1.0,3,0.0,27.714483952199295,2,0.0,11.636857338223663,398944.7700646573,0.0,1.0,0.1820172688654773,0.0,852.1744793697777,0.5694093160814917,1.2160824244847879,3.0471714171507527,30.429509891109284,0.42769858805691585,30.19230663951419,148.7412401239436,787.0,7,46.63315648247826,4.5084806379416476,51.3984968869579,True
0,1.0,0,0,1,5.695050063763787,6.116538313377014,0.8742640094086911,5.3031631690009675,0.0,1,1.0,18.53083319071131,1,0.0,0.842733138696591,4,0.0,0.0,0.0,0.0,1.0,0.33924530550589255,0.0,0.0,0.9894914274046533,0.0,0.0,2.0,0.01,14.439415674298777,1.0,6.859789434545258,2,1.0,0.0,0.0,False
12,1.0,5,8,5,0.0,6.116538313377014,0.30934058901580697,2.700806927006571,0.8188291897054758,8,1.0,7.8769350062156,4,0.027464396968472606,0.0,2,0.0,30.30097950530059,10315.99646600551,0.0,1.0,0.1820172688654773,0.0,0.0,1.0,6.323867188701795,0.0,6.589263838148959,0.01,15.077897706236934,36.94826557049778,23.709110277530772,10,1.0,2.894462509611594,5.039560409879488,False
2,3.074090550953465,1,0,0,13.51706288633047,14.346156422587935,0.5235372068741233,41.0790249125519,0.0,2,0.6057951228285314,6.5078923877114345,1,1.0,17.663689232525332,2,0.0,16.340893908886088,6054.837792383841,0.6500200104784634,1.0,0.2946240452988101,0.0,718.731480282644,0.9530683289940542,1.9997887438728124,0.0,8.536101757012966,0.7989078460970992,20.51378229870838,15.208583033153,19.493108318711833,18,12.725062408867535,33.15143511971503,37.766571945651634,True
0,1.0,1,0,0,0.0,6.116538313377014,0.9713911652613065,5.355353967369444,2.339019150154234,3,1.0,15.004627047832297,1,0.0,7.248624664824722,0,0.0,10.504911200941676,0.0,0.0,1.0,0.1571129781829023,0.0,0.0,0.9931584643514515,0.0,0.0,2.0,0.04873674574148501,4.294552829363335,14.9944660322443,7.051337024969069,6,1.0,0.16507570612680103,0.0,False
0,4.3921364085867705,4,3,1,5.575514168016014,4.626909847126697,0.6461066721932007,6.837579857183274,0.0,1,0.9268889964451157,11.62262879002594,8,0.0,5.747417660171358,2,11.214379845104844,11.614990740238323,0.0,0.0,16.37882106390988,0.47567251315707604,667.9282002045583,0.0,1.0,0.0,9.327663834795079,2.0,0.38167606055576647,17.454514767944474,254.29748011950184,5.890080467920507,10,1.0,0.06016830065797636,0.0,False
0,1.3885451215524631,24,0,21,0.0,5.191660954909889,0.5711302848353526,8.11751784464927,0.0,1,1.0,13.319937628084288,5,0.0,9.452764065488676,0,0.0,0.0,0.0,0.0,1.0,0.18103743588648688,0.0,0.0,1.0,0.0,0.0,2.0,0.01,0.0,1.0,0.38433649279625115,2,1.0,0.0,0.0,False
14,7.984913121830202,0,0,0,16.042610973869778,14.346156422587935,0.7743253708366403,16.28144620348124,0.0,1,0.9743671674964196,20.972175532502998,2,0.0013519491734993148,16.32110160445282,0,0.0,18.082677766730157,11045.805991096779,0.0,1.0,0.1758888444136213,0.0,471.7764393752939,1.0,0.0,54.90039197510786,2.0,0.146709552029589,79.52038941412015,16.295906601143834,22.09213402862685,53,1.0,3.186930325850334,6.499958644764062,False
0,12.611334497480975,0,0,0,3.1287115894686632,11.45399336184706,0.8309460372934878,3.398571862921764,0.0,2,1.0,1.0,7,0.6024419939740518,0.0,2,0.0,1.9176976666883965,13316.096539447783,0.18835524714274743,1.0,0.12404179294286437,0.0,0.0,0.5359492312650577,0.0,0.0,19.498062296691348,0.3264709201419549,32.124789196546566,1.0,35.5028055983897,3,1.0,1.3007096713978374,74.27077885702349,False
7,1.0,1,0,3,3.3913770028066192,6.116538313377014,0.6560878152536088,4.842445323407194,0.0,1,1.0,5.246440148460615,1,0.6226248361314755,9.646859852868033,0,9.027650360724813,19.94494264047308,22733.106041901145,0.0,1.0,0.1820172688654773,0.0,0.0,1.0,0.0,0.0,24.892620890021234,0.22698964021969315,159.7169926546967,1.0,15.24911408307587,12,1.0,2.3129788477716926,430.7031300362273,False
0,1.0,0,0,24,0.8924669804690541,3.87189184024364,0.7960233180800494,2.452899131391912,0.0,12,1.0,6.197447610406817,10,0.0,0.0,0,0.0,4.375351334003213,0.0,0.0,1.0,0.6590745701064759,0.0,0.0,0.9577065173072485,0.0,0.0,2.0,0.11463010268568218,18.41851362207855,1.0,15.271101142592165,5,1.0,0.0,0.0,False
11,25.451504499234176,5,2,0,10.153537162052508,36.87239007421861,0.5502149713780116,15.999623019233692,0.0,1,1.0,28.16475876911631,1,0.9604762586550206,104.09412313758666,4,0.0,15.990609179086624,2949.041862618425,0.0,1.0,0.6590745701064759,0.0,0.0,0.07796651868934978,0.0,8.569013506151514,10.952220544573894,0.637114869740373,61.91716874642019,83.45140376755201,12.29701627219941,8,1.0,1.996122637044779,56.87972257718411,False
0,8.702160149917786,2,5,1,11.879030791528093,34.64593185163385,0.6080094748576697,25.18673730815206,1.917225341162152,6,0.7888902977564618,71.15507345172804,1,0.47369567525988865,87.25823889739586,6,33.20534641020768,13.805826253410434,0.0,0.0,1.0,0.12911677711390496,0.0,0.0,0.991599615622662,0.0,0.0,8.93357403974491,0.18574107636085305,0.0,1.0,128.52271805451824,9,5.718495649693658,0.0,38.35125558617506,False
0,7.5380993511566174,6,5,1,2.8385985457957728,6.116538313377014,0.3648607791931569,56.7275309688563,0.0,31,1.0,19.72399468794333,5,0.17529101445327394,799.7175533551688,2,55.70256934240052,11.290460149163962,0.0,0.0,1.0,0.6590745701064759,0.0,0.0,1.0,0.0,0.2290828602206536,2.0,0.01,0.0,1.0,15.026069836135177,9,1.0,0.0,0.0,True
10,25.410485918420996,4,7,6,73.63514987640855,14.346156422587935,0.01,8.11751784464927,1.1995671255628313,2,1.0,22.323512446742207,3,0.6509661306241253,31.78250409232135,2,26.169157539343324,22.144977263284993,0.0,0.2073533147416373,7.455086310936508,0.12918911456499044,0.0,0.0,0.42941030656568113,0.0,0.0,21.45497651121716,0.14539954831722576,21.409458015428154,69.61602759708619,71.80975675319263,37,25.646031043263612,8.606525309994192,39.74527897310228,False
3,1.0,7,0,0,0.0,6.116538313377014,0.967455313124076,0.5499342651404993,1.7758433175657762,2,1.0,2.2722130597565053,1,0.0,0.0,2,0.0,13.166513395441648,0.0,0.0,1.0,0.1820172688654773,0.0,0.0,1.0,0.0,0.0,5.882534216625908,0.5036305586352265,4.9539434701556,1.0,15.326132932555671,9,1.0,1.944502901102338,0.0,True
0,1.0,0,3,0,0.0,6.116538313377014,0.6302851358526136,11.225168738747467,1.6849721387486445,7,1.0,1.0,1,0.334148575082347,25.0084043452976,2,3.894609994796909,5.085137797156906,236258.86385445282,0.0,1.0,0.1792722185755588,0.0,0.0,0.5834876042228749,0.0,0.0,2.0,0.34232250944237996,37.83671465244938,11.624083891882151,5.007441472990014,1,1.544352997240141,0.0,0.0,False
7,3.484927409746784,6,1,9,6.506848689555044,14.346156422587935,0.6741564150196223,4.325028791191656,1.8946058559027352,3,0.9538010258057665,29.113285727296226,4,0.6314425785302399,58.92628817894932,2,52.48740854033166,237.5984511738639,22498.642753230117,0.0,1.0,0.6590745701064759,0.0,0.0,1.0,0.0,20.922434943145053,4.742353868436856,0.01,125.43054715864784,85.83754170391299,13.87834138737506,3,19.8989735248787,0.5545994061895834,112.95628854903076,True
0,1.0,0,1,0,0.0,4.8329914557027704,1.0,3.0402144909710795,0.0,1,1.0,1.0,1,0.002277941181517926,1.2862589749527897,0,0.0,8.161140022193054,0.0,0.0,1.0,0.15042833708661144,0.0,0.0,1.0,0.893241027421452,0.0,2.158645615370543,0.3171391074423446,0.0,1.0,19.255898226509668,5,1.0,2.6648486653486367,0.0,False
6,13.077841872837123,5,2,4,0.0,12.097638894426009,0.43806372053085285,17.47693508736166,1.4859559519147063,2,0.7896132759182107,5.122394144357177,2,1.0,32.5687694276179,2,31.203819198678243,29.92102292775712,812.4107223986821,0.0,117.41350435006962,0.09836441272597407,0.0,2574.3375475436055,0.29727314688924633,12.013713515931865,0.0,35.97741192693223,0.01,113.16409104769538,150.39631284268035,25.25356525598151,19,60.14607846025283,47.7051555973039,225.59849219123558,False
0,1.0,0,0,0,1.6451287942583157,6.116538313377014,0.47149851949157795,0.0,1.9070399246064396,4,1.0,5.642438009783066,1,0.0017400700478188696,0.0,5,0.0,11.141242207565663,4617.690729657775,0.0,1.0,0.16546679036511322,0.0,0.0,1.0,0.0,0.0,2.0,0.09921670307607056,0.0,1.0,16.2905268676242,6,1.0,23.875882796771577,0.0,False
0,11.601766302402533,1,4,14,21.61732638071643,11.324325035756363,0.20893480942233877,7.492910027865115,0.0,2,0.6695461420920719,27.913005867705316,3,0.0,7.384230913155742,2,0.0,11.39905866990156,0.0,0.1891582814642488,1.0,0.09965170739774415,8271.772825388922,0.0,1.0,0.0,0.0,15.494073434530543,0.28273445476623393,0.0,1.0,17.359194973639898,17,1.0,0.5029539086869979,34.285690606728565,False
38,5.677183886003624,2,0,5,3.4633237667449595,34.64593185163385,0.15027093120337912,10.544464323723604,0.0,8,1.0,19.863325056310995,3,0.0,25.359322510110534,0,6.1349596507922435,77.37027906934881,14164.842637086658,0.23013669363190892,1.0,0.12400329371090664,0.0,1179.4197708032307,1.0,3.231677202113736,0.0,25.140195561833064,0.04260068172200206,58.87316590095092,171.986891972024,91.55553703529009,15,12.503815854214153,2.757464963838371,0.0,False
9,7.8132895670115765,5,7,28,10.243643574673014,36.92396834324674,0.67032106128294,14.60838774089007,1.7515233257927332,2,1.0,15.960147595861368,2,0.538508098228064,14.762285304856189,1,0.0,21.711523488022568,468318.21838475205,0.19841596004367681,1.0,0.1820172688654773,0.0,0.0,0.7646886785325727,5.553436095511084,194.0,40.05881850702174,0.16513794895011577,99.88384866075633,51.568343146254904,19.15470483626718,10,3.655400223458729,5.406517174999667,8.251353982508041,False
10,12.967055211157014,1,35,7,1.9330165350098665,32.016769438283546,0.3561443885658343,17.179973855349285,3.1352208273949853,5,1.0,20.891839475236882,3,0.0,38.15510024100362,3,3.960348805952197,10.97874674716158,0.0,0.12429160951619173,117.60984500306375,0.12127133829797815,0.0,0.0,0.12070878846742145,0.0,1.7611927232720122,27.460593075249022,0.01,70.82841124801648,297.16133333517905,11.488838163415846,11,5.247494248144327,50.076187290551815,13.439974105968144,False
0,13.555817347346505,1,3,24,5.030571907377008,1.145945451365317,0.5400661734690317,6.442650440246122,2.228452626698347,1,0.5630739787495591,10.265353728903712,7,0.0,21.300699630956764,2,30.371253233503133,5.570326155264594,0.0,0.0,1.0,0.05956530790167237,0.0,0.0,1.0,0.0,9.438804758305524,3.7014855448995476,0.035508572900173854,28.786932302915716,1.0,0.0,10,14.21940586296305,0.0,0.0,False
2,1.0,5,0,0,0.0,4.62260297328501,0.6741564150196223,0.0,1.9280758999244216,1,1.0,2.883847086900751,3,0.0,25.943867549391783,3,0.0,9.05484610791732,22044.672984946752,0.0,1.0,0.1820172688654773,0.0,44.30120676161326,1.0,0.6335283332386172,0.2646354020199133,5.803162901187816,0.3937755900002205,277.27482907463605,45.093605435525475,18.554038788555367,5,1.0,20.79868093977658,45.01481193677711,False
0,2.4827896161225462,3,6,17,5.529461152040815,6.116538313377014,0.2902759858169152,14.692161581793496,1.771233380651011,34,1.0,7.117211296730902,4,0.0,318.4705356472231,3,2.548465823543708,68.28181818081495,155916.84567851713,0.0,1.0,0.5331305446594664,0.0,0.0,1.0,0.0,0.0,3.628340795180339,0.1734171378488839,97.01216349353511,18.567839838993237,23.04394894432279,1,1.0,0.24172268011701364,15.262652053868884,False
4,31.51475731871374,2,2,34,29.786137180593013,8.847097092767816,0.2992457333193483,8.11751784464927,2.0036055437627596,18,0.5002895238547885,124.51442057897796,4,0.06977055527217474,201.9401688735334,5,71.2009299223132,20.862760756799627,0.0,0.0,845.834559157872,0.021859142689353413,1347.9528812524181,0.0,0.3208455373755954,0.0,18.41961668389419,2.4916547020542943,0.01,112.35819594918354,41.32197774930908,385.647241510315,19,81.1717662245325,0.0,0.0,True
0,1.0,0,2,1,0.0,6.116538313377014,0.5646176114015793,3.027396906355828,0.0,1,1.0,1.0,4,0.009019734061628067,0.7777255458894405,2,0.0,8.060749194643668,0.0,0.0,1.0,0.5331305446594664,0.0,0.0,1.0,0.0,0.0,2.0,0.01,0.0,1.0,4.497268263931918,1,1.0,0.8547035056499338,0.0,False
1,10.576549948757444,1,0,39,4.1971397395606775,6.116538313377014,0.8572068823280475,2.665811675840682,0.0,2,1.0,17.537238436262964,5,0.04177338418701093,6.575537956706004,0,0.0,58.27134101527365,220646.84322126882,0.0,1.0,0.1820172688654773,0.0,0.0,0.13784186163731782,0.0,0.0,17.81226469350469,2.0,124.44905850323032,1.0,19.809419175960006,10,1.0,3.8984531674615432,40.680126828487445,False
4,3.549903884894394,1,8,0,25.318264510857638,14.346156422587935,0.2964701530961567,20.893408008489924,1.1995671255628313,1,1.0,291.1760725444889,3,1.0,24.668972222203998,0,13.044101352328003,22.144977263284993,23247.123731681164,0.0,1.0,0.1820172688654773,0.0,1041.268674401149,0.9094567500795339,0.0,0.0,42.79773773670799,0.25548739397821285,110.23867582149484,133.09545063159047,31.157136490151107,17,1.0,0.7945794356206145,57.553300560548635,False
17,12.426353769026157,5,8,5,44.759521774808405,14.346156422587935,0.18064872314663355,56.7275309688563,1.1995671255628313,10,0.6976259152934161,36.717984749978754,3,0.9541844854672072,15.405573050259928,2,0.0,42.233733753673704,213267.74996855657,0.18316904092545194,1.0,0.1820172688654773,0.0,1721.3672465114319,0.05564064617710987,4.432113341388663,0.0,25.918737016683952,0.48484077745404336,60.91852891588285,109.05908276453968,73.28708155133566,46,16.593991275231673,4.2332235828462,64.88316361641179,False
8,35.20027243391513,2,13,4,33.680728741498555,77.95263191770673,0.6361801290498501,4.228260031307014,1.9362293616357997,8,0.5831163256807628,143.94737994898526,3,0.5159587287683369,30.43447654648377,2,30.403644831533956,22.171646703629833,82489.96289115016,0.1743234438056763,1.0,0.1282623657510178,0.0,0.0,0.9977169280421804,0.0,0.0,15.475055108499264,0.01,4.738342238943048,10.583247666431859,4.666447956626104,68,2.519398932708688,15.583578307309953,22.19494519162298,True
2,1.0,0,2,10,2.654284093699926,6.116538313377014,0.3624464847037246,1.7631099946063509,1.7515233257927332,3,0.6081942710815035,1.0,1,0.0,1.6495833353307816,0,0.0,11.041972848973966,415.5651323027296,0.0,1.0,0.1820172688654773,0.0,955.5114874993272,1.0,0.29957671416891485,0.14163440307452424,28.390299194345804,0.1422680551460502,1.6373750598477947,293.29427186346703,17.133240989121916,10,1.0,4.416985300610838,30.308624140030926,False
11,1.0,0,1,0,22.456597712027556,6.116538313377014,0.5647985431787123,1.1074258317214203,1.7515233257927332,18,0.5214682615171568,8.38635649009378,3,0.030052557081030874,9.026626770372815,2,148.5280470544277,7.4081968278191725,40218.14197747895,0.20146119827617592,1.0,0.1820172688654773,0.0,1574.4861839893392,0.9818129546997895,3.5427323184510913,3.009210202383141,30.294599615689883,0.16480631834309478,79.05410263670449,124.340504964268,25.675764156268368,12,13.503519333926906,5.406517174999667,254.33730818161595,True
21,53.52648520964006,3,5,17,198.6577971293313,14.346156422587935,0.19100188249721256,16.546333302699953,1.7848079720720729,5,0.7012076164169735,86.0389809958173,8,0.3190605402479214,53.96133649612355,0,12.877511344612678,42.233733753673704,3850.108701689319,0.18903653898978018,1.0,0.16953485630150578,0.0,0.0,0.26101918205664326,0.0,2.326002095027148,12.989207229354912,0.8094121341065755,204.32304244639573,1.0,190.32219937365556,23,8.528492385917215,0.9421851370149591,50.13161283442891,True
16,4.437848258939454,4,0,29,11.041026816921711,14.164144662983109,0.9020445178144992,15.921554682314525,1.56469097706802,2,0.5794904149860574,32.27083016253145,3,0.0,65.80493120602863,0,40.33827877770692,25.764548420048005,566985.6919841196,0.02258737490299606,1.0,0.0900834114363093,278.90727822535837,197.51633445614286,0.5519269894371922,1.3399401920254868,15.529486238315377,13.555626222392323,0.15267462924842384,171.85780491940048,149.93300503333066,9.576030025369496,11,88.3978124102942,0.0,29.78834626715966,False
0,43.72464377196201,1,15,19,10.694191060102963,4.471781136945125,0.24379851397971547,4.145862232355775,1.7606387021618302,2,1.0,18.072065217295567,34,0.013647764106902738,25.757040490345176,0,1.312106342770015,5.77774464003033,0.0,0.958440291518368,1.0,0.083990480413649,68.06427409430094,0.0,1.0,0.0,0.0,2.0,0.14407999919567205,69.47776696647561,1.0,14.872405625879527,12,1.0,0.0,4.779374364659456,False
0,1.0,1,0,8,6.013826752863569,6.116538313377014,0.5527485103498512,6.175371092820087,2.063136320445298,1,1.0,18.66316335685332,13,0.0,18.258529370069816,0,19.403535226115714,0.0,0.0,0.0,1.0,0.17439121259710577,0.0,0.0,1.0,0.0,2.8396232636707914,2.0,0.01,22.453302284761282,1.0,3.1838541460506207,1,36.06567905498271,0.0,0.0,False
0,151.22037749215,4,0,20,20.032335420016484,6.116538313377014,0.25929325427022576,4.878829147171295,2.008733262183975,3,1.0,9.069399745205878,5,0.0,48.293244518773975,2,29.330277938924933,0.0,119838.72613866498,0.0,1.0,0.09851491572922691,182.7510541279525,0.0,1.0,0.0,2.8759698975499886,2.0,0.01,56.41982622949303,1.0,7.079422005824865,8,18.696761684265358,1.4424710276202026,0.0,False
0,2.308426986109239,0,0,12,43.011676503839396,34.64593185163385,1.0,8.11751784464927,1.7515233257927332,5,1.0,19.925896021926025,4,0.0184032566016587,51.74242695345387,2,0.0,14.643827529289053,379284.18603580614,0.0,1.0,0.16544111442357118,0.0,0.0,0.987597141480419,0.7195140696099847,0.0,2.0,1.076185289510258,30.61026220106742,1.0,27.51211925134398,10,1.0,1.7113641539310736,7.233819053206721,True
17,28.657946807601192,0,15,0,19.233220414710367,36.87239007421861,1.0,15.65735027665254,0.0,1,1.0,10.88492013905319,4,1.0,0.0,5,0.0,74.59102692592748,387867.57090383465,0.2927352541936208,1.0,0.6590745701064759,0.0,0.0,0.02,2.6569606392644864,0.0,28.20552286519279,0.7950409329044221,1150.5295836813755,1.0,31.157136490151107,19,1.0,90.87241880127122,64.52493497595847,False
11,2.7801658066991464,0,0,2,5.556468194609372,5.764774292150708,0.4747190314578739,6.061416071609967,0.0,3,1.0,12.06468279019613,2,0.011007382084015459,16.199284200490595,0,0.0,15.36219921215045,9545.49775934747,0.022197427977367984,1.0,0.18104813786555157,0.0,87.0058049861658,1.0,0.0,0.0,10.353854776048253,0.19652220350076302,28.833705870827288,1.0,21.38434954983778,3,1.0,2.6266004730808787,9.789893090378424,False
1,1.0,2,2,23,0.0,11.622673483982219,1.0,4.186931341371881,0.0,1,1.0,14.833978025327532,1,0.0024019766710813794,14.141861954941266,0,0.0,7.8219773546460045,18993.73018942917,0.0,1.0,0.17776087965708343,38177.897771145406,0.0,1.0,0.0,0.0,2.0,0.05190291565274794,11.513523708556926,16.741054673875045,20.455836587699956,8,45.8858125369225,2.8467158693538437,0.0,False
0,3.7257316272158096,2,4,0,6.734865209674413,5.140118256827532,0.6212466888348175,10.56058089053005,0.0,18,1.0,5.796527079553133,4,0.202481049053304,1.185549685897314,0,0.0,18.065033664859996,1575.3502860169347,0.0,1.0,0.4486247643001036,0.0,0.0,0.15739984007970592,0.0,0.0,4.7105793890862415,0.29717521979151984,17.18420954091073,173.6978407419351,38.16567480906125,15,11.898666473057945,0.0,0.0,False
12,13.121669734029469,1,7,13,16.210047556979507,14.346156422587935,0.5160264651050985,35.734925517573835,1.4518796979502402,1,0.6004104194854394,85.53759033854195,3,0.04254177916839572,87.1548184118213,2,7.18995871417097,81.54223066119114,11261.24526824578,0.0,1.0,0.13481871522173056,716.2807811743378,691.0932028656689,0.9493700349868771,4.523981732564327,0.0,88.64786011943386,0.48222789029915303,41.36435502330622,36.32536481882418,50.275020909307045,8,1.0,19.54149924512273,48.53932720554866,False
22,21.321717866225022,8,3,3,25.370378812169875,90.15292957204908,0.3189937449983678,108.08319080544095,1.1995671255628313,8,0.8623653010073393,32.186332369156084,4,0.0,18.180476372875084,3,45.73548635986655,74.59102692592748,170825.30308527756,0.0,1.0,0.13507338268651095,0.0,1330.2271222516902,0.4093198696181531,3.217638811416089,1.690768043422744,30.29717205941582,0.2853573645980925,96.31890666572916,149.4127932828278,53.61786463765074,18,56.954996430937136,48.44147782000445,49.009275618133486,False
0,40.188913029120606,1,1,9,41.74386941498683,5.6401139431594585,0.4878989220144669,13.081345166281118,0.0,7,0.35344302231832087,110.75469769984696,11,0.15414280381899614,16.4174223758407,2,58.18950029875415,2.822370032346628,0.0,0.0,1.0,0.09288789881503196,0.0,0.0,1.0,0.0,2.10429126110436,2.0,0.01,154.7485702871598,1.0,26.756878957991695,12,1.0,0.0,4.602097077977774,True
6,32.592701502799095,7,1,6,18.747657343750003,14.346156422587935,0.4855705178683254,28.621880856326978,1.1995671255628313,6,1.0,17.69826978764112,5,0.016810263802695513,50.07946625218891,4,3.6928047320597734,10.879773047504605,0.0,0.00021812998786452376,1.0,0.10669353255045272,0.0,0.0,0.4679149867987501,0.0,2.25162074092945,25.58839684759133,0.8556408280357928,64.33560864963289,1.0,35.77180888578033,14,1.0,0.0,34.79723529123343,False
35,10.839251545704952,0,14,0,14.90321086916243,14.346156422587935,0.6938184128552622,21.31078552124563,1.1995671255628313,1,0.976349759727076,22.686726094718246,1,0.9234590738231003,42.32510535903856,0,41.46621424876929,81.54223066119114,774161.9017791749,0.6154862780621884,1.0,0.1820172688654773,0.0,2140.1510123512744,0.2576910384111271,5.959079672734067,0.0,50.29107049747813,0.42070728341384656,94.07506504774636,221.6897510965699,27.429494730618835,24,23.508754125874177,5.406517174999667,72.13603645343844,False
7,5.742305492361131,0,10,15,14.039242671585615,11.53693897538556,0.31071927441477976,4.061144842365935,2.038000116620804,1,1.0,11.193566520196985,7,0.9966274799802057,33.578328331128645,2,0.0,33.713295621724825,2882.1777605832426,1.6290874170900937,52.530322496958476,0.11307851089275421,0.0,0.0,0.5105216220539999,2.4665287408798804,0.0,23.370683992725052,0.09605745043446808,0.0,62.401200314133085,49.58141218836795,19,11.718922635024308,2.934978346546448,30.04027387148859,False
0,106.76091087750298,0,0,42,6.386889972578448,4.488466850500027,1.0,7.054087181333402,2.026285003627324,6,0.7207661307985573,19.64020722536757,5,0.0,133.21950356940653,0,28.374517782600766,1.5148576899831712,0.0,0.0,13.01792017842261,0.4918050601688036,1123.7235424281282,0.0,0.9447287838612461,0.0,12.689452517773939,2.0,0.01,39.23642610282121,1.0,9.473319150670381,15,12.804584745526634,0.0,2.2184363431807634,False
16,1.0,4,0,0,0.34000858597796135,4.906750427984089,0.4831758657990105,13.553414527500124,1.7701507704313486,1,1.0,5.391588684412583,5,0.286891812959108,0.0,2,0.0,10.643746461531748,3898.721580099809,0.0,1.0,0.1820172688654773,0.0,0.0,0.9965106599513244,0.02311469071673944,0.6189805709435995,181.78357513488646,0.17455684650214703,2.187987414494934,1.0,34.14639182513508,8,12.280110606245714,4.15755156823531,18.6050378214619,True
5,1.0,7,6,36,33.70930397978415,6.116538313377014,0.47188319362554854,3.442778794105018,1.8569959089384198,3,0.8175020497343679,22.491803050586284,4,0.0,98.69252176058558,2,56.06081744417926,32.17202476848664,7956.28667170223,0.10717400820822356,1.0,0.1303319875707197,0.0,0.0,1.0,0.0,10.684223870339629,8.195206860903465,0.01,145.18547682785464,186.9384962221307,74.3850459095087,15,33.29987902287758,2.0956383283454736,21.36729213762703,False
0,1.5978296957850295,0,0,4,7.480623670796244,4.926488345801255,1.0,2.9980964345037986,1.6349521027765481,1,1.0,9.186022613679977,4,0.7080762265320014,30.522472677923282,3,15.361591511839737,10.325930649760425,23164.567259116146,0.0,1.0,0.46018686538530207,0.0,371.2502615503404,0.45828113101118795,1.6428094789974157,0.0,2.0,0.2810376397994413,47.35274630593974,58.35505979635232,16.602242277098185,7,1.0,2.9407448580854183,87.94217088402793,False
0,2.9501559409809395,18,19,9,1.078583509026024,13.721561989385503,0.3598265639613133,7.8017992945926125,0.0,1,1.0,23.88391392827299,1,0.04178280247503202,8.128241027257653,2,0.0,3.1911030376061054,0.0,0.0,1.0,0.1820172688654773,0.0,0.0,1.0,0.0,0.0,2.0,0.13315853554473067,4.721524912615525,1.0,12.497480821912891,9,1.0,0.0,0.0,False
6,14.346982909616157,1,5,17,40.85629857055498,14.346156422587935,0.33493256662385684,154.0,2.089595728268067,11,1.0,54.653415372767256,1,1.0,817.0,2,62.57307927048825,16.812373539923627,6771.115480048687,0.0,1.0,2.0,256.63690276922455,0.0,0.9272379820089034,0.0,1.9757421812728708,11.282126373821,0.4060477992866133,98.94354872025599,1.0,63.281633258723915,13,34.629276294013856,0.23303879932708804,0.0,True
3,1.0,7,0,7,17.774035764633684,4.077159146038047,0.2054069253537061,49.85940100369043,0.0,3,1.0,10.182778839525197,8,0.0,40.4848690332382,1,43.66211104479337,60.992052535201495,0.0,0.07102670966393537,22.630189635019672,0.1952304472994376,0.0,0.0,1.0,0.0,24.481485602842568,2.0,0.01,50.362685147501615,1.0,125.48637484881334,21,2.030171397545587,0.7835021697875266,0.0,True
0,1.0,1,0,21,0.0,4.724297002690955,0.4271012987495779,1.3564761717489358,2.049287092621302,1,1.0,4.045020372626579,3,0.013301766859524156,61.5050397848639,7,31.002033486168067,1.1372984234556816,8820.725308076171,0.0,1.0,0.14437887826629042,0.0,0.0,1.0,0.0,2.4657107488297756,2.0,0.01,31.792556858885405,1.0,0.0,1,5.91957112308021,4.102641981570457,4.9075226981168765,False
0,1.0,0,0,0,0.0,6.116538313377014,0.583471231360277,2.5472790452514493,0.0,1,1.0,4.824580200762705,1,1.0,0.0,1,0.0,12.24012787504268,6320.800727312344,0.0,1.0,0.1820172688654773,0.0,0.0,1.0,0.0,0.0,3.1991648340820755,0.23753143048882072,0.0,1.0,17.553956304074447,10,1.0,3.5327296690051404,5.040097744389002,False
0,32.33069798701932,4,0,33,4.711936858966066,11.44325689399472,0.4639699427370061,8.11751784464927,1.918063649019845,1,0.9468503324540644,194.9587633435958,34,0.0,111.90744968227094,3,28.031828501355136,34.02635253938434,0.0,0.0,54.365673395120446,0.03000241839007045,2336.4658462176503,0.0,0.25273627921422187,0.0,18.864730744762024,47.4309900060544,0.01,46.967662977168125,50.54341500367941,6.293068766248321,7,20.24426608257101,0.0,0.0,True
0,19.479583482809577,7,1,32,26.9616399725575,19.45542730203736,0.13194939002153477,56.40503525651797,2.333089528051617,24,1.0,50.5211655618599,3,0.0,18.000462079965743,3,952.7980279501653,35.871165039866206,0.0,0.0,63.84975546965677,0.0630846106853081,3903.535613974883,0.0,0.20074304161213236,0.0,4.477450626779683,8.118220723202468,0.05497542741807904,8.828508419723914,1.0,13.335214982668393,14,1.0,0.0,0.0,False
0,7.965815225852417,7,3,22,11.47643333206737,70.04207320108053,0.17559059999049093,8.11751784464927,1.9788760520930326,4,1.0,25.917996400134395,15,0.0,150.76986397990794,2,7.126637875085676,7.276941920810568,0.0,0.0,1.0,0.13789813262573297,0.0,0.0,0.9975299016867503,0.0,15.714916079754872,2.0,0.01,31.579386992129727,1.0,7.879662143375045,32,17.887151633289562,0.0,0.0,True
21,22.681983009211542,3,6,6,23.26849999785543,14.126423475484899,0.13346965899586932,15.171166798304725,1.636877861246608,5,1.0,39.56368970596142,8,1.0,36.22166018918027,2,58.66782278290143,40.890763087745704,33239.8479294869,0.20699696470313683,1.0,0.26567089510764086,0.0,1700.9731128178223,0.8441355562878837,1.8180432249771628,0.0,40.82569085800092,0.0863966047148651,60.59374377925739,96.48921198157007,149.17673284865893,14,29.363625591021886,72.46222771079134,33.90286752919424,False
0,1.0,1,0,0,0.0,6.116538313377014,0.6506901046738445,7.8428267103028055,0.0,1,1.0,14.409468279651648,1,0.009010115513616839,1.601661844963112,1,0.0,11.664342391598243,0.0,0.0,1.0,0.6590745701064759,0.0,0.0,1.0,0.0,0.0,2.0,0.01,7.664459410409066,1.0,6.602816511620094,8,1.0,2.4702096875682473,0.0,False
0,1.0,2,2,38,3.304845969480463,2.7958942400752935,0.3472805402627301,8.11751784464927,1.7744084115687262,1,1.0,1.0,8,0.0,14.016224762971376,3,4.551344346760388,0.0,0.0,0.0,1.0,0.1624145316185452,9337.013051174736,0.0,1.0,0.0,0.3660556095963883,2.0,0.1086893635010126,0.4306132984152171,1.0,4.205816119955996,7,1.0,0.0,0.0,False
9,10.863214461301606,15,2,1,8.970128211668422,11.80382930985263,0.23089291019765742,11.131870498628889,1.7515233257927332,1,1.0,45.458893023458124,9,0.8987764706394388,42.25910629573329,5,14.476820184617791,22.288296473918496,3161.604998538292,0.0,1.0,0.12774170492728903,0.0,776.5806524276513,0.9536470772615561,0.0,5.795288426956984,8.71009587065543,0.06148320160221729,65.8534193989209,1.0,42.56295544618881,13,1.0,11.199028049233153,34.93013416115426,False
0,4.40624250212216,4,0,0,5.1325271087255535,2.570759311721308,1.0,3.939772622123558,0.11356986483084215,4,1.0,5.520652638706182,3,0.0,13.966483668995247,1,20.820474699469294,8.613776234722232,0.0,0.003987110781122599,1.0,0.4648829715011088,0.0,0.0,1.0,0.0,3.774786835523148,2.0,0.17636864406210434,15.588809360150613,12.437188375059987,15.550810106853174,8,2.655608798349359,14.021698569921625,0.0,False
2,6.857054214642199,2,5,6,0.0,6.116538313377014,0.43783319900234663,8.11751784464927,1.8640537992692998,3,1.0,147.35640863841044,4,0.3725943647503359,107.08676598018639,4,6.852643790315719,194.259649700097,0.0,0.0,1.0,0.16834405193549362,0.0,0.0,1.0,0.0,0.6965079939237003,15.057236974785367,0.01,42.64209223834551,16.653473812853914,18.943541662704824,7,7.308137721371537,29.6922182807764,0.0,False
11,13.175901226562583,6,6,24,33.728123516041684,5.703788637891725,0.4669290240038191,45.45308830589619,1.7634908993433023,3,0.6475506129766069,16.46418262889519,10,0.6207116557647585,46.04498111894874,1,38.14114607141284,14.158473447799048,271130.7086279059,0.0,1.0,0.12130066964800731,0.0,0.0,0.9808924678373564,2.879904202999761,1.1727636620545345,22.035312136851765,0.20087672816634297,22.42291063771963,7.892015121317385,172.92144578829405,68,12.543528040995668,0.0,6.892374307931039,False
1,1.0,6,5,4,0.0,6.116538313377014,0.45023309481061846,6.738549435901424,1.6699742567256572,1,1.0,13.093065530123647,1,0.034403511391810304,9.668457253245585,0,0.0,31.67802619302628,0.0,0.0,1.0,0.1820172688654773,0.0,0.0,0.17391377521175727,0.1287304694648541,0.0,14.870572107188032,0.4310254307843908,49.14703492312466,43.19576258937725,18.6637155170341,10,1.0,3.08309045669158,0.0,False
1,5.943285168308351,1,23,21,70.44398851235388,17.386971971911226,0.35478221751319355,5.432315801113654,1.2318988090311656,1,1.0,10.300661661046504,4,0.009573813575730318,28.57680988935497,1,1.3342997604111844,9.858733629036026,0.0,0.0,1.0,0.5207976986080294,0.0,0.0,0.9586342104472447,0.0,0.0,2.0,0.255896239220065,32.1455575937136,1.0,17.168273427787824,14,1.0,0.0,0.18326369738508674,True
0,3.3247700270473404,1,9,11,1.3986958886185266,5.9874809047260795,0.5216655603915157,4.558139472178819,0.0,4,1.0,9.38064236664681,1,0.0,59.92515951364879,1,5.514970341398289,6.509453107981201,0.0,0.0,1.0,0.14105671384606797,0.0,0.0,1.0,0.0,0.0,7.742417410589239,0.07983175577202731,2.0262754494852153,1.0,6.3794335191107,18,1.0,0.7038223610818937,1.929063259795086,False
0,5.294854034191731,0,3,10,10.509899215815746,19.52075746933468,0.6182499757055785,28.621880856326978,0.0,1,1.0,19.404864155785223,4,0.5810317700796597,0.0,3,13.835384276252412,1.6356165878554831,0.0,0.0,1.0,0.43795454550556495,0.0,0.0,1.0,0.0,0.0,2.0,0.01,7.4589095346645315,1.0,5.338077860294369,11,1.0,0.0,0.0,False
4,1.0,0,0,0,4.1913322501774655,6.116538313377014,0.26208588082657125,0.0,1.7515233257927332,1,1.0,1.0,2,0.048385972529110845,0.0,1,0.0,11.404943779709773,22739.87462035956,0.0,1.0,0.1820172688654773,0.0,0.0,1.0,0.0,0.0,3.9311703449327884,0.5722891795398382,0.0,31.687333238258773,27.98947255812817,1,1.0,4.633108556912052,16.094352120918852,False
8,10.214581142654866,4,29,4,64.90844940956927,14.19755344703945,0.12035474108635008,24.04755860719902,1.1995671255628313,1,1.0,103.73619779962704,15,0.014971136738103134,13.074247342907832,2,4.006696920002824,151.69563635697824,361442.90724705934,0.0,1.0,0.1611119143258577,0.0,0.0,0.44160313222414954,0.0,4.911128729987443,16.413509575981735,0.6246213978343358,35.08323778930001,1.0,27.375221944533127,19,2.7681425924697436,2.1264900904561634,26.93105379724255,False
0,4.658742846952333,1,0,24,0.10327602197115571,5.4316283815014375,0.47793651736115483,53.83313881991383,0.0,1,1.0,22.078783760042,1,0.0,11.137318234142935,1,0.0,7.987797691575082,3844.577440903374,0.0,1.0,0.12457292085997192,0.0,0.0,1.0,0.0,0.0,2.0,0.12767213952745327,0.0,1.0,27.78537668264372,4,1.0,0.0,0.0,False
0,6.054865305957753,2,1,0,22.495768269486554,6.116538313377014,0.3664654032580308,7.431453694051754,0.0,3,1.0,14.036440286579342,1,0.0,14.636950944387461,0,0.0,8.70807887737445,0.0,0.0004997497360511027,1.0,0.12470407515484716,0.0,0.0,1.0,0.0,0.3731656952070215,2.0,0.15944399435750178,2.823260448132329,1.0,13.873734581268192,3,24.84272522963004,0.0,0.0,False
0,1.0,1,1,0,0.0,3.7453454803335235,0.5418521352359651,4.425518478180472,0.0,1,1.0,5.421160949378715,3,0.0,6.080166575993799,0,0.0,1.3257070796067145,0.0,0.0,1.0,0.14329096117088863,0.0,0.0,1.0,0.0,0.0,2.0,0.02797546860367435,3.834315263794778,1.0,77.18531845509645,7,1.0,0.0,0.0,False
10,13.217635622141644,4,0,0,11.10699220174191,6.116538313377014,0.46722730354258357,5.244517926159376,0.0,3,0.8185338080378879,18.245735795456838,2,0.6842616274901363,86.0396267309326,1,79.25243129470564,21.509728780039083,11252.171605314355,0.0,1.0,0.08263166121547202,0.0,180.54997425179496,0.48827641419466894,0.08471654247907612,0.0,22.02364879218242,0.28352118483533373,53.53596267728115,250.9614650425929,49.82132917545577,14,19.475538033951093,21.222040660189684,9.258838927863897,True
1,1.0,1,0,0,1.9492703845487764,5.5894575712550845,0.6571906572710267,1.8400604528932978,0.0,1,1.0,9.385433288389223,24,0.0013023939286667017,0.0,2,0.969761536523361,16.499491103757194,2658.8698427711065,0.0,1.0,0.15634375692222702,0.0,0.0,0.9815925323718048,0.0,0.0,2.0,0.1677933907479336,0.0,1.0,77.84884600363468,1,1.0,2.8876834158364386,0.0,False
1,3.0784434949059554,0,2,5,0.0,34.64593185163385,0.5226846900330177,3.8711981585684345,1.9192296101992685,6,1.0,143.33460227367468,9,0.39807938620056665,8.196579298002053,0,0.0,9.384808964102412,0.0,0.0,1.0,0.1820172688654773,0.0,0.0,1.0,0.0,0.0,2.0,0.01,7.025583926222941,1.0,12.020807010677746,8,1.0,0.0,0.0,True
15,19.389507925884573,4,8,21,104.59266042060696,36.87239007421861,0.6154019281313365,1.3004711875715913,1.7515233257927332,2,1.0,15.279424016366224,25,1.0,0.0,0,0.0,281.13,448939.2895037376,0.34357676239266394,1.0,0.1820172688654773,0.0,806.0949269291116,0.45701420434244366,1.5797928355903128,0.0,14.67087032515575,0.1644926680409985,72.12786210513411,148.9166855511853,60.89429024197117,17,1.0,63.49706632521787,42.908794362365875,False
0,1.0,0,2,0,24.958349990661493,4.424630071811527,0.6394242034770764,0.0,0.0,4,0.6632600953623884,3.0353414818247124,1,0.015480903311097322,0.0,2,0.0,17.68792724302999,17760.69434929888,0.0,1.0,0.15050615031024994,0.0,0.0,0.48681091941601956,0.0,0.0,111.24258028850181,0.7920042623346777,0.0,70.7153195565112,22.15657719942014,12,1.0,0.46765465044327903,2.9970739277619325,False
0,25.92314725943975,3,7,12,45.33531136199274,118.0,0.3590896591435023,18.362508589994867,1.1995671255628313,3,1.0,56.93163078922427,5,0.7885377106658789,55.40394521926097,2,4.06853337686492,42.233733753673704,0.0,0.5433916857142953,1.0,0.14941146557102258,3068.440698913334,0.0,0.922754734275983,1.1286153845542413,10.090429966015865,32.21937304159758,0.2619685309966244,102.73730768664177,82.1190481761968,31.157136490151107,50,1.0,9.84501720978913,59.325810173344436,True
0,1.0,0,0,0,4.017698788636784,3.4714348675256077,0.46879266005995657,2.315252189769445,0.0,2,1.0,45.43336514566022,1,0.01560741040772522,0.0,4,0.0,11.662050099224615,0.0,0.0,1.0,0.140901483768386,0.0,0.0,1.0,0.0,0.0,2.0,0.05772511488115288,4.441858524858251,1.0,27.511688970976635,10,1.0,1.4728935088169461,0.0,False
0,1.7226685328198887,1,5,1,4.417271594668005,6.116538313377014,0.34210322355498746,2.7225103974445926,1.7515233257927332,1,0.7207661307985573,6.960205295271808,1,0.03799206638394002,13.745018580723247,2,0.0,9.999722708827768,14895.948015270464,0.0,1.0,0.1820172688654773,0.0,0.0,1.0,0.0,0.0,2.0,0.13375059480948093,12.70593219067645,7.8452270591169935,24.58842295132957,4,2.6341173701066083,73.74246470186586,0.03808402890443752,False
4,19.65877707723222,4,6,11,23.03084523936974,118.0,0.8429959081928695,31.602538493557425,1.6159254662691342,7,1.0,9.517754680484945,3,0.04702235284145067,31.25541964634235,2,0.0,38.75573699419141,561883.017970517,0.022031895210447905,1.0,0.1820172688654773,0.0,0.0,0.5403354980671089,0.0,2.850219908885709,14.218225814767873,0.41141628626055743,163.80901978936834,20.079053513755525,19.500392350644695,6,1.0,0.8038926905382126,50.8409054841231,True
0,13.200016706586046,2,10,18,1.1800504314659719,5.445230908017024,0.15422202048827302,43.470311973002204,1.3662265588943068,1,0.8493902133629616,13.952988577508272,3,0.014758952175823889,109.12747705639238,1,12.61297192738958,14.273304196904295,85887.21451171288,0.0,1.0,0.1418824104338515,0.0,81.70940481986838,0.9276355320075047,0.2638896627117244,0.0,14.321040273116225,0.41312217348456115,31.972237801307344,88.46091551212771,0.0,11,1.0,0.6989596999582853,0.0,False
3,114.55796059166808,4,7,7,12.227866266375166,3.5906031507169907,0.38064680390987704,6.073143917486769,1.8267494183379438,1,0.7497010668112745,18.50828517344994,8,0.9655240418522635,11.731168515953305,1,0.0,63.507745296731336,67869.69104033796,0.0,50.004860967087154,0.35140945639102494,0.0,64.49806085985313,0.48644277684496673,1.9903331398094595,0.0,2.0,0.18612598383939993,0.0,1.0886763404813422,25.550901336998766,15,1.0,13.153606194790756,9.585319288910497,False
0,2.7267646681907434,0,0,17,27.4692229259285,22.740177196073198,0.9613009866037294,14.566600881141401,0.9746209633595939,1,1.0,14.446414033768527,1,0.0,24.13637242014432,1,5.443554144334794,31.783299398888065,0.0,0.5083103343337452,1.0,0.05965824154727108,409.59660138416257,0.0,0.5101915936159751,0.0,0.0,2.0,0.020500680797176,144.11805614262082,1.0,11.232682372306304,21,19.57714380709466,13.462054254374255,0.0,False
1,39.070789709141636,2,0,7,376.16071503879544,6.116538313377014,0.3348431618172061,7.113976408100464,0.0,3,0.6621680862822604,10.171582423331028,1,0.017433642809575912,0.0,3,0.0,22.144977263284993,20599.857340653078,0.08269775331074382,1.0,0.1820172688654773,0.0,395.65214244773335,0.9636261901965123,0.0,0.10868822145873702,12.851443749093967,0.18693366354896174,70.11126349134166,1.0,186.0155452083447,15,1.0,5.406517174999667,32.094662152648,True
6,8.25499614110572,5,0,20,19.68363367296021,6.6902234612125895,0.512756643750794,18.362508589994867,1.9675503877248113,1,0.39376741007463084,33.873330313118245,4,0.07659257171773858,17.127457873598924,1,45.28463321544143,20.39315636312809,0.0,0.19052837192559774,165.38970147799637,0.06173424094916876,297.09885385375276,112.92648383346958,0.22720127865258902,4.847120424058158,10.409991641304401,20.616430886724693,0.18836689866484044,171.87689176177003,72.1688306975617,80.49942580159725,18,52.63311932043011,17.35997555663656,18.217497520864125,False
0,5.236091612104295,1,0,9,1.4842966213595876,6.116538313377014,1.0,4.3616922407333965,0.0,1,1.0,1.0,4,0.011973294100522945,0.0,2,0.0,15.465365467777316,0.0,0.0,1.0,0.1820172688654773,0.0,0.0,1.0,0.0,0.0,2.0,0.1871402471954554,22.42351870028467,1.0,85.31507475658488,13,1.0,1.2498612138238046,0.0,False
4,1.0,4,8,22,0.0,6.116538313377014,0.45481796251082074,15.999480620102714,0.046690430873630895,4,1.0,9.79855516338717,1,0.002320541943056616,10.437515507226786,2,0.0,9.804036258297849,14530.168249117953,0.0,1.0,0.1476879991907667,0.0,0.0,0.5791654270732789,7.1871456987112765,0.0,2.0,0.2013859652752245,26.617384500591534,1.0,16.962111003893146,17,1.0,25.6551123847779,0.0,False
1,63.392151367232465,7,4,0,8.381373976023298,14.346156422587935,0.28906328389782765,28.709802320684783,1.7515233257927332,5,1.0,24.165953279224876,4,1.0,48.67721477776046,3,111.1639480229836,81.54223066119114,225040.26052197756,0.04399697040525968,1.0,0.17218307496740404,2580.6921839510915,477.96497711190705,0.8102572716887235,8.401437041400374,3.9661160535461,19.077671719251516,2.0,70.2507097813332,155.98896400903055,20.81399822390709,28,128.98506830017536,37.655595472762506,55.0340252473012,False
7,3.236467046473546,0,2,18,22.38024881921388,14.247849079217826,0.5099842378200603,0.5305231247333644,1.765799830974855,2,1.0,30.712004454178427,3,0.4442738214556054,8.60654699767554,1,0.0,35.89760672894462,35162.48215240558,0.3024201595574239,1.0,0.1820172688654773,0.0,2014.1667339735538,0.8857460798279027,0.6205307688481339,0.0,25.574218171286233,0.14567006182097003,114.3369555953056,85.36746654139405,149.38415793524814,19,10.211677327701867,79.03941263357073,67.12565376363605,False
0,12.460239674751486,8,2,22,29.235584295015258,18.295935361116246,0.6340663487912049,154.0,2.0192159377313312,4,1.0,43.51883855902794,5,0.0,40.31464234702108,3,171.09724416340657,21.556167764662522,15753.904892897706,0.0,21.94786938113418,0.06329856310199215,44009.06658428774,0.0,1.0,0.0,11.52919884914674,3.8091615121711957,0.3812073086175817,109.3350513083785,1.0,31.471171340867237,18,67.16630869325414,0.0,0.0,True
9,9.976859069306599,0,3,15,23.956216589677382,6.116538313377014,0.23364370035069693,30.242561333618955,0.0,1,1.0,406.5882034500713,4,0.0,55.52760604833678,2,38.36857757181875,14.301384310666478,0.0,0.0,1.0,0.1088919965090591,0.0,159.79709867260624,0.9828503620191186,0.0,0.0,2.0,0.08714011926122506,0.0,1.0,85.30641222800998,12,67.97604929565894,0.0,16.94209460939711,False
0,1.0,1,1,0,6.677474495507655,2.7939485436810445,0.6448870440987937,7.035034543222546,0.0,1,1.0,18.82943855328112,5,0.3288881638760056,3.0726382422205747,0,1.0886394285649317,11.57834493803509,0.0,0.0,1.0,0.06643126927846536,243.00841792527254,0.0,1.0,0.0,0.0,2.0,0.26640022099078214,0.0,1.0,17.642589114856005,6,1.0,0.0,0.0,False
10,21.790890614099467,0,2,16,13.97908830225558,3.9063870388209985,0.2260292707336183,4.583261893926024,1.1995671255628313,2,1.0,13.132155489391057,4,1.0,2.8669223546429548,2,0.0,19.123071617868483,0.0,0.0,1.0,0.9930726693558465,0.0,0.0,0.9538669294055904,0.0,0.0,17.78604214523189,0.182200087826631,0.0,1.0,17.463900093091624,18,1.0,0.0,7.270906153918547,False
4,2.798411623864384,0,1,36,0.0,34.64593185163385,0.6006210050114053,28.278495779265203,1.9045861893511435,1,0.9562329887393128,1.0,1,0.0,51.61045297617325,7,0.0,248.7592073165311,0.0,0.0,1.0,0.15168489476432567,0.0,0.0,0.4373565454026828,3.0307680024385624,0.0,10.963860372500221,0.20828095646701467,730.5484109214651,242.15655696949432,93.3439335109716,7,12.499481427672702,1.8153640035546523,17.962583050598568,False
1,9.089015174373953,4,2,26,8.686253292056097,14.346156422587935,0.3022457940524541,6.008406240318598,0.0,5,1.0,38.40451975331081,11,0.5024825251432292,586.4928434581255,0,0.0,14.490586380667649,0.0,0.0,10.385007527022992,0.12620888498204513,0.0,0.0,1.0,0.9854977686517961,2.4766037750203367,2.0,0.49307713880559456,64.44939352553541,88.58469642066517,24.133527072661995,9,14.36408033993084,1.5037731890871842,4.43299246958788,False
7,27.16645384809368,1,9,11,4.698605164091199,6.116538313377014,0.6768216551698332,23.00739339221311,0.0,5,0.8229893779428259,11.08167227773664,1,0.9335597304143721,139.9983562665999,2,0.0,21.971856793821754,9269.584328648789,0.5293835518892345,1.0,0.15603949187682917,0.0,449.6082566305374,0.9748026258596337,1.8525699892728185,0.0,30.648967177076397,0.2709709614916372,119.34507207163855,83.94887511809662,66.58962910233707,13,53.56535797381405,2.831690566834933,34.9182528770109,False
0,1.0,1,0,0,0.0,6.116538313377014,0.9148818031559015,5.5132024181741235,0.0,1,1.0,7.329795470773684,1,0.0,15.946409194231816,2,11.042397406746877,0.0,0.0,0.0,1.0,0.32580282303782404,0.0,0.0,1.0,0.0,0.8622195689403739,2.0,0.01,0.0,1.0,0.0,1,1.0,1.3996052815537428,0.0,False
0,3.7190330725280694,0,4,0,7.6872315490943635,4.950017324684398,0.3252321797375614,5.8247953354312285,0.0,4,1.0,10.719482571577855,4,0.27948798509077755,0.0,1,0.0,15.394592578093217,0.0,0.0,1.0,0.17104431246117835,0.0,0.0,0.984175831663853,0.0,0.0,2.0,0.07237936980760537,6.988987126556781,1.0,5.26868579713943,14,1.0,0.0,0.0,False
0,8.134154299267122,3,1,11,14.619879116188113,4.315431830799732,0.7014565416170067,7.976091745608361,1.9459197354703757,3,0.7977993286868751,20.60480130713308,1,0.3849014843220265,31.556482302124103,0,26.27029361987268,1.5087564497511572,24407.328986296096,0.0,1.0,0.0945389286518036,0.0,0.0,1.0,0.0,4.287109793527632,2.0,0.01,59.01179744420749,1.0,31.7057732182075,1,53.91870931610832,0.0,0.0,False
0,1.0,0,0,4,2.4852351022924566,6.116538313377014,0.1856622793408352,6.902512370377155,0.0,11,1.0,9.08824815144552,1,0.8535080535796241,0.0,0,0.0,16.167722915427678,0.0,0.0,1.0,0.1820172688654773,0.0,0.0,1.0,0.0,0.0,2.0,0.11228852570622166,0.0,1.0,27.083751092715143,11,1.0,0.3563331066346802,0.0,False
17,14.088014263599973,5,2,4,5.980260231587215,14.346156422587935,0.725235172481353,19.13422683581817,1.1995671255628313,3,0.786444257312806,12.22610067459792,4,0.7722597439228761,8.700759289475085,1,0.0,22.144977263284993,396450.52997125825,0.4140925851104596,1.0,0.1820172688654773,555.7601723483656,247.08480033207042,0.5091856864353769,0.0,0.0,282.33275627354,2.0,113.49016524350802,196.42349189894864,130.72615963229762,10,2.5660621220699085,4.030495710445799,36.16632009955212,True
0,39.78527095043018,2,3,13,0.0,5.97368472921796,0.30020765623185075,7.257707665881772,0.0,12,1.0,68.82134897434366,8,0.0,6.185067232682561,4,20.638394051713245,7.770362415428203,0.0,0.0,1.0,0.1368897243350149,0.0,0.0,0.6299080080525109,0.0,1.770146227279084,2.0,0.01,19.425412018791512,8.022076167919138,16.635734659480363,2,1.5739540327461938,0.0,0.0,False
7,1.0,2,0,7,0.08023558113369944,6.116538313377014,0.6939780440921316,0.0,1.8483023719186629,1,1.0,5.174077225324635,1,0.0,40.59156156715777,3,14.123047879710446,25.554991110018108,16216.67798851333,0.0,1.0,0.16650866252589713,0.0,0.0,1.0,0.8217313650558973,0.0,3.647960204716688,0.2594183624486594,0.0,99.34652954461708,9.877398517072526,3,4.080662188542419,3.1160655673638376,106.12142654715083,True
19,40.42516399049202,6,8,2,13.65314314682059,20.96850575160517,0.843842837115425,6.3428194273113006,1.7515233257927332,2,0.6693344769212364,209.47854546066955,3,0.02542616812736371,96.02880698417836,2,14.548626604211343,42.233733753673704,24065.025027048923,0.2605452028474924,68.65130930806447,0.12123702296730085,0.0,192.1605172253436,0.18661847026208966,0.0,0.0,18.996820436858943,0.178257105744221,61.40638551868508,48.127205215963436,107.69643987270986,24,20.7157208462241,57.81846745678206,42.25097404691488,True
2,1.0,0,13,0,3.1257438615627726,6.116538313377014,0.5628820823219819,6.361937829952122,0.0,3,1.0,1.0,3,0.05201588684422566,0.0,1,0.0,17.648691618259328,417.90352141129915,0.1669893811355494,1.0,0.1820172688654773,0.0,0.0,0.6734256265158218,0.0,0.0,2.0,0.5494431684487822,0.0,1.0,27.491504545670107,1,1.0,3.8908330783409064,6.59643397746831,False
0,220.9103449575182,7,0,33,11.343854993624278,4.049548507342049,0.3489394701462405,8.11751784464927,2.563760819561833,8,1.0,21.083338961648888,34,0.0,18.23728978648051,2,7.126487729342649,0.0,0.0,0.0,17.159578626081867,0.1127159024450273,0.0,0.0,1.0,0.0,9.227278652919894,2.0,0.01,95.64298539277263,1.0,3.429954806122409,11,1.0,0.0,0.0,True
0,1.0,0,0,1,4.437468605990974,6.062709154292268,0.4381638394509489,8.11751784464927,0.0,1,1.0,18.412596482656316,1,0.7972079951662662,18.21414114508568,2,0.0,23.98206726326938,0.0,0.0,1.0,0.1820172688654773,0.0,0.0,1.0,0.0,99.05140603498478,2.0,0.14230949037705798,76.83738007455811,1.0,17.269677949390687,8,1.0,0.0,8.888882677085743,False
0,2.216714871301865,4,5,14,33.58182276204437,14.346156422587935,0.31228669535403797,18.201058829684477,1.7515233257927332,1,0.9053656199049214,44.89205623417286,10,0.0,10.34137995864694,2,7.907098575375974,15.034177522939881,4992.480156651665,0.04989027158784298,1.0,0.14171366708905148,3651.1974149093166,0.0,0.5402326609937853,0.0,15.945890327734645,16.63421069068631,0.01,2733.0,1.8622129276087946,5.271823703576111,10,43.374914967096636,1.0137005611468732,25.359202497436087,False
0,1.601174863752311,1,0,0,5.969366393002374,6.116538313377014,0.5082680916790885,5.265294422110879,0.0,3,1.0,16.59190817554434,1,0.0,5.592490708478189,6,0.0,4.604314501715595,0.0,0.0,1.0,0.1820172688654773,0.0,0.0,0.9813136931570574,0.0,0.0,2.0,0.06051344100221929,10.108129942217811,1.0,7.70721442452129,8,1.0,0.0,0.0,False
0,15.372829882723721,22,0,36,29.33848407218526,6.116538313377014,0.4169345423049423,18.362508589994867,0.2579496265625325,1,0.47581025108109914,38.44645371682945,5,0.0,42.84746660460716,7,0.0,54.242065801235434,0.0,0.0,97.87552041770084,0.059408550608270806,784.9133835346449,0.0,0.15593836455402016,0.0,11.402638605806732,2.0,0.2116463131948754,3.9223708483769233,1.54859974470547,19.20436747555994,12,7.108293443553372,0.0,0.0,False
4,2.6174813159704233,0,0,17,0.0,13.30447326181984,0.3911663515409855,2.3894475323522975,0.0,2,1.0,1.0,1,0.028898549785127247,6.745968551908686,0,0.0,15.496865307509138,17398.443528873446,0.0,1.0,0.3352748349847883,0.0,509.7749989744053,0.9665412806851128,2.1686613146385416,0.0,50.553529702842354,0.3986439832121683,10.416613284854838,2.7522183547424675,7.025322768381106,6,1.0,3.5930479506134496,4.9926527863692725,False
1,4.414749235826911,1,3,24,7.846992073627574,6.116538313377014,0.5604637216954893,154.0,0.0,13,0.5934601435298692,239.88411981639837,4,0.0,37.88145182660507,3,74.3995015718998,11.693540582661035,0.0,0.0012522355672429653,51.22743202491483,0.6884466490007162,0.0,0.0,0.5156799868687528,0.46428402770332466,0.0,9.112059400174125,0.1303914902421136,191.6105099766795,82.7904887588436,19.84342602399879,6,1.0,51.19574669572989,8.518876221992636,False
26,10.850974000196207,4,8,9,39.25855229121696,14.346156422587935,0.2523209027450661,8.858613306316416,1.1995671255628313,2,0.9983771594149883,49.75089858235318,3,0.028204273540179403,2.9288342947585164,4,0.0,42.233733753673704,37361.83954600054,0.7052365972828611,1.0,0.1562995910730965,0.0,2119.689598915077,0.9426509333783113,6.947196725516038,0.0,42.20136849167113,0.2536468946673635,35.00192609106013,161.43287336530344,787.0,46,6.7854980909063425,65.57248069387201,52.21887563241391,False
0,45.91905537610052,4,6,6,63.70048704300319,14.346156422587935,0.803049438705298,3.013673895477065,1.8603215804000073,27,1.0,22.730914165591255,4,0.6517974236739796,77.59434072068528,2,14.836463813684752,42.06133903371628,0.0,0.0,1.0,0.1713693942504908,0.0,408.60370542502324,0.4731692377399514,6.224875067098614,0.0,26.0153471565323,0.01,89.1438315705975,78.5455844853242,59.58059275443534,23,1.0,76.4780215842797,381.2192284894826,True
0,2.723042752874352,2,2,8,0.0,6.116538313377014,0.18615450812752546,13.224979434207,1.7515233257927332,1,1.0,5.402877884188343,5,0.7626019851449524,0.0,2,0.0,281.13,0.0,0.0,1.0,0.1820172688654773,0.0,0.0,1.0,0.36343233990933116,0.0,69.1522689114004,1.155787972417812,29.380504697288735,1.0,12.885846937260453,15,1.0,0.5714146862132136,0.0,False
1,235.0,4,7,35,36.767932545479084,14.346156422587935,0.25724571796859685,8.11751784464927,1.668993182723434,1,1.0,38.67860508877233,11,0.487483552497615,23.621736668376784,4,0.0,129.38164795556312,0.0,0.0,1.0,0.1820172688654773,0.0,0.0,0.9697882317169622,0.0,0.0,11.45346600390778,0.01,136.62900425776994,38.11730103329025,82.68526811343244,14,1.0,0.0,32.595425633856856,True
0,4.045801712436503,1,0,20,3.772915593439991,3.75417066365687,0.3380876795462456,4.482981074363947,0.0,1,1.0,25.917996400134395,15,0.0,13.518272888418448,2,8.661383867798577,4.091334671558894,0.0,0.0,1.0,0.1046277459735912,299.13069854835584,0.0,0.9944184878104091,0.0,0.0,2.0,0.015536224137740473,9.565944795988418,1.0,13.129511903109966,10,1.0,0.0,0.0,False
5,1.0,5,3,10,0.0,5.976678898375466,0.5932365246598112,3.2135279510922112,0.0,2,1.0,3.919356141919102,1,0.009338316496590329,2.0862456340417275,1,0.0,5.648646183681479,3294.3520615016005,0.0,1.0,0.1820172688654773,0.0,0.0,1.0,0.0,0.0,11.155870259831838,0.1452259562560638,19.74129091685603,22.101817448947003,40.15084403706518,7,3.6376517722138857,0.9492540777499152,14.816935876844397,False
4,25.92314725943975,3,5,9,24.16912334682695,6.116538313377014,0.2233922090266753,56.7275309688563,1.8773697613702318,2,1.0,70.96858560755632,4,0.19526237228485932,24.007563771693423,2,19.26846612570094,40.30156844568755,114809.47428836912,0.0,1.0,0.1200766509779706,0.0,1485.5722886908106,1.0,4.320801739385122,2.8556624061112412,15.663721778854226,0.13854871918713915,104.23167196345915,131.56473023322474,85.29129799309523,16,24.33191689373222,30.538796416783946,0.0,True
10,11.917751464233632,6,5,5,8.855306849608002,6.116538313377014,0.10162131350781942,13.052679084120204,1.7586941703763483,3,0.9744022955826073,20.613840983866222,5,0.6960704893674341,28.92528255735818,2,47.92160098800132,20.75876257088376,17475.733159274205,0.06462482887522492,1.0,0.4371696761346864,0.0,2173.0324197996315,0.1353971497244449,1.839265331234179,0.0,29.060246089146794,0.36134534202983243,116.89906732125536,88.13209248167314,156.55862958386044,19,19.022896863917893,17.75223051586157,67.18206848154625,False
6,234.4389167884938,4,6,23,10.06141786165351,14.346156422587935,0.47533352026473175,10.938190039059196,1.724171644111741,1,1.0,40.15139283588443,4,0.030148973163556046,5.414494396364843,3,7.886791363631582,20.60841158191221,7358.3964716370465,0.0,1.0,2.0,0.0,0.0,0.9323367449101964,1.0450792902846193,6.341316165182182,13.542714570608956,0.05370353839776733,131.64286407578393,1.0,23.991435667131086,21,1.3581849082301076,0.0,27.369383547581283,False
5,4.422464479436746,2,17,10,22.891426556596723,6.116538313377014,0.6766108897105321,12.75270665483869,0.0,5,1.0,9.20309749269625,4,0.6876019626183414,19.834818264123296,2,13.135375887924967,13.062081233046815,12070.186271007185,0.0,1.0,0.17839490585829448,0.0,0.0,0.9701750244754656,0.0,2.6279472696433146,14.80275078019421,0.07279418536999367,67.87425094845975,96.96549274400306,19.5682523751625,23,1.0,29.403591665914533,41.348659778787734,True
0,12.92542463622528,0,0,18,3.112076032656625,2.6129245009741258,1.0,5.928424047278709,0.0,8,1.0,16.76283010688719,1,0.0,21.377872994564253,4,16.801820759317184,0.0,0.0,0.0,54.25928258712004,0.22965780966925847,0.0,0.0,1.0,0.0,4.324600974244306,2.0,0.05561523579403415,12.295043516824336,1.0,8.349122411153655,8,4.976270785238345,0.0,0.0,False
17,6.102819450207955,3,5,2,2.6057618194396746,34.64593185163385,0.5033305128903298,2.2987534670943637,1.9263227523202817,1,0.6032536651117156,1.0,7,0.0,13.563816960517565,6,14.556611212286413,8.934560388273693,0.0,0.1250851338600391,1.0,0.6590745701064759,0.0,811.4743555335945,1.0,1.5676588147740795,0.9483739684779087,16.55295175739738,0.21887711538797744,41.166090946283404,81.03724469291764,32.23095111380516,17,12.108813473785375,52.76137617619207,39.002613187964386,False
62,2.384081977689438,0,15,0,21.025820595508833,14.346156422587935,0.2893873786405161,7.836932412727798,1.1995671255628313,2,0.7761486536364604,1.0,2,1.0,0.0,2,0.0,22.144977263284993,223249.20319874433,0.3311911683442975,1.0,0.1820172688654773,0.0,3002.2279330744996,0.02,9.383256488510913,0.0,45.87877278460245,0.5361793911992949,89.61859816316343,246.76604104397973,73.28708155133566,17,15.32235599606474,90.87241880127122,75.95921916416151,True
0,1.0,4,13,4,9.224223425235744,14.346156422587935,1.0,0.9653548394668103,0.0,11,1.0,15.60519413814595,4,1.0,4.096424338349282,3,0.0,68.26202119782637,43455.85851483533,0.0,1.0,0.1820172688654773,290.9436867566292,0.0,0.9632100291119658,0.0,0.0,81.20693087921573,0.09916531075001857,0.0,1.0,26.78836629308367,11,1.0,2.725230154924911,62.78705253218661,False
14,1.0,1,3,0,0.0,6.116538313377014,0.5122914067865405,0.0,1.1995671255628313,3,0.5501727921918991,3.906170643553006,2,0.6723513466278319,20.12355143917953,2,51.81967663210757,19.818615811206698,827619.3774040338,0.2412882814932985,1.0,0.17985593886577927,0.0,5760.996139257708,0.9811693923127566,116.40338114184442,0.0,31.245529355392698,0.2037514872187856,124.67844189002045,241.75043254686128,70.30637720533562,10,51.85849085426146,4.984244032786731,61.442738954001925,False
18,4.031677226225005,2,4,0,38.87970352348137,2.669814278628111,0.34556509011383507,57.355760649023225,1.4560153419438142,2,1.0,15.620814570704162,1,0.17269148158419062,1.2674139574385421,4,75.10909195336819,7.931132458006361,71297.04986902754,0.05364744690872014,1.0,0.109309036044409,120.84614791474434,0.0,1.0,0.0,0.0,2.0,0.23398856345657884,18.107551625795438,49.85418451590846,531.9825384170701,33,1.0,0.0,6.812628208511979,False
0,2.8655034071814565,0,0,15,4.689773684700915,1.1511694648728037,0.4359307554588215,4.057734410121663,0.0,3,1.0,1.0,2,0.03289290954065164,2.4883122013914365,6,0.0,10.251284721594434,0.0,0.0,1.0,0.46085188104809033,0.0,0.0,1.0,0.0,0.0,2.0,0.24383922949677544,0.0,1.0,9.532812092827589,9,1.0,50.773222928571485,0.0,True
0,2.5960144764814177,1,2,36,26.078750828613522,6.116538313377014,1.0,4.93275142042669,0.0,1,1.0,57.440364273718274,5,0.20957536693711748,9.340335311916045,0,6.922627346747834,20.383576060870364,0.0,0.0,1.0,0.31723068210630484,0.0,0.0,0.9566724810078968,0.0,0.0,5.436674742714812,0.1294636604424349,0.0,32.61946287962803,15.058101002425156,31,1.0,3.3329717868811355,0.0,False
26,18.653161099092948,8,3,14,29.584671866853853,14.346156422587935,0.435416563843212,13.661376333989995,1.2025887484035016,1,1.0,43.22749310536212,3,0.0017926133710974225,43.8360865340402,0,15.169236046804361,42.233733753673704,488097.15471817827,0.16655274828432656,35.93910014496653,0.112878968162388,336.045149457606,981.0418658263684,0.4925814243887572,2.892221041504328,5.214982613961727,32.04577052491233,0.3812136851083912,86.65667885284024,141.91930512661617,61.03449160827996,19,891.0,43.205954722462884,60.30210104734245,False
0,3.344248718077658,1,26,0,1.0880766417199879,90.15292957204908,0.2224913814733631,154.0,0.0,2,1.0,4.917249922865788,1,0.0,0.0,2,6.435639013348924,18.334012187611155,0.0,0.0,1.0,0.1820172688654773,0.0,0.0,1.0,0.0,0.0,2.0,0.35615685302335187,0.0,9.054123316759723,7.627334026860931,8,1.0,0.10375958558004551,1.2100994502513789,True
0,1.0,1,0,27,10.673218065677517,5.630429238887366,0.7320072307153662,8.893893882982718,1.9032524486318914,18,0.8718217950068535,14.612604999351941,1,0.5650927438085633,19.73009424207816,6,0.0,25.434285052629953,0.0,0.4735704741333227,1.0,0.46593521131855936,0.0,0.0,0.9578386035014484,3.5954657697959878,13.789039261083147,2.0,0.13267457678012945,10.489387157603382,9.03426092983635,62.415256883882094,6,2.4674431825034375,0.05253593852618986,0.0,False
0,1.7858162771103356,2,0,38,7.013308468710212,18.465944759289254,0.3707922746724899,6.715464173134974,1.8846933813925562,1,1.0,14.764241576949917,1,0.0,15.500805214197612,4,5.357085836532846,0.0,0.0,0.0,1.0,0.4532272533798146,0.0,0.0,1.0,0.0,0.0,2.0,0.10579945949402796,4.572763752912639,1.0,8.620846509300405,19,1.0,0.0,0.0,True
0,1.0,1,3,20,19.25879588800813,5.865315195667096,0.6369684880948945,2.289303318501662,0.0,4,1.0,1.0,7,0.0,47.648210658905654,2,46.29553855619344,0.0,125992.36985779737,0.0,1.0,0.1464872268634583,257.21473453589545,0.0,1.0,0.0,1.3994435467808577,2.0,0.3125987428590298,41.75308798802562,208.30899673801284,5.662854016073947,1,24.483807730473853,0.0,0.0,False
0,1.0,1,0,13,0.0,6.116538313377014,1.0,23.609975374377115,0.0,1,1.0,13.437706387003828,1,0.5542469624988282,13.988388370849764,4,0.6793202368193292,14.63798265155107,482.33756248751797,0.0,1.0,0.1820172688654773,0.0,0.0,1.0,0.0,0.0,2.0,0.01,6.140475338901441,1.0,18.918466215577617,1,1.0,0.0,0.0,False
0,1.0,2,0,2,0.0,4.782237633011728,0.651890021275763,4.392966429588672,1.7707822607949908,3,1.0,1.9168141729577757,10,0.0,0.0,1,7.653615024710758,79.12664307040765,0.0,0.0,1.0,0.16164168431009351,0.0,0.0,0.9985068887703017,0.0,0.0,2.0,0.01,10.905208556888013,1.0,5.994876454033661,7,1.0,0.0,0.0,False
0,1.0,0,4,7,10.537346498291114,5.978733130896513,0.3778020458116362,16.906735169894752,1.836642455865816,1,1.0,42.20070414183763,5,0.0,22.35801657091733,3,0.0,7.128019053378527,0.0,0.0,1.0,0.1820172688654773,0.0,0.0,0.5719244028110133,0.0,0.0,2.0,1.1960695230607374,155.64025630730475,1.0,28.561948560406915,11,1.0,0.0,0.0,False
0,3.2497997246635206,0,0,0,18.620970492741954,6.116538313377014,0.9148818031559015,6.631821388015331,0.0,4,1.0,47.11275350301497,5,0.6269413982379781,27.142541962343877,3,20.68357579922364,0.0,0.0,0.0,1.0,0.17275141758537443,0.0,0.0,1.0,0.0,1.3134892299985719,2.0,0.04618521545623659,22.57502254451295,1.0,7.93576002978442,2,1.0,0.0,0.0,True
23,5.067127242163089,1,2,3,0.3527068357376564,118.0,0.18929167752554948,18.531878062637325,1.7515233257927332,5,0.8368228050857744,40.253268708297725,3,0.0,28.180236451297308,0,7.317088366006399,42.233733753673704,21480.686231056457,0.0,1.0,0.1329886768016664,0.0,295.13547261072404,0.8931120466927212,34.57728465438603,2.8112392597407565,14.189587230903111,0.14528773214692725,73.63927404027454,2096.2201248574816,25.376597699992242,11,52.68304270209908,20.13047210513529,107.13809568605318,False
10,10.996565154633442,5,4,9,11.227394358120291,3.624014992155658,0.7025431667348279,11.72884210927064,1.9680103887283025,1,0.4909883760410123,23.774342786227688,7,0.548087479563772,58.59124458922685,6,78.9595521865393,23.318025762522545,2111.6551687825317,0.0,96.76702555464246,0.10137807314818562,513.8899414751643,1157.5349766464274,0.8098026446115226,3.0959171986661462,10.099301955773683,33.923116919290734,0.0804275064512521,81.32044999282992,149.10490153313378,28.78449359166536,16,49.1503049470467,6.735979860633839,15.995171860976143,False
0,1.0,0,0,1,4.613280636221894,14.012768354808,0.24409809742118044,4.376581160813336,1.925478444666618,3,1.0,11.641894662193906,3,0.8878265965874955,69.74007836551827,2,0.0,84.82220658548621,0.0,0.31586503016332573,1.0,0.15225849294951854,0.0,0.0,1.0,0.09683279904053954,5.7679786938434585,2.0,0.08761667932545007,36.46051318825239,43.81367325505937,13.452315383758211,6,8.716556867073656,2.125250869228143,16.346869546586746,False
0,3.6507411871406763,0,6,1,1.5843909227915352,2.901908671195626,0.24141559535184776,6.672919762525012,1.7779669726993164,1,1.0,1.0,1,0.017596371823554433,3.281247534572162,3,0.0,14.171486183444937,199216.17037850196,0.0,1.0,0.1735306141475236,0.0,0.0,0.39061251733299795,0.0,0.0,2.0,0.22443074742708413,0.0,1.0,177.66838745672976,13,1.0,0.3126204051662066,0.0,False
0,2.0033230430879843,2,6,0,16.13571912862666,4.221427394958852,0.3077637449482263,10.458264532165051,0.0,1,0.9628764119647744,1.0,10,1.0,9.175570941851735,1,0.0,22.144977263284993,9862.236617849287,0.0,1.0,0.10881392637920165,0.0,1320.1945981986632,0.9913067418886002,5.912910992822743,4.7122515355114505,35.4555053290906,0.5361793911992949,106.45083815944332,110.86726403432513,67.5230563938413,14,39.86703277174815,41.41010880571568,6.264357402490061,False
0,1.0,3,0,0,0.0,6.116538313377014,0.3379255007566223,5.314179823294209,1.7924915437889615,1,1.0,8.368265852426052,4,0.0,0.0,2,0.0,7.476272882307173,18606.980613653068,0.0,1.0,0.1820172688654773,0.0,0.0,1.0,0.0,0.0,2.0,0.08039360965964074,38.43426396146347,1.0,12.632125838167362,6,1.0,1.583288812787287,0.0,False
0,6.341723549211257,1,2,6,4.359211517270158,90.15292957204908,0.609934189019416,154.0,0.0,13,1.0,47.188841327261734,1,1.0,12.294211259521457,1,0.0,40.514283376455545,7175.4475587092165,0.0,1.0,0.16520572226539149,0.0,0.0,1.0,0.0,0.0,5.353508313153613,0.2081805387171098,11.503006036680283,170.12654029564703,16.502361776485863,4,1.0,2.1253379174222387,0.0,False
30,1.0,0,9,0,0.0,6.116538313377014,0.26907468224494674,17.569340416812587,1.1995671255628313,2,1.0,1.0,4,0.014363748188011116,13.60785967909251,2,0.0,19.210114169628106,5576.182560944422,0.005402025887665973,1.0,0.5313265091601039,0.0,689.0493967954911,0.9793097758842668,13.921162075722691,0.0,23.95271570345806,0.7160964822890261,60.94971040090421,2.537723986428361,37.45074977228491,7,1.0,4.523396777319855,7.208424575311296,False
3,5.065084979956373,1,0,0,0.0,6.116538313377014,0.5041285655494417,3.625271596779001,1.8600127710811112,4,1.0,5.594681826349638,1,0.6211500328877279,0.8510134401375122,2,0.0,16.307678124577436,0.0,0.06336410553977705,1.0,0.1254986420490687,0.0,0.0,1.0,0.0,0.4957339324521497,6.814860433844089,0.23396101730527386,4.942913559662076,1.0,22.566749309098363,11,1.0,16.961954414772514,0.0,False
9,4.8340300777239005,2,10,0,0.0,118.0,0.32862403024078046,6.691667709429218,0.30954677537353215,2,0.3967450341878717,1.0,1,0.5630624932342204,0.0,0,39.61233277747695,41.74735068677907,9513.440870188397,0.5574660941729849,1.0,0.10971913177166889,0.0,2642.797666381247,0.9676981068687154,5.658503712520753,0.0,12.05671859539338,0.40305085369577665,218.96716735266443,182.31349927691986,63.12122276245802,19,17.91388595671518,93.94,160.46751539461906,False
33,1.0,0,0,0,10.97081870840525,25.431807839146515,0.3818365421034258,2.448133766929751,0.0,1,1.0,2.8535512426897505,1,0.009425104494914266,2.6936394017128062,3,5.575378978676124,18.90162775391007,20519.906030691534,0.0,1.0,0.33924530550589255,0.0,250.25615933676693,0.960102646012369,0.0,9.434883233396413,5.4560651414746175,0.0869167006618661,0.0,5.776976223906406,9.002116381031481,13,22.713590401782614,3.73282413747965,16.02863009337825,False
0,28.191719959327454,3,0,17,65.12582227413117,34.64593185163385,0.5976443897905244,53.83313881991383,1.900357437044948,1,1.0,21.23672917863198,9,0.0,191.3254260508677,1,90.72303284802638,8.776588479200667,0.0,0.0,1.0,0.17704192026633267,0.0,0.0,1.0,0.0,3.144181248148106,2.0,0.06639756319964656,82.47937596536525,1.0,54.3027989689365,4,40.89703023574022,7.558101721298462,0.0,False
0,22.946750800109072,6,0,10,9.3906588639796,1.0,0.3341829294553661,19.81252224332588,0.4573344177761409,1,1.0,336.3834830295359,1,0.0,9.486230459212784,3,0.0,18.321220260536762,0.0,0.0,857.1031270224133,0.09456130395124676,0.0,0.0,0.9607863813260469,0.0,32.14180002982417,7.533388120382785,0.15885730211295274,86.1548993652675,12.62844412507549,18.7973903980504,16,15.912765631781554,0.0,0.0,False
1,4.815916250595295,1,7,5,2.696638584912187,5.78446786860736,0.49879811305267724,5.821276260053278,0.0,1,1.0,50.262534108311044,1,0.0,12.891182128581644,4,32.40323109653114,12.482272542579276,8778.57913280645,0.0,4.012479008438085,0.10919002607351355,158.63734534179957,0.0,0.02,0.0,12.694031979479533,97.31012849378769,0.1104855633395372,23.74934282126632,7.150303877364706,7.55212775013199,10,5.47591279728338,0.01831049033626042,25.189558280743924,False
0,1.0,1,0,0,3.4858825619192957,5.885003260768203,0.2550660071990336,4.866698399636389,0.0,1,1.0,5.178038341639195,1,0.0,4.34115628787654,2,0.0,6.183640148906649,0.0,0.0,1.0,0.15703962778729627,0.0,0.0,1.0,0.0,0.0,2.0,0.04631981648465032,0.0,1.0,1.597960976726652,5,1.0,1.0473817816746613,0.0,False
8,25.92314725943975,3,8,5,45.005244663601744,14.346156422587935,0.5242134964623124,18.362508589994867,1.7515233257927332,4,1.0,50.77453376283505,14,1.0,41.47929311940002,2,0.0,75.97246266954772,17742.621033737265,0.1605126262021171,1.0,0.1761648277543989,0.0,1715.3057602731592,0.39293785555945354,10.019319110742703,0.0,34.89124363727484,0.5070057905859331,80.8287008098315,71.57269144734282,73.28708155133566,24,1.0,4.485824580937778,75.95921916416151,False
0,19.19995485718082,2,9,4,30.757120556142596,29.877191088385374,0.12979217026628703,56.7275309688563,1.6655814549577665,2,0.7123662335530456,17.003784135969145,4,0.017722143766625457,48.96019528167051,2,35.404731787681484,23.770630700013882,0.0,0.0,90.65586028200198,0.04289111345899454,0.0,0.0,0.6797125575330322,0.0,0.0,2.1563746983752194,0.07685809585011397,50.70750980573601,77.12289711254542,127.25816906579577,18,28.794817083800936,0.0,0.0,True
5,1.0,0,0,1,9.334664917958207,14.346156422587935,0.3630259251902448,3.1562160449529824,1.8046931340598427,2,1.0,1.0,10,0.0,42.357005790055155,0,0.0,6.597769519359882,35073.78282483805,0.0,1.0,0.15001649439706252,2411.011267009044,0.0,0.5269469730839985,0.47207300137123903,0.0,14.20982025890667,0.33406441765844674,78.57291497264144,34.21618395636769,64.53977698653046,1,5.049532092826847,2.8616059726956187,0.0,False
2,1.0,1,4,1,3.6824828234288627,6.116538313377014,0.6528266525045185,4.304475995862266,0.0,3,1.0,11.140069405159121,1,0.0,8.303807868619046,1,9.34802772097847,7.207186879112577,19903.82948115012,0.0,1.0,0.6590745701064759,216.35607136289832,0.0,1.0,0.0,2.0444571444897064,2.0,0.2199898039676229,21.196393687490957,42.423486942297835,12.485703567199943,6,12.66945751157471,1.5382088272971366,5.752987414220128,True
0,5.369581299141574,0,0,0,19.61895593098743,5.755264197642905,0.3810128790100604,7.500763202572186,0.0,1,1.0,507.0,1,0.0345808151718244,8.638522321171425,2,2.861003571763206,17.01583741100693,0.0,0.0,1.0,0.272429366664314,0.0,0.0,0.4747349137866369,0.0,0.0,7.238008229419277,0.1494560717272021,0.0,22.080091416564816,460.700960836813,12,1.0,0.0,28.76923661058712,False
0,3.5642382533210935,2,0,7,215.41909659660686,30.471134747868962,0.4919861455189654,23.556955305905376,0.0,6,1.0,47.94038451719624,1,0.0,216.8282792982219,1,223.5789262987243,18.579032980354498,26606.069142460678,0.0,1.0,0.01937978114100932,183.2888997681645,0.0,1.0,0.11622120352277676,6.221169566210517,11.19696456842013,0.01,94.52533123022532,1224.0879726826274,386.94433120204855,68,76.75699548371142,6.8450945148942175,2.9925051851224467,False
0,11.005909765216554,3,1,1,2.6799079557868026,6.116538313377014,0.6741564150196223,3.493091790118707,1.7134222212359054,5,1.0,7.61963585356824,5,0.022254207664157994,23.410631543514775,0,0.0,24.004947034039436,0.0,0.0,1.0,0.1820172688654773,0.0,274.2856463971848,1.0,1.1304206945565891,0.0,2.0,0.04542095444483138,11.762477858551982,3.756654437054543,41.45637183988797,7,1.0,3.8584351520907623,23.34896021502648,False
2,15.37323663897968,8,2,78,2.7913631451944227,4.266745267470114,0.3364273069784459,7.189447706158273,0.0,4,1.0,13.702355020559466,1,0.24392348672063277,16.698779329250264,2,17.802888566613348,12.10483865041018,0.0,0.0,1.0,0.11915847916162284,0.0,0.0,0.6105134495946144,0.0,1.5285165595052264,2.0,0.01,14.211042488774758,1.0,12.514540035389851,7,13.837691301393296,0.0,0.0,True
0,1.0,1,0,9,0.0,5.842551293139962,0.6699135887116472,3.1612417391967407,0.0,2,1.0,9.584056931146279,1,0.0,0.0,1,0.0,10.52424785665016,10518.2185125853,0.0,1.0,0.27827691395892973,0.0,0.0,1.0,0.0,0.0,2.0,0.1912115954913049,212.27669625626277,1.0,32.376869277332375,4,1.0,0.47837349843013577,2.9043578376613537,False
1,27.293721487361346,0,6,22,7.481571038026512,6.116538313377014,0.4416003467911329,0.0,2.914980260353696,8,1.0,8.815561029147425,3,0.6370957679061369,14.41712199091975,2,18.439984324594356,13.762202526095965,14253.296385018275,0.21148064504347147,1.0,0.1151577006340685,1589.4385360547412,557.0040739879869,1.0,2.4901693001701535,65.49502555151227,5.028104548522247,0.12574817303074326,7.205188032852352,71.09470856479558,15.937264013487486,14,9.71555046378189,1.9759509825534831,79.85757203284336,False
0,1.228083906050611,2,0,2,2.833794593408582,6.116538313377014,0.5123377861423465,39.44812924381436,0.0,3,1.0,14.661609802689455,16,0.00021093374445596308,0.0,1,0.0,14.949377003880226,0.0,0.0,1.0,0.6590745701064759,0.0,0.0,1.0,0.0,0.0,2.0,0.16338659126006896,168.13963066967634,1.0,15.48885040209313,6,1.0,1.7148620797413907,0.0,False
12,1.0,2,0,1,0.0,6.116538313377014,0.4324681823970118,44.398657332580925,1.541848453456869,1,1.0,36.6172217156186,5,0.0,76.29717814389281,1,0.0,8.602215435690411,0.0,0.0,1.0,0.0907775830502445,0.0,0.0,1.0,0.0,0.0,2.0,0.19067212763864191,338.9718449359499,1.1873410786553542,15.979230380184882,27,129.7942737640425,37.477670103171064,0.0,False
2,4.341242421740444,0,6,0,0.0,34.64593185163385,0.31372202134285654,9.214122703844714,0.0,1,0.6239184396315857,33.85379332825722,3,0.02147569911980799,6.85263142818803,1,11.785223138136582,20.72960741877982,39022.67107497193,0.0,1.0,0.13878994219392515,0.0,0.0,1.0,0.0,1.8944919209989335,9.72530585646303,0.41424118437507607,289.77809284991145,108.04803375073719,12.039631442680355,24,17.184404056043874,58.00051461933794,19.170509628677046,True
1,6.219144466951478,4,0,4,23.536956600915115,36.87239007421861,0.5980111673662019,8.515499116193922,1.7515233257927332,3,0.6402721074522022,1.0,1,0.030676102537773208,15.278915267155678,5,0.0,22.144977263284993,98717.96215231488,0.0,1.0,0.31085794733232763,0.0,3035.285209123311,0.9662800478261332,0.0,0.0,29.237721669426872,0.26700890482218176,41.9516460057816,137.4700877611092,13.007620290041562,13,11.075210246496422,2.475747677992267,12.358458031031386,False
14,19.9412771964475,2,4,6,26.77992949784066,14.346156422587935,1.0,154.0,0.0,4,1.0,31.029396995316183,1,0.30086623038756355,23.14743417118297,2,136.81130190435712,281.13,24628.8920188154,0.0,1.0,0.09683905774143581,161.4291694022641,0.0,1.0,0.31277248028386184,9.322259178110192,12.69774695553874,0.10758939748887911,111.67900720008024,79.83116921393417,25.112320032880508,6,71.05978359409227,26.43281246277332,0.0,False
0,1.0,0,3,0,0.0,14.346156422587935,0.5859130043618552,2.491545719020446,1.8307153811277965,3,1.0,15.956935125046481,1,0.0,22.129299109689132,2,57.111072710144995,11.771955694429948,17397.663056605874,0.0,1.0,0.2174270314478113,0.0,0.0,1.0,0.0,10.088143568576147,2.0,0.14730180172744822,20.11063196065131,1.0,39.046712173642455,7,15.94072813863605,0.9673892750301467,0.5708106151374626,False
0,16.926540476879705,2,0,18,6.2620524470504595,5.050772169002368,0.3296350057969045,5.229640632097432,1.8848582282202766,1,0.7207661307985573,16.26007842435735,4,1.0,2.8217076430381276,1,0.0,11.042214241395353,0.0,0.0,1.0,0.13912293669478198,0.0,0.0,1.0,0.8246509789535552,0.0,4.871323526610057,0.0919368508871869,42.67561312464018,1.0,11.601689211809553,11,1.0,0.3973286693040682,24.41520973250824,True
0,11.674721622984313,4,8,4,172.22099990787524,10.362345673047386,0.4828472615482555,15.546743083174025,1.9097505462945632,3,1.0,44.371653098351906,4,0.1262403764099053,24.096446173002715,0,6.65032240158693,42.233733753673704,7021.741525175473,0.448822422539741,1.0,2.0,6634.0659345357635,2346.006489775656,0.9814050901769817,4.789136015957658,90.95739974132437,12.104928624668737,0.10012822998062562,80.39357858234742,5.896774580469582,117.07121282944891,19,1.0,11.226726537586513,4.284236834459648,False
24,1.0,1,0,17,4.724484388528484,6.116538313377014,0.4791697209755492,14.326913000110249,0.0,6,1.0,8.435997248993884,1,0.0,56.59980386666098,1,24.641689684667725,6.07133954674722,0.0,0.0,17.980328641919243,0.15778763593446196,0.0,0.0,1.0,0.0,22.392720224195795,2.0,0.19444182822050318,19.200312180886396,1.0,20.819352675559077,10,1.0,0.2389393043080738,0.0,False
0,1.0,1,4,40,7.547181304961194,6.116538313377014,1.0,8.11751784464927,2.692042284951618,1,0.682488396103063,8.334648094066877,4,0.0114410880055168,2.7595183836395663,1,21.093235898011166,10.25940084004139,0.0,0.0,1.0,0.1820172688654773,0.0,0.0,1.0,0.0,0.0,2.0,0.022211950832124683,10.724520800632886,1.0,8.01900892473826,5,1.0,0.2980464004806046,0.0,False
0,2.155319392424122,1,0,2,10.849268243666671,5.750198510349236,0.4963911086838832,8.11751784464927,1.8454261077368763,1,1.0,21.888549567878993,5,0.0,10.300526753050203,3,15.06482766873793,6.69571902629293,0.0,0.0,1.0,0.1659925672926884,0.0,0.0,1.0,0.0,1.963952454511565,2.0,0.01,10.022284932218524,1.0,6.549387749872963,3,1.0,0.0,0.0,False
0,3.444393027849764,0,0,0,3.4551016408567765,29.729182208149517,0.27622497233471016,3.9096568256474793,1.8578347681748206,2,0.9700594347031082,18.17493096612376,3,0.0,1.7545169672921865,0,0.0,11.889331355884693,0.0,0.08852137842292074,44.222961934863754,0.21419714111095997,0.0,0.0,0.9889215709247033,0.0,0.0,3.8509049074954165,0.04220529576793125,27.767081996933385,1118.7748325196728,131.5076784814484,9,1.0,36.071732022843975,1.1870807938761452,False
0,5.192626593597124,2,6,0,6.944818506147017,6.116538313377014,0.28285709611087384,4.066571186040832,1.4495848022200906,1,1.0,9.430724330400494,3,0.0,35.12873976337571,0,13.020497190309642,88.77758914443646,9424.109763776683,0.0,1.0,0.5331305446594664,0.0,0.0,1.0,0.0,0.0,2.0,0.046455779500506694,125.10100453640979,1.0,13.224593508165714,1,1.0,0.0,0.0,False
2,1.0,1,0,0,0.5985257311831069,6.116538313377014,0.45077253737501566,3.171498492899996,0.0,3,1.0,7.821919297266856,3,0.44309195839877924,20.736014223794562,2,0.0,4.08723988887596,0.0,0.0,1.0,0.14464279435495392,0.0,0.0,0.5852692911524986,0.0,0.0,2.0,0.1439581578470463,0.0,18.524731258174807,8.409270044265751,7,1.0,0.4294991723444125,0.0,True
0,6.512321036003314,0,0,2,29.453030290631922,5.27781822252037,0.3937506408175424,6.426028441690575,0.0,15,1.0,21.079286522135863,1,0.3454687891249586,11.89334862442467,0,7.385948957402125,6.52016419495806,0.0,0.0,1.0,0.1750781217883151,0.0,0.0,1.0,0.0,0.0,2.0,0.1657310367625407,35.11068671380467,1.0,14.084392232354608,6,1.0,0.0,0.0,True
0,1.0,0,0,0,1.0173597911995569,6.116538313377014,0.305372783917079,2.6895156581503423,1.7515233257927332,2,1.0,5.455620577479394,1,0.10960761484568568,0.0,2,0.0,5.6762892999715175,0.0,0.0,1.0,0.1820172688654773,0.0,0.0,1.0,0.0,0.0,6.1497061552832495,0.5344124168806539,7.902122231581982,1.0,24.027686119942437,8,1.0,1.869350509314943,0.0,False
0,1.0,1,0,1,35.296213081108405,5.737547945245842,1.0,7.9574969320682065,1.929352239029259,1,1.0,2.9470708774100998,1,0.7170804907004825,2.843194190371479,2,0.0,8.951389105410822,0.0,0.0,1.0,0.16005164033961755,0.0,0.0,1.0,0.0,0.7397389965332417,2.0,0.027262825897784018,13.99385948570909,1.0,2.110052741801554,8,1.0,0.5076925065285705,0.0,False
0,4.346397453237717,10,1,11,64.85618899523999,14.346156422587935,1.0,15.56894119854551,1.856244466866889,19,1.0,96.61610863154549,5,0.0,43.202251757442625,4,10.536610696692314,27.56743073401624,0.0,0.0,1.0,0.6473374265517732,0.0,0.0,1.0,0.0,3.3328368772368995,2.0,0.01,254.26453141229865,1.0,18.21947108186989,46,14.608215766188586,0.6058300523887751,8.890405544490378,True
5,8.560991574925557,1,1,1,14.807369790842573,14.346156422587935,0.6545501963011078,14.176711532364632,0.0,2,1.0,184.30743998616924,4,0.0,124.71578470061448,1,48.09057915771639,35.0266065120892,26423.083382403278,0.0,104.83275034660281,0.08896324710529296,1190.9891967682427,0.0,0.47557156795792727,13.457995169135446,5.287760446588391,142.5065390619407,0.07426840120133724,270.4076158241357,371.6678324691811,49.57143837676953,4,69.36063024687219,1.2294848784436887,41.74836063952992,False
8,6.167549800323199,2,13,7,7.420881596397133,6.116538313377014,0.33467476861038953,24.234619356931677,1.2177623485747886,5,0.7888902977564618,207.68029586783192,3,0.2123912169230182,71.3635156848243,0,0.0,22.144977263284993,0.0,1.6591457892765602,1.0,0.17315017273811104,0.0,0.0,1.0,0.0,0.0,26.815193366811283,0.6328601969135353,93.90734788796884,43.808547076890456,66.57001890721799,31,1.0,2.6980828816364735,0.0,True
0,3.6432101123008263,1,3,12,3.4545251267649677,4.199464142082605,0.5790859891865658,4.24585320326232,0.0,1,1.0,10.214182321069051,11,0.008903313653248087,6.892412439314262,2,0.0,7.933157979007324,0.0,0.0,1.0,0.4671012076543629,0.0,0.0,1.0,0.0,0.0,2.0,1.0250616555678302,0.0,1.0,14.021430989907227,7,28.461924047975927,0.0,0.0,False
0,1.0,9,0,1,0.0,6.116538313377014,0.6191694598065359,5.990120518498243,0.0,1,1.0,20.399992839146382,1,0.0,20.758506867744273,1,0.0,0.0,0.0,0.0,1.0,0.1820172688654773,0.0,0.0,1.0,0.0,0.5806129643465512,2.0,0.01,7.148487633813614,1.0,10.204635672771449,11,1.0,0.0,0.0,False
11,13.70898206763984,7,8,25,0.0,3.8519060366850617,0.35260146011675175,10.524477646876925,1.9320800580963062,2,1.0,190.80559618297104,1,0.0,10.40702313156954,3,33.29655761702922,16.77054385998216,93221.71943886054,0.0,1.0,0.1672079098727015,0.0,0.0,0.6977896742476082,0.0,0.0,39.2506502161823,0.0577438183203588,104.09441007220573,65.4520930216787,39.45508397090173,16,6.780649151825217,0.0,0.0,True
0,1.0,1,0,8,0.0,6.116538313377014,0.23892738081437487,3.3448091467409222,0.0,1,1.0,3.9897816094002003,1,0.010864111232282278,0.0,5,0.0,12.73618649410276,3649.2797308250506,0.0,1.0,0.5331305446594664,0.0,0.0,1.0,0.0,0.0,2.0,0.3719758252698181,1.598905939719927,1.0,17.040427375847134,13,1.0,2.5914043002886364,0.0,False
